miRNA,352_E1,379_E6,388_E6,408_E3,421_E3,352_E2,380_E1,391_E1,408_E6,421_E6,352_E3,380_E2,391_E2,409_E1,428_E1,352_E6,380_E3,391_E3,409_E2,428_E2,354_E1,380_E6,391_E6,409_E3,429_E1,354_E2,381_E1,394_E1,409_E6,429_E2,354_E3,381_E2,394_E2,410_E1,429_E3,354_E6,381_E3,394_E3,410_E2,429_E6,366_E1,381_E6,394_E6,410_E3,437_E1,366_E2,382_E1,396_E1,410_E6,437_E2,366_E3,382_E2,396_E2,413_E1,437_E3,366_E6,382_E3,396_E3,413_E2,437_E6,371_E1,382_E6,396_E6,413_E3,438_E1,371_E2,383_E1,406_E1,413_E6,438_E2,371_E3,383_E2,406_E2,415_E1,438_E3,371_E6,383_E6,406_E3,415_E2,438_E6,373_E1,387_E1,406_E6,415_E3,442_E1,373_E2,387_E2,407_E1,415_E6,442_E2,373_E3,387_E3,407_E2,416_E1,442_E3,373_E6,387_E6,407_E3,416_E2,442_E6,379_E1,388_E1,407_E6,416_E3,445_E2,379_E2,388_E2,408_E1,416_E6,445_E3,379_E3,388_E3,408_E2,421_E1,445_E1
hsa-let-7a-2-3p,188,0,4,0,60,1,3,23,8,730,0,0,2,47,10,14,4,47,90,2,196,2,4,4,0,1,8,3,33,17,0,1327,3,0,0,0,12,3,4,205,0,10,3,0,1,0,2834,0,7,3,0,8,33,1,6,0,15,0,0,51,44,3,1,36,2,0,280,14,130,108,84,33,55,1,26,0,12,59,4,95,30,7,24,0,71,31,1,33,39,1,4,29,14,0,5,233,2,78,48,0,0,6,32,0,33,0,0,33,0,24,1,19,1,0,59
hsa-let-7a-3p,1,0,42,10,41,0,88,72,17,364,0,6,210,140,49,30,36,183,213,189,710,6,93,292,441,2,161,119,153,369,0,103,96,162,1,0,325,206,26,269,0,0,48,1,613,0,3169,13,13,45,0,4,87,68,159,1,28,7,59,20,24,164,49,3,274,0,895,62,113,351,267,902,74,45,97,0,38,265,10,168,40,65,16,31,70,174,47,67,30,163,10,117,408,11,9,122,93,313,105,96,0,129,889,97,93,1,19,87,91,57,1,14,0,2,58
hsa-let-7a-5p,13457,241,76,1,138,155,138,153,30,15018,12,38,390,662,384,3459,106,269,857,20042,125,11,219,1061,2588,155,25,37040,2769,1537,25,361,246,2334,9,258,754,258,1883,1294,219,426,302,0,46,93,4201,171,763,17,5,86,1339,19842,1177,7,23,1436,7090,4001,3446,4173,108,3281,3067,2,98,1661,20416,15132,12212,954,95,105,4541,25,84,105,60,5943,29209,13,85,17,3591,15592,27,287,729,4534,704,230,1976,599,576,4062,49,474,617,716,0,108,1637,3276,1093,0,233,420,15,2335,379,65,1,4136,6123
hsa-let-7b-3p,3,4,0,0,0,0,0,0,0,1,0,0,1,0,1,18,1,1,0,2,60,0,2,117,1,1,1,2,2,5,0,22,64,1,0,0,0,2,0,3,0,0,0,0,2,0,12,0,0,0,0,6,0,0,2,0,1,0,0,0,0,2,1,1,0,0,4,2,23,1,2,7,0,0,1,125,0,21,6,184,1,0,0,0,0,32,1,1,8,0,0,61,11,0,0,64,0,2,0,0,0,0,17,0,0,0,0,0,0,0,0,0,0,0,0
hsa-let-7b-5p,17729,330,176,35,252,80,7,317,35,25197,7,1,28,410,692,2230,97,137,143,10137,2258,11,26,282,2035,102,216,82,773,1269,14,74,146,2234,12,198,26,163,611,733,12,0,154,1,631,190,1522,0,308,18,3,348,202,5888,194,1,3,646,1361,2581,4485,1214,23,2252,614,166,601,220,7638,14171,3383,51,70,192,1326,508,34,16,53,7428,16105,12,9,242,2560,10273,29,380,510,3145,371,71,630,6,268,3154,8,528,3487,438,0,4,223,2376,1848,54,1,1202,840,2336,170,7,70,1881,2528
hsa-let-7c-3p,2,1,2,0,0,1,6,2,1,71,0,0,5,2,1,0,0,1,21,1,182,2,1,15,0,3,0,92,1,504,0,2,0,0,0,9,6,43,0,213,0,4,0,0,1,0,529,0,25,0,0,3,3,0,5,0,0,0,30,1,151,1,1,0,0,0,62,2,135,4,188,13,0,0,2,2,0,2,0,1,0,3,20,0,0,118,20,0,38,0,0,7,9,0,12,63,0,3,0,0,0,2,12,1,0,0,0,1,109,0,0,2,0,0,0
hsa-let-7c-5p,1168,30,3,1,273,7,1,14,0,1344,1,1,15,163,14,480,12,8,32,2188,565,12,9,39,1315,21,89,21,125,116,0,80,11,128,4,3,4,10,124,1148,2,1,14,0,9,0,36,2,56,16,8,2,21,399,381,2,0,0,2271,1250,1086,48,16,40,620,0,14,2231,202,13294,74,12,23,113,2223,3,0,25,54,2024,1133,2,188,3,328,825,0,4,52,305,61,2,537,1,13,594,2,297,669,88,0,2,110,76,441,0,0,316,586,795,49,15,1,1646,583
hsa-let-7d-3p,9,0,97,9,48,3,1,0,1,300,0,0,59,82,19,160,2,8,0,640,22,0,2,43,176,5,3,5,3,24,0,111,4,311,5,0,4,2,26,61,0,1,0,0,12,0,727,1,19,0,0,10,100,96,12,1,0,0,514,404,243,103,2,1,0,0,206,15,922,934,20,21,66,46,121,68,57,2,19,1001,158,1,42,0,90,403,2,0,90,156,42,28,34,10,11,507,10,146,3,131,0,2,30,0,112,0,1,204,59,211,9,2,0,174,134
hsa-let-7d-5p,2637,28,2,10,45,10,2,7,1,555,1,0,2,0,6,220,34,2,2,1429,534,0,5,6,3,8,28,5,114,56,0,74,2,2,2,0,7,1,0,53,0,0,0,0,1,1,6,0,0,2,2,1,4,830,26,3,1,0,5,765,355,111,1,16,67,1,8,4,914,4324,150,6,22,0,116,1,1,1,0,479,624,5,0,2,1,1152,0,157,136,427,37,27,213,0,25,97,0,3,49,1,0,2,18,3,257,0,1,247,5,58,11,13,0,980,621
hsa-let-7e-3p,327,0,0,0,239,426,0,0,0,174,0,0,3,38,0,0,0,0,21,5,2,0,0,1,208,3,0,0,29,6,0,4,0,0,1,0,0,1,7,2,111,0,2,0,73,0,4,0,0,4,0,19,6,3,11,1,2,0,32,68,218,6,0,0,2,0,2,6,138,1,15,5,1,0,0,0,17,0,0,2,9,0,31,0,86,197,0,58,5,1,8,23,10,0,0,238,1,73,96,0,0,0,9,0,20,0,0,1,0,60,0,0,5,0,11
hsa-let-7e-5p,130,18,1,0,0,10,1,2,2,9,0,0,75,1,37,118,3,2,1,2139,174,0,3,142,39,4,1,29,1,30,91,2,9,166,0,0,4,4,47,136,1,0,5,0,0,0,657,1,1,0,0,13,8,396,14,0,0,3,507,439,4,1,3,2,257,0,8,32,12,2004,35,6,0,24,2,0,63,1,1,91,1338,1,1,1,145,1029,8,1,59,220,19,54,270,2,10,473,1,245,1,2,0,63,30,1,181,0,0,9,13,65,0,0,0,581,288
hsa-let-7f-1-3p,10,1,32,8,47,3,100,100,9,382,0,14,223,140,72,17,24,413,193,839,1015,8,93,411,452,7,168,244,162,375,0,136,105,152,2,0,335,171,46,274,1,0,51,0,493,0,2708,20,19,48,0,9,86,90,186,0,26,4,58,18,113,172,71,114,268,0,889,52,127,328,278,953,134,46,84,1,71,372,12,138,35,76,26,30,90,218,81,98,28,276,8,192,400,6,1,157,72,343,110,112,0,137,965,86,71,0,22,84,122,57,0,18,0,10,46
hsa-let-7f-2-3p,1,0,1,1,137,0,2,3,1,0,0,0,3,1,1,0,0,0,1,0,8,0,1,33,0,0,0,0,0,1,0,73,132,0,0,0,4,3,0,1,0,0,1,0,91,0,367,0,0,0,0,7,0,1,0,0,3,0,52,1,0,0,1,0,0,0,248,9,1,0,3,9,0,0,0,0,8,3,1,0,0,1,2,0,0,0,0,1,0,81,0,0,4,1,0,56,8,51,0,86,0,36,8,0,0,0,1,3,1,0,0,0,1,0,0
hsa-let-7f-5p,10155,113,55,58,75,871,184,92,27,15730,3,13,778,353,217,2572,28,275,457,7960,1851,32,157,698,1493,107,339,862,2112,1121,23,184,149,1772,11,129,806,362,590,2076,19,11,96,0,680,2,5965,64,548,192,2,114,572,11572,492,12,35,1162,5225,2238,3228,2403,109,1641,2558,1,1291,237,13297,15648,7343,1395,156,401,722,10,65,332,9,4477,19209,86,38,325,2479,9118,77,250,161,5658,403,159,3703,252,324,3860,123,574,1073,358,0,189,1417,3518,902,0,24,365,980,1990,190,136,2,982,5912
hsa-let-7g-3p,459,1,0,0,34,1,0,1,1,387,0,0,5,89,41,6,1,101,172,0,9,1,9,5,0,2,1,5,5,5,0,40,1,183,1,0,3,4,9,3,0,0,5,0,0,0,1203,0,4,0,0,0,6,2,3,0,0,0,1,0,110,0,2,2,1,0,5,6,31,128,9,13,1,0,0,0,0,7,0,107,0,1,3,2,16,154,1,1,45,0,1,1,35,0,4,257,0,33,1,2,0,1,830,0,0,0,0,1,0,23,0,0,0,54,41
hsa-let-7g-5p,10,0,1,0,49,2,27,1,0,752,0,0,5,0,2,305,4,1,0,2,18,9,1,0,0,3,0,139,134,39,18,3,16,0,0,1,296,1,1,40,0,1,0,0,1,0,16,1,3,0,1,0,7,3,12,0,0,331,577,723,2,488,0,228,2,1,21,10,212,3330,735,21,0,0,45,0,17,18,2,460,439,2,1,0,1648,591,1,0,0,0,45,1,19,0,34,418,0,2,0,1,0,4,17,30,1,767,0,0,2,131,0,5,0,0,154
hsa-let-7i-3p,1,0,93,0,0,0,0,0,0,0,0,0,0,0,0,3,1,0,29,1,4,0,1,0,0,0,0,0,0,1,0,0,0,0,0,0,0,0,0,3,0,0,39,0,0,0,7,0,0,0,0,0,1,0,2,0,21,0,0,71,55,0,0,0,0,0,153,2,1,0,1,3,0,15,0,0,1,0,0,3,0,0,0,1,0,1,0,0,0,0,2,0,7,1,0,12,0,62,0,0,0,0,6,0,0,0,0,0,0,39,0,0,0,0,14
hsa-let-7i-5p,501,14,0,2,86,9,61,0,0,719,0,0,1,1,0,71,0,1,0,2,5,0,2,114,29,12,0,3,2,27,2,1,3,1,1,1,0,106,0,25,1,88,0,0,0,0,127,0,0,0,2,54,199,734,16,281,0,4,1,494,716,8,1,3,1,0,11,4,128,1114,35,2,2,0,46,3303,1,13,0,283,1318,0,2,0,727,885,0,0,2,267,5,2,18,0,0,274,0,4,1,1,0,1,14,132,116,0,0,1,314,50,24,0,38,1009,94
hsa-miR-1-3p,3155,81,57,0,96,16,2,0,1,965,0,0,11,103,234,74,6,14,21,2198,24,9,12,12,934,23,39,1645,8,64,83,82,18,1554,5,0,5,19,188,317,0,0,5,0,2,193,261,0,456,11,0,1208,469,1526,48,2,0,0,1646,875,5,593,8,561,1368,189,19,70,1646,3760,98,680,14,95,3,1,1,9,92,795,601,2,6,1,589,2229,52,0,355,838,20,38,237,0,25,273,76,6,1436,246,0,1,140,498,4,0,0,258,480,417,28,28,0,1818,447
hsa-miR-1-5p,0,0,1,0,0,0,37,0,0,0,0,0,0,0,0,0,1,0,46,0,232,0,0,0,0,0,0,0,0,0,0,0,2,0,0,0,0,0,0,0,0,0,0,0,0,0,272,0,3,0,0,0,0,1,0,0,0,0,0,0,1,19,0,0,0,0,4,2,0,0,0,108,0,0,0,1,0,0,1,2,0,2,0,0,0,1,1,78,19,0,0,1,11,0,0,0,29,2,1,0,0,1,3,0,0,0,0,0,0,44,0,0,0,0,0
hsa-miR-100-3p,2,0,0,0,0,1,63,0,0,328,0,0,2,0,0,0,0,0,0,0,3,0,0,1,0,0,0,2,0,3,0,0,0,0,0,0,1,0,0,2,0,0,135,0,0,0,0,0,4,0,0,1,1,1,1,0,0,0,1,0,2,1,0,2,0,1,1,1,2,0,0,1,0,0,0,0,0,2,9,0,1,0,44,51,0,45,0,0,0,0,0,64,7,0,0,118,0,0,0,0,0,1,5,0,0,0,0,1,0,0,0,0,0,0,0
hsa-miR-100-5p,17,16,80,8,341,6,167,296,29,2742,0,3,488,842,504,43,316,555,964,520,6348,27,640,1048,1153,18,337,729,84,1446,0,296,670,189,2,43,299,635,158,1250,173,8,639,0,1606,94,6358,8,101,69,33,115,169,70,1323,65,36,6,138,234,969,237,39,187,3,0,4986,231,919,1472,41,3953,996,53,164,0,427,1041,46,723,20,98,986,104,1489,242,344,382,595,582,20,515,1373,49,10,789,198,2674,305,430,0,330,6909,842,243,30,156,4,1059,244,17,404,4,472,157
hsa-miR-101-2-5p,72,11,5,0,128,0,4,1,1,90,0,0,102,104,0,0,2,7,103,3,22,2,2,179,1,1,0,3,0,7,0,82,2,0,0,0,10,1,0,4,1,0,2,0,1,0,2483,0,2,0,0,7,6,1,4,1,0,0,0,0,91,0,201,260,232,0,19,12,3,1,9,22,1,0,0,1,31,0,0,48,71,2,5,0,192,207,2,0,41,1,17,46,18,0,0,274,80,0,0,31,0,120,26,3,0,81,0,2,16,0,0,102,0,454,26
hsa-miR-101-3p,2,1,0,4,45,2,0,2,0,2,0,0,1,0,13,0,0,0,1,1,2,0,23,0,1,0,0,13,0,1,0,0,1,48,0,0,163,2,5,4,0,1,1,0,0,0,3,0,0,0,0,0,3,0,3,0,0,0,0,0,2,142,0,0,1,0,3,7,69,0,370,2,0,15,0,0,0,0,4,1,152,0,0,0,0,3,6,0,0,194,7,10,6,1,0,114,13,93,0,0,0,1,1,1,0,0,0,0,47,101,0,1,0,0,48
hsa-miR-101-5p,4,4,0,4,0,0,1,9,0,1,0,0,5,3,33,0,0,1,84,2,1,0,3,2,1,1,11,77,2,4,0,0,2,1,0,1,3,23,0,73,0,1,2,0,1,0,3,0,5,0,0,7,2,1,58,1,0,0,123,1,2,4,1,0,1,0,79,3,1,0,6,5,35,8,1,1,0,0,0,0,1,0,1,0,1,0,0,0,0,81,5,0,11,5,0,88,0,177,0,0,0,52,13,0,0,0,0,0,0,47,0,0,0,0,0
hsa-miR-10226,637,0,4,0,98,0,2,55,13,4,0,2,97,29,0,0,2,3,1,934,49,1,1,3,0,0,6,1,1,11,0,3,30,0,0,0,5,1,0,294,0,0,1,0,11,0,1551,0,0,1,0,41,2,0,4,0,1,0,13,0,385,42,2,1,101,0,330,52,286,448,8,418,1,7,0,0,40,43,0,416,3,5,0,0,104,68,1,10,3,0,0,6,89,18,0,312,2,310,63,0,0,2,23,2,0,0,2,20,0,0,0,11,0,1,0
hsa-miR-10392-3p,1304,10,4,1,260,8,25,30,16,1618,0,0,50,172,33,57,9,3,34,119,37,4,119,6,302,14,11,4,4,331,0,113,7,161,4,0,9,130,36,287,149,0,5,0,116,0,2803,12,54,1,47,168,51,361,284,0,0,0,23,532,589,125,160,3,424,0,586,21,381,3321,183,34,44,44,84,3,82,3,0,1769,185,1,4,0,310,289,52,1,57,137,15,6,62,1,20,845,0,53,227,852,0,68,829,509,71,0,1,139,28,195,12,106,56,335,148
hsa-miR-10392-5p,9205,32,1443,43,1376,2979,1207,1492,148,38820,4,38,19041,8870,3747,281,218,2043,7112,7110,10582,21,2047,51318,4595,95,814,3413,867,3035,53,21133,1751,1024,52,62,1963,2556,276,9258,374,52,2440,2,1505,114,41725,230,176,150,229,350,2151,706,2420,13,145,13,1688,1588,5914,1694,620,862,4730,58,16572,4933,5475,8305,2295,19055,3553,271,447,285,1132,9239,142,15236,2113,258,1854,145,5740,4481,14300,6575,1448,8504,210,2087,32235,268,166,10172,585,19619,2161,1866,3,2460,32734,3238,1646,17,37,1118,666,2031,17,1375,49,2103,1008
hsa-miR-10393-3p,6,0,70,1,49,1,7,2,8,514,0,0,4,79,1,8,5,2,52,2,25,0,2,4,2,1,5,2,3,10,1,84,0,0,0,0,169,1,10,96,0,6,3,0,2,0,1797,0,5,0,0,0,0,0,3,0,0,0,4,2,280,177,1,4,0,1,520,8,115,2,7,438,2,0,0,2,3,0,1,5,83,5,3,0,2,302,3,0,0,0,0,34,13,1,1,379,61,47,1,84,0,51,18,2,61,0,0,47,89,0,1,60,10,1,45
hsa-miR-10393-5p,304,0,79,0,179,2,223,119,4,1794,0,18,434,181,476,3,104,177,299,873,1291,4,78,2385,653,8,254,94,153,82,0,232,164,27,4,0,99,275,1,706,0,5,156,0,610,1,1772,0,5,1,78,3,165,4,321,0,63,1,318,143,3,63,18,352,165,1,1240,990,12,2172,126,2438,54,29,0,0,139,143,11,84,197,105,30,16,135,27,177,1,19,547,11,209,1186,16,6,69,81,2980,74,160,0,179,1474,451,39,1,1,116,2,150,2,264,23,179,121
hsa-miR-10394-3p,205,46,93,5,59,4,18,277,13,1516,1,0,784,263,108,49,27,216,143,599,388,2,103,426,855,14,24,24,128,138,0,6743,288,266,4,0,312,212,21,996,118,0,15,0,388,0,1490,35,16,1,0,30,55,15,754,2,11,19,455,51,278,234,217,487,94,1,1315,183,258,553,467,269,29,62,22,7,245,68,27,2109,22,23,143,9,237,72,4,394,120,176,15,22,3416,16,37,646,26,598,2,352,0,17,773,387,44,0,3,47,39,76,5,35,1,793,58
hsa-miR-10394-5p,858,0,7,1,88,6,35,24,13,335,0,0,154,153,18,0,2,22,40,826,32,1,239,4,2,3,5,33,6,12,1,4,9,0,1,9,14,7,12,20,0,7,194,0,198,0,2265,0,24,0,0,44,21,53,20,1,0,0,23,47,344,19,2,12,43,0,459,119,375,836,1404,215,4,41,7,0,46,3,25,60,92,9,104,1,163,192,11,61,76,56,10,70,109,1,17,1095,36,228,10,46,0,6,1418,7,23,1,0,96,49,29,2,34,6,1,49
hsa-miR-10395-3p,4,1,0,0,0,1,1,5,0,1,0,0,1,2,2,20,1,2,0,8,11,0,0,1,0,0,0,62,30,5,0,0,32,2,0,0,1,1,0,3,0,0,0,0,0,0,486,0,0,1,0,0,1,0,4,0,0,0,0,0,0,1,3,5,222,0,7,7,4,99,3,99,0,3,0,0,1,0,12,3,0,1,0,1,3,134,1,0,14,3,3,64,9,0,0,31,10,127,2,1,0,0,16,0,2,0,0,234,0,36,0,2,1,1,0
hsa-miR-10395-5p,204,0,1,0,67,0,0,0,5,301,1,0,15,13,0,1,3,2,98,440,175,0,127,4,8,0,1,3,4,5,0,2,1,29,0,1,0,2,0,6,0,3,1,0,0,0,379,0,0,5,0,0,104,2,2,0,0,0,1,1,0,0,1,81,28,0,5,15,3,2,18,4,49,10,0,0,49,2,7,83,1,0,81,1,36,0,0,0,0,15,1,16,32,1,0,24,0,41,125,0,0,0,891,0,38,0,0,1,0,32,0,23,0,1,1
hsa-miR-10396a-3p,1106,13,6,6,239,12,8,54,10,2006,0,0,629,161,63,86,5,103,192,4140,244,1,5,237,1573,150,4,7,45,182,31,174,22,121,0,45,17,10,57,200,83,4,77,0,29,1,3524,0,20,12,56,31,125,89,258,3,1,0,170,96,752,68,11,93,552,1,15,139,878,1072,391,46,10,55,16,119,41,3,22,2982,173,4,3,24,996,427,10,66,61,1508,15,13,587,15,38,1102,1,162,206,159,0,6,482,505,378,0,0,59,0,245,1,59,0,102,23
hsa-miR-10396a-5p,481,13,10,2,21,176,38,16,0,577,2,0,171,57,13,18,15,91,55,5,33,0,46,2,67,5,4,9,28,218,6,2008,49,84,1,0,28,11,9,94,32,3,5,0,6,11,988,8,12,3,22,17,95,128,35,0,5,0,255,21,139,50,2,80,1015,1,48,99,502,1086,32,28,4,39,3,1,35,33,2,856,21,0,5,1,189,281,0,47,251,17,7,18,92,0,0,975,3,8,58,126,0,2,390,20,51,0,0,103,0,79,2,3,16,11,139
hsa-miR-10396b-3p,1146,14,7,9,252,10,1,50,2,2208,1,0,656,155,51,71,5,7,306,5379,247,0,4,124,1638,144,7,11,56,204,39,219,21,99,2,24,19,88,56,229,1,4,51,0,36,0,3571,0,16,4,57,27,164,57,244,3,1,0,163,98,601,57,9,72,569,0,38,137,796,1061,423,46,16,47,9,164,44,10,20,2982,168,5,6,24,1004,461,51,56,84,1392,14,26,600,11,40,974,5,169,161,192,0,5,475,444,339,0,0,38,2,225,1,39,0,128,32
hsa-miR-10396b-5p,423,15,30,4,18,205,88,13,2,639,1,0,479,70,42,65,7,112,44,471,22,1,27,115,53,6,1,17,20,298,8,955,50,211,1,13,21,16,14,189,34,10,10,0,11,9,923,9,8,4,25,24,123,222,26,2,8,2,211,36,154,131,14,78,1367,0,54,96,986,1470,40,19,4,44,17,0,16,37,1,3584,32,2,8,0,1895,411,0,293,193,161,21,11,172,0,51,1082,1,13,46,121,0,3,420,15,7609,3,0,84,1,249,2,2,9,426,231
hsa-miR-10397-3p,1080,4,1,0,1,2,1,0,0,527,0,0,2,2,1,12,1,5,17,6,21,1,4,10,1,3,3,0,1,12,0,31,7,1,0,18,4,11,3,218,0,0,2,0,0,1,484,0,28,0,0,1,4,127,5,0,2,0,0,1,451,17,3,3,1,0,3,14,184,1,21,10,0,7,1,2,0,0,0,154,1,0,0,0,121,66,0,1,9,47,3,2,1122,2,10,487,1,247,0,148,0,1,27,0,7,0,0,95,0,0,0,3,0,1,2
hsa-miR-10397-5p,416,0,7,1,76,6,9,63,6,863,0,2,32,21,6,2,46,7,4,11,652,0,4,14,4,644,32,9,13,8,31,66,5,29,0,11,24,51,14,295,31,15,14,0,33,0,840,0,7,3,0,9,20,40,17,0,0,0,8,10,235,29,2,13,23,0,91,52,273,98,27,109,31,1,3,13,24,11,3,43,56,17,10,3,49,85,2,38,4,88,4,55,838,2,3,357,8,152,14,4,0,31,125,13,11,8,3,2,117,70,1,6,0,16,3
hsa-miR-10398-3p,220,0,8,0,2,1,1,1,0,708,0,0,65,5,41,23,3,10,5,4,33,0,1,36,5,3,0,33,6,6,0,9,6,178,0,0,0,3,0,7,0,0,2,0,1,1,131,0,4,0,0,0,58,161,2,1,0,1,9,16,52,65,1,0,1,0,550,8,75,40,94,19,4,1,2,0,10,27,2,116,26,14,3,10,34,31,1,1,17,150,6,0,390,2,4,157,1,13,6,12,0,4,41,0,74,0,0,1,3,52,1,1,1,0,0
hsa-miR-10398-5p,362,0,2,35,2,1,3,3,0,627,1,0,5,4,46,32,2,3,4,7,408,0,2,3,7,8,7,6,2,37,1,1,2,31,1,0,6,5,6,24,0,0,1,0,7,0,594,19,17,0,0,51,0,2,11,1,0,0,2,2,6,94,1,4,2,0,45,4,155,282,76,62,2,0,3,2,50,52,15,1644,217,5,2,0,1595,235,1,0,0,1615,7,10,16,8,20,116,1,9,0,124,0,4,27,1,19,0,0,2,32,59,0,2,66,10,54
hsa-miR-10399-3p,4,3,6,0,89,5,10,16,0,50,0,1,24,25,13,37,90,23,31,23,243,1,41,27,24,629,90,28,4,46,26,7,23,10,0,3,17,41,2,38,1,0,24,0,5,0,478,0,2,2,0,13,18,44,20,0,0,0,6,0,103,22,2,0,172,2,436,66,15,7,17,265,25,3,40,3,29,35,15,169,2,7,32,1,8,56,18,1,1,9,7,37,50,3,0,253,18,196,2,3,0,13,261,17,56,0,2,59,1,41,0,13,0,5,11
hsa-miR-10399-5p,775,0,2,0,112,6,58,5,10,1,0,0,5,1,1,0,3,1,0,377,12,0,2,0,242,9,1,111,44,11,0,75,0,15,1,1,7,3,3,8,0,2,2,0,0,0,491,13,0,0,0,0,11,3,194,0,0,0,1,98,4,3,3,5,93,0,575,11,228,44,210,478,2,47,0,1,4,3,22,1,0,61,111,31,126,66,4,1,9,1,0,2,20,0,14,49,1,138,2,0,0,57,24,1,1,0,1,2,1,3,3,3,0,97,22
hsa-miR-103a-1-5p,0,0,1,0,0,0,2,33,0,1,0,0,0,2,9,0,0,44,1,19,8,0,0,70,0,0,37,1,8,2,0,18,0,0,0,0,3,0,0,18,0,0,0,0,0,0,44,0,0,0,12,6,1,0,0,0,1,0,1,0,0,15,0,0,0,0,255,7,0,0,1,241,0,0,0,0,0,45,0,2,0,1,1,2,119,1,0,0,34,0,2,3,4,0,0,30,0,27,0,21,0,0,8,110,0,1,0,37,0,30,0,1,0,0,0
hsa-miR-103a-2-5p,1,0,0,0,0,0,1,28,0,1,0,0,2,1,10,0,1,36,0,26,11,0,2,62,1,0,27,0,6,2,0,21,1,1,0,0,1,3,0,16,0,1,0,0,0,0,45,0,0,0,13,7,3,0,1,0,1,0,0,1,0,11,1,0,1,0,233,4,1,1,1,236,1,0,0,0,1,48,0,2,0,1,0,2,103,0,1,0,33,0,2,1,6,0,0,34,2,33,0,25,0,1,7,0,0,1,0,35,0,22,0,0,0,0,0
hsa-miR-103a-3p,72,0,1,0,0,4,3,1,1,72,0,0,2,72,59,64,1,15,4,514,170,0,2,1,2,0,2,33,0,10,0,2,1,118,0,0,1,38,0,82,0,0,2,0,0,0,267,0,0,0,0,30,1,289,8,0,0,0,2,177,203,46,0,0,0,0,7,2,594,0,17,6,35,0,0,0,1,1,0,25,931,2,0,0,122,7,0,0,2,83,8,1,17,1,1,295,0,107,1,0,0,1,9,0,0,0,0,1,0,0,11,0,0,0,107
hsa-miR-103b,133,0,2,0,0,2,1,2,1,72,0,0,3,91,43,43,0,19,32,342,602,0,0,0,0,3,1,67,2,5,1,2,1,65,0,0,2,63,0,185,0,0,0,0,0,0,106,1,0,0,0,13,1,109,4,0,0,0,1,70,130,11,2,0,0,0,6,2,290,1,9,8,45,0,0,0,1,1,0,28,408,0,2,1,46,13,0,0,7,115,4,3,8,0,3,199,1,46,0,0,0,0,15,0,1,0,0,0,0,2,4,1,0,1,64
hsa-miR-10400-3p,1535,25,26,13,116,12,37,6,19,2130,1,15,686,37,128,252,3,84,29,31,52,4,11,20,497,26,32,13,85,65,0,174,21,190,2,1,23,24,41,119,0,3,20,0,67,1,1256,0,57,8,0,42,168,260,36,3,1,0,230,176,191,136,23,300,84,1,46,58,1377,486,2160,75,3,191,9,4,33,11,20,2714,414,5,16,0,559,538,23,4,44,578,45,32,429,46,138,1451,3,39,334,115,0,26,103,797,215,4,1,3,217,467,4,4,4,109,117
hsa-miR-10400-5p,1210,21,15,11,777,16,15,84,12,2282,3,0,370,137,113,227,12,176,241,2144,170,1,199,93,3801,50,13,436,18,545,0,9,56,511,9,12,100,192,90,228,0,11,11,0,79,0,6660,4,157,14,1,91,131,535,137,2,1,0,77,616,982,146,320,138,858,0,105,127,1768,2835,3670,499,15,88,49,384,147,27,80,3212,800,16,23,211,1042,1019,29,141,308,1460,45,145,2639,62,224,1711,21,350,623,2,0,89,3238,506,478,9,1,54,412,533,6,88,7,1999,546
hsa-miR-10401-3p,2416,35,157,26,202,30,102,121,50,2078,1,19,1352,669,57,323,17,498,583,2978,566,1,187,163,2310,403,97,352,22,1429,5,210,49,340,25,79,300,120,119,648,3,29,131,1,375,0,9566,14,48,7,35,176,155,1094,409,60,2,45,331,400,2339,680,151,185,772,82,90,2999,2356,3392,985,499,34,115,155,33,234,143,110,23264,424,87,26,115,1798,2757,9,274,239,2629,99,44,6053,9,109,4094,42,284,228,384,0,50,607,869,349,3,1,209,252,678,6,172,10,470,233
hsa-miR-10401-5p,56,0,34,0,0,1,5,0,30,247,1,0,179,32,55,21,6,8,2,4,615,1,8,0,393,3,160,25,0,8,2,12,14,29,0,19,5,5,29,6,0,4,55,0,0,0,972,0,1,0,0,2,6,145,1,1,0,1,26,133,230,34,0,1,8,0,25,11,133,154,41,300,3,76,0,1,45,1,20,242,45,2,3,24,19,124,3,1,21,5,8,3,15,0,5,122,2,80,23,33,0,4,30,2,3,0,0,0,41,95,2,1,0,111,0
hsa-miR-105-3p,91,3,3,0,2,2,9,77,7,451,0,0,37,0,6,41,5,0,11,3,604,1,33,7,1,1,35,33,0,15,0,54,2,0,0,0,8,186,14,149,0,0,3,0,10,1,1167,0,20,0,0,24,30,113,61,23,1,2,70,107,202,60,1,71,0,0,17,10,201,568,14,21,1,0,0,1,33,97,26,252,2,3,17,4,184,29,11,2,60,159,1,29,25,13,0,224,31,144,22,0,0,59,29,263,37,2,1,18,2,20,1,4,13,2,2
hsa-miR-105-5p,132,1,0,0,99,1,1,0,1,7,0,0,4,8,0,0,2,6,1,7,11,1,2,47,1,295,0,53,28,9,1,31,4,31,1,10,2,89,0,7,0,0,80,0,0,0,239,0,0,0,0,20,10,0,4,0,0,0,1,1,5,3,1,181,2,0,7,14,83,46,9,6,0,1,46,0,2,1,2,73,2,3,100,0,4,62,18,0,2,336,0,0,33,0,0,115,0,9,1,0,0,0,653,1,0,0,1,59,1,2,0,3,0,0,2
hsa-miR-10522-5p,304,5,2,0,202,2,1,77,1,1141,0,0,169,68,12,39,1,2,21,2,6,0,1,62,219,2,3,104,3,22,0,92,103,33,0,0,2,173,10,261,1,12,5,0,0,0,793,0,1,0,0,12,3,0,2,0,0,0,0,125,63,26,2,1,57,0,5,13,20,0,2,5,3,0,1,0,23,4,3,153,37,1,5,0,90,128,0,0,12,174,22,2,914,0,4,215,0,54,0,1,0,33,40,0,0,1,1,0,78,223,0,0,0,2,123
hsa-miR-10523-5p,358,1,125,18,509,4,72,174,15,1124,0,3,145,563,127,19,44,345,510,1070,2451,1,293,344,453,7,124,290,172,1170,1,136,464,52,20,12,235,297,25,1096,30,13,213,0,266,0,2448,12,13,2,45,30,46,81,271,0,23,7,48,60,664,100,11,95,181,0,5160,72,259,163,572,3823,360,60,3,8,237,598,17,421,31,102,537,53,98,396,226,116,64,177,1,374,197,21,3,756,166,1156,17,1,1,306,2195,466,192,0,1,56,68,6,2,258,6,4,176
hsa-miR-10524-5p,3,0,26,2,0,1,0,0,0,3,0,0,0,2,0,0,0,0,0,15,4,0,3,1,1,0,0,1,2,2,0,2,0,89,0,0,0,1,6,3,0,2,0,0,0,0,6,0,19,0,38,12,3,0,5,0,0,0,0,0,2,31,0,1,0,0,2,4,136,119,3,68,1,0,0,0,0,0,1,0,0,0,0,0,24,52,4,0,1,73,7,38,7,0,0,119,0,3,0,0,0,0,417,0,4,0,0,0,0,23,0,0,0,209,44
hsa-miR-10525-3p,0,0,0,3,0,4,2,8,0,0,0,0,74,63,1,39,1,1,37,3,181,0,0,111,1032,16,0,1,1,4,0,2,1,0,0,0,2,120,0,105,0,0,0,0,0,0,199,0,10,0,0,3,0,0,1,0,1,0,0,0,0,29,1,0,11,0,236,6,1,1,0,11,2,1,1,0,0,0,0,1,0,3,0,0,1,2,0,0,7,22,0,4,13,1,0,12,1,1,1,0,0,0,13,0,2,0,0,0,0,0,0,1,0,0,0
hsa-miR-10526-3p,390,4,68,41,449,185,158,321,16,1580,2,25,632,667,292,66,44,846,851,611,3791,10,406,1033,1032,558,509,275,231,929,36,203,452,298,5,15,444,589,43,1378,88,47,527,0,644,51,7508,28,24,8,1,36,461,172,617,3,63,5,138,146,745,506,314,308,2855,35,5823,285,800,1958,140,4207,319,104,82,12,408,440,28,1141,658,197,386,5,8400,1043,371,341,50,14278,39,393,2971,45,8,660,449,1410,319,394,1,421,4509,365,151,12,22,491,268,306,6,176,27,763,160
hsa-miR-10527-5p,435,0,2,0,100,1,3,8,4,526,0,0,9,64,0,9,1,8,22,566,79,0,17,163,83,2192,8,76,2,12,0,14,9,16,0,0,5,58,26,44,0,11,4,0,0,0,1389,1,18,0,0,31,11,2,18,36,0,0,104,369,221,2,3,110,7,1,67,145,255,0,24,21,24,3,67,2,56,49,11,152,79,1,3,1,3,336,17,409,28,3,15,13,128,0,0,178,17,166,2,0,0,5,211,2,3,0,0,66,73,73,0,62,0,224,0
hsa-miR-106a-3p,0,0,0,0,39,0,1,0,1,0,0,0,1,1,48,1,2,0,0,0,6,0,0,0,263,3,39,102,0,4,0,0,0,0,0,0,3,1,0,1,0,0,0,0,0,0,484,0,0,0,0,1,3,0,0,0,0,0,26,0,0,0,0,0,0,0,5,3,0,0,0,4,21,0,0,2,17,1,0,26,0,0,0,0,0,0,1,0,0,1,0,5,4,0,0,35,0,1,0,0,0,11,6,0,0,0,1,0,0,0,0,1,0,0,24
hsa-miR-106a-5p,1,0,0,0,23,0,0,0,0,1,0,0,0,2,0,0,0,29,1,2,2,0,1,1,0,1,0,0,1,0,0,0,0,1,0,0,0,0,0,0,0,0,65,0,0,0,44,0,0,0,0,3,1,0,0,0,0,0,0,0,0,0,1,0,0,0,0,2,90,0,0,2,1,0,0,0,30,0,0,23,0,25,57,0,0,1,0,27,9,0,0,0,0,0,0,24,0,0,0,0,0,0,7,0,31,0,0,0,0,0,0,0,0,0,0
hsa-miR-106b-3p,2,4,3,0,105,3,2,2,10,486,0,1,5,0,34,0,1,11,78,3,507,0,0,103,373,2,2,0,103,668,0,2,2,0,0,0,2,3,12,17,0,0,115,0,0,0,28,0,0,0,0,0,2,0,213,0,8,0,0,1,103,0,1,0,2,0,247,3,105,2,3,2,1,13,23,0,77,4,6,364,1,2,2,1,142,50,20,0,12,17,0,1,15,0,6,7,0,178,0,143,0,0,14,0,0,0,0,0,2,1,0,3,0,0,0
hsa-miR-106b-5p,1,0,2,2,0,529,32,3,0,353,0,0,6,6,46,82,1,30,2,102,235,0,56,3,2,4,54,130,133,4,0,0,70,32,0,0,93,4,11,72,0,1,63,0,2,1,24,3,1,0,0,35,9,2,7,1,8,0,0,0,102,54,1,0,1,0,13,5,163,0,14,14,3,0,1,0,22,3,0,52,1,13,2,9,67,1,0,2,25,0,0,67,41,2,0,92,13,168,0,1,0,1,29,1,0,0,0,1,0,11,0,8,0,3,0
hsa-miR-107,69,0,3,0,1,1,0,1,0,540,0,0,4,9,18,1,0,20,2,473,195,0,0,108,1,0,0,0,2,7,0,0,2,14,0,0,1,33,0,5,0,0,0,0,0,0,5,0,0,1,0,38,2,0,0,0,0,0,0,157,187,0,1,1,0,0,4,6,47,2,5,5,17,1,0,0,47,1,0,0,28,0,89,0,125,42,0,1,0,0,1,59,11,0,0,64,0,100,50,0,0,2,14,81,0,0,0,0,0,46,0,0,0,0,0
hsa-miR-10a-3p,123,7,2,0,1,0,0,66,2,2,0,0,2,28,78,1,1,1,134,2,495,0,1,3,0,0,1,0,1,3,0,2,6,2,0,0,5,6,0,223,0,0,2,0,0,0,519,0,2,0,0,0,4,2,0,0,0,0,1,0,10,1,3,0,2,0,16,7,1,193,6,228,83,0,1,1,17,2,0,1,0,3,1,0,0,38,35,0,0,0,2,5,20,4,0,45,14,376,0,1,0,58,33,98,1,2,1,0,1,0,0,1,0,226,0
hsa-miR-10a-5p,8491,82,306,21,1782,33,391,468,52,4396,5,102,648,1794,592,1239,1002,837,1535,1479,3707,12,413,2022,2836,47,276,1512,722,1856,3,350,1329,565,7,192,795,786,244,2850,76,468,968,0,2320,86,4591,11,2683,353,239,251,791,1977,1644,53,21,10,915,2293,2550,1830,63,1164,1109,230,7318,518,6912,20327,2676,4806,1246,484,9944,2295,553,1113,20,3898,5624,45,741,425,3525,3848,408,584,159,1610,99,797,3325,405,79,1907,358,3219,359,488,0,371,7915,3152,1897,13,47,479,808,1268,40,558,5,1055,1146
hsa-miR-10b-3p,5,0,2,0,0,1,66,3,0,452,0,1,0,1,1,0,0,1,2,3,3,0,0,0,0,1,0,0,0,8,0,0,0,0,1,0,0,0,1,4,0,7,3,0,1,0,6,0,0,0,0,27,3,3,4,1,0,0,0,2,3,9,0,2,2,0,2,4,109,377,5,5,0,1,3,0,0,1,19,405,76,0,0,0,0,69,1,0,1,191,0,4,9,3,0,42,25,54,1,2,0,0,5,227,0,0,0,146,1,0,0,0,0,1,68
hsa-miR-10b-5p,27858,316,341,98,1830,182,253,134,49,26865,4,17,640,3594,743,8066,278,706,2381,15962,1481,16,167,1257,2767,3425,501,580,1295,3415,19,202,499,4410,21,65,1891,834,914,2560,326,303,1097,2,1204,7,5484,404,2783,26,52,830,1385,9806,1726,5,59,2350,15372,7525,11693,5673,286,6498,3288,233,3437,581,31548,31686,22717,2568,319,94,11173,4779,534,670,202,4309,22882,104,79,35,4537,14235,108,1004,534,16384,576,107,2941,56,798,7598,118,4015,2148,10,1,513,4967,13261,4155,2,7,506,898,5093,137,184,18,1907,5443
hsa-miR-11181-3p,5,0,1,0,1,2,3,3,1,3,0,0,6,21,27,7,0,1,5,292,17,0,85,160,2,1,3,19,2,16,0,0,1,2,0,1,3,5,22,5,0,0,1,0,6,0,107,0,6,1,0,3,3,2,3,1,0,0,2,0,50,11,3,0,284,0,226,6,49,362,6,1,2,0,0,0,15,2,23,65,299,0,59,1,1,40,1,0,77,102,9,5,19,10,0,188,0,27,0,2,0,1,27,0,1,0,1,0,142,119,0,1,5,66,19
hsa-miR-11181-5p,221,6,2,0,101,3,3,0,1,510,0,0,132,40,83,1,0,8,86,222,8,1,2,60,3,1,79,187,54,73,0,3,15,34,0,0,1,12,10,13,0,0,75,0,153,0,401,1,2,0,0,6,16,70,7,2,8,0,8,32,51,24,4,1,119,0,11,40,94,592,12,9,3,55,0,0,19,40,28,299,13,3,122,0,340,98,9,0,46,69,13,2,87,0,1,272,49,483,2,2,0,2,1408,1,115,0,0,43,4,58,1,45,0,73,37
hsa-miR-11399,940,25,99,39,1036,13,168,269,24,3002,2,1,458,933,174,163,146,770,768,3456,765,11,259,612,747,570,191,284,268,942,22,216,675,208,65,1,122,864,128,295,3,21,347,0,950,63,2566,22,90,26,1,60,366,159,1296,2,36,28,262,217,371,329,128,100,676,0,4523,1175,968,2509,1240,1984,709,73,82,2985,375,572,31,1820,205,135,341,73,786,495,157,62,184,1105,54,355,628,28,37,1508,202,1290,281,575,0,300,6575,940,282,24,2,294,275,467,11,225,0,172,177
hsa-miR-11400,680,0,22,0,5,2,1,4,0,295,0,0,4,18,31,0,0,11,63,67,1,0,3,27,0,0,0,1,3,345,0,0,2,0,0,45,1,1,0,5,0,0,1,0,109,0,5,0,0,0,0,0,2,0,5,0,1,0,0,0,193,0,0,1,0,0,5,3,0,371,7,2,1,0,0,1,0,1,0,0,2,1,0,0,0,11,16,0,0,60,11,0,11,0,0,62,1,6,1,1,0,48,518,2,2,0,0,2,2,124,0,1,0,1,0
hsa-miR-11401,507,7,2,8,268,2,3,2,5,728,0,0,69,73,190,54,3,32,88,602,7,1,4,2,627,10,1,2,4,16,0,2,51,29,1,0,160,30,0,136,0,0,3,0,0,61,561,0,37,1,0,20,5,131,6,0,0,0,13,4,213,113,4,33,126,0,197,20,340,1084,220,8,30,44,3,0,2,35,6,146,32,0,4,3,6,196,1,0,15,158,6,1,51,4,10,647,1,463,132,2,0,1,656,1,162,0,47,1,2,150,1,2,7,197,47
hsa-miR-1178-3p,0,0,0,0,0,0,43,0,0,0,0,0,9,5,2,0,0,1,2,6,2,0,4,7,1,0,81,2,4,8,0,1,3,7,0,0,0,3,6,312,0,0,3,0,1,0,9,0,0,0,0,2,5,0,1,0,1,0,0,0,42,8,4,0,204,0,8,17,0,0,2,3,17,12,0,0,0,0,0,2,56,0,25,0,1,0,0,0,0,1,7,24,37,0,0,0,1,4,0,0,0,1,1385,0,0,0,0,0,1,11,0,0,0,0,0
hsa-miR-1178-5p,93,0,0,1,0,2,0,2,0,90,0,0,3,22,11,1,1,4,44,123,29,1,3,2,1,1,0,3,1,10,0,1,4,21,0,0,131,40,4,392,1,0,2,0,211,0,34,0,0,11,0,0,6,0,6,1,1,0,188,4,42,45,0,0,2,0,29,5,34,63,7,31,3,0,1,3,26,4,0,3,1,0,126,0,2,140,24,2,2,45,2,33,22,0,1,199,33,30,1,63,0,49,38,1,41,0,0,0,0,1,0,3,1,2,2
hsa-miR-1179,0,0,2,1,2,2,29,43,1,396,0,0,5,1,23,1,4,11,126,222,18,0,59,0,1,0,2,79,0,11,0,822,7,39,1,17,313,5,0,273,0,0,69,0,0,0,470,0,2,29,0,1,4,0,1,119,3,0,0,45,181,119,2,0,246,0,850,409,0,2,3,20,0,7,0,0,1,155,0,0,0,3,3,26,2,101,2,2,0,0,13,7,20,0,0,42,1,4,35,1,0,4,26,1,81,0,0,0,0,84,1,14,0,0,0
hsa-miR-1180-3p,318,17,144,13,505,9,239,126,5,1918,51,34,1160,500,292,206,29,527,642,960,2275,2,649,503,1456,25,532,147,326,1394,37,416,553,359,8,0,610,286,104,1061,1,4,410,1,316,0,2234,24,78,66,101,18,691,80,1916,2,171,5,187,266,416,277,151,202,497,0,5097,249,759,319,567,2041,330,317,90,0,265,768,56,696,129,169,559,72,547,352,259,206,323,717,26,564,2907,35,46,772,293,1310,35,174,0,147,2023,209,230,26,46,502,241,287,0,283,39,254,210
hsa-miR-1180-5p,3368,20,65,28,455,1019,50,31,31,2349,153,6,135,1098,353,250,10,227,406,2876,63,0,24,41,1998,60,102,174,60,890,3,718,298,520,6,109,56,298,125,211,61,17,31,2,426,0,4435,26,96,4,1,172,64,558,156,1,5,1,383,435,2117,346,17,302,511,13,203,870,2576,1882,1180,66,21,163,258,5,157,388,63,4333,562,6,16,97,1432,1535,30,185,256,1809,58,33,3472,33,109,5588,3,404,214,464,0,6,990,1292,588,1,1,162,316,940,6,90,17,310,377
hsa-miR-1181,1671,13,229,23,618,1106,278,154,77,3663,3,35,1579,723,216,302,98,677,1062,2958,3321,13,779,672,2141,49,536,435,273,1369,21,1844,653,576,35,4,1318,274,166,1575,53,14,776,0,272,8,24872,86,130,83,0,91,1598,465,1727,4,149,2,964,1337,1123,1118,399,576,2316,57,4156,1365,2411,2734,1798,1595,463,488,100,498,473,693,98,3141,515,153,366,63,1379,1289,211,722,757,1489,67,415,4628,40,154,2960,406,2204,752,766,0,187,3098,802,481,31,71,605,401,641,6,359,32,339,283
hsa-miR-1182,197,1,6,8,69,6,37,15,3,166,0,1,214,38,66,50,8,30,82,73,36,2,15,66,79,9,25,31,4,80,0,165,24,54,0,0,74,6,3,45,1,0,71,0,26,0,1130,3,3,10,0,3,6,3,115,0,1,0,294,40,7,61,12,4,337,0,96,41,111,642,71,176,59,78,129,2,12,16,0,440,147,16,4,3,243,116,7,26,58,237,1,35,39,3,9,210,5,21,74,47,0,2,335,197,22,1,1,49,50,15,0,116,23,7,41
hsa-miR-1183,542,0,39,0,68,3,19,13,22,391,0,1,3,85,2,64,5,132,188,769,780,0,138,70,273,4,8,37,30,17,2,10,99,27,0,1,10,83,0,559,0,9,16,0,2,1,2397,0,10,0,0,19,8,94,4,0,1,3,2,3,3,39,0,98,0,0,318,68,51,1,10,528,1,17,4,6,14,147,0,7,24,100,2,2,247,114,69,23,12,20,8,68,40,6,0,203,169,170,2,0,0,2,226,47,74,0,0,0,3,33,0,96,0,4,19
hsa-miR-1184,5,0,2,0,111,0,3,53,5,291,0,0,3,105,9,1,2,4,30,3,28,1,204,33,2,3,6,1,117,5,0,159,3,0,0,0,8,6,0,3,0,0,1,0,2,0,1561,0,19,1,0,14,44,1,6,0,0,0,1,0,108,0,194,6,0,0,23,20,201,82,2,442,1,0,95,0,8,32,12,4,1,2,2,13,1,148,28,0,64,0,0,1,26,0,0,119,6,87,89,113,0,71,25,1,12,0,1,1,20,0,0,4,0,274,17
hsa-miR-1185-1-3p,87,1,45,3,124,0,38,27,10,537,1,12,131,148,72,17,120,237,173,124,265,0,204,121,156,3,125,208,136,110,1,51,204,145,0,13,254,185,30,595,0,1,166,0,134,0,831,0,14,23,0,1,54,77,356,0,24,0,93,27,75,193,176,34,266,1,1348,274,274,203,10,930,75,32,2,198,42,124,11,294,19,66,59,10,121,105,64,73,28,118,1,216,414,5,0,134,43,432,111,171,0,58,574,100,123,0,10,21,55,35,0,31,1,78,37
hsa-miR-1185-2-3p,86,0,42,8,145,4,42,17,8,452,0,11,139,183,74,11,92,228,178,123,262,1,196,99,165,4,98,198,154,89,0,66,209,129,2,13,263,191,33,631,0,3,183,0,129,0,827,3,24,27,0,5,53,67,370,0,26,0,116,38,58,194,155,37,261,0,1344,309,371,176,17,956,88,30,1,186,54,124,18,274,10,80,60,9,136,124,59,98,25,113,5,247,444,10,0,144,56,406,112,195,0,64,568,89,119,0,11,27,56,37,0,25,1,80,26
hsa-miR-1185-5p,2,3,3,0,0,0,3,2,0,119,0,0,121,53,17,0,1,115,6,4,149,2,1,39,1,1,0,1,3,7,0,4,4,0,0,1,6,5,4,68,0,0,49,0,1,0,33,0,0,0,0,0,6,83,5,0,1,0,33,0,3,65,1,1,0,0,74,10,1,1,6,271,2,24,2,0,44,101,0,3,2,12,2,0,3,34,0,0,40,0,3,51,22,2,0,140,0,130,3,48,0,9,20,1,2,0,1,91,0,2,0,1,0,1,3
hsa-miR-1193,2037,5,25,2,339,7,4,17,5,278,1,1,500,98,118,136,86,268,109,452,724,1,78,29,137,14,50,7,43,106,1,126,112,307,0,1,23,60,95,18,1,4,43,0,1,0,4072,0,12,29,0,44,144,218,17,0,5,0,94,136,334,275,221,27,1941,73,420,84,1307,539,206,46,122,100,2,6,89,89,14,1018,229,17,7,5,253,472,113,76,193,27,19,60,2472,1,17,2204,9,135,313,295,0,86,114,504,249,33,0,17,86,39,1,42,0,62,4
hsa-miR-1197,34,0,1,1,148,2,1,0,0,4,0,0,97,2,20,0,1,0,4,0,4,0,0,1,4,2,1,1,1,3,0,1,8,0,1,0,176,2,0,145,0,0,2,0,131,0,17,0,24,1,1,0,4,61,1,0,0,0,0,0,167,75,0,1,155,0,8,4,98,2,2,232,0,0,0,0,0,75,0,4,12,0,1,0,82,0,1,0,18,0,0,1,6,0,0,64,0,1,13,0,0,34,15,0,1,0,0,0,0,1,0,1,0,1,0
hsa-miR-1199-3p,310,2,275,8,662,11,566,365,43,2781,1,5,706,984,408,61,261,1510,942,3065,5398,8,684,984,1098,14,640,738,145,1158,0,146,1174,176,3,65,1126,675,32,2408,2,29,839,1,499,24,9506,4,61,12,0,104,595,335,818,1,62,15,42,558,900,989,60,111,1443,94,6378,547,715,1719,206,4163,897,95,295,1571,374,1218,35,1442,89,267,609,46,505,517,545,121,110,344,64,505,1062,33,25,929,316,2439,67,253,1,632,7143,78,606,6,9,108,76,473,3,351,3,859,180
hsa-miR-1199-5p,270,2,126,6,49,5,5,41,12,3322,0,0,48,162,40,40,6,24,298,973,159,1,208,170,790,14,11,16,219,57,1,2837,27,305,12,1,20,48,65,462,0,4,233,0,141,3,1399,7,19,41,0,38,207,156,90,0,5,0,268,51,307,69,144,65,2,1,812,1208,501,424,691,48,135,39,72,150,175,46,20,2186,92,8,32,28,941,183,53,456,160,518,22,25,6023,13,71,645,47,416,182,133,0,68,518,441,1086,1,2,134,69,124,8,62,31,384,220
hsa-miR-1200,250,0,3,3,1,7,2,3,1,370,0,0,3,26,19,44,31,4,0,393,7,0,1,8,3,4,6,3,6,10,0,20,3,153,0,0,9,7,23,15,0,0,1,0,2,0,552,0,13,0,1,20,13,32,8,0,1,0,1,1,236,31,6,2,300,0,686,913,298,4,858,12,3,1,1,483,3,4,0,363,48,2,1,0,1,198,33,0,8,122,10,3,260,0,0,301,0,65,1,170,0,3,47,1,228,0,0,16,2,129,0,0,2,3,64
hsa-miR-1202,463,2,43,5,213,5,319,183,32,885,0,18,676,517,228,132,127,349,252,1213,2221,13,379,646,797,284,399,510,521,799,0,303,702,218,1,1,520,454,42,631,0,4,671,0,754,0,3911,35,27,112,0,22,890,356,1547,1,79,43,348,129,147,338,266,211,356,4,4503,637,271,1008,165,2290,148,264,56,1,234,838,28,885,157,112,138,35,247,64,159,146,93,173,25,462,4028,81,9,977,138,660,468,97,0,147,6978,257,377,15,56,178,206,254,3,135,57,610,114
hsa-miR-1203,779,4,10,0,235,5,218,27,8,312,0,9,232,209,101,111,90,116,280,982,2462,2,260,86,599,6,87,118,26,32,0,282,266,234,4,0,237,177,88,360,0,0,16,1,191,0,3531,0,36,3,0,10,1275,172,237,1,23,3,17,175,100,99,17,557,295,0,899,1091,609,900,34,990,176,105,78,4,188,409,31,881,66,53,221,2,339,161,101,60,153,116,18,88,1817,1,10,772,10,173,66,153,0,123,4000,128,115,0,2,102,333,199,1,51,75,1,68
hsa-miR-1204,521,0,5,1,0,1012,1,45,5,683,0,0,19,0,33,30,3,7,4,3,12,2,1,1,70,3,3,1,0,14,0,76,113,1,0,0,6,2,8,11,0,0,6,0,0,51,973,4,0,0,13,8,38,1,68,1,0,0,10,5,493,38,4,19,133,1,53,5,105,3,23,12,0,24,0,1,0,2,0,86,45,3,1,0,69,10,1,9,39,78,5,110,10,0,0,360,0,3,7,31,0,1,12,283,37,0,0,30,2,54,1,50,0,146,19
hsa-miR-1205,1,0,1,0,0,0,1,0,0,2,0,0,0,36,0,1,0,1,0,3,4,0,48,0,1,0,1,3,2,2,0,12,1,0,0,0,0,74,1,2,0,0,1,0,0,0,243,0,0,0,0,1,3,0,0,0,0,0,0,0,0,2,0,0,148,0,9,0,107,2,2,5,2,0,1,0,0,4,7,100,5,1,0,0,0,1,17,0,6,0,0,0,7,0,0,22,0,62,0,0,0,1,7,0,0,0,0,0,0,0,0,1,0,0,1
hsa-miR-1206,1,0,3,1,107,2,65,111,0,4,0,0,6,3,67,46,1,319,2,1107,17,0,183,130,0,2,209,5,6,408,0,4,4,95,0,0,1,8,0,259,1,0,0,0,0,0,293,0,25,1,0,0,8,0,3,0,0,0,0,1,1,2,4,1,2,0,17,58,0,3,7,16,111,0,45,0,0,105,0,2,95,1,7,0,1,305,82,1,44,3,10,46,72,1,2,6,2,148,131,0,0,1,1186,2,0,0,0,0,0,136,0,57,0,0,1
hsa-miR-1207-3p,116,0,1,10,43,0,3,16,3,723,0,0,0,36,23,0,5,1,2,696,7,0,20,0,283,4,3,1,3,282,0,3,2,79,1,0,4,3,13,253,0,0,0,0,6,0,1010,0,13,2,0,6,3,132,3,26,0,0,1,82,0,462,4,1,9,1,11,7,63,12,4,9,1,32,89,872,0,1,4,44526,1,1,3,0,54,0,10,0,0,203,9,3,7,0,9,25,1,3,121,182,0,0,22,3,3126,0,0,0,92,6,4,2,0,331,38
hsa-miR-1207-5p,5,2,4,1,0,1,1,2,1,64,0,0,3,29,19,0,86,100,56,11,13,1,3,57,121,1,2,3,5,3,0,1,15,50,0,0,72,57,20,29,0,0,1,0,1,0,549,0,6,0,0,21,29,0,6,0,2,0,14,1,11,39,98,1,11,0,110,20,226,3,10,318,4,5,13,0,42,28,6,115,0,4,31,5,31,22,9,23,0,201,3,1,42,1,10,374,0,27,0,1,0,27,833,48,36,0,1,40,0,11,3,30,0,0,58
hsa-miR-1208,6,2,7,2,86,1,0,63,5,523,0,2,37,0,130,0,4,0,2,291,543,1,2,127,0,0,8,0,1,14,0,29,0,0,0,0,5,0,0,157,0,0,42,0,3,0,2031,1,0,0,0,46,1,288,8,1,9,0,324,0,101,14,0,0,172,0,977,8,239,1060,15,205,0,63,251,0,42,1,0,327,24,4,2,0,143,44,1,0,34,1,1,2,37,9,4,133,26,76,0,24,0,60,18,1,0,1,1,0,0,0,0,12,1,0,0
hsa-miR-12113,110,0,2,0,1,1,2,1,0,2,0,0,1,14,13,1,2,57,55,1,12,0,1,3,1,0,3,1,45,4,0,3,1,9,1,0,4,246,1,55,0,0,6,0,7,0,576,1,0,5,0,47,9,0,243,0,0,0,1,94,75,18,3,156,1,1,14,13,33,97,3,10,3,0,49,1,35,17,7,2,143,2,97,1,0,5,8,0,5,0,0,114,17,2,0,187,0,12,78,1,0,2,19,1,1,1,1,38,0,3,0,25,0,2,0
hsa-miR-12114,222,2,2,0,185,8,6,2,1,7,0,5,15,4,68,12,14,6,2,563,35,0,28,3,3,16,3,2,2,193,19,5,4,27,0,8,5,58,10,31,0,2,40,0,131,1,882,0,0,0,0,7,28,2,292,1,2,14,72,50,445,50,0,156,321,12,694,7,355,254,393,33,110,19,1,459,48,2,13,260,75,1,1,7,8,280,1,0,7,96,15,78,23,0,24,418,0,21,0,109,0,3,26,2,23,0,11,5,12,72,0,21,0,473,2
hsa-miR-12115,473,3,40,0,56,4,76,2,2,177,1,0,7,10,6,36,2,144,52,900,373,0,6,15,5,2,69,120,7,17,0,114,10,3,2,0,47,5,53,22,1,3,5,0,1,0,1229,0,60,0,0,10,20,1,32,0,2,0,151,245,113,64,3,2,421,0,102,23,519,582,419,30,8,1,1,86,2,44,14,701,145,3,3,0,103,220,2,32,37,225,11,36,474,0,22,490,4,10,0,0,0,3,588,72,92,10,0,105,19,28,2,19,0,118,17
hsa-miR-12116,747,27,61,28,6,14,143,55,5,238,0,1,320,69,22,97,91,148,154,1659,1037,1,40,124,14,8,151,191,98,422,1,101,87,59,1,0,24,136,61,347,0,4,20,0,110,9,1143,14,31,68,1,16,23,298,38,1,1,1,121,233,339,138,96,16,3460,2,53,52,642,829,502,873,53,37,61,7,104,47,8,410,628,95,12,18,319,548,52,3,72,821,11,189,115,6,36,581,12,170,95,2,1,19,145,218,53,20,0,81,66,163,4,43,72,4,86
hsa-miR-12117,1,0,11,0,3,0,4,15,1,70,0,0,1,0,0,0,1,62,35,46,12,0,2,4,0,0,39,1,0,5,0,15,55,34,0,0,12,68,0,92,0,3,58,0,1,0,927,0,0,1,0,1,2,1,1,0,1,1,1,0,8,6,0,1,0,0,21,12,2,93,3,452,2,4,0,0,55,77,0,55,6,2,0,3,18,1,12,0,11,138,5,6,17,0,11,163,1,16,86,12,0,2,9,0,0,0,0,0,21,36,0,1,0,13,0
hsa-miR-12118,1807,3,12,16,4,11,8,38,4,352,1,0,100,89,0,197,5,11,35,634,505,2,30,23,3,16,6,166,72,31,5,41,78,55,0,4,10,16,31,24,1,9,34,0,47,1,3367,0,8,33,0,80,525,578,37,3,34,7,643,399,717,237,8,221,1,0,26,2334,1047,482,717,202,7,17,66,7,50,10,28,1226,434,4,32,1,302,1349,5,1,51,259,39,11,1245,7,49,1910,53,90,624,22,0,4,122,929,33,1,0,223,130,162,2,1,1,545,131
hsa-miR-12119,101,0,68,0,47,2,18,35,5,537,0,0,8,10,12,24,2,10,25,288,712,0,8,51,4,4,54,7,18,9,0,74,8,27,1,0,54,130,49,77,0,0,4,0,4,0,1937,1,5,9,0,35,46,21,242,0,1,3,76,3,114,21,10,3,78,0,32,55,124,355,62,39,43,0,2,3,66,12,6,172,19,9,67,1,117,154,68,2,47,199,7,73,1745,1,6,424,29,176,21,138,0,40,1579,141,20,0,43,37,0,62,2,1,0,1,80
hsa-miR-12120,174,11,25,0,416,12,38,226,17,1539,0,8,317,433,165,133,12,201,539,743,650,0,165,58,1118,21,32,74,159,55,1,1595,284,150,1,0,23,40,32,557,4,7,18,0,8,0,3822,54,100,1,1,81,249,184,180,0,17,0,404,160,1002,69,161,272,2136,1,1022,121,873,886,417,937,113,28,29,2,55,39,45,766,258,9,32,61,250,1104,37,142,218,223,33,61,2823,9,20,2018,52,368,40,36,0,10,2152,478,454,1,24,119,222,254,3,100,17,170,238
hsa-miR-12121,490,3,7,3,110,1,19,149,16,738,0,1,229,218,59,49,5,40,344,1160,680,0,246,10,226,8,5,85,26,663,0,424,60,154,6,1,80,142,4,312,0,12,136,0,2,0,2605,9,13,1,0,36,28,23,80,3,2,0,135,122,379,108,8,4,321,11,795,791,440,263,262,641,29,0,8,1,76,193,13,939,21,58,6,0,340,441,79,81,85,822,6,123,113,6,37,703,71,567,104,226,0,146,1801,68,143,39,5,2,0,92,1,43,0,309,74
hsa-miR-12122,13396,163,7300,412,17912,3783,8210,10107,849,61381,137,309,28510,18605,9154,1447,4722,35498,15209,47921,156145,236,26816,25289,19679,3317,23353,28747,8588,41245,146,8841,26191,6268,69,206,17351,30867,2194,35049,859,172,23519,10,17342,304,234727,116,1286,1304,465,981,7258,2604,25093,161,2114,444,3149,4284,15787,9421,1654,7226,3943,359,205089,7187,12434,23894,4795,142353,10206,4345,6886,8938,17439,27856,1049,30587,2767,7853,15514,1159,19169,8989,8928,6158,1700,18387,842,22097,32498,798,621,24113,11681,47818,9298,7807,14,10974,92892,18886,8201,397,555,4258,4301,8548,56,13034,341,7702,3059
hsa-miR-12123,1,0,1,0,43,0,1,0,0,3,0,0,3,0,46,0,2,45,4,605,17,0,101,235,277,2,2,1,1,4,0,131,0,104,0,0,4,92,39,5,0,2,1,0,0,0,461,0,0,25,0,0,5,1,2,0,0,0,0,0,1,0,0,0,1,0,431,47,89,199,0,10,2,0,0,0,112,1,0,0,0,0,1,0,0,0,6,0,0,0,0,7,19,1,0,3,78,61,0,0,0,4,24,0,114,0,0,0,0,0,0,1,0,135,16
hsa-miR-12124,0,6,0,2,0,0,0,0,0,1,0,1,1,89,0,0,0,3,0,0,84,0,0,0,0,0,0,0,1,1,0,0,0,0,0,0,1,2,0,0,0,0,0,0,0,0,88,0,0,0,0,8,2,1,0,0,0,0,0,0,0,17,1,0,1,0,0,2,0,0,71,4,1,0,0,0,16,0,0,0,0,0,1,0,0,0,1,0,2,0,0,1,7,1,5,55,1,113,0,0,0,0,8,0,0,0,0,0,0,0,0,0,0,0,0
hsa-miR-12125,0,0,9,0,72,0,1,4,1,2,0,0,5,2,35,1,2,9,0,2,356,0,5,1,2,0,0,2,1,6,0,0,80,0,0,0,16,5,0,1,0,1,6,0,123,0,378,0,1,0,0,0,5,16,3,0,1,0,1,0,1,2,2,0,0,0,10,9,1,298,0,8,41,76,0,1,3,3,0,235,0,2,1,0,3,3,0,0,4,57,13,3,25,0,0,127,0,117,0,0,0,35,1075,0,0,0,0,0,1,110,0,67,0,0,0
hsa-miR-12126,485,0,122,2,44,1,6,20,8,620,0,0,51,187,97,100,6,125,0,5,38,1,2,44,10,2,43,3,3,61,6,99,2,1,1,8,96,8,0,458,0,0,158,0,68,0,3414,6,19,1,1,10,3,32,9,0,1,0,169,94,303,63,1,11,353,0,28,13,95,149,23,460,1,0,2,8,6,1,15,172,144,5,3,0,33,288,2,70,18,171,15,7,21,5,8,220,0,7,11,0,0,53,19,0,3,18,1,0,0,53,0,53,0,0,16
hsa-miR-12127,313,0,0,0,46,0,1,64,1,136,0,0,65,0,34,0,1,19,2,2,6,0,0,0,0,0,0,79,3,5,0,1,1,39,1,0,1,1,4,481,0,0,109,0,1,1,224,0,20,0,0,10,8,67,2,0,0,0,1,1,1,8,0,1,1,0,3,5,20,0,3,6,0,1,1,0,47,0,0,109,164,1,92,22,0,1,0,0,1,0,1,43,13,0,0,112,0,6,0,0,0,56,20,1,2,0,0,0,0,28,0,39,0,0,0
hsa-miR-12128,1066,0,10,2,5,12,9,3,17,1168,1,0,284,312,38,17,80,58,379,303,60,4,5,11,67,3,15,10,12,19,2,860,14,138,0,30,185,71,2,21,0,0,8,0,182,0,4210,0,50,24,0,10,24,5,318,1,0,0,10,0,58,74,8,54,71,2,538,2214,597,240,329,486,7,0,3,1,75,61,10,386,48,7,42,2,126,164,51,54,64,3,11,49,782,6,19,778,83,293,70,0,0,5,849,2,70,1,0,103,0,32,0,3,1,231,69
hsa-miR-12129,1,0,3,2,0,0,4,4,4,64,0,0,4,7,19,0,0,6,142,5,97,0,6,85,1,0,4,2,4,2,0,4,95,75,0,0,11,106,13,1,0,0,2,0,0,0,1204,0,0,0,0,3,13,2,234,0,2,1,0,1,0,0,3,0,11,0,714,17,39,3,4,22,83,0,1,0,45,5,0,138,70,0,59,0,31,50,1,2,3,167,1,4,28,0,0,3,43,43,0,0,0,1,627,0,0,0,7,1,0,37,0,3,1,149,21
hsa-miR-12130,615,0,2,1,122,0,72,7,1,0,0,0,2,94,0,48,5,163,0,1,523,1,1,1,1,0,5,160,2,12,0,23,55,150,0,0,179,2,0,268,0,1,94,0,0,0,1667,0,22,0,0,1,6,0,3,0,2,0,50,0,116,84,0,0,0,0,21,34,13,0,4,20,1,0,129,0,143,2,0,147,66,63,106,0,107,0,0,1,44,157,10,5,21,0,0,1,1,1,1,119,0,3,24,0,116,0,0,103,0,122,0,94,0,0,51
hsa-miR-12131,259,0,17,0,3,1,0,1,1,420,1,0,84,26,29,17,4,23,8,2,19,0,121,8,1,0,26,8,5,128,0,84,176,17,0,0,8,12,0,10,0,0,5,0,6,0,652,0,2,0,0,5,12,4,186,0,25,0,5,14,3,35,5,154,5,0,17,33,42,7,44,413,6,1,0,0,1,45,12,180,17,145,51,0,220,295,2,78,16,36,6,3,54,2,7,98,81,76,0,0,0,45,1696,90,0,0,1,16,1,1,0,1,0,53,0
hsa-miR-12132,4,0,4,0,728,3,118,3,0,5,0,1,134,82,23,0,6,4,69,4,318,6,50,6,243,2,134,140,2,15,0,114,5,1,1,0,6,250,0,11,0,0,75,0,338,0,25,1,1,0,0,34,11,216,3,0,1,0,1,342,559,36,4,170,2,0,1227,17,67,5,6,439,42,0,3,0,48,3,0,125,0,89,3,0,103,190,31,0,1,23,1,51,50,0,9,113,48,8,0,1,0,6,1150,294,76,1,0,1,229,60,6,1,0,0,3
hsa-miR-12133,14,0,45,0,15,4,1,48,2,29,1,1,5,1,0,1,0,5,0,5,18,0,198,9,1,5,3,0,1,6,0,1,14,0,0,1,3,0,1,5,2,0,2,0,1,0,520,0,9,0,1,19,2,121,58,0,0,1,13,0,3,6,1,18,3,0,248,10,71,30,24,10,2,4,3,0,2,1,1,6,5,1,12,0,143,1731,0,0,10,1,3,59,13,8,1,19,36,226,3,79,0,0,25,1,0,0,0,12,0,26,0,24,0,0,9
hsa-miR-12135,3,0,73,8,64,6,40,106,53,640,0,9,550,249,125,16,46,64,220,280,1311,5,106,143,536,129,58,14,205,380,0,86,371,68,0,0,105,20,25,263,0,15,542,0,575,0,34900,0,10,7,1,59,343,0,837,0,18,0,64,1,15,15,18,4,608,0,3412,88,67,0,17,1287,13,177,2,0,117,318,4,147,44,46,187,0,187,100,203,78,50,1,9,256,149,26,3,326,167,399,229,21,0,139,2758,2,0,2,3,64,314,49,2,95,3,255,26
hsa-miR-12136,5,0,1,0,2,0,1,0,0,2,0,0,2,2,0,4,1,1,1,1,547,3,62,1,63,1,2,0,1,6,0,1,110,0,0,0,4,136,0,2,0,27,3,0,0,0,137,0,3,4,0,4,2,1,4,0,0,0,2,14,1,1,1,0,0,0,6,2,5,1,2,5,1,0,3,1,1,1,0,35,0,1,2,0,0,0,1,0,2,1,2,2,14,2,0,84,2,2,17,0,0,3,27,360,112,1,0,0,0,102,1,121,0,1,71
hsa-miR-122-3p,159,0,0,0,1,0,1,1,0,1,0,0,8,3,23,0,1,1,1,0,278,0,0,1,1,0,1,32,0,3,0,0,64,1,0,0,2,0,0,118,0,0,1,0,0,1,122,1,0,0,0,0,1,0,3,0,0,0,0,1,2,0,1,2,0,0,7,2,1,1,2,5,6,11,0,0,0,2,0,58,0,0,1,3,1,30,1,0,0,0,0,2,114,0,0,23,0,5,8,1,0,1,9,2,2,0,0,34,1,0,0,2,0,116,0
hsa-miR-122-5p,1826,2,54,2,111,9,4,6,16,2067,0,0,392,71,194,211,4,40,2,262,24,1,5,20,3,9,5,7,33,46,1,614,41,42,1,93,287,60,3,16,3,6,3,0,0,1,787,3,10,5,0,11,17,6,50,2,2,1,1430,326,1588,658,5,8,97,65,20,138,435,508,3525,36,4,9,382,3,1,5,11,30,387,30,5,0,1067,2560,7,57,121,1024,29,6,1404,0,170,863,1,5,208,229,0,5,75,3,257,0,0,56,1,225,0,2,1,2,464
hsa-miR-1224-3p,47,0,0,4,0,0,1,15,1,537,0,5,1,29,0,10,1,3,50,6,10,0,52,3,1,1,3,148,10,74,0,1,3,1,0,0,2,182,20,7,0,0,67,0,2,0,636,0,13,3,0,1,5,106,2,0,11,0,123,0,59,24,3,496,502,0,7,10,41,149,10,21,1,0,33,1,28,2,0,2,89,3,1,1,30,3,27,0,11,18,4,4,20,0,2,114,0,122,65,0,0,4,34,3,43,0,1,3,0,76,2,1,0,0,0
hsa-miR-1224-5p,2234,6,7,9,64,14,66,98,31,466,1,19,253,197,91,82,10,173,42,928,45,1,126,75,339,9,37,450,95,139,12,32,69,224,2,17,25,440,37,273,1,6,6,0,7,1,4208,3,8,0,1,35,177,3,160,1,32,0,7,4,491,102,12,250,2636,0,444,53,1512,389,288,323,4,65,42,4,81,60,1,429,476,6,12,0,588,742,28,182,29,520,23,25,84,7,15,1621,2,97,47,216,0,8,657,44,149,1,0,135,3,141,0,152,0,174,25
hsa-miR-1225-3p,1613,38,148,22,250,28,193,321,42,2218,257,33,1598,405,293,284,98,296,380,1363,1911,6,376,194,1769,744,60,446,203,787,4,2012,79,682,6,64,245,729,120,690,1,7,48,0,517,134,12300,17,52,14,94,32,704,310,471,1,22,2,432,481,1730,707,138,493,21079,181,1299,175,1795,9582,320,1183,117,107,37,2024,182,488,57,4619,2449,34,233,91,11177,1647,21,449,392,18363,57,376,2835,59,55,3628,261,579,549,222,0,55,3081,790,408,33,29,626,281,680,21,462,21,977,756
hsa-miR-1225-5p,1598,0,5,4,38,2,68,5,9,225,0,0,368,328,135,77,58,7,173,8,350,3,0,5,174,4,25,33,3,44,0,61,8,205,0,1,7,3,51,17,0,0,9,0,128,0,1738,18,32,1,0,35,6,1,82,0,0,0,255,59,436,350,151,174,207,113,22,22,516,12,854,37,193,1,62,2,73,72,23,1196,51,5,93,21,401,165,0,82,56,551,17,8,63,1,14,977,2,8,57,28,0,22,69,80,88,0,0,119,64,142,1,23,0,231,100
hsa-miR-1226-3p,26,0,0,0,93,0,0,18,2,414,0,0,2,3,32,0,1,2,26,4,17,0,118,20,21,1,4,105,2,7,0,52,2,0,1,0,3,3,1,94,0,0,1,0,117,0,703,0,4,0,0,0,148,2,62,0,1,0,0,0,2,1,0,34,0,0,18,5,88,2,3,9,26,27,1,1,0,2,0,50,0,59,5,0,47,58,2,25,1,1,0,1,109,0,0,115,1,50,2,1,0,23,25,0,1,0,0,0,22,15,1,4,0,1,0
hsa-miR-1226-5p,190,6,56,8,375,9,150,192,25,914,0,18,653,294,103,130,108,174,393,985,1898,2,353,436,755,14,273,284,459,821,0,188,419,530,3,10,683,153,57,209,1,9,379,0,663,9,2619,20,102,34,4,15,386,115,1466,3,45,2,311,198,176,522,55,250,539,21,3983,442,500,362,337,1493,227,210,109,2,152,501,62,436,321,83,106,116,445,303,179,114,107,248,27,193,2161,33,15,738,238,934,293,19,0,201,3512,503,46,11,2,220,84,181,2,287,16,144,128
hsa-miR-1227-3p,2325,0,52,20,0,1,0,54,10,1031,0,30,314,11,4,2,24,66,15,4,192,0,30,50,4,3,5,44,0,95,2,76,6,147,1,1,1,3,6,346,1,1,3,0,3,0,717,0,1,2,0,14,121,199,6,0,12,0,4,30,114,64,2,181,457,0,81,48,52,900,335,11,5,1,76,1,59,102,8,240,27,1,19,19,7,15,2,157,34,220,1,103,48,0,18,303,2,6,291,65,0,0,37,0,146,3,0,105,0,10,0,50,0,1,3
hsa-miR-1227-5p,58,4,3,1,1,1,1,29,3,393,0,0,12,214,2,1,5,8,7,3,23,7,5,75,50,5,0,4,6,16,0,55,6,1,0,0,4,18,0,13,0,7,91,0,87,1,1376,1,4,102,0,16,23,105,4,1,9,0,49,65,126,52,93,3,2,1,16,42,524,163,11,15,2,129,4,1,18,6,10,830,0,2,3,1,1,167,6,135,18,2,15,24,1597,0,1,504,1,40,82,93,0,1,935,137,71,0,1,2,0,1,0,2,0,1,0
hsa-miR-1228-3p,150,7,17,0,0,4,43,1,0,243,0,0,240,128,1,62,0,8,99,669,681,0,33,18,171,1,4,310,57,14,0,11,144,145,0,1,22,127,82,10,0,0,49,0,153,0,252,6,9,1,1,5,68,105,115,1,3,0,44,54,326,48,8,4,118,0,37,532,306,395,400,245,20,65,27,0,44,11,31,360,267,0,10,9,90,256,19,2,20,125,18,3,86,16,21,671,19,122,16,2,0,45,1232,77,68,0,0,60,64,139,4,49,0,5,21
hsa-miR-1228-5p,1831,18,16,0,151,1137,214,4,27,5649,0,1,1052,103,26,154,5,120,268,2171,420,1,97,18,817,16,119,20,310,246,2,2450,55,121,2,6,36,292,64,70,38,8,180,0,6,4,3565,22,37,61,0,66,75,315,604,1,2,3,393,102,395,144,396,141,1589,1,145,1237,1329,1822,1413,526,89,49,194,2,53,200,15,2686,232,3,48,63,2553,908,61,257,449,1489,24,23,702,2,29,1387,2,230,222,1,0,45,160,162,1940,30,1,227,43,221,6,99,0,89,524
hsa-miR-1229-3p,1423,3,63,54,69,12,6,6,7,1025,0,0,76,157,28,216,5,4,110,211,47,1,4,9,4,209,103,6,22,112,0,357,147,16,0,2,8,129,6,66,66,0,79,0,1,0,1952,0,9,0,0,13,76,58,29,0,7,0,28,150,556,181,6,268,200,1,18,16,1116,701,519,35,3,40,68,6,115,2,31,250,227,2,2,0,157,783,13,19,99,825,31,13,266,0,39,695,2,211,22,1,0,0,52,3,48,0,4,82,93,69,1,87,4,153,84
hsa-miR-1229-5p,1234,5,12,6,33,7,6,20,5,349,0,0,349,270,42,26,4,45,6,1350,37,4,132,14,62,300,6,9,109,92,0,208,211,169,0,49,13,382,21,17,0,1,110,1,212,0,3894,0,9,0,0,13,26,141,270,0,2,0,323,30,402,57,6,60,259,0,28,1125,586,569,194,41,8,115,26,0,51,1,26,138,236,3,86,1,388,766,67,65,64,3,20,4,508,3,20,1062,4,203,2,73,0,22,117,120,30,1,3,174,1,72,1,73,8,2,15
hsa-miR-122b-3p,43,5,4,2,102,1,16,14,12,557,0,0,31,72,36,43,4,53,3,239,12,2,1,0,2,1,4,2,37,19,0,15,56,46,0,10,91,41,5,57,2,0,1,0,1,1,1104,8,18,22,0,20,4,0,9,0,0,0,147,199,156,456,3,7,27,61,37,39,120,391,627,18,9,18,132,1,6,2,17,49,0,21,2,0,133,473,9,3,32,596,12,3,50,0,39,266,21,38,105,180,0,0,20,1,44,0,0,67,1,92,0,0,0,2,110
hsa-miR-122b-5p,83,0,0,0,1,3,2,0,0,0,0,0,4,1,10,0,0,2,1,0,5,0,3,15,1,0,1,52,0,162,0,61,73,0,0,0,1,2,0,180,0,0,1,0,1,0,115,0,0,2,0,0,6,0,0,0,0,0,1,1,0,0,2,1,0,1,4,11,0,2,2,5,22,12,0,0,16,2,0,97,0,1,1,2,1,17,0,1,0,0,0,1,1139,0,0,7,1,6,30,63,0,0,28,0,0,0,0,73,1,1,2,1,0,1,0
hsa-miR-1231,339,6,9,9,2,5,6,4,2,1498,0,0,104,293,72,92,8,62,79,105,19,0,29,79,317,13,101,6,13,493,0,1559,3,1,1,1,8,11,4,89,1,2,4,0,3,0,1347,0,20,3,0,4,11,335,224,3,2,0,4,149,163,155,5,288,25,1,20,22,395,643,203,514,5,66,3,0,6,3,10,1353,114,4,16,0,93,295,1,77,123,27,8,70,1587,4,17,604,1,205,89,19,0,6,72,276,83,0,0,38,152,56,0,69,12,675,93
hsa-miR-1233-3p,86,2,1,4,47,2,3,0,4,419,1,0,2,3,0,58,0,4,89,560,47,0,5,3,722,195,2,96,4,18,1,22,5,30,0,0,2,40,3,224,0,2,44,0,7,14,323,0,9,4,0,8,22,11,7,2,23,0,40,48,291,32,2,2,134,0,26,18,264,428,73,139,1,34,70,0,48,3,2,348,32,1,0,0,232,16,0,0,68,1,4,33,23,4,10,318,1,3,52,137,0,9,13,29,63,1,0,3,74,122,0,26,0,163,79
hsa-miR-1233-5p,445,0,139,6,111,8,37,6,7,286,0,0,541,186,56,57,3,23,73,517,182,0,10,11,174,898,7,78,25,41,1,120,12,126,1,3,67,68,10,376,23,8,58,0,209,6,2808,11,20,9,0,74,209,86,18,1,1,24,10,217,536,56,252,33,2,0,308,67,432,1280,1820,20,51,66,71,2,94,56,2,1069,40,4,4,25,658,406,1,466,60,414,24,21,1690,12,38,440,34,146,391,281,0,1,92,290,373,26,1,24,115,284,5,118,6,609,136
hsa-miR-1234-3p,2905,21,218,20,192,1315,9,161,21,3003,2,38,360,328,68,364,11,91,160,3968,706,3,64,22,305,42,45,26,101,726,19,64,36,133,6,46,17,77,48,1027,142,9,155,0,328,33,4130,28,39,4,50,35,199,277,398,3,21,2,347,508,3229,279,146,469,5687,68,203,59,2496,2480,4009,531,26,71,99,295,164,31,19,1570,2104,18,11,46,1341,3060,8,178,151,1552,74,43,1579,10,176,2422,28,272,245,185,1,5,1504,990,68,0,0,235,55,113,15,52,12,259,277
hsa-miR-1236-3p,10,5,8,0,114,0,5,2,3,417,0,0,3,365,0,45,7,3,0,229,493,1,3,9,51,4,3,122,4,9,0,540,102,2,0,0,7,5,11,12,0,0,129,0,1,0,585,4,13,0,0,0,16,87,205,0,4,0,2,16,35,59,2,1,3,1,1088,15,83,20,10,99,175,0,3,0,60,5,1,38,155,2,3,0,540,129,0,0,9,136,21,32,92,0,10,435,85,4,2,1,0,5,30,0,367,0,0,0,25,135,1,21,1,2,138
hsa-miR-1236-5p,309,9,2,0,3,1,8,4,2,44,0,0,14,68,22,1,3,53,7,53,337,1,9,51,71,98,4,94,5,5,0,5,87,18,1,0,1,24,2,146,0,1,9,0,3,0,844,12,3,9,0,0,112,4,87,0,5,4,129,136,10,21,23,104,0,0,405,20,66,28,25,147,8,3,22,2,97,1,2,54,35,29,30,4,70,67,32,0,2,25,2,66,348,1,1,224,16,98,85,0,0,47,769,29,3,0,0,8,20,20,1,42,0,1,33
hsa-miR-1237-3p,162,9,6,1,6,8,46,37,5,1369,24,0,4,83,22,36,157,3,299,532,52,4,141,210,664,16,87,48,122,326,0,688,208,328,0,2,12,138,74,660,0,1,128,0,516,0,875,0,22,2,0,25,123,134,240,1,0,0,226,32,476,139,9,3,907,31,263,25,151,1139,415,686,49,58,6,1,59,6,18,805,162,9,6,4,873,398,107,189,71,360,38,42,108,6,41,1592,12,455,117,407,0,42,80,3,156,0,0,2,4,408,2,93,1,355,110
hsa-miR-1237-5p,1834,31,6,15,99,13,8,39,31,1303,0,0,96,176,88,77,14,93,449,2755,46,2,7,162,1536,33,12,167,98,409,3,82,15,289,3,12,19,14,92,267,1,3,21,0,134,0,4779,3,59,6,0,30,202,598,22,0,30,0,18,359,591,274,246,465,2212,0,556,40,868,1273,1036,230,89,49,31,296,140,8,34,3157,494,5,6,4,930,830,2,0,184,190,63,82,720,10,84,1682,1,148,382,140,0,22,97,399,376,8,5,154,178,553,3,4,4,446,224
hsa-miR-1238-3p,830,5,56,0,2,4,3,2,9,1105,0,1,208,76,13,0,5,4,2,3,21,0,21,86,28,10,5,22,6,9,1,4,6,124,1,0,5,26,7,235,0,2,0,0,3,0,1290,0,0,0,0,14,10,171,13,0,2,0,97,0,238,186,2,136,1,87,31,20,641,3,29,27,6,52,0,2,0,2,24,216,105,2,55,1,179,598,0,37,2,4,14,0,43,3,4,1036,38,135,1,136,0,10,1251,1,2,0,25,37,0,50,1,2,0,0,14
hsa-miR-1238-5p,861,2,10,10,46,92,3,3,15,400,0,0,125,93,49,82,24,15,95,544,128,0,15,64,586,13,11,10,8,507,2,106,60,0,41,27,15,15,67,205,140,10,40,0,35,4,5195,11,34,3,18,10,111,342,16,1,2,1,83,52,577,74,19,29,2498,0,28,831,258,443,203,112,32,38,154,42,26,8,17,976,437,7,14,3,1575,82,4,203,67,1367,14,45,3420,1,10,523,38,43,184,399,0,5,135,80,314,1,0,91,266,137,0,18,1,90,73
hsa-miR-124-3p,575,31,7,9,2,1520,37,42,9,252,2,0,188,145,8,54,5,6,89,278,592,0,157,203,481,13,67,6,3,32,4,91,3,83,0,46,11,8,3,27,1,6,6,0,1,137,2445,0,16,38,0,49,66,239,50,0,38,10,200,262,582,171,5,10,195,0,1203,46,595,427,116,45,5,1,3,3,4,6,17,374,112,2,3,3,27,589,2,223,46,10,24,10,51,12,15,1353,1,160,2,0,0,4,62,365,6,0,0,122,11,278,3,5,0,408,147
hsa-miR-124-5p,7,1,2,0,3,0,0,1,3,239,0,0,1,2,46,0,1,0,0,2,4,0,0,1,0,1,0,0,0,148,0,80,0,0,0,0,5,1,12,228,0,0,0,0,1,0,9,0,0,0,0,16,17,0,1,1,0,0,1,0,2,25,0,1,2,0,4,1,220,10,6,342,0,15,3,2,0,0,4,785,0,0,0,22,2,14,1,0,12,1,4,18,9,2,0,108,21,53,0,0,0,24,4,89,148,0,0,1,0,18,0,20,0,1,0
hsa-miR-1243,7,0,73,0,104,0,1,75,1,7,0,0,9,1,1,3,0,3,175,5,17,0,0,36,2,0,92,3,117,14,0,26,3,1,0,0,7,3,0,21,0,0,8,0,24,0,437,0,2,0,0,0,10,6,4,0,2,0,1,162,9,5,6,7,5,0,546,561,10,343,10,13,1,0,6,0,0,62,1,97,4,2,5,90,1,3,2,2,5,197,8,7,37,24,0,130,2,4,1,1,0,0,41,0,39,0,0,59,0,2,0,35,1,0,10
hsa-miR-1244,326,0,162,11,244,6,43,307,25,231,0,4,148,509,169,3,37,575,295,565,2591,5,265,496,546,16,73,231,190,1428,0,80,255,17,1,0,68,338,27,1118,3,2,189,0,16,0,3213,0,18,0,1,32,130,2,232,8,29,1,43,1,542,104,132,8,3,13,7758,95,394,715,55,3878,355,20,6,10,283,349,19,68,20,95,379,4,128,277,487,9,30,248,4,398,239,21,13,142,105,1146,2,35,0,563,4452,64,5,3,7,141,6,51,0,228,7,198,6
hsa-miR-1245a,3,0,0,0,0,0,0,0,0,2,1,0,1,5,8,0,0,5,1,1,1,0,4,2,0,0,0,2,0,1,0,0,2,0,0,0,0,3,0,1,0,0,2,0,0,0,1,0,0,0,0,17,3,0,1,0,0,0,35,0,1,1,0,0,0,0,1,4,1,0,0,0,1,0,0,0,0,21,0,0,66,0,0,0,0,0,0,0,6,0,0,1,21,0,0,87,0,4,0,0,0,0,1114,0,26,1,0,0,0,0,0,0,0,0,0
hsa-miR-1245b-3p,13,2,6,0,0,0,21,66,3,165,0,5,159,100,36,0,52,49,29,268,731,0,4,159,50,2,138,98,58,13,0,58,81,49,17,1,9,67,10,535,11,3,149,0,132,0,1107,2,16,1,20,17,115,28,46,1,7,0,85,71,35,13,6,4,1,0,171,35,85,345,37,358,28,51,79,0,55,167,0,162,31,25,5,9,93,10,7,46,41,59,2,69,69,4,2,97,28,308,51,30,0,60,1506,44,62,10,19,29,90,40,2,94,14,144,10
hsa-miR-1245b-5p,9,0,1,0,1,0,0,0,0,3,0,0,0,0,9,0,0,0,0,0,3,0,0,0,0,0,0,0,0,0,0,0,0,0,0,0,0,0,0,1,0,0,1,0,0,0,3,0,0,0,0,7,0,1,0,0,1,0,27,0,2,0,0,0,0,0,186,1,1,0,1,2,0,0,0,0,0,20,0,1,25,0,1,0,0,0,2,0,1,1,0,1,0,0,0,34,19,0,1,0,0,0,2,0,17,0,0,0,0,0,0,0,0,0,0
hsa-miR-1246,8,10,5,0,3,3,2,6,21,1399,1,0,110,7,0,91,31,3,3,571,26,2,51,2,380,4,4,6,4,48,1,4,6,194,3,88,5,3,1,716,0,0,37,0,15,0,2538,0,44,1,1,54,48,380,5,0,3,0,1,768,3,123,3,3,357,1,22,14,882,848,299,27,3,43,187,1,178,13,2,771,1,3,1,6,1177,2,29,0,89,536,56,5,225,24,45,129,45,121,3,120,0,6,188,261,351,0,1,310,2,538,0,103,1,4,1
hsa-miR-1247-3p,14,5,5,0,1,5,3,6,0,576,0,1,81,430,69,68,2,112,36,407,305,1,16,206,292,6,2,33,18,10,0,63,184,0,33,0,4,26,0,245,0,0,10,0,219,0,171,0,20,9,0,12,126,3,452,0,29,1,152,2,166,79,9,123,148,0,693,59,258,704,1321,21,13,5,0,0,1,195,0,2,54,1,2,0,334,192,27,78,29,264,1,1,133,0,0,500,98,144,0,2,0,57,4162,1,1,0,0,42,3,1,1,90,0,1,43
hsa-miR-1247-5p,169,4,213,22,92,12,128,79,4,1154,63,13,13,303,190,82,8,97,260,14,1316,0,96,78,430,15,10,184,132,529,0,188,21,1,0,1,12,164,50,37,0,3,110,0,11,11,1831,0,11,6,0,45,18,367,193,0,4,0,186,56,800,103,6,45,588,0,554,102,943,520,234,231,7,90,5,148,188,32,2,1556,483,2,9,19,287,508,14,3,53,413,27,12,1347,7,33,2111,17,472,116,65,0,146,1446,106,42,33,24,57,213,46,0,88,0,1272,45
hsa-miR-1248,4,0,1,11,4,2,1,46,3,4,0,0,6,92,0,0,2,124,72,445,289,0,128,2,0,2,9,9,2,634,1,3,95,82,0,1,2,5,0,236,0,1,4,0,8,0,296,0,16,0,1,1,10,0,4,0,0,1,3,1,54,26,1,0,0,0,299,39,176,0,11,13,42,63,0,356,34,2,0,3,90,1,25,42,128,2,16,0,1,2,0,193,50,17,1,159,1,127,0,1,0,1,1365,0,2,0,0,0,0,0,1,27,0,1,1
hsa-miR-1249-3p,357,1,47,65,359,19,49,55,21,1145,0,2,335,348,358,98,8,144,499,277,1008,0,150,60,2815,50,50,73,71,662,26,149,208,210,36,6,175,217,636,3122,102,1,30,0,37,1,3001,50,156,5,3,19,54,67,715,27,30,2,979,2074,531,375,20,31,1850,3,572,101,734,4278,8282,114,126,244,277,1780,157,91,23,3582,486,13,40,2,6850,760,42,352,466,2049,131,340,365,8,673,1192,74,437,423,49,0,54,422,20,1420,2,0,180,89,1663,7,77,1,1834,297
hsa-miR-1249-5p,1094,2,209,26,540,48,482,444,35,1922,3,8,850,941,264,146,208,1242,1443,2463,7971,12,1077,1273,677,47,657,1113,357,1468,4,203,981,562,3,48,830,1315,90,1629,53,5,1393,0,887,18,10182,18,35,92,15,59,648,145,1806,6,133,14,182,231,645,839,124,118,860,110,8326,752,596,1159,564,6086,555,105,274,337,439,881,87,1520,193,516,615,51,982,382,339,320,169,928,56,820,2755,20,36,997,451,2265,312,420,1,484,7756,528,157,16,17,266,277,287,3,378,43,585,117
hsa-miR-1250-3p,2403,1,10,1,86,7,14,57,0,638,0,0,29,126,12,0,7,202,145,16,566,0,89,95,95,5,76,48,14,69,0,11,269,97,0,16,123,191,21,211,0,4,114,1,15,0,798,4,14,1,1,2,18,4,251,0,12,1,15,3,205,107,5,4,4,1,1231,36,149,111,614,523,22,10,61,3,62,77,17,27,20,9,53,3,93,149,59,11,2,16,0,163,104,3,3,227,79,152,11,41,0,104,481,26,10,0,7,6,114,11,0,103,1,6,39
hsa-miR-1250-5p,401,4,8,0,456,58,35,9,9,400,0,3,86,185,27,1,7,20,149,10,1769,7,53,34,276,8,41,41,7,50,0,94,81,34,1,1,32,202,43,25,0,1,10,0,2,0,6557,0,20,1,0,41,18,0,9,0,1,1,110,58,235,19,7,1,56,0,216,906,614,1080,281,72,26,36,67,1,65,61,16,1312,135,10,97,44,610,123,5,40,43,27,27,24,103,5,27,382,114,65,0,220,0,39,2241,82,203,1,1,0,99,166,2,27,2,2,54
hsa-miR-1251-3p,382,0,0,0,0,0,3,70,0,432,0,0,3,1,8,0,49,55,0,5,9,0,0,1,8,5,3,2,0,8,0,20,1,1,4,0,139,2,39,5,0,11,3,0,1,0,9,0,5,2,0,0,24,0,2,0,0,0,0,1,141,72,2,2,0,0,2,1,105,355,9,20,1,0,0,0,32,88,0,2,11,2,0,0,291,73,2,0,17,0,0,17,10,0,1,215,0,11,55,0,1,67,13,0,119,0,0,0,0,0,0,0,19,0,23
hsa-miR-1251-5p,49,0,2,0,0,1,0,69,0,0,0,0,2,29,0,1,69,102,2,1,14,0,3,184,201,2,59,131,2,7,0,0,3,1,0,0,3,4,4,4,42,0,0,0,0,0,524,0,2,0,0,22,8,97,63,0,0,19,89,0,1,12,1,0,0,0,456,5,96,2,4,13,0,0,2,0,8,2,0,226,0,1,2,0,48,3,1,0,15,0,3,83,37,0,0,15,13,0,37,101,0,46,623,0,192,0,0,0,1,21,1,63,0,0,6
hsa-miR-1252-3p,9,0,4,1,113,2,43,115,1,169,0,0,4,40,13,5,3,4,2,0,286,0,2,3,104,5,57,167,3,86,0,3,4,261,0,1,4,5,1,10,0,0,1,0,16,0,32,0,2,391,0,23,2,3,23,0,2,0,3,0,8,2,2,9,0,1,586,11,143,4,1387,40,79,0,1,2,3,6,0,3,128,9,5,0,3,15,2,1,56,6,0,3,19,37,12,161,3,32,1,2,0,2,48,3,2,0,0,5,2,2,0,21,1,2,33
hsa-miR-1252-5p,31,0,2,1,3,13,15,10,3,23,1,0,34,297,2,15,8,24,6,30,666,0,95,25,24,7,102,65,12,45,0,37,12,1,0,0,15,80,8,308,0,1,131,0,2,0,860,1,7,1,1,0,21,13,22,0,0,0,11,5,12,17,11,75,14,1,134,77,55,12,33,234,83,82,11,4,16,15,23,22,18,7,129,1,9,20,53,1,22,9,5,69,47,5,0,159,76,446,8,4,0,11,92,5,11,0,2,21,4,42,1,4,1,7,6
hsa-miR-1253,2589,0,209,2,3,9,83,81,29,1055,0,16,478,387,171,199,14,674,296,10,876,6,644,677,697,322,171,614,241,2483,136,49,885,160,2,73,393,555,14,574,120,0,255,0,1,1,3473,1,16,2,0,39,50,7,90,0,16,1,0,107,788,214,15,4,2,0,3671,79,469,950,242,1922,112,16,1,2,220,402,7,404,44,123,231,2,109,245,158,0,19,959,14,489,191,6,41,719,49,369,113,261,0,449,1441,696,323,1,2,155,97,144,1,254,1,124,4
hsa-miR-1255a,3,0,12,0,76,0,0,26,0,7,0,1,48,2,23,0,1,23,44,10,237,0,2,34,305,10,23,45,13,5,0,55,3,1,0,0,41,143,0,14,2,0,1,0,58,0,284,0,0,0,0,0,4,0,71,0,1,2,0,1,7,47,2,7,0,1,28,9,3,1,3,163,43,0,27,5,13,4,0,15,43,0,4,1,3,3,9,1,2,1,0,23,21,0,0,1,20,134,1,0,0,15,30,1,38,1,0,35,1,0,0,1,0,94,2
hsa-miR-1255b-2-3p,2,3,32,0,423,2,89,52,1,170,0,15,181,348,174,19,66,123,164,240,817,9,151,390,305,12,209,369,225,1028,19,225,188,29,2,0,248,238,41,880,0,5,92,0,190,0,1077,3,10,43,0,5,236,161,314,0,54,1,1,84,244,211,18,111,1,36,4000,124,185,641,10,2524,295,17,42,2,108,325,18,107,37,34,117,1,70,35,187,37,40,62,5,122,1497,7,5,14,254,1081,115,55,0,271,3854,347,315,13,2,81,98,0,1,8,31,232,74
hsa-miR-1255b-5p,243,27,1837,107,4763,601,2565,3254,156,15745,99,61,6446,6591,3218,332,1024,7059,5689,8710,38339,52,5891,7415,5855,722,4232,7176,2052,10389,76,1819,8674,2007,14,52,5459,8396,480,13615,178,32,5279,1,4099,60,41028,112,200,132,71,242,1672,824,5613,51,355,96,656,1070,2169,4203,424,1639,715,356,59057,2808,1958,7619,676,38291,4078,596,601,2429,4628,8645,210,6297,544,1684,4699,308,3700,2234,3036,1532,377,5137,265,6041,9812,252,183,3967,2653,15979,858,1371,4,3820,40292,4091,1981,135,57,1464,1483,2675,13,3052,96,2524,840
hsa-miR-1256,7,0,1,1,1,0,0,37,1,4,0,0,4,3,0,1,2,2,19,3,158,2,28,3,0,0,11,30,1,281,0,39,3,22,2,0,5,6,0,12,0,0,5,0,1,0,395,0,3,0,0,0,4,22,48,0,6,0,2,26,34,15,0,5,71,0,19,13,51,6,10,13,1,0,0,1,11,26,6,3,2,2,15,0,0,2,0,2,14,0,1,16,480,1,1,129,10,5,0,0,0,0,255,93,2,9,2,38,3,14,0,4,1,1,1
hsa-miR-1257,118,0,5,0,1,182,4,200,12,75,0,0,9,11,2,1,4,103,85,7,465,2,5,257,62,1,2,151,111,683,0,3,13,94,0,1,5,20,0,7,0,4,118,0,2,4,1170,0,1,0,0,31,550,1,186,0,5,0,0,80,283,8,9,0,491,0,586,29,78,412,8,19,9,2,1,0,2,4,16,396,59,1,5,37,136,39,75,2,3,109,13,2,90,1,2,244,39,11,0,0,0,57,2659,50,54,1,1,3,0,102,0,18,1,0,16
hsa-miR-1258,1518,0,3,7,1,600,78,3,12,514,0,0,6,43,92,62,7,13,25,8,31,0,7,16,221,9,7,151,5,19,0,44,11,171,0,0,14,14,19,6,2,0,41,0,2,0,2398,39,1,15,0,25,6,0,185,1,4,0,8,267,356,50,11,3,268,0,24,25,1208,655,105,24,5,0,1,1,39,1,5,673,135,4,242,1,106,130,38,0,28,119,3,91,1550,1,5,1045,1,248,174,1,0,2,68,2,21,0,0,126,0,34,0,4,0,1,2
hsa-miR-125a-3p,167,2,5,20,34,5,1,0,10,329,0,0,0,0,7,51,1,1,2,643,410,2,1,1,1,3,1,56,25,14,0,5,1,0,1,1,59,1,47,295,0,1,6,0,6,0,575,0,14,1,0,4,4,41,11,0,0,0,22,124,88,103,0,2,67,0,11,8,198,588,10,8,1,4,99,0,41,0,21,873,123,4,1,34,317,423,1,2,37,382,3,10,9,7,0,198,2,0,290,32,0,0,18,377,92,0,1,337,294,15,4,2,114,277,98
hsa-miR-125a-5p,12,23,2,12,1,7,0,0,105,561,2,0,5,0,2,316,74,12,2,868,5,0,1,1,4,4,4,2,1,35,0,1,0,1,1,1,5,0,7,21,1,0,93,0,3,1,122,0,90,0,0,17,7,565,10,0,0,0,78,37,578,236,0,2,1,0,8,98,34,3,390,4,1,0,619,0,6,2,0,476,1926,1,0,213,597,1371,7,135,31,619,16,39,13,0,21,830,0,1,1,1,0,1,21,604,159,0,0,0,74,432,26,1,0,911,126
hsa-miR-125b-1-3p,149,0,2,0,17,6,1,0,1,466,0,0,128,0,22,2,0,1,1,475,7,0,0,7,211,5,2,1,1,30,0,36,3,21,1,2,41,2,0,17,0,0,2,0,20,0,331,7,19,0,0,1,2,99,3,0,0,0,0,1,8,99,0,1,1109,0,11,6,44,5,8,28,1,0,4,6,3,1,6,234,248,0,0,0,169,93,4,3,4,409,4,0,9,14,1,337,1,55,0,0,0,4,12,42,0,1,1,1,0,8,0,2,0,0,0
hsa-miR-125b-2-3p,8,0,178,0,4,1,10,363,4,389,0,0,202,107,62,14,5,864,10,272,85,4,22,13,196,132,17,55,7,27,0,48,337,4,0,0,54,76,11,25,0,1,313,0,4,6,1822,4,4,1,0,0,100,12,8,1,3,0,1,3,30,42,41,2,317,0,64,18,77,9,6,121,7,1,17,0,39,11,0,481,1,46,15,11,72,123,22,21,97,19,3,18,150,3,0,252,29,94,44,110,0,8,83,75,37,0,0,4,1,19,1,70,0,4,5
hsa-miR-125b-5p,4,0,1,0,0,1298,2,0,5,8,1,60,3,28,0,10,1,0,0,3,243,0,0,29,2,3,1,4,3,7,1,1,2,0,0,1,2,6,229,87,1,0,5,0,4,0,486,63,1,0,0,1,8,149,3,0,0,0,0,1,3,84,5,2,439,0,9,13,18,3,20,23,1,0,1,0,20,4,34,49,222,0,2,0,79,135,8,6,5,19,12,25,25,7,1,145,1,6,1,0,0,0,872,0,0,0,0,2,0,0,0,0,0,1,0
hsa-miR-126-3p,11,14,5,0,1,8,1,4,7,279,0,0,158,1,2,283,84,0,7,946,22,0,108,2,0,6,3,5,4,14,0,79,97,404,0,0,5,97,0,17,3,0,21,0,0,0,1685,0,2,0,0,15,100,759,7,0,32,1,4,2,9,207,1,537,2,1,18,9,1753,286,226,12,2,0,3,1,1,3,0,514,857,1,1,1,0,1024,3,0,1,485,12,4,19,0,8,40,1,5,1,128,0,3,31,0,0,0,0,4,357,0,0,51,0,1,1
hsa-miR-126-5p,452,0,0,1,0,4,0,0,0,516,0,0,3,1,32,300,0,4,16,47,14,1,0,71,2,4,2,0,1,6,0,0,1,0,0,0,148,1,0,5,0,4,1,0,1,1,182,1,0,0,0,21,2,241,9,0,0,8,1,2,1,143,1,259,0,0,43,3,1332,0,20,10,1,0,2,0,1,0,0,78,41,0,0,0,149,180,0,125,0,263,10,0,9,1,0,191,0,1,0,59,0,8,11,0,0,0,0,2,55,123,12,49,0,0,0
hsa-miR-1260a,608,4,74,14,208,3,7,118,13,1220,0,0,397,138,171,29,11,332,345,268,1327,5,153,384,434,192,187,268,214,287,0,370,291,244,2,0,238,814,36,434,1,2,136,0,231,0,2878,0,14,15,52,34,71,0,391,1,53,1,181,85,219,201,73,2,149,0,2404,982,66,732,395,712,112,65,158,4,32,450,16,889,96,46,166,38,173,63,53,162,29,161,14,161,1728,3,28,212,129,540,205,72,0,81,3883,185,191,1,0,62,165,52,4,10,10,227,25
hsa-miR-1260b,783,0,2,0,0,4,0,5,0,2,0,0,3,39,0,0,0,5,2,4,8,1,3,0,6,727,3,41,132,3,1,266,3,134,0,3,2,2,0,38,0,0,0,0,17,0,158,0,1,0,0,0,6,0,10,0,1,0,74,0,262,40,2,2,360,0,6,6,292,200,290,7,0,43,82,0,79,0,0,416,37,0,24,0,150,173,1,55,15,150,7,0,17,22,16,300,1,2,219,1,0,0,16,0,153,0,0,1,29,54,0,57,0,0,46
hsa-miR-1261,370,0,39,1,66,2,62,5,6,7,0,15,630,3,12,1,6,11,3,2,954,0,5,4,2,2,5,112,98,8,0,117,254,0,1,0,162,80,0,1,1,0,9,1,0,0,1563,13,0,0,0,13,11,2,6,0,25,0,1,68,2,51,9,0,0,0,481,18,435,221,7,27,248,170,2,2,75,221,19,243,1,61,196,69,3,421,154,0,63,114,2,96,127,1,0,342,7,94,0,0,1,54,58,0,1,0,0,0,1,65,3,47,0,0,50
hsa-miR-1262,3,0,2,0,1,3,0,98,0,427,0,0,7,32,2,2,1,5,8,4,12,5,50,9,2,1,184,146,2,36,0,8,13,48,2,0,7,133,1,249,0,0,8,0,9,0,67,1,18,0,0,0,121,67,95,0,15,0,92,90,3,1,4,1,0,0,15,32,3,3,7,197,7,1,1,0,1,6,0,137,46,2,2,0,1,16,30,2,3,7,1,2,56,8,2,58,1,129,0,1,0,2,1778,1,1,0,0,1,0,2,1,0,0,0,1
hsa-miR-1263,76,0,77,0,0,0,0,0,0,1,0,0,0,0,0,1,1,0,0,1,9,0,0,2,0,0,1,0,0,1,0,42,0,44,0,0,3,1,0,4,0,0,4,0,0,0,519,0,0,0,0,5,0,1,0,0,1,0,28,0,0,0,0,1,0,0,6,1,7,1,2,448,0,0,0,0,2,0,5,0,0,0,1,0,1,0,0,0,37,0,0,1,4,0,0,58,0,3,0,151,0,2,5,0,0,0,0,0,1,0,1,0,0,0,39
hsa-miR-1264,6,0,2,12,14,0,2,1,1,2,0,2,2,1,16,0,6,6,0,2,1648,1,2,122,2,0,65,4,4,3,0,93,240,36,0,0,9,4,8,6,0,0,123,0,1,0,887,0,0,1,0,1,5,0,2,0,0,0,1,55,66,32,3,1,1,0,19,15,100,127,2,23,99,40,1,3,2,5,0,79,0,6,2,0,0,110,6,1,5,174,9,1,40,0,0,16,74,179,0,1,0,0,603,446,124,18,1,1,1,61,0,55,5,0,0
hsa-miR-1265,78,0,38,0,84,3,4,9,2,193,0,0,3,43,36,0,6,6,50,3,343,0,3,49,74,0,28,47,80,232,0,3,96,2,1,0,9,8,0,192,1,0,138,0,9,0,307,13,27,0,0,13,8,33,11,0,1,0,27,1,0,14,3,0,4,0,1161,28,229,15,6,232,116,0,74,3,24,94,0,329,1,2,264,3,173,117,28,0,3,140,4,123,33,17,10,222,97,110,69,1,0,31,436,158,13,1,40,0,0,65,0,15,0,302,76
hsa-miR-1266-3p,720,0,0,0,40,3,2,0,6,2,0,0,0,2,0,0,0,0,0,0,213,0,2,0,51,3,0,0,2,2,1,74,0,0,0,0,2,0,0,2,0,4,1,1,0,0,248,0,0,0,0,0,30,0,4,0,0,0,36,101,134,0,1,3,1,0,12,2,26,2,9,11,55,0,1,0,24,0,0,106,1,49,0,0,63,77,0,49,12,125,5,1,3,1,0,195,0,65,2,0,0,56,6,100,1,0,0,0,0,82,4,2,0,0,0
hsa-miR-1266-5p,1102,30,196,4,1223,15,150,273,22,4261,0,6,892,633,618,45,124,541,717,3711,5359,15,465,688,1009,2849,541,995,59,650,1,149,619,525,4,38,206,659,87,1256,0,1,534,0,1899,0,10868,1,36,2,1,81,195,0,1502,17,37,1,2,532,149,633,36,217,3,284,4974,430,629,3190,180,6983,448,60,641,4,356,930,5,1023,230,171,243,3,507,605,283,35,29,1220,105,800,384,15,12,451,186,2602,309,459,1,226,4939,979,222,52,84,354,87,348,3,379,4,687,127
hsa-miR-1267,624,0,4,0,1,4,4,62,1,5,0,0,3,3,1,48,4,49,3,304,18,0,2,149,2,7,40,94,42,13,0,0,5,63,0,0,6,71,1,12,0,5,5,0,2,0,1336,6,15,0,0,24,6,52,143,1,1,0,1,0,263,24,2,165,252,0,32,40,491,3,29,32,27,1,2,2,4,71,1,1,153,37,2,0,296,156,22,38,6,108,3,40,31,0,0,727,4,4,7,1,0,40,43,2,2,0,1,2,175,0,0,59,1,201,27
hsa-miR-1268a,286,0,45,3,87,5,49,57,14,1060,4,2,112,128,24,7,10,50,65,16,756,2,8,71,97,11,8,139,144,110,0,586,47,3,0,7,8,66,3,158,46,0,154,0,18,1,3015,45,13,2,0,15,58,59,41,0,4,0,224,102,11,25,8,3,431,0,209,587,355,708,27,278,45,1,41,122,40,9,0,823,105,24,138,1,405,257,7,70,73,464,12,9,967,1,1,729,11,104,89,62,0,54,610,200,69,1,2,31,44,75,4,64,0,189,108
hsa-miR-1268b,277,5,217,10,574,10,259,408,8,3004,4,37,1199,837,462,40,28,476,759,1433,3338,0,249,387,1310,27,444,1115,2119,1366,0,853,913,384,36,6,418,1118,74,1087,45,3,182,1,264,32,6537,62,119,56,3,34,988,248,1633,1,61,2,224,271,242,229,50,11,868,0,3674,883,653,3301,402,3207,553,123,615,1140,436,888,102,997,359,188,368,112,940,356,59,335,284,1035,26,106,3775,85,33,1060,124,1930,421,188,0,448,2256,232,445,2,3,43,124,132,5,403,19,341,239
hsa-miR-1269a,836,0,125,1,0,3,157,67,1,5,0,0,578,8,53,26,89,11,62,551,30,0,5,8,228,1,5,357,201,25,1,3,5,246,1,0,550,9,8,721,83,0,235,0,445,0,813,1,6,112,0,26,28,96,308,1,1,0,5,120,113,223,11,176,437,0,38,1958,180,1,216,87,9,0,6,2,6,52,22,438,0,33,15,1,30,30,978,1,14,3,8,4,81,2,26,287,47,69,4,314,0,2,123,268,170,2,0,15,2,82,3,26,0,3,9
hsa-miR-1269b,471,0,5,15,90,2,0,5,2,594,0,0,7,5,16,85,2,10,1,2,24,2,8,4,211,4,5,223,8,13,0,64,13,0,0,0,7,6,0,4,0,0,101,0,1,0,1876,0,10,0,0,26,674,1,8,56,0,0,182,155,166,0,7,138,361,1,19,10,186,3,6,190,7,80,0,0,3,174,0,165,0,2,1,5,84,99,1,89,15,101,4,9,51,0,1,437,13,15,0,1,0,64,675,0,0,0,1,0,27,52,0,1,0,55,27
hsa-miR-127-3p,256,23,2,8,94,7,2,4,11,582,0,0,0,140,25,130,0,40,86,1409,145,0,149,7,7,9,43,7,22,116,0,1,8,14,0,1,14,155,52,767,0,7,44,0,36,0,516,0,17,1,0,4,9,107,14,1,3,0,104,157,187,69,2,247,1,1,488,47,836,646,252,509,20,1,51,1,11,97,13,404,128,45,4,6,102,433,29,71,114,575,8,68,47,34,18,1537,0,10,91,392,0,5,48,3,5,1,0,330,51,36,0,2,0,871,39
hsa-miR-127-5p,2,2,21,0,1,0,114,3,0,823,0,0,25,102,44,0,3,58,78,108,212,0,1,31,280,2,4,9,74,10,0,13,3,0,0,0,3,4,4,11,1,17,3,0,8,0,32,0,2,2,0,15,1,1,10,0,4,0,88,1,2,12,0,173,1,8,130,6,142,4,4,118,5,2,15,1,2,9,0,32,1,26,2,23,136,79,3,17,81,0,5,5,16,0,1,121,2,42,69,0,0,23,18,1,111,0,0,0,1,83,0,8,2,0,26
hsa-miR-1270,268,1,144,3,230,176,87,273,12,1290,6,2,442,620,428,20,44,996,512,1395,2753,3,747,544,580,107,185,741,179,1229,21,115,503,280,11,5,213,564,16,777,12,2,765,1,179,5,5208,7,24,21,1,51,102,77,394,2,22,51,22,77,336,122,68,313,233,8,4069,453,188,827,129,8065,368,44,59,58,206,385,45,243,67,61,289,33,331,247,245,62,27,182,20,284,1242,39,11,360,170,3710,75,65,0,261,2481,254,71,5,26,97,81,218,3,431,14,67,121
hsa-miR-1271-3p,1,0,3,0,0,0,0,1,0,172,0,0,2,2,0,0,0,0,41,4,3,0,2,0,1,1,1,0,0,0,0,1,0,0,0,1,4,0,1,2,0,0,0,0,1,0,814,0,0,0,0,27,1,0,2,0,0,0,0,0,73,1,0,0,0,0,2,1,120,1,0,6,1,0,0,0,2,0,0,2,0,0,0,0,0,33,0,40,0,0,0,4,7,0,1,10,3,0,0,0,0,0,6,0,0,0,2,1,0,2,0,1,0,0,0
hsa-miR-1271-5p,2,0,3,0,1,595,6,3,10,1,1,0,1,109,12,0,1,97,37,1,516,0,28,6,2,4,37,3,0,6,0,7,190,0,0,0,7,0,0,183,55,0,2,0,232,0,1198,0,1,34,0,21,1,3,184,0,14,0,2,1,168,0,2,26,2,1,16,9,50,447,1357,186,1,0,0,1,51,1,5,0,1,1,1,0,2,33,22,0,31,0,0,1,13,1,19,173,18,67,22,0,0,4,15,1,0,25,0,0,0,2,0,53,0,0,1
hsa-miR-1272,2,4,4,0,1,1,51,2,11,3,0,0,2,101,3,0,2,34,103,0,513,0,2,53,0,1,195,2,2,303,0,3,2,0,0,0,55,4,0,151,0,0,114,0,199,0,555,0,9,0,0,49,40,3,92,0,1,0,243,5,17,61,1,1,1,0,21,15,103,3,5,454,3,0,2,1,0,73,2,83,0,3,2,0,0,155,0,17,4,205,0,121,292,1,1,32,12,154,0,1,0,9,33,1,0,0,0,1,0,0,0,16,1,2,0
hsa-miR-1273c,489,6,3,6,139,1,1,1,3,413,0,0,1,1,6,43,3,38,3,2,6,0,2,47,1,1,93,2,1,12,0,1,5,89,0,0,2,109,1,7,62,0,0,0,0,0,729,0,0,0,0,0,567,67,5,0,0,0,1,1,3,49,3,1,0,0,5,50,2,191,6,10,14,26,105,1,83,5,0,267,158,1,2,7,153,2,0,62,27,96,6,2,41,0,9,310,0,56,1,42,0,1,30,0,115,1,0,191,0,41,0,1,4,0,1
hsa-miR-1273h-3p,2,25,62,0,0,0,0,1,6,6,0,0,3,27,6,1,1,2,31,2,9,1,1,2,2,1,1,0,2,89,0,307,1,115,0,0,1,37,17,3,1,2,1,0,0,0,673,0,30,0,0,3,8,0,6,0,7,0,2,21,177,14,1,28,1,0,10,14,103,5,10,16,97,0,0,0,1,0,0,244,35,1,1,14,27,243,0,0,94,26,7,3,30,0,0,301,37,208,0,221,0,4,23,4,0,0,0,1,0,68,0,15,0,310,55
hsa-miR-1273h-5p,157,0,2,0,0,2,0,2,2,138,0,0,216,1,18,1,2,3,1,460,12,0,1,4,0,2,5,62,2,5,0,1,112,0,0,0,9,3,24,11,1,0,1,0,0,0,1287,0,17,0,0,14,4,7,2,0,0,0,1,19,41,1,1,0,74,0,23,9,135,80,71,17,1,7,1,1,45,1,0,38,1,3,3,0,147,102,2,0,3,0,2,1,28,4,5,172,2,333,0,1,0,0,23,1,2,0,0,1,0,13,0,1,1,1,0
hsa-miR-1275,348,0,5,0,4,8,4,103,4,691,0,15,184,347,113,101,7,373,136,1064,513,1,9,27,7,335,174,126,101,20,0,187,14,117,0,0,12,133,72,512,0,1,120,0,263,0,442,1,38,0,0,1,275,43,607,1,12,39,13,12,264,46,10,3,233,0,506,53,76,301,2721,27,9,1,1,0,2,127,27,208,73,5,103,13,353,119,192,3,15,528,6,106,3330,31,136,329,3,158,22,1,0,151,154,2,39,0,0,0,2,77,5,50,0,0,37
hsa-miR-1276,94,14,34,4,57,3,0,25,4,7,0,1,3,290,25,61,1,4,15,126,3,0,7,45,176,3,1,3,6,241,0,1,59,3,0,0,3,16,5,62,2,5,48,0,0,0,490,1,7,8,0,9,62,2,8,1,10,1,18,77,326,37,78,79,1,0,7,42,247,535,98,7,4,1,0,115,18,65,4,297,87,1,2,35,30,421,1,121,20,293,5,26,1481,3,7,537,16,399,288,0,0,0,64,17,86,0,0,28,0,20,0,0,0,0,1
hsa-miR-1277-3p,1155,20,979,77,1163,18,969,951,113,5248,2,63,1486,2291,1150,177,763,1536,2574,5034,14133,15,1350,3016,591,29,1850,2872,782,4042,13,593,2227,764,9,151,1538,3287,192,4290,3,16,1486,0,2885,0,14259,152,162,86,2,104,2584,264,2394,3,169,20,1244,347,1001,1336,113,245,1178,101,20992,1868,1008,4283,454,15602,2078,160,513,4647,1235,2795,156,2412,259,783,1704,124,1177,1022,1407,320,475,1011,125,2238,4643,82,98,1335,1162,5328,1053,1201,2,1323,13161,1037,584,53,211,361,630,1162,9,959,164,1760,147
hsa-miR-1277-5p,0,0,4,0,0,0,0,1,0,1,0,0,0,0,0,0,0,1,1,0,3,0,0,1,1,0,0,0,0,0,0,1,0,0,0,0,1,0,0,0,0,0,0,0,0,0,177,0,0,0,0,0,0,0,1,0,0,0,1,0,1,0,1,1,0,0,2,0,0,1,0,4,28,0,0,0,0,0,0,0,0,49,0,0,0,1,0,0,0,0,0,1,3,0,0,1,0,1,0,0,0,62,0,0,0,0,0,0,0,0,0,1,0,0,0
hsa-miR-1278,1,1,3,0,0,3,1,3,0,2,0,0,133,43,0,0,3,9,71,591,32,0,8,27,0,0,82,8,73,6,0,83,123,0,2,0,6,7,11,358,0,0,4,0,0,0,27,0,0,0,0,0,30,0,5,0,0,1,0,1,2,1,6,1,0,0,600,22,109,0,171,851,8,0,0,0,5,76,0,0,0,2,206,1,1,60,14,0,17,1,7,13,1814,2,8,11,19,226,1,0,0,1,73,1,0,0,0,109,1,80,0,1,0,1,0
hsa-miR-1279,0,0,1,0,1,0,1,0,0,5,0,0,0,1,0,0,0,0,0,1,9,0,0,2,0,0,1,0,2,2,0,1,0,1,0,0,1,0,7,2,0,0,1,0,0,0,431,0,0,0,0,0,2,0,0,0,0,0,0,0,0,0,0,0,0,0,4,2,0,1,0,12,1,0,0,0,31,2,0,1,0,1,0,0,1,0,10,0,1,0,0,1,33,1,0,1,3,132,0,1,0,1,14,0,0,0,0,0,0,0,0,1,0,0,0
hsa-miR-128-1-5p,67,0,26,0,96,2,4,1,1,1106,0,0,132,58,52,2,4,30,25,6,547,0,4,30,3,0,64,4,8,11,2,86,8,82,1,0,6,13,28,347,1,0,7,0,4,0,226,1,10,1,0,15,545,0,34,0,0,0,51,0,202,4,5,11,2,0,600,22,412,61,14,205,99,6,3,575,36,205,5,276,54,1,0,0,138,76,31,2,3,1,16,72,84,0,5,426,2,129,93,2,0,5,1316,168,25,0,1,5,72,92,0,65,4,3,4
hsa-miR-128-2-5p,446,6,78,5,1102,9,84,220,21,1711,0,6,449,907,281,121,71,686,951,3304,812,9,181,689,642,564,219,322,271,620,16,210,425,205,1,2,74,1315,96,369,0,27,248,1,1027,75,1914,25,26,35,1,49,111,186,1352,0,28,24,233,240,411,104,156,109,3,4,3473,236,761,1343,153,2169,604,72,80,3,274,320,30,848,43,154,99,57,431,612,114,53,96,958,30,291,428,15,8,872,218,1208,134,345,0,127,7843,605,135,33,2,356,127,287,6,422,0,754,92
hsa-miR-128-3p,71,0,27,1,31,6,1,27,2,121,1,0,9,49,33,58,0,9,65,6,9,0,72,18,104,7,28,5,4,181,0,0,240,75,0,0,1,15,15,57,233,1,38,0,273,1,84,3,2,2,0,5,69,4,10,106,0,0,95,0,445,25,55,71,4,1,173,63,311,382,675,8,5,1,0,126,79,60,4,344,381,1,4,7,37,467,1,144,14,146,9,77,1657,5,2,430,21,226,45,1,0,29,1383,7,43,7,0,14,0,47,2,49,0,1,2
hsa-miR-1281,1048,4,9,16,369,9,14,14,31,843,1,1,295,40,33,135,11,13,215,734,138,1,9,54,7,14,21,10,126,615,26,81,194,184,0,56,36,9,31,36,134,13,78,0,339,0,8997,0,1,2,25,42,18,143,107,105,9,26,208,321,1164,197,5,451,1,2,87,26,1458,481,850,93,55,25,3,640,23,41,22,744,224,45,91,17,232,719,7,41,41,417,35,28,275,2,39,798,35,12,29,1,0,6,72,8,30,46,1,179,4,221,1,32,1,813,40
hsa-miR-1282,324,0,3,0,1,2,3,56,1,301,0,0,123,70,0,1,2,62,3,1,647,7,44,3,0,0,2,1,48,217,0,0,0,39,0,0,2,3,0,3,0,0,0,0,7,0,12,0,24,2,2,17,4,1,4,0,1,0,0,0,0,0,0,0,106,0,224,30,1,2,1,13,1,0,0,0,10,0,0,8,0,0,1,0,0,97,30,0,0,92,3,4,11,0,0,27,1,82,98,1,0,32,24,1,1,0,0,0,0,73,0,1,0,0,0
hsa-miR-1283,0,3,0,0,0,0,2,2,0,1,0,0,0,39,1,14,1,0,1,0,3,1,1,129,0,0,84,0,1,0,0,1,0,4,0,0,0,1,0,0,0,0,0,0,0,0,5,0,0,0,0,5,3,28,1,0,0,0,0,1,2,1,0,1,0,0,1,1,3,0,2,8,0,0,43,2,2,0,0,0,0,0,0,0,134,59,21,47,18,0,0,2,9,0,0,75,7,0,36,1,0,1,10,0,0,0,0,0,0,1,0,0,0,85,1
hsa-miR-1284,0,1,81,0,1,0,147,66,12,2,0,1,292,461,153,1,6,7,134,471,508,3,81,407,2,0,11,196,5,16,0,20,240,1,0,0,109,139,35,88,0,1,23,0,2,0,494,0,1,0,0,4,15,0,263,0,22,0,3,0,64,27,4,0,0,0,1323,41,3,96,4,2573,77,0,0,0,93,271,12,43,1,5,217,1,237,2,202,1,2,129,0,304,78,2,0,79,39,265,0,0,0,291,66,1,2,1,0,71,0,0,0,60,15,0,1
hsa-miR-1285-3p,3,0,34,0,84,1,18,6,4,152,1,0,4,4,7,0,5,0,96,4,40,2,36,30,2,262,63,8,6,2,0,23,3,59,0,0,5,135,20,411,87,3,4,0,132,0,1794,1,0,27,0,6,19,17,267,0,0,0,24,0,12,4,4,88,1,0,649,31,1,2,7,633,16,8,2,0,31,55,11,16,8,3,35,29,167,39,10,0,36,0,10,33,51,0,0,29,17,427,1,0,0,4,856,2,0,0,0,12,81,46,1,6,0,2,58
hsa-miR-1285-5p,3,0,3,8,48,8,19,5,12,387,0,1,5,59,3,0,3,0,78,3,43,0,48,21,0,252,27,2,2,7,0,106,4,41,3,0,11,113,5,247,25,3,80,0,94,0,3654,9,1,21,0,8,5,119,153,1,2,0,12,18,80,121,0,146,197,0,426,14,31,2,13,174,33,5,1,2,31,3,23,107,3,8,44,19,63,84,9,0,28,2,8,39,25,10,1,306,15,162,2,3,0,6,32,1,2,0,1,82,48,32,0,4,0,2,57
hsa-miR-1286,1,2,82,0,0,0,34,4,4,1,83,0,1,53,57,27,6,140,1,96,35,2,5,7,163,7,5,64,1,11,0,4,2,0,0,0,12,3,1,5,0,0,83,0,75,0,2136,0,1,3,1,2,4,1,1,0,6,0,48,0,171,0,1,1,0,0,807,9,120,120,4,394,1,0,99,1,44,18,7,276,63,18,11,0,93,85,6,52,29,4,0,90,23,0,0,87,0,84,34,1,0,41,29,0,1,8,1,2,55,1,0,117,1,1,0
hsa-miR-1287-3p,1,7,0,0,69,1,1,3,0,1,0,0,3,3,0,1,0,0,2,2,1,0,128,2,0,0,0,3,0,4,0,2,2,0,0,0,0,0,0,1,0,0,1,0,1,0,322,0,1,0,0,6,3,1,2,0,0,0,0,0,0,1,0,0,2,0,2,10,17,0,1,1,0,0,0,0,1,79,2,399,2,0,0,0,2,3,0,0,3,56,1,0,20,0,0,150,0,0,0,0,0,0,300,54,33,0,0,0,0,2,0,1,0,0,1
hsa-miR-1287-5p,1054,15,1,15,172,6,2,5,2,1067,1,0,7,11,50,20,3,133,23,366,245,1,6,41,74,12,2,43,6,154,0,28,15,226,2,0,3,10,0,141,0,5,112,0,15,0,1152,12,29,2,51,44,17,2,77,0,2,1,158,255,163,73,6,4,245,0,173,30,401,172,264,34,22,65,108,1259,0,45,18,648,37,3,8,31,656,535,4,1,63,341,37,8,977,16,41,944,11,166,116,178,0,2,82,277,161,0,1,131,175,223,2,42,8,776,121
hsa-miR-1288-3p,705,5,32,0,1,4,1,0,1,3,0,0,61,25,48,1,0,55,20,2,5,0,9,294,28,1,1,54,8,6,0,1,13,11,0,0,32,306,0,143,1,0,118,0,1,0,341,0,4,0,0,7,7,98,6,0,10,0,1,1,189,69,3,1,0,0,160,47,261,2,13,9,163,13,0,0,18,93,0,138,29,24,12,0,178,88,10,1,0,43,15,24,86,0,0,291,23,21,0,42,0,0,2618,0,2,0,0,3,1,98,0,16,3,0,1
hsa-miR-1288-5p,34,0,1,8,3,2,1,3,1,18,0,0,1,4,9,15,3,3,1,5,648,0,4,2,4,242,1,2,3,11,0,2,6,86,1,0,6,3,12,240,0,0,1,0,0,13,172,0,13,6,0,12,55,1,5,0,0,0,33,2,1,49,2,2,2,0,21,8,35,360,4,257,33,108,157,0,36,9,19,170,1,73,1,0,0,76,30,0,9,172,0,0,58,0,0,95,48,147,164,1,0,1,20,0,1,0,0,0,3,14,0,2,0,1,2
hsa-miR-1289,305,5,1,0,0,1,2,1,27,0,0,0,2,2,53,24,1,134,95,0,12,0,40,55,116,1,2,44,4,1,0,0,66,0,0,38,7,174,0,3,0,0,1,0,1,0,776,0,0,0,0,7,5,0,3,0,0,0,131,0,66,16,5,2,0,0,231,6,23,1,4,340,28,0,0,0,18,165,0,1,0,1,33,13,1,38,45,0,14,2,0,5,63,0,0,156,22,42,0,0,0,0,28,46,39,0,0,0,18,0,0,42,0,0,0
hsa-miR-129-1-3p,138,0,16,3,0,2,31,0,0,175,0,0,64,42,19,1,11,1,25,240,117,0,1,1,2,0,33,1,54,8,0,88,0,16,0,0,20,2,4,3,1,0,4,0,257,0,7,0,3,0,0,20,0,13,4,0,0,0,2,171,68,27,0,1,180,0,3,2,217,1,92,6,2,0,0,0,0,21,3,56,81,24,1,2,32,230,10,0,20,56,1,30,3,0,9,248,0,1,0,1,0,0,11,63,77,0,0,0,11,20,0,1,0,112,19
hsa-miR-129-2-3p,109,0,14,2,0,2,33,0,0,175,0,0,80,40,26,8,12,0,14,214,120,0,0,1,1,1,34,0,70,8,0,94,0,14,0,0,28,1,6,7,0,0,2,0,279,0,4,0,5,0,0,16,4,8,2,1,0,0,0,148,71,35,0,1,162,0,4,3,188,3,94,4,1,0,0,1,3,10,5,80,75,20,2,0,19,245,9,1,17,55,6,124,3,2,5,231,0,0,1,0,0,0,13,63,79,0,0,2,14,30,0,1,0,112,11
hsa-miR-129-5p,688,8,2,1,112,6,2,25,3,464,0,0,85,23,1,30,1,6,63,655,267,0,99,3,2,1,4,93,1,345,0,2,167,61,2,0,4,12,39,262,0,0,109,0,100,0,1633,0,12,4,0,21,8,2,12,0,0,0,197,1,217,18,4,178,718,0,140,10,181,220,1155,249,0,27,62,1,8,136,11,730,7,2,4,0,441,251,25,0,12,86,1,1,23,0,1,588,5,7,24,0,0,4,37,0,23,1,0,2,1,42,0,2,0,53,34
hsa-miR-1290,6,69,121,0,307,3,80,82,8,719,1,0,182,107,63,226,12,4,105,7,599,7,7,48,389,10,4,38,138,432,0,106,12,266,1,25,15,129,0,354,121,0,101,1,3,36,4640,0,77,0,0,82,52,73,15,3,1,3,609,1289,2,80,11,64,409,0,207,39,652,2848,257,47,26,135,2,0,626,30,18,1224,620,14,6,523,663,586,1,0,68,1522,11,85,1849,1,25,351,40,150,0,222,0,11,263,2,273,1,2,401,419,93,27,148,1,3,344
hsa-miR-1291,256,0,12,1,49,17,15,6,2,505,0,2,73,33,91,35,8,126,45,899,363,0,18,18,453,6,86,21,25,62,2,233,60,43,0,0,15,25,10,310,2,13,90,0,288,0,1905,1,2,0,0,22,192,320,20,1,11,0,79,252,50,25,6,6,528,1,427,24,125,417,66,120,73,115,194,6,18,15,8,521,3,9,12,2,47,164,4,151,137,50,6,35,84,36,5,258,37,211,2,132,0,9,1425,306,63,0,1,1,41,127,3,34,1,3,2
hsa-miR-1292-3p,575,5,101,0,164,5,4,55,1,421,1,0,250,249,45,51,3,9,80,490,16,1,38,8,562,99,3,141,5,86,1,514,8,84,4,2,52,9,65,19,9,0,4,0,0,0,1436,0,31,4,8,56,111,308,89,7,3,0,7,125,344,115,5,182,25,5,17,412,349,1030,405,24,3,7,1,1,23,3,30,1859,290,1,13,0,383,388,3,127,135,248,11,7,59,0,33,881,1,165,177,1,0,4,228,177,21,0,0,49,74,61,5,8,0,386,88
hsa-miR-1292-5p,1979,25,1175,70,1354,32,1499,1630,98,7474,5,28,3376,3513,2024,220,290,2347,2678,4876,16705,29,2348,3222,2321,290,1302,3134,1059,4606,41,1836,3046,972,23,64,2136,3382,259,7904,51,23,2372,0,2090,74,28718,35,196,112,3,167,1835,595,3253,84,209,11,951,361,2004,2116,243,622,1116,277,26255,969,2152,3850,425,13268,2850,415,789,2296,1768,5071,128,4103,457,1040,2561,146,3180,1254,1955,1027,332,3348,111,1940,6842,173,81,4992,1129,10784,622,992,1,1434,35129,1490,878,89,60,855,574,938,10,930,40,1873,649
hsa-miR-1293,17,0,83,2,72,2,51,22,7,531,1,1,207,44,65,11,5,8,37,5,1281,0,99,145,154,3,3,33,0,533,0,129,42,2,0,0,10,52,0,116,2,0,2,0,0,0,236,0,13,1,0,1,8,39,128,0,15,0,0,0,53,21,2,0,1,0,515,9,126,685,9,625,29,49,1,2,17,0,2,266,0,7,50,0,2,59,15,3,29,2,4,85,29,0,10,64,72,2,15,293,0,65,31,1,19,0,7,28,123,2,1,13,0,68,127
hsa-miR-1294,185,1,111,16,388,1235,220,263,9,889,25,25,871,387,148,30,162,304,289,464,1924,7,339,581,419,20,408,185,242,343,1,311,352,106,2,0,569,339,29,331,19,0,397,0,399,0,2169,6,16,18,0,14,400,37,457,0,48,17,72,146,160,224,68,155,394,0,2279,586,176,303,85,1180,144,56,58,167,138,454,19,287,48,161,133,29,125,259,121,91,72,239,28,319,1242,14,20,349,202,504,122,296,0,139,3349,170,197,17,6,94,286,171,1,170,15,40,60
hsa-miR-1295a,3448,3,52,2,207,8,2,56,3,271,2,0,13,139,84,54,49,191,3,329,35,2,98,83,206,13,31,29,3,74,0,29,45,3,2,5,150,71,20,16,21,6,39,0,259,0,1024,7,1,38,1,19,69,213,88,16,31,0,57,3,153,191,4,48,149,0,870,25,328,823,315,277,34,0,2,2,26,22,1,190,1,9,60,0,2,159,36,12,16,81,9,35,48,6,32,704,1,96,40,1,0,32,257,0,24,8,0,2,25,77,1,14,0,162,13
hsa-miR-1295b-3p,297,0,11,0,3,0,4,25,3,369,0,1,925,182,15,31,7,188,167,218,469,0,35,131,70,4,9,118,5,19,0,892,31,33,0,13,100,86,1,145,1,1,13,0,15,0,1758,17,2,0,1,40,101,2,5,0,3,0,58,97,4,75,6,3,303,0,130,53,157,2,12,231,55,0,52,0,42,2,14,212,1,3,21,14,310,66,32,175,137,3,0,6,50,21,0,576,4,9,22,301,0,10,100,1,67,0,0,3,52,3,1,1,0,1,95
hsa-miR-1295b-5p,5234,7,54,5,215,11,2,35,1,231,1,2,11,123,100,51,48,154,4,373,22,0,106,128,178,19,28,42,2,111,0,26,43,131,5,3,181,61,17,11,40,5,9,0,247,0,894,9,11,47,0,30,79,262,90,26,42,0,65,5,148,202,6,37,2,0,700,21,573,975,242,262,43,0,7,2,43,20,3,196,0,2,84,1,163,167,28,41,18,242,6,32,48,16,13,752,1,106,81,170,0,31,672,4,23,6,1,3,19,119,3,32,0,251,32
hsa-miR-1296-3p,530,9,1,8,170,5,0,1,33,408,0,0,149,39,55,13,1,123,130,4,11,0,69,6,4,297,31,91,90,24,1,195,104,164,0,0,145,4,7,108,0,0,55,0,15,25,807,0,8,3,0,0,59,144,11,0,0,0,41,15,63,94,3,174,779,0,6,18,287,376,388,17,1,11,2,1,3,7,19,1279,38,3,3,9,211,32,4,112,54,533,9,13,43,26,37,531,20,74,125,124,0,27,33,1,143,0,0,3,29,77,1,1,0,123,64
hsa-miR-1296-5p,482,4,88,3,20,3,0,59,22,263,1,0,25,150,40,14,8,16,105,380,1143,1,110,296,395,12,12,9,6,436,1,25,90,1,0,1,13,218,17,293,1,8,126,0,16,0,2340,0,3,0,1,6,6,98,67,0,1,0,23,19,131,65,1,14,430,0,33,57,66,11,91,489,95,0,27,13,30,22,1,624,11,10,8,0,695,191,11,33,13,416,9,21,55,22,21,144,11,120,17,674,0,57,50,436,8,0,1,10,132,34,0,3,0,165,27
hsa-miR-1297,10,3,2,0,0,0,1,4,0,26,0,0,3,48,127,1,11,9,75,23,17,0,2,5,0,0,40,7,111,69,0,3,23,16,0,0,4,7,0,76,0,0,119,0,2,0,206,0,0,0,0,0,2,1,11,0,0,0,66,0,4,4,1,136,0,1,283,4,2,4,4,33,16,1,33,1,4,52,1,3,2,1,5,0,7,2,28,1,7,0,0,18,18,0,0,15,4,92,0,2,0,1,36,2,0,0,0,0,1,19,0,0,1,1,1
hsa-miR-1298-3p,233,0,76,0,0,1,4,4,3,84,0,1,21,7,0,1,6,8,45,348,23,0,12,147,153,5,8,17,83,250,0,16,4,1,0,6,87,4,23,15,2,6,6,0,4,0,979,0,1,1,0,0,9,2,5,1,2,0,1,87,23,70,0,1,7,0,758,354,5,3,3,203,77,0,2,0,1,26,0,405,9,9,16,29,72,105,41,2,21,1,0,67,33,0,0,112,0,56,3,0,0,39,431,2,75,0,0,237,118,3,0,2,1,5,0
hsa-miR-1298-5p,1671,3,27,2,35,6,82,39,4,747,0,0,80,223,159,62,30,123,339,1311,971,2,245,249,340,5,107,154,8,116,1,103,137,95,91,82,140,63,11,593,0,11,227,2,1,1,1733,0,0,7,1,42,113,39,14,4,18,0,17,134,250,77,9,3,279,0,1131,106,363,316,20,1324,40,96,260,1,88,400,28,452,130,39,106,1,100,233,73,92,142,70,18,141,920,10,3,605,99,836,210,47,0,177,1483,69,111,10,2,0,2,198,2,97,40,51,147
hsa-miR-1299,20937,138,939,441,4542,1332,1650,1567,1094,31393,203,262,6517,9896,1156,21570,1485,4743,2604,20962,14173,73,3451,4372,16020,2626,3182,4139,3737,22154,190,1464,6101,5263,170,315,4708,5456,4734,55248,470,213,7086,19,1443,412,41818,799,3521,579,126,818,11773,11943,6991,387,315,239,14912,8617,11181,15050,4862,20862,11959,505,18579,107597,31465,15523,55290,12465,2663,2109,9513,1830,2684,3546,22084,19994,13209,1108,3208,2189,8095,18144,984,4083,12854,13747,2803,2370,36455,2112,3906,145938,1010,8583,7167,3424,3,1194,52291,10759,14465,72,642,14029,10435,17415,205,1203,154,13675,12770
hsa-miR-1301-3p,184,0,0,1,19,2,5,1,0,280,0,0,1,23,29,3,2,29,51,71,4,0,73,31,188,0,1,5,1,70,0,77,11,19,0,1,68,4,16,19,0,0,9,0,1,0,23,0,14,2,0,0,5,4,6,0,0,0,2,26,195,25,201,5,3,0,3,14,630,2114,12,6,0,1,0,2,25,3,11,68,62,0,2,0,76,33,8,57,51,61,4,1,47,1,0,359,3,187,44,2,0,1,23,90,84,0,0,1,109,6,0,2,0,1,0
hsa-miR-1301-5p,559,4,0,17,1,1,1,0,5,498,0,0,80,82,56,29,2,121,54,3,1,0,4,151,3,8,24,130,1,325,0,0,3,51,1,0,0,70,16,16,0,0,7,0,327,0,448,0,14,0,0,13,3,190,12,1,0,0,115,36,241,47,2,374,191,1,5,622,278,467,17,5,3,66,43,340,1,90,3,374,36,0,5,0,115,146,1,0,30,371,7,1,37,6,3,599,0,7,48,1,0,0,51,0,10,0,0,0,118,78,0,119,22,251,22
hsa-miR-1302,4,5,2,0,54,672,190,44,1,154,0,0,143,121,64,0,2,3,1,405,456,5,4,62,2,1,11,2,47,622,0,97,181,32,0,0,3,7,0,10,0,0,215,0,165,0,404,4,5,0,0,13,9,2,11,0,12,0,19,40,1,6,48,0,1,1,471,14,32,222,16,221,27,20,3,2,74,2,15,30,13,2,43,14,2,193,147,0,6,59,1,80,28,8,3,226,16,109,2,0,0,47,41,160,27,1,0,64,34,0,0,1,22,0,2
hsa-miR-1303,369,2,2,0,5,6,4,43,0,870,0,11,25,58,60,0,2,0,0,1204,959,0,1,0,35,2,2,1,0,123,0,5,1,66,1,31,5,2,14,63,0,0,1,0,9,0,443,12,18,0,0,11,2,2,98,0,1,0,5,115,93,3,3,0,1790,0,427,4,368,702,69,23,0,1,7,0,4,1,0,618,157,2,1,0,441,72,33,0,28,278,6,3,12,0,5,632,18,2,3,78,0,5,15,90,140,0,0,58,12,68,0,64,5,128,104
hsa-miR-1304-3p,1448,0,15,4,0,7,2,5,9,4,0,0,62,133,9,71,5,140,174,211,24,0,60,42,1,8,9,4,4,121,27,95,117,86,0,13,145,7,0,11,1,1,56,0,1,0,2074,1,41,10,0,26,5,144,251,0,3,0,158,29,233,124,11,2,303,47,1080,21,725,126,819,443,33,0,81,2,40,57,11,2,36,6,3,1,270,518,3,75,67,81,17,43,756,0,1,1047,2,8,58,27,0,5,52,2,276,0,2,23,1,159,3,80,2,2,21
hsa-miR-1304-5p,1,0,1,0,0,2,0,69,2,123,0,0,0,50,3,1,2,23,17,125,5,1,0,74,14,0,1,0,35,7,0,2,165,0,0,0,2,0,0,2,0,0,5,0,0,0,598,0,0,0,0,25,7,2,44,0,0,0,0,83,85,1,0,108,1,0,7,3,60,2,4,114,24,15,0,0,1,53,3,1,0,1,0,3,35,33,1,0,11,1,0,1,19,0,0,45,0,105,1,1,0,0,24,0,5,2,0,0,0,0,0,18,0,0,108
hsa-miR-1305,0,0,1,0,71,1,0,66,0,2,0,1,98,2,0,1,2,63,45,1,12,0,0,142,3,1,0,113,2,13,0,2,45,34,0,0,2,4,1,1,0,1,6,0,0,0,405,6,2,0,0,0,8,1,2,0,0,0,1,0,4,1,2,1,0,0,9,7,2,1,6,9,1,28,93,0,41,75,19,52,131,2,3,0,2,1,0,0,2,168,2,107,13,0,0,48,1,4,2,2,0,116,34,1,0,16,0,0,2,33,0,4,0,0,0
hsa-miR-1306-3p,292,11,17,12,85,3,27,10,1,566,2,11,215,16,34,23,2,89,44,97,264,2,14,49,319,1,63,2,11,22,11,143,8,42,1,0,3,43,6,34,1,8,1,0,120,0,382,12,13,14,0,8,27,86,5,0,1,0,1,95,113,90,3,91,929,0,964,18,275,252,8,194,2,12,59,147,30,0,0,94,115,5,5,5,451,166,1,80,32,489,2,7,16,1,3,465,40,136,1,134,0,4,24,1,1,0,2,1,0,27,0,1,0,1,1
hsa-miR-1306-5p,2,4,68,0,7,3,50,27,2,395,0,0,20,15,4,69,39,97,108,4,116,0,13,49,13,94,5,98,4,140,0,7,8,0,0,0,152,21,1,19,2,0,59,0,48,0,429,20,3,28,0,0,14,227,99,0,0,0,0,0,78,111,2,92,0,0,482,14,0,1,14,63,3,26,2,2,42,118,5,459,0,1,3,23,55,416,1,7,15,71,3,6,855,3,0,183,3,196,1,0,0,5,48,129,38,0,25,3,1,18,0,21,0,172,35
hsa-miR-1307-3p,324,0,4,3,87,3,2,80,16,121,0,0,268,478,96,87,96,27,524,871,221,2,4,6,4,8,5,19,110,17,1,81,27,21,0,38,190,57,43,14,94,8,100,0,61,1,1398,0,1,2,0,63,96,2,214,0,1,0,3,198,631,96,6,2,221,0,19,94,1192,4,40,170,3,34,3,1,94,5,26,799,276,5,7,13,80,440,3,80,106,545,8,11,66,39,0,1457,35,265,153,57,0,6,38,292,346,0,0,82,18,61,5,4,0,463,30
hsa-miR-1307-5p,1133,6,82,1,52,6,3,4,17,1348,1,0,146,5,21,78,238,5,355,1857,221,2,1,112,222,4,3,58,6,33,0,194,5,161,1,54,7,49,6,48,0,4,130,0,1,1,1035,6,55,6,0,3,17,38,210,2,1,0,41,216,427,65,214,227,449,14,274,40,687,208,91,468,2,31,10,3,32,102,4,2277,334,1,3,23,1250,138,16,75,39,438,42,22,46,0,14,660,1,4,163,325,0,25,50,133,182,0,1,13,509,330,1,53,0,76,157
hsa-miR-130a-3p,0,0,3,0,8,0,24,3,1,1196,0,1,2,12,3,0,0,7,85,612,19,1,30,32,3,1,1,4,2,18,0,9,5,6,0,0,84,2,0,14,0,0,0,0,8,0,285,0,0,0,0,1,5,0,2,0,0,1,0,18,3,41,1,1,2,0,178,3,0,1,2,43,2,99,4,0,7,0,0,289,0,1,0,0,0,188,0,0,1,2,0,37,8,0,1,234,39,9,0,218,0,3,33,220,1,0,0,1,0,1,8,0,0,960,63
hsa-miR-130a-5p,449,0,1,0,44,0,4,3,6,141,0,0,3,41,0,0,2,3,0,2,5,0,3,1,50,0,36,50,4,9,0,34,154,60,0,0,2,3,14,9,0,19,2,0,73,1,117,0,0,0,0,19,253,1,2,0,1,0,0,16,174,22,1,0,114,0,468,3,2,546,5,206,4,9,0,0,22,1,15,48,0,5,1,0,0,351,1,1,2,186,2,45,18,2,0,6,1,55,4,105,0,28,246,0,34,0,23,97,0,0,3,34,0,0,0
hsa-miR-130b-3p,3,0,13,0,0,1,46,2,2,38,0,3,1,4,0,34,3,0,0,3,11,0,1,123,297,3,3,1,1,7,0,1,51,0,0,0,2,1,0,9,0,1,0,0,1,0,502,0,0,0,0,0,0,119,2,0,1,0,0,104,72,56,1,0,79,1,12,3,3,2,4,135,0,73,1,0,19,3,0,309,2,3,0,0,1,2,2,0,26,2,1,29,16,0,1,62,0,78,12,0,0,3,11,814,0,0,0,0,0,0,0,0,0,173,0
hsa-miR-130b-5p,12,0,32,0,0,0,1,17,5,302,0,0,130,7,2,0,2,2,31,3,13,1,3,6,0,0,53,3,148,11,0,113,25,0,0,0,4,12,0,1,0,15,72,0,0,0,203,5,0,21,0,7,10,0,23,0,0,0,0,0,1,1,215,0,0,0,642,37,0,0,1,6,6,0,1,0,8,5,0,349,0,1,3,0,196,6,0,110,22,2,13,1,442,0,0,106,0,7,26,37,0,3,853,0,0,0,0,0,1,44,0,1,1,109,23
hsa-miR-132-3p,1585,27,2,1,2,8,2,85,5,1157,2,0,5,81,135,68,3,6,168,1538,596,0,41,77,468,11,87,5,11,700,67,0,9,371,0,4,151,152,83,498,4,17,182,2,89,0,286,0,114,19,0,70,15,1,18,0,1,0,3,5,330,156,9,151,282,0,22,65,938,851,767,20,102,635,7,4,3,8,133,709,207,2,7,32,251,665,40,76,603,209,29,149,101,111,67,1674,1,76,571,90,0,1,91,847,789,1,0,229,0,281,2,51,0,960,68
hsa-miR-132-5p,2,0,2,0,116,1,0,1,1,1,0,0,6,3,0,1,1,4,3,3,13,1,1,56,3,2,4,1,0,6,0,77,3,2,1,1,2,8,20,4,0,0,3,0,8,0,846,0,11,0,0,46,5,2,2,0,0,0,98,151,65,1,3,0,249,0,7,997,83,133,4,8,3,1,74,2,18,98,0,310,69,0,5,0,0,149,27,1,1,3,2,53,27,12,0,191,16,4,17,170,0,19,41,0,1,0,0,1,2,2,3,2,0,0,67
hsa-miR-1321,246,8,433,30,73,11,678,233,21,657,0,20,1193,453,207,130,366,1135,636,1094,2849,21,827,610,147,8,1395,855,435,697,1,1022,1172,299,0,14,1413,1374,42,398,0,4,440,2,1641,0,9133,22,63,42,0,28,171,682,1898,21,165,25,248,341,122,1008,42,175,201,56,3077,878,206,1565,196,2172,101,69,281,1,457,369,41,1376,130,439,497,8,528,287,113,508,55,866,53,743,3208,28,25,1456,378,594,492,389,1,156,3015,34,275,38,45,62,152,632,5,302,1,248,164
hsa-miR-1322,564,1,4,0,0,0,1,5,2,194,0,0,343,3,91,0,7,6,114,55,525,0,331,65,211,3,74,42,4,15,0,64,8,0,0,0,8,19,14,254,110,2,126,0,348,0,115,0,2,0,0,3,124,0,2,0,18,0,0,0,56,1,3,124,161,0,1042,19,0,0,10,894,5,80,1,0,4,2,0,0,0,48,0,0,205,0,37,45,13,102,7,94,70,5,0,126,46,301,1,1,0,4,1378,0,6,0,0,0,70,85,2,20,1,1,0
hsa-miR-1323,3,0,2,0,0,0,0,0,2,2,0,0,27,81,0,1,0,60,0,1,4,0,37,7,0,1,0,0,5,7,0,3,4,0,0,0,2,4,15,85,0,0,1,0,0,0,248,0,1,0,0,0,4,0,4,0,0,0,2,5,4,4,2,0,166,0,12,5,33,3,230,187,26,0,47,0,2,0,0,51,22,1,2,19,43,3,0,0,9,0,0,0,546,0,18,63,46,5,0,0,0,3,14,1,1,0,0,0,100,0,0,0,0,0,26
hsa-miR-1324,38,0,40,2,21,6,49,46,4,599,1,2,67,204,53,90,29,181,88,81,385,1,89,154,54,7,97,64,41,145,0,36,134,29,0,1,151,164,29,351,0,0,158,0,29,0,1421,6,8,42,2,8,82,19,144,1,11,7,19,15,18,62,29,37,257,1,592,198,117,36,59,385,68,34,140,5,49,85,92,45,24,24,58,3,271,37,40,126,21,112,14,114,303,16,4,181,20,377,202,4,0,71,597,33,102,1,36,276,26,43,1,35,1,38,21
hsa-miR-133a-3p,39,2,124,5,1,4,38,108,13,610,0,0,62,37,19,14,127,126,332,428,574,0,7,105,52,5,33,9,228,33,0,71,9,100,1,0,692,256,6,17,1,631,256,0,112,0,1689,1,150,0,0,186,20,51,533,0,27,1,28,46,105,532,60,34,42,0,139,31,147,649,864,748,43,69,29,2,30,40,7,136,74,17,6,20,210,303,38,4,19,91,7,44,95,3,25,143,9,71,4,34,0,15,1315,187,56,0,0,3,2,149,0,12,0,3663,9
hsa-miR-133a-5p,3,0,22,0,1,1,54,92,11,73,0,0,204,0,95,9,0,105,125,298,18,5,4,4,162,1,58,3,2,9,0,28,79,74,1,0,129,173,0,160,0,0,15,0,422,0,332,0,22,1,0,68,196,71,157,0,7,1,55,29,1,69,74,96,43,0,255,34,133,322,6,390,37,8,0,0,39,99,17,290,17,43,5,19,44,17,9,29,5,1,0,106,38,12,1,154,10,127,9,0,0,95,43,79,1,0,0,2,0,5,0,65,7,0,51
hsa-miR-133b,228,1,11,1,61,5,21,4,10,534,0,0,55,31,16,16,23,122,84,436,538,0,3,115,90,0,32,1,41,7,1,53,1,2,0,1,94,21,6,24,1,1,4,0,119,0,1767,0,25,1,0,1,8,83,63,0,3,0,28,39,96,64,60,42,58,2,116,19,158,627,196,260,29,9,21,0,40,41,12,137,60,15,2,21,202,257,38,2,13,77,2,26,41,1,7,189,10,69,5,35,0,14,42,177,78,0,0,1,3,1,0,29,0,1,16
hsa-miR-134-3p,119,2,16,0,63,3,26,121,2,558,0,0,78,196,15,79,8,605,42,36,616,2,11,108,13,5,45,92,8,35,2,123,325,32,0,0,16,144,8,353,1,3,127,0,419,0,1878,0,5,1,0,17,114,73,190,0,2,0,55,1,21,14,7,4,110,3,594,44,166,7,240,856,44,1,87,1,23,163,24,202,35,42,47,1,114,7,50,97,19,5,15,12,76,3,11,504,28,209,23,63,0,80,82,368,94,2,3,64,6,188,2,51,0,5,25
hsa-miR-134-5p,232,6,6,0,27,0,3,3,1,1164,1,2,12,38,168,38,4,4,21,1,31,0,151,181,5,1,9,215,86,421,0,532,10,322,1,3,30,7,4,728,1,3,401,0,0,0,561,0,21,7,1,34,100,37,7,1,0,0,124,19,451,16,4,32,274,0,18,77,433,204,17,15,46,0,182,2,33,192,14,392,30,3,29,1,103,365,216,0,26,98,5,125,95,4,1,376,129,623,13,2,0,61,398,1,4,1,0,19,1,83,0,6,0,176,0
hsa-miR-1343-3p,1569,4,10,7,57,5,32,76,17,721,109,12,1703,27,35,57,67,128,152,3,40,3,223,73,274,11,35,39,82,314,3,34,263,97,6,27,129,185,34,287,0,0,128,0,283,0,3422,17,32,10,0,36,119,259,169,0,2,18,6,23,285,171,7,126,633,0,345,58,639,283,509,41,28,34,156,2,121,12,21,360,308,24,11,26,83,290,22,2,86,116,18,19,94,3,37,863,73,355,173,638,0,86,479,105,71,30,0,3,69,155,2,110,0,73,45
hsa-miR-1343-5p,2901,8,167,34,539,549,383,334,74,3158,1,10,1480,1263,277,535,31,301,1072,3096,3110,17,490,359,3306,526,275,459,86,2076,38,255,411,1538,55,14,500,549,83,2857,61,13,450,2,336,1,10786,58,104,33,65,130,980,1057,524,24,47,27,1101,1002,3274,792,317,585,4785,18,2898,288,5782,977,2425,2330,295,173,202,468,457,31,174,5767,1259,163,271,42,2401,2747,127,699,278,3296,129,175,5801,44,219,5184,322,687,524,561,0,82,3244,2128,2755,26,1,428,221,994,9,378,2,906,1126
hsa-miR-135a-2-3p,16,0,4,0,14,1,16,17,1,28,0,0,179,71,47,24,11,81,37,61,147,0,112,123,557,7,30,102,13,71,0,9,115,5,0,0,21,157,36,214,1,0,26,0,44,0,616,0,1,1,0,8,15,4,19,0,3,0,31,54,159,13,2,52,171,0,700,20,278,254,175,186,5,2,5,2,14,73,0,14,40,6,17,10,72,103,16,9,34,168,10,31,119,23,9,211,23,332,2,1,0,38,138,135,77,0,1,60,46,213,0,28,1,4,41
hsa-miR-135a-3p,1165,4,147,1,33,17,12,38,28,1157,2,5,101,393,28,178,19,153,209,606,340,3,91,150,1152,22,71,270,39,60,2,487,306,133,3,0,82,13,1,174,2,1,11,0,1,67,11081,29,16,4,24,51,22,143,273,1,6,0,89,418,630,101,14,231,1508,1,81,57,2620,2142,1189,106,5,18,83,6,162,136,24,1098,439,14,4,10,1267,1326,6,174,61,1571,14,16,1000,1,69,1483,6,256,255,36,0,10,88,624,178,2,1,44,3,112,2,30,7,478,132
hsa-miR-135a-5p,100,0,0,1,101,9,30,1,0,721,1,1,1,23,0,8,2,64,2,10,18,0,3,1,290,6,63,127,3,76,0,1,1,1,0,0,5,25,0,11,0,0,2,0,1,1,37,1,4,4,0,0,3,12,294,0,0,0,6,2,140,11,3,18,3,0,88,11,92,8,11,21,2,60,4,2,2,2,3,8,221,2,3,5,3,10,1,1,2,4,12,83,19,0,1,207,3,21,137,2,0,4,22,0,3,0,0,21,52,76,0,1,0,4,5
hsa-miR-135b-3p,470,0,1,0,2,1,1,3,0,105,2,0,0,1,18,0,0,0,0,5,3,0,2,0,17,2,1,2,2,187,0,2,0,1,0,1,0,0,0,2,0,1,4,0,0,0,6,0,19,0,0,12,0,0,230,0,0,0,0,80,72,0,0,2,2,0,222,1,2,7,114,6,2,1,47,11,11,1,0,58,0,0,6,0,90,4,16,0,0,2,6,1,1,0,11,92,30,1,23,0,0,0,4,0,1,0,0,2,0,39,0,16,0,2,0
hsa-miR-135b-5p,315,5,1,0,47,4,4,1,3,207,0,0,5,58,23,1,4,80,1,339,13,1,91,4,0,1092,13,5,47,435,0,47,244,1,0,0,5,111,32,237,0,0,2,0,0,0,1379,1,3,0,1,13,36,2,166,5,0,0,3,27,2,12,10,3,2,0,25,18,62,248,16,103,1,59,1,0,37,30,0,169,7,2,2,2,94,91,12,1,8,70,0,31,26,0,0,96,30,23,64,0,0,3,33,0,2,0,0,46,0,0,0,14,0,340,43
hsa-miR-136-3p,94,1,1,1,2,0,1,68,0,85,0,0,3,40,10,1,2,3,15,4,7,0,3,2,3,1,2,2,11,211,0,2,9,61,0,0,142,11,0,75,0,0,71,0,0,0,10,1,2,0,0,1,6,0,3,0,0,0,1,1,1,42,3,98,302,0,184,21,271,2,4,6,35,0,0,0,16,38,0,168,0,53,2,0,2,50,0,1,11,61,6,1,24,1,0,30,74,129,0,0,0,2,865,1,19,0,0,2,1,61,0,0,0,57,1
hsa-miR-136-5p,4,2,1,0,48,3,1,43,2,3,0,0,2,75,32,0,2,128,2,418,20,1,145,0,2,0,2,99,4,69,0,0,62,0,0,1,5,6,0,6,0,0,6,0,0,0,497,0,5,1,0,0,5,4,2,0,0,0,0,1,3,0,5,4,0,0,11,20,8,2,204,10,96,0,2,1,34,3,0,1,0,2,30,0,1,4,26,0,11,1,0,188,34,0,14,230,0,23,22,1,0,10,848,5,1,0,1,0,42,0,0,1,0,3,3
hsa-miR-137-3p,1,0,0,0,0,0,3,0,0,0,0,20,2,85,18,0,0,0,0,229,5,4,2,0,0,0,0,0,0,2,0,1,1,1,0,0,0,2,17,2,0,0,1,0,0,0,3,0,19,0,0,0,2,2,54,1,0,0,0,0,129,0,0,1,276,0,7,2,1,1,8,1,1,0,0,2,50,2,0,1,0,0,1,0,57,1,1,91,1,0,0,1,11,0,0,105,0,3,0,0,0,31,12,0,0,0,0,187,0,0,0,2,0,0,1
hsa-miR-137-5p,787,0,10,12,562,4,38,275,3,2407,0,12,388,190,130,3,37,64,206,1076,2105,2,68,62,1036,14,123,72,197,668,0,36,240,209,1,10,96,7,36,503,0,2,530,0,435,0,1877,1,30,3,2,5,52,40,13,0,46,0,95,75,8,46,12,64,573,0,1554,75,224,265,30,719,85,83,139,0,297,209,28,593,15,91,562,11,773,549,93,59,56,481,7,336,111,37,8,1065,50,926,95,0,0,93,118,3,284,1,29,93,0,84,0,67,1,3,144
hsa-miR-138-1-3p,4,0,3,0,0,1,13,1,2,1,0,9,1,0,43,1,2,1,1,2,5,0,0,1,1,0,2,36,3,4,0,21,58,72,0,0,2,1,0,4,0,0,49,0,0,0,289,0,0,0,0,1,49,1,192,0,0,0,0,0,66,0,2,1,1,0,81,1,66,151,5,167,0,0,0,0,5,2,2,122,47,0,0,24,0,73,1,0,0,0,3,9,18,0,0,97,37,2,0,0,0,3,13,0,0,0,1,0,130,24,0,1,0,0,25
hsa-miR-138-2-3p,518,8,4,0,75,9,2,2,1,410,0,1,12,183,1,45,8,4,68,9,2007,2,2,77,1,13,7,1,141,689,2,76,119,1,0,0,19,74,53,120,2,6,120,0,5,0,253,0,18,4,0,25,10,91,239,2,3,0,174,66,137,64,2,521,340,0,542,24,682,427,77,34,4,82,2,3,35,94,11,204,65,3,4,221,3,171,6,96,2,158,15,5,66,7,5,1499,1,29,3,55,0,6,41,391,96,0,2,87,111,187,2,70,1,1,178
hsa-miR-138-5p,245,2,144,30,238,5,450,128,6,1558,1,2,414,389,232,84,148,142,697,320,1286,1,217,597,690,8,278,280,147,634,1,208,144,250,1,0,606,498,116,809,2,12,1047,1,992,0,2400,6,24,1,1,33,153,170,45,2,25,4,3,180,166,354,19,232,12,1,3679,144,407,1539,221,1255,790,221,9,64,91,578,33,933,82,116,202,40,426,257,99,103,114,386,9,649,343,8,29,442,89,535,12,48,0,346,4212,34,12,5,3,5,413,69,8,156,3,730,272
hsa-miR-139-3p,759,4,25,6,170,8,39,40,7,667,1,1,93,189,92,90,41,152,192,7,42,1,9,30,276,152,6,72,8,276,0,91,152,201,27,1,8,303,12,23,0,1,30,1,59,22,1623,4,13,5,1,2,382,40,332,46,8,1,57,5,520,325,5,208,310,61,1389,25,1378,720,264,456,36,38,55,0,35,55,10,1196,294,6,81,23,143,507,88,0,74,270,15,139,101,5,21,962,94,407,110,187,0,73,92,316,0,0,1,188,20,216,2,31,0,114,51
hsa-miR-139-5p,5,0,0,0,0,3,0,0,1,4,0,0,93,3,19,0,1,2,25,0,1,0,109,2,1,6,0,121,2,5,0,7,3,29,0,0,1,1,0,189,0,6,0,0,123,0,8,0,0,0,0,1,1,0,3,0,0,0,622,0,1,16,3,65,4,0,5,6,127,0,9,152,1,1,2,1,30,0,2,27,1,0,2,0,2,66,1,0,5,0,6,6,17,2,5,108,0,96,0,0,0,0,15,1,5,0,0,1,0,30,0,0,0,4,48
hsa-miR-140-3p,71,0,0,0,0,1,0,0,2,1,0,0,0,0,1,41,0,0,21,1,12,0,47,0,4,2,0,1,1,5,2,11,0,0,0,0,3,0,17,1,1,0,1,0,1,0,804,0,0,1,17,6,4,0,347,0,0,0,1,11,57,18,0,0,101,1,7,4,2,0,8,6,1,12,1,0,1,3,4,0,0,0,12,0,1,31,1,0,35,3,8,1,9,1,0,123,1,52,226,0,0,2,7,0,31,0,0,0,1,36,0,0,0,0,0
hsa-miR-140-5p,87,3,0,7,0,2,1,33,0,3,0,0,142,92,4,20,0,131,86,1,8,0,2,155,0,0,0,210,2,2,0,113,1,2,0,0,5,8,0,0,0,4,0,0,0,0,13,0,0,0,0,52,63,1,76,0,5,0,1,0,1,26,2,0,0,0,28,12,3,2,82,404,3,72,0,0,31,79,2,168,2,52,1,1,0,1,7,0,75,0,5,35,27,0,5,104,50,2,0,152,0,63,33,0,0,0,0,1,0,72,0,0,0,2,21
hsa-miR-141-3p,3,22,45,0,62,6,17,2,9,413,0,0,76,47,21,37,19,53,24,837,311,0,45,46,533,7,17,135,120,35,0,4,63,232,1,0,3,118,0,317,0,2,108,0,134,0,688,0,1,1,0,42,25,39,310,0,0,0,1,24,300,16,2,637,291,1,414,32,105,0,9,359,28,0,38,0,13,70,11,589,277,8,1,10,109,47,7,0,15,273,3,31,32,6,0,25,3,99,12,108,0,25,45,340,65,0,0,137,97,35,3,20,1,380,84
hsa-miR-141-5p,1345,14,596,63,1460,141,1025,986,65,5290,3,34,2814,1648,700,190,388,2581,1234,3987,7857,29,2673,1465,1454,33,2107,2099,917,3013,6,839,2940,731,39,19,1975,2719,265,2415,35,17,2342,1,1467,3,14607,17,137,34,43,106,618,516,2041,46,203,11,558,518,334,1215,114,600,387,30,11547,880,846,2563,733,10591,728,249,526,1099,1914,1798,123,2774,406,835,1217,95,2039,1084,648,746,248,2063,115,1673,3104,126,61,1904,484,4016,808,802,1,881,5160,1010,1107,61,162,687,658,1066,5,964,18,1536,486
hsa-miR-142-3p,211,0,2,0,4,2,0,6,1,31,0,1,12,197,7,10,1,199,260,15,57,0,7,14,8,2,9,12,6,14,0,6,12,1,0,0,11,11,0,17,0,0,12,0,2,0,714,2,11,0,0,6,14,3,7,0,5,0,3,0,108,15,3,3,2,1,109,21,146,8,65,490,18,71,3,3,38,99,1,7,32,5,6,2,2,39,19,0,24,6,3,17,41,0,3,100,3,45,0,97,0,11,1377,400,5,0,0,0,0,15,0,48,0,9,1
hsa-miR-142-5p,8,0,4,0,0,0,31,6,3,564,0,1,1,62,0,0,4,3,47,1,33,1,1,8,3,0,128,165,3,5,0,40,27,383,0,0,11,347,94,4,0,3,3,0,1,0,1150,2,1,0,0,30,4,0,85,0,0,0,79,0,0,8,5,0,0,0,1106,34,113,2,6,409,2,1,0,0,82,151,2,2,39,4,43,0,1,318,11,1,0,139,13,45,36,0,0,65,1,2,0,0,0,2,35,380,67,0,0,1,2,25,0,2,0,1,70
hsa-miR-143-3p,354,30,21,3,3265,432,372,41,29,15451,2,0,154,84,1839,51,37,13,71,7293,3535,56,372,26,2820,34,46,31,750,1891,66,70,24,765,19,16,59,183,1266,2406,3,1,16,0,101,10,16157,1,761,18,0,276,63,461,163,264,42,0,5,3082,352,997,162,1045,251,415,121,123,1424,10683,68,172,23,615,1084,1563,636,12,204,5145,1171,34,18,2343,3668,1000,20,0,1200,4620,110,25,233,836,85,143,19,16,1926,1014,0,58,249,1657,1218,1164,2,18,504,2520,19,98,0,3430,1588
hsa-miR-143-5p,104,0,1,0,1,1,1,0,1,20,0,0,198,3,52,13,1,4,59,1,64,0,2,20,0,0,2,2,2,4,0,27,2,0,0,0,3,0,0,33,43,0,1,0,0,0,388,0,1,0,0,7,3,2,81,0,14,0,0,0,15,2,1,0,0,0,5,192,79,46,174,9,1,0,1,1,7,0,0,0,0,2,4,1,70,1,15,1,0,0,10,0,11,0,12,115,5,25,0,0,0,12,11,247,13,0,0,0,96,52,2,2,0,1,55
hsa-miR-144-3p,7,0,0,0,8,1,107,4,0,28,0,0,149,28,39,0,4,19,228,19,542,1,11,169,84,6,13,4,54,615,0,4,19,154,0,0,14,18,7,108,0,0,54,0,7,0,340,0,18,1,0,4,15,121,11,3,25,0,2,64,145,50,7,1,2,0,145,29,23,15,68,155,12,39,1,1,18,157,0,158,0,6,14,3,3,5,23,53,16,10,0,152,68,1,2,156,16,205,17,140,0,11,1289,7,44,1,31,0,2,3,0,93,1,8,81
hsa-miR-144-5p,9,0,1,3,0,2,2,1,0,1,0,0,1,3,0,1,0,99,0,148,11,0,3,23,0,2,3,1,0,5,0,0,0,0,0,0,60,1,1,4,0,0,85,0,0,0,225,0,15,0,26,16,1,32,3,0,9,0,0,0,3,116,2,1,0,0,159,6,557,0,4,17,0,0,0,2,2,4,0,43,1,0,41,0,0,335,0,0,0,0,8,41,9,0,0,75,3,6,1,0,0,3,15,2,31,0,1,1,0,0,0,1,0,0,94
hsa-miR-145-3p,7,0,82,0,2,1,7,4,16,746,0,0,7,18,94,3,7,130,64,474,221,0,86,5,4,0,54,163,3,17,0,6,7,26,10,0,176,118,19,19,0,0,139,0,171,0,80,9,10,0,0,21,17,0,245,1,4,2,0,155,3,23,3,1,0,0,1796,25,3,9,2,1581,150,43,318,0,220,222,1,324,1,6,114,72,0,2,67,74,12,1,5,302,42,2,4,20,45,139,0,163,0,70,386,1,63,2,1,1,110,76,1,35,0,1,3
hsa-miR-145-5p,697,0,1,0,1,4,0,3,0,288,93,0,40,0,200,26,0,3,1,1,0,0,131,1,0,5,1,4,0,5,2,0,0,175,0,0,2,3,0,6,0,5,5,0,8,0,10,37,0,4,0,17,3,2,79,0,0,74,63,1,0,85,3,234,0,1,7,45,508,0,27,1,2,21,0,1,0,1,2,36,25,0,0,0,84,142,0,0,218,83,20,30,20,5,0,337,14,4,644,0,0,0,16,0,27,0,0,2,0,41,0,0,0,1,49
hsa-miR-1468-3p,1,0,2,0,33,1,1,1,0,3,0,0,31,2,121,0,1,6,0,2,177,0,1,1,1,2,4,1,1,153,0,1,29,3,0,0,25,96,0,3,0,1,2,0,0,0,18,0,9,0,1,0,3,45,85,0,0,0,0,0,2,21,1,249,0,0,336,2,110,2,1,257,5,0,0,1,4,1,10,0,1,1,0,0,1,39,1,0,1,0,0,1,10,0,0,62,2,77,1,0,0,0,14,0,1,0,1,0,0,0,0,0,3,29,0
hsa-miR-1468-5p,195,0,60,0,0,0,2,48,0,2,0,7,1,80,36,41,53,1,146,1,527,1,135,2,263,5,1,133,0,4,0,1,0,0,0,0,5,3,0,213,0,1,100,0,1,0,723,3,12,0,0,14,4,3,3,0,1,0,80,1,3,22,4,0,0,0,179,9,66,2,1,17,2,0,0,0,0,118,6,2,1,2,1,0,31,1,2,0,13,18,2,71,24,0,0,188,0,45,0,2,0,48,28,0,14,1,0,0,199,12,0,45,1,0,49
hsa-miR-1469,5211,49,114,28,171,482,183,81,48,3254,6,9,744,1101,129,462,33,215,439,4832,2254,5,378,387,2530,662,224,39,216,1386,5,660,395,802,22,116,195,152,311,1759,92,16,294,2,5,57,23429,40,101,194,101,157,135,583,656,5,8,1,835,1322,3478,626,895,731,3322,149,178,775,3784,3966,7890,200,22,121,61,8,291,143,89,2080,1089,27,146,87,1536,3166,60,530,246,2327,126,97,3321,4,499,7393,60,686,147,1880,0,43,462,1789,977,3,8,316,199,901,16,204,50,530,648
hsa-miR-146a-3p,3,1,41,0,0,1,2,31,1,4,0,0,3,121,47,32,0,1,109,4,241,0,8,5,1,0,2,2,3,337,0,12,1,0,0,0,72,5,1,55,0,0,3,0,7,0,16,0,0,0,0,6,46,1,6,0,1,0,2,1,1,26,2,2,139,0,235,8,4,1,1,114,162,0,0,0,30,56,5,72,1,3,1,3,1,0,5,2,0,0,0,64,18,16,0,47,5,25,95,0,0,112,32,0,0,0,2,0,187,2,0,21,0,0,1
hsa-miR-146a-5p,2145,3,55,17,32,37,103,84,10,998,3,15,371,4532,17,658,72,222,179,1253,1723,17,218,338,811,64,214,288,176,746,8,114,260,276,2,2,367,230,157,927,6,0,388,2,310,111,2991,4,96,19,7,87,598,2927,377,4,31,9,2199,490,405,705,139,1064,268,2,1406,519,3682,1306,945,670,125,64,124,24,109,194,325,150,6264,73,157,13,95,3057,58,110,42,1125,98,232,529,12,32,3238,63,1235,100,43,0,110,1333,991,401,3,26,378,69,296,88,60,7,84,724
hsa-miR-146b-3p,19,0,1,0,87,2,5,3,0,866,0,0,6,75,115,0,3,252,35,4,203,0,4,43,245,2,41,25,4,4,1,76,88,0,1,0,12,4,3,304,0,0,139,0,0,1,37,0,8,0,0,12,9,69,4,0,18,0,2,0,2,217,3,223,0,85,237,22,149,8,260,318,75,43,183,2,77,311,7,3,1,84,143,0,137,90,100,17,1,0,6,27,38,3,1,215,39,139,1,152,0,92,43,1,44,0,0,2,2,21,1,52,0,1,1
hsa-miR-146b-5p,588,0,64,2,82,47,137,110,14,426,4,5,385,7954,56,430,63,335,207,424,1525,4,267,501,521,53,215,252,166,608,2,88,473,46,3,5,308,324,32,943,8,1,308,1,30,4,3963,5,19,6,3,18,163,52,357,6,26,4,603,52,605,298,81,88,280,7,2661,365,2082,453,663,1163,191,125,119,37,159,316,332,423,469,68,171,226,108,1091,135,124,109,202,34,258,506,17,19,2539,79,2200,115,30,0,161,1680,64,124,5,19,347,388,207,12,94,7,71,70
hsa-miR-1470,1501,8,221,130,501,686,45,62,77,6075,0,0,73,335,1465,85,76,15,973,14226,620,2,130,136,55297,571,10,23,57,2387,20,11,368,528,13,3,108,98,238,7625,103,100,22,0,295,17,4081,8,252,13,2,93,320,3203,488,19,1,0,1719,1131,956,825,18,284,835,1,42,257,969,11380,3223,54,147,201,724,2298,169,129,97,9728,573,6,21,11,25107,386,42,859,236,9190,353,11,253,41,483,966,4,3311,188,574,0,27,786,151,2998,4,0,928,458,4417,9,48,15,337,1470
hsa-miR-1471,328,0,2,13,3,8,4,52,2,1333,1,1,27,188,62,29,0,229,209,239,32,1,90,126,360,13,40,5,6,202,30,79,13,1,3,0,82,52,8,46,18,0,56,1,11,1,823,14,4,66,0,0,43,172,123,0,2,0,5,278,650,92,252,246,6358,0,455,28,235,2003,292,198,8,40,2,3,37,113,30,778,864,1,88,1,221,293,9,25,93,400,16,71,92,14,18,514,55,141,55,259,0,24,966,1,164,0,2,111,3,143,0,49,0,214,50
hsa-miR-147a,34,0,1,0,34,4,2,4,0,219,0,0,6,43,1,7,0,6,3,7,21,0,5,28,264,3,7,131,39,66,0,0,38,1,0,0,1,36,0,9,0,0,13,0,19,0,458,0,8,1,0,1,20,40,8,0,1,0,0,0,20,4,4,2,4,1,27,22,192,3,10,221,2,43,1,6,84,14,37,1,25,2,5,0,2,9,0,4,29,2,5,11,63,1,4,205,2,142,113,156,0,4,657,145,38,1,0,0,79,2,0,33,1,3,39
hsa-miR-147b-3p,89,0,47,6,199,382,172,56,16,405,0,0,60,87,82,27,36,108,148,126,418,1,29,221,129,3,59,89,75,376,25,129,224,41,0,0,221,241,18,430,0,0,87,0,405,0,717,1,21,0,25,4,93,0,235,0,10,1,1,58,90,77,12,1,75,0,813,60,131,228,10,334,6,87,66,0,116,89,17,69,68,37,56,0,207,104,38,73,25,49,1,82,902,20,0,202,83,487,73,0,0,65,1983,3,12,0,18,99,33,21,1,57,11,4,27
hsa-miR-147b-5p,11,0,4,1,22,31,31,129,6,1,1,1,3,1,0,38,4,3,2,1,555,0,5,3,1,10,3,1,3,1,0,2,33,1,0,1,245,2,0,0,4,0,2,0,1,1,100,0,0,0,0,0,75,22,17,0,1,0,3,0,1,154,172,8,0,0,347,10,3,0,54,24,3,56,1,0,46,11,1,0,0,1,104,0,1,6392,1,0,5,1,5,0,23,0,0,28,1,223,1,0,0,2,17,1,3,1,1,2,0,26,0,61,0,0,0
hsa-miR-148a-3p,2,0,79,3,81,2,3,0,0,4,0,0,2,2,0,45,2,2,4,0,298,0,2,93,3,1,4,32,35,2,0,90,2,145,0,0,14,145,0,757,2,8,39,0,0,0,874,0,6,1,0,5,6,0,115,0,1,1,0,1,123,10,1,3,1,0,190,7,76,42,112,977,3,17,33,2,2,2,0,170,1,4,47,0,3,761,6,1,1,30,17,2,23,1,15,105,2,82,13,94,0,4,24,0,5,0,0,1,0,245,0,16,0,0,89
hsa-miR-148a-5p,895,12,2,3,0,2,4,15,1,318,0,0,3,29,9,0,2,1,0,8,34,0,2,2,80,0,3,79,1,4,0,1,0,0,0,0,72,34,0,6,0,0,1,0,0,0,628,0,3,0,0,0,8,1,3,0,0,0,1,2,139,76,1,0,0,1,411,6,34,0,5,241,1,66,1,1,3,2,0,49,1,0,0,0,0,1,0,37,3,0,0,3,17,0,0,182,9,82,0,1,0,3,18,1,55,0,0,64,0,1,0,3,0,128,0
hsa-miR-148b-3p,21,48,6,1,287,5,4,5,3,375,0,1,9,107,80,26,8,86,93,457,594,4,3,93,281,5,10,114,27,391,0,47,60,121,0,0,16,6,27,58,0,23,3,0,29,0,2099,0,19,1,0,34,45,52,7,0,2,1,340,179,215,131,75,6,2,0,561,16,1110,954,23,1367,17,0,40,2,10,96,8,797,0,7,55,2,90,253,55,0,78,17,34,29,36,26,11,345,71,90,15,386,0,125,641,303,36,1,26,0,1,147,0,126,1,260,122
hsa-miR-148b-5p,1,3,5,7,0,1,55,2,2,363,1,1,1,1,33,0,1,122,44,3,102,0,2,3,2,1,3,1,2,7,0,4,1,1,0,0,4,3,0,2,0,0,0,0,0,0,952,0,0,1,0,0,1,1,6,0,1,0,0,3,6,23,1,1,0,4,303,12,116,21,4,21,1,0,0,0,17,53,0,0,58,0,5,0,0,2,14,0,0,66,41,47,3,0,0,141,0,1,0,0,0,0,11,2,2,0,0,3,0,448,0,2,0,0,0
hsa-miR-149-3p,3853,18,419,46,825,37,205,341,130,6668,17,29,382,1551,699,385,73,951,1804,2069,3147,9,844,707,3124,537,291,399,348,1105,28,2401,661,653,23,26,610,425,182,2918,59,22,472,1,718,22,12656,17,223,22,44,122,677,1733,1256,41,50,84,1251,1376,2869,1232,122,774,1331,54,8150,2656,4421,7511,5281,4064,592,355,86,228,386,739,132,9048,1689,162,422,46,4685,2763,603,1086,699,2149,127,376,2921,34,296,7273,261,3685,513,342,2,1014,5392,1839,1018,6,3,793,413,1359,10,471,32,325,1277
hsa-miR-149-5p,490,2,1,1,186,2,27,33,6,685,1,1,85,357,53,26,4,143,34,146,196,0,100,37,460,10,1,7,54,32,0,140,58,43,0,0,62,131,69,161,1,1,169,0,158,0,2473,3,11,3,1,15,36,235,300,0,1,11,3,37,522,103,10,7,202,0,645,27,256,991,20,35,96,39,60,2,34,69,15,684,84,6,0,14,190,273,10,46,48,138,27,6,43,2,8,380,3,88,31,53,0,4,81,318,83,0,9,71,47,76,2,7,34,44,81
hsa-miR-150-3p,51,5,2,0,0,1,0,2,0,531,0,0,21,31,18,13,0,62,13,175,1,0,0,17,2,1,0,103,0,8,0,1,0,36,0,1,3,3,0,33,0,0,120,0,14,0,7,0,0,0,0,1,4,76,2,0,0,0,0,14,2,2,0,1,0,2,4,8,292,321,6,7,4,0,1,0,1,6,10,177,9,0,0,0,48,20,3,0,4,0,0,1,12,1,1,317,1,37,1,0,0,0,17,0,2,0,0,0,17,1,0,0,0,0,2
hsa-miR-150-5p,1668,18,7,14,8,936,2,8,2,1657,1,0,55,13,112,467,6,29,19,11,460,0,7,10,241,12,80,8,31,51,1,8,21,427,0,1,36,10,229,170,2,0,8,0,0,23,1164,2,212,201,177,76,13,716,100,1,1,0,548,559,1443,235,4,793,3349,1,30,28,1058,4,2195,572,4,0,405,1,9,30,73,542,1271,8,81,0,68,1854,2,1,45,340,84,8,421,1,98,707,18,15,2,1,0,7,765,329,194,0,0,523,109,767,12,3,0,1,203
hsa-miR-151a-3p,5,0,77,2,72,3,25,3,27,124,0,0,67,236,64,74,8,4,105,2,619,2,49,95,150,3,6,228,46,2,0,44,55,51,0,1,143,83,7,186,1,0,105,0,1,0,912,3,1,0,0,30,17,0,159,0,27,0,0,29,1,76,3,1,0,0,979,28,38,5,7,569,47,0,34,0,19,59,6,0,3,48,122,27,0,0,76,26,39,97,7,50,79,2,0,321,58,564,1,4,0,77,1019,97,1,0,0,0,35,41,15,47,0,0,30
hsa-miR-151a-5p,2330,0,2,0,10,8,17,6,0,226,0,0,10,11,22,198,1,2,56,916,40,0,4,20,757,14,7,23,58,281,1,3,2,151,0,1,2,22,1,74,111,0,22,0,0,0,119,0,0,0,0,10,3,407,16,0,4,1,1029,16,114,89,1,5,1,0,285,10,551,203,429,89,15,0,7,29,8,12,0,272,1374,3,8,2,334,21,14,4,14,86,4,13,16,1,12,367,41,94,1,11,0,41,115,2,4,1,0,1,23,27,9,23,3,1,149
hsa-miR-151b,163,0,2,0,13,1,33,34,0,108,1,1,29,31,25,8,0,1,130,1,95,0,1,54,85,3,33,23,19,225,0,13,1,0,0,0,1,37,1,121,98,0,51,0,0,0,10,0,0,0,0,3,6,0,5,0,3,0,0,23,123,0,1,0,3,0,628,13,63,229,3,168,28,0,13,74,8,55,0,53,20,1,31,2,48,18,29,12,14,42,6,23,14,2,0,50,70,198,1,22,0,77,194,0,18,1,0,0,42,53,0,1,7,0,6
hsa-miR-152-3p,3,0,1,0,53,1,0,13,2,0,62,0,4,72,0,0,2,19,147,2,14,0,45,1,0,1,40,24,5,148,0,2,4,2,0,0,6,3,2,8,0,1,1,0,0,0,71,0,1,0,0,0,7,0,0,0,0,1,0,26,0,15,2,0,0,0,778,728,32,797,0,4,21,0,0,0,13,99,0,1,0,0,4,2,0,5,16,0,4,20,7,43,19,0,0,75,12,24,0,0,0,28,27,4,45,0,1,1,0,81,0,1,0,0,0
hsa-miR-152-5p,123,6,1,0,2,1,1,17,0,930,0,0,183,1,21,19,2,3,0,4,39,0,20,4,206,7,5,17,2,13,0,1,0,40,0,0,10,3,11,15,0,0,1,0,2,0,2182,0,0,1,0,6,4,136,5,1,0,0,1,1,0,11,0,7,5,0,407,2,211,6,16,25,12,9,1,0,10,1,0,28,27,7,2,1,2,59,1,0,6,0,7,4,12,6,7,445,0,65,0,0,0,1,17,3,315,8,0,325,1,2,0,2,0,1,0
hsa-miR-153-3p,2,7,7,1,218,2,51,45,0,53,0,0,12,30,7,0,9,8,77,16,50,1,200,8,7,3,15,8,87,22,0,5,16,85,0,64,181,12,9,59,0,0,141,0,7,0,1051,1,1,1,0,11,9,3,194,0,18,2,4,3,2,62,4,6,325,0,570,28,12,410,109,469,20,1,1,1,14,31,1,187,3,70,10,0,104,3,2,76,20,40,14,11,47,2,8,54,9,88,5,1,0,6,289,5,3,36,21,4,4,133,0,2,2,7,24
hsa-miR-153-5p,105,0,2,0,39,1,1,2,1,1,0,0,5,1,25,0,0,1,77,1,10,0,1,9,0,1,42,2,89,3,0,0,1,29,0,0,1,1,0,4,1,9,0,0,0,0,237,0,0,0,0,4,3,0,2,0,2,0,2,0,23,9,1,70,0,0,252,4,85,0,55,150,93,16,9,0,14,0,0,1,1,68,1,0,0,0,0,40,17,0,6,71,13,1,2,55,5,55,92,0,0,11,26,1,1,0,0,0,0,23,0,14,10,0,1
hsa-miR-1537-3p,5,0,2,1,1,0,4,0,3,2,0,0,5,36,0,1,1,2,2,2,11,0,5,11,2,0,6,3,1,2,0,0,83,0,1,0,3,10,0,104,0,13,6,0,0,0,1002,0,5,0,0,34,16,0,1,0,0,0,0,0,125,1,4,1,1,0,7,20,21,1,0,12,3,11,1,0,1,1,0,1,0,62,2,0,1,1,1,0,0,68,0,0,1882,0,0,6,4,46,0,0,0,3,55,0,0,0,0,0,0,44,0,0,0,0,30
hsa-miR-1537-5p,10,0,5,1,109,0,3,32,0,263,62,0,46,149,0,2,3,10,89,571,550,0,4,7,9,2,215,316,2,12,0,2,120,3,0,0,13,12,9,8,0,0,23,0,3,0,197,0,16,0,0,8,22,1,217,0,2,1,126,115,1,82,3,140,2,31,37,30,7,5,6,1094,2,2,1,0,126,10,51,4,3,5,4,0,1,58,40,6,2,4,3,79,388,1,0,183,2,130,4,2,0,3,58,4,0,1,0,105,77,3,0,6,1,526,0
hsa-miR-1538,134,0,92,1,64,1,27,6,10,43274,0,5,84,76,43,0,1,29,338,179,73,0,13,144,484,9,17,10,9,192,1,122,192,116,28,2,8,33,29,262,0,6,114,0,2,1,1695,3,25,4,0,51,221,4,7,0,15,1,663,62,321,72,90,1,38,35,648,701,552,422,19,186,6,0,13,2,37,47,25,1445,3,5,37,17,293,82,97,450,39,149,10,15,3455,2,30,468,38,371,13,178,0,2,349,102,443,1,1,1,46,111,5,12,0,114,144
hsa-miR-1539,1302,4,79,20,0,10,2,173,7,793,0,0,239,82,83,8,3,7,135,6,59,2,21,30,330,7,54,281,218,27,1,557,11,2,1,19,18,24,14,113,0,0,210,0,228,0,3607,2,21,1,1,21,33,146,11,0,2,17,66,47,166,179,10,166,733,1,194,40,1006,1000,71,620,70,48,3,352,3,5,24,316,76,26,9,5,141,254,92,246,124,296,5,10,2912,2,15,962,23,110,156,113,0,75,109,863,80,0,0,3,1,34,1,123,0,115,76
hsa-miR-154-3p,3,0,3,0,0,0,1,1,2,2,0,0,2,0,0,0,0,2,1,5,5,0,0,1,16,1,0,0,0,3,0,0,37,18,0,0,1,1,1,6,0,0,2,0,1,0,156,0,0,1,0,4,1,0,3,0,0,0,1,21,80,1,1,0,2,0,9,2,6,265,2,9,0,0,1,1,1,3,0,96,3,0,62,8,1,108,1,1,0,18,0,6,3,0,0,33,4,3,11,0,0,0,15,2,1,0,0,0,0,2,0,5,0,1,0
hsa-miR-154-5p,5,1,1,2,0,6,5,26,1,258,0,0,82,0,4,46,3,68,1,380,22,1,2,1,208,9,43,72,41,13,0,1,1,0,1,0,1,2,4,67,48,2,2,0,1,0,573,7,8,15,0,16,4,45,4,0,14,0,168,14,281,223,4,2,40,84,15,9,269,613,11,13,9,0,1,0,1,2,3,201,28,3,68,25,51,52,44,36,26,58,1,5,25,0,0,126,21,243,104,0,0,2,37,2,0,0,17,54,0,27,0,30,0,2,0
hsa-miR-155-3p,1,0,86,10,55,1,103,184,9,1041,0,0,103,96,51,0,80,5,4,586,45,1,106,98,0,0,3,221,7,590,0,1,14,301,0,1,12,12,30,441,0,0,6,0,0,0,3514,0,17,0,0,5,487,0,75,1,10,0,0,1,1,43,10,0,2,0,540,41,186,2,2,435,148,0,0,1,47,201,18,636,155,4,182,1,0,23,128,2,7,1,9,168,106,12,12,30,68,1216,1,1,0,31,69,3,82,0,1,107,1,0,0,1,0,0,0
hsa-miR-155-5p,5240,1,129,1,496,1198,6,73,13,1860,3,0,308,233,16,217,9,169,104,7,70,1,188,102,221,32,80,275,152,582,3,2086,13,450,1,23,18,12,12,32,2,0,79,0,243,1,3882,0,10,4,21,134,112,488,217,0,1,1,779,259,1902,171,10,384,2,1,51,1029,2210,563,1218,73,11,49,96,2027,73,12,39,803,312,6,5,25,296,1769,4,231,395,0,34,8,246,6,90,2529,44,141,413,538,0,8,139,0,2,2,1,87,62,217,2,77,0,213,38
hsa-miR-1587,1356,4,17,14,39,9,24,22,7,214,2,2,174,207,56,50,6,95,53,769,333,0,3,49,407,4,26,47,168,200,1,970,40,59,7,7,241,11,23,137,0,1,26,0,63,0,1624,0,12,2,0,2,104,182,110,21,4,0,159,22,501,352,5,147,195,0,625,26,545,208,377,236,3,23,1,1,27,4,0,437,44,9,6,2,137,404,0,94,112,294,13,36,44,4,23,1964,9,146,126,41,0,5,49,53,38,1,1,18,19,59,1,82,1,133,69
hsa-miR-15a-3p,1,0,1,0,0,0,3,0,0,2,0,0,0,7,16,0,0,50,6,2,524,0,2,1,4,0,3,3,2,1,0,80,6,40,0,0,2,2,0,0,0,1,3,0,0,0,13,0,0,0,0,6,7,0,1,0,0,0,0,0,13,0,0,0,2,0,378,13,1,1,0,9,1,0,0,1,1,4,0,115,0,3,1,0,1,3,26,3,1,2,0,26,17,0,0,12,1,7,0,0,0,1,1267,0,0,0,0,0,1,0,0,2,0,0,18
hsa-miR-15a-5p,5,6,1,0,4,0,2,34,0,6,0,0,3,60,76,0,4,9,4,4,564,0,72,4,4,1,5,2,1,9,0,72,4,0,0,0,0,2,0,227,0,1,96,0,1,0,490,0,0,2,0,2,2,1,10,0,0,0,0,297,9,4,0,2,0,0,60,4,143,1,3,48,7,1,1,6,1,18,0,0,2,4,4,0,115,5,17,1,9,2,3,60,7,1,2,21,1,24,60,74,0,48,28,0,1,1,1,2,2,29,0,4,0,1,35
hsa-miR-15b-3p,2,4,0,0,2,2,0,44,27,339,0,0,88,4,1,0,1,66,119,50,7,2,5,56,235,2,0,1,2,353,0,1,4,75,0,0,2,50,56,10,0,0,1,0,0,0,203,1,0,0,0,10,15,53,5,0,0,0,67,0,0,1,2,1,0,0,244,14,94,0,7,13,99,28,1,0,3,277,3,3,62,2,4,0,60,50,25,33,1,1,2,0,38,2,2,221,32,208,0,0,0,40,30,309,156,0,0,2,0,63,0,2,0,0,1
hsa-miR-15b-5p,745,3,93,1,472,14,106,428,12,375,67,2,113,802,221,4,76,545,497,32,4774,4,267,662,151,27,293,525,33,797,31,54,337,51,1,15,191,572,8,992,31,4,582,0,94,1,4938,3,6,0,2,9,363,34,323,0,21,0,14,4,569,169,31,30,4,7,8858,127,368,143,73,4240,674,1,89,28,306,502,9,630,14,99,86,3,238,1060,383,148,6,221,17,452,2005,29,7,436,186,1511,12,117,0,649,3709,405,171,7,3,18,35,150,0,289,2,338,87
hsa-miR-16-1-3p,248,1,1,0,18,0,53,8,4,1,0,0,92,5,17,6,1,3,81,1,14,0,1,3,0,0,0,3,62,7,0,93,9,67,0,15,4,2,0,1,0,0,1,0,1,0,189,0,1,0,0,28,1,0,1,0,1,0,0,0,2,7,1,2,0,0,216,6,3,1,5,24,3,0,0,0,0,2,0,38,2,61,100,0,0,5,3,0,0,2,4,12,7,0,0,4,3,11,10,1,0,42,13,303,1,0,26,1,0,40,0,2,0,2,0
hsa-miR-16-2-3p,83,2,0,0,0,0,0,1,0,3,0,2,3,2,36,0,3,7,0,0,3,0,2,0,39,0,0,3,1,51,0,1,3,1,15,0,2,8,0,2,0,0,0,0,0,0,8,0,0,0,0,2,0,0,1,0,0,0,33,0,7,1,2,0,0,0,500,6,1,0,102,226,81,0,0,1,54,1,0,1,0,0,0,0,0,3,34,0,0,0,0,1,20,0,0,4,2,4,1,1,1,26,649,0,16,0,0,0,0,0,0,0,1,0,0
hsa-miR-16-5p,484,98,2,0,145,29,7,51,1,2245,1,1,6,124,4,991,10,120,8,1971,439,0,4,16,4,80,5,16,5,86,6,19,22,374,1,0,8,13,8,272,2,0,11,0,196,2,119,55,235,0,0,1,231,2741,253,3,0,2,2474,1479,1913,548,0,489,1678,0,43,41,4039,10,1123,466,11,74,115,9,4,16,0,397,4441,52,95,0,379,2422,1,1,233,1439,61,87,42,4,59,1021,2,202,5,2,0,28,120,1,122,0,0,10,2,151,94,35,0,5,456
hsa-miR-17-3p,659,2,29,0,91,0,76,0,0,204,0,10,73,89,13,0,3,104,48,150,30,1,157,10,0,2,149,62,108,9,0,33,135,0,1,0,86,206,8,9,0,5,123,0,73,0,649,1,22,1,34,12,126,2,112,4,5,5,111,26,83,121,6,1,202,20,465,44,246,123,601,499,48,33,24,1,50,102,2,65,51,80,84,9,220,97,24,2,1,268,9,74,674,1,17,273,10,298,70,0,0,17,72,225,63,0,0,0,0,43,0,41,0,1,40
hsa-miR-17-5p,1,0,0,0,21,0,0,0,0,1,0,0,1,0,0,0,0,29,1,0,0,0,1,0,0,0,0,0,1,1,0,0,0,70,0,0,0,0,0,2,0,0,66,0,0,0,47,0,0,0,0,2,1,2,1,0,1,0,0,0,1,0,0,0,0,0,2,4,2,0,1,1,0,0,0,0,30,0,0,24,0,13,53,0,0,0,0,28,2,0,0,1,5,0,0,24,1,0,0,0,0,0,6,0,32,0,0,0,0,0,0,1,4,0,0
hsa-miR-181a-2-3p,177,0,3,0,191,0,0,2,1,109,0,0,2,2,0,0,3,5,38,3,1008,0,1,1,0,3,7,16,3,6,0,0,4,123,0,1,11,3,0,4,0,0,1,0,2,15,305,0,6,0,0,36,472,1,209,1,0,0,1,2,18,0,2,56,1,0,515,6,18,47,32,18,2,0,0,0,2,53,14,849,1,2,7,17,63,16,3,3,9,57,3,6,14,0,2,109,1,3,3,25,0,8,24,125,138,1,0,1,0,17,0,1,0,1,12
hsa-miR-181a-3p,652,0,0,1,2,2,1,3,2,427,0,0,303,131,25,34,3,53,39,420,20,1,4,3,72,3,3,5,6,153,0,135,5,41,1,0,8,83,9,281,0,0,4,0,0,0,1250,0,1,0,0,3,4,5,10,0,2,0,2,2,170,24,124,39,37,0,231,47,324,878,20,18,2,16,1,0,25,2,1,0,38,4,129,0,0,201,12,1,41,462,2,9,45,2,0,478,38,51,23,0,0,1,1279,696,0,1,0,1,384,2,1,2,1,112,70
hsa-miR-181a-5p,1783,73,34,0,0,22,2,2,1,2391,1,0,11,335,204,883,4,34,213,502,26,0,21,121,412,34,7,11,187,207,3,97,7,617,1,10,11,17,215,40,3,0,23,0,1,19,765,17,256,0,3,17,20,3208,336,1,2,1,2463,463,2471,965,10,11,124,191,577,45,3617,1535,1266,17,3,12,1,6,94,4,109,294,4052,3,45,4,197,1757,26,145,28,1484,44,4,1833,0,62,1709,3,9,3,39,1,45,112,638,63,0,0,69,124,253,75,34,0,1,105
hsa-miR-181b-2-3p,1,0,0,0,111,1,0,0,0,0,0,0,172,3,33,30,83,81,138,1,5,0,1,1,208,1,1,36,0,4,0,0,8,0,0,0,1,133,0,146,0,0,0,0,0,0,10,0,2,0,0,1,2,0,2,0,0,0,44,0,0,28,1,0,1,0,381,8,326,430,1,5,2,0,1,0,7,0,0,0,0,1,3,0,1,43,27,0,3,0,0,10,6,0,0,53,2,2,0,0,0,32,11,1,2,0,0,1,128,1,0,0,0,1,0
hsa-miR-181b-3p,0,0,1,0,1,0,19,32,1,4,0,0,3,70,25,0,5,2,9,1,15,0,2,57,1,0,56,159,74,152,0,2,88,0,0,0,6,0,0,2,0,0,45,0,0,0,449,0,13,0,0,0,2,1,1,0,3,0,0,0,0,0,0,0,0,0,13,9,2,0,0,1289,3,0,0,0,132,34,0,0,0,4,1,0,0,1,18,1,17,91,0,64,20,1,0,10,50,62,0,0,0,1,15,0,1,0,0,0,0,0,0,1,0,1,29
hsa-miR-181b-5p,135,6,2,0,105,4,0,26,3,538,0,0,7,575,51,1,1,7,326,5,9,0,30,21,3,7,17,5,23,14,1,632,105,90,10,30,4,163,3,103,0,2,70,0,28,0,382,5,95,0,0,20,20,87,9,0,0,0,0,18,792,24,12,2,111,0,143,58,322,285,255,16,5,14,2,1,92,10,0,533,372,6,38,4,393,358,0,18,75,1,15,3,1427,0,13,470,0,339,1,36,0,27,1375,51,79,0,1,2,0,129,1,1,0,0,33
hsa-miR-181c-3p,712,0,3,0,39,3,0,1,0,397,0,0,278,107,88,41,0,7,33,976,15,0,3,5,47,2,4,7,6,175,0,140,8,73,0,0,8,75,6,280,0,0,6,0,0,0,1166,1,5,1,0,2,15,3,2,0,0,0,1,2,139,49,108,41,0,0,13,28,296,20,244,9,2,9,1,0,11,5,8,4,33,0,5,0,242,246,11,0,34,133,0,31,44,0,8,481,3,9,17,1,0,2,1237,237,24,0,1,0,0,0,3,1,0,104,68
hsa-miR-181c-5p,6,0,2,0,1,1,1,1,1,110,8,0,3,1,0,0,2,2,75,937,148,0,12,0,4,1,29,4,0,183,0,163,1,0,0,0,2,0,0,98,0,0,15,0,0,0,1017,0,7,0,0,47,5,0,0,0,1,0,1,10,121,1,200,3,0,0,231,5,99,0,4,155,37,0,1,0,31,36,2,51,47,0,38,0,23,81,32,8,23,192,4,18,16,2,0,86,1,28,0,0,0,16,18,0,65,1,0,58,2,87,0,1,0,1,46
hsa-miR-181d-3p,284,4,327,11,94,6,461,213,11,336,1,12,544,382,104,39,202,502,345,310,1069,7,463,237,563,6,636,371,410,348,0,380,848,134,1,2,617,719,14,853,0,11,235,0,630,0,4893,21,53,29,0,46,566,298,942,5,109,25,94,152,36,460,29,77,161,30,3138,378,265,784,69,801,129,73,78,0,221,541,41,591,54,298,402,13,383,229,129,339,51,478,39,358,1915,14,13,697,226,546,138,201,0,160,1639,1,204,7,50,86,48,372,5,220,0,98,130
hsa-miR-181d-5p,1056,13,5,0,272,6,0,5,0,1253,1,1,7,303,111,75,5,208,78,5,27,1,25,19,30,871,25,75,38,18,53,1375,117,45,17,33,3,37,0,12,0,1,68,0,0,0,914,8,22,0,0,23,25,227,15,0,2,0,204,66,999,79,13,2,122,0,295,39,1064,301,176,509,5,40,78,432,111,101,13,465,13,1,57,26,686,744,29,19,93,63,9,6,2134,0,6,701,0,9,47,149,0,14,365,590,0,0,0,3,1,112,0,2,0,0,114
hsa-miR-182-3p,602,0,0,0,1,3,0,99,0,1,1,0,2,6,47,16,0,125,3,5,3,0,40,9,1,8,0,143,1,2,0,1,18,24,18,3,1,20,0,40,1,0,111,0,0,0,12,0,5,29,0,4,5,1,33,0,23,0,39,113,89,0,5,0,0,0,5,10,291,3,14,4,31,2,1,1,0,4,9,73,33,0,2,0,0,332,0,101,32,69,10,2,418,0,0,550,1,3,0,23,0,12,22,2,2,0,0,0,16,157,1,1,0,614,0
hsa-miR-182-5p,1701,69,6,1,135,17,14,29,2,921,2,2,400,138,275,130,12,25,5,356,559,0,126,10,475,12,218,5,20,805,0,163,306,273,2,0,17,10,34,691,2,0,8,0,563,0,2358,0,177,0,0,48,20,169,415,2,10,1,536,1,1545,191,5,467,298,1,3474,91,1112,1022,533,61,4,167,235,2,81,24,62,289,1251,53,16,0,314,1522,76,145,32,1044,68,189,76,7,40,868,87,251,3,2,0,142,1053,398,2,217,0,338,507,553,28,59,1,196,165
hsa-miR-1825,146,0,63,1,0,4,301,74,10,156,0,0,207,288,54,1,5,206,138,5,1183,2,198,24,315,6,35,180,50,73,0,126,243,50,0,0,83,123,4,12,0,2,53,0,128,0,2364,1,14,1,0,0,83,1,149,0,7,0,37,211,194,53,180,1,5,0,599,43,20,10,130,573,6,23,57,0,76,171,9,362,105,18,74,19,89,26,34,96,40,5,12,101,1729,8,4,483,51,541,40,0,0,135,1221,199,101,1,0,15,32,68,0,148,0,2,53
hsa-miR-1827,3580,0,1,9,0,3,1,2,3,1,0,0,4,13,33,10,56,68,2,268,216,1,1,3,253,17,1,1,16,8,0,1,4,1,3,2,163,23,1,5,25,0,1,0,122,0,502,0,2,0,0,0,14,58,12,16,2,0,2,0,1,112,2,1,0,0,15,11,6,89,27,10,3,1,2,1,0,2,1,1,3,1,3,0,0,41,16,1,0,1,0,11,42,0,1,196,0,113,1,0,0,1,1161,0,104,0,0,0,0,1,4,4,5,1,0
hsa-miR-183-3p,6,9,4,0,0,0,1,61,0,5,0,0,2,5,6,118,70,4,1,6,550,0,127,53,1,0,2,1,1,7,1,26,6,186,1,0,6,1,5,9,0,0,3,0,0,0,13,0,5,0,0,1,2,118,1,0,0,0,85,15,125,29,2,2,185,1,536,7,67,634,8,13,4,14,0,4,2,99,15,227,1,1,1,0,142,5,0,1,20,57,6,2,26,3,0,85,0,231,3,0,0,0,26,1,0,0,1,0,1,2,0,0,0,1,77
hsa-miR-183-5p,208,11,171,22,305,17,109,101,5,1250,2,76,511,304,389,238,81,135,154,4548,4442,7,21,151,221,25,1089,390,14,539,1,206,129,71,1,4,564,89,6,277,1,0,128,0,2947,1,1446,17,82,1,1,664,305,630,35,0,35,3,279,2909,147,678,24,19,540,177,1412,204,956,1026,128,1429,347,4,17,9,597,17,48,695,2766,236,23,1,731,233,6,90,184,344,7,87,1641,97,1,1080,78,427,460,217,0,16,264,56,532,1,2,566,46,47,0,13,212,1468,20
hsa-miR-184,38,113,287,4,254,21,212,164,0,2931,0,1,486,507,153,127,7,376,25079,27270,45,0,152,158,16,6,241,32595,290,853,0,326,150,220,375,1,345,582,313,925,78,574,472,0,21,1,587,18,2865,5,0,1023,613,72,801,0,68,388,1092,1337,501,321,145,311,500,46,28,667,150,2278,36,39,401,4,357,0,65,99,44,1950,11,10,322,112,1154,140,2,161,15,262,306,3,2460,213,79,759,4,1376,549,4,0,6,5789,3,289,8,1,0,239,7303,12,151,162,3134,319
hsa-miR-1843,13,0,1,0,0,0,1,0,0,13,0,0,18,3,1,3,9,20,0,6,8,0,4,3,4,2,1,45,2,14,1,0,5,2,0,0,5,20,2,17,1,0,2,0,78,0,343,0,3,0,0,3,6,1,3,0,1,0,35,1,351,13,2,8,2,0,13,40,202,88,18,4,0,0,5,0,2,92,9,79,8,0,4,0,4,113,21,1,18,1,3,3,17,1,2,162,0,127,154,0,0,1,18,6,36,0,0,8,1,31,0,1,0,2,3
hsa-miR-185-3p,4,0,3,0,1,2,0,6,0,41,0,0,6,30,0,0,0,20,7,3,11,0,3,3,55,2,1,254,110,6,0,0,9,17,0,5,2,8,20,5,0,0,23,0,14,0,895,0,4,0,0,10,9,64,6,0,1,0,60,0,132,3,2,1,51,0,9,8,70,1,20,14,0,19,0,1,1,96,24,128,64,19,2,0,14,179,2,2,42,42,3,3,26,15,12,372,0,44,0,0,0,3,26,113,85,0,0,0,13,14,0,3,0,27,11
hsa-miR-185-5p,5,23,37,0,0,3,4,37,0,95,0,1,1,0,39,2,3,100,17,3,290,0,0,125,2,1,5,0,3,2,0,2,6,0,37,1,1,1,33,238,1,0,15,0,16,0,89,0,28,0,0,0,3,0,1,1,0,1,2,23,27,19,5,3,1,0,472,6,1032,393,6,394,78,2,1,1,17,60,4,1,107,13,1,13,67,174,72,95,27,0,1,13,16,20,3,175,3,30,13,0,0,23,23,3,115,0,1,1,0,0,3,1,0,3,1
hsa-miR-186-3p,5,0,1,0,2,4,0,4,0,26,0,0,5,0,0,0,0,19,3,738,4,0,1,154,191,2,1,156,1,9,1,2,12,56,0,0,1,131,2,11,0,2,17,0,0,0,13,0,0,1,0,0,8,209,0,0,0,0,1,1,4,11,2,4,1,0,8,15,13,4,7,1,2,0,1,0,0,3,0,113,1,2,80,0,1,2,0,0,0,2,8,92,27,0,0,94,0,153,60,1,0,43,22,1,0,0,0,2,1,53,0,1,0,0,0
hsa-miR-186-5p,1355,12,3,1,41,10,4,19,2,47,0,0,10,78,3,133,2,5,8,617,506,1,9,455,18,6,76,7,9,335,1,5,118,6,0,1,19,56,33,306,0,1,109,0,39,121,1551,0,25,0,0,1,12,18,17,2,0,0,305,17,1060,278,11,47,413,144,105,124,140,184,122,40,8,2,19,6,3,57,42,637,436,5,5,2,227,377,16,2,41,83,23,8,88,35,6,755,129,368,51,200,0,3,90,13,18,5,1,25,146,20,0,71,1,18,61
hsa-miR-187-3p,316,3,2,0,1,0,0,2,0,331,1,0,1,1,21,0,1,2,2,2,7,0,50,2,30,3,49,25,71,4,0,0,3,122,0,0,1,4,16,3,0,0,2,0,2,0,18,0,0,0,0,6,7,2,32,0,0,0,78,0,26,0,1,6,3,0,7,7,3,3,12,34,0,1,1,1,2,4,0,267,0,2,2,0,1,23,9,1,28,0,1,74,17,3,0,233,1,183,28,67,0,46,24,0,0,0,0,1,1,25,0,0,13,1,1
hsa-miR-187-5p,1032,7,3,1,73,5,41,3,3,157,0,0,73,105,54,64,24,134,58,4,36,1,6,5,161,8,2,6,106,14,0,3,51,96,0,0,7,54,13,11,0,0,133,0,2,0,1047,1,5,0,1,20,391,1,13,0,13,2,1,66,63,60,3,100,2,0,535,25,558,368,25,26,6,19,1,450,7,3,0,910,39,5,57,2,65,315,8,77,22,56,12,5,49,1,3,751,8,85,39,1,0,3,48,2,0,1,1,46,0,149,0,26,0,75,9
hsa-miR-188-3p,155,1,4,0,139,1,24,135,4,308,0,3,81,171,179,1,6,64,149,3,552,0,139,192,1,1,6,61,213,1159,0,16,67,39,1,0,258,125,20,500,0,2,8,0,16,0,2051,0,3,2,0,6,25,43,426,0,1,0,0,1,34,92,8,0,351,0,1324,36,60,144,4,1128,255,1,1,0,44,26,9,132,6,46,48,43,122,0,132,101,9,0,5,42,838,24,6,254,144,927,44,0,0,125,91,0,3,0,0,0,0,26,3,51,0,1,10
hsa-miR-188-5p,158,2,65,1,23,0,18,2,1,864,0,0,3,52,40,81,2,2,43,253,66,0,0,0,2,3,3,2,70,12,0,640,0,0,1,2,4,1,0,8,0,1,6,0,2,0,828,0,9,0,0,5,63,61,7,0,0,0,157,16,89,1,1,37,0,0,473,6,71,201,116,20,35,1,15,0,0,1,1,396,53,4,13,12,165,63,3,80,83,91,7,31,21,0,11,81,0,125,0,160,0,4,14,35,108,0,0,7,47,21,1,44,5,1,105
hsa-miR-18a-3p,3,0,0,0,2,0,1,1,1,5,0,0,3,3,0,9,0,5,1,0,4,0,2,21,1,0,0,477,31,1,0,0,9,0,0,16,0,2,0,155,0,0,3,0,0,0,318,0,1,0,0,0,5,12,2,0,0,0,0,1,66,0,1,0,0,0,5,8,42,2,1,5,2,1,0,0,0,3,1,67,1,0,1,0,26,19,16,0,4,0,0,0,236,0,0,70,0,30,0,0,0,0,25,0,0,0,0,0,0,0,0,0,0,0,0
hsa-miR-18a-5p,0,0,0,1,0,0,1,0,0,1,0,1,0,0,23,31,1,96,1,0,59,0,2,2,0,0,2,2,2,0,0,1,2,127,0,0,0,2,1,1,0,0,1,0,0,0,5,0,11,0,0,0,0,0,1,0,0,0,0,0,13,0,0,0,0,1,3,1,0,0,1,7,2,0,0,1,1,2,15,0,0,1,0,1,0,9,0,1,9,18,2,1,8,1,0,140,0,1,0,60,0,2,12,6,0,0,0,0,1,33,0,0,0,0,0
hsa-miR-18b-3p,361,7,3,0,158,1,0,2,8,465,0,0,146,26,28,48,4,171,164,5,254,1,308,73,459,5,73,11,63,17,0,9,57,39,0,0,6,287,2,373,0,11,359,1,202,0,105,0,1,0,0,19,36,2,114,45,36,0,42,14,92,119,200,216,692,19,20,87,2,358,12,1192,140,29,40,0,63,241,10,1,129,77,106,0,4,61,13,15,1,29,0,258,1989,27,4,258,88,120,1,247,0,7,1343,0,102,0,1,31,161,0,0,26,0,347,60
hsa-miR-18b-5p,1,0,0,0,0,0,0,0,0,0,0,0,1,0,3,0,1,16,0,1,58,0,0,0,1,0,0,0,1,0,0,0,2,0,0,0,2,1,0,0,0,0,0,0,1,0,9,0,0,0,0,1,0,0,0,0,0,0,0,0,11,0,0,0,0,0,11,0,0,0,0,9,0,0,0,0,1,1,0,0,0,1,0,0,0,2,22,0,7,18,0,3,1,1,0,49,0,0,0,0,0,6,4,3,0,0,0,0,0,0,0,0,0,0,0
hsa-miR-1908-3p,793,16,70,19,50,631,95,166,26,2344,3,12,325,384,192,350,19,378,298,5985,986,2,232,143,1893,50,19,253,27,344,8,396,199,1605,58,16,49,129,57,1856,81,40,342,0,180,0,9457,39,158,27,43,77,272,738,591,74,9,2,655,354,2706,358,320,597,1488,1,92,272,4776,1455,2047,305,18,80,126,1170,138,15,51,4643,595,5,30,202,3073,1903,30,1129,291,2029,99,15,2115,21,203,3438,7,718,126,975,0,13,1327,1406,3326,35,0,154,207,947,4,113,26,349,1416
hsa-miR-1908-5p,1676,7,40,26,458,4,31,5,0,1077,0,0,75,220,2,28,5,6,24,105,16,0,4,1,1428,25,6,61,33,38,0,287,42,167,0,0,56,53,65,262,0,0,82,0,3,0,1285,2,16,2,0,17,92,6,132,0,0,0,171,52,249,82,6,63,1725,1,513,97,292,773,284,14,13,60,92,137,8,6,38,1206,174,0,3,14,382,293,0,52,79,166,26,23,248,0,10,1117,2,4,94,153,1,16,57,209,207,38,0,4,141,277,4,17,3,82,133
hsa-miR-1909-3p,742,3,21,3,86,9,64,3,4,404,1,8,240,176,57,5,7,38,222,1260,183,1,53,8,338,9,34,4,21,100,1,117,7,102,1,4,11,5,6,62,0,3,124,0,31,1,3412,25,23,0,0,26,10,111,73,1,28,0,253,72,292,162,5,5,470,0,138,19,678,223,81,48,4,0,120,2,91,106,15,146,110,8,5,2,375,465,15,98,85,135,16,47,49,2,4,892,2,69,3,269,0,28,49,175,249,1,10,41,19,195,4,66,0,616,84
hsa-miR-1909-5p,2468,15,33,5,609,8,1,2,11,138,1,0,33,80,4,205,5,219,1,6,25,1,2,1,109,7,26,2,2,34,3,145,1,2,0,0,3,2,50,26,2,1,3,0,290,48,1634,0,82,0,1,31,5,67,20,1,14,8,196,214,826,126,2,141,286,0,555,57,1196,929,381,35,2,37,3,2,29,3,14,1370,51,3,1,1,395,637,1,71,31,407,23,1,26,10,27,1297,0,7,2,0,0,5,77,188,5,9,0,106,243,135,1,18,0,2,39
hsa-miR-190a-3p,1,0,0,1,13,1,1,6,0,103,0,0,22,4,8,5,4,10,23,20,81,2,25,18,17,0,21,3,15,55,0,4,17,17,1,0,5,15,0,89,0,1,12,0,2,0,43,0,12,0,0,3,2,0,90,0,2,0,1,0,13,5,0,9,26,0,496,14,13,237,1,102,16,3,24,0,12,39,4,107,6,5,16,4,10,1,12,7,2,32,0,10,9,0,0,13,0,27,0,1,0,53,89,1,7,0,1,2,7,4,2,15,0,0,1
hsa-miR-190a-5p,3,1,10,6,91,1,2,54,5,972,0,21,116,27,106,35,86,56,168,227,593,1,138,323,125,0,128,10,165,542,0,43,110,146,0,0,84,143,2,752,0,0,71,0,7,0,1764,0,11,0,0,5,12,1,300,0,19,0,2,2,60,38,4,86,309,0,1307,48,125,80,5,732,101,32,126,0,157,89,23,270,78,34,150,23,91,1,79,33,17,272,3,69,63,7,0,109,25,301,2,4,0,65,732,0,38,0,0,1,32,27,0,156,0,0,0
hsa-miR-190b-3p,211,2,92,28,552,7,203,132,21,1558,0,49,462,220,298,98,96,364,504,1545,1451,9,304,588,865,11,372,121,250,1712,12,146,458,462,1,0,344,351,80,1769,29,2,286,0,545,1,2556,1,21,38,0,63,390,160,291,0,59,21,243,98,202,243,15,310,369,0,3050,131,426,132,469,2151,298,108,164,3,278,486,56,902,55,81,188,39,396,1495,234,78,43,390,18,302,245,26,3,353,89,1109,26,136,0,180,3261,369,233,1,20,336,122,80,0,176,19,87,4
hsa-miR-190b-5p,156,0,34,0,83,2,2,13,0,222,0,0,56,25,48,1,1,75,48,610,23,0,1,147,131,1,100,113,1,17,1,60,11,45,0,0,5,108,0,9,0,3,80,0,165,0,736,0,5,0,0,3,141,0,2,0,4,1,58,146,3,4,3,0,156,0,742,14,70,775,201,156,3,59,0,0,53,58,5,24,108,28,6,20,71,30,6,1,32,0,5,65,30,1,9,6,27,71,52,0,0,1,181,506,73,0,0,1,0,75,0,6,21,1,1
hsa-miR-191-3p,227,4,306,13,758,1205,362,424,44,3749,2,8,910,1991,540,31,86,2394,2136,1106,6604,4,1507,599,625,20,574,1248,135,1547,0,394,1475,204,4,0,487,2455,27,1827,66,26,408,0,471,4,5767,7,55,9,2,59,374,32,1697,0,115,4,31,211,337,408,69,201,274,37,13968,263,288,454,201,8884,668,108,501,1170,542,1186,22,1559,20,269,808,23,677,456,1517,320,40,576,34,809,731,31,54,1125,297,2420,412,276,0,1549,5241,301,355,8,8,186,317,362,5,832,23,272,259
hsa-miR-191-5p,1850,25,8,15,4,24,8,5,16,2496,2,0,13,312,37,288,1,158,247,2969,51,2,102,14,1640,32,10,17,10,744,4,11,11,448,1,2,64,4,2,106,3,2,12,0,15,0,3294,1,222,1,1,17,46,4061,379,2,1,504,591,568,814,517,219,961,4,0,538,31,6898,8,1725,337,8,1,531,150,24,12,59,6,5563,8,11,2,529,1370,10,132,48,1557,72,34,86,134,50,858,3,19,126,1,1,9,115,722,196,7,2,789,3,125,53,57,0,5,412
hsa-miR-1910-3p,0,2,2,0,82,0,0,2,2,3,0,0,1,88,0,0,0,51,1,1,320,0,120,3,0,1,2,3,1,1,0,0,1,0,2,0,0,127,0,0,0,0,1,0,1,0,43,3,0,10,0,0,1,0,1,0,0,0,0,0,4,0,3,1,0,0,8,11,31,0,1,5,63,0,0,0,5,1,0,0,0,0,0,0,0,0,53,0,0,1,0,0,15,0,0,43,0,69,0,10,0,6,19,1,0,0,0,0,0,0,0,1,0,0,25
hsa-miR-1910-5p,11,1,0,0,35,1,2,2,0,0,0,0,4,1,0,27,1,5,86,1,12,1,98,131,6,0,56,1,2,12,0,1,3,37,0,0,178,1,6,4,1,0,99,0,5,0,635,0,4,0,0,0,6,1,1,0,0,5,117,0,29,115,3,73,152,0,5,27,131,101,19,10,33,66,1,2,40,1,7,253,2,1,40,0,80,9,39,0,6,363,1,2,13,0,3,360,1,2,0,0,0,1,18,1,1,0,0,95,0,1,2,3,0,0,0
hsa-miR-1911-3p,287,0,4,0,0,3,73,1,2,255,0,0,3,127,12,23,4,2,2,0,686,0,5,25,96,4,4,34,20,11,0,517,1,0,0,1,4,79,2,8,0,4,4,0,0,0,243,0,17,7,0,1,51,0,2,3,2,0,1,0,28,40,0,317,190,0,14,18,83,166,7,399,29,1,1,0,4,3,4,414,26,3,166,1,0,90,1,113,107,0,0,2,1311,0,5,239,17,3,53,86,0,1,40,0,0,0,9,1,40,0,3,1,0,1,16
hsa-miR-1911-5p,1475,0,4,0,27,11,3,51,3,214,0,4,5,141,27,55,78,4,101,1263,578,1,8,12,1,4,5,1,54,15,0,1,4,0,0,0,128,11,17,189,123,0,5,0,0,0,1449,34,4,0,0,38,99,3,18,0,1,1,2,64,655,76,4,208,79,0,24,50,390,59,47,22,3,2,2,2,32,4,19,623,25,6,28,0,267,823,5,56,1,15,11,0,1909,1,1,1623,71,19,2,102,0,3,50,80,0,0,0,31,38,130,0,3,0,291,168
hsa-miR-1912-3p,4,1,1,0,0,1,1,2,0,1,0,0,6,3,33,0,1,1,82,4,5,1,2,3,2,0,22,3,1,4,1,0,2,24,0,0,0,0,0,3,0,0,1,0,0,0,500,0,0,2,0,21,259,80,1,0,8,0,2,60,24,0,1,0,0,0,7,12,166,173,89,4,48,63,1,1,15,2,12,110,0,0,3,0,139,1,1,0,8,0,1,1,16,1,5,244,0,155,0,1,0,0,236,0,0,0,0,0,0,20,0,0,0,0,49
hsa-miR-1912-5p,31,0,27,0,113,3,14,51,3,79,0,0,113,127,52,1,5,160,121,281,478,0,40,215,108,15,38,241,35,368,15,96,116,4,0,0,27,127,7,241,2,0,142,0,42,0,1293,0,5,1,1,3,17,48,53,1,4,2,4,27,164,62,11,13,6,16,1264,45,40,19,20,2159,200,17,28,12,60,99,2,85,7,8,74,1,33,115,94,8,5,27,5,72,121,3,4,147,25,259,28,26,0,77,865,69,12,0,4,3,1,28,0,21,0,8,8
hsa-miR-1913,1117,12,10,4,51,4,56,4,31,2663,0,2,700,96,31,31,65,52,257,559,283,0,116,5,563,10,142,124,124,183,1,461,15,360,0,22,271,63,72,789,1,0,5,0,100,0,2396,6,41,4,0,44,385,1,282,20,4,0,24,133,312,141,10,257,712,0,868,60,304,820,286,29,55,38,5,0,113,134,26,1068,327,38,10,156,530,321,6,122,130,350,25,11,620,20,17,702,1,358,153,418,0,6,105,171,249,27,0,225,152,257,8,26,40,360,240
hsa-miR-1914-3p,232,2,6,0,2,303,4,5,2,420,0,14,533,122,19,15,21,71,120,415,482,1,27,292,194,342,24,4,5,273,0,11,3,9,0,0,79,82,22,17,1,0,44,0,28,0,1288,2,2,21,1,2,25,52,5,1,42,62,4,117,152,99,8,3,85,0,144,56,48,158,35,206,3,41,75,1,113,124,3,780,39,83,67,14,303,270,80,151,14,108,26,3,306,7,1,292,75,249,46,2,0,2,73,1,69,0,0,1,3,141,0,45,0,50,42
hsa-miR-1914-5p,647,0,100,4,110,2,3,29,10,559,0,0,58,12,63,0,2,3,67,2,17,1,3,40,532,16,33,102,47,26,0,52,34,57,0,0,155,138,0,67,1,0,39,0,66,0,1601,0,12,1,0,2,36,34,193,1,4,3,2,47,111,115,3,44,141,0,16,51,246,120,448,180,6,93,0,0,25,103,1,1152,80,9,14,2,138,182,26,233,1,0,2,32,1329,0,6,360,68,99,68,0,0,1,54,2,170,0,0,4,49,17,3,59,31,3,27
hsa-miR-1915-3p,3772,21,62,35,4,1588,19,81,43,1392,2,0,155,715,79,240,12,515,300,1162,412,3,17,61,596,366,17,17,180,545,23,280,284,430,23,8,344,271,57,779,1,30,144,2,397,0,8474,5,52,27,0,117,861,1410,92,13,9,1,1304,1098,2265,1040,750,644,630,89,76,359,3628,1980,1159,685,21,40,10,5,106,19,131,3077,418,18,52,33,785,3016,21,28,193,1972,109,82,5627,9,70,7805,61,135,1688,360,0,17,251,361,370,6,1,144,374,646,6,1,4,417,488
hsa-miR-1915-5p,300,16,2,2,0,4,21,5,9,2,0,0,103,85,14,1,3,1,79,2,502,2,54,41,2,0,107,0,138,3,0,126,1,13,0,0,2,5,0,25,0,0,132,0,0,0,152,10,18,0,0,5,5,1,3,0,18,0,0,119,60,15,9,104,0,0,12,9,112,0,6,411,38,0,2,0,20,4,1,258,106,4,2,0,93,283,6,1,7,135,17,37,31,2,0,305,0,119,1,1,0,2,22,1,50,1,0,50,159,16,0,4,0,1,0
hsa-miR-192-3p,515,0,2,3,6,1,22,50,1,27,0,0,21,12,6,3,6,104,11,25,249,1,102,10,15,1,20,10,9,40,0,3,46,15,1,0,11,10,6,18,0,0,83,0,6,0,602,1,2,0,0,1,23,48,14,1,2,2,9,4,22,29,6,10,9,0,74,44,164,15,26,56,6,23,8,3,9,9,8,13,2,4,8,2,5,84,2,3,22,179,3,87,48,1,2,157,6,42,33,4,0,29,50,13,9,0,3,7,2,6,0,3,0,17,37
hsa-miR-192-5p,54,0,1,0,35,4,19,3,0,850,0,0,1,6,14,64,249,73,3,8,561,0,67,123,118,8,0,4,4,41,0,43,1,0,1,0,9,3,0,253,0,5,0,0,1,0,279,0,9,0,0,22,3,146,8,0,0,0,19,1105,59,0,1,2,201,0,256,8,1245,2568,360,14,63,1,553,0,11,27,16,129,828,3,3,0,286,302,17,0,18,583,1,45,8,0,9,396,12,39,1,55,0,47,12,1,4,1,1,1,0,6,14,2,0,67,0
hsa-miR-193a-3p,317,10,5,0,0,1295,67,3,1,334,0,0,55,110,20,47,8,28,144,3,290,4,8,43,1,5,6,94,170,297,0,97,65,1280,1,0,113,125,4,22,0,9,113,0,159,0,1122,1,37,2,0,49,235,106,12,0,16,41,71,33,142,90,6,3,0,0,1026,36,179,376,30,34,75,34,65,2,61,164,5,632,136,8,74,0,804,246,37,0,43,57,9,84,72,9,1,549,19,223,213,1,0,108,169,0,117,1,0,46,83,81,6,60,0,1,127
hsa-miR-193a-5p,231,0,14,0,83,7,1,16,1,12,0,18,1419,55,0,0,11,6,36,472,35,1,22,31,342,1,3,79,5,423,0,6,11,15,0,0,10,16,11,9,0,0,11,0,0,0,1481,9,2,35,0,24,7,261,228,0,1,0,71,3,31,31,5,0,325,0,821,41,59,15,77,121,15,0,40,0,35,58,0,238,4,5,109,0,505,126,16,51,2,1,19,129,82,0,10,142,1,198,150,1,0,68,217,0,37,0,1,1,0,74,0,65,0,3,41
hsa-miR-193b-3p,1583,7,38,2,0,4,8,1,3,594,0,1,146,39,4,66,28,79,5,61,861,0,98,82,25,5,28,122,103,18,1,60,53,92,0,0,61,18,43,11,1,1,51,0,30,0,623,0,23,1,1,50,19,2,37,0,17,0,70,146,5,54,69,4,3,9,615,1049,550,240,203,185,84,40,0,3,70,59,7,495,194,7,167,0,267,387,33,188,73,10,3,39,640,0,11,1155,5,59,56,1,0,31,78,1,162,60,0,29,61,28,0,37,0,0,4
hsa-miR-193b-5p,6,0,1,2,59,11,3,5,1,828,1,9,302,1,11,31,1,5,104,18,304,2,35,61,129,1,3,70,2,367,0,71,174,24,0,0,8,38,16,532,1,0,7,1,98,0,933,0,2,22,0,14,9,236,26,1,3,1,2,26,177,0,4,0,63,0,158,13,129,137,81,135,1,1,3,1,35,56,7,83,404,2,8,0,198,60,15,83,8,331,3,7,72,1,9,487,2,155,70,237,0,10,38,130,2,0,1,0,0,1,0,52,0,0,47
hsa-miR-194-3p,0,0,40,0,152,1,5,18,0,2380,0,15,79,3,0,1,0,6,43,490,9,0,1,5,26,3,6,28,4,19,1,0,0,0,1,0,4,4,0,12,0,0,21,0,43,1,292,6,1,0,0,2,29,2,0,0,1,0,252,29,3,4,2,0,6,0,141,23,157,6,11,34,32,0,1,0,2,1,0,2,62,4,1,0,7,31,29,1,27,5,0,45,829,0,3,203,1,80,0,1,0,0,23,0,3,0,0,32,0,5,0,39,0,2,38
hsa-miR-194-5p,3,0,2,8,0,0,23,1,0,1,0,0,169,1,10,2,34,59,14,4,808,0,1,0,231,5,5,3,3,320,1,3,0,0,0,0,66,1,0,11,0,0,107,0,1,0,25,0,0,67,0,0,4,1,4,2,1,0,1,2,3,32,2,0,0,0,613,9,3,176,169,416,1,24,0,1,3,2,0,141,0,2,3,7,0,70,1,0,1,0,0,47,15,0,21,148,3,46,0,0,0,2,18,0,185,1,0,0,0,0,0,1,1,1,5
hsa-miR-195-3p,145,0,21,0,0,180,0,5,0,86,0,0,87,199,17,1,2,27,8,3,14,1,4,2,2,125,33,5,2,15,0,2,30,4,0,0,7,48,1,8,0,0,1,0,40,0,676,0,4,0,0,8,30,44,89,1,2,0,1,7,208,64,235,1,527,17,388,12,256,118,22,9,3,0,0,0,6,119,12,124,0,2,3,8,102,106,32,42,40,103,5,2,43,1,2,873,1,99,0,29,0,3,50,156,0,0,0,2,1,36,1,16,0,78,0
hsa-miR-195-5p,68,0,1,0,0,0,18,16,1,2,0,0,27,2,0,0,1,25,0,2,251,0,2,22,0,0,2,1,0,1,0,0,36,0,0,0,0,32,0,1,0,0,3,0,0,0,68,0,0,0,0,0,4,88,2,0,0,0,19,0,3,0,1,1,0,0,109,7,2,46,1,2,1,0,2,1,0,27,4,191,0,0,2,1,1,23,1,9,216,0,0,2,13,0,0,3,7,98,0,0,0,0,27,0,57,0,0,0,0,0,0,1,0,0,0
hsa-miR-196a-1-3p,326,8,29,1,75,5,94,4,3,761,0,8,50,239,60,0,1,2,68,52,187,0,52,22,792,12,79,126,70,59,9,74,105,43,3,14,13,6,43,682,1,11,164,0,1,2,1188,0,2,6,0,22,19,2,11,1,33,0,1,2,357,290,5,2,2830,195,512,2020,367,1854,29,24,90,0,268,333,1,137,24,655,1089,1,7,0,782,94,21,58,42,1683,9,2,78,5,10,292,101,559,216,107,0,97,105,4,234,0,1,2,5,152,5,69,21,3,52
hsa-miR-196a-3p,1,0,1,0,0,0,1,1,5,1,0,0,0,3,19,0,0,25,0,1,4,0,1,32,0,0,2,0,0,3,0,0,3,0,0,0,1,62,8,4,0,0,2,0,0,0,505,0,0,0,1,0,2,0,2,0,0,0,56,80,0,1,1,0,0,0,682,7,3,289,3,5,0,1,1,1,26,206,0,0,0,2,35,0,42,6,22,0,2,0,0,1,13,0,0,192,0,45,1,0,0,2,16,0,1,1,0,0,0,1,1,0,0,0,0
hsa-miR-196a-5p,255,1,1,0,176,0,55,3,1,6,0,0,3,28,18,0,0,248,10,0,163,1,6,8,55,0,119,5,3,1,0,65,61,1,1,1,2,4,0,86,50,0,6,0,1,0,253,0,24,0,0,0,15,0,3,0,0,0,0,0,3,37,2,2,1,0,6,17,69,7,6,16,4,0,0,0,8,91,15,132,1,0,2,1,170,1,2,0,26,0,0,2,48,2,0,36,34,75,1,2,0,52,1671,0,0,0,0,0,2,0,0,1,47,0,0
hsa-miR-196b-3p,1239,0,1,0,21,7,4,52,0,845,0,0,3,1,6,103,2,6,139,132,5,0,3,128,2,713,1,76,184,728,0,337,116,0,1,1,0,6,0,16,0,2,93,0,1,0,11,0,7,0,0,7,9,2,182,0,1,0,3,152,2,20,89,0,2,1,2,20,149,931,48,5,0,0,3,0,45,2,22,715,1,0,4,1,178,85,24,46,82,47,2,36,918,1,21,3025,1,5,4,247,0,1,51,1,88,0,0,1,1,18,0,31,0,2,98
hsa-miR-196b-5p,638,17,346,16,543,6,160,586,10,1090,0,8,1828,164,331,10,107,17,69,6,2175,10,69,295,156,6,812,412,164,49,0,638,445,326,1,24,338,144,39,660,1,2,314,0,1849,18,5308,24,17,13,0,126,372,91,165,0,14,3,3,385,390,220,26,119,293,58,5683,152,237,4035,710,4797,416,28,210,2,752,402,31,230,237,467,850,61,281,223,31,166,97,91,5,726,2781,44,5,903,149,681,816,207,1,159,4995,188,126,1,73,59,297,55,0,300,1,379,47
hsa-miR-197-3p,380,16,11,8,119,3,45,86,3,271,1,0,150,5,33,80,42,34,101,188,1973,0,9,167,370,9,145,6,6,126,1,10,60,684,0,0,70,5,23,92,2,7,4,0,2,0,1451,6,23,0,1,6,86,1616,86,0,8,0,79,162,93,170,7,542,641,1,609,31,207,1486,233,296,113,0,2,592,2,55,7,705,145,5,8,31,381,468,4,76,74,353,37,66,65,5,21,382,59,532,3,2,1,25,1499,4,59,0,0,40,117,179,4,38,0,376,4
hsa-miR-197-5p,916,0,8,0,3,6,44,10,1,1113,0,1,11,161,20,1,0,17,88,24,310,2,4,19,283,9,6,41,6,328,1,5,60,137,3,0,4,6,25,269,0,13,7,0,38,102,844,0,0,0,0,1,19,174,17,146,11,0,2,284,158,57,4,627,720,0,38,59,337,1407,26,54,2,1,54,2,69,7,9,2785,1146,5,18,31,1830,84,4,0,12,2244,8,32,127,37,8,251,17,20,1,133,0,5,95,300,83,0,1,5,2,24,0,4,3,1,56
hsa-miR-1972,88,0,3,0,3,1,44,39,0,641,0,0,66,26,5,1,0,7,0,2,10,0,74,9,1,2,1,3,4,17,1,79,2,11,0,0,4,6,10,6,0,0,11,0,3,0,327,0,0,0,0,23,34,2,5,2,1,0,13,87,0,16,1,0,0,0,5,14,93,2,145,484,1,1,10,143,20,3,1,1043,105,2,2,1,334,177,0,3,41,1,1,2,19,0,20,235,1,30,0,62,0,0,1093,0,11,0,0,1,0,10,0,0,0,1,6
hsa-miR-1973,574,2,1,0,1,3,1,27,0,13,0,0,5,72,30,37,4,11,3,270,26,0,30,7,7,109,10,82,35,8,1,2,5,85,0,0,14,8,23,15,0,0,81,0,5,0,281,0,0,60,0,18,543,204,16,0,22,1,1,18,14,1,7,0,3,0,749,23,171,453,249,40,4,1,7,3,72,5,13,10,3,2,5,1,5,109,12,0,1,1,0,36,39,1,13,132,12,14,4,1,0,2,69,155,2,0,0,1,87,4,0,3,0,192,2
hsa-miR-1976,4,1,1,0,0,0,73,1,1,1,0,0,9,103,49,0,3,7,157,550,255,1,1,144,47,1,5,258,69,8,0,137,6,254,0,0,4,5,1,8,0,7,105,0,0,0,657,6,14,0,0,0,10,0,209,0,0,1,0,16,0,0,11,1,1,0,15,52,117,915,6,155,4,9,1,0,69,11,0,3,0,70,217,0,1,16,108,2,81,222,0,83,57,2,0,116,141,126,31,0,1,1,1345,0,25,1,0,0,154,1,0,34,0,355,43
hsa-miR-198,708,1,38,1,47,4,2,4,9,2,0,0,0,32,24,111,9,73,4,471,689,6,65,0,117,4,8,64,40,31,0,6,6,54,1,0,42,3,10,156,0,0,2,0,90,0,2028,0,1,0,0,10,534,86,6,0,22,0,2,3,30,40,0,253,3442,0,604,93,402,905,109,250,4,64,6,1,40,30,9,503,69,25,3,0,166,334,19,1,14,44,21,58,36,8,3,484,22,6,22,30,0,34,27,2,0,0,0,76,0,198,0,3,1,2,1
hsa-miR-199a-3p,4365,0,3,0,96,5,53,2,4,555,2,0,14,75,174,86,3,50,58,904,531,0,43,16,262,312,4,169,34,369,19,5,126,45,0,14,76,7,19,633,0,0,31,1,0,8,515,0,7,0,0,0,10,67,257,12,0,1,1,0,427,39,8,130,0,1,498,40,255,363,47,266,1,27,206,2,48,72,20,799,354,5,30,31,0,199,67,45,10,140,6,41,1547,3,5,315,48,343,40,1,0,8,57,1,120,0,0,2,69,110,3,21,1,3,2
hsa-miR-199a-5p,7,0,2,0,1,0,1,33,1,228,0,0,2,55,35,1,2,10,69,3,7,0,4,23,165,2,48,183,0,14,1,0,2,0,0,0,4,67,9,10,0,0,4,0,0,0,824,0,1,0,0,29,4,27,93,0,1,0,18,3,247,2,1,44,0,0,3,5,255,2,7,8,1,8,31,0,1,1,0,200,0,2,1,0,167,48,27,23,21,29,4,1,11,0,6,307,1,3,40,45,0,75,9,317,90,0,0,1,106,46,0,0,0,159,49
hsa-miR-199b-3p,4178,0,1,0,107,6,74,2,4,609,0,1,5,78,170,64,2,71,43,911,508,0,26,13,225,275,8,162,31,352,29,1,117,56,0,14,72,13,20,583,0,0,50,0,0,10,521,0,14,0,0,0,10,64,218,11,4,0,4,2,389,36,3,122,0,0,460,25,233,356,34,225,3,34,179,1,78,64,21,816,328,4,46,37,1,184,50,37,5,130,6,42,1491,2,4,354,50,388,38,1,0,12,58,1,138,0,0,1,75,139,0,24,0,1,2
hsa-miR-199b-5p,4,0,30,0,1,4,3,0,0,5,0,0,3,5,0,22,2,6,4,3,11,1,57,34,3,2,2,140,1,5,0,0,5,0,0,0,0,3,0,68,1,0,3,0,2,0,14,0,0,0,0,16,4,1,10,0,0,0,52,2,3,1,1,5,0,3,24,1,43,5,0,143,2,0,1,1,0,31,0,1,3,0,1,0,2,61,1,0,0,2,0,1,6,0,0,235,2,4,2,16,0,10,25,296,1,0,0,1,1,3,0,1,0,1,0
hsa-miR-19a-3p,46,0,21,1,2,7,48,5,0,9,0,1,4,24,14,42,8,111,45,19,126,0,4,7,14,3,7,10,3,117,0,1,411,121,0,0,15,5,2,39,0,9,54,0,1,1,1118,0,18,0,1,0,12,16,129,3,1,0,13,6,135,13,6,19,7,0,711,46,137,11,29,838,140,4,4,1,3,105,14,11,10,37,5,1,5,113,38,16,6,92,1,19,45,3,4,242,7,150,1,4,2,4,50,6,8,2,0,149,8,15,0,2,0,7,69
hsa-miR-19a-5p,0,0,20,0,0,0,2,1,0,1,0,0,3,20,0,0,4,72,43,1,102,0,2,4,220,3,4,3,0,6,0,2,20,0,0,0,3,3,0,264,0,0,3,0,1,0,541,0,0,0,0,0,7,1,22,0,1,0,0,0,0,2,1,0,0,0,70,7,2,1,0,409,23,0,1,0,0,3,0,200,0,7,0,0,2,15,6,0,17,0,0,51,31,0,9,3,0,4,0,0,0,29,1233,1,0,0,0,0,0,1,0,0,0,0,1
hsa-miR-19b-1-5p,0,0,11,0,0,0,0,0,0,109,3,0,18,22,26,0,18,3,62,1,128,0,0,2,86,2,0,1,1,136,0,1,27,1,0,0,42,2,3,3,0,0,53,0,5,0,5,0,1,11,0,0,1,0,0,0,0,0,0,82,1,23,0,0,0,0,4,5,15,1,1,70,14,0,14,1,23,15,0,2,12,1,12,0,1,0,15,1,28,0,0,36,12,4,0,30,4,36,66,0,0,0,14,0,0,0,3,0,0,0,0,0,6,0,20
hsa-miR-19b-2-5p,3,0,9,0,1,0,8,0,0,136,0,0,31,22,8,0,2,3,1,1,127,0,5,0,47,0,2,5,1,5,0,1,15,36,0,1,47,15,2,3,0,0,50,0,4,0,11,4,2,6,0,0,1,0,4,0,0,0,1,87,2,20,1,0,0,0,5,5,12,4,2,65,17,1,20,0,28,2,1,1,14,30,2,1,0,1,10,1,9,1,0,58,4,6,0,75,9,46,77,0,0,1,17,1,2,0,11,0,0,0,1,3,3,2,7
hsa-miR-19b-3p,5,0,23,0,144,7,62,4,0,188,0,1,1,114,1,17,1,1,41,586,12,0,3,0,317,3,0,289,3,222,0,2,7,180,0,0,3,50,35,17,0,6,11,0,0,0,468,4,3,38,0,78,11,0,29,0,0,0,0,29,79,3,1,96,128,0,209,13,190,479,6,9,4,0,34,1,0,2,0,96,50,4,6,0,3,161,26,23,14,1,1,2,22,0,8,149,0,77,1,0,0,13,37,1,3,0,0,0,0,71,0,24,0,1,1
hsa-miR-200a-3p,25,4,113,10,108,9,122,6,4,846,0,3,194,147,38,109,182,451,73,736,1034,4,228,284,467,6,296,255,119,404,0,57,196,446,1,1,195,528,61,252,1,2,163,0,271,0,1390,0,17,5,0,5,136,131,312,1,36,1,2,1188,311,171,13,272,295,0,1491,83,129,3,29,41,44,1,450,1,112,416,19,370,294,10,96,39,608,272,23,71,13,1,7,297,141,15,2,596,116,105,138,355,0,17,128,782,104,1,2,204,380,0,2,14,0,603,149
hsa-miR-200a-5p,6,0,0,0,2,167,45,3,1,383,0,0,2,55,3,3,6,96,2,603,416,0,21,3,1,0,42,26,1,14,0,2,25,58,1,0,34,151,5,206,0,0,27,0,1,0,1039,0,1,1,0,9,88,0,8,1,0,1,258,72,61,21,3,0,2,1,19,17,103,350,4,15,3,1,0,1,6,2,0,550,25,7,1,4,2,52,8,0,26,0,2,3,50,4,0,369,39,330,21,1,0,3,23,1,2,0,0,1,4,32,0,3,0,0,0
hsa-miR-200b-3p,6,0,4,4,0,4,31,4,3,0,0,0,110,1,47,1,3,3,36,172,471,0,87,2,239,1,27,4,22,7,0,4,4,23,0,0,6,69,18,0,0,0,0,0,5,1,1058,0,3,1,0,7,101,0,0,0,0,0,0,0,1,10,5,0,97,0,311,8,106,1,0,12,4,0,0,1,19,61,10,0,1,1,2,0,0,2,6,0,1,0,3,22,20,7,0,45,0,89,14,37,0,22,23,0,1,0,0,1,124,0,0,18,0,75,0
hsa-miR-200b-5p,192,0,3,0,164,1,2,0,2,1515,0,1,12,17,0,2,0,5,4,4,12,3,4,87,111,4,2,7,93,202,0,345,29,0,0,0,4,1,4,8,0,0,132,0,0,0,982,22,2,0,0,11,9,21,106,0,0,0,23,0,116,0,3,188,1,0,10,48,36,0,540,12,7,12,1,201,2,2,9,16,20,0,23,0,137,93,0,53,26,0,3,3,36,0,11,246,0,14,0,0,0,9,1240,1,59,14,0,15,0,50,0,0,27,3,5
hsa-miR-200c-3p,262,0,1,0,66,4,0,1,0,89,60,0,72,1,5,103,1,1,0,2,97,0,2,0,1,9,2,1,3,3,1,0,1,12,0,0,0,1,0,1,0,0,2,0,1,0,7,0,17,0,0,5,2,0,5,1,35,0,30,21,203,24,0,2,171,11,11,7,405,187,14,5,2,27,1,2,43,1,17,113,2,0,1,2,8,19,0,21,5,1,2,30,10,0,0,193,0,26,0,3,0,0,22,0,19,0,0,29,1,30,0,2,0,0,4
hsa-miR-200c-5p,558,2,4,6,148,3,2,1,2,352,0,26,2,79,0,19,4,1,0,2,153,1,4,1,3,4,1,3,2,14,0,86,5,0,0,3,288,90,7,8,0,8,1,0,4,0,847,0,0,0,0,21,143,1,12,0,59,0,1,63,113,132,2,6,2,0,10,5,414,676,15,91,0,91,3,0,2,1,11,72,16,1,8,0,1,440,0,0,56,364,9,3,18,6,13,369,0,5,2,0,0,1,15,0,1,0,0,94,6,0,0,0,0,1,7
hsa-miR-202-3p,2327,12,4,46,1,12,16,43,1,1006,0,2,73,454,36,97,2,88,58,1334,31,0,106,25,1,1216,48,190,22,265,2,145,78,51,22,1,11,61,9,18,2,12,38,0,109,0,2106,44,2,0,0,34,155,235,71,2,3,0,29,121,516,105,4,162,2,0,299,68,478,334,411,32,9,8,0,1,31,152,4,349,117,58,64,0,238,366,2,52,55,493,24,32,1389,5,27,1349,47,219,70,74,0,69,238,270,143,60,0,95,15,98,5,109,0,22,168
hsa-miR-202-5p,3,0,0,0,28,0,0,0,0,1,0,0,1,0,0,0,0,0,13,2,3,0,0,0,1,0,0,1,0,0,0,0,0,0,0,0,0,0,0,2,0,0,4,0,0,0,1,0,0,0,0,0,1,0,1,0,0,0,0,0,0,0,0,1,2,0,1,1,91,3,0,0,2,0,0,0,0,0,0,0,0,0,0,0,0,2,0,0,0,2,0,1,1,0,0,3,0,0,0,0,0,0,2,1,0,0,0,1,0,1,0,0,0,0,0
hsa-miR-203a-3p,191,19,14,1,995,1454,2,95,1,7903,2,2,16,185,1057,112,13,185,494,1714,280,0,247,5,1490,19,7,115,109,847,1,25,15,635,79,52,10,23,125,2438,0,265,102,0,148,0,143,0,51,3,0,2478,121,73,168,1,10,1,378,1790,1730,144,150,1,458,0,1031,70,376,3287,395,155,10,8,330,260,51,3,5,3831,218,1,3,267,1001,177,30,0,222,1192,65,4,77,72,22,128,12,324,3,152,0,4,119,752,444,1,0,140,270,995,0,90,9,860,651
hsa-miR-203a-5p,3,0,2,0,1,0,1,0,0,11,0,0,47,226,30,8,3,24,2,20,558,0,77,5,57,1,27,28,2,7,0,30,2,85,0,0,2,3,1,161,0,0,49,0,85,0,196,0,8,0,0,14,4,0,2,0,0,0,82,0,5,20,3,2,1,2,232,17,2,1,2,168,56,0,0,0,1,34,0,26,0,3,0,0,60,59,19,0,19,0,3,2,34,0,3,84,25,204,1,95,0,16,240,0,2,11,1,2,0,12,0,41,0,0,0
hsa-miR-203b-3p,5,0,2,0,2,0,1,40,1,4,1,0,39,66,48,33,2,39,1,24,15,0,108,9,98,1,5,25,3,5,0,21,7,0,1,1,1,6,10,274,0,1,59,0,59,0,340,0,7,5,0,13,5,1,6,0,0,0,118,1,1,29,5,0,0,0,255,17,304,1,8,220,81,0,1,1,3,2,1,73,1,2,3,0,71,165,23,0,56,0,6,3,29,4,2,264,26,296,80,59,0,12,476,0,1,37,0,3,0,19,0,20,0,2,1
hsa-miR-203b-5p,482,4,4,1,458,539,6,38,0,2722,0,0,67,56,389,35,1,93,204,561,243,1,101,5,534,8,3,36,46,254,0,68,3,281,31,21,5,11,37,765,0,80,28,0,122,0,140,0,13,0,0,879,47,32,55,0,6,1,122,441,565,48,70,0,289,0,699,30,147,1556,141,247,3,25,162,165,35,3,5,1198,361,5,5,93,384,158,46,0,83,405,36,4,42,25,9,149,6,173,17,39,0,50,222,234,152,1,1,51,101,443,0,44,2,300,294
hsa-miR-204-3p,4,12,1,0,0,0,0,0,0,508,0,0,0,2,0,1,1,1,41,92,5,0,35,0,133,2,1,47,1,173,0,133,0,102,0,3,1,2,16,3,0,0,0,0,0,0,330,0,0,5,0,17,0,1,5,0,11,0,1,0,3,0,1,0,1,0,12,7,190,0,207,9,1,69,0,1,2,1,11,3,2,2,20,1,1,77,0,0,0,4,2,4,17,0,11,76,0,1,55,0,0,1,16,0,32,0,0,0,0,30,0,31,0,115,22
hsa-miR-204-5p,40,0,72,6,141,1,22,8,0,142,13,1,17,75,22,1,3,17,13,21,64,0,21,17,4,0,17,14,14,10,0,13,94,3,0,0,21,21,10,11,2,3,33,0,10,0,139,47,5,0,0,8,18,3,16,0,12,0,74,2,2,4,9,4,4,0,568,17,9,15,6,75,6,10,4,0,40,15,6,162,18,3,95,0,7,24,1,6,15,7,0,14,66,0,0,62,3,89,7,1,0,62,89,14,3,0,1,21,3,2,0,6,0,8,2
hsa-miR-205-3p,368,0,2,9,0,2,48,1,0,499,0,0,2,1,58,0,2,2,54,110,8,4,2,105,67,2,2,41,118,8,0,49,123,0,0,0,56,3,0,8,1,1,0,0,123,0,91,0,3,0,0,4,7,0,9,38,0,0,24,1,40,97,87,4,152,0,528,12,148,0,175,11,1,14,18,1,47,1,0,112,10,0,4,0,174,176,1,1,19,95,5,2,20,0,13,137,2,4,29,162,0,45,32,237,0,0,0,38,0,42,0,77,1,57,43
hsa-miR-205-5p,425,1,8,12,91,13,23,18,4,34,1,0,155,55,15,42,10,137,29,66,396,3,104,12,605,24,56,20,9,67,1,298,21,102,1,1,97,37,1,53,2,1,23,0,8,1,1200,10,2,5,1,26,77,31,181,0,2,0,75,393,382,104,238,8,4,4,583,76,842,337,52,552,8,1,12,13,67,49,10,403,76,5,86,44,56,307,36,53,43,9,7,8,116,8,0,857,5,280,249,125,0,5,1311,3,85,1,1,3,2,64,0,71,0,2,100
hsa-miR-2052,2,0,4,0,0,1,1,1,1,3,0,0,0,1,35,0,1,1,0,2,267,0,3,0,2,0,1,32,2,0,0,1,6,0,15,0,4,3,3,1,0,0,135,0,0,0,406,0,4,0,0,0,5,0,1,0,0,0,0,1,103,5,3,0,0,0,275,11,22,2,5,119,41,0,0,1,13,78,0,2,84,5,3,0,1,3,9,0,0,97,5,1,15,1,11,27,0,98,120,1,0,16,347,0,25,6,0,81,0,79,0,0,0,61,0
hsa-miR-2053,13,2,0,0,0,0,2,1,0,3,0,0,63,2,0,34,2,132,85,5,336,0,91,2,4,2,56,1,3,400,0,1,112,0,0,0,4,3,0,10,0,0,2,0,0,0,20,0,7,0,0,0,3,5,235,0,1,0,4,4,55,9,0,2,275,0,12,16,38,372,9,12,2,0,0,0,88,39,0,111,8,2,1,0,5,2,9,0,54,78,1,137,9,0,1,52,73,5,1,3,0,34,24,2,86,0,0,1,0,3,0,25,0,0,44
hsa-miR-2054,149,0,5,0,4,5,5,2,4,37,0,4,12,99,2,52,19,9,6,22,27,0,123,10,19,10,6,11,2,56,2,4,16,12,0,1,12,9,53,52,0,0,10,0,3,0,67,1,30,6,0,2,30,58,18,2,1,0,55,9,61,38,13,64,10,1,815,265,177,100,135,28,9,11,13,3,28,6,4,28,99,0,7,7,296,63,3,11,26,12,12,33,104,9,8,614,1,15,586,2,0,7,1263,16,21,0,0,20,13,26,0,2,0,11,29
hsa-miR-206,1689,16,1,13,0,6,1,0,39,215,1,0,2,1,31,78,0,130,26,285,14,0,16,1,3,7,188,2,122,54,1,3,124,423,0,0,7,4,0,288,0,0,1,0,2,0,730,1,1,2,0,0,170,834,42,2,8,0,30,2110,40,143,2,0,2640,0,18,25,46,225,5324,486,1,25,2,0,4,2,2,335,147,6,3,103,758,57,0,0,258,994,29,35,39,0,248,414,22,3,621,64,0,4,40,0,152,0,0,1,413,233,31,43,0,92,244
hsa-miR-208a-3p,6,6,0,0,5,0,3,4,1,225,0,0,3,4,2,0,3,107,55,77,34,1,1,5,2,0,6,3,6,5,1,37,3,2,0,0,10,12,0,12,1,0,106,0,3,0,428,0,0,0,0,23,5,59,3,0,1,1,0,2,2,23,2,0,1,1,858,13,1,8,5,47,3,2,1,1,0,3,1,2,0,3,4,20,166,207,1,0,90,3,0,7,667,0,0,138,35,14,0,2,0,29,37,1,1,0,1,1,32,2,0,2,1,2,1
hsa-miR-208a-5p,10,1,97,2,81,2,31,45,1,22,0,4,36,160,89,23,99,108,61,23,972,1,98,49,204,6,78,161,41,299,0,138,108,7,1,0,136,154,1,185,0,1,44,0,240,1,1258,0,3,83,1,3,137,86,246,0,9,2,1,179,8,171,13,105,165,3,1288,217,68,169,44,963,30,72,78,9,74,193,21,241,0,27,59,31,179,45,8,35,38,151,2,29,620,10,0,179,62,73,48,293,0,22,388,21,66,0,23,71,6,18,0,72,0,78,30
hsa-miR-208b-3p,210,4,0,0,3,4,89,8,0,968,119,0,62,89,3,45,1,4,6,4,12,0,94,4,3,181,9,213,6,14,0,25,4,2,1,0,7,10,6,14,0,13,44,0,403,0,83,0,17,2,0,16,19,4,6,0,1,0,89,3,185,7,2,2,1,0,12,22,74,2,93,437,4,63,2,1,2,5,1,128,2,2,169,0,40,107,1,37,72,5,3,32,58,3,10,195,3,7,77,21,0,0,1352,2,112,0,1,0,45,45,0,0,0,10,0
hsa-miR-208b-5p,4,1,32,0,138,0,1,5,2,437,0,1,2,6,65,2,2,1,57,3,32,0,0,4,2,0,9,102,1,306,0,5,4,1,0,0,10,1,0,489,0,1,2,0,0,0,663,0,1,0,0,16,2,1,4,0,3,0,1,0,2,14,2,1,2,0,1341,4,1,5,1,524,0,0,0,2,91,2,2,5,1,9,86,1,1,1,1,0,0,3,4,68,4,2,0,5,87,45,1,2,0,3,23,0,2,0,0,1,1,0,0,92,0,1,0
hsa-miR-20a-3p,2,0,5,3,1,2,2,2,0,4,0,0,3,4,2,0,2,77,69,11,17,0,5,2,1,1,2,57,67,624,0,0,4,3,0,0,171,12,0,218,0,0,3,0,1,0,8,0,0,0,0,0,3,1,231,1,1,0,0,0,238,0,1,3,3,0,207,8,81,1,6,12,1,0,0,1,47,4,0,10,0,2,3,0,0,1,0,0,30,0,0,0,34,1,0,8,4,61,1,3,0,114,1145,0,78,0,0,0,1,4,0,1,2,0,50
hsa-miR-20a-5p,69,0,0,0,0,1,0,1,0,4,1,0,2,2,0,0,0,97,3,1,4,0,1,0,0,2,22,81,0,1,0,0,1,85,0,1,1,1,0,4,0,0,1,0,0,0,5,0,0,1,0,0,1,1,1,0,1,0,0,0,72,51,1,0,0,14,5,0,793,1,11,0,2,0,0,0,55,2,0,0,19,0,0,0,127,1,5,0,0,0,11,1,8,0,0,158,0,0,96,0,0,0,10,0,0,0,0,0,0,67,0,0,7,0,31
hsa-miR-20b-3p,144,2,7,0,102,4,27,4,11,1057,1,0,150,26,133,4,72,191,231,54,75,3,117,143,310,11,136,9,5,31,1,72,18,92,16,0,11,31,2,304,4,0,8,0,20,1,1826,0,12,0,2,3,5,40,86,2,2,1,24,31,65,14,3,12,122,2,633,26,205,15,33,745,52,0,2,16,42,118,4,262,9,9,113,5,81,47,23,5,6,352,9,32,49,0,3,232,8,221,17,3,0,26,141,3,5,0,1,13,1,32,2,8,1,228,79
hsa-miR-20b-5p,7,0,0,0,1,1,0,1,0,5,0,0,4,1,2,0,43,6,8,5,16,0,4,3,0,0,49,59,48,18,0,0,2,5,0,0,1,7,0,5,0,0,2,0,0,0,11,0,0,0,0,0,1,1,84,0,0,0,0,0,1,0,0,0,0,0,21,3,2,0,5,16,2,1,1,2,30,3,5,171,12,2,4,0,1,2,8,1,2,0,0,57,6,0,0,3,4,88,68,0,0,0,15,1,0,0,1,0,159,2,0,54,5,0,16
hsa-miR-21-3p,550,9,137,2,366,11,116,250,5,818,5,5,256,609,227,21,21,477,341,191,1348,4,160,559,242,46,122,349,43,707,3,144,113,91,3,10,67,82,9,637,145,1,117,1,22,1,5181,1,22,0,17,15,153,16,62,2,9,0,14,1,432,170,16,70,9,29,5239,98,142,534,738,2978,173,3,74,15,149,359,2,648,5,30,238,35,188,541,171,43,10,234,32,248,214,29,15,246,160,1912,3,5,0,280,2429,248,156,1,5,47,5,163,0,212,5,9,14
hsa-miR-21-5p,1753,4,9,0,253,3,7,6,5,1640,0,0,7,359,78,334,4,137,34,5,593,0,82,6,315,8,82,55,56,32,0,100,162,152,0,0,8,86,5,138,32,0,50,0,0,1,2013,0,11,6,0,286,375,114,231,0,2,0,266,2,102,29,4,52,378,16,551,34,763,5,428,243,3,55,122,0,52,2,14,332,982,11,6,0,29,1021,50,82,77,436,15,25,50,0,18,368,14,80,136,313,0,5,50,0,21,1,0,51,3,29,0,1,5,1773,235
hsa-miR-210-3p,321,0,0,1,75,0,2,1,4,322,1,0,51,4,9,0,0,7,23,4,5,0,3,11,2,0,0,276,4,3,0,20,22,1,0,0,59,11,17,6,1,0,129,0,0,0,527,1,27,3,0,0,12,0,95,0,0,0,72,10,306,17,4,92,141,0,4,29,108,3,13,9,4,11,18,1,0,94,2,3,1,1,163,0,5,68,1,60,9,1,3,2,1399,0,0,88,5,4,86,2,0,2,69,2,81,0,0,0,0,24,4,40,0,0,0
hsa-miR-210-5p,209,5,3,7,307,7,52,15,4,1339,1,0,93,238,21,0,3,122,72,776,32,0,127,101,729,14,165,439,6,39,0,263,42,81,1,0,11,62,16,181,0,3,3,0,5,2,1183,2,20,11,0,24,80,129,312,0,0,0,309,3,120,51,131,0,962,0,331,24,325,200,267,1307,0,30,57,5,69,77,8,445,353,44,98,0,602,249,12,70,69,702,21,63,57,2,17,399,16,247,54,85,0,29,88,3,182,0,0,0,53,155,0,62,5,313,67
hsa-miR-211-3p,223,8,6,0,1,2,106,27,12,611,0,1,263,206,132,19,115,144,122,790,786,1,186,86,145,6,285,199,66,170,0,93,78,22,1,0,21,96,2,658,0,3,77,0,95,0,1715,0,3,1,2,14,27,258,57,0,2,1,3,80,182,39,11,81,154,0,2752,96,71,167,699,1374,141,58,54,249,53,233,20,302,0,7,44,1,78,19,56,167,12,262,30,110,148,11,5,216,223,641,61,34,1,25,3515,4,99,0,2,1,54,76,0,93,1,0,31
hsa-miR-211-5p,400,0,5,4,3,3,22,4,1,148,28,0,46,24,32,1,5,33,9,31,50,1,19,60,2,1,9,12,9,18,0,3,85,22,0,0,21,11,5,14,0,0,146,0,93,0,766,4,2,13,0,3,21,3,22,0,7,1,75,3,4,5,7,7,8,1,62,24,16,257,12,82,35,35,3,2,10,17,0,5,64,6,56,1,6,21,3,5,19,333,0,39,81,4,2,106,3,79,5,3,0,5,90,5,0,0,0,31,6,3,0,5,0,8,4
hsa-miR-2110,123,12,3,23,243,4,3,7,5,908,1,2,1,185,65,34,98,4,123,1517,1170,1,25,6,348,11,28,107,2,45,0,98,14,80,0,0,172,5,13,355,0,9,182,0,113,0,2644,0,50,0,3,19,99,208,262,1,7,1,238,155,443,179,3,86,579,1,1000,39,606,507,309,240,1,138,204,251,36,3,12,1960,100,10,43,20,694,363,8,52,76,254,12,31,39,33,24,1844,5,73,51,337,0,25,40,4,586,1,0,320,232,96,6,70,8,990,123
hsa-miR-2113,106,8,98,0,7,1191,7,17,2,658,0,18,316,336,36,14,5,103,57,594,15,1,79,10,3,54,7,119,65,300,1,2,4,53,0,0,2,4,22,132,27,7,106,0,1,0,1218,0,0,0,0,3,2,9,8,0,0,0,1,21,554,1,7,0,56,0,71,23,2,148,24,22,3,8,30,2,9,1,72,36,12,4,3,23,373,196,1,3,38,212,0,57,46,4,4,400,2,195,1,113,0,4,45,54,67,0,0,2,1,12,0,4,7,27,37
hsa-miR-2114-3p,4,0,81,0,58,0,2,2,1,4,0,0,4,129,16,0,3,27,1,2,1101,1,0,2,187,8,3,38,0,6,0,36,1,0,0,0,7,110,0,353,0,0,0,0,2,0,270,0,10,0,7,0,3,0,1,0,10,1,0,0,43,4,0,136,162,0,480,10,75,65,6,14,0,1,0,0,14,1,7,182,0,2,0,8,72,28,30,7,2,36,0,25,13,2,9,139,2,40,34,0,0,51,10,0,1,0,0,1,0,0,0,4,0,3,0
hsa-miR-2114-5p,1457,5,66,17,112,10,10,41,28,784,0,0,54,112,62,117,18,78,4,589,592,1,8,7,62,8,115,95,57,305,0,99,6,166,0,3,34,51,22,530,56,0,113,0,2,0,6423,1,12,41,1,38,38,140,242,2,7,0,37,60,1031,59,233,62,2,1,951,32,1078,727,307,87,87,30,2,794,68,5,17,735,180,26,187,19,491,1289,32,162,43,458,7,160,67,0,33,1840,38,63,116,251,0,47,746,5,492,1,0,32,147,45,1,63,2,475,159
hsa-miR-2115-3p,7,5,3,0,2,0,1,4,0,2,0,1,8,15,10,1,0,0,2,142,7,0,1,84,3,1,4,2,0,95,0,11,8,0,0,1,1,3,24,11,0,0,2,0,0,0,23,1,0,0,0,0,1,2,5,0,0,0,1,230,15,6,1,7,71,0,121,4,4,3,8,6,1,3,0,0,1,2,13,174,1,0,0,1,0,186,0,3,8,24,0,19,8,1,0,151,21,5,0,0,0,54,16,2,3,1,0,0,0,3,0,6,0,288,2
hsa-miR-2115-5p,0,0,0,0,55,1,66,3,0,2,0,0,135,8,1,0,86,0,0,5,13,2,3,4,0,0,0,8,4,4,0,0,8,0,0,2,2,3,0,5,0,0,1,0,211,0,2,0,0,0,0,7,7,2,6,0,0,0,0,0,35,46,1,3,1,40,10,15,1,509,3,95,3,1,1,0,3,0,28,64,33,0,2,0,1,2,1,2,19,176,5,0,38,1,0,202,2,9,1,7,0,0,1073,0,1,1,0,0,107,53,0,0,0,2,5
hsa-miR-2116-3p,4,0,1,0,0,1,0,4,4,58,0,0,168,81,0,0,2,8,21,3,6,0,0,3,1,88,0,140,1,3,0,29,9,0,0,0,2,5,17,4,0,0,3,0,1,0,1058,0,0,0,0,8,5,1,3,0,2,0,2,1,45,1,1,0,0,0,15,2,3,3,3,9,3,0,1,0,1,2,2,1,1,2,2,0,3,18,1,1,0,156,0,2,17,1,0,213,15,141,0,0,0,4,28,283,0,0,0,1,0,0,0,0,0,1,0
hsa-miR-2116-5p,153,0,10,4,65,2,38,115,0,6,0,15,76,339,1,0,8,101,208,941,1045,2,109,11,200,1,7,455,102,1444,0,35,8,0,0,0,260,170,2,13,0,0,6,0,380,1,518,9,4,0,0,3,24,0,9,0,18,1,2,1,66,157,12,4,0,0,570,1086,92,1,4,790,12,41,0,3,1,5,0,1,0,224,274,1,110,22,0,120,34,171,7,214,104,5,0,81,51,315,2,1,0,83,1358,1,69,0,0,1,0,93,1,155,19,2,2
hsa-miR-2117,11,0,11,0,39,3,32,1,0,856,0,0,128,9,83,0,3,94,12,282,23,0,48,113,7,3,2,7,4,13,0,46,83,22,0,0,4,7,37,69,0,0,4,0,37,0,267,0,2,0,0,0,10,1,13,0,0,0,1,0,4,1,1,3,1,0,123,28,267,4,8,209,46,2,1,0,52,27,1,1,125,26,5,31,1,117,41,2,107,39,0,5,54,0,0,477,20,83,1,0,0,2,79,207,78,0,1,0,0,1,1,1,1,0,63
hsa-miR-212-3p,507,3,7,0,119,3,5,56,2,2,0,0,65,141,84,29,3,146,237,292,722,4,2,4,1,1,162,2,69,268,1,60,285,176,0,25,16,125,0,240,0,0,97,0,1,0,2426,0,3,69,0,35,12,143,6,1,10,0,2,75,306,2,5,74,3,0,577,20,115,540,17,443,145,28,0,0,98,3,15,84,29,6,27,0,181,206,70,0,2,140,3,9,43,0,0,238,31,46,126,8,0,90,41,54,42,1,0,215,68,113,2,61,0,151,86
hsa-miR-212-5p,208,5,3,3,140,4,3,13,25,163,0,0,3,0,26,0,1,0,0,0,29,2,20,1,0,6,54,22,2,4,0,5,0,218,0,13,138,5,0,3,21,0,0,0,0,0,3136,0,7,0,0,21,1,1,3,0,2,0,0,5,393,43,0,27,206,0,34,2,397,0,13,22,0,40,1,1,4,1,0,204,20,4,0,0,0,1,2,0,3,1,5,40,5,0,0,610,0,44,1,1,0,5,20,2,0,1,1,0,0,91,0,2,0,1,2
hsa-miR-214-3p,0,0,2,0,0,0,0,16,0,0,0,0,17,0,17,0,1,1,0,136,185,0,0,0,0,1,2,0,0,5,0,48,1,0,0,0,2,33,0,2,0,0,0,0,0,0,168,0,0,0,0,0,33,0,1,0,0,0,1,0,1,0,0,0,58,0,3,2,60,1,29,4,35,0,11,0,0,0,0,106,0,33,1,0,58,4,1,0,5,0,1,0,8,0,2,118,0,29,0,0,0,0,6,2,36,0,0,0,0,3,0,0,0,79,0
hsa-miR-214-5p,2,2,2,0,50,0,0,0,0,39,0,0,2,3,7,26,2,0,21,2,9,0,4,10,27,0,1,2,3,4,0,0,3,0,0,24,2,8,18,5,0,0,1,0,188,0,8,0,7,0,0,0,9,12,0,0,0,0,0,0,1,6,1,0,0,0,5,11,25,13,0,2,1,17,0,1,0,5,2,1,1,35,1,0,0,0,7,0,5,0,0,0,1392,4,4,23,0,5,0,0,0,1,34,0,0,0,0,0,0,0,0,0,1,0,0
hsa-miR-215-3p,3,0,2,0,61,0,52,1,3,1,0,0,47,2,0,12,6,0,1,2,956,0,2,0,1,0,4,2,0,3,0,1,0,0,0,0,9,3,9,3,31,0,0,0,0,0,1021,0,0,0,0,0,363,1,0,0,0,0,8,34,0,0,3,0,1,0,13,7,1,129,2,17,4,1,0,0,6,0,0,0,0,4,0,0,1,23,3,0,0,1,2,65,16,0,0,107,57,112,0,0,0,6,13,0,0,1,1,0,0,12,0,8,0,0,0
hsa-miR-215-5p,6,0,0,1,3,1,78,4,0,447,0,0,2,100,96,1,9,51,21,3,549,0,79,132,135,2,1,3,3,17,0,38,17,1,1,0,4,13,7,6,0,5,2,0,1,0,308,0,2,0,0,13,3,143,2,0,1,0,21,0,175,3,0,21,262,0,325,2,217,445,6,19,145,5,0,1,12,38,0,299,46,1,1,0,94,1,23,1,22,28,8,15,19,0,0,183,13,51,43,52,0,28,31,1,0,0,0,0,0,85,0,9,0,64,42
hsa-miR-216a-3p,117,2,1,0,28,1,1,1,0,5,0,0,32,41,1,3,0,5,0,4,1309,0,1,2,1,0,3,1,90,3,0,3,33,3,0,0,9,127,5,3,0,3,2,0,1,0,85,0,8,0,0,3,2,2,1,0,0,0,13,1,15,2,0,0,1,0,18,12,3,4,2,21,1,2,1,0,54,2,0,12,0,1,193,0,0,1,25,0,5,0,0,4,22,0,8,50,45,59,1,26,0,3,27,0,1,0,0,0,1,1,0,0,0,223,1
hsa-miR-216a-5p,9,0,10,0,2,1,18,36,1,335,1,0,46,7,51,45,4,5,50,71,16,0,0,1,49,2,3,3,2,102,0,1248,35,11,0,0,9,24,0,7,0,0,4,0,27,0,337,9,3,0,0,0,15,18,25,0,1,0,14,0,31,13,220,3,5,0,151,21,162,228,3,243,2,1,0,0,10,9,2,222,0,2,36,0,3,38,27,13,57,149,0,85,12,0,0,61,1,20,39,37,0,23,54,2,1,0,0,0,0,1,0,1,2,0,1
hsa-miR-216b-3p,4041,54,2131,79,5482,681,3097,2735,260,14047,81,155,6855,10596,4645,283,1472,8646,8438,7146,62945,64,4763,13324,5244,2045,6115,8209,2313,17886,62,2328,8186,1144,106,59,6824,8320,548,19546,181,50,6281,2,5178,119,68427,82,303,209,191,279,3407,1018,9119,37,618,178,761,737,6495,4121,734,1464,1057,242,125395,4122,2950,6430,2211,78385,5971,834,1305,1548,5279,11265,198,4715,1058,2597,5420,502,4505,2815,4564,2140,426,3526,224,9595,10096,262,223,2373,5967,22931,1846,868,5,6584,83486,5907,1999,104,104,694,1179,2033,10,3800,154,3097,500
hsa-miR-216b-5p,4,0,2,0,1,0,0,0,0,470,0,0,0,1,1,1,1,1,0,1,8,1,1,29,112,0,3,1,0,106,0,0,3,1,0,0,2,0,0,3,0,0,35,0,1,0,136,0,0,0,0,0,0,0,1,0,0,0,1,0,2,2,0,2,0,0,542,1,4,0,3,12,1,0,0,0,8,0,0,2,2,0,0,0,1,64,1,0,6,75,0,20,5,0,1,26,0,47,2,0,0,1,3,0,1,1,0,2,24,1,0,0,0,0,0
hsa-miR-217-3p,0,0,1,2,0,0,1,0,0,3,0,0,1,81,0,0,1,1,0,2,1,0,1,5,2,1,0,2,6,2,0,11,3,0,0,0,110,3,0,3,0,10,0,0,0,0,7,0,0,0,0,0,5,0,2,0,0,0,0,0,0,33,2,0,160,0,3,7,61,1,4,10,2,0,0,1,0,1,0,1,1,0,2,0,0,155,0,0,38,0,3,0,16,0,0,91,17,7,0,0,0,0,722,0,0,0,0,1,0,0,0,2,0,0,0
hsa-miR-217-5p,5,0,1,0,0,1,0,49,0,283,0,0,1,1,35,0,0,263,7,2,72,0,40,1,2,1,0,3,3,5,0,11,2,0,0,0,60,1,4,4,0,0,3,0,0,0,17,0,0,0,0,0,4,1,2,0,0,0,1,0,71,23,0,1,0,0,3,3,150,4,5,250,2,0,189,0,0,22,0,0,1,0,0,0,0,0,0,1,0,136,5,1,11,0,0,105,3,2,0,0,0,0,11,0,0,0,0,79,0,0,0,0,0,0,0
hsa-miR-218-1-3p,695,3,5,11,167,4,6,2,1,425,1,0,184,79,110,50,4,132,34,554,727,0,7,7,0,333,135,8,88,361,0,215,10,169,0,0,203,8,0,108,19,10,139,0,6,0,2423,0,37,10,1,33,369,1,8,1,31,1,0,94,260,169,8,3,245,7,575,29,527,764,177,141,4,51,217,1,57,55,2,419,80,48,50,52,320,441,3,28,104,276,19,5,735,9,14,592,15,71,505,268,0,9,64,78,71,1,1,81,3,292,1,3,12,420,149
hsa-miR-218-2-3p,4,2,38,15,250,3,139,45,3,1049,0,11,363,257,162,43,22,390,302,564,2830,3,205,798,128,5,248,158,103,816,0,83,320,181,3,19,185,178,29,1237,0,0,194,0,110,0,2185,3,35,1,0,10,62,28,213,0,29,2,32,175,135,176,18,78,528,20,3276,363,247,374,17,2824,270,42,91,0,129,493,21,524,34,101,184,19,217,572,161,56,50,228,19,210,1000,21,6,123,176,1216,97,153,0,276,1922,160,78,1,2,69,44,119,4,154,2,3,65
hsa-miR-218-5p,1,0,0,5,0,1,100,2,0,389,0,0,88,8,43,0,3,5,36,565,592,0,80,2,0,0,5,44,220,6,0,30,5,0,0,0,187,151,13,5,0,0,27,0,1,0,27,1,0,2,0,0,17,98,3,0,0,23,43,42,0,81,3,36,0,0,13,71,132,159,4,826,40,38,1,0,87,172,5,4,0,3,44,1,0,79,25,2,70,158,4,83,76,1,2,125,2,231,47,0,0,25,2046,0,95,1,0,0,83,37,0,40,0,166,63
hsa-miR-219a-1-3p,985,0,2,1,0,1,2,69,3,1528,0,2,8,53,144,42,2,45,22,8,29,0,235,1,5,3,8,6,119,216,0,140,1,2,41,0,89,2,0,16,0,0,30,0,0,0,1056,0,38,0,0,4,41,0,138,0,9,0,22,11,171,27,0,2,0,1,565,6,436,758,51,18,89,27,2,0,30,2,0,32,2,2,4,5,204,142,9,6,42,8,7,3,24,2,5,624,45,20,0,0,0,19,23,218,105,2,8,40,1,128,1,1,0,2,111
hsa-miR-219a-2-3p,12,0,18,0,15,146,4,7,7,74,0,1,89,21,4,1,3,97,75,211,279,0,5,114,0,2,8,36,5,8,0,61,92,58,0,0,8,174,5,10,0,3,1,0,103,0,1174,1,5,0,0,5,31,8,63,0,2,2,1,3,53,36,2,3,260,17,1122,24,233,295,8,118,3,0,0,1,64,7,2,5,20,5,2,0,21,10,17,9,1,2,4,58,57,0,0,209,20,24,2,0,0,254,1531,1,1,0,1,1,19,54,1,2,0,30,24
hsa-miR-219a-5p,254,1,37,4,29,1,21,42,17,487,0,0,156,180,39,14,15,29,86,211,464,2,50,165,1,1,66,119,73,97,1,2,27,0,0,0,45,107,2,961,0,3,6,0,192,1,1544,0,16,17,0,12,16,21,144,0,2,0,12,40,15,60,2,35,0,0,437,46,97,143,8,277,128,20,1,0,25,211,6,120,12,39,87,0,26,54,53,2,19,0,5,68,63,11,3,204,42,230,28,0,0,89,1392,141,32,0,1,0,41,36,0,50,1,1,24
hsa-miR-219b-3p,330,2,45,3,20,2,27,61,22,625,0,0,236,305,76,36,32,40,106,471,886,2,86,282,2,1,92,131,69,104,0,8,64,0,1,0,110,111,3,1514,0,0,9,0,358,0,2030,0,8,20,0,13,23,26,147,0,5,0,23,78,24,107,7,44,0,0,607,42,249,243,12,396,347,33,1,0,14,296,6,311,12,80,108,1,97,70,84,0,14,1,9,115,104,9,0,380,67,311,72,0,0,134,1489,424,85,0,1,2,39,45,1,99,1,2,55
hsa-miR-219b-5p,4,0,28,0,13,254,2,12,5,316,0,0,12,32,3,0,3,127,71,187,662,0,5,88,2,1,7,22,1,10,0,51,16,26,1,0,10,76,2,6,0,2,2,0,119,0,1670,0,4,0,0,11,29,54,114,0,1,2,0,36,76,27,6,0,1,25,277,10,194,162,8,209,3,0,1,0,17,20,6,2,0,3,1,0,16,51,28,57,1,3,5,29,35,0,1,395,17,3,1,0,0,221,497,1,0,1,0,1,9,48,0,3,0,164,64
hsa-miR-22-3p,1325,21,1,1,5,325,1,89,14,2481,0,0,15,129,147,100,2,241,46,1701,322,4,120,269,894,13,92,53,110,81,1,21,123,757,1,80,62,490,474,510,169,198,159,0,2,1,34,0,254,3,1,337,32,435,23,0,0,3,4,1403,42,138,146,538,2,1,1396,53,1643,1210,1099,481,11,191,308,1,3,37,72,1666,1314,8,90,0,800,909,67,91,105,845,66,4,125,4,27,503,1,512,205,413,0,14,447,511,317,2,1,391,322,546,10,166,0,10,640
hsa-miR-22-5p,8,0,22,0,555,0,39,223,24,794,0,12,234,41,219,1,9,49,98,25,1605,1,13,63,212,4,38,51,79,414,0,6,365,163,2,22,15,7,62,227,91,5,64,0,4,0,909,0,1,0,0,5,15,1,4,0,24,0,97,0,136,4,11,57,1,0,1552,29,158,4,13,854,1,38,70,0,261,197,12,200,0,77,351,3,44,116,41,1,6,132,10,208,56,3,7,52,13,474,2,145,0,88,66,2,3,0,0,115,1,1,0,74,1,71,21
hsa-miR-221-3p,1972,28,1,0,0,5,0,54,0,5,0,1,7,6,0,247,1,64,6,7,10,0,3,80,415,4,42,4,37,7,0,60,9,90,0,1,5,5,0,7,0,0,52,0,0,0,8,0,8,1,0,21,524,2,11,1,0,0,2,0,360,19,4,1,4,0,17,123,115,0,24,13,9,1,3,2,1,141,2,386,372,0,3,1,152,0,20,1,83,339,13,35,48,0,0,182,14,6,849,1,0,3,748,2,0,0,0,0,54,224,0,0,0,1,100
hsa-miR-221-5p,25,0,1,0,4,7,83,0,1,9,0,0,4,45,1,11,2,31,4,9,259,0,1,33,32,3,4,13,21,10,0,2,4,71,0,0,6,112,5,173,0,0,54,0,2,0,802,0,1,0,0,0,4,7,7,0,3,0,6,15,11,8,0,12,5,0,24,28,12,5,42,109,1,4,3,0,18,24,0,11,9,19,3,0,2,35,0,0,3,4,6,138,31,1,3,204,5,123,6,61,0,15,208,4,35,0,0,2,6,70,0,3,1,2,27
hsa-miR-222-3p,2,0,1,0,1,1,0,8,2,363,1,0,157,1,7,15,9,11,84,89,253,0,2,86,1,2,6,6,0,201,0,35,6,0,1,9,3,0,0,138,0,0,69,0,19,0,793,1,0,0,0,0,5,0,2,0,0,0,1,1,33,0,0,0,3,1,9,15,181,1,7,57,1,4,0,0,1,4,0,87,0,1,1,0,0,27,24,0,20,0,0,2,17,0,6,238,18,122,1,0,0,0,13,129,9,0,0,2,93,1,0,0,38,2,27
hsa-miR-222-5p,4,0,0,0,1,0,1,3,0,50,0,19,1,55,3,35,0,55,1,130,1,0,0,2,1,1,0,0,1,2,0,0,1,0,0,0,0,0,0,2,0,0,3,0,0,0,74,0,0,0,0,0,1,0,1,0,0,0,0,0,93,0,1,0,0,0,4,0,27,23,1,0,0,0,0,0,0,1,0,85,17,0,1,0,1,6,0,0,0,0,0,13,1,0,0,34,0,5,0,1,0,0,7,0,0,0,0,0,0,0,0,0,0,0,19
hsa-miR-223-3p,114,5,178,9,1007,10,196,549,29,1091,0,4,778,791,1215,69,72,877,669,570,5381,10,667,1446,122,11,494,608,217,1767,0,443,514,221,6,0,695,550,46,5477,1,9,52,1,450,0,7534,0,15,127,123,28,149,186,691,58,125,102,489,36,229,694,48,580,314,123,12335,348,210,1162,1188,6151,832,211,11,0,390,1358,25,791,433,224,351,67,117,299,585,259,303,438,34,512,2346,84,18,475,432,6112,1102,607,1,1673,15363,251,272,7,49,25,66,261,3,345,3,4,133
hsa-miR-223-5p,3,4,3,1,1,4,3,1,2,3,1,0,46,282,114,0,2,109,214,396,24,0,108,11,213,4,3,7,5,343,0,68,10,56,0,0,139,5,40,91,0,0,6,0,81,0,799,2,1,0,0,33,11,15,434,0,28,0,1,69,1,75,235,0,0,0,535,31,74,1,10,460,109,0,0,2,100,3,0,70,74,1,5,2,201,1,0,0,2,591,13,25,77,3,0,111,3,267,30,1,0,95,1156,0,74,1,0,185,1,59,1,2,1,1,2
hsa-miR-224-3p,244,3,64,10,226,2,5,25,11,188,0,0,165,209,131,0,89,143,313,691,1060,3,116,48,184,7,201,245,232,648,0,505,226,86,0,2,208,57,7,182,0,6,116,1,41,0,4513,27,11,0,0,1,119,76,476,1,18,0,2,59,183,210,80,187,206,0,966,1071,199,337,68,217,42,33,92,0,32,102,6,247,260,10,16,74,94,28,36,32,13,43,10,73,86,3,4,511,72,290,1,7,0,75,106,99,27,1,0,1,0,51,0,73,6,0,39
hsa-miR-224-5p,454,0,3,7,6,1,11,59,7,115,0,0,5,58,83,0,1,8,16,10,31,0,3,7,105,5,7,92,4,177,1,1,10,81,0,12,11,7,10,27,1,6,5,0,7,0,722,0,28,2,0,8,8,87,16,0,1,0,2,0,308,44,210,5,3,0,660,10,73,15,37,33,7,84,2,1,2,38,18,12,8,5,3,14,52,141,46,0,13,72,0,32,38,1,14,275,9,69,99,24,0,9,69,9,1,0,0,126,29,3,0,5,0,10,29
hsa-miR-2276-3p,739,1,59,15,156,4,12,29,29,1090,0,33,102,192,152,93,65,140,284,205,1295,1,285,16,1,5,43,81,63,234,1,124,190,0,0,1,290,237,50,529,1,7,126,0,85,0,3936,9,8,0,0,49,54,215,41,1,3,1,166,47,344,230,12,2,320,0,322,975,526,1485,340,786,378,40,82,5,90,55,5,261,207,7,99,2,161,356,2,112,136,221,29,41,797,3,18,966,46,287,75,1,0,5,141,223,123,14,1,38,42,177,1,3,0,1,133
hsa-miR-2276-5p,742,0,28,8,2,1,4,0,2,273,0,0,44,2,1,31,0,5,0,3,153,1,78,76,312,5,1,55,114,93,0,112,0,36,15,0,2,5,24,10,0,0,115,1,3,0,435,0,17,2,0,3,47,87,7,0,0,0,123,3,30,133,3,292,0,0,229,12,122,623,206,228,5,76,2,0,0,2,0,372,121,1,4,9,3,11,11,0,53,30,2,4,28,1,17,548,1,50,124,46,0,2,26,270,56,0,0,0,135,169,0,2,0,556,19
hsa-miR-2277-3p,2054,2,158,13,90,1270,30,89,11,475,1,1,251,639,48,95,82,91,320,1451,98,2,56,433,546,20,82,78,75,179,0,1462,187,98,26,8,247,105,58,249,6,13,98,0,5,5,5200,0,58,25,0,55,114,313,301,1,6,1,287,437,920,157,346,268,264,0,1497,64,1246,1041,215,1227,34,28,32,3,215,71,9,622,320,38,100,17,238,1484,49,2,143,497,29,131,1806,0,6,2425,18,58,37,99,0,86,649,708,163,0,10,3,10,106,1,127,14,195,149
hsa-miR-2277-5p,1246,10,70,1,24,5,54,5,7,261,0,0,52,21,45,0,9,3,58,8,61,1,121,14,47,338,19,16,13,69,0,1504,30,41,0,0,23,11,7,524,11,0,318,0,2,0,1602,0,16,3,1,7,16,0,125,0,6,0,28,0,108,6,36,2,111,0,521,55,171,128,182,946,18,1,71,3,38,174,4,1124,168,7,78,13,155,4,50,122,134,3,11,56,66,5,9,199,2,342,13,0,0,24,1315,3,59,0,0,34,2,63,3,53,0,1,78
hsa-miR-2278,4,0,7,0,36,1,0,3,0,2,0,0,54,0,1,0,1,2,80,2,545,0,1,6,90,4,2,0,3,4,0,50,4,1,0,0,4,4,0,56,1,0,0,0,0,0,33,0,0,0,0,0,5,0,38,0,0,15,31,0,2,1,2,0,476,0,228,16,35,6,6,10,2,16,0,391,1,3,1,40,0,0,0,1,0,48,9,84,10,1,1,2,928,0,4,144,44,7,0,0,0,27,32,1,1,6,0,0,0,0,2,62,0,0,43
hsa-miR-2355-3p,3,0,1,0,0,2,0,0,0,8,0,0,0,3,20,0,1,2,0,3,8,0,104,1,1,0,0,0,0,8,0,1,0,1,0,0,0,0,0,4,0,0,1,0,0,0,19,0,0,0,0,7,0,0,1,0,1,0,0,2,1,0,0,82,156,0,13,2,1,0,4,224,1,0,0,0,1,1,0,95,0,0,1,0,1,47,2,23,0,1,11,6,6,1,6,49,0,42,0,0,0,2,11,0,39,0,0,55,2,11,0,3,0,157,1
hsa-miR-2355-5p,347,4,44,44,285,12,291,287,35,1534,1,26,292,1469,590,0,127,992,1029,2626,7293,6,489,1374,638,15,373,376,504,1024,2,361,510,20,0,1,434,435,21,1365,1,0,309,0,374,0,7223,36,21,40,0,15,112,426,1702,34,57,3,359,284,624,520,254,525,5,75,9374,1312,168,581,38,6054,1005,146,67,0,248,700,11,712,0,283,493,49,752,595,702,190,114,1,34,495,1880,26,7,596,79,3163,186,67,0,659,7749,750,344,3,93,1,371,340,1,343,3,215,41
hsa-miR-2392,732,5,43,17,104,8,133,62,20,2663,1,1,593,156,87,44,8,149,86,240,374,3,160,119,634,8,143,280,110,220,1,458,73,47,0,0,223,284,13,111,2,2,92,0,249,1,1488,13,23,55,0,9,45,213,99,1,17,8,495,172,81,140,24,5,955,0,1046,87,361,1245,798,776,38,73,19,2,56,194,12,2210,224,65,178,54,2386,299,32,116,307,647,20,215,1256,1,93,437,57,236,396,146,0,5,1258,490,2784,8,25,1,62,83,0,100,4,813,197
hsa-miR-23a-3p,519,0,0,0,1,4,0,22,0,256,0,0,6,4,0,102,1,0,48,84,4,0,1,2,3,2,0,0,2,15,1,10,49,50,1,0,0,0,0,136,1,0,0,0,1,0,3,0,2,0,0,10,2,0,5,0,0,0,0,367,88,37,0,3,2,0,3,2,170,648,264,1,14,0,55,0,15,0,0,111,41,0,1,4,560,166,0,1,16,0,6,0,7,0,13,116,0,14,0,10,0,0,5,229,41,0,0,128,1,106,11,0,0,1,28
hsa-miR-23a-5p,184,0,3,2,76,3,9,12,1,97,0,23,4,100,21,0,3,27,86,175,21,1,29,23,34,5,50,7,5,75,2,126,29,47,0,1,9,125,7,179,2,6,83,0,50,0,759,0,3,1,0,1,7,35,9,0,36,1,1,82,74,37,2,5,198,0,42,709,365,3,150,44,45,0,1,2,58,4,2,154,194,1,5,12,223,143,36,6,23,28,17,10,37,0,13,404,1,9,0,168,0,1,58,197,2,0,11,0,4,101,0,12,0,0,11
hsa-miR-23b-3p,554,0,1,0,1,2,0,20,0,1024,0,0,17,0,1,11,0,0,35,101,2,0,94,2,1,1,1,1,1,17,0,15,53,62,4,0,2,0,0,54,0,0,0,0,0,0,10,0,3,0,0,11,3,0,6,0,0,0,0,363,77,132,1,1,0,0,9,3,181,960,268,4,0,0,54,1,22,1,1,476,54,0,0,10,0,33,1,0,17,2,17,1,11,0,10,155,7,58,0,13,0,0,17,229,40,0,0,0,0,105,0,0,0,2,16
hsa-miR-23b-5p,2,0,0,0,1,1,0,16,0,95,0,0,213,1,0,1,0,0,10,1,4,0,0,2,1,0,0,2,0,3,0,44,1,0,0,0,0,2,11,2,0,0,2,0,15,1,181,0,0,0,0,0,1,11,2,0,0,0,0,0,17,1,1,3,0,0,5,4,229,1,3,7,1,0,7,0,0,1,0,23,28,1,2,8,147,24,0,0,5,0,0,1,9,17,1,161,0,92,0,0,0,0,13,0,34,0,1,0,0,1,0,22,0,0,0
hsa-miR-23c,76,0,5,0,28,4,2,14,1,197,0,0,136,0,4,7,1,19,14,175,17,0,3,37,25,0,3,6,21,3,0,15,38,15,0,0,1,0,1,38,0,0,4,0,1,0,697,7,6,0,0,9,10,0,4,0,0,1,1,1,0,8,3,0,1,0,423,10,98,39,24,14,1,15,10,0,3,61,0,54,0,3,2,10,40,20,6,22,31,22,8,20,18,1,1,301,0,56,1,27,0,1,15,0,15,3,0,0,2,71,1,2,0,0,4
hsa-miR-24-1-5p,7,1,0,0,1,0,0,1,0,2,0,0,2,3,35,0,0,0,10,160,10,0,23,30,1,1,3,135,2,78,1,2,1,0,0,0,43,26,0,1,1,0,50,0,1,0,233,0,7,0,24,6,4,49,2,0,5,0,1,0,13,59,0,0,1,0,10,4,34,0,6,16,13,0,0,2,2,2,0,50,29,1,1,0,1,89,0,1,2,0,0,2,7,0,0,30,0,3,1,0,0,1,23,1,1,0,0,0,0,0,0,0,1,0,0
hsa-miR-24-2-5p,3,2,2,0,132,0,3,1,12,211,0,0,0,1,39,0,4,4,43,2,15,0,60,60,0,0,4,42,56,7,0,2,39,1,1,0,2,122,0,5,0,0,2,0,2,0,913,0,0,3,0,13,2,15,2,0,0,1,0,0,1,6,0,2,0,0,290,4,29,2,7,25,2,0,0,1,21,1,1,107,41,17,1,1,2,0,1,11,2,1,1,4,17,0,6,85,3,1,139,2,0,0,25,0,93,0,0,0,0,14,0,0,21,2,0
hsa-miR-24-3p,48,0,0,0,1,3,2,3,0,954,0,0,2,0,5,245,1,2,1,0,174,0,0,0,1,4,1,3,0,9,1,9,2,129,1,0,1,5,0,37,0,0,1,0,1,0,551,0,53,0,0,0,1,447,7,0,1,0,560,1,354,0,1,2,0,0,13,1,297,1,16,245,1,0,1,1,3,0,2,88,911,0,1,0,0,481,19,0,17,0,5,2,6,1,0,267,1,48,1,0,0,10,11,662,0,0,0,1,0,4,8,1,0,1,23
hsa-miR-2467-3p,40,0,2,2,199,1,38,13,8,402,0,6,43,96,22,2,2,55,32,250,282,0,41,108,228,4,53,3,48,14,1,24,74,0,0,0,4,4,30,97,1,0,2,0,283,3,993,0,4,2,0,21,97,42,94,0,2,0,0,65,47,30,4,0,143,0,561,13,92,162,205,24,30,50,28,5,68,2,0,172,13,5,45,0,46,45,12,1,12,109,0,34,31,1,9,223,0,140,65,0,0,4,35,20,0,0,9,1,35,8,3,30,1,89,35
hsa-miR-2467-5p,5,1,9,2,258,2,122,114,5,347,0,9,394,61,68,25,38,110,100,783,284,0,163,259,125,5,207,124,114,29,0,160,10,0,0,0,15,68,48,252,0,0,294,1,215,0,2133,10,9,2,0,45,100,51,110,0,11,0,248,52,58,25,6,149,307,0,297,31,94,555,191,979,52,0,40,0,46,6,33,364,1,95,130,2,195,175,2,85,48,82,4,37,848,3,12,256,59,212,49,230,0,86,80,155,28,0,19,55,46,80,0,174,0,2,13
hsa-miR-25-3p,6,26,3,0,0,1,0,4,1,2,0,1,2,81,0,35,1,1,1,2,25,0,1,6,59,4,21,141,84,347,1,473,186,216,0,1,1,2,0,4,1,1,0,0,0,0,833,0,54,3,0,25,6,367,12,0,0,0,2,1,11,9,1,2,0,0,17,14,308,1,28,11,1,0,0,2,2,2,3,76,1315,7,2,1,307,1111,7,1,112,536,11,3,30,0,0,277,1,3,199,0,0,1,21,2,42,0,0,1,0,163,0,2,0,1,272
hsa-miR-25-5p,225,1,28,0,90,0,3,38,0,14,1,0,449,5,25,3,0,3,2,18,14,0,122,9,60,1,3,3,2,13,0,28,25,1,0,1,3,2,0,6,0,5,54,0,2,3,126,0,21,26,0,18,8,1,47,0,9,0,1,2,38,45,3,2,322,0,144,15,315,294,8,246,1,13,3,1,56,3,1,157,0,1,7,2,208,2,1,0,72,85,6,4,24,1,0,454,35,216,2,3,0,46,35,8,71,1,7,2,104,51,1,1,0,1,15
hsa-miR-2681-3p,14,0,119,11,693,7,334,255,34,2644,0,2,714,405,197,26,59,927,415,2232,2768,12,576,260,145,5,600,1028,55,1407,34,281,1272,305,2,4,731,913,79,1901,0,2,340,0,341,0,7694,12,21,20,1,83,804,2,753,1,63,25,99,313,238,447,91,213,500,30,3738,755,386,1572,387,5570,271,119,325,100,366,522,35,1072,66,319,400,54,680,325,285,213,125,332,27,542,2971,53,7,540,476,2156,161,153,0,474,2423,345,257,17,20,429,359,201,1,248,65,0,55
hsa-miR-2681-5p,234,0,2,1,0,1,2,0,1,109,0,1,52,63,26,45,1,2,4,463,8,0,0,2,391,3,1,60,125,8,0,3,104,27,0,10,6,139,2,9,0,22,1,0,0,0,974,1,0,0,0,30,7,0,72,0,0,0,173,0,1,26,5,1,3,0,205,334,26,3,13,12,46,2,0,0,2,2,0,87,1,0,0,0,66,140,17,0,6,281,0,1,21,0,0,340,10,4,0,0,0,2,22,84,0,0,1,59,99,0,0,2,1,2,1
hsa-miR-2682-3p,211,3,3,0,3,2,17,1,0,435,0,2,124,31,0,34,75,29,75,244,551,2,91,2,1,0,6,3,74,467,0,3,159,0,16,0,4,6,8,89,0,0,5,0,140,0,52,11,5,0,0,52,12,0,185,0,14,0,1,52,202,3,3,2,90,0,1427,30,201,1046,10,128,8,56,0,1,2,36,21,273,1,1,4,1,658,140,0,24,94,328,0,36,48,8,2,303,1,133,0,0,0,0,1399,0,2,0,0,35,5,1,0,2,0,0,33
hsa-miR-2682-5p,7,0,1,3,29,0,0,0,0,0,0,0,44,2,44,0,0,0,52,3,4,0,46,129,206,4,2,107,3,8,0,0,4,1,1,0,1,4,0,92,0,0,2,0,0,0,355,1,0,1,0,23,4,1,0,0,0,0,1,113,65,11,1,141,161,0,7,5,79,172,79,74,2,9,1,7,12,1,0,258,1,1,0,0,22,0,20,0,10,0,0,1,13,3,6,143,1,193,1,1,0,51,19,0,1,0,0,0,0,0,0,0,0,1,48
hsa-miR-26a-1-3p,7,0,0,0,1,0,1,1,1,1,0,0,4,1,8,1,0,0,1,1,4,0,0,1,0,0,1,0,51,5,0,1,27,0,0,0,2,0,0,11,0,0,1,0,0,0,168,0,0,0,0,7,1,0,63,0,0,0,0,0,0,1,1,1,309,0,3,5,20,3,3,1,2,0,0,2,14,144,0,3,0,2,0,0,2,35,36,0,1,1,0,1,7,0,0,55,0,0,0,2,0,0,13,1,0,0,0,0,41,2,0,1,0,0,0
hsa-miR-26a-2-3p,212,8,209,11,280,9,207,203,21,746,2,13,371,478,177,26,80,465,440,715,3070,7,211,645,446,8,360,468,456,549,38,54,832,185,5,1,494,401,13,1039,17,7,521,0,133,0,2374,0,25,39,1,25,57,88,981,0,41,15,64,115,439,630,28,272,90,91,4276,194,348,616,87,4136,425,78,206,301,310,391,15,545,71,41,423,19,172,439,297,80,70,191,31,298,823,22,24,351,296,1327,143,137,1,154,4427,286,189,13,16,268,178,331,4,211,8,153,50
hsa-miR-26a-5p,15151,156,4136,162,8072,962,4756,8012,467,22654,99,151,12402,9091,3580,2821,1798,15523,9533,19450,74393,80,11626,8854,6899,200,7595,14354,5283,12428,91,3690,16076,5018,57,219,8861,17779,760,16389,376,273,10183,6,5796,190,73180,147,609,380,94,357,3192,6364,7642,107,882,160,5019,2756,8514,7271,1096,2218,2088,530,90363,5780,14046,15364,4944,79204,8041,957,3162,2221,7376,13847,420,10506,11110,3461,7752,367,7670,12681,5554,2855,1130,6719,512,9952,24295,426,335,9494,5860,23677,2956,2792,7,6232,61234,5211,4006,208,220,1517,2211,4423,98,7872,172,6383,1978
hsa-miR-26b-3p,2,0,1,0,22,5,1,0,3,478,0,0,1,4,47,0,3,1,51,0,4,0,2,6,2,0,1,132,2,428,0,0,104,2,0,0,3,26,0,3,0,5,6,0,0,0,436,0,0,0,0,23,45,117,5,0,0,1,0,0,1,20,2,0,2,0,6,18,95,3,185,7,1,0,1,1,13,0,0,1,0,1,3,7,1,2,0,1,22,0,5,36,23,0,5,106,0,7,0,2,0,0,542,0,20,0,0,2,227,58,0,3,0,2,0
hsa-miR-26b-5p,592,1,197,14,57,3,65,14,0,1013,1,19,10,146,43,32,21,143,139,33,213,0,74,105,7,1,295,139,5,920,0,5,219,149,0,21,195,124,88,292,2,0,4,0,28,0,660,10,11,56,0,40,30,2,216,0,25,0,66,137,114,135,10,128,2,0,551,39,297,10,535,1045,109,77,36,1,77,236,3,147,3,25,7,11,98,175,21,97,5,94,17,139,1185,39,15,201,77,399,55,2,0,47,111,1,53,21,1,0,1,181,8,23,0,305,1
hsa-miR-27a-3p,101,4,164,24,152,9,249,80,15,1643,1,27,414,573,349,164,129,430,640,1213,2631,2,401,511,874,87,423,368,269,323,0,211,613,311,2,1,591,299,44,970,0,4,295,0,240,83,3169,12,35,38,1,52,414,103,764,8,49,13,636,240,110,381,100,359,430,10,2784,189,357,1843,561,1851,341,142,99,2,286,743,33,842,683,114,316,87,221,121,190,61,126,350,14,347,801,35,54,388,176,1112,599,243,0,209,4283,700,204,1,17,292,317,185,6,145,13,160,92
hsa-miR-27a-5p,107,0,23,5,272,41,61,197,8,915,1,1,389,436,196,24,64,559,538,90,768,4,143,522,488,49,97,47,210,128,2,32,144,8,0,16,357,487,40,553,47,0,556,0,18,38,3036,2,1,1,4,34,135,91,384,2,4,1,14,65,300,553,20,34,10,156,3981,118,167,325,459,1362,325,26,51,81,428,307,12,157,9,58,33,4,321,301,298,85,52,27,37,312,299,10,7,189,64,1261,35,314,0,575,4051,26,180,4,1,16,8,421,0,129,1,422,102
hsa-miR-27b-3p,31,1,77,24,56,7,104,21,14,1208,1,20,98,140,180,107,32,112,235,754,988,19,141,128,390,29,161,120,82,125,0,49,199,195,0,1,215,93,28,404,100,2,108,0,62,74,2017,3,26,7,1,26,325,23,322,0,17,2,196,181,91,184,35,164,371,6,752,104,124,2642,486,512,169,123,47,2,153,278,9,789,250,35,79,63,157,30,59,18,40,303,18,129,288,3,38,414,44,315,519,173,0,91,3623,788,339,1,7,241,260,386,5,63,0,134,184
hsa-miR-27b-5p,437,2,77,16,176,5,85,37,6,1141,1,4,158,182,153,105,22,370,304,331,2942,1,224,354,0,2,102,148,24,921,0,567,433,201,4,2,402,666,35,983,0,0,728,0,45,0,4444,27,10,3,0,4,44,4,393,0,8,4,91,1,135,204,241,173,2,0,1599,1162,157,502,13,490,182,100,78,0,164,298,28,4,180,136,204,41,1,68,93,349,367,517,9,244,1989,9,17,399,50,847,305,64,0,119,228,1,88,0,16,139,450,69,0,83,23,257,10
hsa-miR-28-3p,3,25,8,1,59,3,68,81,3,1985,0,0,71,70,78,66,80,4,169,64,378,0,3,139,158,4,56,102,68,329,1,136,13,22,0,0,7,77,0,260,0,0,121,0,0,0,1443,0,12,3,0,0,19,538,87,1,12,0,91,0,119,67,4,3,0,0,1711,17,228,94,16,355,84,37,21,149,54,114,0,319,503,10,49,9,0,75,88,20,53,163,24,57,47,3,0,332,135,565,145,108,0,172,470,0,122,0,0,1,0,114,0,3,19,70,29
hsa-miR-28-5p,3,0,0,0,5,0,16,21,0,70,0,0,19,16,16,0,3,1,56,1,62,1,1,54,48,0,18,25,28,88,0,13,1,1,0,0,0,39,0,86,0,0,36,0,0,0,11,0,0,0,0,0,3,0,1,0,8,0,0,0,31,0,1,0,0,0,460,5,1,24,0,115,17,0,9,48,3,38,0,36,0,0,9,1,129,0,20,14,8,41,3,12,12,2,0,1,49,153,0,13,0,55,141,2,12,0,0,1,0,42,0,10,0,0,0
hsa-miR-2861,3411,28,258,133,537,867,58,174,36,9184,6,6,226,647,1097,195,97,167,868,12755,2052,5,89,109,32190,332,33,181,95,2479,4,6038,33,554,8,67,43,84,219,5726,242,56,89,0,653,57,6078,30,242,20,2,70,279,2625,457,5,10,2,1220,817,2862,856,183,536,1800,21,129,1354,3775,5773,2402,458,22,250,556,2227,217,220,52,9871,884,35,34,45,17272,2470,28,1358,608,4896,294,42,1259,29,430,3223,21,1651,535,719,1,29,964,1133,2113,2,1,162,454,3322,12,151,41,605,1365
hsa-miR-2909,757,17,249,16,484,832,317,427,44,1873,17,18,975,695,250,58,236,1332,677,2005,6029,13,855,595,660,15,700,1052,339,970,2,567,1062,303,10,1,948,978,85,1145,58,2,522,0,641,2,7835,42,32,58,36,52,1069,221,1176,1,80,10,90,458,817,573,83,605,290,19,7267,1251,1056,960,129,6728,258,129,213,156,448,1145,29,799,103,322,325,52,682,607,412,229,99,467,46,998,1846,23,40,928,457,1472,399,214,0,474,4025,810,244,34,6,199,414,451,5,507,17,306,129
hsa-miR-296-3p,3135,0,77,7,401,18,13,58,27,1202,4,19,122,161,453,241,14,238,156,994,597,0,41,29,439,391,127,44,24,698,1,2668,258,179,87,54,156,24,17,121,163,8,18,0,206,89,9117,0,24,4,0,48,174,144,393,0,3,0,474,408,843,320,355,156,14805,80,77,992,2703,3225,638,86,12,226,209,5,56,9,41,2682,1039,14,99,38,2661,1453,5,142,531,2979,53,11,2713,1,50,2392,13,351,69,243,0,17,171,360,530,1,0,354,328,409,11,111,24,914,355
hsa-miR-296-5p,343,5,11,5,121,2,52,3,10,187,1,0,173,262,69,131,10,116,108,298,1334,0,8,306,166,4,33,373,164,323,0,95,91,124,1,0,112,116,26,395,4,4,65,0,19,0,1117,11,48,1,1,21,8,4,269,1,1,0,6,131,8,114,6,6,1138,0,177,79,295,288,679,1234,52,28,260,3,80,46,15,991,81,8,8,2,564,791,20,3,18,618,10,178,104,22,54,1015,68,231,105,2,0,6,94,561,5,0,12,46,63,145,0,5,1,514,142
hsa-miR-297,118,0,5,0,156,1,24,56,3,270,0,2,81,99,162,0,6,62,129,4,505,1,80,137,2,0,22,64,91,762,0,6,70,31,0,0,203,73,17,476,0,1,5,0,14,0,1568,0,0,1,0,2,19,38,157,1,3,0,0,0,38,75,5,0,0,0,1179,27,141,139,5,757,204,0,1,0,48,21,12,94,0,7,49,47,0,34,100,64,10,0,4,2,790,23,0,78,342,780,26,0,0,139,69,0,1,2,32,0,0,23,0,72,0,1,0
hsa-miR-298,0,0,0,0,0,0,0,3,0,3,0,0,1,4,1,16,0,0,2,2,5,0,1,34,0,0,79,2,40,4,0,1,4,32,0,0,1,2,1,3,0,4,0,0,129,0,5,1,21,1,0,13,1,0,1,0,0,0,0,0,42,0,0,0,2,0,112,6,1,1,5,6,2,0,0,0,0,1,0,2,1,1,76,0,60,1,0,0,1,6,0,1,5,2,0,66,18,5,0,0,0,1,14,1,1,0,0,28,0,2,0,1,11,0,0
hsa-miR-299-3p,662,1,3,0,132,5,4,19,1,104,1,0,45,4,0,20,9,50,41,976,380,0,2,28,2,26,27,144,6,13,0,34,17,0,1,0,11,3,3,105,0,0,55,0,1,0,601,0,17,0,0,9,15,2,12,0,0,0,53,1,88,34,5,2,435,0,805,16,163,360,45,203,2,29,1,2,1,1,7,86,86,1354,49,1,187,214,42,0,51,119,8,46,672,2,2,614,0,53,0,1,0,56,422,3,0,1,0,146,187,40,0,2,0,2,47
hsa-miR-299-5p,104,1,4,1,3,1,1,2,1,555,1,1,4,164,54,3,67,5,95,2,19,1,5,227,50,35,4,159,8,6,0,2,53,0,0,0,83,14,27,39,1,0,138,0,1,0,25,0,1,0,0,0,14,2,11,0,1,0,3,30,11,31,8,0,55,0,267,23,82,32,21,176,45,1,1,0,10,5,0,1,4,1292,3,0,144,33,45,0,28,3,11,16,1671,1,1,345,16,141,2,1,0,10,62,0,0,0,0,51,80,45,0,46,0,0,37
hsa-miR-29a-3p,8,0,4,1,0,1,1,64,0,233,0,0,4,196,25,2,2,4,72,2,17,0,169,290,144,0,4,73,5,2,1,0,133,2,1,0,3,4,14,4,0,0,115,0,0,0,252,0,1,1,0,0,7,0,3,0,2,0,1,0,0,2,4,1,1,0,907,17,55,2,0,15,4,0,1,0,47,56,0,2,0,0,3,0,263,2,75,1,15,126,0,21,44,3,0,251,27,490,0,0,0,72,33,0,120,1,1,0,24,0,0,17,1,131,0
hsa-miR-29a-5p,3,5,4,0,0,4,6,1,4,132,0,0,81,0,14,1,7,3,37,7,162,0,46,1,2,230,2,1,26,86,0,2,124,0,0,0,11,4,0,95,0,0,0,0,0,8,974,3,0,0,0,0,4,3,2,0,3,0,0,0,39,2,2,3,2,0,87,9,115,2,6,1162,2,5,0,0,11,71,0,1,1,18,1,2,0,14,2,0,21,0,10,27,16,0,4,78,1,2,0,3,0,37,257,0,0,0,1,0,0,65,1,13,0,0,29
hsa-miR-29b-1-5p,177,0,70,0,19,4,3,1,3,181,0,0,263,11,33,42,1,143,2,543,12,0,25,30,30,3,96,8,10,14,1,51,13,20,12,0,9,65,0,39,0,0,7,0,0,0,515,3,4,59,0,25,21,2,5,0,0,0,69,0,0,9,2,2,1,0,9,41,35,667,101,6,12,0,49,149,88,4,0,394,1,1,92,0,125,178,0,52,12,160,0,78,68,4,6,81,6,80,112,0,0,2,2461,1,0,0,0,0,0,1,0,0,0,2,12
hsa-miR-29b-2-5p,124,1,1,0,94,609,12,62,15,186,0,1,31,107,150,0,2,124,87,5,1518,0,5,235,345,5,154,0,104,659,0,62,10,44,0,1,323,196,30,501,0,0,10,0,124,0,461,0,9,6,0,18,517,201,3,0,1,0,265,3,0,174,91,1,2,0,23,38,49,2,17,493,29,44,196,0,32,2,11,299,18,4,6,26,325,29,47,0,62,0,3,3,189,11,0,206,25,403,129,244,0,133,966,1,1,0,0,6,104,72,0,2,0,1,48
hsa-miR-29b-3p,29,0,2,0,1,3,3,2,0,7,1,0,6,2,13,3,2,2,3,6,266,0,1,0,3,0,2,4,1,14,0,0,5,42,0,0,5,52,12,19,0,0,3,0,0,0,33,0,15,0,0,0,6,2,3,0,1,1,8,2,1,14,4,14,5,0,20,45,21,3,9,16,1,15,4,1,19,2,0,13,1,57,46,0,2,6,37,1,3,2,1,33,27,1,1,103,2,6,3,1,1,1,27,2,41,0,0,5,1,8,0,0,0,0,4
hsa-miR-29c-3p,1,0,0,0,1,0,0,0,0,2,0,0,0,1,13,0,1,0,1,0,0,0,0,1,0,0,0,0,1,1,0,0,4,47,0,0,0,55,24,30,0,0,27,0,0,0,2,0,25,0,0,3,2,0,1,0,0,0,2,0,0,0,0,0,0,0,2,4,0,1,0,3,2,0,0,0,0,1,0,0,0,70,1,0,70,4,0,0,0,0,0,30,9,1,0,17,19,147,0,0,0,1,9,0,0,0,0,0,0,0,0,0,0,0,0
hsa-miR-29c-5p,5,0,3,1,1,4,4,15,3,340,0,0,297,5,43,59,6,53,124,571,23,0,4,6,5,1,6,1,5,7,0,11,2,1,0,0,160,4,18,4,0,0,133,0,178,0,1613,0,0,13,0,9,8,2,13,0,29,0,1,0,1,101,0,244,1,0,772,15,237,6,1206,451,4,1,1,0,3,1,0,123,15,4,3,0,2,2,2,83,4,1,0,30,22,0,0,112,4,13,1,0,0,2,27,268,0,0,0,5,0,0,0,4,0,1,20
hsa-miR-300,270,0,2,5,0,2,0,0,0,454,31,0,2,105,23,0,1,14,1,2,595,0,1,3,1,0,0,1,2,4,0,1,0,93,0,0,3,22,0,4,0,0,1,0,203,20,57,1,0,0,0,0,5,1,1,0,0,76,1,0,1,0,0,1,13,0,13,50,372,235,10,5,2,0,0,0,4,1,0,140,2,8,0,0,6,1,9,90,2,69,0,1,15,1,0,283,0,86,0,0,0,8,31,1,0,0,4,1,7,1,0,3,0,0,55
hsa-miR-301a-3p,11,0,1,0,7,1,69,2,0,39,0,0,153,1,22,2,1,2,1,307,556,1,9,1,5,1,41,0,116,169,1,3,0,100,0,0,7,36,3,7,0,1,4,0,0,1,247,5,5,1,0,8,3,1,8,0,2,0,65,1,23,6,3,5,2,1,15,8,13,0,9,11,3,0,1,0,0,0,1,0,21,32,2,0,2,498,0,0,5,90,2,34,12,0,1,154,10,2,2,0,0,0,17,0,1,0,0,0,1,72,0,1,0,0,3
hsa-miR-301a-5p,6,0,18,0,11,1,5,3,24,7,0,0,12,7,16,2,2,52,93,5,849,3,15,62,3,121,10,249,4,410,0,11,208,1,0,0,25,136,23,193,0,0,7,0,274,0,1722,1,1,0,0,3,10,1,7,0,7,0,0,0,14,7,6,1,2,0,566,33,22,120,10,49,5,0,32,1,57,96,1,6,22,7,49,0,41,2,19,0,5,3,1,65,88,2,0,153,123,162,1,37,0,131,1292,0,4,0,0,0,10,1,0,15,0,2,23
hsa-miR-301b-3p,120,0,0,0,9,1,0,3,0,45,0,0,36,2,15,38,1,0,0,67,7,2,0,1,1,2,50,0,1,193,0,19,0,15,0,0,3,0,3,2,0,2,0,0,0,0,242,6,5,0,0,15,1,0,1,0,0,0,68,0,26,0,1,0,83,0,151,2,10,5,9,2,1,1,0,0,1,102,2,0,8,35,0,1,0,488,0,0,2,89,1,3,7,0,0,11,1,3,1,0,0,14,11,0,1,0,0,0,0,10,0,1,0,0,0
hsa-miR-301b-5p,155,0,1,0,111,5,3,1,1,219,0,0,2,54,9,0,3,16,111,229,253,0,0,155,105,6,42,2,2,9,0,1,20,30,0,0,3,0,20,154,0,0,2,0,1,0,227,0,0,1,0,2,45,0,8,0,0,0,1,0,4,3,0,5,0,0,8,8,78,0,17,633,1,12,0,2,51,1,0,248,1,1,50,1,0,1396,1,0,27,0,1,20,24,0,1,100,0,4,37,0,0,1,20,0,4,0,0,2,105,19,1,36,0,2,0
hsa-miR-302a-3p,0,0,0,0,1,1,1,0,0,1,0,0,0,2,0,0,0,1,0,0,0,1,0,0,1,1,7,0,0,2,0,2,0,7,0,0,0,1,3,74,0,0,1,0,38,0,2,0,0,0,0,0,2,0,1,0,0,0,0,0,107,0,0,0,0,0,0,0,0,0,0,3,1,18,0,0,0,0,0,0,0,0,0,0,0,0,12,1,16,0,0,0,7,0,0,2,0,35,0,146,0,0,4,0,51,0,0,0,0,0,0,0,0,1,0
hsa-miR-302a-5p,1085,0,1,1,1,2,52,3,0,6,1,16,0,59,4,3,3,3,2,5,12,0,2,0,518,5,3,1,0,775,0,4,0,98,77,0,112,2,13,10,1,0,0,0,0,0,352,0,0,0,0,21,3,4,8,0,5,0,205,2,32,56,1,303,119,13,1027,4,277,111,13,262,0,44,6,1,7,0,0,2,1,1,1,0,1,308,17,49,0,0,1,4,10,0,0,503,1,64,5,57,0,2,12,0,2,0,0,1,30,32,0,0,0,1,0
hsa-miR-302b-3p,0,0,0,0,1,0,0,0,0,2,0,0,0,0,0,0,0,3,0,1,0,0,0,1,0,0,0,1,0,0,0,0,0,0,0,0,1,18,2,0,0,0,0,0,0,0,2,0,0,0,0,0,4,0,0,0,0,0,0,0,0,0,1,0,0,0,0,0,0,0,0,1,0,0,0,0,0,0,0,0,1,0,0,0,0,2,0,1,0,0,0,1,4,0,0,1,0,76,0,0,0,0,2,0,0,0,0,0,0,0,0,1,0,0,0
hsa-miR-302b-5p,396,1,3,0,1,0,26,2,0,5,0,0,70,2,0,0,2,3,0,93,7,0,49,40,1,2,40,34,0,7,1,3,7,0,0,0,184,60,9,7,0,0,2,0,0,0,19,0,0,0,0,10,3,0,2,0,0,0,2,0,0,67,0,0,335,0,12,7,1,0,3,8,16,0,189,1,2,13,12,153,2,8,1,1,281,0,0,14,33,76,0,7,14,0,0,112,0,5,1,0,0,31,11,0,0,0,0,0,1,1,0,20,1,0,8
hsa-miR-302c-3p,1,0,1,0,0,0,0,4,0,1,0,0,2,25,0,0,0,1,0,0,9,0,0,1,0,0,0,1,0,0,0,0,2,57,0,0,2,130,3,14,0,0,2,1,0,0,50,0,10,50,0,216,2,0,2,0,0,0,0,0,2,1,0,0,0,1,2,3,43,0,3,2,108,0,2,40,2,1,12,1,0,1,69,0,0,1,20,30,2,1,0,12,18,0,0,32,1,0,0,157,0,0,11,1,0,0,0,0,0,0,0,0,0,0,2
hsa-miR-302c-5p,335,2,0,1,268,0,2,67,13,416,0,0,34,92,97,40,62,143,0,3,22,0,3,3,156,3,75,3,2,330,0,62,6,0,0,0,5,4,16,233,107,11,2,0,0,0,912,0,20,0,0,1,6,3,7,0,20,0,84,82,295,9,2,3,630,0,144,4,141,276,14,28,0,0,1,0,14,2,0,571,0,6,0,0,200,240,0,43,1,157,11,7,10,0,1,444,0,43,1,0,0,3,14,1,1,0,1,2,0,140,0,1,0,4,43
hsa-miR-302d-3p,278,2,0,0,1,0,6,0,0,806,0,0,4,0,0,1,0,2,0,409,1,0,0,1,0,2,1,0,0,14,0,1,0,9,0,0,3,0,7,271,0,0,2,0,1,0,9,0,0,0,0,2,1,0,2,0,0,0,0,59,46,0,0,2,2,0,4,0,23,326,6,482,0,0,0,0,0,1,1,2,0,1,19,0,79,4,6,7,0,140,0,0,1,0,6,59,0,1,7,9,1,45,6,1,0,2,0,2,0,13,0,0,0,0,0
hsa-miR-302d-5p,3,0,1,0,0,0,34,37,0,29,0,0,317,1,2,0,0,2,2,82,2,8,47,40,1,0,18,0,2,3,0,147,3,0,0,0,2,46,3,1,0,0,3,0,1,0,10,0,9,0,0,0,3,0,2,0,0,0,0,0,0,1,0,1,0,0,134,4,0,2,45,4,16,26,0,1,24,14,4,2,0,5,2,0,49,29,1,67,25,70,0,11,15,0,1,21,1,2,0,0,0,13,19,0,0,0,0,0,0,0,1,0,0,0,0
hsa-miR-302e,0,0,0,0,0,0,0,0,0,0,0,0,0,0,0,0,0,0,0,0,0,0,0,0,0,0,0,0,0,0,0,1,0,0,0,0,1,0,0,1,0,0,0,0,0,0,3,0,0,0,0,0,0,0,1,0,0,0,0,0,0,0,0,1,0,0,1,0,0,0,0,3,0,0,0,0,0,0,0,0,0,0,0,0,0,3,7,0,0,0,0,0,0,0,0,37,0,0,0,0,0,0,0,0,0,0,0,0,0,0,0,0,0,1,0
hsa-miR-302f,1,0,0,0,0,0,0,0,2,1,0,0,1,0,0,0,0,2,28,1,3,2,2,2,0,0,34,3,0,1,0,0,2,1,0,0,0,5,2,121,0,0,0,0,0,0,3,0,2,0,0,0,1,0,124,0,14,0,0,48,0,0,87,1,0,0,3,5,1,1,1,2,2,0,0,0,0,2,5,0,0,0,46,0,0,32,0,37,1,60,0,26,522,0,6,28,15,68,0,0,0,0,26,106,2,0,0,0,0,0,0,0,0,0,25
hsa-miR-3059-3p,3,0,1,1,1,1,0,39,1,6,0,0,3,17,5,2,1,1,28,9,584,0,0,4,2,2,8,3,47,8,0,1,2,30,0,0,3,72,0,239,0,2,2,0,5,0,555,12,0,1,0,11,1,0,121,0,10,0,3,74,10,3,1,2,41,0,21,3,151,339,4,72,1,1,0,3,31,2,1,3,0,0,62,0,88,2,8,0,0,222,0,65,16,9,10,164,0,10,307,1,0,1,17,0,3,2,0,1,149,3,0,2,0,244,22
hsa-miR-3059-5p,4,0,77,0,106,4,80,47,4,172,0,0,42,122,39,0,7,27,30,0,305,0,63,5,109,0,103,16,78,104,0,1,9,33,0,0,48,96,0,8,0,0,4,0,59,0,787,4,1,12,0,1,60,0,1,0,1,0,1,0,123,11,7,29,52,0,331,42,144,3,7,284,25,28,0,0,25,2,4,260,0,31,116,0,66,231,27,0,1,210,1,61,57,0,0,211,11,255,0,0,0,23,370,95,79,34,21,1,1,17,0,0,7,1,11
hsa-miR-3064-3p,587,6,25,1,207,4,212,271,30,1221,0,3,617,275,220,136,142,104,483,1034,3444,3,494,279,1056,12,378,534,35,995,1,428,584,141,0,39,225,752,18,778,1,4,407,0,8,0,2464,1,39,50,0,137,155,36,290,0,32,34,62,205,414,70,22,98,247,0,6878,123,481,1240,147,2659,187,196,140,4,301,95,25,2,44,452,237,1,189,449,205,101,87,747,14,484,1964,12,9,849,246,763,206,55,0,269,2689,2,2,2,2,67,307,83,5,12,4,500,21
hsa-miR-3064-5p,468,0,8,25,68,5,85,96,2,328,0,1,27,38,20,34,9,14,155,19,65,1,6,7,191,5,44,80,41,406,1,136,8,3,1,0,193,168,5,16,2,0,103,0,54,0,2030,3,1,1,0,37,24,150,23,0,3,0,4,3,175,252,0,11,417,1,1010,30,375,1057,21,661,5,0,9,104,57,33,13,6,4,16,52,1,139,87,30,15,46,78,9,79,61,0,7,268,56,217,21,177,0,24,480,316,49,2,12,0,79,133,3,51,0,27,2
hsa-miR-3065-3p,640,3,0,0,81,3,2,24,1,118,52,0,2,23,18,2,70,5,52,721,13,0,1,1,1,3,4,2,1,127,0,0,0,0,2,0,2,0,7,590,1,0,1,0,0,0,934,5,30,0,0,16,4,2,5,0,0,0,2,0,125,1,1,3,88,0,11,278,326,0,18,13,0,1,65,1,62,4,8,62,7,0,1,1,3,79,0,0,14,0,11,3,11,0,0,306,1,5,64,150,0,8,14,0,44,34,1,2,1,44,0,8,0,2,2
hsa-miR-3065-5p,3,2,2,0,0,1,31,49,1,0,0,0,2,1,1,0,1,0,1,1,7,1,42,1,1,1,3,0,0,46,0,21,70,1,2,0,4,1,1,151,1,0,3,0,1,0,283,8,0,0,0,3,1,1,0,1,0,0,0,0,0,2,0,0,0,0,447,12,90,0,2,10,16,0,0,0,1,0,6,98,1,0,38,1,28,0,18,0,5,0,0,11,9,0,0,50,0,6,1,0,0,0,9,1,0,0,0,12,0,0,1,1,0,0,0
hsa-miR-3074-3p,9,4,23,0,2,1,3,3,1,2,0,0,2,49,5,15,0,5,19,2,22,0,17,1,1,0,5,4,29,71,0,21,3,0,0,0,10,61,0,0,0,0,41,0,0,0,1016,0,0,0,0,5,1,18,200,0,1,0,1,1,8,7,1,0,1,0,258,6,53,2,4,281,16,0,1,2,4,2,0,77,31,2,1,0,2,3,0,1,3,0,0,7,6,0,0,22,1,6,0,0,0,26,20,1,0,0,0,0,0,1,0,13,1,1,0
hsa-miR-3074-5p,131,0,0,0,1,0,1,5,2,254,0,0,2,3,0,0,2,0,1,0,127,0,2,4,0,1,0,0,1,5,0,36,1,0,0,0,4,3,0,126,0,0,1,0,0,0,253,0,21,0,0,0,4,0,1,0,1,0,0,2,93,1,0,1,10,0,10,4,3,1,2,218,2,0,20,0,2,127,6,90,7,0,0,0,0,0,15,0,19,5,2,1,6,2,1,79,1,65,0,1,0,34,13,0,0,0,0,0,1,21,1,2,0,0,30
hsa-miR-3085-3p,249,0,5,7,143,2,2,2,2,382,0,40,86,25,2,40,4,90,1,132,623,0,155,4,2,3,5,1,50,21,0,116,2,21,1,1,2,103,3,17,0,15,2,0,18,0,708,0,21,0,0,29,180,3,2,1,0,0,11,68,113,30,2,8,435,0,13,53,316,473,6,458,89,1,1,191,5,104,8,199,213,2,2,31,306,135,18,0,15,199,24,4,33,16,12,582,34,1,165,1,0,33,40,141,194,0,0,66,2,253,2,1,0,3,43
hsa-miR-3085-5p,846,0,4,0,2,1,12,3,0,223,0,0,234,25,99,9,1,110,2,157,839,0,1,168,77,2,27,75,104,177,0,31,9,4,0,0,7,2,1,75,0,0,2,0,68,0,26,0,0,0,0,5,4,2,127,0,11,0,1,1,26,57,4,2,6,30,169,10,31,70,12,482,7,0,3,0,2,42,0,1931,2,2,8,0,0,55,17,0,1,168,1,8,265,0,0,225,15,336,2,0,0,34,41,0,144,0,0,0,1,17,0,53,0,1,7
hsa-miR-30a-3p,531,1,0,0,0,0,2,14,0,194,0,0,0,44,0,16,0,33,46,0,279,1,1,71,0,0,22,3,0,7,0,6,0,180,0,39,4,40,5,160,0,3,2,0,13,0,262,0,0,0,0,20,8,0,5,0,0,0,2,0,57,5,0,71,0,0,4,11,278,107,6,142,0,5,6,1,0,1,0,220,1,0,29,0,53,93,5,0,6,1,0,17,28,11,2,231,0,105,0,0,0,73,298,93,1,0,0,36,28,0,0,55,0,62,20
hsa-miR-30a-5p,95,0,0,0,0,2,29,2,0,946,1,0,4,162,1,53,1,5,0,3,9,0,1,1,27,78,75,3,1,24,0,11,1,82,0,0,7,2,8,21,1,107,6,0,0,0,22,0,0,0,0,10,3,2,5,0,0,0,9,486,752,520,0,378,159,88,13,5,841,259,102,5,0,0,8,0,4,53,1,2,81,1,1,0,339,2,0,0,3,0,2,45,14,0,0,342,1,5,0,161,0,22,15,2,3,0,0,0,366,137,12,2,0,921,1
hsa-miR-30b-3p,33,0,2,2,1,3,3,2,0,5,0,0,1,10,2,5,1,14,1,4,126,0,1,127,3,0,64,4,4,8,0,213,6,1,0,0,21,6,23,10,0,1,120,0,2,0,187,0,0,0,0,1,5,82,5,0,0,1,3,3,156,76,1,4,381,25,58,26,3,7,6,18,25,2,94,1,0,6,3,345,7,23,1,0,0,72,0,25,42,90,3,2,21,0,4,157,1,94,0,0,0,5,35,296,0,0,0,1,1,1,0,6,0,1,1
hsa-miR-30b-5p,7,1,1,0,1,1,2,0,0,933,1,0,4,37,0,157,0,1,2,1,3,0,2,5,4,1,106,0,1,5,0,40,2,141,0,0,1,6,210,12,0,0,5,0,0,0,4,0,0,0,0,14,1,0,3,0,1,0,1,0,381,91,1,90,1,41,230,7,271,3,11,12,2,0,13,0,75,4,41,3,403,0,25,0,0,3,19,18,6,0,0,8,18,1,6,246,0,87,0,0,0,23,16,449,1,0,0,26,43,1,16,0,1,936,88
hsa-miR-30c-1-3p,11,0,82,9,81,0,111,157,9,1187,0,37,356,229,226,1,89,401,183,269,1982,7,182,706,353,7,97,708,51,1147,0,119,437,81,1,1,126,510,2,353,0,1,154,0,778,0,2164,2,25,0,0,39,308,131,564,0,46,4,307,33,34,162,24,107,966,0,3637,705,210,2568,246,1269,176,73,5,1,146,288,52,284,204,17,207,69,541,122,179,115,148,0,5,291,289,42,16,397,140,1652,39,2,0,77,4163,70,140,0,0,369,102,47,1,313,16,264,81
hsa-miR-30c-2-3p,4,0,1,0,0,0,2,1,1,1,0,0,135,0,0,0,65,0,1,1,14,0,1,3,0,0,0,0,1,2,0,1,0,0,0,0,3,0,0,4,0,0,1,0,0,0,735,1,1,3,0,48,2,0,2,0,0,0,115,0,129,13,0,0,0,0,254,1,21,14,6,8,0,0,1,1,37,1,0,105,2,3,3,0,9,12,0,16,1,138,9,2,181,0,0,228,0,1,89,0,0,3,10,0,9,0,0,0,1,75,0,0,1,0,30
hsa-miR-30c-5p,1,0,0,0,0,0,0,1,0,81,0,0,1,90,0,61,0,65,1,0,8,0,1,1,0,1,1,1,3,736,0,39,0,134,0,0,2,2,2,6,0,0,0,0,0,0,10,0,0,0,0,7,3,3,4,0,0,0,1,1,59,4,3,83,0,0,539,7,129,2,5,215,0,0,5,2,1,1,0,1,2,2,0,0,0,0,30,15,0,0,0,15,7,0,7,30,1,1,1,0,0,32,11,1,0,0,0,20,0,1,0,35,0,0,0
hsa-miR-30d-3p,36,0,2,2,0,1,1,58,0,384,0,0,78,1,14,72,2,0,47,672,5,0,3,1,175,2,1,0,1,9,0,0,0,143,0,0,2,3,0,4,0,0,60,0,0,0,263,0,19,0,0,10,0,0,3,0,0,0,1,0,2,3,0,1,0,0,441,2,44,0,5,12,1,1,32,0,43,5,4,1,0,0,1,15,3,22,27,0,22,1,1,26,11,0,0,287,0,3,3,0,0,2,16,0,23,0,0,34,0,30,2,44,0,0,0
hsa-miR-30d-5p,351,7,1184,61,546,42,543,702,133,1643,3,2,2785,1590,392,845,525,635,2707,2469,10736,40,836,2018,1333,2293,449,1834,1240,1156,81,283,1553,701,22,39,768,1148,98,1497,1,42,1771,1,1587,2,7601,158,108,11,2,124,2798,1242,1842,22,85,40,514,229,167,958,344,758,531,28,14170,848,1452,4423,1836,16342,849,192,851,509,378,4753,114,2242,1486,895,776,80,771,2771,1474,950,700,771,107,4999,10757,69,99,621,1684,6384,414,1255,1,414,39910,300,759,14,113,2714,845,477,3,772,4,1072,342
hsa-miR-30e-3p,1,0,4,0,0,1,2,13,0,87,0,0,4,27,0,26,2,32,26,4,289,2,1,58,3,4,20,4,0,4,0,34,1,1,0,0,0,39,0,7,0,5,2,0,1,0,613,0,0,0,0,10,4,1,2,0,2,0,4,0,35,97,1,2,0,1,12,8,1,2,4,141,77,0,13,3,0,1,0,1,404,0,30,1,29,249,6,145,13,301,6,22,28,0,5,35,43,190,0,1,0,52,318,1,0,1,0,33,0,0,0,17,0,1,154
hsa-miR-30e-5p,6,0,0,2,134,2,0,1,0,790,0,0,0,0,1,1,0,0,21,6,6,1,1,5,1,3,3,3,1,17,0,25,71,121,0,0,1,2,6,9,0,4,2,0,0,0,13,0,31,0,0,31,2,56,2,0,0,0,10,1,6,9,2,94,128,0,10,57,777,617,12,6,2,15,106,0,32,116,14,198,1,0,4,1,17,184,24,68,34,224,1,0,16,0,0,193,41,6,2,202,0,0,17,1,3,0,0,1,327,15,0,1,0,0,78
hsa-miR-31-3p,1,0,6,0,0,1,20,1,1,50,0,0,0,0,0,0,3,1,0,0,13,0,102,7,1,0,50,1,0,3,0,0,0,0,0,0,2,0,0,7,0,0,2,0,0,0,631,0,0,0,0,0,3,0,2,0,0,0,1,0,0,1,1,0,0,0,13,2,0,3,181,410,0,0,0,0,1,1,0,182,0,1,1,0,0,2,29,0,14,1,0,5,4,0,9,115,8,0,1,0,0,1,5,0,1,0,0,0,0,0,0,0,0,190,0
hsa-miR-31-5p,5,2,27,21,2,1,1,31,0,75,0,0,19,5,18,47,3,10,68,147,14,0,8,17,237,1,5,7,2,665,0,5,25,103,0,59,5,56,22,14,0,3,3,0,162,0,1382,0,1,1,46,9,15,0,8,1,1,0,0,0,193,58,5,164,0,1,10,303,286,124,13,15,2,0,165,1,10,3,1,131,28,2,7,0,0,119,3,0,40,89,7,3,1623,27,0,712,2,149,0,182,0,23,429,1,3,0,0,0,130,158,0,50,0,198,95
hsa-miR-3115,1,0,1,0,2,0,2,1,0,0,0,0,126,79,0,13,0,6,3,3,2,0,5,3,1,0,0,3,2,7,0,0,11,0,3,0,1,3,8,214,0,0,3,0,0,0,10,0,0,0,0,0,2,0,100,0,0,0,0,0,0,0,4,0,194,0,227,19,54,377,2,3,1,45,0,0,1,3,0,2,100,1,1,0,0,0,0,0,0,0,0,38,25,0,0,41,0,6,0,0,0,12,1239,1,0,0,0,0,0,0,0,0,0,1,0
hsa-miR-3116,385,0,2,0,0,2,0,1,1,44,0,0,1,37,39,20,0,3,1,70,11,0,3,1,1,3,31,1,0,6,0,58,4,13,0,0,2,1,0,0,0,3,0,0,289,0,136,0,0,0,0,3,51,0,5,0,0,0,0,0,53,0,0,0,45,0,535,4,179,1,10,128,1,0,0,2,0,0,0,0,0,3,1,9,0,93,13,1,35,0,3,3,17,5,1,279,0,254,1,0,0,0,13,0,0,12,0,3,9,0,0,14,0,1,0
hsa-miR-3117-3p,0,121,1,0,0,1,0,1,0,1,0,0,1,3,1,0,0,2,3,6,9,0,22,29,2,0,0,139,0,2,0,0,5,0,0,0,1,122,0,1,1,0,2,2,0,0,9,0,3,0,0,30,4,0,0,0,0,0,0,0,145,1,0,0,1,0,12,4,47,4,1,7,1,0,1,0,0,1,0,1,1,1,0,0,2,2,0,0,0,0,0,1,15,0,0,16,0,3,0,1,0,1,9,1,0,0,0,0,0,0,0,0,0,0,0
hsa-miR-3117-5p,3,0,0,0,0,0,1,3,0,1,0,0,1,3,0,1,1,97,29,0,1,0,3,1,2,0,3,106,2,3,0,0,0,0,1,0,0,0,0,205,0,0,99,0,1,0,8,0,1,0,1,0,3,1,3,0,1,0,0,0,0,0,0,0,1,0,244,3,128,2,0,4,1,1,1,0,0,0,1,0,0,0,0,0,0,0,0,0,0,1,0,0,12,0,0,20,0,4,0,0,0,0,13,0,0,0,1,0,0,0,0,0,0,0,0
hsa-miR-3118,3,2,10,1,114,2,86,6,0,4,0,0,400,202,166,0,10,234,104,523,1019,8,223,9,4,1,282,1,9,11,0,85,97,0,0,0,19,234,69,8,0,1,3,0,0,0,496,0,13,0,0,1,17,2,4,0,24,0,175,0,1,3,8,0,731,0,1402,31,108,1,3,1616,1,51,91,1,227,86,0,571,2,281,215,215,0,94,116,0,98,197,0,179,59,4,11,84,121,430,110,0,0,58,74,295,1,1,1,97,1,0,0,164,40,3,0
hsa-miR-3119,8,0,5,6,9,1,3,28,0,6,0,1,127,60,49,24,34,3,8,5,480,1,59,127,0,3,2,4,1,11,0,58,65,0,0,0,5,125,0,6,0,0,2,0,1,0,136,13,0,0,0,0,154,0,6,0,1,0,0,117,0,2,5,0,0,0,67,8,73,2,4,414,1,0,0,0,98,3,21,23,32,3,1,1,1,223,21,0,5,1,6,101,33,0,3,68,29,1,10,1,0,57,18,0,0,0,0,0,121,62,0,5,0,0,38
hsa-miR-3120-3p,3,3,0,0,65,0,0,0,0,106,0,0,0,0,11,31,0,0,18,0,4,0,0,1,64,1,2,0,0,0,0,1,0,0,0,23,0,0,1,2,0,0,1,0,0,0,11,0,0,1,0,0,0,33,1,0,0,0,0,0,0,0,1,0,0,0,1,1,42,18,3,1,0,1,0,0,0,1,1,0,0,24,0,0,0,0,6,0,0,0,0,0,2,0,0,63,1,0,0,0,0,0,3,1,0,0,0,0,0,0,0,1,0,0,1
hsa-miR-3120-5p,0,0,0,0,0,0,0,0,0,0,0,0,1,1,26,12,0,108,65,0,81,0,3,1,0,1,0,0,0,5,0,33,153,0,0,0,2,0,1,235,0,0,1,0,278,0,144,0,0,0,0,0,52,1,1,0,0,0,0,0,1,0,5,0,16,0,9,8,22,125,142,0,25,0,6,0,1,155,12,228,0,5,1,1,75,6,54,1,10,1,2,0,14,2,9,98,0,10,0,0,0,0,12,0,0,0,0,0,1,21,0,0,0,33,71
hsa-miR-3121-3p,7,11,2,0,0,1,44,1,3,303,1,0,5,1,1,23,10,2,0,3,18,0,0,0,0,2,20,111,79,13,0,2,71,0,1,0,8,4,0,75,2,0,0,0,18,0,506,0,15,1,0,0,3,1,3,0,0,0,132,99,1,2,0,2,1,0,567,2,147,152,9,113,0,9,29,1,30,0,0,517,2,2,0,0,1,0,42,0,0,2,0,34,14,1,1,175,0,114,197,0,0,20,13,1,93,0,1,2,1,1,0,1,0,1,1
hsa-miR-3121-5p,249,1,36,4,127,1,63,61,7,283,0,3,110,57,19,1,11,147,178,15,560,2,89,135,258,4,118,161,48,31,0,79,201,88,2,0,189,149,32,162,0,0,98,0,5,0,2915,10,10,0,1,14,17,1,254,16,11,1,1,115,2,259,9,51,2,66,900,419,84,1533,210,823,35,26,197,0,96,34,0,229,102,9,4,3,314,95,54,35,31,51,17,155,99,9,0,73,40,724,57,42,0,9,1608,517,66,1,15,3,0,85,0,57,0,122,28
hsa-miR-3122,63,0,5,0,0,1,0,42,5,1,0,2,3,11,12,0,4,2,11,741,32,0,57,3,94,5,13,208,5,134,0,5,6,0,1,0,5,25,1,8,0,5,33,0,0,23,3347,0,3,0,0,4,12,1,2,0,4,0,1,107,30,1,2,1,1,0,583,9,193,2,59,30,12,0,24,0,15,62,0,114,1,57,13,1,239,218,2,0,76,1,9,4,46,1,2,590,2,233,0,154,0,2,715,0,104,1,1,75,0,94,0,2,0,2,28
hsa-miR-3123,6,0,8,1,0,0,1,4,2,4,0,0,4,2,0,3,8,2,1,466,606,1,1,2,2,0,6,2,1,134,0,5,1,2,0,0,6,52,0,13,0,0,1,0,2,0,2550,0,0,0,0,1,7,49,206,0,0,0,2,1,5,23,2,4,0,0,170,6,6,5,13,28,54,0,2,1,1,177,0,2,2,7,99,0,33,1,1,1,2,1,0,19,21,0,4,11,3,129,53,1,0,8,21,0,3,1,47,0,0,4,0,4,0,161,4
hsa-miR-3124-3p,102,0,41,0,2,2,1,41,2,70,0,0,46,0,0,22,4,58,25,4,233,0,1,52,0,1,9,84,26,44,0,0,36,0,0,1,4,0,12,22,1,3,1,0,2,0,2156,11,9,0,0,9,85,2,201,0,0,0,76,30,54,1,1,101,4456,2,7,14,66,469,267,174,3,1,1,0,3,53,17,5,1416,2,2,0,1059,13,10,0,1,871,0,30,20,0,17,129,35,73,6,47,0,45,449,1,1,0,0,2,26,1,0,11,1,5,61
hsa-miR-3124-5p,142,1,4,28,129,1,1,32,0,747,0,5,6,32,141,55,18,50,157,50,117,1,197,2,98,5,2,6,38,65,0,54,6,66,3,0,96,3,19,1227,0,1,43,0,329,0,516,20,5,0,0,18,186,46,4,0,0,0,95,168,4,87,315,1,5704,0,191,21,254,99,16,20,8,1,1,1,58,3,7,119,2,1,54,35,318,262,37,1,113,43,8,23,37,8,2,380,2,166,40,121,0,19,51,19,29,0,5,145,4,138,0,56,0,143,94
hsa-miR-3125,10,12,4,12,6,0,16,12,2,64,0,1,34,155,5,1,4,59,66,16,36,0,8,6,2,6,10,5,2,589,2,10,8,5,0,0,106,2,2,9,0,2,7,0,9,0,1163,0,0,0,0,16,11,2,8,0,0,0,374,1,192,69,3,1,53,0,50,11,183,217,255,297,17,1,41,1,47,3,0,52,0,8,6,1,59,263,6,18,0,3,6,9,34,0,12,221,2,41,26,0,0,11,76,55,3,0,0,0,20,55,1,16,4,39,1
hsa-miR-3126-3p,220,6,1,0,114,2,8,39,1,438,0,1,1,1,101,90,4,35,63,47,521,0,131,40,3,2,1,5,48,13,0,60,65,1,2,0,7,2,9,448,0,0,3,0,2,0,266,0,18,0,0,11,620,2,6,0,0,0,211,136,11,60,3,1,408,0,92,15,144,110,9,14,3,0,1,0,57,118,18,437,14,0,136,0,315,37,44,0,25,33,7,62,52,0,7,325,2,8,0,63,0,0,40,60,89,0,0,1,2,23,0,80,0,3,62
hsa-miR-3126-5p,1457,1,48,3,18,2,36,3,0,98,0,0,12,268,22,11,3,60,23,291,33,0,42,83,241,5,7,8,29,13,1,13,58,41,1,67,8,37,11,83,0,0,136,0,29,0,876,3,0,0,0,20,302,1,37,1,2,0,12,125,1,29,7,2,150,0,536,18,182,113,46,496,12,1,1,1,5,5,0,208,39,135,17,0,1,68,0,58,3,0,8,58,294,0,0,1083,24,43,0,2,0,1,334,0,2,0,0,0,1,46,4,44,0,1,75
hsa-miR-3127-3p,2517,17,14,4,41,8,71,44,11,1828,0,5,242,359,116,68,34,183,278,352,842,1,89,265,195,115,90,195,116,361,1,74,220,183,0,0,497,95,25,221,79,7,256,0,185,0,2017,29,27,25,0,41,418,304,626,0,35,26,84,94,630,568,175,256,55,63,1460,231,594,890,599,785,56,28,24,2,82,285,30,493,86,41,22,6,85,149,57,62,32,228,7,187,1736,12,33,703,46,321,305,76,0,34,1552,45,183,2,6,80,117,98,0,26,9,385,20
hsa-miR-3127-5p,253,0,61,1,136,4,27,38,10,1602,0,1,64,312,247,109,86,151,175,490,443,5,147,193,187,12,72,44,39,1224,0,69,83,19,0,0,86,336,22,1004,1,0,69,0,111,0,2035,1,10,2,28,51,83,7,311,0,28,0,1,27,476,52,11,6,319,2,1011,28,507,957,28,744,140,43,4,3,106,131,13,107,6,69,53,11,415,335,42,3,11,116,18,115,79,6,0,759,12,305,73,29,0,56,114,6,59,0,0,22,2,188,1,92,0,92,50
hsa-miR-3128,25,0,4,4,8,1,17,68,1,76,0,13,23,78,22,8,104,14,11,29,110,0,99,40,9,0,18,108,12,64,0,1,66,3,0,0,27,71,1,42,0,0,25,0,22,0,165,2,2,0,1,8,59,6,21,0,11,0,4,58,7,87,2,15,159,13,1602,47,31,6,10,92,63,0,7,3,70,16,1,43,8,6,19,24,7,93,7,3,3,387,2,49,260,0,4,70,7,44,18,186,0,21,1304,18,4,2,8,2,5,9,0,48,2,2,7
hsa-miR-3129-3p,246,5,65,10,449,3,170,173,13,1985,1,2,766,843,344,20,116,648,658,1372,4363,4,457,1120,621,144,591,888,175,1332,0,178,673,201,2,1,241,362,36,1416,63,1,805,0,424,0,6607,6,14,7,0,16,124,48,395,1,46,22,1,10,385,129,33,114,120,0,6654,135,172,742,28,2771,271,79,39,739,186,985,53,279,205,120,204,76,408,629,356,154,59,213,22,406,3027,21,5,152,334,1844,181,156,0,652,2317,475,183,23,31,58,91,211,1,460,2,5,25
hsa-miR-3129-5p,177,3,85,7,453,4,53,99,11,1221,0,1,537,382,197,0,47,345,286,316,2301,6,167,545,673,1559,266,573,68,937,0,83,319,126,1,15,63,435,36,484,0,0,435,0,677,0,3524,5,11,0,0,60,59,59,155,0,16,2,73,3,130,49,15,31,47,0,3567,78,239,353,21,1751,224,6,224,1087,160,635,9,653,47,82,36,15,177,149,195,95,20,167,11,292,1244,13,11,378,152,712,60,92,1,265,1044,155,37,21,4,224,57,92,2,292,1,577,9
hsa-miR-3130-3p,791,1,72,5,15,7,51,80,10,599,1,22,199,243,44,86,83,303,107,351,332,1,66,84,91,5,88,75,41,39,1,47,303,78,0,0,114,102,3,172,58,3,1250,0,65,0,5971,14,14,0,0,38,306,74,34,0,6,2,132,92,291,84,75,20,21,12,341,905,798,224,195,115,118,9,18,90,585,70,30,230,49,17,85,14,171,389,32,1544,33,139,9,149,368,10,8,909,29,96,30,0,0,43,1988,186,192,1,325,3,43,92,2,87,0,32,32
hsa-miR-3130-5p,1313,3,337,27,90,14,188,462,76,1128,2,26,781,460,149,230,197,1567,530,1052,2037,15,360,452,421,13,228,149,266,217,5,228,1918,187,1,0,608,596,20,397,58,1,7442,1,519,0,34154,17,38,2,0,54,1410,284,130,3,42,4,110,160,645,506,398,67,141,76,2230,4838,1239,472,803,589,432,65,95,462,3365,410,32,600,53,42,478,43,359,646,120,9688,81,317,30,859,2031,28,18,1973,116,514,84,0,0,184,6015,353,283,2,2067,12,139,410,2,293,1,75,140
hsa-miR-3131,2350,10,157,14,119,9,79,96,11,208,1,0,13,317,91,158,18,14,66,1422,1357,2,117,25,750,20,24,14,10,349,1,173,24,92,4,56,85,30,54,478,1,15,178,0,56,0,7161,1,19,2,0,105,59,142,16,0,19,0,92,593,1008,118,10,259,590,0,712,36,937,879,512,523,106,59,4,4,226,117,8,975,618,21,3,70,348,874,12,123,130,330,33,257,90,53,29,1556,3,550,130,481,0,62,2178,435,154,1,2,236,157,273,12,70,0,238,77
hsa-miR-3132,4,0,55,3,9,2,64,18,4,18,0,0,9,32,55,2,71,166,89,540,75,0,158,3,123,8,16,95,2,30,0,34,62,114,1,0,336,7,4,20,0,0,10,0,7,0,895,2,7,1,0,0,14,323,21,0,3,0,168,2,362,174,2,3,16,0,967,23,64,16,41,567,75,0,45,2,6,9,0,245,4,10,39,1,165,81,10,2,17,11,1,30,42,1,3,147,63,195,8,162,0,49,439,12,2,1,0,4,109,1,2,106,0,4,3
hsa-miR-3133,2806,25,1526,38,3086,26,1481,1732,230,13575,131,81,3847,2470,3364,108,1084,4563,2563,3414,21967,16,2716,4646,2467,564,2275,2866,1206,6352,92,1026,3909,1575,81,59,1710,3201,338,4871,127,29,1201,0,2813,83,40523,59,203,257,3,243,1639,1102,2004,4,225,111,892,971,3004,1600,616,1051,1807,164,28578,2549,1504,5674,710,28275,1521,575,1525,11,3298,3497,357,4005,587,1111,1582,149,1821,2465,1983,689,466,3494,142,3287,4412,131,50,2918,1436,9410,1431,1474,2,2767,10236,3117,1480,9,194,631,1827,1319,6,1914,164,1901,522
hsa-miR-3134,6,8,6,0,62,2,1,41,0,399,0,0,4,4,0,48,54,1,0,5,247,0,106,5,2,2,3,108,4,319,0,2,37,1,0,0,2,6,0,11,0,13,3,0,0,0,238,0,0,0,0,8,12,2,6,0,0,0,220,0,132,1,6,5,613,0,11,22,6,418,192,11,48,0,0,0,0,46,0,3,0,0,2,1,157,139,0,0,0,1,2,48,51,4,13,175,0,242,2,182,0,1,1337,0,105,0,1,29,9,38,0,2,1,2,46
hsa-miR-3135a,822,1,0,15,32,6,1,2,0,534,0,1,3,33,1,132,2,4,0,6,9,1,3,29,1,6,2,93,2,24,1,69,8,73,0,30,2,69,42,101,1,11,2,0,3,0,378,12,27,0,0,5,25,88,14,1,1,0,303,1,246,50,2,713,1,0,176,11,676,710,155,13,1,57,62,1,36,166,1,678,378,0,0,0,266,242,5,0,120,105,4,5,15,12,15,956,0,72,0,72,0,2,30,0,128,0,0,119,162,60,0,5,0,0,49
hsa-miR-3135b,411,1,4,0,2,25,0,5,0,7,133,0,122,3,29,2,2,140,2,333,14,0,2,77,3,3,45,117,121,314,0,130,182,3,0,0,8,3,29,360,0,0,241,0,133,0,90,0,11,8,3,1,148,81,4,16,7,0,1,2,5,93,4,0,5,0,769,17,200,3,14,432,6,0,1,3,88,124,12,305,94,2,3,0,24,31,41,2,45,1,21,0,47,23,0,165,1,4,282,126,0,2,48,6,169,0,0,0,0,138,0,110,0,169,0
hsa-miR-3136-3p,5,0,22,0,2,1,29,10,0,8,0,0,113,110,1,25,37,6,75,0,211,0,102,1,1,2,4,3,48,186,0,43,7,31,2,0,9,2,14,446,0,0,148,0,4,0,976,36,0,0,0,0,6,1,7,0,5,0,1,2,200,13,3,1,298,0,451,24,24,279,6,456,4,0,0,0,73,56,5,225,194,4,60,0,288,161,0,0,0,388,8,26,23,0,3,175,18,30,0,117,0,64,34,0,1,25,0,1,1,75,2,32,0,3,2
hsa-miR-3136-5p,421,1,21,0,0,1,22,65,3,601,0,0,257,235,53,46,10,5,111,509,121,0,7,7,2,4,81,62,5,25,0,120,11,172,2,1,7,5,16,130,0,0,178,0,11,0,2060,0,10,0,1,17,14,116,9,1,1,0,142,2,156,25,3,1,221,0,269,26,366,1324,13,140,0,52,77,0,47,24,29,497,83,5,23,1,460,58,1,129,49,0,20,66,35,31,23,408,25,362,1,103,0,56,48,464,531,18,0,0,3,78,0,66,0,166,5
hsa-miR-3137,2,2,0,0,50,1,1,1,4,1,0,0,103,0,6,0,7,106,1,1,273,0,28,4,11,1,1,2,1,3,0,1,19,0,0,0,0,2,0,4,0,0,1,0,0,0,10,0,0,0,0,4,4,20,0,0,0,0,0,0,109,6,2,1,1,0,300,8,9,180,1,5,3,0,0,0,2,13,0,109,2,1,13,0,1,0,0,0,1,93,0,0,362,2,0,33,0,55,0,0,0,1,31,1,1,0,0,0,0,0,0,1,0,1,0
hsa-miR-3138,654,0,86,25,105,3,185,208,7,1787,0,0,312,449,204,38,38,423,589,748,2205,6,199,285,770,16,269,542,102,379,35,305,265,55,2,1,312,431,59,883,32,7,226,0,165,0,5268,6,30,20,0,13,151,55,465,0,19,3,5,54,508,449,10,77,58,124,3297,2063,555,589,111,2175,398,74,153,292,245,436,21,237,220,59,311,12,512,574,143,29,110,847,25,286,328,11,1,980,184,679,91,43,0,187,3577,269,206,10,1,142,148,219,5,265,3,179,149
hsa-miR-3139,537,5,5,6,60,3,27,34,25,3852,0,0,79,17,249,45,5,20,64,796,575,2,21,111,447,10,66,46,22,799,0,1845,286,232,2,1,24,35,22,1397,0,9,93,1,2,0,1927,30,35,6,0,100,50,59,17,0,6,0,360,115,746,76,16,81,4,0,113,168,423,728,282,420,15,73,5,1,22,24,21,1518,34,49,140,5011,1195,496,33,320,387,386,34,114,230,3,17,735,3,173,137,816,0,78,1025,297,819,1,1,131,60,255,1,58,6,102,214
hsa-miR-3140-3p,28,0,4,1,3,0,4,5,2,45,0,0,18,158,23,0,8,21,137,7,1201,0,33,47,15,0,11,286,4,45,0,4,11,16,0,0,140,36,0,58,0,0,93,0,2,0,748,0,0,0,69,0,9,170,74,0,5,0,1,3,4,101,5,1,271,0,425,14,34,203,6,340,22,4,5,0,33,97,3,3,1,30,55,0,1,90,8,2,1,0,5,71,26,2,0,32,62,257,2,29,0,81,91,174,1,0,0,4,0,32,0,12,0,16,52
hsa-miR-3140-5p,549,0,70,2,586,2,4,74,0,456,0,0,49,0,12,4,1,20,37,301,140,0,22,84,579,12,6,11,3,340,0,7,47,11,0,1,75,10,15,84,0,4,6,0,2,0,198,0,0,11,0,7,25,54,179,0,2,0,6,0,259,40,1,127,3,1,85,8,229,3,13,20,1,26,25,2,39,4,14,339,25,1,9,0,41,267,41,0,4,1,1,39,36,8,0,305,44,533,3,56,0,3,28,0,76,0,1,57,4,8,1,44,5,57,61
hsa-miR-3141,3131,2,9,8,360,14,107,103,18,1272,33,19,25,515,37,110,17,199,122,1698,1633,1,143,258,219,90,146,159,234,380,13,130,383,134,0,31,40,128,79,426,0,1,102,0,99,1,2856,0,7,2,1,29,147,185,295,63,6,12,831,222,1209,142,18,460,942,1,354,84,1030,876,266,932,388,120,77,250,72,82,44,397,161,20,52,8,167,1236,68,5,100,298,19,90,673,6,19,2056,55,110,188,114,0,104,411,234,118,28,0,105,13,85,7,70,11,194,101
hsa-miR-3142,15,17,276,37,899,5,489,453,64,3790,2,2,1806,806,562,165,440,1375,599,2751,5580,17,959,1376,741,14,848,1305,725,522,1,199,1209,694,2,49,535,670,116,1524,1,16,996,0,1434,0,16252,42,57,61,0,3,428,396,1118,1,217,1,16,470,214,421,435,216,344,0,5672,230,478,2538,48,6691,316,511,354,0,843,586,61,1085,280,660,631,123,747,255,405,965,103,912,57,1073,2490,31,37,1390,777,2639,950,1025,0,573,3521,917,546,162,13,14,455,417,1,457,11,1261,170
hsa-miR-3143,3,0,0,12,1,1,0,2,4,352,0,0,3,1,0,22,0,3,0,3,8,0,121,45,303,2,2,0,1,7,0,3,1,1,0,0,1,2,0,11,2,0,0,0,0,0,680,0,19,0,0,0,3,0,3,0,1,0,0,0,1,0,1,0,0,0,9,3,153,210,0,8,1,0,1,0,2,1,10,235,0,0,0,0,0,1,5,0,4,1,0,1,9,0,0,186,2,0,0,0,0,27,8,0,0,0,0,0,0,0,0,2,0,0,9
hsa-miR-3144-3p,5,0,0,4,113,2,1,0,1,319,1,1,4,6,56,14,1,45,2,232,12,0,97,68,0,3,3,228,4,193,0,0,5,1,0,1,3,1,24,52,0,0,3,0,1,0,268,0,9,2,0,1,8,1,6,0,2,0,0,111,110,5,1,3,355,0,37,7,401,440,64,13,3,12,0,0,22,98,0,454,73,2,0,0,70,216,26,0,38,82,15,70,20,0,15,155,21,4,54,0,0,54,27,2,77,0,15,56,109,133,0,59,1,125,13
hsa-miR-3144-5p,0,3,0,0,0,0,10,15,5,34,0,0,26,2,84,0,5,45,1,33,86,0,7,3,0,0,10,3,1,6,0,37,0,0,1,0,44,2,1,1,0,0,3,0,437,0,156,0,2,1,0,0,3,22,25,0,3,0,11,8,124,20,21,14,14,0,6,20,14,117,2,6,41,2,1,0,12,52,4,42,8,5,54,0,12,7,22,0,5,17,7,4,9,3,0,41,4,116,28,0,0,3,14,22,12,0,0,32,1,1,0,7,0,1,0
hsa-miR-3145-3p,66,0,7,0,30,6,54,32,1,32,0,0,115,117,66,13,9,20,72,192,115,0,66,40,18,2,99,75,24,77,0,11,76,12,0,12,15,169,10,101,2,1,86,0,9,0,546,1,8,0,1,6,25,132,21,0,1,2,5,79,74,7,5,71,9,1,792,38,77,243,8,335,14,87,3,3,24,114,16,13,2,70,119,2,126,155,31,30,10,8,7,126,78,20,0,174,60,450,5,5,0,34,261,8,26,1,0,3,7,62,0,9,0,7,4
hsa-miR-3145-5p,6,0,7,0,88,0,1,47,16,5,0,4,207,8,42,0,10,5,58,299,29,2,79,55,2,2,208,64,3,155,0,6,35,1,0,20,11,113,6,138,1,0,3,0,6,0,672,0,8,0,0,3,17,1,4,0,1,2,2,133,83,4,2,1,5,0,1128,18,3,454,2,899,81,0,1,2,55,113,0,5,1,37,55,0,98,136,55,60,27,4,1,279,45,9,0,156,75,325,4,0,0,102,577,224,53,0,0,1,7,34,2,28,1,1,1
hsa-miR-3146,2649,0,9,1,104,10,42,5,26,551,0,0,165,115,54,119,34,5,157,4,645,5,10,73,277,7,5,116,96,197,3,685,91,0,0,1,6,7,80,16,0,10,108,0,3,0,761,1,14,0,0,120,630,147,22,0,0,0,66,0,688,19,3,202,2,0,29,33,493,765,347,400,8,0,95,0,72,121,3,278,183,2,6,0,3,580,3,44,143,1,31,83,57,3,16,508,37,7,216,638,0,2,688,669,10,2,0,2,361,397,0,32,0,152,122
hsa-miR-3147,395,0,2,0,63,5,11,1,0,9,1,1,328,1,14,12,1,2,52,350,6,0,101,3,211,3,2,13,1,8,0,42,10,0,0,2,3,3,0,20,1,0,2,0,4,0,6,0,11,0,0,0,5,1,14,0,8,0,60,8,43,37,3,2,100,0,6,28,246,458,12,12,1,4,2,0,6,3,11,66,28,21,6,16,0,294,2,16,29,3,6,61,67,0,8,507,3,16,16,0,0,17,37,194,11,60,0,2,4,8,0,54,1,1,2
hsa-miR-3148,24,0,0,1,5,4,2,2,7,132,1,0,5,30,0,12,3,6,0,13,182,0,1,3,2,3,0,1,1,20,0,2,7,1,0,0,8,112,12,9,2,0,2,0,1,0,29,0,1,0,0,3,2,8,166,0,0,0,21,2,8,10,3,21,5,0,23,18,139,8,27,445,0,2,3,1,18,41,0,13,7,3,1,1,2,125,0,1,2,3,4,72,17,1,2,369,15,220,2,95,0,1,18,2,2,0,1,144,2,6,0,0,0,1,5
hsa-miR-3149,194,2,0,0,217,0,1,1,0,216,0,0,166,3,0,11,3,1,2,110,7,0,1,1,1,3,62,1,1,3,0,0,26,0,0,51,2,110,2,76,0,0,108,0,65,0,14,0,7,0,0,2,4,1,7,0,0,0,0,2,5,12,2,1,1,1,181,2,58,188,762,8,2,0,0,0,17,1,0,2,3,9,0,0,117,36,17,0,1,0,3,14,17,0,1,122,72,3,0,1,0,1,24,1,1,0,0,45,1,1,0,38,0,2,0
hsa-miR-3150a-3p,108,0,20,0,30,0,3,51,1,0,1,0,4,0,27,0,1,54,0,43,20,0,3,101,2,1,1,0,1,4,0,914,3,0,0,0,5,1,5,2,0,0,1,0,0,0,196,0,2,0,0,0,0,0,0,0,0,0,0,0,0,0,1,0,3,0,6,3,74,47,1,142,1,0,47,0,1,0,0,0,0,4,60,1,1,1,1,0,6,0,0,2,3,0,0,14,0,2,0,0,1,2,7,0,0,0,0,0,0,0,0,1,0,0,1
hsa-miR-3150a-5p,5,1,4,0,1,1,1,44,8,492,1,0,3,2,17,1,4,2,0,9,267,0,1,19,7,2,45,0,1,11,0,36,2,18,6,0,3,1,15,133,0,0,8,0,0,0,1965,0,0,0,0,0,6,69,4,0,0,0,2,2,50,35,2,5,192,0,17,8,348,325,5,222,89,12,0,0,1,116,0,3,1,7,126,1,39,10,19,0,23,119,26,3,23,4,1,119,1,221,30,0,0,2,29,3,67,0,0,241,1,29,0,27,0,0,80
hsa-miR-3150b-3p,218,1,6,7,24,2,3,43,6,893,0,0,88,57,93,9,9,67,57,60,336,1,1,124,168,4,145,171,9,831,0,964,71,18,4,13,17,215,9,156,0,0,16,0,149,0,1952,0,8,2,0,39,6,122,137,0,2,0,147,5,35,27,6,0,151,0,995,31,311,844,12,798,24,6,1,0,36,223,0,84,90,32,132,1,119,14,39,1,38,214,29,4,29,10,0,57,5,101,27,1,0,67,43,0,55,31,0,202,65,117,2,82,1,2,102
hsa-miR-3150b-5p,8,0,26,0,0,0,0,60,1,0,0,0,2,0,18,0,2,55,0,9,12,0,1,106,3,1,2,0,0,2,0,2,0,1,0,0,2,1,6,1,0,0,1,0,1,0,651,0,0,0,0,0,1,0,0,0,0,0,1,0,1,1,1,2,5,1,7,1,64,102,0,201,0,0,30,0,1,2,0,0,0,0,0,0,2,4,0,0,1,0,0,1,2,0,0,23,0,0,0,1,0,1,8,0,0,0,0,2,0,2,0,3,1,2,0
hsa-miR-3151-3p,489,19,49,0,66,1,1,70,0,608,0,0,25,184,9,0,2,66,90,796,319,1,140,95,8,3,12,172,116,38,0,12,30,2,1,0,14,25,5,264,1,0,51,0,1,0,765,0,0,0,2,4,123,2,15,1,0,39,7,45,74,126,4,2,69,0,489,43,70,7,19,542,15,1,7,3,8,98,6,688,15,5,9,2,292,123,63,34,10,26,29,15,442,6,1,517,1,398,1,1,0,61,1264,2,120,1,0,2,2,143,0,53,0,5,34
hsa-miR-3151-5p,628,0,6,0,75,3,264,7,2,6,0,0,5,53,44,12,5,38,103,3,23,0,60,17,198,644,3,157,28,337,0,111,869,1,0,18,68,3,18,83,0,0,132,0,35,0,2039,9,0,11,0,27,11,62,16,0,16,1,125,1,190,60,7,214,624,0,525,89,705,598,101,22,6,3,76,1,73,12,15,253,51,30,95,11,119,176,4,42,65,53,8,43,39,1,4,650,4,174,153,28,1,2,45,59,33,1,1,1,29,47,0,70,0,501,10
hsa-miR-3152-3p,1064,6,69,3,243,7,43,56,17,1104,1,5,140,196,32,83,18,144,307,13,891,3,166,144,174,229,84,146,21,391,0,190,235,110,1,19,138,283,26,369,28,1,268,0,13,0,5330,6,4,52,30,27,100,82,344,10,16,0,101,145,110,243,604,32,671,39,556,306,417,1825,144,1912,112,16,201,141,54,69,3,362,134,43,61,1,301,480,52,24,60,336,23,184,165,3,12,586,50,504,39,68,0,18,1640,452,52,1,17,140,201,76,0,88,1,70,16
hsa-miR-3152-5p,1,0,68,0,245,1,81,4,0,38,0,0,2,84,67,1,2,105,6,2,13,0,6,2,0,1,2,110,2,3,0,1,35,102,0,0,3,10,1,0,0,0,155,0,1,0,22,7,1,0,27,0,11,2,2,0,19,0,3,0,0,9,4,388,0,0,15,23,1,1,3,647,1,0,0,1,5,2,9,12,13,4,2,0,44,0,17,0,2,60,8,3,37,0,0,126,1,62,1,0,0,101,1395,2,0,0,0,96,0,1,0,157,0,1,1
hsa-miR-3153,3,7,8,0,121,1,0,2,3,361,0,0,2,5,0,13,1,0,21,2,7,0,27,49,1,1,4,5,42,2,0,2,91,68,2,0,3,140,1,288,0,0,2,0,0,0,713,0,14,0,0,7,9,0,51,0,1,4,9,82,164,11,2,0,3,0,248,27,318,1,26,11,1,0,17,0,3,3,10,90,25,0,1,0,51,66,0,10,7,48,12,71,259,4,2,243,2,139,0,0,0,3,286,0,8,0,1,1,0,59,0,8,0,3,21
hsa-miR-3154,1143,3,12,21,38,11,126,24,9,795,0,26,221,211,105,115,81,275,217,124,276,4,82,98,242,51,36,62,46,124,39,237,266,166,0,0,136,134,6,185,25,1,220,0,163,16,2626,2,61,10,0,19,160,422,229,2,8,7,128,59,241,243,48,108,511,15,710,175,749,1306,104,301,17,176,9,2,128,119,77,722,123,11,8,4,473,358,37,112,46,424,39,121,2052,7,22,1158,17,329,193,613,1,82,578,13,219,0,3,55,112,315,0,11,0,278,277
hsa-miR-3155a,525,3,2,0,35,90,2,2,5,216,0,0,1,67,16,37,63,1,1,2,21,1,1,30,4,6,6,36,5,154,0,22,1,50,19,0,8,79,2,13,0,5,0,0,6,0,1533,0,2,0,15,4,8,54,7,1,0,0,0,18,232,33,1,45,734,0,277,12,458,239,20,126,0,7,1,0,46,0,3,149,274,5,44,1,276,83,9,101,58,492,2,13,21,20,1,642,53,20,0,95,0,48,15,0,190,0,0,14,14,18,0,50,0,40,5
hsa-miR-3155b,3,1,0,0,0,0,1,2,0,0,0,0,2,52,11,15,1,1,2,0,4,0,0,30,0,0,1,7,0,2,0,0,3,21,25,0,5,70,0,0,0,0,0,0,0,0,8,0,0,0,0,0,0,31,2,0,0,1,0,0,13,11,1,0,0,0,272,2,97,0,2,106,0,0,0,0,10,0,4,45,0,2,60,0,0,1,2,0,8,82,0,3,11,0,0,83,14,3,0,59,0,0,5,1,28,0,0,1,0,0,0,50,0,0,0
hsa-miR-3156-3p,383,2,5,1,61,3,4,14,0,420,0,0,7,79,50,0,2,8,96,322,221,0,3,3,4,3,4,1,5,6,0,4,1,4,0,1,122,6,20,137,1,1,3,0,2,0,640,0,0,0,0,2,30,178,4,0,0,1,13,37,104,70,2,2,61,0,20,11,201,2,12,415,30,0,0,1,3,1,19,1,24,2,4,0,0,263,11,57,3,2,0,4,21,1,0,229,2,163,18,2,0,19,24,1,0,0,3,6,1,4,1,17,15,205,21
hsa-miR-3156-5p,510,2,2,5,99,8,1,60,14,933,0,1,3,49,33,10,4,66,134,156,372,2,6,5,185,3,3,2,3,41,12,6,51,82,0,19,73,31,5,252,47,2,5,0,6,9,2395,0,0,0,1,0,66,192,10,1,1,0,207,135,256,63,4,12,2410,0,17,26,235,159,223,16,18,59,28,373,9,2,30,308,447,7,5,27,1171,265,9,132,25,1933,7,6,64,8,0,293,13,179,39,23,0,6,50,2,34,0,1,84,206,21,4,21,18,262,23
hsa-miR-3157-3p,2,0,23,1,458,2,92,25,18,336,0,0,318,250,122,167,78,63,186,1041,3127,1,130,30,725,11,93,121,21,356,0,55,162,67,0,0,340,381,18,340,0,0,137,0,220,0,8314,0,8,0,0,13,43,1,390,0,3,115,0,0,225,362,17,195,4,66,4519,95,235,1,14,131,412,88,1,1,52,200,2,7,2,19,15,11,1,117,151,83,18,0,22,261,1700,11,11,259,47,811,0,12,0,24,4826,247,3,5,0,0,2,132,1,125,18,0,0
hsa-miR-3157-5p,140,0,0,0,1,1,0,1,0,33,0,0,74,1,0,0,0,0,1,0,1,0,0,0,0,2,0,2,1,2,0,4,0,2,0,0,0,0,0,2,0,0,0,0,0,0,5,0,0,0,0,0,3,2,1,0,0,0,16,0,0,0,1,0,0,0,0,1,149,66,3,0,0,0,0,1,0,1,0,87,0,0,0,0,39,1,0,0,1,2,2,0,2,0,0,134,0,1,0,0,0,1,2,0,1,0,0,0,0,2,0,0,0,0,0
hsa-miR-3158-3p,535,2,46,7,141,2,120,48,14,196,10,9,220,148,29,24,45,126,131,410,1016,5,78,85,146,1,142,201,21,171,0,44,134,30,1,2,196,133,8,200,15,1,87,0,87,0,1024,3,6,6,0,7,254,28,85,0,12,1,26,12,54,83,15,52,36,2,911,33,84,290,165,765,75,18,1,180,72,209,10,171,30,33,112,10,94,112,49,19,15,60,7,126,87,6,1,215,56,165,75,88,0,141,621,124,45,0,12,17,19,51,2,67,7,65,56
hsa-miR-3158-5p,59,1,175,31,479,6,446,111,30,798,60,36,788,602,110,125,140,467,444,1536,3852,14,314,346,530,7,499,645,65,534,0,185,515,113,0,2,663,520,24,820,31,4,265,0,371,0,3898,25,15,55,1,38,915,84,332,0,54,2,111,43,176,377,51,253,143,0,3464,146,257,740,603,3012,314,60,2,478,257,736,24,692,76,130,252,37,184,362,268,86,57,209,16,479,303,21,0,584,228,513,158,323,2,411,2204,291,179,5,33,60,108,149,5,255,14,245,178
hsa-miR-3159,124,0,2,3,51,4,1,2,2,4,1,0,5,143,10,4,0,7,26,7,215,0,53,120,5,4,5,8,44,11,0,65,2,25,0,0,83,228,10,13,0,0,247,0,0,0,431,7,9,0,0,65,10,4,523,0,1,0,24,22,203,49,4,41,76,0,12,49,112,5,142,15,84,0,5,13,3,7,1,352,135,0,83,12,9,4,41,1,201,127,12,4,39,1,13,379,0,5,1,0,0,5,60,4,85,0,0,100,92,126,0,0,0,99,43
hsa-miR-3160-3p,0,0,1,0,0,2,0,0,2,0,0,0,0,0,23,0,0,89,7,1,3,0,0,19,24,1,0,0,0,0,0,0,1,0,0,0,0,0,0,0,0,0,2,0,80,0,176,0,1,0,0,0,0,1,4,0,0,0,351,0,49,0,0,0,2,0,3,1,4,1,2,167,0,0,0,0,0,0,0,1,5,0,0,0,42,25,14,0,4,0,4,0,0,0,0,22,0,0,0,0,0,1,4,1,0,0,0,1,0,143,0,0,0,2,0
hsa-miR-3160-5p,486,38,420,59,1548,20,1568,1251,163,5945,11,119,2096,2058,282,266,717,2090,1899,5734,24461,37,2411,1257,2050,1012,1955,1873,1853,3177,63,1160,2731,548,6,110,2247,1445,144,2890,153,14,2292,1,4947,0,13078,61,135,461,0,168,3580,682,4435,7,431,127,780,1045,1049,1305,429,1272,3403,19,5871,4449,1848,2427,1888,12313,1249,247,892,4,633,1478,216,2233,620,906,1193,137,1070,1646,563,1495,301,2330,110,1704,12568,92,68,1222,1284,2014,519,922,1,618,15571,1396,780,197,255,935,1009,892,14,1194,129,1132,399
hsa-miR-3161,192,1,1,12,1,3,8,67,2,163,0,0,2,3,39,90,0,3,4,5,577,4,2,2,125,1,90,1,3,17,0,49,6,0,0,1,4,0,0,142,0,0,41,0,1,0,27,0,0,0,33,0,45,2,6,0,1,16,32,5,23,43,1,5,550,1,21,5,56,3,49,490,1,1,38,467,42,2,2,136,92,1,0,5,112,33,2,1,54,284,7,35,4,0,10,114,2,13,1,0,0,3,12,2,11,0,2,72,3,19,0,4,1,0,1
hsa-miR-3162-3p,704,0,218,10,525,10,440,439,15,1877,0,35,342,349,216,109,210,424,618,1167,3427,9,729,470,171,65,365,860,401,872,1,79,655,250,1,8,602,1039,59,845,148,3,346,0,591,0,9481,14,52,75,1,84,259,51,748,1,60,10,24,380,387,436,61,286,372,6,3216,263,931,2540,321,3873,219,272,177,301,227,488,29,556,269,33,225,10,1159,609,170,348,104,265,47,700,7458,73,22,1108,116,929,215,213,0,328,1603,702,354,2,55,196,106,227,3,286,1,752,76
hsa-miR-3162-5p,1325,9,87,0,27,305,34,8,4,885,2,3,65,238,0,60,7,3,74,554,309,0,2,59,106,12,83,158,5,16,1,248,5,74,0,0,11,117,4,232,1,2,81,0,225,0,2436,0,1,0,0,8,125,6,116,0,1,0,51,52,232,88,84,54,488,3,835,16,638,256,308,33,4,50,3,8,160,107,0,549,356,6,101,2,6,645,32,3,33,255,31,79,36,2,19,635,64,208,1,35,0,8,55,374,69,0,0,176,0,130,0,3,8,147,73
hsa-miR-3163,182,2,0,0,68,0,1,1,0,344,0,0,1,0,0,16,0,1,47,2,5,0,1,2,2,2,1,232,2,4,0,2,4,1,0,0,2,3,0,169,1,13,4,0,3,0,11,0,0,0,0,14,1,4,17,0,0,0,4,1,2,2,2,2,3,0,11,4,91,4,11,3,1,0,1,7,2,5,0,3,0,2,2,1,1,49,12,2,2,2,4,48,8,1,0,182,11,16,2,0,0,1,14,0,1,0,0,4,1,2,0,0,0,0,0
hsa-miR-3164,4,0,3,0,1,1,50,59,0,504,1,0,5,1,0,1,38,3,3,3,548,0,1,2,1,0,73,1,167,5,0,3,140,106,0,0,5,2,25,23,0,0,4,0,2,0,260,0,17,0,0,0,2,0,186,0,0,0,0,0,188,1,1,238,96,0,109,4,1,2,14,90,1,2,0,0,45,2,0,1,52,3,1,0,1,2,24,87,30,1,8,1,17,1,0,25,7,52,1,1,0,54,20,0,1,0,0,81,0,61,0,53,0,84,0
hsa-miR-3165,2,0,5,0,0,1,14,32,4,387,0,59,95,48,15,1,4,8,7,9,113,0,12,13,383,6,6,21,18,15,1,4,19,164,1,0,52,35,19,233,0,4,12,0,1,0,1851,4,31,29,0,2,41,112,7,0,1,2,57,0,250,13,14,1,578,0,17,1063,174,0,210,48,63,1,0,1,22,293,0,144,1,3,28,0,0,327,0,24,11,1,0,24,158,0,20,376,2,30,0,166,0,6,2974,0,0,0,0,2,1,1,0,69,28,3,0
hsa-miR-3166,6,0,1,0,49,0,0,0,0,1,0,0,0,1,0,2,0,50,2,0,1,0,0,0,0,1,1,0,1,2,0,0,1,0,0,0,1,2,0,107,0,0,1,0,0,0,3,0,0,26,0,0,0,0,1,0,1,0,0,1,1,0,1,0,0,0,4,0,31,163,2,1,0,19,0,0,0,0,1,48,0,42,0,0,64,0,10,0,0,0,3,0,0,0,0,112,23,0,0,0,0,0,3,0,0,0,1,0,0,18,0,0,0,0,0
hsa-miR-3167,8,4,8,3,99,3,154,9,0,250,0,0,125,104,69,1,8,85,165,547,169,0,84,254,135,3,7,275,161,27,0,2,14,52,0,0,324,125,2,270,0,12,213,0,0,0,560,1,8,0,0,2,23,8,9,0,3,2,3,0,6,63,2,3,1,0,747,28,89,199,4,634,85,18,267,0,168,196,1,168,2,34,3,70,106,62,629,1,1,14,0,22,67,2,1,34,98,473,6,6,0,89,88,152,254,0,1,2,0,3,0,134,0,6,60
hsa-miR-3168,626,33,44,2,169,89,21,136,155,594,1,0,20,22,1106,676,138,925,9,7197,300,6,12,23,3185,97,349,399,574,447,5,35,15,999,120,10,102,21,285,529,7,30,20,1,17,4,34155,110,127,123,7,191,405,1620,592,2,9,0,864,388,493,2031,10,5252,1210,5,508,1394,12947,10,981,287,21,260,876,8,31,9,157,1648,1510,39,19,306,2471,2593,25,227,613,3749,1007,41,553,21,78,34560,13,12,1035,639,0,36,230,1301,180,24,396,16080,1042,895,2,103,1,1375,549
hsa-miR-3169,1,2,1,0,0,0,3,2,0,2,0,5,1240,6,49,0,1,4,21,401,130,0,147,10,1,0,2,4,56,5,0,400,4,101,0,0,6,8,0,78,0,0,4,0,0,0,790,0,6,0,0,10,25,0,2,0,1,1,0,1,98,3,8,0,1,0,10,27,3,360,3,12,7,0,25,0,50,2,0,32,1,5,10,0,68,1,11,4,4,0,4,58,631,0,0,78,3,8,0,27,0,4,71,0,1,0,0,0,0,32,1,0,0,0,11
hsa-miR-3170,90,0,28,2,0,0,2,1,1,1,0,0,2,26,11,0,4,1,3,2,11,0,92,2,2,1,15,0,2,1,0,33,20,0,0,0,92,35,0,0,0,0,0,0,2,0,385,0,1,0,0,2,4,2,50,0,2,0,0,0,17,67,2,0,0,0,98,30,69,23,2,8,2,4,0,1,0,0,0,0,1,1,149,0,2,72,1,0,1,0,0,0,11,1,0,78,8,47,0,0,0,8,16,0,1,1,0,1,16,0,0,5,16,0,0
hsa-miR-3171,4,0,3,0,12,0,7,5,3,834,0,0,97,17,27,24,4,118,74,7,684,0,234,11,5,0,145,136,1,18,0,5,72,0,0,0,7,6,46,157,0,0,51,0,4,0,549,0,0,1,1,9,8,0,6,0,2,0,1,1,0,4,1,0,3,0,303,10,5,10,4,416,180,1,0,0,8,5,16,33,2,5,9,1,1,6,3,14,1,5,0,21,30,2,0,13,0,165,2,0,0,57,52,2,0,0,0,1,1,1,0,2,0,1,0
hsa-miR-3173-3p,541,0,2,0,2,3,13,2,2,8,1,0,153,1,0,44,0,1,0,284,7,0,0,2,2,2,24,69,2,13,0,1,1,0,0,1,17,114,7,251,0,0,2,0,1,1,522,0,5,1,0,6,3,6,6,0,1,0,0,3,131,13,13,8,1,0,7,14,188,2,5,6,2,9,1,0,7,0,0,146,49,0,3,5,39,43,20,86,5,57,0,1,12,1,0,424,0,4,63,0,0,4,25,0,0,0,0,2,35,33,0,3,0,3,21
hsa-miR-3173-5p,7,0,1,0,0,2,2,3,1,376,0,1,2,1,0,3,0,1,2,1,18,0,1,1,1,0,2,1,0,3,0,64,0,0,0,0,2,195,0,2,0,0,1,0,1,0,1001,38,0,0,0,0,1,0,0,0,2,0,0,31,1,0,1,5,1,0,7,3,67,1,2,85,3,1,2,0,2,0,0,190,39,2,0,0,0,15,11,0,24,1,0,9,11,0,11,68,1,4,0,95,0,2,11,0,1,0,116,0,144,0,0,81,0,0,1
hsa-miR-3174,3,1,0,2,4,1,2,2,0,586,0,0,8,6,51,0,64,3,62,6,12,0,4,0,231,2,0,2,1,8,0,2,3,34,0,0,141,5,9,39,37,0,106,0,0,0,7,0,13,0,0,27,42,1,2,1,0,0,1,1,100,95,2,0,46,21,129,8,319,2,3,11,2,23,52,1,40,2,0,341,2,1,3,0,1,2,0,0,0,133,0,5,31,1,10,123,1,77,3,549,0,1,629,124,62,0,0,0,0,5,1,1,0,1,0
hsa-miR-3175,48,0,2,0,1,2,0,31,0,853,1,0,9,1,1,18,1,2,1,67,11,0,7,128,0,3,4,8,2,13,0,13,1,6,2,2,2,5,3,10,1,0,3,0,45,0,180,0,28,5,0,0,6,57,14,0,1,0,100,68,11,39,2,3,28,28,92,13,258,9,9,33,3,83,2,1,14,13,1,454,56,3,5,15,1,170,44,1,2,53,2,11,838,0,2,481,3,43,201,0,0,2,73,3,0,0,4,9,0,6,1,2,0,242,21
hsa-miR-3176,2557,11,125,1,289,14,121,3,40,465,1,1,176,778,3,190,21,185,132,1501,617,6,248,144,957,1427,5,7,141,50,0,17,9,49,3,9,193,136,61,52,15,8,69,2,338,31,2241,0,14,0,3,68,347,319,141,0,1,0,51,382,884,114,8,10,592,1,288,36,2091,1888,243,81,87,10,138,482,4,6,0,1159,364,31,7,45,569,686,2,183,20,336,33,12,879,24,11,2021,3,137,115,131,0,32,87,517,34,0,17,38,76,237,2,3,0,3,229
hsa-miR-3177-3p,361,5,1,0,0,0,29,92,2,272,0,0,138,0,45,44,2,6,200,0,13,0,77,4,2,1,5,136,3,5,0,4,4,0,0,1,7,5,13,160,0,0,1,0,0,0,1009,18,0,0,0,28,2,0,1,1,0,0,2,0,2,12,0,2,0,0,11,18,57,1,6,107,0,0,0,0,42,3,2,226,33,4,0,2,186,88,0,0,45,95,4,0,24,0,0,296,20,149,38,119,0,14,37,1,1,1,0,2,0,39,1,1,0,0,0
hsa-miR-3177-5p,417,3,5,0,3,0,57,44,4,261,0,1,337,230,33,25,3,42,184,1180,714,0,76,82,457,8,101,123,112,19,0,63,93,23,1,0,10,158,30,85,1,0,120,0,126,0,1247,4,0,1,0,0,58,11,562,0,31,16,0,28,211,11,4,2,1,0,203,34,4,180,19,799,9,23,0,0,24,138,0,67,53,53,41,2,1,12,70,0,13,50,9,146,584,8,1,138,30,220,0,43,0,32,76,100,65,0,0,0,34,97,1,2,1,205,0
hsa-miR-3178,1125,25,347,32,257,22,408,377,49,2974,0,3,1539,1123,642,251,269,924,1168,2825,3823,11,685,2167,1239,35,563,461,373,2226,0,1664,1302,267,6,45,330,715,89,3181,9,4,457,1,338,0,17017,24,89,52,1,86,312,65,1004,1,77,0,238,420,1297,474,60,664,745,34,8552,317,1993,2955,4658,6001,806,167,197,4,622,1652,39,2677,486,257,1015,5,854,1542,452,290,414,1749,110,775,2743,71,264,2781,366,3401,172,1442,1,932,9826,991,521,25,39,177,250,623,14,236,8,914,245
hsa-miR-3179,1227,12,71,5,321,12,157,82,12,1633,0,0,224,80,309,207,73,309,80,1019,1512,5,124,421,285,22,232,477,15,618,0,187,179,140,11,28,355,321,47,1745,0,1,166,0,15,0,4244,1,21,5,0,29,165,153,183,2,45,2,272,80,247,180,12,14,259,1,1265,784,354,893,264,1078,175,131,5,6,163,176,16,1028,142,150,98,20,314,392,169,147,61,305,8,224,202,5,29,692,105,554,386,179,0,170,767,596,7,2,11,135,129,96,1,85,2,585,45
hsa-miR-3180,2,0,4,0,0,9,0,0,2,131,0,0,1,25,36,12,0,45,27,96,10,0,100,1,1,1,0,2,2,7,0,2,1,51,0,0,1,17,6,97,1,0,6,0,56,0,619,0,0,0,0,2,4,1,65,0,9,0,70,2,1,0,1,1,267,0,7,7,44,165,117,127,2,1,31,0,4,1,18,133,38,0,38,0,169,11,2,1,10,21,1,0,13,0,9,259,46,11,1,2,0,2,397,1,39,1,0,1,0,21,0,0,0,77,27
hsa-miR-3180-3p,1112,14,5,0,1,13,1,63,8,412,0,13,248,68,69,47,0,178,77,87,15,0,81,2,354,8,0,3,3,12,0,4,6,99,1,0,5,22,16,119,1,0,6,0,65,0,1144,0,0,0,0,21,6,110,74,0,9,0,61,3,101,33,5,310,249,1,11,17,298,160,377,130,3,0,25,0,37,2,12,344,44,0,27,19,159,15,3,1,28,21,17,1,27,0,16,626,36,10,1,3,0,1,358,0,114,0,0,76,0,230,1,3,0,606,13
hsa-miR-3180-5p,727,68,33,46,33,7,34,37,13,798,0,1,508,158,44,53,0,11,69,411,28,4,3,175,376,10,6,8,6,360,0,857,122,103,1,0,9,131,25,380,85,9,7,0,1,0,977,2,4,1,0,70,118,140,86,0,2,0,93,95,484,295,12,5,629,21,520,518,582,633,257,530,8,40,16,2,26,214,8,1358,1,2,7,15,3206,540,1,295,183,77,15,59,1285,4,43,483,17,755,138,23,0,17,119,6,4286,0,0,5,102,80,1,34,14,491,173
hsa-miR-3181,1979,6,23,1,4,16,15,34,25,1896,1,27,181,200,183,35,11,99,445,673,181,3,49,103,617,14,28,15,18,773,2,55,14,184,1,11,22,137,35,182,2,19,116,0,60,0,7976,16,15,0,1,9,107,291,148,11,8,2,380,79,739,219,236,621,57,0,62,63,973,742,750,285,22,17,88,229,73,10,21,10348,193,5,8,14,305,758,12,105,127,171,22,11,2139,9,51,1872,4,40,36,130,0,10,1790,191,288,2,1,152,79,147,1,56,0,51,27
hsa-miR-3182,2,12,1,2,20,1,1,0,0,1,0,0,175,25,98,0,0,6,31,4,24,0,4,246,256,6,1,3,5,4,0,2,86,2,2,0,202,3,0,229,0,0,0,0,1,0,1611,0,4,2,0,45,70,1,1,0,0,1,0,0,116,89,3,0,1,0,23,10,44,175,6,70,1,0,0,288,3,3,0,246,0,4,5,33,0,55,37,0,21,0,0,6,16,0,0,61,0,4,42,0,0,3,25,0,0,0,2,1,0,9,0,1,0,0,30
hsa-miR-3183,510,1,7,0,106,3,32,9,9,130,0,0,59,31,14,10,4,6,6,478,38,0,108,11,115,5,5,56,3,26,0,4,80,18,0,0,12,6,41,19,0,0,3,0,152,0,2113,0,0,1,1,11,11,1,18,0,2,0,5,0,307,59,2,1,380,1,574,31,958,287,488,30,2,0,89,1,59,8,9,371,2,3,2,0,3,56,2,154,16,2,8,10,730,0,28,792,3,13,2,48,0,1,40,2,2,0,0,50,1,94,0,27,12,4,125
hsa-miR-3184-3p,765,37,11,0,25,889,2,3,1,402,0,0,66,21,33,157,33,1,76,494,123,3,1,7,58,11,15,0,118,342,0,46,1,47,0,3,4,34,33,20,1,28,63,1,75,0,666,0,52,12,0,36,79,1040,121,0,8,0,155,108,106,224,0,370,122,55,216,26,1049,73,323,17,2,27,2,573,19,1,3,202,1048,1,17,1,246,1513,16,0,6,171,27,32,373,0,12,702,4,56,1,218,0,28,19,1,47,0,1,5,1,165,21,51,1,233,132
hsa-miR-3184-5p,11,0,0,0,16,0,0,0,0,220,0,0,36,4,228,10,1,32,7,432,7,0,0,4,253,148,0,1,3,10,0,0,1,79,0,0,1,2,6,100,1,1,2,0,3,0,543,0,6,3,0,3,115,32,4,0,0,0,1,15,115,68,1,0,72,26,6,3,98,136,377,8,1,37,0,0,0,0,1,309,10,1,1,4,54,161,0,0,11,125,6,0,17,2,4,177,0,105,89,0,0,2,7,2,2,0,0,62,0,74,0,56,0,67,33
hsa-miR-3185,1507,63,132,24,170,9,90,85,22,1763,0,0,854,273,393,4,146,458,516,168,848,1,136,702,629,792,23,506,25,1101,2,356,395,363,2,62,370,289,56,769,100,21,347,0,500,0,5794,1,54,5,0,121,52,269,26,1,7,1,608,270,1078,188,24,357,644,13,4878,106,1163,1147,282,2364,150,70,211,0,390,165,23,1788,46,75,15,42,388,916,231,165,134,291,40,147,1693,16,62,1192,5,1831,148,285,0,217,1492,5,546,1,43,229,94,328,6,167,3,229,152
hsa-miR-3186-3p,6324,83,3787,220,10640,721,5188,4720,395,26088,100,232,11875,14099,7345,492,2661,13473,12329,18151,97316,120,10401,17327,8940,2716,10427,15068,4934,26272,64,4151,14306,2252,210,109,10857,14194,1008,29270,469,95,11216,3,11705,135,112009,159,594,341,362,667,5923,1267,13109,199,1170,229,2312,1536,9934,6996,1033,1702,3159,387,170514,7588,5289,10083,4974,121608,8929,1677,2802,1562,10184,18479,474,7522,1627,4408,7548,1019,8732,4915,6789,3980,1040,6620,296,13977,17831,485,444,5909,9261,34963,4221,1861,9,8926,115303,10264,3500,312,314,1689,1950,3312,29,6741,321,6406,1009
hsa-miR-3186-5p,82,0,1,10,30,0,0,2,5,392,0,0,4,0,0,0,2,119,33,3,7,0,84,2,1,3,65,132,1,334,17,1,6,83,0,1,1,2,0,4,1,0,174,0,1,0,1012,0,11,1,1,4,35,102,5,0,1,0,0,0,40,50,2,4,105,0,5,12,617,2,16,11,91,0,50,1,10,199,3,179,174,2,1,0,120,12,27,0,1,25,7,2,27,2,0,347,0,110,69,91,0,40,34,153,0,0,0,41,1,77,2,60,8,0,33
hsa-miR-3187-3p,803,1,33,1,125,5,41,68,7,798,2,2,226,109,34,44,30,183,119,157,955,0,74,83,357,13,122,190,394,670,1,43,148,21,0,25,125,199,6,191,0,2,163,0,43,2,1986,0,13,5,2,6,130,124,146,0,13,4,15,174,470,273,14,340,8,88,1216,50,372,67,1589,686,191,25,10,1233,84,87,22,100,21,49,106,35,124,131,40,85,36,517,9,94,557,6,25,601,77,333,37,33,0,115,2317,53,116,3,2,20,21,17,1,86,1,169,74
hsa-miR-3187-5p,115,3,19,0,137,0,114,9,2,62,0,0,4,123,71,0,4,54,125,158,447,1,90,1,7,2,3,5,53,14,0,445,18,2,0,0,10,1,17,4,0,0,5,0,2,0,1085,15,0,0,0,6,0,0,6,0,1,0,0,259,86,2,3,0,329,0,16,2,70,2,8,23,4,42,1,2,30,0,0,74,22,0,1,33,83,256,0,60,53,147,10,1,24,0,4,371,2,3,0,88,0,6,24,1,3,0,0,0,0,73,0,1,0,1,52
hsa-miR-3188,6,9,4,3,0,4,7,57,0,25,0,1,114,281,78,1,3,168,160,4,273,0,254,291,359,4,2,53942,152,25,0,63,168,20,0,1,146,197,37,596,40,22,100,0,49,0,482,4,63,0,0,7,404,0,198,0,4,2,2,3,1,95,91,0,1,0,1126,559,209,36,9,493,227,29,43,0,1,193,6,3,0,25,101,4,100,242,33,3,2,47,18,37,2258,7,5,131,99,262,0,1,0,146,3637,693,56,0,2,173,53,92,1,60,1,3374,27
hsa-miR-3189-3p,745,6,28,0,11,279,46,2,1,79,0,0,4,145,69,1,1,58,76,3,18,0,64,76,2,2,0,359,50,12,2,91,123,76,0,5,185,5,30,69,0,29,4,0,271,0,496,4,14,0,0,30,11,120,7,1,0,0,3,69,254,102,5,3,51,0,8,18,56,558,71,663,15,0,1,0,23,204,8,589,60,5,4,1,59,65,62,60,1,40,10,1,46,2,8,348,1,286,0,206,0,10,63,2,20,0,0,2,0,181,0,3,0,85,27
hsa-miR-3189-5p,910,9,48,11,195,6,130,31,4,1136,0,2,71,283,178,92,15,267,331,1471,588,4,135,147,307,12,112,324,475,32,3,301,137,155,0,3,190,217,61,80,3,7,468,0,138,0,3395,4,28,7,2,68,128,280,748,75,3,2,164,467,1482,245,17,155,2,1,2144,71,1739,595,1150,700,161,23,1,1308,11,257,52,671,125,71,96,3,23,732,28,76,119,112,34,198,151,24,11,1533,41,559,5,1,0,123,1270,307,14,1,2,1,173,202,3,114,5,289,221
hsa-miR-3190-3p,654,1,44,10,112,91,0,3,1,27,0,1,16,26,4,6,39,97,94,268,576,0,120,128,402,4,63,42,74,22,0,96,21,142,1,11,10,26,8,88,0,0,12,0,1,0,992,6,16,10,0,19,35,91,323,0,2,0,49,137,185,77,12,320,328,1,66,105,336,383,25,12,27,14,226,2,47,16,9,476,210,1,9,11,56,320,39,11,39,1,6,4,1418,0,11,326,7,59,4,28,0,29,4006,231,21,0,1,1,199,118,2,46,22,153,200
hsa-miR-3190-5p,1225,19,176,15,622,12,350,250,29,10468,2,29,653,641,324,155,87,371,1254,1271,1438,8,603,378,290,17,393,1106,494,355,1,2630,351,322,46,10,421,475,55,1484,0,27,857,0,1152,0,7554,43,43,173,5,562,713,239,739,5,66,66,334,103,1091,479,243,282,166,1,1126,2611,1938,1953,319,1961,222,97,150,6,288,248,38,5473,268,68,162,126,1519,1087,40,1027,116,845,58,356,4936,16,57,844,65,1650,1134,649,0,95,1567,853,657,23,3,197,186,366,8,259,43,11,376
hsa-miR-3191-3p,815,14,237,23,727,15,264,306,48,12788,2,24,957,933,322,204,181,338,1197,1821,2542,15,491,417,382,19,421,1222,354,578,1,2896,507,376,33,14,324,541,85,1805,2,44,709,0,1086,0,8782,39,56,93,22,705,921,298,866,2,50,48,326,236,1310,442,328,313,197,0,1356,1532,1952,2072,381,1491,267,87,197,4,216,294,33,6704,318,65,240,126,1654,929,58,968,174,974,70,330,5389,18,69,1348,120,1993,1552,712,1,122,1670,982,717,28,4,291,99,755,7,435,61,12,548
hsa-miR-3191-5p,539,0,49,4,103,470,0,8,0,120,0,9,6,12,12,13,14,60,59,537,506,0,9,5,436,6,57,3,104,21,0,70,11,118,2,39,7,7,24,156,0,3,9,2,1,0,516,21,26,38,0,9,16,114,218,0,10,1,32,37,117,73,7,114,358,0,130,50,257,439,24,17,84,20,44,0,15,78,4,484,175,1,5,32,31,165,19,32,9,0,11,14,507,0,5,454,33,72,2,6,0,53,1120,162,19,0,18,0,0,109,2,1,11,135,55
hsa-miR-3192-3p,8,8,33,0,100,2,4,3,5,581,0,0,5,78,20,1,43,73,144,207,25,0,231,57,169,5,75,51,74,159,0,4,52,3,0,0,100,99,10,12,1,1,3,0,1,0,1435,1,8,4,0,32,14,105,109,0,2,1,1,2,260,56,2,3,209,0,1438,13,62,239,4,696,19,60,19,0,8,116,13,159,4,5,55,1,118,140,12,27,29,162,9,60,41,1,5,153,56,62,111,65,0,10,36,1,18,47,0,174,0,69,0,23,0,243,2
hsa-miR-3192-5p,151,0,1,1,128,2,0,5,0,106,0,0,133,2,0,40,2,8,78,30,18,1,2,133,4,1,5,10,0,12,0,95,226,103,0,0,3,8,1,248,1,1,87,0,0,0,448,0,0,0,0,12,10,223,2,0,0,0,42,178,104,5,6,102,85,0,502,19,128,429,56,15,4,12,0,1,7,4,3,73,59,3,2,37,55,67,1,30,18,256,9,2,22,0,2,116,2,31,2,3,0,10,37,0,2,4,1,1,2,55,0,1,0,3,43
hsa-miR-3193,8,2,32,0,5,8,6,64,2,6,0,1,5,2,3,1,3,29,72,334,17,0,121,136,492,12,2,111,86,11,0,1,10,0,0,0,20,6,3,61,0,16,8,0,381,0,945,0,3,0,0,23,5,1,9,0,0,0,1,2,284,26,3,0,1,0,52,6,2,1,1,27,2,0,111,0,1,95,5,345,5,2,1,1,1,90,0,0,0,169,6,55,36,6,0,237,1,80,0,1,0,7,38,3,0,0,0,31,2,1,0,49,0,222,0
hsa-miR-3194-3p,90,4,0,10,4,1,0,6,1,2,0,31,63,19,0,114,0,5,1,2,6,0,73,1,0,3,0,33,0,2,0,0,0,1,0,0,1,0,0,6,0,0,3,0,2,0,37,0,0,0,1,17,1,0,1,0,0,0,1,1,175,7,0,0,0,0,6,6,74,271,179,4,2,19,0,0,0,0,19,238,0,1,1,0,24,265,1,0,8,2,0,1,11,0,7,490,0,3,0,0,0,14,14,0,3,0,0,0,119,30,0,2,0,1,2
hsa-miR-3194-5p,41,8,1,6,93,2,3,1,1,267,0,0,50,78,0,0,1,44,2,6,15,0,5,3,4,2,3,210,7,16,1,187,51,23,1,0,1,9,0,227,0,0,8,0,1,0,530,0,10,8,0,24,131,82,4,0,1,0,0,0,181,37,67,0,109,0,136,1018,59,803,8,7,3,40,1,0,48,16,4,1494,77,1,9,0,71,42,16,76,62,16,0,92,51,0,0,402,2,72,0,0,0,1,73,1,281,0,0,0,24,10,0,1,0,4,75
hsa-miR-3195,8,46,38,11,60,6,45,76,4,367,0,0,44,141,91,1,32,154,73,27,1228,2,30,144,269,6,28,173,33,219,0,152,47,23,2,0,41,130,9,65,1,10,62,0,9,1,619,3,11,0,0,85,134,6,320,1,7,3,4,6,235,95,10,4,197,0,216,230,6,167,388,139,20,0,6,3,54,25,25,1096,22,15,37,43,176,57,11,91,3,99,9,24,147,2,30,315,37,83,79,72,0,29,390,36,69,1,3,4,5,181,0,25,2,7,86
hsa-miR-3196,563,1,19,13,34,9,93,82,14,839,1,0,473,45,51,125,10,6,121,754,123,0,13,12,1034,17,10,6,40,395,0,184,20,74,1,20,19,21,11,153,1,4,25,0,143,0,5390,21,3,1,0,73,195,49,12,35,2,0,42,142,562,262,67,376,1184,64,42,90,1073,1248,47,51,50,143,74,185,14,5,9,1616,151,6,62,11,724,446,1,91,109,1388,35,9,1453,2,12,1092,4,188,40,54,0,7,83,165,308,8,0,110,3,228,1,71,3,486,316
hsa-miR-3197,508,6,5,1,289,989,71,16,9,834,0,0,65,192,76,2,14,14,157,194,43,1,95,44,497,9,68,50,12,199,1,106,177,95,0,6,6,7,32,358,0,14,111,0,9,46,2436,0,16,4,0,11,184,205,241,0,13,0,176,115,235,73,4,4,421,0,889,78,239,188,240,523,159,26,104,1,67,348,13,495,2,37,195,28,173,237,36,34,132,268,6,216,127,16,30,704,6,804,217,4,0,107,1527,0,110,5,2,109,0,60,2,105,54,1,63
hsa-miR-3198,310,0,3,1,1,2,2,71,1,225,0,0,39,23,0,4,1,1,17,8,107,6,150,32,176,3,3,19,1,391,0,48,54,61,59,8,31,6,0,508,0,0,28,0,3,0,743,0,0,3,0,6,91,1,8,0,17,1,1,17,198,50,4,2,100,0,294,13,166,54,14,22,1,0,0,0,1,14,8,25,46,2,59,0,23,115,0,6,14,32,3,29,63,3,9,423,1,83,0,18,0,9,25,2,74,0,0,2,0,1,0,55,0,0,17
hsa-miR-3199,312,5,3,0,102,5,0,5,0,186,1,0,2,6,52,118,3,9,64,684,866,0,0,85,618,10,85,141,0,21,1,1,121,107,0,18,5,2,21,273,47,1,115,0,3,1,557,0,16,0,0,16,8,47,17,0,1,0,2,48,184,7,119,215,140,0,20,9,725,704,478,11,4,17,36,0,1,1,25,482,29,2,2,1,322,124,28,36,85,233,4,65,27,5,41,621,1,62,80,0,0,1,25,181,74,0,0,77,78,87,7,3,0,528,43
hsa-miR-32-3p,1,0,0,0,27,0,1,1,1,3,0,0,1,0,0,0,0,1,0,1,4,0,226,0,2,2,0,2,3,1,0,1,1,20,0,0,1,1,0,26,0,0,1,0,0,0,240,10,0,0,0,0,2,0,0,0,19,0,0,0,0,0,0,1,1,0,257,3,1,3,4,8,2,0,0,0,0,1,0,0,0,0,0,0,0,1,0,38,0,0,0,22,4,0,0,63,0,2,0,0,0,12,10,1,0,0,0,0,0,0,1,1,0,122,0
hsa-miR-32-5p,10,6,4,2,15,4,166,51,21,214,0,12,169,341,56,3,62,23,202,53,980,1,91,216,25,11,281,22,281,24,0,118,152,5,0,0,222,220,6,23,99,0,88,0,99,0,2101,12,31,2,0,24,97,4,48,1,4,21,10,70,1,132,16,4,6,0,774,315,39,28,12,679,80,14,206,0,28,152,1,100,4,50,115,7,65,155,5,108,38,93,15,62,138,11,0,175,64,317,5,3,0,69,798,79,3,0,0,302,60,70,1,67,2,6,4
hsa-miR-3200-3p,867,0,0,0,136,5,3,0,1,1,0,0,22,0,0,42,28,0,1,3,3,0,0,29,358,6,0,111,0,3,0,0,0,0,1,0,3,1,11,147,0,0,0,0,0,0,215,0,1,2,1,26,4,0,137,0,0,0,1,0,227,59,1,1,1,1,8,21,92,0,1178,239,0,0,0,0,0,5,0,0,1,1,1,0,13,59,12,0,8,67,7,34,44,0,0,375,42,1,17,0,0,1,369,199,1,0,0,0,103,7,0,2,0,0,0
hsa-miR-3200-5p,46,5,1,0,0,1,4,1,1,0,0,0,7,4,0,4,1,8,77,43,269,0,6,17,6,0,1,75,3,2,0,5,14,103,0,10,5,52,7,84,0,5,2,0,10,11,254,0,9,0,0,8,16,0,0,0,0,1,1,0,1,18,4,0,0,12,9,32,155,1,4,2,3,0,0,1,12,4,1,96,25,0,1,1,3,1,2,68,1,1,0,1,1702,11,0,16,2,116,26,39,0,0,1107,0,1,0,0,0,0,0,0,39,0,0,0
hsa-miR-3201,2,0,3,0,1,3,2,36,13,148,1,1,16,7,1,1,3,53,3,7,649,1,148,93,0,1,192,4,38,355,0,5,4,2,0,0,5,111,3,118,0,0,6,0,578,0,428,0,7,0,0,0,10,2,4,0,37,0,1,33,2,16,2,0,0,0,632,18,183,1,53,446,1,76,3,0,63,285,0,368,1,5,2,48,1,76,43,0,1,2,8,36,34,5,5,5,7,233,0,0,0,46,38,2,0,1,5,53,34,127,0,2,0,1,0
hsa-miR-3202,93,0,284,32,576,16,439,411,76,2269,0,18,1218,888,726,95,212,480,1416,4488,7369,14,947,1674,1121,31,1233,255,532,2287,0,343,481,439,0,14,1544,1257,94,1727,160,1,504,0,1076,1,10869,28,54,82,1,75,369,156,2484,3,71,2,543,226,464,790,49,1043,1482,0,9238,338,516,1704,282,6148,595,416,144,1,369,1773,89,1653,139,445,409,180,944,806,331,391,126,904,29,888,4693,44,23,791,331,2872,689,488,0,531,4906,4,337,55,86,231,648,333,8,412,21,826,118
hsa-miR-320a-3p,18,36,3,5,490,11,13,24,3,3633,0,1,73,154,220,350,12,28,301,914,129,5,101,163,1485,24,25,56,204,638,1,156,125,762,0,74,8,16,585,1617,2,146,121,0,15,1,854,1,93,5,100,159,122,756,154,3,0,26,343,1928,2408,177,7,7,119,2,151,30,448,2151,2283,1387,46,196,578,2,162,5,107,1484,2007,15,50,122,2350,769,18,63,97,2014,61,48,136,224,135,606,18,258,1462,203,0,35,101,912,887,1,3,220,555,1356,23,115,75,1293,577
hsa-miR-320a-5p,698,4,6,0,5,3,86,0,3,13,0,0,19,3,42,25,6,3,30,12,544,0,28,6,4,2,4,115,39,15,0,40,63,25,1,2,3,3,1,276,0,33,1,0,9,0,920,0,2,2,1,42,3,2,106,1,9,0,49,5,19,14,2,3,124,0,578,14,286,335,396,50,90,83,1,9,4,5,0,296,15,2,4,1,125,112,2,57,0,6,3,16,49,9,21,386,4,120,40,59,0,19,48,86,52,1,0,4,57,49,2,7,1,2,38
hsa-miR-320b,13,16,6,3,498,5,14,25,4,3517,2,0,56,89,200,153,16,24,231,969,119,6,161,26,1534,17,5,29,155,333,1,38,132,360,3,73,7,45,628,1614,0,159,136,0,39,0,909,1,87,3,93,175,156,386,226,0,6,11,332,1433,2349,134,8,2,108,0,157,153,482,2183,903,366,63,196,567,1,153,5,92,1304,1166,12,35,138,1898,33,12,57,88,1875,43,36,74,170,69,641,19,242,1515,183,0,31,103,958,720,1,3,207,598,1360,1,107,90,1316,547
hsa-miR-320c,3,1,1,0,1,0,9,22,1,6,0,0,57,2,9,16,11,15,74,0,133,0,22,15,2,0,2,11,0,46,0,0,32,1,0,0,6,3,20,99,0,7,0,0,2,0,102,0,6,1,0,5,1,0,2,0,2,6,1,0,62,0,0,2,88,1,115,5,21,165,34,301,28,10,17,0,26,0,0,2,62,14,24,0,48,92,1,0,6,2,0,1,11,49,3,65,24,0,50,38,0,0,12,115,0,0,3,0,0,5,0,15,0,1,0
hsa-miR-320d,1,1,3,0,0,1,1,0,0,2,0,0,0,1,10,14,12,21,20,3,106,0,27,8,0,1,4,0,0,53,0,2,28,0,0,0,1,2,18,88,1,1,0,0,6,0,49,0,0,0,1,8,1,1,0,0,4,0,0,0,67,0,1,0,118,0,134,1,25,134,25,274,0,10,18,0,30,1,0,0,13,14,21,0,47,33,0,0,3,0,0,0,6,59,3,60,3,0,38,38,0,0,7,133,1,0,9,0,0,0,0,0,0,0,0
hsa-miR-320e,2,0,4,0,1,1,0,1,1,1,0,1,1,1,10,0,1,14,14,0,132,0,1,2,0,0,67,0,3,7,0,2,25,0,1,0,1,4,13,96,0,2,0,0,1,0,43,0,0,0,0,5,0,0,1,0,0,0,0,0,74,24,1,1,107,0,60,1,24,140,37,181,2,58,15,0,18,2,2,0,105,12,21,0,37,29,0,0,73,0,0,0,6,0,0,226,5,2,227,47,0,1,7,2,0,0,0,0,0,0,0,2,0,1,1
hsa-miR-323a-3p,260,2,0,0,0,2,1,0,0,323,0,0,2,5,19,0,1,59,1,211,2,0,56,2,85,4,37,67,5,446,0,1,4,73,0,7,0,5,7,53,0,2,4,0,88,0,245,1,0,0,0,7,6,2,2,0,0,0,0,20,174,40,4,44,0,0,1,10,129,140,9,3,3,0,2,2,0,48,9,270,42,0,1,6,77,92,0,0,8,71,1,0,27,5,0,242,1,11,19,0,0,0,971,48,14,0,0,0,0,21,0,0,0,61,1
hsa-miR-323a-5p,1032,143,2,9,299,5,2,12,2,435,0,0,11,170,10,63,1,2,22,854,224,1,42,71,466,8,4,373,13,733,0,49,35,0,0,2,6,50,8,13,35,0,7,0,1,0,1307,0,4,0,0,40,22,84,91,0,24,22,52,5,185,123,5,39,151,21,169,46,1047,2,34,18,2,71,70,2,25,2,0,231,74,1,5,0,3,100,21,133,18,37,2,3,70,2,3,1422,0,270,0,28,0,73,1326,0,26,0,0,40,132,69,1,17,10,65,14
hsa-miR-323b-3p,116,3,2,1,0,1,2,3,1,484,0,0,0,2,47,0,1,51,12,235,8,0,102,3,86,2,33,79,55,209,0,1,3,88,0,7,0,1,8,405,0,4,1,0,109,0,345,0,8,0,0,10,2,1,6,1,3,0,0,21,212,37,2,43,1,0,502,6,127,164,6,8,2,0,64,3,2,41,13,225,40,0,2,9,97,182,6,0,22,84,4,1,19,2,2,400,2,244,28,0,0,2,14,70,77,0,0,0,0,29,0,1,0,199,6
hsa-miR-323b-5p,105,0,19,9,56,3,51,10,1,282,0,11,67,83,30,0,106,80,7,533,93,0,35,61,47,4,7,47,0,188,1,23,1,78,0,0,18,4,19,65,26,1,41,0,133,0,364,0,40,1,0,18,9,85,175,1,7,0,19,86,366,184,10,426,1267,19,117,6,355,296,21,49,14,13,1,0,41,65,2,170,119,25,20,1,626,86,88,103,9,957,5,56,34,3,24,255,0,306,2,199,0,54,50,2,65,0,0,26,33,72,0,23,0,22,68
hsa-miR-324-3p,44,0,5,0,77,6,6,132,5,1219,1,2,550,652,105,55,4,111,426,1217,426,1,53,39,108,122,76,109,208,645,0,59,99,69,7,10,14,48,16,1073,1,1,97,0,2,1,3526,8,7,14,0,32,255,40,7,0,1,22,25,24,948,29,28,65,17,0,1098,1011,575,268,15,166,22,84,233,204,58,107,9,557,70,7,109,1,484,822,39,72,115,202,5,164,1603,5,20,549,12,299,18,91,0,111,1387,254,19,0,1,48,19,107,1,88,0,159,76
hsa-miR-324-5p,8,3,2,0,0,3,0,26,2,362,0,0,3,70,13,0,0,1,0,1,156,0,48,56,60,0,104,54,2,4,0,38,23,23,0,0,39,12,0,8,0,0,1,0,69,0,317,1,0,0,0,9,2,118,2,1,2,0,21,61,151,35,1,132,4,0,11,8,152,2,121,10,27,0,1,2,4,36,13,97,2,1,2,0,104,42,0,2,7,66,2,0,11,1,8,195,15,94,74,0,0,26,23,231,36,1,0,0,35,20,0,5,0,111,0
hsa-miR-325,40,0,0,10,3,1,23,5,0,111,0,0,1,1,44,1,2,38,1,4,913,1,4,24,3,1,3,13,3,16,0,62,69,117,13,0,1,2,40,8,0,0,1,1,1,0,17,0,15,2,0,7,7,1,6,0,1,0,1,163,124,43,80,0,1,0,15,21,258,440,9,10,5,14,1,1,3,0,9,564,4,0,106,0,124,44,3,0,80,160,3,2,11,0,6,357,10,46,112,1,0,3,28,582,1,0,0,0,164,68,0,3,0,1,33
hsa-miR-326,2048,7,55,4,224,1332,38,80,8,600,3,16,174,263,80,264,5,5,285,467,30,1,36,12,15,12,71,73,4,208,1,166,24,119,2,21,177,5,34,288,115,13,160,0,133,1,2542,17,50,0,0,90,132,166,318,2,4,1,361,335,1179,230,4,222,64,0,27,28,954,450,1492,232,2,45,4,2,159,8,69,938,196,4,32,10,262,558,2,27,102,276,27,69,944,34,22,2183,7,478,79,191,0,2,275,309,99,26,3,263,55,114,5,13,0,151,147
hsa-miR-328-3p,2162,0,292,2,5,7,237,141,50,1204,0,19,648,756,91,137,19,524,520,9,150,3,332,117,293,374,186,311,214,388,0,1833,130,98,3,12,92,276,38,524,73,5,31,0,22,73,10434,9,19,3,1,92,37,410,226,2,45,0,127,243,374,212,404,180,1383,0,643,78,1636,1330,239,1017,16,2,27,3,165,95,7,561,446,18,50,16,2227,1291,11,226,226,1721,31,51,286,1,22,2028,4,512,163,377,1,147,1460,316,357,2,2,4,133,177,7,176,0,158,106
hsa-miR-328-5p,7,10,5,0,7,2,4,1,2,5431,0,0,14,15,22,3,1,9,6,58,289,2,6,6,260,8,4,9,10,55,0,178,11,14,0,14,5,5,11,24,0,0,8,0,138,12,338,4,0,0,0,0,10,3,8,0,2,2,98,28,119,24,1,0,13,0,10,17,221,117,25,18,2,21,6,7,3,12,6,997,134,3,5,218,385,13,2,7,48,761,3,2,48,3,4,160,0,142,72,1,0,2,94,179,85,3,0,3,3,16,0,18,0,61,89
hsa-miR-329-3p,0,0,57,1,0,2,1,2,8,2,0,0,3,1,10,19,39,8,48,2,106,0,3,6,1,1,13,47,60,2,0,3,35,1,0,0,20,6,0,2,0,0,14,0,0,0,384,0,0,0,0,4,2,0,165,0,0,0,0,0,39,1,4,0,2,0,16,16,342,1,6,386,1,14,0,0,24,1,0,2,0,0,50,0,27,1,5,26,9,0,0,3,813,0,0,102,1,38,2,0,0,4,36,0,0,0,0,1,0,1,0,1,0,1,0
hsa-miR-329-5p,3,0,4,0,13,1,2,69,0,139,0,0,1,2,26,0,324,53,2,83,12,1,78,6,3,1,15,26,0,4,0,0,3,17,0,0,2,65,0,175,0,0,3,0,9,0,113,6,5,0,0,0,4,27,86,0,0,1,16,11,1,2,3,0,0,0,204,278,68,206,7,249,0,1,0,1,19,4,0,0,85,1,4,0,39,44,0,1,31,133,0,1,29,22,0,205,4,208,1,96,1,7,24,2,0,0,0,19,0,2,0,0,0,0,10
hsa-miR-330-3p,1103,3,23,1,77,740,26,14,18,923,0,0,104,182,18,68,88,122,186,345,26,0,91,12,318,12,0,7,47,150,28,139,1,32,1,2,73,7,15,880,1,6,6,0,18,42,1536,2,17,0,0,64,70,46,500,0,1,0,192,253,1316,129,128,422,2,24,26,29,567,104,166,24,3,13,1,2,51,72,9,1192,167,2,38,6,193,534,47,55,80,198,14,6,579,24,27,1525,1,7,1,255,0,5,59,384,72,0,1,24,49,100,6,31,5,165,81
hsa-miR-330-5p,6,0,0,0,23,2,0,0,0,5,0,0,146,15,2,0,1,6,48,785,273,4,1,3,235,2,4,25,12,40,0,0,56,0,0,0,1,55,0,7,0,0,101,0,0,0,582,0,0,0,0,1,97,1,89,0,6,0,1,1,136,1,3,3,83,0,128,7,266,1,198,9,13,7,1,4,1,8,0,150,1,5,3,0,10,243,3,0,11,138,2,16,22,1,9,231,0,8,1,0,0,100,14,0,0,0,2,2,7,2,0,1,0,62,1
hsa-miR-331-3p,4767,98,5391,262,21248,1697,8605,8881,597,64320,543,339,15857,53386,27689,1055,3504,22590,42138,42737,172171,222,20418,42465,36604,3346,13382,21712,8930,58892,581,6017,27388,6014,165,215,16273,20881,2027,84994,949,90,16470,15,22482,203,132637,157,898,800,301,1166,8145,4198,28049,545,1618,435,2524,3141,8207,10697,2477,2518,3749,1490,359979,9449,6051,16953,7841,198483,37168,2822,4494,12731,10589,41892,1144,19851,1796,5046,19828,1315,14976,3478,17966,5929,2023,12073,656,22008,45769,1376,448,5146,16943,128138,5211,6221,11,20997,324090,8290,5188,589,690,2630,4729,6666,63,9175,424,8151,3231
hsa-miR-331-5p,626,0,4,3,60,4,30,2,8,1409,0,0,630,90,14,2,3,13,79,457,17,0,6,4,2,1,0,4,6,19,0,158,263,61,1,1,5,11,0,231,2,8,2,0,1,0,1810,1,0,6,1,47,118,35,8,0,2,0,22,146,354,1,15,2,257,1,111,1113,317,195,19,20,11,1,28,1,17,11,0,272,3,4,12,2,351,340,1,16,214,0,15,0,72,3,8,606,14,275,1,141,0,1,85,1,119,0,0,70,3,51,0,3,0,1,8
hsa-miR-335-3p,2,0,1,0,9,1,1,1,5,4,0,0,1,0,0,0,2,1,1,3,21,0,0,45,0,0,23,2,0,3,0,1,33,0,0,0,1,2,6,3,0,0,0,0,0,0,930,1,0,0,0,5,1,2,6,0,9,0,3,1,0,1,2,1,0,0,12,3,5,4,2,15,46,0,1,0,10,43,0,2,156,1,1,0,0,1,12,1,0,286,0,21,10,0,1,4,0,3,0,0,0,31,13,1,17,0,0,3,0,1,0,1,1,0,0
hsa-miR-335-5p,4,0,0,2,0,0,2,0,1,2,0,0,28,0,0,0,1,0,0,1,14,1,4,179,1,0,0,1,86,6,0,35,31,149,0,1,37,4,0,3,0,0,3,0,2,0,465,0,0,0,0,0,2,0,2,0,0,0,0,81,1,13,0,0,2,0,13,7,1,1,2,14,5,0,0,0,11,128,0,3,1,1,1,0,145,10,0,0,0,0,0,38,11,0,7,143,1,5,0,0,0,1,24,0,2,0,0,0,36,0,0,2,5,44,213
hsa-miR-337-3p,2,0,0,0,0,1,0,1,0,0,0,0,130,1,0,0,0,2,1,0,3,0,1,2,0,0,0,3,0,1,0,1,40,0,0,0,1,4,0,209,0,0,107,0,72,0,50,0,3,0,0,0,8,389,1,0,0,0,0,0,0,1,3,1,3,0,3,632,0,1,2,204,1,0,0,0,14,200,0,1,0,1,4,0,1,0,0,0,0,0,3,32,28,1,0,1,0,3,0,1,0,0,32,0,1,0,0,0,29,22,0,0,0,0,0
hsa-miR-337-5p,166,4,55,1,277,6,142,86,13,648,0,4,360,235,135,48,68,326,79,77,1096,3,58,127,420,4,171,6,101,596,0,117,146,241,3,1,377,179,36,916,1,3,234,0,356,0,3517,1,25,2,0,7,20,180,192,0,29,2,134,206,172,154,8,171,148,1,2612,526,216,112,12,856,39,39,79,0,118,120,29,314,0,28,131,60,564,176,54,25,41,46,5,132,87,12,19,291,141,580,145,1,0,128,530,445,28,0,7,1,363,78,1,115,26,203,8
hsa-miR-338-3p,0,1,3,0,0,0,29,30,3,2,0,0,1,0,1,0,1,2,1,2,5,0,12,1,2,2,1,2,2,52,0,25,29,1,0,0,3,1,0,45,0,0,1,0,0,0,397,6,0,0,0,11,1,0,2,0,0,0,0,0,0,7,0,0,1,0,392,8,96,2,1,9,1,0,0,0,3,0,4,86,0,0,32,0,9,0,10,0,11,0,0,23,2,0,0,51,0,0,0,0,0,0,6,0,0,0,0,20,0,0,1,2,0,0,1
hsa-miR-338-5p,652,1,3,0,11,1,61,14,2,24,16,0,7,5,1,0,14,3,44,702,13,0,3,3,2,1,5,7,1,160,0,2,2,0,1,0,3,5,15,384,0,0,4,0,1,0,896,2,5,3,0,4,8,2,2,1,2,0,0,0,73,0,1,2,176,0,12,335,276,51,13,349,7,0,79,0,56,9,4,13,2,3,5,0,1,29,2,0,5,0,7,2,37,0,0,220,4,7,74,194,0,4,1324,0,45,8,0,13,0,32,0,4,0,0,0
hsa-miR-339-3p,1096,9,174,13,122,16,109,22,41,3097,42,1,490,1000,263,161,91,272,605,40,605,2,288,232,699,1997,78,120,17,356,1,249,116,201,52,37,341,57,38,298,1,10,236,0,42,0,4119,12,16,3,0,43,208,32,73,0,2,0,350,91,973,224,62,512,398,0,1433,67,874,1224,99,486,13,18,29,5,211,7,19,636,303,73,7,10,388,997,26,91,91,471,42,151,691,18,34,2139,128,392,119,140,1,120,1536,330,328,1,0,52,223,298,4,68,3,41,163
hsa-miR-339-5p,342,0,8,1,87,5,28,47,3,446,0,0,47,110,144,24,6,5,359,313,3662,0,142,11,261,17,15,36,40,36,0,180,179,20,1,0,19,13,1,61,2,4,10,0,5,0,1012,0,30,2,0,14,70,1,190,1,19,2,32,1,122,211,14,3,2,63,229,33,92,3,13,266,11,1,0,213,36,7,0,118,2,12,7,1,4,96,4,39,46,119,8,88,69,14,0,984,43,1454,119,385,0,72,131,0,2,2,1,65,0,2,0,7,0,2,95
hsa-miR-33a-3p,26,0,4,1,0,3,1,91,1,184,0,0,10,94,114,85,1,222,134,10,306,1,7,9,97,5,7,17,5,16,0,6,34,1,0,0,13,10,26,277,2,0,27,0,3,0,1130,0,0,0,0,2,30,1,6,0,1,0,142,0,84,1,5,0,0,1,840,30,60,4,178,495,30,1,1,300,15,109,2,160,55,4,56,0,6,73,75,178,0,9,0,41,60,3,11,200,47,305,1,2,0,66,1889,1,1,0,17,1,186,1,0,29,0,52,1
hsa-miR-33a-5p,4,0,0,0,0,0,1,1,0,0,0,0,1,1,0,0,0,23,1,1,2,0,1,0,0,0,0,69,0,3,0,1,157,0,0,0,2,1,1,1,0,0,0,0,12,0,230,0,0,0,0,0,5,1,0,0,0,0,2,0,2,1,3,0,68,0,5,9,3,0,0,1,2,0,0,0,0,181,0,3,0,0,0,0,0,2,1,0,0,0,6,2,17,17,0,6,0,1,0,0,0,33,15,0,36,0,0,0,0,62,0,0,0,1,2
hsa-miR-33b-3p,597,0,19,1,1,4,4,10,4,17,0,0,219,273,35,35,4,17,80,146,252,2,106,14,279,5,6,72,0,5,1,88,3,45,2,31,5,9,2,34,0,2,3,0,6,0,2481,6,1,33,0,48,106,3,115,0,1,0,164,44,316,5,368,32,2,0,33,17,391,739,18,27,97,31,2,0,32,1,4,244,164,4,3,2,261,221,0,1,14,102,9,5,37,1,0,582,5,90,4,206,0,57,76,84,5,10,0,7,63,46,1,5,34,8,41
hsa-miR-33b-5p,84,0,22,0,0,1,1,0,0,1,0,0,3,1,7,8,2,1,63,114,5,0,0,1,1,0,65,65,0,2,2,7,1,0,0,0,0,1,0,2,0,0,1,0,1,0,3,13,1,0,0,0,7,27,1,0,0,0,82,0,0,0,29,0,57,0,3,0,1,0,4,132,0,0,1,0,0,1,6,51,0,84,0,0,10,19,0,69,0,0,0,6,4,1,7,47,0,42,0,0,0,1,4,0,0,0,0,0,0,0,0,1,0,0,0
hsa-miR-340-3p,0,0,0,0,1,1,3,2,0,0,0,0,1,78,0,0,5,107,65,1,645,0,1,0,1,1,2,4,1,3,0,1,116,0,0,0,162,94,0,2,0,0,1,0,0,0,56,0,0,0,0,2,2,1,32,0,1,0,1,0,1,72,4,0,0,0,16,14,2,0,1,298,61,0,0,0,1,3,7,3,0,5,3,0,356,1,1,0,18,0,4,107,15,0,0,2,70,87,0,0,0,65,25,0,0,0,0,0,0,55,1,1,0,0,1
hsa-miR-340-5p,99,0,2,0,23,2,0,2,0,0,1,2,124,27,71,0,3,5,0,3,13,1,0,26,3,2,3,7,11,7,1,2,2,2,0,0,6,0,0,66,0,0,0,0,0,0,30,1,1,1,0,0,20,136,3,0,0,0,0,0,131,42,0,1,0,0,1144,6,148,1,5,237,0,62,0,1,0,0,0,1,2,5,13,0,3,71,1,0,0,2,5,15,11,0,2,16,0,62,0,0,0,53,11,698,1,0,0,0,1,18,9,2,0,1,13
hsa-miR-342-3p,2477,10,6,0,6,1096,1,70,2,3177,0,0,256,556,156,194,9,340,289,362,42,0,65,142,226,17,35,146,35,53,3,290,75,58,43,79,30,193,88,716,1,15,54,0,355,67,2169,0,38,3,0,139,100,921,189,7,2,1,101,4,607,138,5,484,258,0,1738,161,755,540,325,346,80,90,299,4,16,8,9,1315,993,8,50,23,371,2862,2,134,109,144,31,8,475,24,34,2232,2,151,144,2,0,7,417,233,134,18,3,531,100,393,2,131,375,1729,531
hsa-miR-342-5p,262,0,3,0,2,0,34,3,0,280,0,0,398,1,1,0,6,1,14,0,24,1,1,12,1,2,1,2,84,8,0,2,19,1,0,0,5,9,1,9,0,18,4,0,0,0,1311,0,0,9,0,9,6,2,5,0,1,0,203,2,0,0,3,2,0,0,14,15,3,202,144,17,5,0,0,5,19,1,3,1,1,60,3,0,1,6,4,148,15,97,5,33,1041,1,11,165,0,64,260,157,0,16,43,0,88,0,0,2,0,36,0,35,0,2,0
hsa-miR-345-3p,166,12,1,0,35,4,2,3,0,330,0,0,4,83,37,0,7,112,45,472,10,0,358,131,108,4,32,29,3,7,10,83,128,57,0,4,3,2,0,70,0,1,0,0,5,0,56,0,33,1,0,4,6,0,5,0,1,0,9,0,2,2,3,1,42,0,948,10,249,1027,28,93,72,1,1,2,97,32,3,205,55,15,0,0,131,170,16,0,0,1,0,1,39,4,2,239,24,319,0,3,0,1,36,1,0,0,0,2,0,16,0,18,0,1,1
hsa-miR-345-5p,32,0,0,1,1,1,0,0,0,157,0,0,1,22,19,0,1,1,30,0,145,0,1,4,0,1,0,0,1,3,0,39,1,133,0,0,1,1,10,2,0,0,0,0,0,0,220,0,8,2,0,0,1,0,1,0,1,0,106,13,82,0,0,0,0,0,5,0,68,89,3,9,0,0,0,0,50,2,4,427,25,0,1,0,38,45,0,0,7,1,3,0,5,0,0,64,1,2,30,3,0,0,12,46,107,0,0,0,0,30,0,1,0,0,1
hsa-miR-346,1094,5,1,1,1,10,0,20,0,322,0,7,187,162,3,0,36,30,103,258,9,2,1,109,119,2,2,5,42,9,0,3,39,33,0,8,66,3,0,95,0,0,45,0,432,1,479,0,5,0,0,0,45,1,13,0,0,13,3,1,60,42,4,40,2,0,4,619,262,44,16,8,16,11,72,1,31,9,0,176,42,1,8,9,2,135,38,0,46,57,10,64,39,5,1,646,2,5,0,1,0,18,45,61,54,0,0,0,1,84,0,12,0,1,5
hsa-miR-34a-3p,4,5,1,0,0,413,1,1,0,0,0,0,0,92,0,0,0,1,0,1,5,0,1,1,0,1,0,0,0,4,2,0,115,0,0,1,0,0,0,6,0,0,1,0,0,0,7,0,0,0,0,0,4,0,1,0,17,0,29,0,2,1,1,1,0,0,3,3,147,531,5,4,0,15,0,1,1,2,1,2,1,0,30,0,0,0,1,1,0,0,7,0,7,4,0,72,41,122,1,2,0,0,13,1,0,0,0,0,0,24,0,20,0,0,0
hsa-miR-34a-5p,33,0,33,6,58,1,26,3,4,147,0,13,146,79,41,11,7,3,69,2,488,1,59,59,23,1,5,2,68,11,0,110,118,100,1,0,103,6,17,622,0,0,17,0,97,1,1316,1,32,0,0,4,6,74,187,0,0,0,6,41,3,118,4,1,108,1,255,18,271,168,12,267,44,43,70,0,0,99,5,486,0,7,43,25,98,166,90,1,38,0,0,38,38,4,7,212,27,166,1,81,0,39,607,1,2,1,1,1,41,2,0,38,0,0,12
hsa-miR-34b-3p,422,5,13,17,0,1,12,0,0,48,0,0,67,101,1,1,1,36,100,571,11,3,2,162,33,0,2,3,9,9,1,11,11,2,0,0,2,7,30,254,0,0,41,0,106,0,1060,0,3,1,0,0,10,1,60,0,0,0,0,71,175,20,3,4,1,0,11,13,78,112,154,63,4,1,1,2,11,2,8,4,52,1,5,0,1,146,4,103,25,135,9,7,1806,9,16,209,2,8,1,3,0,13,65,122,56,0,0,3,0,41,0,1,1,0,20
hsa-miR-34b-5p,273,0,4,0,19,2,39,2,8,551,1,0,3,2,62,0,2,11,8,59,38,0,5,5,580,6,5,5,5,323,1,4,8,120,1,1,12,4,4,312,0,0,5,0,3,0,605,0,1,1,0,2,91,2,11,1,0,0,0,2,237,6,1,305,273,1,519,9,14,2646,16,50,5,72,0,2,3,4,0,380,1,4,6,0,154,142,25,0,37,510,0,12,18,2,5,129,3,143,143,0,0,2,47,1,9,0,0,1,7,18,0,7,1,9,16
hsa-miR-34c-3p,302,0,1,0,0,3,0,4,19,448,0,1,12,126,27,18,0,22,50,8,12,0,186,145,66,7,23,6,13,195,50,2,68,81,1,22,5,17,8,17,0,8,46,1,99,0,1020,0,0,0,0,24,29,91,145,0,0,1,247,97,441,45,7,3,8,0,494,52,436,670,16,22,79,0,146,0,28,15,11,322,215,33,6,2,4,273,0,83,37,224,1,39,2837,0,1,426,2,20,42,5,1,2,1389,0,212,0,0,34,113,15,0,2,0,2,32
hsa-miR-34c-5p,835,0,3,0,2,3,3,3,0,1,1,2,9,1,27,0,2,1,162,2,23,0,1,121,0,691,5,3,1,2,0,1,4,20,0,0,0,83,0,16,0,1,1,0,0,0,487,0,0,0,0,10,2,2,15,0,2,0,140,1,229,21,0,3,0,0,615,4,425,2,19,13,9,2,0,3,2,0,0,0,64,0,1,1,4,167,4,2,17,0,1,1,12,0,0,467,3,1,2,0,0,2,25,1,85,0,0,103,1,2,0,0,0,1,14
hsa-miR-3529-3p,9,0,4,1,2,6,34,3,3,16,1,0,124,56,53,5,4,9,42,63,59,2,11,87,6,3,6,33,4,21,1,0,7,1,0,0,23,96,1,110,1,0,10,0,3,0,1012,0,26,0,0,0,11,5,6,0,21,13,2,2,34,8,5,9,128,0,68,26,247,9,13,462,9,39,38,6,4,129,1,6,7,72,35,1,194,53,42,2,9,61,2,40,62,0,10,154,30,135,3,110,0,25,720,4,5,0,2,10,5,8,2,4,0,107,26
hsa-miR-3529-5p,156,1,2,3,0,0,24,1,1,1,0,0,25,9,29,19,0,6,49,6,13,0,60,68,70,5,57,57,4,3,0,41,9,0,0,6,30,4,0,6,1,0,23,0,1,0,120,1,0,0,0,2,50,6,7,0,0,0,0,2,2,22,0,1,3,0,204,19,68,3,3,9,4,0,0,0,15,18,4,3,1,0,1,0,4,10,26,1,5,53,1,22,22,0,0,148,0,1,2,49,0,5,25,2,38,0,0,1,0,2,0,6,0,0,9
hsa-miR-3605-3p,350,1,4,2,11,1,35,3,2,367,0,3,217,23,12,9,58,113,23,133,267,2,73,226,126,2,26,95,49,22,0,25,35,2,1,0,85,77,24,634,0,1,52,0,295,0,409,0,11,0,0,3,44,21,136,1,21,2,1,2,2,84,5,1,70,1,693,27,15,0,12,22,4,41,38,6,145,210,8,28,11,64,71,5,86,47,8,19,3,3,4,46,58,18,0,385,2,28,39,28,0,25,54,188,3,0,1,3,17,9,0,13,0,107,27
hsa-miR-3605-5p,473,1,23,0,1,1,17,8,4,6,0,10,170,84,55,20,2,33,94,8,185,1,34,92,71,6,39,212,222,257,0,13,141,107,1,13,105,60,17,212,0,0,35,0,228,0,1098,0,20,1,0,35,57,0,69,0,24,0,40,61,47,62,6,2,1,0,179,807,109,1183,14,491,78,120,2,0,41,91,19,210,203,5,11,17,38,126,7,1,63,141,13,18,542,3,8,590,33,32,65,59,0,27,426,1,17,0,1,61,68,54,1,10,10,0,79
hsa-miR-3606-3p,2,0,1,21,7,1,1,2,19,0,0,0,5,1,0,2,1,1,0,1,2,0,0,24,1,0,7,10,150,0,0,1,1,0,0,0,4,1,0,0,0,0,2,0,0,0,56,0,0,0,0,2,4,96,2,0,0,0,0,0,0,150,1,0,4,1,43,3,1,2,3,4,8,1,0,0,20,39,5,169,81,9,4,0,3,75,0,41,8,13,0,20,12,0,0,1,12,12,1,9,0,44,130,28,1,0,1,0,0,0,0,3,0,1,43
hsa-miR-3606-5p,2,0,0,0,0,0,0,1,0,1,0,0,2,0,34,0,1,1,0,1,9,0,0,0,0,0,66,2,0,2,0,0,0,0,0,0,3,0,0,306,0,0,0,0,0,0,477,0,0,0,0,0,0,0,1,0,1,0,0,0,36,1,0,42,1,0,192,1,21,0,1,6,0,0,0,0,0,9,0,2,6,2,0,0,0,0,0,0,0,0,0,1,2,0,0,6,1,1,0,0,0,6,0,1,0,0,0,0,0,1,0,1,1,0,0
hsa-miR-3609,223,0,1,0,1,1,1,44,10,804,0,0,153,1,0,2,80,1,24,66,13,0,17,3,0,1,0,1,2,5,0,53,179,10,0,1,4,1,1,8,0,0,2,0,0,0,556,0,0,0,0,2,3,0,6,0,31,0,4,19,31,6,5,3,0,1,12,19,7,1,4,470,62,3,0,0,4,1,1,201,2,11,1,0,106,4,1,0,0,0,0,2,18,1,1,93,0,114,0,2,0,1,21,0,0,0,0,88,0,1,1,1,0,0,13
hsa-miR-361-3p,1823,32,1772,154,4099,51,3705,2136,174,19815,4,143,5552,7468,3643,357,1297,7861,7587,15057,31412,59,5079,9417,6517,562,5387,8440,2539,12225,7,2140,6793,1276,53,93,7492,7112,717,16686,122,49,5633,2,7307,0,50578,94,225,231,154,419,4709,1143,10054,5,771,177,1315,1055,3747,4561,729,1045,1836,333,60731,2820,4279,13083,1799,42572,8968,1164,1447,1483,3807,7586,282,4616,747,1639,4777,579,3537,2715,3476,2213,859,2533,237,5859,6945,334,142,3518,2875,20473,2837,1764,3,4763,57065,5901,2339,62,184,808,2609,2396,26,2497,203,5973,1078
hsa-miR-361-5p,2,4,33,0,123,1,1,4,1,353,0,0,5,99,61,0,3,167,31,1,766,1,7,304,0,1,45,52,4,348,0,17,6,2,0,0,7,64,15,199,0,0,2,0,73,0,662,0,10,0,0,24,19,1,216,0,14,2,0,1,3,64,5,145,113,25,571,38,0,2,4,591,5,50,1,1,43,103,18,158,35,1,3,0,182,1,21,0,2,123,0,94,96,7,0,52,78,527,37,77,0,55,2237,134,70,0,0,0,2,0,0,68,0,3,16
hsa-miR-3610,687,1,0,0,240,4,34,11,20,369,81,26,158,148,5,36,1,28,62,224,6,0,2,11,12,5,0,6,5,7,0,237,2,1,0,14,2,139,7,6,0,9,47,0,70,0,232,0,15,22,1,39,115,167,199,0,0,2,98,1,212,27,3,44,141,1,9,25,250,4,80,5,42,91,38,0,0,93,30,413,59,12,6,1,0,2,29,1,11,1,9,1,1659,3,5,491,39,102,280,71,0,1,42,0,56,1,1,3,9,182,0,30,0,375,111
hsa-miR-3611,5,0,5,2,0,0,74,39,1,145,0,0,22,4,36,1,3,23,42,1,42,0,3,51,1,1,4,113,5,7,0,0,88,1,0,0,72,6,2,330,0,0,127,0,0,0,561,0,2,0,0,1,44,0,4,0,19,0,0,35,1,44,1,1,0,0,67,4,5,0,4,695,5,27,1,0,102,1,5,4,1,99,2,0,1,1,14,3,10,2,1,14,17,0,0,8,9,11,0,0,0,8,27,3,1,0,2,1,0,11,0,16,0,2,0
hsa-miR-3612,3,0,60,3,125,1,98,4,0,225,0,0,2,1,1,9,2,42,1,2,531,0,0,0,1,0,50,119,2,4,0,0,1,0,0,0,2,1,15,115,0,0,94,0,0,1,267,1,4,1,0,1,268,0,1,0,0,0,0,2,1,7,1,0,4,0,18,8,46,2,4,56,0,0,0,0,1,15,0,135,185,2,2,0,0,29,2,0,1,64,0,3,16,1,2,93,18,36,50,0,0,4,19,0,1,1,0,0,1,6,0,0,1,309,60
hsa-miR-3613-3p,449,12,78,0,59,11,445,42,14,1469,16,0,449,146,307,25,51,6,156,171,438,4,4,1069,3,3,152,290,15,39,2,30,9,97,1,1,17,369,1,1397,2,0,148,0,4,0,4752,4,1,2,0,26,596,432,37,0,82,0,545,14,577,47,10,25,256,2,483,51,780,6,136,265,5,72,29,3,84,546,3,276,61,90,9,1,251,804,26,151,41,171,11,15,199,1,4,707,6,50,23,213,0,198,135,179,50,2,23,360,109,138,9,17,0,4,109
hsa-miR-3613-5p,6,3,240,22,88,2,74,96,154,582,47,0,5,2,0,6,104,3,24,4,988,8,197,45,2,4,140,2,0,3,18,89,220,1,0,0,210,11,10,4,0,2,1,0,0,0,80415,1,4,0,0,4,12,191,5,1,17,0,2,4,2,73,5,576,1,1,765,22,190,1,16,936,26,0,67,1,88,21,1,110,1,73,21,4,1,202,90,15,26,1,4,133,1248,1,0,295,38,235,1,44,0,91,49,1,89,3,2,367,73,83,1,64,1,1,76
hsa-miR-3614-3p,4706,0,100,12,106,13,78,116,19,1809,0,21,1073,307,73,174,26,163,217,2144,1157,4,54,57,3,28,48,88,229,44,38,433,486,76,1,1,217,406,37,272,154,5,91,0,1126,1,11655,35,58,212,0,86,106,1085,270,0,23,3,920,217,1414,175,25,1189,385,0,1137,131,1930,963,200,243,7,152,121,3,52,8,20,572,416,37,242,64,472,1074,4,309,279,511,37,77,1774,69,26,3398,36,295,450,488,0,17,183,1,0,3,3,228,23,336,10,61,1,586,110
hsa-miR-3614-5p,339,51,4,0,1,5,1,22,2,477,1,0,8,88,71,3,3,7,93,11,1033,2,9,4,269,8,6,349,4,501,0,13,8,186,0,2,11,198,51,77,0,0,128,0,10,0,1255,0,21,0,0,53,129,312,12,1,3,0,15,19,41,71,3,3,1,0,627,16,1234,480,208,142,6,77,36,0,40,67,5,1,72,17,77,0,306,556,57,32,8,376,11,70,57,14,9,1260,2,319,3,2,0,92,55,938,35,0,1,70,44,3,1,14,1,0,14
hsa-miR-3615,803,48,5,14,131,7,83,3,3,2380,0,0,247,137,110,23,4,52,58,10,573,0,28,2,532,6,4,6,5,27,0,18,119,50,3,22,137,6,25,401,1,0,5,0,61,1,375,7,8,0,0,40,433,92,9,0,0,0,2,34,532,231,8,1,275,129,17,374,211,143,142,14,8,58,3,0,22,6,2,680,2,1,5,27,58,203,0,0,63,32,4,22,65,3,9,830,0,134,19,71,0,4,760,272,5,0,1,38,82,139,1,32,0,401,14
hsa-miR-3616-3p,301,1,3,5,5,1,1,3,0,159,0,0,75,72,27,28,2,3,25,6,26,0,4,5,320,6,4,2,46,41,0,71,2,73,0,0,7,3,15,24,32,3,2,0,1,0,1871,1,1,3,0,2,2,1,7,0,0,0,66,6,151,49,2,160,4820,0,20,53,279,399,19,28,56,33,1,1,30,1,2,204,165,4,0,0,72,31,0,81,90,254,5,73,19,0,0,604,0,95,52,214,0,3,25,1,49,1,9,1,11,8,0,1,0,0,0
hsa-miR-3616-5p,2,0,2,16,1,1,0,0,0,6,0,0,2,2,13,0,0,1,1,0,13,0,0,63,0,1,4,0,1,5,0,4,1,0,1,0,1,1,0,489,0,0,0,0,83,0,15,0,0,0,0,2,2,64,2,30,0,2,38,0,124,52,0,206,75,26,567,3,2,0,2,24,1,1,1,0,1,2,0,2,0,1,1,1,0,2,2,0,6,232,0,2,2,0,0,67,0,3,0,0,0,9,4,0,1,0,0,89,1,0,1,1,2,0,33
hsa-miR-3617-3p,54,0,86,1,314,4,1,2,1,102,0,2,5,1,0,17,8,143,97,3,539,5,1,31,482,7,5,75,112,17,0,94,4,0,0,0,5,4,0,30,0,5,3,0,21,0,916,0,29,0,0,25,5,70,8,0,0,0,1,165,27,1,2,28,3,0,715,9,114,424,10,232,3,24,0,0,70,36,9,183,2,3,0,1,5,414,38,1,14,58,37,30,17,35,4,437,19,56,1,129,0,31,16,0,72,0,1,62,0,375,1,1,0,1,0
hsa-miR-3617-5p,1,0,0,0,0,0,0,1,0,0,0,0,0,2,0,0,0,0,0,0,5,0,1,3,0,0,0,0,0,169,0,1,1,0,0,0,2,2,0,196,0,0,3,0,79,0,127,0,0,0,0,0,1,0,0,0,0,0,0,15,2,0,0,0,0,0,131,0,64,277,1,2,9,0,0,0,0,0,0,80,34,0,0,0,0,12,0,0,1,0,0,31,0,0,0,5,32,2,0,1,0,0,1,0,0,0,0,0,0,0,0,52,0,0,0
hsa-miR-3618,105,0,2,0,60,0,21,4,6,976,0,0,296,17,0,0,4,248,27,235,300,6,108,89,339,2,5,59,55,9,0,3,3,1,0,0,96,6,2,190,79,5,4,0,4,0,499,0,8,0,0,0,219,2,103,0,15,1,1,2,54,44,3,72,1,0,226,22,3,1,2,210,7,139,2,0,16,95,10,226,68,1,56,20,380,1,8,69,4,1,0,11,48,9,0,3,29,232,0,1,0,25,52,1,0,0,2,0,2,0,1,1,1,0,1
hsa-miR-3619-3p,334,0,0,0,191,0,2,5,6,3,0,0,44,46,0,0,5,20,139,581,527,0,0,6,3,3,3,120,22,11,77,0,6,26,0,0,0,2,10,192,0,0,21,0,0,0,226,0,21,1,0,12,13,1,4,0,24,0,31,0,226,1,1,51,0,1,175,4,151,159,136,10,1,0,0,0,39,1,0,275,42,16,102,5,2,103,0,0,2,46,2,20,25,0,5,183,1,4,38,125,0,1,787,104,28,0,0,1,0,33,1,0,0,0,29
hsa-miR-3619-5p,273,0,2,0,161,6,15,5,0,1292,1,1,89,45,94,52,3,6,0,277,580,0,5,81,3,1,5,76,56,39,0,1830,9,94,0,1,7,9,33,257,0,0,34,0,1,0,120,5,18,3,0,10,163,149,9,0,0,0,108,109,114,37,12,120,96,0,16,29,423,444,220,14,3,31,0,1,2,101,5,1035,54,3,91,1,1172,138,24,130,106,123,12,1,1038,2,22,491,3,58,68,79,0,6,63,2,1443,0,0,1,66,64,9,1,0,142,27
hsa-miR-362-3p,1,0,3,0,0,1,0,4,0,383,0,0,3,1,1,1,1,110,1,7,28,0,2,39,0,1,0,2,1,12,0,1,3,2,0,0,1,4,0,75,0,1,2,0,0,0,108,0,0,0,0,0,1,20,309,0,21,0,1,0,98,8,0,0,2,0,214,11,1,2,5,407,47,5,1,0,2,2,12,5,0,2,97,0,1,34,0,1,2,0,8,82,16,2,0,27,3,134,1,1,0,5,23,0,1,0,1,2,0,62,0,1,0,51,0
hsa-miR-362-5p,15,2,0,0,0,0,2,0,0,0,0,0,1,22,0,1,1,0,45,2,1,0,1,1,3,1,1,0,3,3,0,45,1,90,0,0,1,20,0,2,0,0,0,0,0,0,230,0,0,0,0,24,2,0,0,0,0,46,0,1,2,1,3,1,4,0,5,3,2,0,90,3,2,0,0,0,17,55,1,0,0,1,1,0,45,1,1,0,12,0,5,0,16,0,8,63,0,89,0,0,0,1,5,127,81,0,0,0,0,0,0,1,0,2,56
hsa-miR-3620-3p,119,11,4,2,101,3,2,1,8,71,0,9,3,41,112,66,4,131,76,253,22,0,3,6,271,7,9,2,6,27,0,3,5,0,0,0,150,3,8,14,0,7,50,0,20,0,2909,10,3,1,0,46,162,153,219,0,0,0,38,19,438,36,2,75,825,0,212,49,534,781,85,19,3,17,2,2,1,124,4,1647,434,0,34,0,77,261,35,0,25,289,13,4,394,48,4,434,2,0,142,1,0,2,33,2,61,7,0,0,1,113,1,71,0,0,0
hsa-miR-3620-5p,26,0,11,0,74,1,0,1,0,412,0,0,3,0,9,9,0,0,0,4,2,0,0,0,108,1,1,38,0,6,13,1,0,0,0,0,1,0,0,7,0,0,0,0,0,0,349,0,9,0,0,4,2,0,134,0,0,0,2,0,1,0,1,0,3,0,3,6,102,0,1,4,0,0,1,0,1,0,0,10,0,0,0,0,16,11,2,35,1,117,0,0,9,0,2,10,10,2,0,0,0,0,0,0,41,3,0,2,38,0,0,0,0,0,2
hsa-miR-3621,200,4,3,0,43,4,2,3,2,574,0,1,37,121,73,1,40,68,73,440,237,2,5,5,387,5,65,12,2,22,0,123,8,185,0,8,7,29,2,149,0,7,9,0,311,0,726,0,5,1,0,0,17,0,11,1,8,0,127,0,111,29,5,4,425,0,332,19,268,218,753,15,5,2,62,2,15,28,0,1866,67,1,169,1,122,120,23,16,24,7,2,13,54,4,23,238,2,159,43,0,0,141,1085,1,0,0,0,50,111,7,0,76,0,208,60
hsa-miR-3622a-3p,3,1,1,0,107,0,2,0,1,7,0,0,99,33,11,0,0,0,16,1,8,0,1,39,2,0,27,2,2,6,0,30,1,1,0,0,2,2,5,5,0,0,1,0,2,0,522,0,0,0,0,0,2,49,7,0,0,0,2,6,3,15,1,0,1,0,19,3,13,4,3,8,9,44,0,1,21,1,0,116,27,1,0,0,59,41,3,41,9,0,7,5,12,2,0,22,0,45,0,1,0,0,18,1,93,18,0,0,0,52,0,0,0,174,1
hsa-miR-3622a-5p,41,3,1,3,0,1,0,1,0,0,0,0,1,22,0,0,1,19,0,1,6,0,0,0,1,0,0,0,2,59,0,57,0,0,0,0,68,50,0,5,0,0,1,0,0,0,138,0,5,0,0,2,32,43,7,0,0,0,1,20,0,31,1,0,0,0,5,3,10,24,2,3,1,0,0,126,0,0,4,1,30,0,0,0,31,27,0,0,0,0,1,0,3,0,0,43,10,2,0,43,0,0,12,0,15,0,0,0,0,11,1,0,0,94,19
hsa-miR-3622b-3p,19,8,0,7,0,0,0,0,0,0,0,0,0,12,0,0,1,7,1,0,4,0,0,2,1,0,0,1,1,54,0,48,0,1,0,0,73,41,5,3,0,0,0,0,1,0,134,0,0,0,0,1,31,78,2,0,0,0,1,23,0,37,0,1,0,0,6,4,9,17,2,1,0,0,1,510,0,0,8,0,5,2,1,0,93,15,0,0,11,0,2,0,2,0,0,47,18,0,0,37,0,3,6,0,0,0,0,0,0,20,1,0,0,50,15
hsa-miR-3622b-5p,3,0,0,0,90,2,2,2,0,3,0,0,28,38,4,0,0,0,14,1,0,0,1,1,0,1,45,0,0,1,0,35,0,0,0,0,1,1,17,4,1,0,0,0,0,0,347,0,0,0,0,0,1,154,6,0,0,0,0,13,1,25,0,1,1,0,2,4,3,2,4,7,2,53,0,0,19,0,0,43,28,0,0,0,84,26,2,16,2,0,11,1,4,0,0,19,0,37,0,0,0,0,11,0,106,9,0,0,0,82,0,0,0,188,0
hsa-miR-363-3p,19,2,1,0,2,0,0,1,2,3,0,0,192,37,66,2,1,57,101,5,4,0,42,2,0,2,0,1,0,6,1,0,0,65,0,0,6,2,0,2,0,0,0,0,0,0,269,0,0,0,0,6,3,1,1,1,1,0,0,0,1,0,1,289,370,0,6,4,161,381,6,427,1,0,1,0,34,0,0,4,1,0,3,0,173,5,0,0,19,159,1,1,12,0,0,161,8,1,2,0,0,0,22,0,0,0,0,48,90,0,0,1,0,1,1
hsa-miR-363-5p,816,6,4,12,113,4,5,2,1,616,0,0,303,82,96,12,78,7,64,9,26,0,2,6,227,3,6,28,83,18,0,81,7,71,0,0,165,4,8,17,0,8,4,0,0,0,989,13,23,3,0,120,15,221,15,1,0,0,292,67,576,137,4,1,546,0,26,16,245,243,24,28,90,67,162,1,61,37,24,800,161,3,115,0,132,347,20,0,55,27,31,40,28,0,7,331,1,9,237,154,0,27,56,2,27,0,1,0,0,165,0,42,60,3,53
hsa-miR-3646,8,0,3,0,0,0,3,4,2,60,0,0,88,65,1,0,94,1,17,5,35,1,221,8,2,0,4,60,1,8,0,2299,1,61,0,0,8,146,1,6,0,0,4,0,332,0,339,1,0,0,0,1,139,85,0,0,27,0,2,0,1,4,439,40,0,0,31,15,11,4,1,32,22,0,164,0,22,1,0,32,3,5,3,2,89,1,1,2,102,3,5,37,49,4,2,85,1,116,0,0,0,19,51,0,68,2,0,0,2,111,1,268,1,0,43
hsa-miR-3648,421,6,6,0,54,10,6,4,26,454,0,0,420,215,88,30,3,3,197,952,40,0,9,130,502,17,11,69,99,212,0,153,1,323,3,1,52,131,0,107,2,0,3,0,7,68,3647,0,63,3,0,40,95,132,45,1,17,1,181,160,1333,74,1,96,4070,2,1118,92,954,634,408,35,5,48,67,3,32,2,29,347,265,47,8,22,504,616,3,2,60,332,12,2,280,7,36,1509,2,223,83,163,0,3,76,385,80,1,0,16,164,90,2,2,0,210,3
hsa-miR-3649,11,0,1,0,1,3,1,0,0,531,0,0,42,20,32,0,0,9,2,1111,186,0,97,50,179,4,3,3,1,21,0,1,4,63,0,0,3,4,4,13,0,2,1,0,1,0,59,0,1,0,0,20,1,129,9,0,0,0,19,120,70,10,2,0,3,0,272,8,666,782,48,14,2,0,0,0,12,1,7,206,106,2,0,13,262,0,0,1,24,1,0,1,16,0,3,93,0,16,0,84,0,1,19,101,218,0,1,1,4,16,1,1,0,2,0
hsa-miR-3650,3,0,2,1,79,0,2,45,0,2,0,0,4,75,42,0,5,5,4,4,495,0,101,0,3,0,2,1,3,281,0,0,113,3,2,0,2,3,24,19,0,0,122,0,416,0,881,0,1,0,0,6,2,125,3,0,0,0,0,0,2,35,2,0,1,0,27,9,0,1,1,21,2,54,1,0,3,2,0,0,1,0,3,1,1,0,1,2,11,0,0,50,22,2,4,2,78,26,0,1,0,31,35,1,0,1,0,0,0,0,0,2,0,2,0
hsa-miR-3651,391,1,2,9,64,2,73,125,7,250,0,1,153,81,26,2,4,25,78,7,130,1,13,11,506,9,2,268,60,22,0,72,293,353,3,1,10,107,22,158,0,3,39,0,6,1,2200,13,27,2,0,7,141,63,218,0,2,0,88,152,407,60,6,234,5,0,115,609,417,267,163,35,9,74,80,3,21,15,17,888,10,5,43,12,336,417,3,244,23,476,14,122,105,22,16,701,4,213,56,190,1,11,1269,41,137,0,0,78,118,99,0,43,2,8,139
hsa-miR-3652,1,0,2,0,44,0,55,0,0,3,0,11,3,20,36,0,30,1,18,5,19,0,146,122,1,7,2,4,0,185,0,4,2,1,0,1,3,67,12,30,0,0,3,0,99,80,828,1,0,0,0,1,3,158,0,0,0,0,46,0,8,48,0,1,6,0,112,12,6,2,8,17,2,55,0,0,0,32,0,249,0,2,0,0,150,2,70,2,12,24,1,0,24,0,2,136,20,3,1,1,0,3,21,1,0,0,14,2,105,0,0,112,0,0,14
hsa-miR-3654,270,0,6,0,49,5,16,8,0,325,0,0,237,46,81,0,47,25,24,20,290,0,147,96,121,9,75,34,10,132,5,164,45,80,0,16,11,17,1,30,0,0,15,0,7,52,1032,22,6,1,0,24,106,27,241,0,2,28,96,22,57,18,7,3,292,0,367,27,387,165,14,251,19,30,1,4,38,22,2,206,64,7,14,7,111,116,7,9,91,364,9,34,69,4,8,411,9,190,80,81,0,32,195,77,6,0,0,3,4,49,0,10,0,3,152
hsa-miR-3655,279,42,3,0,1,1,89,41,2,4,0,1,6,2,7,0,2,11,0,1,14,1,5,12,2,1,5,42,2,6,0,630,4,13,0,28,129,8,16,100,0,0,1,0,1,0,589,0,24,0,62,24,163,86,4,1,1,0,65,123,1,68,4,85,121,0,268,34,43,207,89,409,4,0,0,0,13,7,0,244,1,2,2,2,85,2,29,70,160,1,4,6,1425,0,23,230,8,9,0,0,0,2,44,282,142,0,0,2,0,37,0,18,0,4,2
hsa-miR-3657,0,0,0,0,0,2,1,1,0,3,0,0,0,90,1,0,0,5,0,0,2,0,1,0,0,0,1,5,24,3,0,0,67,0,0,0,0,3,40,5,1,2,0,0,0,0,7,0,1,0,0,8,0,0,0,0,0,0,98,2,0,1,1,2,1,0,0,3,102,0,2,10,0,27,1,1,11,1,0,66,0,0,0,0,0,30,1,0,44,0,0,18,10,0,1,8,0,6,0,0,0,39,10,1,78,0,0,0,0,1,0,1,0,66,0
hsa-miR-3658,162,0,1,0,1,3,0,0,0,5,0,0,2,1,36,3,0,31,1,567,3,0,0,1,5,0,0,1,0,11,0,1,2,1,0,0,0,0,0,28,0,0,0,0,1,0,16,0,7,0,0,0,50,2,0,0,1,0,1,70,135,0,1,1,1,0,5,6,4,3,2,3,1,28,2,0,0,1,0,167,0,1,0,31,0,24,0,1,4,1,6,2,4,0,0,13,0,0,1,0,0,1,7,0,0,0,0,1,0,22,0,0,0,0,3
hsa-miR-3659,1,0,60,0,156,1,2,2,2,610,0,0,159,1,1,2,48,128,53,490,265,0,130,3,3,0,0,138,41,11,0,2,84,0,0,0,5,2,0,167,0,6,72,0,1,0,894,0,2,0,0,18,8,5,4,0,0,1,31,0,5,14,0,1,1,0,18,16,7,148,3,9,80,1,0,1,14,5,0,291,0,3,4,2,116,1,0,38,11,2,9,28,34,2,1,113,1,241,0,1,0,75,45,7,0,2,0,0,1,63,0,3,0,1,41
hsa-miR-365a-3p,151,0,104,0,1,0,120,19,4,1,0,0,1,2,31,0,0,78,0,0,4,3,89,66,99,4,40,87,1,279,0,81,2,8,0,2,85,1,0,2,0,0,0,0,5,0,8,1,17,1,0,0,0,102,1,0,12,0,0,2,7,53,3,1,220,0,9,5,196,87,121,9,2,31,0,0,0,0,6,87,1,3,0,0,0,51,0,0,23,22,0,5,9,8,7,122,9,1,0,1,0,1,17,88,0,1,1,0,72,0,0,5,0,0,0
hsa-miR-365a-5p,1818,1,20,0,3,17,3,5,1,4,0,0,39,121,90,107,118,143,106,7,25,0,1,2,997,392,5,4,3,245,1,5,5,1,0,4,4,147,19,253,106,4,4,0,441,0,1471,0,23,0,0,2,87,375,153,0,0,2,1134,178,819,108,1,76,107,0,110,85,1340,387,1320,30,1,143,0,1000,63,3,26,559,48,9,4,0,167,1118,2,1,34,158,14,9,28,6,15,1863,10,3,1,239,0,5,39,807,4,1,0,4,2,68,6,67,0,445,168
hsa-miR-365b-3p,171,0,92,0,0,1,147,36,6,2,0,0,3,2,23,2,0,72,1,0,5,2,104,45,112,6,43,74,2,293,0,69,1,5,0,10,84,0,0,1,0,0,1,0,10,0,11,0,9,0,2,0,2,87,5,0,11,0,2,0,8,48,0,1,233,0,6,4,226,87,118,3,0,25,0,0,2,1,7,97,0,0,1,0,0,43,1,1,24,13,1,3,19,9,6,99,11,2,0,0,0,1,8,89,0,1,1,0,64,0,0,0,0,0,0
hsa-miR-365b-5p,483,0,8,0,0,7,1,96,14,323,0,0,5,184,31,6,12,5,117,3,65,0,10,175,230,9,2,2,94,39,0,1,7,27,2,0,6,74,2,129,0,0,26,0,1,0,1060,0,0,1,1,25,123,91,8,1,3,0,53,85,60,17,3,72,477,0,9,15,458,337,116,20,1,38,13,0,36,2,12,259,141,3,86,0,11,178,1,13,11,27,16,4,26,3,8,864,0,256,151,125,0,71,32,0,1,0,0,1,201,58,0,2,0,30,6
hsa-miR-3660,1,0,69,0,61,0,32,1,0,232,0,0,108,3,5,0,79,6,5,0,448,0,2,83,448,2,33,3,36,5,0,108,2,54,0,0,4,104,19,163,43,1,83,0,108,0,17,0,9,1,0,1,12,1,3,0,4,0,9,0,0,11,4,0,0,0,396,496,3,1,4,155,2,20,0,0,17,8,14,156,0,1,2,6,0,78,31,183,12,59,7,124,34,0,0,51,12,171,103,0,0,21,99,0,0,0,0,0,0,7,0,2,0,0,2
hsa-miR-3661,1347,102,4,1,1,6,73,7,0,204,1,9,10,20,60,83,8,95,28,1,580,0,8,34,3,3,23,4,15,7,0,3,13,147,0,0,7,84,6,124,0,0,7,0,3,0,37,0,7,0,0,11,28,137,11,0,1,1,38,33,49,61,11,12,1,0,1500,49,501,532,21,19,5,21,35,1,72,8,1,5,49,20,54,2,166,260,30,0,48,307,23,1,3859,3,0,728,22,311,0,78,0,2,710,1,2,12,0,249,0,196,3,23,41,1,0
hsa-miR-3662,15,0,8,0,0,3,21,98,4,1034,0,0,53,21,103,3,7,155,209,94,430,4,116,107,5,2,41,16,8,19,2,184,121,23,0,8,14,180,16,228,0,0,122,0,8,0,1215,0,1,0,0,0,17,95,21,0,0,1,0,112,29,53,7,30,2,1,521,27,3,38,14,87,11,1,0,12,100,108,1,130,3,14,9,1,11,74,6,4,18,3,3,24,77,0,1,45,16,54,3,20,0,8,1512,5,74,0,0,5,0,3,2,17,0,79,1
hsa-miR-3663-3p,738,1,104,3,218,8,45,80,5,2018,1,45,25,1031,53,55,148,151,658,764,329,0,163,187,369,8,12,254,33,59,0,396,280,62,0,5,18,65,8,475,2,2,21,1,115,1,2465,7,54,4,1,46,56,389,298,2,14,1,135,119,1101,233,198,122,10,1,426,107,889,49,507,81,33,74,12,7,135,156,16,756,108,5,26,6,238,1186,71,74,111,597,37,48,1682,5,39,2073,25,462,76,169,0,14,1177,434,317,1,0,90,38,138,3,33,1,9,141
hsa-miR-3663-5p,7,0,11,12,48,3,121,65,2,634,0,0,186,173,73,1,46,330,148,78,188,0,9,231,1,2,11,122,66,20,1,377,99,24,0,1,167,359,6,128,0,1,86,0,132,0,1841,0,9,11,0,42,9,2,12,2,2,1,1,38,52,181,7,78,4,0,1351,37,110,2,615,922,151,1,234,0,27,4,28,198,99,34,33,9,2,194,69,46,27,8,7,23,80,13,1,346,39,786,368,64,0,31,82,284,1,0,0,72,40,48,2,39,1,0,119
hsa-miR-3664-3p,206,1,28,0,44,1,37,2,0,1,0,0,4,121,75,1,1,2,27,3,579,3,75,148,0,1,3,2,3,251,0,6,123,0,0,18,4,1,11,115,0,7,3,0,326,0,244,0,3,1,0,38,9,53,1,0,1,0,0,2,4,34,4,100,2,0,1050,15,2,145,4,474,36,0,0,0,49,267,6,83,31,8,60,1,0,60,27,1,0,90,2,77,48,0,0,91,45,110,0,0,0,41,645,0,36,0,0,0,0,0,0,2,1,1,29
hsa-miR-3664-5p,2,0,25,0,49,0,41,3,1,95,0,1,42,96,114,0,2,4,45,1,519,1,63,126,1,0,5,3,3,269,0,3,115,0,1,0,50,7,0,147,0,0,4,0,235,0,290,0,4,0,0,17,9,52,3,0,3,1,0,1,1,75,4,111,0,17,1552,16,5,138,2,603,92,0,1,0,5,342,5,90,50,6,46,0,1,11,23,3,2,62,1,68,38,1,8,55,34,153,1,0,0,33,682,0,30,0,0,0,0,2,0,4,0,1,0
hsa-miR-3665,865,11,3,2,42,6,0,3,2,322,3,9,29,138,30,80,2,2,59,452,19,1,1,2,391,9,1,18,1,20,0,4,101,6,0,18,9,0,13,70,0,0,2,0,2,0,1739,0,10,0,3,5,2,218,134,0,1,0,84,30,188,63,1,141,6,1,24,9,240,577,126,21,4,1,1,0,25,3,5,369,73,5,1,27,358,146,2,26,49,141,8,29,23,0,12,457,1,9,0,3,0,42,27,5,162,10,0,23,2,82,2,4,0,228,63
hsa-miR-3666,8,0,35,0,51,0,2,0,0,2,0,0,0,2,0,0,0,0,122,3,5,0,1,1,1,2,0,0,0,2,0,1,2,0,0,0,2,2,0,73,0,0,96,0,65,0,7,0,0,0,0,0,0,1,4,0,0,0,20,0,41,26,1,0,0,0,7,3,225,1,42,226,0,0,0,0,52,2,0,202,58,0,0,0,0,3,27,0,0,0,2,2,8,0,0,204,32,2,1,0,0,10,4,0,0,0,0,0,0,37,0,0,1,0,0
hsa-miR-3667-3p,16,17,223,14,318,2,299,241,20,1807,1,43,205,299,68,3,141,532,813,1856,1889,8,472,711,1546,31,596,311,215,126,15,151,445,302,1,0,641,345,57,657,0,0,275,2,858,0,3459,34,19,77,0,107,80,194,395,0,63,53,11,188,15,482,94,177,531,63,3449,1327,514,728,72,2490,202,8,234,16,111,491,47,345,98,320,187,63,10,301,183,316,130,446,23,362,5442,36,36,481,97,548,202,2,0,166,1945,276,162,1,158,7,458,155,2,186,0,608,98
hsa-miR-3667-5p,6,0,0,0,1,0,0,0,0,328,0,0,1,0,0,0,1,2,0,5,141,0,1,2,2,0,0,1,0,7,0,47,0,0,0,0,0,0,2,191,0,1,2,0,0,0,3,0,0,0,0,0,2,0,0,0,1,0,1,1,2,30,0,0,1,0,3,1,29,1,228,127,0,0,0,1,0,104,16,96,0,1,1,0,0,2,1,1,0,48,0,0,13,0,16,127,0,27,0,0,0,1,12,0,0,0,0,20,5,0,0,0,0,0,0
hsa-miR-3668,40,2,9,4,92,0,48,82,5,129,0,2,355,145,72,51,44,88,172,230,589,1,66,248,217,4,163,236,63,575,0,34,191,105,1,2,98,60,0,389,0,0,96,0,91,0,1510,0,1,0,0,6,32,9,69,0,4,2,0,128,95,55,16,22,22,0,1545,47,11,90,4,580,19,5,12,0,82,342,2,202,75,30,41,38,47,63,74,63,2,22,4,101,1100,5,0,25,120,527,14,0,0,163,275,475,99,4,1,1,41,60,0,136,0,1,5
hsa-miR-367-3p,4,0,1,0,1,0,27,3,1,3,0,0,5,5,3,1,1,8,87,190,4,0,2,20,6,0,4,2,1,7,0,3,6,0,1,0,3,4,0,47,0,1,12,0,5,8,65,0,1,0,0,0,4,5,62,0,0,0,0,0,1,2,0,0,4,0,12,9,3,4,6,74,2,3,1,0,1,3,2,3,1,2,3,2,59,3,1,0,9,4,3,3,14,1,0,71,6,11,3,0,0,26,23,2,2,0,0,1,1,26,0,1,0,1,1
hsa-miR-367-5p,6,0,51,7,2,2,2,31,2,527,0,0,7,1,0,0,1,104,5,2,14,1,1,82,1,1,3,165,4,389,0,3,3,609,0,0,2,0,0,302,0,0,2,1,0,0,984,0,21,0,0,21,66,0,189,2,11,0,0,0,0,10,5,2,2,0,16,17,88,1,6,19,56,0,0,0,2,0,8,429,0,2,1,1,0,115,41,0,2,0,0,134,40,1,3,30,62,297,0,0,0,2,43,0,0,0,0,0,0,2,0,1,0,0,0
hsa-miR-3670,1,0,37,0,23,0,1,2,2,96,0,0,1,2,5,0,2,0,3,2,9,0,1,1,0,1,1,2,94,186,0,76,2,23,0,0,3,120,0,41,0,0,2,0,0,0,260,0,23,11,0,3,1,29,1,1,0,1,0,1,47,1,3,2,0,0,600,5,27,3,2,442,1,0,0,0,1,127,9,209,17,1,0,0,24,42,31,0,4,0,2,1,15,0,0,105,0,6,0,0,0,3,19,0,5,0,0,26,0,32,0,8,0,0,0
hsa-miR-3671,526,1,1,0,0,2,5,0,8,7,0,0,5,6,76,0,0,6,25,3,8,0,5,13,698,4,70,5,7,1050,0,0,121,1,0,0,0,21,0,120,0,0,6,1,0,0,6,0,0,0,0,9,18,0,3,1,0,0,9,14,4,3,426,152,0,0,2,1095,199,2,6,5,5,0,0,0,0,4,2,133,61,0,7,0,47,3,27,0,10,177,3,27,1613,2,0,147,13,182,60,130,0,0,81,3,0,0,0,1,0,0,2,68,0,0,0
hsa-miR-3672,1,1,1,0,68,0,0,40,1,3,0,0,5,8,41,0,3,4,0,0,11,1,4,17,0,0,1,3,3,2,0,1,28,0,0,0,5,8,0,1,0,0,4,0,0,0,688,1,16,32,0,1,10,0,3,0,1,0,0,0,2,1,1,1,0,0,31,9,0,2,3,439,6,7,1,0,2,5,0,0,0,3,1,1,1,182,3,0,0,1,0,5,34,0,0,39,0,8,0,0,0,2,1593,0,0,0,0,0,0,0,0,2,1,1,7
hsa-miR-3674,168,1,0,0,0,2,0,2,0,1,0,0,4,3,10,3,0,1,0,4,1,0,1,0,0,3,0,5,105,7,0,0,1,0,0,2,0,2,15,0,0,0,2,0,0,0,6,0,1,0,0,12,6,87,3,0,0,0,0,54,1,1,3,2,131,1,3,5,36,5,10,1,2,1,0,0,0,1,0,0,0,0,0,0,1,83,10,0,16,0,0,0,7,0,0,112,1,2,0,1,0,0,431,384,0,0,0,65,0,0,0,0,0,0,0
hsa-miR-3675-3p,1499,18,709,40,2470,182,1356,1254,100,6147,64,60,3035,4166,2034,122,454,3550,2429,2027,26597,25,1387,5662,2246,828,2661,2940,913,5733,19,863,2816,486,45,34,2816,3530,243,8491,69,13,1856,2,2246,45,27361,35,125,66,79,79,1486,291,4165,8,260,46,362,236,2378,1716,276,642,1977,95,54059,1696,1064,2398,1336,29472,2371,352,593,503,2193,4798,80,1217,619,823,2364,191,2100,1224,1848,957,143,2260,104,3599,3227,102,119,973,2519,6915,628,297,4,2561,37377,2692,996,36,38,333,421,871,2,1636,67,1299,212
hsa-miR-3675-5p,53,0,20,3,184,7,59,31,2,448,0,18,516,201,240,3,29,243,222,716,1049,1,154,284,171,7,177,223,51,657,0,27,259,80,1,0,270,211,27,697,2,1,114,0,93,0,1293,1,3,1,0,5,43,9,80,0,14,2,54,6,127,125,6,48,370,0,3252,72,80,198,17,667,32,6,223,4,67,256,2,61,6,75,61,11,45,53,81,29,1,73,15,155,308,15,1,168,81,785,94,3,0,154,503,229,42,2,8,363,13,36,2,174,0,27,12
hsa-miR-3677-3p,12,0,0,0,12,0,0,85,1,83,0,2,362,213,32,0,1,62,87,271,11,1,12,10,283,7,2,129,6,21,0,220,14,2,1,0,3,11,7,380,1,13,9,1,0,1,56,6,38,2,0,40,26,123,5,2,1,0,289,3,79,47,8,12,324,0,143,321,159,4,10,10,5,30,123,1,16,7,2,622,19,1,10,23,122,36,8,90,76,185,12,2,591,0,4,351,0,132,11,1068,0,26,1425,5,168,0,0,7,4,151,4,16,0,2,119
hsa-miR-3677-5p,305,0,0,0,1,3,1,1,1,341,0,0,230,136,38,33,10,25,14,1,5,0,60,17,603,9,1,1,1,6,13,29,2,43,0,0,2,2,22,8,0,9,21,0,0,0,229,0,1,4,0,9,4,49,253,0,8,8,0,130,366,1,0,37,3,0,14,6,237,1,20,21,9,32,1,1,18,3,0,9,1,17,0,1,66,156,1,0,22,300,12,1,18,0,1,515,1,11,66,25,0,0,12,123,32,0,0,0,1,104,0,0,2,1,2
hsa-miR-3678-3p,534,0,0,2,169,1,1,30,12,5,0,0,1,93,46,47,0,4,92,2,14,0,1,6,396,9,2,4,2,20,1,62,3,0,2,14,6,4,17,236,1,0,167,0,2,0,531,0,6,0,1,0,2,2,66,2,1,0,0,1,104,30,3,0,272,1,15,62,0,182,12,13,0,36,2,2,85,117,0,2073,1,39,203,18,401,97,35,2,18,499,6,2,59,0,1,146,1,4,0,250,0,55,34,2,242,0,0,267,107,83,0,1,0,0,82
hsa-miR-3678-5p,34,0,1,0,95,1,3,46,11,6,0,0,2,0,34,0,3,6,32,12,18,0,5,2,4,0,0,5,46,11,0,35,5,0,0,2,4,4,4,6,1,0,121,0,3,0,136,0,0,0,0,0,3,1,3,0,0,0,0,3,115,0,1,4,0,0,238,10,92,274,79,34,2,35,0,0,62,3,0,27,1,74,0,0,72,278,11,0,9,3,1,2,76,0,10,320,0,24,0,0,0,57,19,3,18,0,0,1,2,29,0,8,0,0,1
hsa-miR-3679-3p,247,0,0,0,69,3,2,1,0,611,0,0,169,7,1,49,3,4,64,379,11,7,7,6,0,2,32,52,36,229,4,0,8,423,0,1,142,9,35,175,0,0,4,0,8,0,670,0,28,0,0,0,108,227,8,0,0,0,1,0,283,94,199,0,4,0,8,30,41,518,529,13,43,1,0,1,42,126,21,277,55,1,3,2,77,170,1,0,12,335,17,32,59,22,14,789,0,149,0,2,0,2,1360,1,115,1,0,2,54,146,0,83,0,283,39
hsa-miR-3679-5p,139,5,3,0,73,8,30,15,1,197,0,0,242,227,125,83,5,225,220,745,1377,0,132,124,237,565,33,30191,80,28,0,155,87,131,1,1,17,186,46,311,34,0,68,0,9,1,969,6,37,135,0,20,200,0,57,0,27,25,1,8,160,44,128,2,264,0,412,371,512,18,74,283,139,136,178,0,5,92,11,177,112,29,273,12,98,347,82,108,40,92,13,55,1708,17,11,581,29,424,45,0,0,82,2432,485,109,0,1,60,66,104,0,214,1,1901,101
hsa-miR-3680-3p,381,0,61,0,42,1,1,40,4,205,0,2,39,162,34,8,21,20,149,465,537,0,114,93,3,0,66,108,7,126,0,2,88,34,0,0,10,43,23,46,0,0,8,0,2,0,477,0,3,2,0,3,9,74,69,0,17,0,0,2,0,3,4,304,1,0,1179,31,51,257,13,720,94,6,1,0,77,162,2,4,4,8,35,0,68,2,23,28,0,0,1,137,45,9,1,71,20,253,1,1,0,165,451,0,2,1,1,55,1,28,1,66,1,3,16
hsa-miR-3680-5p,0,0,1,0,0,0,1,0,0,0,0,0,1,1,14,0,0,2,2,103,157,0,0,0,0,0,1,3,1,2,0,22,42,37,0,1,1,1,0,1,0,0,3,0,0,0,77,0,18,0,0,2,1,0,2,0,0,0,2,0,1,1,0,0,0,0,3,5,0,156,1,5,0,0,1,0,0,114,0,1,0,1,0,0,0,0,20,0,1,2,2,1,6,0,0,1,0,1,0,0,0,1,16,0,2,0,0,0,0,15,0,0,0,0,55
hsa-miR-3681-3p,436,32,234,23,701,233,361,321,108,5490,2,53,1505,834,1047,138,392,861,599,4207,6908,6,627,1141,1880,27,1217,906,464,2774,0,465,1319,1026,9,36,1550,1167,310,4305,0,28,614,0,1812,1,6540,25,175,143,0,58,604,249,2260,54,183,7,811,437,910,804,148,784,1161,0,10159,2469,729,2223,88,6505,409,416,614,6,494,1509,142,2200,229,138,597,127,1178,772,859,142,199,772,36,1211,2189,102,50,973,1216,3972,620,554,4,618,9362,553,232,5,20,589,487,521,6,807,57,679,175
hsa-miR-3681-5p,147,0,44,12,294,1,142,91,15,410,0,1,254,557,295,45,102,294,654,1049,2703,1,185,1043,335,6,310,280,244,934,1,148,307,69,0,0,321,298,22,1063,0,2,343,1,10,0,2934,2,26,4,0,27,255,122,588,0,33,22,142,57,304,181,25,6,736,1,7398,181,89,499,43,2957,231,109,99,3,161,469,8,339,61,87,290,29,279,50,133,16,27,204,21,328,1322,32,10,266,182,1258,190,73,0,365,8901,106,25,3,7,115,47,206,1,230,11,192,38
hsa-miR-3682-3p,92,4,3,0,0,3,2,1,0,653,0,0,1,0,14,18,1,33,5,2,14,0,2,0,2,1,2,0,3,8,2,662,0,0,0,0,5,2,0,260,1,0,124,0,112,0,35,0,10,0,0,0,4,12,3,0,1,0,56,1,2,38,2,2,0,13,3,12,96,5,76,233,2,0,2,0,15,74,8,2,32,1,0,0,9,113,0,2,180,1,12,1,14,0,5,276,0,2,0,42,0,1,15,1,102,0,0,1,13,95,0,2,0,0,77
hsa-miR-3682-5p,8,0,62,0,233,4,157,2,0,3,0,0,159,87,5,4,6,62,168,4,22,0,406,13,0,2,56,120,109,473,0,73,14,139,0,1,13,375,4,17,0,0,118,0,9,4,106,0,44,30,0,31,29,0,428,0,18,0,83,0,128,23,248,1,306,0,1580,1159,273,795,16,377,197,158,7,0,56,237,25,2,159,124,131,1,79,176,79,212,29,19,7,3,148,16,0,182,37,751,127,1,0,40,128,170,147,0,0,250,231,54,0,0,0,299,1
hsa-miR-3683,81,5,57,0,1,2,1,19,1,3,0,0,57,5,6,42,2,1,2,1,21,0,3,7,1,1,7,0,105,1,0,1,1,93,0,0,2,39,25,210,0,0,13,0,0,0,27,1,18,0,0,7,574,0,6,0,0,0,0,10,0,99,4,0,0,23,532,8,153,0,0,204,6,0,0,1,1,5,0,1,0,2,1,0,0,13,1,1,17,0,0,1,28,0,0,122,0,77,2,0,0,38,43,63,1,0,0,0,2,22,0,0,0,2,0
hsa-miR-3684,5,0,4,0,1,4,128,4,1,815,0,1,9,249,91,39,83,126,307,325,498,0,4,10,1,0,139,9,206,95,0,100,244,2,1,0,12,246,14,298,1,0,24,0,379,1,1758,13,3,41,0,12,24,175,6,0,15,1,3,0,31,30,11,1,591,0,541,118,110,660,3,429,6,137,1,0,84,2,10,203,44,9,194,1,179,14,75,2,1,51,6,159,106,3,0,172,88,414,1,138,0,186,1355,2,1,0,17,0,2,36,0,56,0,3,0
hsa-miR-3685,1368,9,387,18,1016,13,391,302,29,3521,36,12,1088,2970,1275,190,321,1553,1806,1591,5654,8,792,1295,891,785,618,1177,417,2217,30,483,1624,301,3,49,960,1500,114,4615,29,12,657,1,760,1,8161,23,78,14,2,104,725,317,1458,4,90,31,290,175,530,497,115,423,467,4,13712,581,730,1224,190,9674,1527,145,85,813,359,1870,82,1534,285,225,598,52,996,349,837,284,107,628,48,926,2145,82,23,1223,747,7265,141,481,0,1031,20455,697,378,31,24,299,68,434,7,366,36,627,159
hsa-miR-3686,1,1,1,0,1,0,7,0,1,6,0,0,110,1,2,0,1,3,3,6,478,0,1,0,1,0,1,6,65,3,0,27,129,2,0,0,80,8,0,208,0,0,2,0,7,0,600,0,0,0,0,0,8,2,11,0,0,0,1,0,1,21,2,2,2,0,21,12,2,4,4,31,4,2,0,0,1,3,0,87,0,68,141,54,3,17,2,1,9,2,0,67,54,1,1,18,3,61,4,1,0,4,35,0,0,0,0,1,1,0,0,1,0,3,0
hsa-miR-3688-3p,67,1,28,10,97,2,59,130,53,458,1,0,13,174,93,26,45,72,144,133,903,2,7,161,340,6,64,196,46,273,1,8,90,283,0,1,18,51,41,470,0,0,126,0,412,0,2521,0,0,2,0,5,58,193,109,0,2,0,1,76,0,52,9,1,0,0,33,52,103,667,205,853,133,27,103,2,111,347,6,177,54,23,225,1,200,41,93,82,35,63,9,83,678,18,19,115,171,1272,101,89,0,206,509,504,169,42,2,86,41,24,0,123,0,249,49
hsa-miR-3688-5p,68,0,24,13,85,4,51,76,23,293,0,0,7,103,53,28,30,50,69,98,599,4,4,97,242,7,37,160,43,187,0,3,79,163,0,0,6,44,25,298,0,0,76,0,237,0,1833,0,2,0,0,1,38,142,103,0,1,0,1,64,2,42,9,0,0,0,34,36,96,229,147,570,100,33,77,1,76,244,6,144,68,19,191,2,149,32,54,63,26,45,5,52,503,9,12,114,105,920,52,82,0,123,414,244,109,29,0,58,59,18,1,86,0,188,37
hsa-miR-3689a-3p,7,0,2,0,1,1,51,21,0,234,1,0,174,139,21,17,2,64,83,727,444,1,19,37,466,5,154,83,14,13,0,23,56,30,0,0,33,90,18,57,0,0,74,0,81,0,497,3,0,0,0,0,8,2,325,0,20,13,0,0,5,13,1,0,2,0,127,14,4,175,5,207,38,11,1,1,6,90,0,2,86,23,25,2,19,4,42,0,8,74,1,52,405,7,0,23,21,277,12,37,0,21,59,0,30,0,1,0,17,18,0,1,1,64,1
hsa-miR-3689a-5p,1,0,2,0,0,0,13,33,0,13,0,0,142,21,0,0,1,19,1,163,103,0,0,103,0,0,2,1,0,42,0,0,104,0,1,0,29,59,4,1,0,0,11,0,29,1,279,0,5,0,12,0,7,37,0,0,7,1,0,36,17,25,2,0,0,0,102,8,1,0,1,146,0,17,25,0,42,82,10,26,0,0,2,17,61,49,1,0,9,53,2,12,18,0,7,10,8,2,0,0,0,2,16,0,36,0,0,1,0,20,0,7,0,0,0
hsa-miR-3689b-3p,10,0,2,0,1,3,41,24,1,303,0,0,177,140,17,19,3,33,77,723,465,1,22,48,264,1,63,82,16,8,0,18,54,44,0,0,31,106,19,54,0,0,66,0,95,0,495,0,1,0,0,0,7,2,368,0,14,7,0,1,2,13,5,0,2,0,116,18,8,178,6,212,24,7,0,0,11,108,0,1,77,15,30,1,15,1,45,1,11,71,2,54,394,5,0,20,17,161,16,31,0,17,37,1,23,0,0,0,19,13,0,0,0,73,0
hsa-miR-3689b-5p,1,2,3,0,1,0,19,27,0,5,0,0,138,21,0,1,0,16,2,178,97,1,0,78,0,0,2,1,2,62,0,2,95,0,4,0,33,40,0,1,0,0,17,0,19,0,290,0,5,0,12,1,0,27,1,0,8,1,0,34,20,30,4,0,0,0,113,7,0,0,2,193,0,15,30,0,37,90,10,26,0,1,1,16,58,58,2,0,8,35,2,9,19,0,8,13,12,3,0,0,0,0,12,0,33,0,0,0,0,25,0,9,1,0,1
hsa-miR-3689c,11,0,1,0,0,3,40,30,1,290,0,0,175,140,18,16,2,50,82,778,450,0,15,51,240,2,63,88,16,10,0,17,57,56,0,0,37,99,25,49,0,0,76,0,109,0,527,2,1,1,0,0,8,2,382,0,22,10,0,1,4,15,5,2,1,0,141,14,7,162,6,201,14,6,0,0,8,98,0,1,82,15,39,1,21,1,40,0,15,85,1,60,347,8,0,13,30,147,6,27,0,21,35,0,39,0,0,0,18,14,1,1,1,86,0
hsa-miR-3689d,101,0,0,0,118,1,1,2,0,389,0,0,3,95,52,0,79,2,68,584,11,0,2,126,630,10,2,2,3,12,0,574,118,189,3,0,28,4,0,440,0,0,1,0,1,0,441,0,0,0,0,1,4,1,0,0,0,0,0,0,1,20,1,0,1,0,5,10,0,0,4,18,94,5,2,1,1,2,0,487,0,0,91,1,167,0,1,1,190,1,0,1,38,0,4,43,1,102,0,0,0,16,36,1,674,1,0,87,0,0,0,1,0,0,87
hsa-miR-3689e,0,4,2,0,0,0,7,30,3,14,0,0,150,18,1,0,2,17,0,172,98,0,2,87,1,0,1,1,2,46,0,0,96,0,1,0,26,60,4,3,0,0,17,0,31,0,292,0,7,0,12,0,5,36,0,0,3,0,0,28,22,26,0,0,0,0,106,8,2,0,1,163,1,22,27,0,39,76,8,11,0,3,0,20,50,56,0,0,16,31,3,10,14,0,7,13,6,1,0,0,0,0,19,0,24,0,0,0,0,27,0,9,0,0,0
hsa-miR-3689f,69,1,6,0,0,0,316,66,8,1,0,0,169,201,24,1,110,46,127,1,61,0,342,150,2,0,136,269,118,0,0,5,352,137,0,0,14,10,22,238,0,0,237,1,0,0,3327,0,25,0,0,23,30,0,2,0,0,36,20,1,1,15,7,0,0,0,567,2187,147,2,2,1278,32,37,0,0,2,11,1,0,83,58,6,32,0,0,16,2,38,143,0,123,94,1,1,236,65,15,0,0,0,75,106,0,55,0,0,90,0,1,0,4,0,0,14
hsa-miR-369-3p,2,15,5,8,17,2,6,7,5,60,0,11,2,2,0,14,10,89,0,648,39,0,0,2,0,6,8,0,2,9,0,144,1,0,3,0,15,0,24,9,2,1,0,0,1,0,2388,0,10,61,0,1,1,197,4,0,4,0,4,0,1,86,2,0,0,70,1458,5,382,778,13,39,0,24,0,2,3,0,0,86,237,3,1,0,786,535,19,37,69,71,14,31,101,2,0,457,2,116,18,76,0,5,15,1,60,0,0,1,0,161,1,13,1,1,68
hsa-miR-369-5p,45,0,0,0,0,2,0,0,2,2,0,0,1,1,13,1,1,117,0,5,1,0,1,0,10,0,0,0,0,9,0,0,97,1,1,0,1,0,0,249,0,0,1,0,0,0,4,0,0,0,0,19,5,1,0,0,0,0,2,0,48,26,3,6,2,1,3,3,50,93,4,3,1,0,2,0,53,2,0,3,2,0,4,1,32,4,1,0,7,472,8,1,4,0,0,68,1,1,1,1,0,41,7,1,267,0,1,98,69,27,0,1,0,70,0
hsa-miR-3690,297,4,92,3,452,59,82,275,6,2006,0,3,553,199,347,0,179,274,425,66,1218,5,296,333,179,10,168,464,137,370,0,151,554,160,0,0,572,643,67,1730,0,7,22,1,803,0,2608,0,29,57,0,53,52,0,193,60,50,1,127,83,946,235,19,2,60,0,7863,126,355,632,27,2908,211,47,150,1,103,1005,62,312,1,157,335,3,1,480,95,158,28,246,25,172,457,25,14,568,454,1878,143,1,0,359,4515,571,202,40,5,0,532,166,4,535,2,1,219
hsa-miR-3691-3p,154,2,4,0,3,1,3,3,9,454,0,0,236,206,13,24,6,223,205,11,32,0,91,121,95,2,4,7,8,399,0,1,13,0,1,0,10,69,5,806,0,0,49,0,20,0,1059,0,2,0,0,13,50,72,6,0,30,1,4,1,166,7,4,96,412,0,1014,46,24,346,18,269,4,43,79,2,76,1,0,361,119,1,5,2,94,128,63,35,5,2,0,8,65,1,0,495,50,184,49,0,0,5,1315,0,5,1,0,3,1,0,1,4,0,171,75
hsa-miR-3691-5p,144,1,60,12,275,2,131,95,18,555,2,3,225,566,263,41,69,328,725,1052,2181,3,183,1000,245,9,330,247,234,955,0,60,312,154,2,0,225,447,31,1008,0,0,343,0,7,0,3014,2,28,7,1,51,256,123,794,0,31,23,96,72,341,124,26,0,572,0,6117,197,87,438,45,2771,255,81,98,0,148,422,8,359,116,84,301,23,364,54,130,13,45,261,23,324,1635,21,14,277,134,1588,212,66,0,281,8945,108,35,12,6,61,38,205,0,185,7,234,46
hsa-miR-3692-3p,8,7,2,1,0,3,1,29,0,151,0,0,0,220,31,1,1,19,1,3,259,2,1,3,0,3,5,1,17,8,0,5,3,92,0,0,181,3,0,203,0,1,63,0,88,0,169,0,20,0,0,10,2,1,2,0,0,0,161,59,2,112,2,2,1,0,7,7,679,62,9,176,2,14,1,3,20,1,13,77,0,58,0,4,106,75,12,1,52,0,11,4,20,0,0,408,0,2,1,20,0,3,16,0,1,0,42,33,0,134,0,6,0,297,0
hsa-miR-3692-5p,90,9,5,1,31,6,3,16,0,373,0,1,10,35,15,0,5,157,1,12,25,0,22,32,4,4,28,6,2,38,47,1,9,0,0,7,135,152,15,11,2,1,2,0,5,0,131,1,4,0,0,6,9,95,13,0,3,0,100,2,187,73,2,5,181,0,972,28,219,217,12,760,49,0,1,2,1,7,0,162,67,2,2,0,9,342,29,1,45,95,2,37,66,1,1,61,59,135,2,1,0,24,1448,4,1,0,0,3,0,35,0,2,0,4,14
hsa-miR-370-3p,727,0,45,2,246,10,1,26,12,726,0,0,183,164,189,61,81,271,118,430,841,2,127,19,525,19,71,256,47,620,1,66,175,149,1,20,14,40,11,348,64,0,10,0,5,0,646,0,7,35,1,45,26,2,14,2,1,0,64,217,688,0,15,102,337,0,21,35,221,639,26,254,14,64,183,544,119,44,10,396,44,4,154,9,221,389,37,83,49,135,13,2,887,1,16,883,3,135,12,69,0,39,104,0,4,0,1,63,0,108,1,103,0,3,33
hsa-miR-370-5p,6,1,4,1,83,0,25,6,13,858,0,0,18,192,25,0,6,47,43,16,217,1,90,89,67,0,15,13,16,155,0,140,53,20,0,0,68,57,21,263,12,8,16,0,3,0,666,1,13,0,1,8,14,49,12,24,8,0,5,0,253,64,8,6,1,0,220,18,109,10,7,250,10,28,16,3,5,38,9,114,14,27,7,1,2,5,19,2,13,137,0,61,655,5,3,162,17,111,6,241,0,5,67,2,15,0,1,80,59,2,0,19,2,31,49
hsa-miR-3713,715,4,4,0,1,2,2,66,5,1389,0,1,395,87,34,3,4,78,78,1024,408,2,14,34,447,3,12,121,8,24,0,77,125,0,1,1,60,215,0,319,0,1,5,0,420,0,2837,0,18,0,0,2,10,1,114,0,3,0,84,72,113,16,5,2,549,0,314,12,75,285,155,121,55,0,14,1,18,78,0,186,27,5,5,18,98,355,7,0,15,303,6,21,297,5,19,245,8,25,1,72,0,61,53,168,19,0,0,0,36,84,1,73,1,171,27
hsa-miR-3714,4,1,64,4,116,7,144,102,5,843,0,2,353,542,315,28,124,469,327,625,2261,5,189,535,221,84,422,163,248,923,0,208,247,37,1,0,344,407,9,1213,12,0,221,0,299,0,3047,3,35,38,0,16,214,105,1118,2,17,1,107,257,27,153,20,470,101,1,3279,134,282,692,876,2493,285,95,165,1,266,214,18,266,14,87,52,3,123,58,166,2,108,97,5,241,1307,26,13,163,128,2542,281,23,0,189,6155,0,64,15,18,121,88,117,1,126,4,209,56
hsa-miR-371a-3p,3,0,1,3,1,0,31,0,8,4,0,0,9,38,0,11,1,47,0,2,4,0,1,0,270,7,27,27,0,10,0,17,3,0,0,0,1,1,3,5,0,0,0,0,0,0,274,0,11,0,0,1,1,0,94,0,0,0,0,2,0,28,0,0,4,0,6,4,56,268,1,9,1,35,0,0,1,0,0,92,1,1,0,1,88,6,0,25,6,247,10,14,5,1,0,67,0,1,19,1,0,0,5,1,0,0,0,0,0,67,0,25,0,0,0
hsa-miR-371a-5p,935,2,1,7,14,3,0,1,1,157,0,0,158,12,1,19,1,11,15,0,13,0,1,12,2,0,1,72,2,47,1,94,4,10,13,0,3,6,1,4,0,2,59,0,0,0,415,0,0,6,0,13,10,61,125,0,1,0,10,26,58,34,3,3,2,0,223,17,210,80,65,4,4,44,0,0,7,1,3,83,41,0,2,0,65,147,25,59,12,64,10,0,1103,0,2,299,0,6,66,0,0,1,242,1,23,0,0,1,0,53,0,24,8,2,0
hsa-miR-371b-3p,578,1,0,8,25,4,2,1,3,271,2,0,161,8,13,45,2,24,23,5,20,0,3,19,0,1,1,23,5,96,0,46,6,99,13,0,5,8,0,7,1,16,67,0,0,0,741,0,1,4,0,14,16,88,56,0,0,0,19,49,120,48,5,0,3,0,133,29,209,167,95,10,5,43,1,2,21,1,10,100,79,1,24,0,149,239,12,84,10,58,8,4,1264,1,3,490,0,41,100,0,0,2,430,0,36,0,0,1,2,49,0,26,15,5,28
hsa-miR-371b-5p,2,0,1,6,0,1,28,0,7,5,0,0,2,31,0,0,0,71,3,4,3,0,1,0,322,6,40,56,0,8,0,13,2,0,0,0,5,1,10,5,0,0,1,0,1,0,286,0,10,0,0,7,2,0,93,0,0,0,1,1,1,26,0,1,2,0,9,2,92,321,4,12,2,47,0,0,2,0,0,78,0,2,0,0,104,126,1,57,5,226,4,19,11,0,0,88,0,3,3,0,0,2,18,0,1,0,1,1,0,80,0,15,0,0,0
hsa-miR-372-3p,598,3,0,0,8,0,2,1,2,1,0,0,3,8,2,0,0,2,1,38,6,0,2,0,1,4,0,28,1,4,0,19,2,0,0,0,1,111,25,9,0,11,0,0,4,0,417,0,0,0,0,26,1,0,2,0,1,0,1,0,2,1,2,2,0,0,42,8,62,1220,8,5,0,0,2,1,26,0,7,3,0,1,2,0,0,3,0,0,3,0,10,1,7,0,0,99,0,105,10,0,0,1,5,0,0,1,0,1,182,82,0,0,0,1,23
hsa-miR-372-5p,130,0,1,0,2,1,69,70,0,9,0,0,1,2,5,0,2,35,62,3,247,0,3,2,6,812,93,1,0,6,0,0,3,2,0,0,1,7,1,37,0,0,0,0,0,0,69,0,0,4,0,3,2,1,4,0,1,0,10,22,101,1,5,2,0,0,10,6,38,759,118,7,5,2,1,3,33,0,0,95,2,23,3,0,0,39,0,0,16,1,10,34,12,1,6,77,22,174,228,27,0,1,17,1,32,0,0,0,1,74,0,2,0,3,0
hsa-miR-373-3p,417,1,18,0,190,1,9,69,4,6,249,1,236,459,170,52,10,10,285,322,1285,2,16,294,231,10,98,384,35,1297,1,4,13,23,1,0,20,24,1,1750,0,0,6,0,0,0,1128,0,19,1,0,143,276,383,124,56,12,0,3,199,109,222,122,1,0,68,2118,81,194,124,122,1214,19,99,0,0,187,266,25,207,41,13,322,27,3,778,110,45,19,404,0,178,170,2,8,353,115,713,61,1,0,117,4130,125,48,162,2,0,0,2,0,74,1,0,71
hsa-miR-373-5p,95,0,182,3,139,3,107,168,5,1670,0,1,14,343,151,11,42,391,574,96,202,1,240,187,266,12,199,83,102,448,1,191,94,210,2,0,55,211,30,517,1,2,33,4,17,0,1834,14,37,0,0,2,28,134,28,1,4,1,8,99,264,93,8,103,42,2,1795,56,407,313,97,2096,226,127,52,6,187,274,14,1252,2,31,156,3,313,250,144,143,12,397,7,77,115,2,7,566,25,353,64,1785,1,33,698,11,250,1,1,18,106,122,2,57,1,128,17
hsa-miR-374a-3p,0,0,30,12,1,1,5,4,38,3,0,0,2,1,27,2,5,24,5,228,29,0,4,1,258,1,2,63,4,15,0,3,5,197,0,0,95,1,1,137,0,0,6,0,0,0,1114,0,0,0,0,0,4,67,104,0,12,0,0,1,2,75,0,2,2,0,19,13,2,170,1,308,2,0,1,0,25,2,5,1,21,30,63,0,0,1,12,121,2,128,2,41,22,1,0,32,57,198,0,84,0,21,23,1,2,0,1,0,1,2,0,2,5,4,2
hsa-miR-374a-5p,113,0,32,4,3,39,51,1,2,14,2,0,6,3,43,26,3,0,1,15,19,1,0,2,6,0,1,2,5,39,0,4,2,3,0,0,107,130,0,44,0,0,2,0,11,0,144,0,0,0,0,1,3,33,11,0,2,0,19,5,53,76,2,76,10,0,18,31,135,21,25,23,5,1,12,6,14,1,0,15,31,7,4,1,11,24,10,3,4,3,10,35,11,5,2,278,1,6,23,4,0,1,24,4,5,0,2,34,11,95,0,10,1,9,22
hsa-miR-374b-3p,127,0,4,0,2,4,53,29,7,89,1,10,35,33,45,69,55,219,14,346,173,0,113,42,38,2,111,25,141,92,0,13,135,0,0,0,70,73,16,158,1,2,61,0,93,0,1018,2,21,18,1,12,196,39,180,0,5,7,70,0,135,45,5,4,56,0,313,36,128,150,16,314,34,25,1,838,38,6,11,295,35,40,27,5,54,33,13,22,17,65,4,126,260,5,5,107,10,87,44,0,0,41,939,50,26,0,1,88,24,40,1,31,11,1,3
hsa-miR-374b-5p,186,0,0,1,1,7,52,19,7,185,1,3,36,27,38,36,63,229,23,408,145,1,28,29,5,1,135,20,36,88,0,17,101,1,0,0,72,50,20,146,0,2,57,0,94,0,462,3,9,11,1,6,47,49,157,1,4,7,70,3,8,51,5,13,76,0,304,49,133,132,14,317,26,36,1,1,35,5,7,98,754,27,30,11,52,29,10,20,26,55,5,73,254,3,7,128,13,83,37,3,0,23,726,38,30,0,0,93,22,21,1,39,6,4,7
hsa-miR-374c-3p,152,0,7,0,0,5,57,24,5,206,1,6,47,25,39,28,50,227,9,350,175,0,28,47,7,2,117,31,50,85,1,18,124,0,0,0,82,63,10,166,1,2,68,0,98,0,508,0,10,12,0,19,59,47,162,0,10,4,67,5,20,52,6,15,81,0,321,40,136,143,16,298,24,42,2,3,34,3,10,85,197,38,28,9,59,43,15,18,20,60,5,75,290,8,3,164,12,95,56,2,0,30,778,51,37,0,1,64,15,31,0,34,11,3,4
hsa-miR-374c-5p,78,0,6,0,1,0,47,12,2,174,0,12,47,29,36,17,47,223,17,429,140,1,24,30,2,1,127,16,31,99,0,23,109,0,0,0,67,66,8,149,0,0,36,0,107,1,497,2,6,10,0,13,56,42,123,0,5,7,60,0,1,43,5,3,63,0,283,20,88,134,6,309,25,25,0,0,34,1,3,96,47,36,20,8,53,22,9,14,13,60,3,71,278,10,5,96,10,81,47,0,0,21,676,42,28,0,0,53,19,30,0,49,5,0,0
hsa-miR-375-3p,369,0,13,18,103,9,244,239,13,2087,0,18,438,447,253,1,84,505,374,801,3285,2,21,701,7,6,194,642,192,564,0,87,344,71,3,5,266,254,56,470,42,2,288,0,447,0,1504,0,23,106,0,21,46,209,1413,2,42,3,203,107,128,105,177,704,1,0,3627,97,366,760,251,1922,524,91,4,1,211,531,61,593,1,123,90,5,247,221,210,44,101,315,0,206,218,57,20,662,272,1250,122,2,0,477,1428,1164,166,59,12,100,86,26,1,292,2,512,193
hsa-miR-375-5p,298,6,2,14,73,668,14,30,0,9,0,0,134,3,18,57,114,0,96,26,5,0,4,47,674,9,68,2,88,135,0,31,2,89,2,0,0,5,34,54,50,0,1,0,6,64,14,0,4,11,51,5,7,124,6,0,9,0,3,18,9,42,46,167,16213,1,9,19,214,335,177,14,3,0,48,1,27,0,0,480,3,32,1,0,86,371,10,24,15,203,1,68,24,3,14,218,36,150,47,3,0,0,15,3,111,15,0,249,70,17,0,0,0,139,88
hsa-miR-376a-2-5p,156,0,4,1,0,2,0,2,0,141,0,0,0,103,39,21,1,1,1,1,361,0,2,137,151,2,18,0,0,1,0,50,3,0,0,0,3,1,11,9,0,2,0,0,0,0,676,1,0,0,0,1,63,0,4,0,0,1,1,0,3,6,0,342,0,0,14,9,104,3,11,5,1,0,0,0,2,21,0,1,1,2,1,9,0,62,16,1,10,0,0,4,19,0,0,331,42,73,0,0,0,21,18,0,1,0,0,1,22,1,0,3,1,1,0
hsa-miR-376a-3p,1,0,20,0,0,0,0,13,0,53,0,0,29,5,15,0,2,3,0,543,154,0,4,40,0,1,49,33,4,2,0,2,2,0,0,0,0,6,0,51,0,0,1,0,15,0,153,0,3,2,0,0,13,0,3,0,0,0,0,114,39,12,0,0,2,0,156,495,41,107,106,349,19,14,2,1,15,9,0,80,1,7,3,0,19,71,7,9,0,27,0,18,29,19,6,52,12,288,40,0,0,65,613,82,0,0,0,0,0,1,0,52,0,0,3
hsa-miR-376a-5p,0,0,0,0,0,0,0,0,0,139,0,0,2,2,7,0,0,1,1,1,2,0,0,47,0,0,1,5,2,3,0,14,41,0,0,0,1,40,4,2,0,0,0,0,0,0,6,5,1,1,0,0,368,0,0,0,0,0,0,0,0,2,1,0,0,0,129,7,35,364,0,146,2,0,0,0,0,1,14,0,17,15,0,0,86,2,2,0,8,45,0,0,13,1,0,97,0,0,1,1,0,0,17,0,0,0,0,0,19,0,0,0,0,0,0
hsa-miR-376b-3p,0,0,15,1,0,0,0,12,0,55,0,0,31,4,6,0,1,4,7,343,156,2,20,37,0,1,78,35,3,4,0,1,6,32,1,0,5,4,1,45,0,0,5,0,12,0,148,0,0,1,0,0,21,0,6,0,0,0,0,108,47,17,2,0,1,0,183,551,50,49,93,382,20,6,1,0,12,10,1,92,1,3,3,0,21,55,7,7,0,50,1,18,22,17,8,74,14,44,43,1,0,24,625,83,1,0,0,0,1,0,0,53,0,2,5
hsa-miR-376b-5p,1,6,56,1,56,2,13,19,6,230,0,2,4,26,14,2,23,109,65,2,98,1,5,122,2,4,21,84,3,67,0,16,118,0,0,0,88,53,19,5,0,0,36,0,123,0,614,9,7,0,0,6,7,1,108,0,8,9,1,17,37,76,4,2,0,0,433,21,59,176,331,326,108,0,50,2,30,105,3,188,0,0,37,13,107,50,3,0,21,1,10,43,476,4,1,56,4,85,0,1,0,13,267,1,68,0,13,0,18,120,0,36,0,0,18
hsa-miR-376c-3p,331,2,29,1,35,17,71,141,8,126,0,4,226,2248,26,51,50,227,64,368,603,3,121,237,91,19,117,125,90,246,1,56,150,41,3,1,277,145,46,301,3,0,433,3,23,0,1685,11,23,13,3,32,287,40,253,2,16,17,82,52,151,118,56,60,108,3,758,628,388,95,134,348,68,13,99,12,78,106,224,183,41,57,83,17,50,121,39,87,56,79,13,83,413,11,16,916,42,581,49,20,0,47,712,46,130,1,2,46,50,130,5,34,3,59,45
hsa-miR-376c-5p,2,0,43,0,43,0,0,0,0,226,0,0,3,29,21,0,1,112,45,0,84,2,4,60,0,0,7,41,4,3,0,30,26,0,0,0,98,33,22,5,0,1,46,0,130,0,200,2,0,0,0,0,5,0,107,1,4,0,0,0,1,60,3,0,0,0,411,10,38,157,332,99,45,0,55,0,34,84,9,1,0,3,28,5,75,65,0,0,16,0,2,15,464,1,0,91,1,28,0,0,0,1,17,1,0,1,0,2,26,49,0,25,0,1,12
hsa-miR-377-3p,1,0,33,0,0,0,0,0,0,3,0,0,113,2,1,28,1,3,38,1,7,0,2,3,2,0,0,49,0,2,0,0,79,0,0,0,0,2,0,1,0,0,6,0,0,0,4,0,14,0,0,0,4,0,98,0,0,0,0,1,0,0,5,0,0,0,6,5,3,2,2,2,116,0,1,0,0,58,8,1,0,0,1,2,0,0,0,0,0,149,0,0,10,0,0,41,0,1,2,0,0,0,17,1,0,0,1,1,28,0,0,1,0,1,0
hsa-miR-377-5p,2,0,1,0,1,0,0,1,0,838,1,0,2,79,0,0,2,1,15,2,4,0,127,0,0,0,0,1,2,3,0,0,2,2,0,0,2,2,0,4,0,0,2,0,1,0,269,0,2,0,0,20,1,0,233,0,23,0,0,0,1,0,2,0,2,0,3,4,318,1,6,5,88,0,0,0,0,0,0,4,0,0,2,31,0,26,0,0,10,1,0,1,10,0,0,13,0,1,1,1,0,0,7,1,54,0,0,60,0,0,0,20,0,0,0
hsa-miR-378a-3p,1,0,0,0,1,0,0,1,0,0,0,0,0,0,5,0,0,0,0,0,2,0,0,2,0,0,0,0,0,6,0,0,2,1,0,0,32,0,0,36,0,0,1,0,0,0,3,0,0,0,0,0,1,4,5,0,0,0,0,0,0,18,1,1,1,0,0,2,0,2,397,0,0,0,498,0,0,8,38,1,1,0,0,0,1,1,0,0,6,0,14,0,3,0,17,3,0,1,27,0,0,0,0,0,0,0,0,0,0,294,0,0,0,2,0
hsa-miR-378a-5p,5,0,1,0,0,1,1,1,0,237,0,0,0,1,12,0,0,29,1,2,188,0,50,19,0,1,3,120,0,3,0,20,2,0,0,0,0,2,18,6,0,0,1,1,0,0,40,0,0,0,0,0,37,0,4,1,0,0,101,31,3,0,2,1,0,0,0,2,3,2,8,3,2,0,48,0,64,2,13,1,76,0,0,0,0,15,0,1,0,117,6,0,12,0,0,539,0,3,0,186,0,0,8,0,103,0,0,36,46,1,0,1,0,0,0
hsa-miR-378b,386,0,0,0,2,4,0,1,4,3,0,0,1,0,0,1,1,0,0,0,101,0,0,1,0,0,0,0,0,3,0,0,0,0,0,0,2,0,0,0,0,1,0,0,0,0,465,0,0,0,0,12,0,2,3,0,0,20,1,0,17,10,2,0,3,0,3,0,107,2,15,6,0,0,0,1,17,1,17,2,5,0,0,0,1,1,0,0,0,2,0,1,1,0,0,497,28,0,0,97,0,0,3,0,0,0,0,0,0,1,0,0,0,0,1
hsa-miR-378c,1,1,2,1,0,0,2,4,0,254,0,0,1,0,2,0,0,6,10,1,9,0,0,6,1,0,34,16,0,10,0,1,3,0,0,0,28,4,0,34,0,0,2,0,18,0,631,0,0,0,0,0,120,2,0,0,1,0,0,20,0,23,3,1,220,0,13,286,0,10,0,109,1,0,1,0,5,15,0,4,13,1,2,0,1,36,8,1,4,24,0,1,11,19,0,15,0,1,1,0,0,41,14,0,0,0,1,0,0,0,0,1,0,2,0
hsa-miR-378d,0,0,3,0,0,0,0,2,1,2,0,0,149,0,0,0,3,1,0,0,461,0,110,1,0,0,3,1,1,1,0,82,0,0,0,0,37,2,0,0,0,0,10,0,0,0,231,0,0,0,0,0,0,0,0,0,0,0,0,0,0,17,1,0,0,0,6,2,2,3,1,4,0,0,0,0,1,1,0,0,0,0,2,0,1,0,1,0,44,0,0,1,4,0,0,2,0,0,0,0,0,2,7,0,0,0,0,0,0,0,0,0,0,1,0
hsa-miR-378e,3,0,0,0,0,1,0,0,0,112,0,0,2,0,12,0,0,0,0,0,0,0,1,20,1,0,0,75,1,1,0,30,0,0,0,0,1,0,6,1,0,0,0,0,0,0,3,0,0,0,0,0,0,0,0,0,0,0,0,0,2,0,0,0,0,0,0,2,0,3,0,1,0,0,0,0,1,0,0,0,0,0,0,0,0,1,0,0,0,0,0,0,3,0,0,1,1,1,0,0,0,0,5,0,47,0,0,0,0,1,0,0,0,1,0
hsa-miR-378f,0,0,48,0,23,0,61,31,1,209,0,0,2,0,0,0,0,0,87,608,7,0,0,1,156,2,2,0,1,6,0,104,1,17,0,0,2,0,0,6,0,0,2,0,0,0,657,0,5,2,0,0,1,45,0,0,0,0,0,0,126,9,0,1,2,0,7,0,13,105,3,3,0,0,1,0,9,10,12,72,0,1,1,1,188,0,11,19,0,32,1,40,3,0,0,37,0,0,0,0,0,0,5,0,1,0,0,0,0,22,1,0,5,3,1
hsa-miR-378g,169,9,45,20,46,5,141,16,0,920,0,2,260,172,69,15,7,423,175,8,192,0,356,746,194,7,146,8,59,21,1,198,79,47,1,2,34,22,19,124,0,0,65,0,7,0,1514,1,4,0,0,17,26,69,79,0,41,0,4,34,101,64,10,4,296,0,851,281,432,154,8,41,89,14,171,2,48,38,0,414,21,3,27,1,24,105,69,65,31,174,0,190,125,11,1,1081,26,387,2,1,0,59,1162,6,1,0,1,0,168,15,2,39,0,257,131
hsa-miR-378h,418,1,1,1,1,1,1,63,10,310,26,0,8,59,0,5,2,0,20,1,15,0,1,152,226,4,3,1,2,419,0,93,8,0,1,0,105,7,0,3,0,0,4,0,0,0,1189,0,10,1,0,5,3,82,94,0,4,0,45,62,1,61,2,1,85,0,21,23,145,2,7,17,0,15,2,3,13,0,0,13,51,0,1,0,32,30,0,1,34,0,5,26,30,0,0,47,0,2,3,1,0,2,7,0,1,0,0,1,30,74,5,82,0,1,0
hsa-miR-378i,1,0,0,0,2,0,0,0,0,468,0,0,4,38,15,0,0,3,0,1,0,0,1,124,0,3,45,4,3,3,0,23,4,0,0,0,0,3,0,32,0,0,1,0,0,0,7,0,0,0,0,0,6,69,1,0,0,0,0,0,127,5,1,3,90,0,2,18,42,65,3,2,0,0,1,0,6,18,5,2,0,1,1,0,0,0,22,1,0,0,0,1,32,0,0,177,0,6,2,0,1,0,1286,0,1,0,0,0,0,0,0,0,0,0,1
hsa-miR-378j,3,5,1,4,28,1,0,47,0,163,0,0,49,2,24,1,0,0,0,94,7,0,1,1,100,1,0,1,46,23,0,11,1,46,0,0,0,0,0,15,0,0,1,0,465,0,174,0,11,0,0,0,0,73,2,0,0,0,1,39,1,37,0,1,230,0,236,6,161,732,4,9,15,60,83,0,1,2,12,451,1,0,1,0,0,49,0,0,1,293,5,1,4,0,0,62,20,5,0,0,0,23,10,130,33,1,0,0,1,29,1,1,19,0,38
hsa-miR-379-3p,111,1,20,1,381,1,26,45,8,774,0,0,276,291,228,4,12,156,243,642,1583,0,93,188,115,33,147,218,62,749,0,76,198,39,1,7,165,136,11,1314,0,1,139,0,74,1,1373,1,17,1,0,50,93,145,126,22,34,4,2,2,312,115,8,122,9,7,2125,65,60,638,17,931,443,6,28,1,98,182,3,202,56,51,185,18,169,75,61,30,33,57,10,99,156,9,6,211,48,928,71,56,0,204,3296,367,139,2,15,100,28,108,0,36,2,201,25
hsa-miR-379-5p,167,2,26,0,52,1,30,87,2,737,1,0,22,2,43,0,7,20,67,113,21,1,99,134,1,0,100,3,3,5,0,1,23,1,0,47,4,57,1,6,35,0,124,0,0,0,1297,7,3,1,0,23,6,0,5,0,3,0,1,1,74,3,123,0,1,2,460,6,46,1,5,30,9,0,2,1,1,4,2,2,1,1,1,0,2,2,2,2,11,1,5,40,27,0,0,157,6,2,2,0,0,1,34,15,2,0,0,0,16,38,0,0,0,3,1
hsa-miR-380-3p,3,0,3,0,2,1,1,4,0,186,0,0,4,67,88,0,4,159,1,350,4,0,1,4,1,0,0,0,1,253,0,87,3,0,0,0,1,143,0,9,0,0,59,0,0,0,45,0,0,0,0,54,3,0,1,0,1,0,0,0,1,1,1,0,0,0,11,16,1,31,1,440,2,0,0,2,2,0,0,1,0,1,2,0,1,5,2,1,28,50,1,1,21,0,0,1,1,140,56,0,0,2,15,0,4,0,0,0,1,3,0,2,0,1,0
hsa-miR-380-5p,146,1,0,0,111,0,0,0,1,0,0,0,2,2,19,1,0,113,0,155,3,0,4,1,0,0,0,0,0,0,0,1,31,11,0,18,0,1,29,3,0,0,1,0,3,0,10,0,0,0,0,5,43,14,4,0,0,0,0,0,39,0,3,21,2,0,1,6,29,133,4,6,0,17,0,1,0,3,0,0,0,0,7,0,0,123,0,1,1,0,5,0,12,0,0,181,0,46,6,0,0,0,9,0,0,0,0,2,0,49,0,1,0,113,40
hsa-miR-381-3p,7,0,1,0,0,2,1,0,0,71,0,0,2,38,0,0,16,8,1,1,57,0,20,1,1,0,26,0,0,11,0,22,1,57,0,0,5,26,0,183,0,0,10,0,55,0,70,0,0,2,0,3,4,2,25,0,6,0,17,0,0,0,3,12,2,1,197,49,56,419,1,5,4,0,0,0,7,2,2,120,7,11,3,0,0,0,9,0,7,0,6,61,8,2,3,69,3,126,65,0,0,5,14,0,1,0,6,1,17,31,0,0,0,0,0
hsa-miR-381-5p,660,0,21,8,111,3,55,3,4,91,0,0,3,195,1,0,4,2,63,0,1034,0,115,145,3,2,30,6,1,13,0,3,3,63,0,0,7,1,23,124,1,0,24,0,0,0,638,13,13,2,0,62,6,86,239,0,1,23,352,0,246,11,0,176,147,0,21,51,346,782,22,898,83,0,0,2,4,3,16,439,0,4,3,0,16,98,54,72,66,66,6,3,28,0,0,616,43,111,60,1,0,35,31,0,3,0,0,115,0,2,0,35,1,0,1
hsa-miR-382-3p,6,0,33,0,0,0,2,23,0,2,0,0,2,0,13,0,2,42,3,1,247,0,2,0,1,2,1,3,1,314,0,3,1,47,0,0,7,66,1,4,0,0,3,0,1,0,303,0,0,0,0,2,3,21,0,0,0,0,1,0,45,2,1,0,0,0,269,9,40,0,4,1008,3,0,0,0,22,162,10,134,1,31,36,0,50,1,1,83,14,0,2,24,34,0,1,71,54,2,0,0,0,1,601,0,0,18,0,2,0,29,0,25,0,1,0
hsa-miR-382-5p,688,5,2,1,1,0,2,14,2,359,1,0,6,3,23,63,6,4,1,2,21,0,2,1,1,7,79,11,1,10,0,35,50,1,0,0,184,1,0,56,0,0,4,0,0,0,475,0,0,0,0,15,4,115,3,0,1,0,85,1,105,98,0,5,0,0,516,4,495,33,17,22,101,0,0,4,40,1,2,24,25,2,26,3,75,73,28,0,8,80,0,6,9,0,3,261,33,160,0,0,0,10,21,312,74,0,0,2,0,0,0,2,0,3,1
hsa-miR-383-3p,5,0,0,0,0,0,40,3,0,0,0,0,1,0,19,0,0,1,1,2,1,0,0,1,1,1,0,0,1,3,0,1,1,0,0,0,1,19,0,1,0,0,1,0,0,0,3,0,0,0,0,0,2,0,0,0,0,0,39,0,96,2,1,0,133,0,3,2,6,0,1,0,1,0,0,0,1,1,0,3,0,0,0,0,144,0,0,0,10,0,0,0,316,0,0,161,0,2,0,0,0,0,10,0,0,0,0,0,0,3,0,0,0,0,44
hsa-miR-383-5p,51,0,3,1,25,2,1,1,8,320,0,0,34,7,5,18,3,4,55,119,115,0,2,25,4,0,3,119,19,88,0,2,18,0,0,0,25,1,5,50,0,0,23,0,57,0,443,1,7,0,0,24,8,0,1,0,0,0,0,86,0,10,4,0,1,1,9,6,472,85,4,247,48,2,0,0,5,15,4,162,2,20,1,0,5,3,12,10,9,1,5,1,17,0,1,144,37,26,0,37,0,56,362,135,13,0,0,0,0,44,0,10,3,1,0
hsa-miR-384,2,1,80,0,0,1,5,34,2,525,0,0,8,4,261,1,5,349,199,2,706,1,33,8,0,0,16,263,47,602,0,6,198,0,0,0,9,7,21,194,0,1,3,0,0,0,556,0,16,3,1,1,212,2,162,0,2,0,0,1,1,2,10,1,0,0,1605,1041,106,4,7,1876,211,1,0,0,63,119,11,1,0,5,147,2,1,73,127,83,1,233,6,111,90,2,6,4,41,12,208,0,0,157,88,42,68,0,0,0,15,35,2,127,2,1,33
hsa-miR-3907,1204,17,65,0,36,5,18,4,6,271,0,0,8,184,38,47,4,182,101,210,22,0,8,16,253,784,5,9,7,390,0,205,7,157,1,2,10,35,0,7,0,8,6,0,2,0,1784,3,9,1,1,22,118,0,36,2,0,0,100,124,256,25,7,67,106,0,21,194,165,0,23,21,7,13,213,1,32,6,28,352,18,7,3,1,379,339,0,51,69,277,7,5,1833,3,9,803,1,166,47,2,0,62,394,100,0,20,3,2,116,34,0,19,0,1,81
hsa-miR-3908,176,0,0,0,0,0,0,1,0,1,0,0,1,1,0,0,0,0,2,246,1,0,0,0,0,0,0,2,0,5,0,0,0,0,0,0,0,0,0,31,0,6,0,0,0,0,42,0,0,0,0,25,0,1,219,0,0,0,1,0,2,14,0,0,1,0,3,2,99,1,8,2,0,0,0,1,1,0,0,1,0,0,0,24,0,24,0,3,0,245,0,0,2,0,0,150,0,2,0,0,0,27,1,0,0,0,0,0,1,0,0,0,0,0,45
hsa-miR-3909,14,2,0,0,70,0,0,1,0,0,0,0,32,0,0,63,0,1,33,2,1,0,0,0,1,0,2,1,2,5,0,0,0,0,0,0,2,72,4,3,0,0,23,0,0,0,130,0,16,0,0,6,0,1,0,0,0,0,9,1,91,0,0,44,45,0,2,37,67,1,4,1,0,8,0,0,0,1,1,161,56,0,1,1,62,4,0,0,3,99,9,0,31,0,0,61,37,66,0,0,0,0,10,1,42,0,1,3,0,55,0,36,0,298,0
hsa-miR-3910,4,13,5,0,208,5,22,11,6,1326,0,0,40,285,183,9,4,166,73,62,547,0,6,183,467,7,75,132,12,885,0,156,167,60,2,15,24,118,65,638,0,1,163,0,29,0,1936,0,2,3,0,45,14,360,399,0,5,0,85,371,0,148,4,119,2,112,61,37,130,1516,251,487,329,90,119,31,106,113,14,97,249,6,118,0,401,0,67,1,55,3,14,98,101,11,14,250,4,716,210,3,0,137,86,1,43,1,0,2,291,141,3,9,1,24,7
hsa-miR-3911,763,0,4,0,11,1,6,2,6,1015,0,5,6,87,0,1,2,25,65,111,20,1,9,36,141,8,14,8,1,14,0,28,43,11,0,1,6,33,0,128,17,0,17,0,1,0,1674,0,11,21,0,21,20,149,16,0,0,0,145,6,295,24,11,40,344,0,15,526,355,129,37,24,8,37,7,1,0,10,6,31,226,3,12,9,49,464,13,24,13,70,2,39,3453,3,4,460,0,60,70,133,0,1,545,176,21,0,0,35,2,24,0,7,0,203,8
hsa-miR-3912-3p,1112,0,8,0,0,3,3,1,2,252,1,0,139,127,32,41,2,166,52,0,533,0,126,142,420,8,3,7,6,4,0,2,134,0,0,0,6,4,0,256,2,0,6,0,0,0,905,0,0,0,0,1,96,72,222,0,21,0,2,0,180,17,1,2,1,1,478,14,161,1,15,476,264,41,1,1,38,99,0,133,93,5,181,1,1,49,46,81,37,1,7,192,53,3,2,202,133,128,1,17,0,77,54,0,36,0,29,1,0,61,2,56,15,0,30
hsa-miR-3912-5p,3,0,1,1,0,1,0,13,3,4,0,0,1,1,8,26,2,0,0,6,6,0,0,34,142,3,4,0,1,15,0,1,1,0,0,0,4,0,0,3,0,0,1,0,2,1,781,0,6,0,0,0,26,0,2,1,0,0,0,0,222,12,0,0,1819,0,7,1,22,289,7,0,22,0,0,0,0,1,11,195,316,0,0,8,26,193,1,0,25,154,6,13,37,0,0,142,1,1,0,0,0,1,4,1,1,0,0,1,0,53,0,0,0,1,0
hsa-miR-3913-3p,104,3,2,12,36,2,0,1,1,88,0,0,81,22,18,0,1,45,0,1,9,0,0,3,0,1,0,2,4,5,0,22,25,24,0,11,78,67,11,1,0,0,1,0,11,0,560,0,0,0,0,17,293,0,104,0,8,0,0,34,1,61,4,0,68,0,160,13,76,1,509,9,1,0,0,2,0,26,0,207,0,1,6,0,73,21,25,0,12,119,1,4,29,24,5,124,1,108,1,332,0,1,629,58,1,14,0,33,0,3,0,3,0,0,37
hsa-miR-3913-5p,184,4,1,4,20,3,0,0,1,172,0,0,27,75,7,0,2,10,0,1,6,0,1,0,0,1,0,4,1,10,0,7,24,34,1,26,22,17,8,5,0,0,3,0,5,0,556,0,0,0,0,15,277,0,122,0,9,0,1,39,2,25,2,1,69,0,88,23,136,3,862,8,1,1,0,0,0,92,0,404,1,1,1,0,127,13,18,0,17,129,2,19,33,8,13,135,0,167,0,131,0,0,727,55,0,6,0,53,1,12,1,0,0,2,78
hsa-miR-3914,113,0,1,0,1,1,9,2,6,75,1,0,3,2,1,0,3,0,20,1,89,0,1,1,1,1,1,6,1,8,0,129,84,1,0,1,2,3,49,3,0,0,135,0,115,0,164,0,0,0,0,38,10,0,3,0,0,0,0,22,2,0,5,121,443,0,792,37,41,281,5,18,55,1,0,0,0,8,0,252,19,2,2,0,0,57,1,0,23,0,13,2,16,0,0,265,5,5,14,33,0,3,461,0,55,0,0,2,52,1,2,2,10,407,0
hsa-miR-3915,960,0,13,0,56,2,0,3,0,6,0,1,100,35,1,2,0,2,3,2,7,0,0,1,0,2,0,3,1,6,0,0,60,37,0,21,1,1,0,5,0,0,2,0,1,0,12,0,0,0,0,3,1,0,4,0,0,0,2,1,71,1,70,0,94,0,14,2,2,200,10,12,2,1,0,0,19,3,0,119,28,0,2,0,55,77,0,1,0,34,0,5,8,0,0,141,38,62,1,0,0,1,8,54,0,0,0,2,46,0,0,4,0,64,0
hsa-miR-3916,1013,0,0,0,2,1,1,2,6,5,0,0,2,3,1,95,2,19,16,81,18,0,1,3,409,7,2,39,65,713,42,72,52,23,0,0,25,6,0,116,0,0,2,0,7,0,330,0,0,2,0,0,2,347,10,0,4,0,1,107,173,78,2,1,0,0,28,6,297,809,17,426,2,118,115,0,12,4,7,364,105,52,23,0,285,107,1,1,33,0,12,18,9,6,1,648,1,56,149,0,0,1,13,2,65,1,0,0,1,83,0,1,0,4,2
hsa-miR-3917,180,2,2,0,1,2,0,16,0,1,0,0,63,2,41,32,1,0,2,68,247,2,2,2,1,169,33,2,1,6,0,5,2,11,0,0,45,42,3,1,1,7,0,0,1,0,352,0,2,0,0,15,0,1,6,1,2,0,59,21,32,24,1,162,1,0,12,5,44,0,445,8,0,0,0,1,6,0,7,326,20,0,0,1,30,41,7,2,16,2,3,3,15,0,0,92,2,133,1,119,0,1,17,2,0,0,0,0,39,31,0,56,0,0,13
hsa-miR-3918,4044,0,2,1,1,1,21,0,3,521,0,0,45,183,14,39,49,3,124,443,163,1,6,9,107,6,2,5,118,13,1,1,35,0,3,1,57,6,8,70,87,4,116,0,116,0,770,13,13,0,0,11,12,223,94,15,0,0,40,0,380,175,53,141,2,38,12,20,315,150,308,140,3,1,1,5,62,1,9,649,93,0,6,7,11,200,43,20,8,130,9,27,53,1,22,787,1,11,20,17,0,18,1265,1,44,22,0,1,67,83,0,2,0,0,14
hsa-miR-3919,89,5,173,3,54,530,0,4,4,186,0,0,291,91,40,69,197,131,4,234,14,0,2,226,89,3,156,12,108,34,0,48,14,211,0,0,3,13,15,130,0,0,5,0,91,0,516,0,26,4,2,15,64,157,9,0,21,3,2,109,113,15,3,79,2,0,11,1157,123,819,346,10,7,104,4,306,17,6,35,275,14,63,107,1,176,104,103,19,10,249,23,1,745,0,19,424,18,231,190,184,0,0,491,6471,33,8,0,0,94,117,0,45,0,1,3
hsa-miR-3920,5,1,16,6,60,3,32,73,4,96,0,11,15,59,47,14,3,55,324,1454,1637,4,299,24,68,3,185,120,40,208,1,7,119,1,0,0,693,19,25,366,17,0,7,0,51,0,2503,3,10,4,0,3,130,31,168,0,2,0,0,32,8,289,9,177,1,15,747,40,89,8,6,57,14,3,3,3,38,266,8,31,2,48,44,20,37,21,56,3,7,55,4,34,1039,11,6,59,41,1219,185,32,0,7,797,1,116,1,30,46,153,0,0,37,10,4,0
hsa-miR-3921,9,14,1,0,23,1,1,10,0,0,0,0,11,40,1,15,2,3,24,70,10,1,3,2,119,2,1,2,41,9,0,2,6,0,0,0,68,44,0,4,0,0,1,0,1,0,275,8,1,0,0,0,3,0,2,0,2,34,0,101,1,20,328,1,0,0,7,4,209,2,3,8,44,0,0,2,0,3,0,179,21,0,0,0,2,35,11,0,23,0,0,5,20,0,1,131,0,61,15,14,0,31,21,1,7,11,0,0,0,0,0,0,0,0,1
hsa-miR-3922-3p,106,0,2,1,226,3,4,2,0,10,0,1,0,1,2,2,5,5,50,587,525,8,23,11,84,438,62,2,3,25,0,1,39,11,0,0,120,2,3,105,0,0,5,0,141,0,119,0,25,0,0,48,5,50,14,0,2,35,86,104,321,18,4,2,163,0,22,12,409,834,20,9,78,0,1,4,28,135,3,144,1,1,2,9,96,70,0,1,24,2,11,58,13,55,0,448,21,91,47,0,0,20,22,271,105,1,0,0,35,170,0,1,0,1,14
hsa-miR-3922-5p,423,1,8,11,8,5,9,86,16,2319,0,0,16,6,80,39,6,118,121,7,59,1,44,9,644,291,27,63,63,143,0,516,106,146,0,6,13,147,44,382,1,1,85,0,8,24,1748,7,38,2,0,97,178,141,567,0,1,0,48,44,394,77,4,293,3,2,82,32,864,94,37,203,11,23,163,2,53,14,7,1075,139,4,38,3,157,370,47,91,52,129,14,13,92,7,1,977,6,284,135,275,0,39,103,436,36,0,2,3,44,84,0,41,62,443,260
hsa-miR-3923,5,0,1,0,33,0,22,0,0,0,1,0,4,0,12,25,0,2,64,59,0,0,1,41,0,2,63,1,2,10,0,1,10,0,0,0,3,3,4,2,0,0,1,0,0,0,1,0,0,0,0,23,1,3,4,0,0,0,93,0,3,6,0,0,267,0,4,2,203,149,3,3,14,0,0,0,31,18,0,60,0,0,3,0,213,1,0,0,33,2,14,33,7,0,4,211,0,91,2,0,0,8,11,0,1,0,0,0,48,156,3,0,0,0,0
hsa-miR-3924,53,0,19,0,64,3,7,29,0,4,0,0,96,1,0,27,1,1,12,2,6,0,58,0,0,2,3,1,3,4,0,67,11,13,0,0,2,1,6,3,0,1,0,0,209,0,452,0,0,0,0,8,8,1,5,0,0,0,3,73,1,1,1,71,0,0,8,4,61,148,1167,4,40,1,0,0,0,0,0,2,1,2,1,1,2,42,0,0,10,0,11,0,8,0,0,122,31,22,0,0,0,0,15,0,15,0,0,0,87,13,3,1,0,0,1
hsa-miR-3925-3p,102,1,7,1,0,1,2,7,3,14,0,1,2,4,3,1,4,4,6,4,120,0,2,4,6,1,13,145,4,112,0,2,10,1,0,0,8,3,1,14,0,0,47,0,7,0,1456,0,0,0,1,0,6,166,4,0,1,1,3,0,5,17,0,3,3,0,175,4,149,5,4,46,3,0,2,1,40,4,0,4,0,1,3,0,6,4,1,1,3,4,3,5,9,2,1,55,0,4,2,3,0,2,16,2,1,0,0,0,2,25,2,57,1,1,1
hsa-miR-3925-5p,421,0,26,0,4,3,44,6,2,449,0,11,56,31,45,2,6,8,167,491,50,0,11,34,250,0,7,497,26,38,1,49,11,1,0,1,15,160,12,84,0,0,6,0,2,0,1635,0,26,0,1,13,60,48,11,2,13,90,11,7,357,150,9,3,452,0,697,110,54,903,105,401,104,83,5,2,52,7,6,308,217,5,8,2,683,323,15,13,9,436,84,24,43,1,19,650,30,91,0,0,0,19,77,850,121,0,18,309,16,124,9,13,0,708,71
hsa-miR-3926,2,0,2,1,4,1,1,0,1,8,0,0,1,15,0,0,14,5,35,233,23,0,3,3,2,0,15,5,3,565,0,1,4,0,0,0,73,3,6,93,0,0,5,0,39,0,176,1,2,0,0,1,2,0,1,0,1,0,0,3,2,23,0,2,1,1,538,2,0,2,4,181,2,12,1,0,2,4,0,9,0,1,2,0,2,140,1,1,27,1,4,10,10,0,0,58,1,12,1,1,0,15,21,2,50,0,0,0,20,79,0,1,0,1,28
hsa-miR-3927-3p,4,5,32,1,169,1,102,36,7,8,0,6,30,7,26,4,136,51,30,5,567,1,173,330,0,2,36,146,4,95,0,3,303,97,0,0,51,50,1,8,0,0,7,0,3,0,2222,12,12,0,0,2,15,0,2,0,1,15,3,160,62,47,7,2,1,2,129,25,7,3,10,419,116,0,0,4,17,198,0,4,3,1,8,1,2,4,37,2,29,35,0,105,66,0,5,435,1,98,1,32,0,40,434,118,1,0,2,119,3,1,1,66,0,2,0
hsa-miR-3927-5p,687,0,78,1,0,5,0,12,7,5,0,0,26,3,45,30,2,117,1,76,9,2,69,5,255,3,5,5,50,196,0,7,51,37,0,8,57,111,0,10,0,0,3,0,84,0,98,0,2,2,0,25,39,41,32,0,0,0,111,3,199,45,1,85,0,1,79,928,690,581,17,20,5,0,2,1,3,45,1,65,1,17,8,11,1,163,3,0,10,35,10,14,29,0,0,631,0,7,68,205,0,1,59,5,15,0,0,1,54,46,0,11,0,1,1
hsa-miR-3928-3p,5,1,3,1,240,2,12,41,25,0,1,0,31,41,111,59,5,80,38,84,1340,0,7,77,0,1,9,136,4,65,1,69,5,30,2,55,6,64,34,167,0,18,3,0,1,0,641,0,29,0,0,18,12,25,217,0,1,0,277,1,1,1,4,3,5,0,115,22,511,936,201,100,4,11,94,1,89,50,2,467,63,2,88,90,189,200,50,0,74,205,8,16,56,0,21,375,1,55,51,1,0,4,1143,1,17,0,1,0,0,106,2,95,0,1,137
hsa-miR-3928-5p,459,0,1,0,3,2,0,2,0,322,0,0,147,71,58,0,1,1,0,1041,6,0,1,1,438,4,1,2,3,649,0,0,94,2,0,0,2,1,15,76,0,0,2,0,1,0,187,0,18,0,0,9,2,51,7,0,0,0,1,128,64,1,2,201,2,0,5,10,256,7,135,50,0,0,2,1,7,0,0,591,97,1,28,18,242,69,23,17,16,67,0,18,26,0,13,191,25,5,1,13,0,6,23,2,11,1,0,0,2,6,2,0,0,2,64
hsa-miR-3929,525,6,97,0,262,3,167,11,1,1237,1,1,251,13,150,48,19,15,5,5,1084,1,106,5,4,4,81,234,95,425,0,6,409,50,0,34,12,222,2,153,0,0,118,0,117,87,1440,0,6,1,0,8,18,206,19,2,0,2,2,79,293,62,9,4,1,2,1066,57,374,3,1148,36,90,2,2,0,55,230,7,390,2,7,6,0,129,64,9,22,9,5,10,127,111,3,2,338,82,383,96,177,2,10,2248,2,353,0,0,3,183,112,4,57,12,4,13
hsa-miR-3934-3p,2,0,0,0,1,2,0,2,1,112,0,0,1,0,1,1,1,1,1,2,4,0,0,0,4,1,0,0,0,2,1,0,0,1,0,0,0,2,0,0,0,0,2,0,0,0,319,0,1,0,0,1,0,24,1,0,0,0,0,0,4,6,0,0,0,0,135,1,115,4,4,36,0,0,0,2,1,1,0,1,0,1,0,0,0,3,0,0,10,0,0,10,1,1,0,100,0,0,0,0,0,0,1,0,0,0,0,0,1,3,0,1,0,0,0
hsa-miR-3934-5p,895,0,37,2,39,3,71,23,0,2043,0,0,7,125,46,53,40,147,134,1200,443,1,165,61,169,6,59,8,114,181,1,75,31,56,2,0,383,226,16,324,26,9,14,0,62,1,1814,13,0,82,0,80,38,307,25,0,9,0,56,111,251,327,4,36,540,1,66,247,399,98,417,348,10,32,168,4,21,96,0,166,262,4,57,0,214,427,5,54,35,272,21,130,59,8,21,797,10,76,48,96,0,56,96,2,26,61,1,8,17,117,3,114,1,344,23
hsa-miR-3935,629,0,5,0,1,3,34,30,3,369,0,0,28,119,49,2,8,242,95,7,278,0,11,30,2,4,10,49,51,19,1,111,200,95,0,0,12,185,0,13,1,9,58,0,145,0,2427,0,21,1,0,15,104,55,181,1,19,17,2,48,269,1,187,7,1,0,270,20,524,530,1137,228,244,11,36,4,107,178,7,152,59,38,106,2,153,291,14,3,24,75,7,33,62,2,7,1054,97,123,0,139,0,37,157,54,1,1,1,2,57,81,0,4,0,3,1
hsa-miR-3936,3956,16,255,17,479,20,167,226,35,2376,0,0,855,723,155,176,129,162,505,1167,3657,9,317,645,521,17,332,360,479,371,38,232,396,236,25,44,839,217,81,801,95,2,528,0,683,0,5770,1,77,35,1,13,256,303,1074,1,104,0,111,121,719,491,22,5,602,1,2363,138,1252,1412,96,1559,413,192,175,2,364,492,28,1313,175,56,454,125,364,889,167,190,95,670,52,512,306,47,31,2105,407,1046,258,276,0,129,3093,514,225,52,19,225,399,554,8,126,50,485,152
hsa-miR-3937,297,0,4,0,4,2,3,48,5,1785,0,0,256,118,112,95,11,49,161,678,346,1,101,2,4,3,8,1,7,24,21,1334,22,0,0,0,18,4,8,260,0,15,3,0,40,0,3096,0,2,1,0,38,48,55,194,2,0,94,3,17,80,22,6,43,333,1,340,17,87,3,11,55,51,50,30,1,35,6,9,365,11,5,21,3,300,121,2,34,158,71,12,27,29,3,0,387,1,105,45,0,0,6,41,2,100,0,1,31,1,92,2,104,0,0,134
hsa-miR-3938,643,1,1,0,1,2,3,25,8,23,0,0,252,0,66,0,3,4,1,4,128,0,5,1,4,4,29,5,6,10,0,3,3,14,0,0,2,2,2,6,0,0,15,0,3,0,35,0,0,5,0,6,6,70,18,0,0,0,2,2,4,1,1,3,0,0,34,8,4,3,7,86,18,2,42,0,0,64,9,164,1,3,2,0,56,71,11,1,10,1,1,9,9,0,21,193,4,116,202,76,0,41,22,318,3,0,0,4,54,3,0,68,0,117,1
hsa-miR-3939,541,5,5,0,2,2,85,0,5,353,0,0,2,2,1,31,1,32,73,189,6,2,2,156,91,1,1,0,2,6,0,4,0,1,2,36,1,6,15,7,0,0,6,1,132,0,122,0,2,0,0,12,10,2,4,0,24,0,1,0,1,78,3,1,1,0,6,348,453,161,16,8,2,0,0,0,0,4,0,2,23,1,1,1,110,149,4,67,0,1,4,3,110,2,0,873,0,4,1,43,0,1,20,0,35,0,0,0,3,133,0,58,0,1,0
hsa-miR-3940-3p,555,40,80,1,116,5,93,53,15,3745,0,1,222,103,112,44,10,30,127,551,172,4,16,306,130,5,27,29,48,442,25,187,405,121,59,1,39,114,12,369,3,1,33,0,506,0,2653,3,2,0,0,38,123,178,87,3,11,0,11,126,423,124,11,225,16,0,317,1503,321,835,211,1252,73,55,38,7,20,369,8,1029,132,13,169,2,469,301,49,83,239,108,17,47,242,10,16,625,26,229,29,95,0,8,384,13,351,0,3,130,36,270,0,42,3,267,11
hsa-miR-3940-5p,64,1,12,22,510,10,2,41,1,3627,1,6,486,187,222,145,9,48,374,928,219,0,11,21,553,20,6,184,38,457,1,60,13,126,1,6,16,35,23,1044,111,7,12,0,4,1,1501,7,27,0,231,96,415,161,206,4,2,0,98,327,589,550,146,104,1662,77,273,460,312,3873,610,24,11,9,166,5,96,8,14,1785,3928,3,9,47,2846,794,14,311,24,2629,30,3,1864,2,47,927,1,326,25,1997,0,1,132,76,715,0,0,124,125,312,1,50,8,5,223
hsa-miR-3941,0,0,2,0,0,2,2,3,0,329,0,0,0,0,35,1,2,1,1,179,189,0,0,0,3,1,0,0,1,8,0,0,0,0,0,0,3,0,0,9,0,0,1,0,1,0,13,0,0,0,1,0,0,1,1,0,0,0,1,0,2,2,0,1,0,0,468,1,127,373,4,458,0,0,1,2,0,2,0,1,127,3,2,0,2,45,0,0,0,0,0,2,8,2,3,13,0,124,0,0,0,0,10,0,44,0,0,1,119,1,0,1,0,3,0
hsa-miR-3942-3p,8,0,2,0,1,1,1,1,0,465,0,0,2,0,18,1,1,0,0,454,666,2,1,44,444,3,2,2,0,10,0,2,2,1,0,1,3,0,3,8,0,0,0,0,0,0,24,2,0,0,0,1,2,1,1,0,1,0,2,3,39,18,0,1,1,0,294,4,5,3,4,10,0,5,1,0,1,1,1,0,2,2,0,1,0,2,0,62,1,0,3,2,5,1,1,24,2,47,0,77,0,32,13,1,33,0,11,35,1,51,0,2,0,0,40
hsa-miR-3942-5p,137,0,3,1,1,1,13,0,0,328,0,0,0,3,1,53,29,1,51,1,16,0,0,9,0,2,2,163,0,2,0,0,0,0,0,0,165,1,1,1,0,0,1,0,1,0,12,0,16,0,1,1,120,1,3,0,1,0,0,2,9,112,1,3,1,0,461,1,240,2,13,9,4,0,41,1,0,0,0,1,0,2,0,1,0,241,0,0,13,2,1,126,11,0,0,228,0,2,0,0,0,0,15,1,0,0,0,2,0,1,0,1,0,0,44
hsa-miR-3943,13,1,0,0,74,0,1,2,0,2039,0,0,5,35,1,0,45,2,59,104,14,0,0,2,188,6,83,2,1,14,0,1,1,39,1,0,7,1,26,276,0,0,1,0,5,0,1179,0,20,2,0,7,3,1,3,0,0,0,111,0,82,25,2,2,2,0,8,4,397,0,15,15,1,21,1,1,8,26,0,154,23,2,0,19,179,80,1,0,29,1,9,2,11,9,3,338,3,2,55,102,0,2,14,0,42,0,0,1,2,90,0,2,0,38,16
hsa-miR-3944-3p,917,3,1,10,400,3,52,15,18,2478,41,0,6,166,371,1,21,7,137,1384,16,0,5,135,443,13,3,85,7,45,1,86,14,111,1,22,7,6,53,32,35,3,5,0,70,0,1002,17,41,5,0,16,50,2,8,0,16,0,2,225,606,54,6,54,81,0,20,19,714,711,15,393,7,34,5,1,9,11,21,203,120,4,5,10,242,284,29,17,59,176,4,3,310,2,6,533,3,245,237,392,0,5,1344,366,215,2,0,34,82,96,0,0,0,4,114
hsa-miR-3944-5p,1375,5,23,0,75,7,3,4,3,310,0,0,61,482,141,236,5,46,387,4,259,2,162,148,1923,38,30,6,63,745,0,829,139,318,76,1,7,105,43,1238,1,5,94,0,3,0,1276,15,13,2,1,55,151,93,179,1,2,0,96,290,925,77,9,4,102,0,1212,85,1458,1445,1663,125,52,51,128,2,40,67,13,3566,278,3,124,73,1350,674,8,396,125,664,24,49,787,1,41,804,18,70,46,221,0,51,109,515,390,0,0,100,150,385,2,16,2,429,215
hsa-miR-3945,6,0,3,0,42,0,110,29,3,459,0,0,51,184,25,0,4,56,131,139,1127,0,55,91,2,0,69,25,4,13,0,33,37,0,0,0,101,29,7,115,0,0,1,0,147,0,1017,0,5,2,0,8,4,167,56,0,12,0,0,0,37,66,2,52,0,0,600,322,151,72,85,242,65,12,1,0,23,34,6,103,27,5,0,6,2,48,40,24,12,12,2,59,29,1,10,83,49,93,19,0,0,82,606,79,74,0,0,13,209,9,3,129,7,65,18
hsa-miR-3960,8913,69,56,54,121,443,157,85,97,2820,32,27,245,775,140,491,23,223,416,1744,255,16,276,143,2090,949,98,259,179,241,52,1922,264,903,13,99,111,187,435,391,2,13,426,0,143,1,19476,18,55,17,0,123,602,1775,372,144,32,2,1015,1123,2466,565,18,1852,527,3,185,173,3093,2240,3168,189,74,240,596,400,123,65,107,4236,1833,17,16,47,1732,4026,7,354,913,626,118,22,1264,33,188,7008,17,144,762,266,1,26,2115,785,603,36,0,174,434,1037,10,55,95,542,495
hsa-miR-3972,2196,10,319,6,201,11,43,14,20,1974,1,0,98,177,139,17,11,264,111,647,727,1,32,21,50,147,14,84,102,726,0,247,428,2,3,62,21,134,11,321,78,0,19,1,27,11,1975,5,25,7,0,52,234,56,19,0,2,2,38,200,761,89,168,204,1087,5,54,95,882,1509,58,88,21,78,460,3,189,81,8,3192,186,4,10,13,345,429,17,7,73,473,7,11,124,3,8,1410,97,195,349,265,0,46,1753,418,807,0,0,5,207,174,8,254,2,329,113
hsa-miR-3973,29,0,2,0,152,1,2,2,3,1,56,0,1,26,39,0,1,111,0,147,235,0,0,4,0,1,4,1,0,8,0,2,0,0,0,0,4,61,0,222,0,0,0,0,0,0,1365,0,0,2,0,6,3,0,2,0,1,1,0,70,1,1,0,0,0,0,168,4,1,502,6,13,1,0,0,0,1,1,9,94,0,0,0,0,80,0,8,0,9,3,0,12,9,0,0,359,0,37,45,0,0,1,13,0,1,0,0,0,0,0,0,3,0,1,0
hsa-miR-3974,2,0,1,0,0,2,3,1,0,8,0,0,3,2,1,1,0,1,75,6,3,0,4,1,1,1,0,2,1,3,1,0,128,0,0,0,1,118,0,1,1,0,2,0,0,0,31,0,2,0,0,7,7,126,0,0,0,0,0,1,43,24,1,0,0,0,7,5,120,0,5,3,103,10,32,0,1,113,0,1,0,0,0,7,1,35,0,1,2,0,4,0,10,0,0,154,11,1,2,1,0,0,18,222,27,0,0,1,0,16,0,53,0,1,0
hsa-miR-3975,70,0,1,0,0,0,1,1,5,0,0,0,60,4,0,17,0,2,0,2,11,1,0,1,0,0,0,0,8,1,0,1,1,0,0,1,3,2,10,2,1,0,0,0,127,0,1427,0,1,0,0,0,3,0,57,0,1,0,1,0,1,0,0,0,2,0,14,4,1,0,1,11,0,0,0,1,2,0,0,0,0,2,0,0,18,24,2,1,0,0,0,2,15,0,0,36,4,1,0,0,0,10,428,0,68,0,0,0,45,0,3,2,1,0,0
hsa-miR-3976,345,0,4,1,198,2,2,34,1,459,0,0,112,3,45,0,2,120,76,176,245,1,44,80,132,3,37,50,37,319,0,6,103,29,0,0,163,63,5,84,38,0,40,0,27,0,40,0,1,0,0,0,3,124,7,0,7,1,37,32,6,102,2,2,1,0,401,13,116,12,9,1339,33,15,41,1,46,74,0,6,21,23,6,0,39,3,39,1,6,45,4,64,32,3,0,47,29,294,37,1,0,27,28,4,3,0,0,36,89,3,0,2,0,4,1
hsa-miR-3977,231,0,6,12,115,265,1,64,0,4,0,0,173,6,4,2,6,4,2,106,34,1,1,4,219,4,3,6,3,9,0,2,5,2,0,1,8,11,0,285,0,0,9,1,4,0,633,0,15,0,0,0,4,5,6,0,1,0,3,0,34,70,87,3,2,0,37,18,82,10,9,94,7,0,0,0,15,2,9,160,52,1,2,1,250,66,6,5,20,2,3,8,10,0,2,21,42,9,2,6,0,1,42,2,2,2,0,156,1,33,0,5,1,85,49
hsa-miR-3978,2,0,1,0,0,0,3,59,1,1,0,0,42,3,139,1,153,134,132,511,17,0,118,3,0,1,2,4,4,9,0,58,17,0,0,0,4,65,15,251,1,0,36,0,2,0,567,0,3,43,0,1,9,62,193,1,0,45,0,45,256,12,4,0,1,0,42,8,3,1,6,740,227,27,0,0,30,154,0,174,0,4,2,0,16,98,0,0,2,1,0,0,34,3,0,78,24,143,19,194,0,1,612,1,43,0,0,0,0,0,0,2,0,1,37
hsa-miR-409-3p,79,0,0,1,2,1,1,2,0,342,0,0,83,153,1,0,0,248,65,1121,7,5,2,88,85,3,29,77,6,14,10,1,4,136,0,0,206,3,7,5,113,0,0,0,5,0,432,0,29,1,0,0,11,69,6,0,0,0,65,2,5,63,4,1,2,0,8,17,126,209,5,142,105,11,1,1,28,90,0,225,0,2,107,32,473,3,34,1,16,1117,23,5,32,13,2,278,2,47,46,0,0,2,52,1,114,1,1,64,0,250,0,1,0,135,73
hsa-miR-409-5p,112,7,19,7,0,2,80,0,6,59,0,0,4,4,107,19,2,103,2,2,23,0,169,212,110,5,2,1,3,309,0,1,10,0,0,0,5,0,0,11,63,0,23,0,0,0,754,0,30,0,0,13,8,2,6,0,0,0,73,2,216,6,3,208,6,0,1070,11,123,425,7,15,5,0,0,2,33,135,6,125,6,1,117,0,64,26,11,121,34,0,5,142,41,1,3,209,1,97,3,185,0,2,54,241,11,0,0,0,0,81,3,2,0,52,0
hsa-miR-410-3p,11,3,242,16,369,11,890,156,107,5290,0,0,802,1759,458,179,286,598,735,3429,5335,10,768,1147,2724,34,1305,535,590,2627,6,136,244,711,4,0,1099,1238,293,2837,0,1,1236,2,563,31,3871,58,110,37,0,37,465,767,1008,4,100,4,7,286,200,712,59,300,299,0,6147,374,525,1868,217,3705,352,267,353,2,386,840,111,1710,333,254,188,144,649,350,337,214,271,829,41,987,11764,75,58,651,205,4871,1003,189,1,616,5058,5,290,5,40,342,965,124,1,600,35,524,119
hsa-miR-410-5p,68,0,12,2,152,2,14,24,0,197,1,0,71,97,37,24,10,7,1,500,1680,3,6,10,1,3,87,91,12,434,0,80,31,90,0,0,184,12,17,284,1,0,34,0,30,0,382,0,24,0,0,6,63,2,9,14,6,0,3,2,80,140,88,5,7,0,287,44,224,3,20,1258,7,1,43,0,4,34,0,141,103,66,8,1,3,85,12,1,19,4,6,43,35,0,3,157,33,26,2,32,0,33,272,1,52,21,2,4,2,4,0,3,0,478,25
hsa-miR-411-3p,127,0,0,0,32,4,1,1,0,168,0,0,1,1,13,32,0,0,2,8,9,0,0,2,203,1,1,1,1,4,0,2,1,35,0,0,0,3,11,66,0,0,0,0,3,0,475,0,0,4,0,12,1,37,7,0,0,0,4,0,160,0,2,1,1,0,33,5,189,0,13,2,12,0,0,0,4,110,0,54,47,0,2,0,115,53,2,12,38,29,2,12,8,2,0,379,0,129,75,37,0,0,14,1,0,0,1,0,0,1,0,0,0,270,0
hsa-miR-411-5p,1325,1,55,12,65,7,93,98,22,655,0,11,319,171,116,30,22,233,292,272,845,7,149,413,844,13,288,154,175,394,0,172,131,218,1,0,426,295,57,333,0,2,82,0,605,0,4433,19,12,50,0,10,90,110,225,1,29,6,165,146,185,211,64,5,285,0,1519,64,593,813,577,1252,208,61,98,1,94,360,34,211,66,67,18,49,108,185,69,111,50,133,15,147,574,7,15,358,111,371,156,155,0,161,923,125,117,0,17,131,132,99,1,21,0,10,44
hsa-miR-412-3p,242,0,2,0,3,3,0,2,1,275,0,0,77,28,17,1,1,4,0,128,10,0,1,5,89,3,1,2,78,106,0,0,69,17,0,0,2,5,3,11,0,0,0,0,1,9,632,16,5,0,0,2,6,20,152,0,0,0,31,1,9,15,0,9,182,0,12,874,68,463,5,10,2,0,232,1,0,2,0,204,14,1,6,0,19,43,1,0,0,1,11,1,28,0,0,180,0,27,19,50,0,1,36,0,28,0,0,12,59,134,0,2,0,1,46
hsa-miR-412-5p,516,0,1,1,8,1,2,3,0,18,0,0,13,92,17,1,27,125,74,466,228,0,5,9,3,593,2,35,3,220,0,1,9,47,39,0,101,129,0,12,0,0,5,0,10,0,34,15,0,0,0,22,11,176,17,1,1,1,5,212,8,87,1,6,3,1,43,9,144,512,15,36,6,1,2,3,11,7,33,63,0,0,197,0,46,8,1,3,4,2,6,4,27,3,1,33,3,243,2,4,0,8,66,1,2,1,0,3,0,31,1,44,0,113,2
hsa-miR-421,7,0,1,0,0,1,15,2,0,392,0,0,5,107,16,26,1,115,1,0,259,0,3,1,1,0,3,0,3,4,0,0,3,32,0,0,1,0,0,186,0,0,3,0,0,1,407,0,22,2,0,8,3,85,6,0,0,0,68,79,202,0,0,0,0,0,3,10,182,0,8,8,0,0,0,0,0,1,0,1,0,2,0,0,108,0,20,0,1,0,6,1,14,0,0,86,1,152,108,0,0,1,20,0,63,1,0,0,2,0,3,1,0,1,0
hsa-miR-422a,231,0,3,3,0,0,1,59,0,535,0,0,2,0,10,0,0,1,15,1,7,0,0,1,0,3,2,116,0,5,0,32,1,18,0,13,3,0,15,7,0,0,0,0,0,0,560,0,13,0,0,0,1,58,2,0,0,0,2,192,36,33,0,0,1,0,3,0,83,4,28,6,0,0,1,0,1,0,0,294,1,2,2,1,0,1,0,0,24,0,3,2,3,0,0,240,0,3,0,92,0,1,8,1,42,0,0,66,90,43,0,0,0,0,0
hsa-miR-423-3p,8,0,3,0,32,6,0,1,0,681,0,0,85,1,15,3,1,22,5,318,8,0,1,1,540,187,1,0,0,12,0,1,1,126,0,0,0,2,13,125,1,0,1,0,0,0,804,0,9,3,0,0,96,23,14,0,0,0,1,68,241,82,28,1,113,21,6,5,290,118,590,8,2,34,14,1,0,0,0,315,900,0,0,4,148,465,0,0,25,166,6,1,17,0,6,354,1,2,111,0,0,3,11,1,1,0,0,83,1,21,0,47,0,56,126
hsa-miR-423-5p,2070,115,29,0,49,1078,2,2,2,1167,0,1,85,33,27,372,113,5,177,986,221,2,15,17,137,24,36,7,238,427,4,99,6,154,0,17,8,68,98,38,5,82,26,2,123,0,1081,0,153,17,0,143,118,3190,184,0,1,0,397,331,234,551,5,944,342,56,218,60,3116,126,903,23,4,59,2,739,43,4,6,493,2993,6,78,2,724,4384,9,3,17,485,68,39,1232,3,41,1997,0,104,1,611,0,33,71,1,128,0,0,2,3,522,59,79,0,715,367
hsa-miR-424-3p,1651,4,342,3,84,6,18,45,11,400,2,0,1189,1333,32,136,59,261,1357,152,551,0,330,270,213,18,16,6,17,32,1,369,11,295,0,49,21,88,35,534,6,3,11,3,83,0,5442,13,31,3,0,77,222,110,336,1,5,0,45,76,1267,45,180,176,3,1,419,88,1256,152,84,74,12,41,55,2,130,8,19,278,142,4,17,63,112,1996,2,100,182,262,27,11,160,1,2,2439,36,92,47,358,0,7,632,289,108,1,4,186,2,312,2,73,11,126,86
hsa-miR-424-5p,301,0,2,0,103,0,1,0,0,2,0,0,3,0,0,3,27,3,139,4,5,0,4,4,2,0,1,1,1,301,0,1,11,0,0,0,2,2,1,71,0,0,5,0,38,0,13,0,2,1,0,0,4,3,3,0,1,0,1,0,0,2,2,10,1,0,7,53,8,2,13,7,1,0,0,0,1,2,0,0,1,0,74,2,1,3,16,0,0,0,1,18,22,1,0,13,0,40,89,0,0,1,832,1,4,0,0,1,1,1,0,18,0,1,1
hsa-miR-425-3p,484,94,100,8,137,9,54,64,3,474,0,5,41,192,25,33,8,35,278,630,539,1,35,78,434,18,72,4,151,383,0,2,75,37,0,1,77,101,36,66,0,1,90,0,75,0,667,16,12,14,84,14,41,0,812,0,13,44,25,32,237,150,29,2,76,0,3050,199,266,151,125,737,104,13,3,227,52,187,20,468,48,61,58,6,211,281,29,64,82,117,7,72,259,6,1,537,22,269,436,154,0,77,770,0,57,3,1,85,67,30,2,19,5,190,36
hsa-miR-425-5p,12,0,23,0,1,3,1,0,2,70,0,0,1,99,93,0,2,106,0,20,18,0,2,1,3,0,44,6,45,8,0,66,113,0,1,15,2,52,1,69,0,0,35,0,0,0,612,0,0,0,0,1,6,3,6,0,0,0,139,0,31,1,1,6,287,0,892,5,581,331,10,10,0,0,54,0,74,123,0,196,2,26,82,0,1,75,57,20,1,61,0,46,17,0,2,93,14,4,0,2,0,77,17,86,27,0,0,0,0,0,1,3,1,208,2
hsa-miR-4251,4,0,1,0,0,0,1,1,0,1,0,0,1,98,0,49,0,91,3,0,1,0,0,0,3,1,0,0,1,1,0,17,112,0,0,0,1,1,0,0,140,0,1,0,0,0,1,0,0,0,0,0,3,0,4,0,0,0,0,2,35,50,0,86,0,0,2,9,1,12,3,1,0,1,0,0,0,27,0,0,0,0,0,1,1,1,0,0,0,1,9,0,15,0,0,77,0,1,0,60,0,1,11,0,0,22,0,0,1,15,0,0,0,3,26
hsa-miR-4252,291,0,3,0,5,2,62,132,23,264,0,1,371,8,62,46,5,395,19,290,56,1,15,22,20,1,14,30,11,31,1,306,280,6,1,0,22,29,22,79,0,0,143,0,9,0,1821,2,1,3,0,23,76,97,18,0,4,2,252,3,60,69,5,136,9,0,292,880,27,631,96,63,10,17,82,0,6,12,1,297,89,5,11,2,387,9,10,50,136,163,17,10,101,1,3,443,2,32,81,4,0,4,1351,277,3,0,22,176,95,112,0,4,0,440,54
hsa-miR-4253,308,1,13,0,33,4,0,2,1,401,0,0,2,2,7,55,2,4,19,128,113,0,1,0,52,1,23,2,58,21,0,62,2,32,0,0,5,30,6,17,0,0,1,0,4,0,408,0,6,0,0,11,24,175,19,1,2,0,78,80,172,8,1,7,111,1,37,9,201,253,409,362,0,1,1,1,2,0,10,824,34,41,1,33,87,191,2,0,34,133,0,4,16,8,12,576,15,2,3,168,0,18,316,1,48,0,0,3,0,0,1,5,0,0,76
hsa-miR-4254,2771,0,5,2,88,12,2,76,7,1633,0,0,287,36,87,34,4,120,27,411,36,0,5,0,298,167,4,126,6,167,54,340,5,64,1,36,17,15,9,540,50,10,3,0,1,34,2102,2,18,8,0,37,156,61,22,0,3,0,305,233,653,102,249,172,918,0,727,29,898,1385,498,464,7,12,123,2,101,6,22,289,310,4,116,12,488,562,3,195,147,803,13,4,200,1,35,1899,5,200,585,126,0,2,75,410,188,0,0,109,1,151,2,55,4,176,96
hsa-miR-4255,193,1,2,0,0,1,5,63,9,588,0,0,140,83,33,0,0,10,75,4,532,2,98,79,75,1,44,4,4,153,0,2,5,0,0,0,6,5,0,222,0,3,40,0,0,0,11,0,0,0,0,14,14,0,2,0,6,0,0,1,183,0,4,2,0,0,530,16,0,502,4,9,2,0,0,0,19,43,0,2,0,3,5,1,0,20,112,0,15,0,0,1,35,2,0,237,1,142,4,0,0,53,1150,1,2,0,0,61,0,0,0,1,0,0,25
hsa-miR-4256,220,0,4,0,0,1,12,21,2,131,0,0,30,199,32,0,29,97,54,3,348,2,6,153,0,2,8,58,8,169,0,78,222,19,0,5,3,16,5,416,28,0,2,0,2,0,2392,0,10,0,0,1,21,1,2,0,0,0,20,3,77,8,7,1,1,0,630,33,103,183,9,140,2,22,49,0,28,84,3,148,59,5,70,21,65,81,39,19,3,0,1,66,1600,3,0,193,1,286,18,1,0,159,357,0,1,0,1,4,0,19,0,15,0,0,42
hsa-miR-4257,710,24,187,4,181,9,134,31,32,2141,0,1,205,457,264,51,84,1103,772,923,3025,5,61,691,544,322,246,290,207,1182,1,161,295,239,2,1,251,578,56,2238,0,0,497,2,594,41,5045,0,43,28,4,5,54,48,549,4,29,1,13,112,679,352,14,8,3221,72,3728,148,15,1548,154,1758,540,30,3,4,91,760,57,719,1110,71,443,13,1469,436,344,160,24,1906,22,193,356,9,14,350,282,895,273,206,0,556,252,768,264,1,2,37,89,275,2,533,24,23,185
hsa-miR-4258,522,2,142,1,125,7,2,72,22,96,99,0,8,176,12,65,6,78,49,5,243,1,5,114,69,2,0,66,50,9,0,1232,4,27,0,1,17,10,34,3,31,0,147,0,1,1,1070,0,8,1,0,30,16,175,56,16,1,56,68,22,135,35,188,100,117,0,416,19,290,172,292,33,4,39,30,3,58,53,15,456,59,5,4,1,124,343,2,206,339,36,4,99,59,0,23,1288,19,10,0,0,0,69,49,1,26,14,1,73,0,2,1,53,14,153,22
hsa-miR-4259,380,0,6,0,2,5,25,53,5,1296,1,0,25,50,46,56,87,145,87,6,37,1,36,5,0,3,25,35,6,21,0,227,4,123,0,4,12,30,50,18,0,0,167,0,57,0,4298,19,21,2,1,20,12,4,9,2,1,0,224,128,119,80,5,94,107,0,31,10,677,776,27,31,34,0,2,0,77,8,26,650,156,37,26,43,379,319,12,0,18,186,5,7,38,3,2,919,2,221,177,1,0,35,505,1,295,0,1,4,0,23,1,5,25,4,104
hsa-miR-4260,1102,0,5,16,2,4,28,5,3,4,0,1,78,116,27,33,14,58,7,625,809,1,50,52,0,4,192,250,11,14,2,74,79,27,1,0,173,23,12,496,0,11,264,0,15,0,1423,44,4,0,0,13,137,137,123,0,0,0,3,18,96,77,13,101,5,0,31,137,724,62,118,21,89,45,0,3,13,11,2,95,85,7,110,43,88,266,79,172,20,3,2,57,1692,3,11,1180,225,387,4,287,0,157,2780,54,61,0,0,1,32,66,0,13,0,30,16
hsa-miR-4261,0,0,0,0,0,1,0,0,0,3,0,10,0,0,15,0,0,0,61,0,108,0,0,0,0,0,0,0,1,1,0,0,1,0,0,0,1,0,0,5,0,0,0,0,97,0,241,0,0,0,0,1,0,0,1,0,0,0,0,0,2,6,0,0,0,0,5,1,72,6,4,10,0,0,13,0,18,0,0,52,0,0,0,0,146,52,0,0,12,41,11,0,3,0,0,172,0,0,0,46,0,2,5,0,0,0,0,0,0,69,0,2,1,2,0
hsa-miR-4262,2,0,1,0,0,1,0,0,1,96,0,0,100,94,5,1,0,99,24,1,7,0,1,24,167,3,49,57,0,2,0,2,2,0,0,0,2,2,6,3,0,0,0,0,5,0,227,0,1,32,0,33,6,32,121,0,2,0,21,0,168,15,0,39,91,0,252,11,364,0,184,5,1,0,0,1,19,1,0,6,71,0,1,0,1,71,1,17,14,36,4,65,15,18,13,299,0,103,1,36,0,6,18,0,1,0,0,0,21,45,1,0,0,2,31
hsa-miR-4263,1,0,0,0,0,1,1,0,1,0,0,0,7,1,1,0,0,2,1,0,6,1,0,1,0,0,0,19,69,3,0,0,7,0,0,0,73,1,0,1,33,0,50,0,0,0,600,0,0,0,0,0,2,0,0,0,0,0,0,0,1,32,0,0,0,0,6,4,0,0,0,8,0,17,3,0,1,1,0,0,0,1,1,0,0,1,1,0,0,0,0,53,2,0,0,29,5,2,0,141,0,0,30,0,33,10,0,0,1,0,0,9,0,46,0
hsa-miR-4264,154,0,57,1,3,0,112,9,2,52,0,5,173,33,46,0,11,13,105,15,223,3,38,165,3,1,47,102,78,196,0,13,42,4,0,0,173,51,2,17,0,0,29,0,18,0,1045,32,6,0,0,0,36,1,19,0,13,7,6,1,9,93,10,5,276,0,409,101,77,3,5,158,26,6,75,0,10,27,0,307,1,18,16,26,106,8,5,23,3,19,7,10,1731,4,0,20,56,231,4,1,0,162,228,19,90,0,2,8,107,23,0,17,41,4,2
hsa-miR-4265,336,0,1,1,2,2,2,1,0,182,0,0,29,22,37,18,1,3,6,0,14,0,17,36,135,3,0,1,2,4,0,18,2,0,1,0,4,1,3,2,1,0,2,0,4,0,22,0,0,0,0,0,4,0,1,0,1,0,2,1,0,0,1,4,0,0,548,6,3,0,3,6,0,0,17,0,0,5,21,6,0,1,0,0,28,0,3,1,6,1,8,7,7,0,0,49,0,6,0,1,0,1,21,1,17,0,0,0,0,130,0,4,0,1,19
hsa-miR-4266,207,2,2,7,3,2,1,18,3,281,0,26,19,55,3,6,5,7,5,5,23,0,3,4,1,1,37,4,1,193,0,1505,2,27,0,0,60,3,2,1,0,0,6,0,0,0,914,2,1,0,0,2,9,5,3,0,1,0,16,0,136,170,4,6,54,48,20,19,67,8,4,15,0,0,9,1,4,2,5,195,141,2,55,1,40,11,1,5,132,35,4,2,42,0,3,260,0,56,1,17,0,9,30,2,6,0,1,7,80,101,2,77,0,10,57
hsa-miR-4267,380,7,6,1,138,6,62,6,4,824,0,0,3,0,2,27,5,35,36,2,17,2,3,3,82,6,2,172,1,7,1,639,55,60,0,0,4,1,7,10,0,0,2,0,0,0,781,0,0,2,0,3,5,146,177,0,22,1,1,1,122,30,1,1,0,0,176,9,398,2,33,15,1,0,0,3,5,39,0,93,83,25,35,0,97,4,1,1,2,6,11,12,15,0,1,291,54,1,162,0,0,3,21,225,37,1,0,1,72,84,1,27,0,368,4
hsa-miR-4268,128,2,28,0,11,0,2,1,9,570,0,0,2,0,33,0,3,3,95,4,22,0,1,2,117,4,1,1,0,18,0,2,3,32,0,11,2,0,4,16,0,12,45,0,1,0,528,0,19,5,0,18,2,23,2,0,1,0,3,18,52,37,2,19,1154,1,274,12,33,492,13,151,1,1,347,1,0,2,23,363,65,3,8,28,0,200,2,0,53,0,5,2,9,0,8,129,2,75,85,34,0,0,16,1,2,0,0,0,0,107,0,1,120,209,158
hsa-miR-4269,5,0,0,0,2,0,0,3,0,1169,0,0,65,1,39,0,0,0,0,184,8,0,1,0,215,2,0,1,0,13,16,3,0,0,0,0,2,0,0,9,0,7,1,0,3,0,339,0,0,2,0,9,26,0,5,0,0,0,202,15,152,6,0,0,0,0,3,2,133,316,581,3,1,17,4,0,43,0,0,62,0,0,1,3,6,76,0,3,15,9,6,21,3,6,6,152,1,1,35,49,0,13,8,119,12,0,0,0,0,61,0,0,0,0,0
hsa-miR-4270,27,0,1,2,59,4,1,0,2,4,0,0,3,2,1,56,1,160,1,188,9,1,53,75,2,1,2,2,1,7,1,1,3,56,0,1,68,57,8,8,40,0,1,0,1,0,209,2,0,0,0,3,6,184,9,0,1,0,49,11,154,87,0,0,1,0,3,50,181,1019,326,5,3,1,0,2,34,0,9,272,13,1,1,0,16,98,5,2,11,2,14,2,398,1,22,421,0,158,3,0,0,1,27,1,42,0,0,1,0,1,1,0,0,75,4
hsa-miR-4271,47,8,7,0,0,1,2,46,4,57,0,0,3,8,0,20,2,6,0,5,840,0,156,4,3,3,18,231,3,78,1,40,10,84,0,10,7,5,1,4,0,3,5,0,0,0,1697,1,4,2,0,0,14,207,9,1,1,0,1,0,46,44,4,137,0,0,22,18,74,7,6,197,38,0,17,0,22,93,1,2,0,1,3,0,70,95,17,0,1,187,23,2,35,0,4,360,6,9,133,1,0,4,1202,0,20,0,0,24,68,161,0,0,0,0,20
hsa-miR-4272,2,0,0,0,1,0,0,0,0,2,0,0,0,1,0,0,1,0,0,0,3,0,0,1,0,0,1,1,1,0,0,37,1,27,0,4,1,89,0,1,0,0,2,0,0,0,4,0,0,0,0,1,0,1,54,0,0,0,0,32,1,0,0,1,265,0,0,2,7,1,0,2,0,0,0,0,0,0,0,1,0,0,0,0,0,0,0,0,0,32,0,1,7,0,1,22,1,1,0,0,0,1,4,1,0,0,0,0,0,0,0,20,0,0,0
hsa-miR-4273,486,0,2,1,78,2,0,3,0,1133,0,0,1,89,189,0,0,8,1,562,14,0,51,1,1,1,1,43,1,15,0,23,2,7,0,2,5,1,7,210,0,14,2,0,195,44,271,0,2,0,0,30,5,95,10,0,0,0,1,2,324,42,0,3,62,0,15,10,631,327,19,256,61,17,1,0,2,111,16,3,17,1,16,23,16,9,21,0,15,0,3,6,19,0,1,96,0,6,0,142,0,1,28,51,2,1,0,7,0,58,0,0,0,1,67
hsa-miR-4274,683,0,0,1,57,2,1,131,9,487,0,0,1,2,4,1,1,125,2,115,16,0,1,2,4,3,5,74,0,16,0,3,119,105,0,0,5,2,29,74,0,7,4,1,16,0,1212,28,0,0,0,4,38,48,2,0,9,0,15,25,69,21,0,203,841,1,21,5,355,107,14,452,4,0,122,1,4,3,28,440,8,3,2,11,188,60,36,0,3,305,12,0,22,19,0,236,0,64,3,3,0,2,27,293,80,0,0,54,0,74,0,2,1,2,14
hsa-miR-4275,8,4,0,0,2,0,0,9,0,1,0,0,6,4,0,0,0,128,2,0,8,0,5,1,6,0,26,3,1,3,0,2,185,0,0,0,2,5,0,0,0,0,8,0,0,0,173,0,0,0,0,0,14,0,3,0,0,0,1,0,142,8,2,2,1,0,10,7,16,4,4,195,0,0,0,0,0,2,0,81,0,1,3,0,0,52,0,1,0,2,1,12,13,1,0,28,7,241,0,0,0,42,20,2,1,0,0,72,0,0,0,0,0,2,36
hsa-miR-4276,0,0,0,0,0,0,0,0,0,1,0,0,0,0,0,0,0,0,0,0,0,0,0,0,0,0,0,0,0,1,0,0,0,0,0,0,0,0,0,1,0,0,0,0,0,0,2,0,0,0,0,0,1,0,0,0,0,0,0,1,1,0,0,38,0,0,0,0,0,2,0,122,0,4,0,0,1,0,0,0,0,0,0,0,37,5,0,0,0,0,0,1,0,1,0,46,0,0,0,0,0,1,1,0,0,0,0,0,0,0,0,0,0,0,0
hsa-miR-4277,884,0,6,0,0,2,20,5,2,3,0,0,0,134,1,1,6,6,37,466,37,2,2,0,1,2,2,6,1,3,1,26,3,0,0,0,165,0,0,3,0,2,0,0,0,0,2813,0,0,0,0,92,3,89,8,0,0,0,0,0,266,32,0,3,0,0,19,2,100,1,12,31,0,0,0,0,2,1,0,70,0,6,0,0,0,216,2,0,0,0,3,7,11,0,0,197,3,224,0,0,0,4,19,0,0,0,0,0,0,46,3,183,0,1,44
hsa-miR-4278,221,2,1,0,74,3,3,5,2,3,0,0,2,1,31,14,2,2,67,1,555,0,16,1,0,1,1,22,3,1,0,2,141,14,1,0,2,0,2,6,0,0,1,0,0,0,630,0,3,0,0,1,1,2,6,1,3,2,125,3,61,5,3,0,238,1,807,3,288,10,15,20,1,1,11,1,11,4,1,60,15,3,1,1,2,3,1,25,5,138,0,3,11,0,0,265,0,3,0,0,0,3,18,3,0,1,0,127,0,2,0,2,1,6,2
hsa-miR-4279,58,2,16,1,34,3,25,19,4,426,0,1,29,95,69,16,10,93,80,63,271,1,28,74,189,11,28,52,25,185,1,10,54,24,16,2,34,58,6,116,3,0,24,0,22,1,587,5,0,5,2,0,66,12,101,0,8,0,3,9,126,82,4,23,112,10,563,31,113,25,116,473,122,3,27,22,96,98,19,580,7,17,22,3,20,86,58,35,5,70,2,43,54,2,5,456,13,217,46,129,0,74,491,385,127,2,3,22,18,9,0,50,0,10,4
hsa-miR-4280,2,0,0,1,0,2,2,64,0,5,0,0,106,41,89,0,2,46,2,315,16,0,1,139,0,1,3,0,4,51,0,2,30,1,0,0,2,2,0,3,2,0,2,0,4,0,254,16,0,0,0,1,7,0,1,0,8,0,0,2,51,1,3,109,0,0,818,12,6,0,4,368,38,0,1,0,10,88,6,1,0,16,1,1,0,9,34,0,2,0,1,6,22,0,0,66,14,37,2,1,0,15,24,1,1,0,1,0,0,11,0,24,0,1,0
hsa-miR-4281,441,2,0,0,1,3,1,4,1,4,0,1,2,2,21,14,0,5,67,3,6,0,5,18,5,2,36,38,6,5,0,1,2,31,1,1,3,6,3,51,0,0,1,0,110,0,389,0,0,9,0,0,8,22,5,0,28,0,7,28,64,1,3,62,232,0,8,17,224,46,160,320,4,0,0,3,1,3,0,41,11,2,1,42,142,146,1,0,13,325,6,1,1010,0,14,109,0,0,127,0,0,3,29,0,1,0,0,0,0,53,0,0,0,103,15
hsa-miR-4282,3,4,1,0,0,0,0,2,0,0,0,0,29,0,11,0,19,0,0,0,149,0,0,0,38,2,1,1,0,146,0,2,13,0,0,0,2,0,0,0,0,0,104,0,0,0,133,0,0,0,0,0,0,269,0,0,0,0,0,0,0,60,1,0,0,0,7,3,0,99,6,425,0,0,0,0,0,17,0,0,23,1,34,1,10,1,5,0,9,0,0,31,16,0,0,12,0,2,16,0,0,3,10,0,0,0,0,74,0,0,0,0,0,1,9
hsa-miR-4283,366,12,2,4,60,1,11,11,10,838,1,0,9,6,90,54,3,59,58,270,10,2,34,3,258,135,98,16,6,185,1,25,0,165,1,14,4,7,118,169,13,4,89,0,6,0,1261,10,35,0,23,40,31,79,9,0,0,0,37,117,312,34,2,219,336,0,8,44,416,1544,63,16,4,74,719,150,31,2,37,1282,63,47,2,9,135,451,1,85,168,480,9,1,29,8,7,229,1,34,57,259,0,3,475,110,58,0,1,132,36,81,3,3,677,130,560
hsa-miR-4284,1540,0,1,27,227,2,3,4,0,148,0,8,227,125,1,0,27,3,45,4,12,0,38,5,2,1,63,70,6,13,1,2,5,207,1,0,345,58,17,146,0,0,2,0,1,1,441,0,14,0,0,0,4,0,96,35,1,2,83,87,115,413,1,5,389,0,176,51,133,62,27,25,4,0,12,1,41,109,0,1,28,69,5,0,3,162,2,26,9,58,0,1,38,0,1,311,30,141,0,1,0,1,47,260,3,0,0,1,0,2,4,47,0,1,45
hsa-miR-4285,657,7,8,1,448,5,100,30,21,263,0,0,165,149,176,33,83,68,284,993,171,0,9,18,512,4,271,5,14,190,0,58,15,39,0,16,14,259,40,505,0,0,10,0,3,2,895,12,40,8,0,16,89,2,17,1,2,0,7,76,319,7,7,493,195,0,1450,89,704,751,252,1055,135,0,74,1132,93,336,18,680,65,4,102,0,118,84,2,157,44,382,17,78,1790,2,22,757,2,905,118,29,0,74,720,6,7,34,1,135,101,166,2,110,0,15,192
hsa-miR-4286,2,1,1,0,107,0,16,2,1,79,0,1,2,73,0,50,0,70,19,2,151,0,1,3,60,1,80,27,24,3,0,15,1,23,0,8,58,0,0,3,0,0,0,0,0,0,437,0,5,0,0,0,2,0,0,0,0,0,1,0,167,25,0,1,0,0,477,4,83,3,3,141,6,0,0,1,1,83,2,128,68,3,1,0,7,2,21,5,3,0,3,0,8,0,0,53,2,1,0,0,0,4,10,0,0,0,0,0,0,15,0,3,0,0,19
hsa-miR-4287,0,0,2,0,0,0,0,0,0,0,0,0,0,27,6,0,0,0,0,0,7,0,0,0,118,2,27,0,0,0,0,624,0,0,0,0,1,0,1,1,0,0,21,0,25,0,9,0,0,0,0,0,1,0,0,0,0,0,1,1,0,7,34,0,0,0,2,1,43,0,0,2,11,0,0,1,0,0,0,1,12,2,1,0,0,19,1,0,14,1,0,0,5,0,0,2,0,1,0,0,0,2,1,0,7,0,0,0,0,0,1,9,0,0,0
hsa-miR-4288,2,0,125,0,17,0,1,101,3,10,0,0,278,5,1,0,159,6,156,6,748,0,206,264,2,0,5,10,6,94,0,13,64,2,0,0,5,133,2,242,0,0,28,0,1,0,553,7,20,0,0,0,13,1,3,0,3,0,1,0,19,2,5,0,1,0,56,27,52,4,4,45,94,6,3,5,42,6,0,7,0,24,14,1,21,3,26,34,3,1,1,2,34,1,0,99,1,13,14,1,0,3,65,1,0,0,1,0,0,31,0,83,0,314,39
hsa-miR-4289,65,0,2,8,0,1,0,0,0,3,0,0,12,0,10,25,2,0,0,0,183,0,0,0,33,2,0,0,0,3,0,0,9,0,0,0,3,1,8,5,0,0,1,0,2,0,75,0,0,4,0,0,2,0,2,0,0,0,0,0,0,1,1,0,1,0,218,1,94,161,31,38,9,0,0,0,39,1,0,0,13,1,0,0,0,49,0,0,0,0,3,33,0,2,2,23,9,45,50,0,0,1,4,94,1,1,3,0,0,31,0,0,0,0,0
hsa-miR-429,60,0,2,1,1,0,42,2,8,7,0,0,75,3,13,2,19,1,18,96,316,0,50,29,150,1,12,2,12,14,0,2,1,47,2,0,5,46,6,73,0,0,6,1,22,0,684,0,1,1,1,8,21,3,4,0,2,0,0,0,0,26,2,1,65,0,216,13,352,863,8,14,0,0,1,0,5,2,48,3,1,1,1,6,2,43,16,43,1,1,3,17,29,281,0,95,0,53,26,207,0,15,24,3,100,0,0,1,1,2,0,9,0,90,1
hsa-miR-4290,132,0,12,0,0,0,1,0,0,1,0,7,14,0,0,0,69,11,1,0,2,0,11,0,0,1,2,1,0,2,0,0,0,1,0,0,0,2,22,2,0,0,0,0,1,0,101,0,5,0,0,1,1,4,4,0,1,0,12,6,0,4,1,0,38,0,4,5,257,177,21,2,0,22,1,0,0,0,1,3,2,0,10,29,10,41,0,0,13,0,5,0,3,0,2,50,6,1,0,0,0,1,4,1,0,1,0,0,0,64,5,8,0,1,17
hsa-miR-4291,205,0,0,0,24,1,0,0,1,125,0,0,2,3,15,0,0,16,18,0,3,0,1,1,67,2,20,2,0,3,0,0,33,1,0,0,2,2,0,83,0,0,1,0,0,0,280,0,2,0,0,1,2,0,1,0,1,0,0,0,60,2,1,0,1,0,196,7,0,269,128,170,3,0,0,114,21,48,0,0,0,15,45,0,25,0,9,0,13,0,0,1,14,0,11,40,10,37,0,1,0,2,653,2,1,0,0,0,1,16,0,13,0,0,0
hsa-miR-4292,761,32,23,28,24,645,136,126,29,2002,1,1,18,1253,120,75,9,15,530,546,82,2,312,17,1095,984,71,8,11,582,42,37,66,166,7,2,24,12,85,544,0,7,127,0,169,49,8147,1,46,6,0,8,43,205,29,120,2,0,143,71,600,230,10,139,8861,3,1061,147,868,2284,785,87,107,25,12,883,275,52,27,4376,1357,10,8,67,4108,766,49,123,77,7862,57,13,126,6,35,1341,56,444,86,110,0,116,1668,929,380,1,55,521,378,394,3,88,0,796,367
hsa-miR-4293,401,0,2,0,29,0,1,1,2,3,0,0,1,5,7,1,1,143,162,1,11,1,2,27,0,1,2,0,0,3,0,27,48,31,14,0,2,2,0,3,48,9,2,0,1,0,958,3,1,1,0,3,5,75,4,1,8,0,0,30,100,0,0,73,0,0,4,19,150,1,9,6,1,0,2,0,83,0,0,124,32,0,1,0,47,97,4,1,8,123,0,32,29,1,1,383,0,4,33,1,0,27,697,1,0,0,0,1,0,0,1,1,0,0,29
hsa-miR-4294,3,0,25,1,0,0,139,3,0,841,0,0,3,1,4,0,2,9,7,0,451,1,0,5,0,1,2,2,1,15,0,1246,7,2,0,0,73,45,2,3,0,0,3,0,0,0,227,0,1,0,0,0,4,0,2,0,2,0,3,2,21,227,1,0,333,97,80,6,106,3,10,24,1,0,1,1,66,7,0,343,1,2,4,0,164,178,1,45,25,7,1,4,619,0,8,241,3,1,4,149,0,3,16,1,77,0,1,2,0,0,0,85,0,4,47
hsa-miR-4295,300,1,3,0,147,0,11,0,0,202,0,0,89,1,27,0,0,23,10,52,70,0,19,44,1,0,2,11,118,3,0,3,0,0,0,0,22,0,2,31,9,0,2,0,0,1,754,0,17,0,0,0,18,1,48,0,0,0,2,0,11,7,2,15,0,0,76,4,2,1,1,64,3,16,0,0,51,27,4,3,13,0,15,5,14,15,2,15,60,105,0,4,18,2,0,37,44,47,1,1,0,45,16,0,2,0,0,0,0,0,0,38,1,0,0
hsa-miR-4296,5,2,2,0,37,0,121,28,5,381,0,0,29,97,98,11,4,1,37,1,174,4,4,71,13,1,3,2,36,14,0,18,2,1,0,0,6,163,1,346,0,0,46,0,4,0,199,0,0,0,0,16,7,0,0,0,2,1,0,160,37,1,0,0,2,0,552,23,2,0,5,465,183,0,34,0,1,69,5,210,0,4,67,1,38,95,52,25,11,1,0,58,43,6,2,64,61,386,0,0,0,52,382,0,51,1,0,0,2,2,0,1,0,33,11
hsa-miR-4297,223,0,0,14,0,2,0,0,0,1284,0,0,1,0,43,44,0,8,55,228,1,0,0,0,272,3,0,0,42,10,0,0,2,22,63,0,0,0,10,11,0,0,0,0,0,0,0,0,0,0,0,11,3,0,187,0,1,0,0,154,137,48,0,93,42,0,1,7,10,0,83,3,1,0,0,0,7,1,0,15,1,0,1,0,1,44,0,39,23,1,9,0,9,0,9,61,0,0,0,0,0,0,4,331,108,0,0,0,0,34,0,0,0,0,39
hsa-miR-4298,268,0,1,0,56,0,1,5,2,105,0,0,1,1,16,52,4,1,0,4,15,0,2,0,2,5,2,1,0,6,0,2,26,0,0,12,38,1,9,5,0,0,0,0,10,0,1790,0,0,0,11,3,21,32,3,1,0,0,0,0,138,4,0,102,1,0,9,2,355,180,127,207,1,0,1,1,27,4,0,126,22,3,0,0,1,25,1,35,66,77,2,5,7,10,5,145,0,25,3,0,0,2,9,4,14,1,1,120,0,13,0,2,7,245,18
hsa-miR-4299,107,10,1,1,49,0,97,17,0,473,0,0,87,1,125,0,184,7,74,4,296,1,6,60,350,7,33,4,253,13,0,77,32,86,2,0,7,135,0,696,0,0,302,0,431,0,266,0,0,2,0,3,11,42,4,1,32,3,1,1,1,20,11,23,113,0,473,23,39,2,5,139,10,71,210,1,46,93,0,730,42,0,88,4,0,233,77,36,36,201,11,215,66,5,1,144,11,369,50,0,0,57,54,0,0,0,0,1,0,80,0,36,1,1,0
hsa-miR-4300,669,0,5,0,448,7,4,3,8,2667,0,0,64,49,31,64,8,231,56,186,1123,2,273,45,4,5,57,31,58,33,0,690,8,208,0,3,11,8,1,162,0,8,5,0,18,16,3767,0,1,5,1,1,13,91,123,29,1,0,86,23,940,119,5,366,114,32,38,29,424,356,29,393,94,64,24,331,3,7,19,800,240,6,10,4,189,367,16,81,275,348,0,9,65,12,15,558,22,13,191,96,0,8,1404,463,71,0,0,25,5,15,5,47,0,4,118
hsa-miR-4301,6,0,1,0,0,1,0,1,4,0,0,0,0,0,16,10,1,7,35,7,8,0,1,0,0,6,2,72,1,3,0,2,1,24,0,0,6,2,8,3,0,0,44,0,312,0,1464,0,14,0,0,0,1,0,57,0,0,0,0,0,4,0,3,1,0,1,7,3,47,0,2,18,0,0,1,0,2,38,0,0,1,1,0,9,1,1,1,114,0,0,0,4,11,1,0,131,4,0,0,0,0,1,12,0,32,0,0,1,53,0,0,0,0,140,1
hsa-miR-4302,1053,2,28,15,114,7,57,45,28,2916,0,30,145,19,197,147,80,186,164,1079,362,1,11,40,497,144,8,16,8,539,0,455,14,504,1,10,272,11,166,432,23,6,174,0,5,0,2804,4,65,1,24,51,176,160,16,3,1,0,40,276,475,150,6,84,1019,1,46,82,1251,1804,486,44,80,76,1498,375,78,117,34,2259,286,9,6,50,469,975,18,169,423,440,25,23,85,11,51,1057,1,237,114,285,0,30,493,178,164,0,0,484,495,322,4,75,1070,125,1034
hsa-miR-4303,2563,4,13,1,193,18,31,72,6,653,1,0,41,115,8,2,8,176,56,1932,1177,0,7,52,37,1159,56,25,8,727,2,80,55,177,4,0,26,37,109,790,1,11,27,0,2,2,2959,0,56,3,1,38,19,327,47,1,8,1,310,230,1144,123,4,5,797,0,1734,50,1600,1548,241,552,69,81,184,5,14,79,0,460,338,5,18,69,313,636,20,170,15,797,33,71,78,0,12,1743,7,211,194,96,0,81,1268,9,112,3,1,148,265,212,6,63,1,496,64
hsa-miR-4304,276,7,0,0,28,2,0,3,4,323,0,0,2,0,5,0,1,0,0,130,129,0,0,34,3,1,3,1,31,9,0,49,0,14,0,1,7,0,3,10,0,0,0,0,1,0,1165,0,12,0,0,0,40,79,8,0,0,0,21,79,0,0,1,2,0,0,46,0,112,729,461,97,2,0,3,1,17,0,5,124,0,28,0,6,291,78,1,0,18,0,0,3,7,0,29,229,10,0,1,0,0,53,6,0,39,0,0,1,28,0,1,76,0,1,53
hsa-miR-4305,2,0,2,1,1,0,4,0,10,436,0,0,0,27,11,0,24,0,2,0,7,1,2,0,1,0,4,1,2,6,0,1,66,0,1,0,4,0,0,92,0,0,46,0,1,0,185,0,1,0,0,2,2,37,2,0,1,0,0,0,59,17,1,1,3,0,10,1,108,0,3,464,0,52,0,0,1,1,0,1,1,2,0,2,277,4,0,0,28,2,1,56,9,0,0,60,9,4,0,38,0,3,5,0,0,0,1,0,0,25,0,3,0,1,0
hsa-miR-4306,0,9,47,0,1,1,0,0,0,91,0,0,2,1,0,0,0,27,0,2,1,0,0,0,1,0,0,0,0,0,0,0,0,0,0,0,0,2,19,1,0,0,1,0,0,0,0,0,1,0,0,0,0,0,4,0,0,0,2,0,1,0,0,0,0,0,1,0,1,2,4,3,0,0,1,1,0,0,3,1,111,0,0,10,1,84,0,0,2,0,1,0,2,0,0,57,0,1,1,0,0,0,3,0,59,0,0,26,0,0,0,0,0,0,0
hsa-miR-4307,3,0,0,0,0,1,0,2,0,0,0,0,69,29,0,1,0,0,0,0,3,0,0,2,0,0,0,1,0,2,0,0,2,0,0,0,0,2,0,2,0,0,1,0,0,0,5,21,1,0,0,0,2,2,1,0,0,0,2,0,2,1,0,8,0,0,2,6,0,0,4,3,3,0,0,0,0,0,0,1,3,0,78,0,86,4,1,0,0,0,0,1,2,0,0,10,16,0,0,0,0,0,12,0,0,0,0,1,0,1,0,0,0,0,0
hsa-miR-4308,14,0,4,0,37,8,3,71,4,11,0,0,4,3,2,1,2,3,2,10,20,0,54,83,5,3,6,11,1,11,0,1,4,30,1,0,4,6,0,25,0,0,11,0,9,0,515,0,0,0,0,6,312,20,7,0,0,0,4,2,13,2,1,9,2,0,286,21,24,5,1,52,4,28,5,0,14,59,39,8,2,4,4,1,70,6,0,2,4,1,0,29,32,1,1,49,3,14,2,2,0,30,33,6,3,1,1,4,2,7,0,4,0,1,19
hsa-miR-4309,71,0,2,1,7,9,5,2,0,35,0,1,10,2,41,14,2,2,20,21,35,3,36,6,21,2,3,1,2,31,1,4,2,8,1,1,10,5,7,153,0,1,19,0,2,0,357,0,11,0,2,8,44,22,4,0,1,0,28,16,8,40,4,32,89,0,20,78,40,12,47,27,18,1,18,3,5,2,16,26,21,2,4,5,47,93,0,0,21,10,3,14,34,1,4,371,5,7,3,6,0,2,44,16,53,1,1,18,27,34,1,4,1,14,20
hsa-miR-431-3p,635,1,4,0,22,2,45,57,2,84,0,0,4,122,0,26,4,1,49,8,30,0,2,3,224,3,0,3,0,482,0,4,120,0,0,27,147,190,28,5,0,0,54,0,0,0,485,0,1,0,1,0,126,1,9,0,0,0,24,51,149,72,2,3,0,0,1043,7,256,2,165,795,1,0,106,1,87,6,0,2,38,4,1,0,1,148,24,46,1,84,4,54,26,0,10,497,46,111,0,0,0,4,22,0,105,0,0,58,0,32,0,1,0,1,59
hsa-miR-431-5p,4029,9,20,1,3,15,194,11,21,463,2,0,10,281,180,98,105,50,110,576,83,1,6,424,697,28,16,13,59,447,0,170,9,91,2,2,30,13,116,1128,2,24,117,1,393,0,6731,17,65,0,0,179,309,223,45,2,3,0,92,785,1392,106,14,208,542,0,581,1619,1868,1138,636,498,334,42,3,7,183,129,20,908,444,9,189,7,259,1113,44,148,59,544,8,14,543,3,36,2133,92,172,7,304,0,6,135,305,266,1,2,208,112,110,12,124,5,320,95
hsa-miR-4310,5,0,0,0,3,2,1,2,0,9,0,0,12,81,11,10,0,6,7,8,27,0,11,8,6,2,8,8,2,3,0,1,44,2,0,0,2,11,2,10,0,0,147,0,10,0,46,0,5,1,0,0,12,0,123,0,1,0,1,0,2,3,5,6,0,0,223,16,1,3,165,38,4,0,0,2,0,10,1,11,1,1,48,12,6,37,2,1,1,1,0,3,45,2,8,3,10,58,0,2,0,3,1021,4,1,0,0,1,0,0,0,2,0,2,4
hsa-miR-4311,666,4,224,48,306,11,638,535,24,1806,14,39,916,575,392,95,154,1050,780,2044,7601,21,628,618,1106,17,457,658,642,483,4,1444,1031,190,6,0,1286,819,56,491,0,5,851,2,904,0,4280,11,24,108,44,47,689,106,1336,8,134,34,433,85,202,831,281,523,658,40,5510,785,627,804,810,4911,936,234,317,490,307,1102,45,941,108,336,247,50,427,306,173,186,169,499,40,520,5468,24,21,642,306,1008,338,216,1,249,7182,927,280,22,77,197,250,502,1,449,18,459,88
hsa-miR-4312,184,2,6,0,0,0,17,0,5,0,49,0,13,1,1,3,1,46,0,3,502,0,1,2,59,2,3,1,56,107,0,2,0,37,0,4,9,114,0,2,0,0,62,0,0,1,924,0,7,0,0,1,2,1,280,0,0,0,0,11,193,4,2,16,0,0,337,10,161,0,30,178,128,0,1,0,11,1,8,36,18,2,15,1,1,36,16,0,12,0,0,39,23,0,3,193,20,92,11,0,0,18,18,26,0,0,50,1,0,1,0,45,0,0,0
hsa-miR-4313,99,4,3,0,4,1,3,0,4,793,1,2,1,22,104,22,3,33,72,17,11,1,0,0,75,14,67,22,3,118,1,97,51,38,2,10,69,35,12,43,0,1,197,0,4,0,721,1,1,1,1,8,167,76,105,0,1,0,4,59,26,140,19,69,11779,61,11,399,306,1271,19,14,2,0,35,790,1,10,16,995,1153,1,2,1,729,119,11,20,42,983,12,2,56,4,6,410,14,5,0,124,0,1,31,2,58,0,0,254,1,24,1,46,11,58,72
hsa-miR-4314,3,0,0,1,30,0,0,3,1,0,0,0,1,1,0,0,0,1,2,1,4,0,3,2,1,0,0,131,1,0,0,1,79,0,0,0,0,2,0,1,0,0,2,0,0,0,15,0,10,0,0,0,7,3,207,0,0,0,0,0,0,0,1,0,0,0,120,7,2,2,4,5,1,0,0,0,41,60,0,1,0,1,1,0,0,28,0,0,1,0,1,1,20,1,0,9,0,1,0,0,0,0,652,0,0,0,17,0,0,8,0,1,0,0,1
hsa-miR-4315,9,2,0,0,0,1,49,9,8,125,0,0,28,87,15,40,4,39,43,80,39,0,7,6,2,3,24,4,2,3,0,5,41,10,1,6,12,13,0,11,0,0,2,0,142,0,2372,10,2,0,0,2,11,0,10,0,1,0,2,0,9,19,3,2,1,2,762,18,44,217,3,662,5,24,0,2,2,43,1,28,0,5,2,0,61,43,47,0,11,1,0,14,61,3,0,335,2,150,0,1,0,21,999,0,31,1,0,0,31,12,1,40,0,1,19
hsa-miR-4316,163,4,2,0,0,3,27,2,4,199,0,0,330,48,13,36,0,128,2,488,209,0,48,142,229,10,2,38,41,110,0,18,6,0,11,0,8,113,3,84,0,1,4,0,270,17,668,0,3,2,0,0,22,1,156,2,0,1,0,0,315,33,66,2,6,1,674,653,726,82,14,532,7,33,0,2,93,75,6,387,95,5,10,0,291,324,1,0,64,44,25,116,1345,3,1,306,16,187,82,35,0,37,95,140,19,0,0,0,15,88,0,15,1,3,0
hsa-miR-4317,0,0,0,0,0,0,0,0,0,0,0,0,1,0,1,0,0,0,45,0,0,0,0,0,0,0,0,0,1,1,0,12,54,6,0,0,0,0,0,58,0,0,1,0,0,0,0,0,0,0,0,10,0,0,0,0,0,0,0,0,44,0,0,0,0,0,0,1,33,1,1,0,0,0,0,0,0,0,0,66,0,0,0,1,0,0,0,0,1,0,0,0,0,0,0,85,0,1,0,23,0,0,4,174,0,0,0,0,0,0,0,0,0,0,0
hsa-miR-4318,1,3,1,0,0,0,0,0,0,1,0,0,3,0,0,16,0,107,0,0,0,0,0,1,0,0,1,0,0,1,0,0,1,0,0,0,0,0,0,0,1,0,0,0,0,0,1,0,0,0,0,1,1,1,0,0,3,0,4,0,1,0,0,0,1,0,0,2,1,1,2,0,1,0,0,0,0,1,0,1,0,0,0,0,2,21,2,0,0,20,0,0,2,0,0,1,0,0,0,0,0,0,5,0,0,0,0,0,0,0,0,3,0,0,0
hsa-miR-4319,0,5,40,0,76,0,1,5,1,0,0,0,792,3,0,0,4,5,1,1,11,0,0,5,1,0,16,7,3,1,0,1117,1,1,0,0,10,7,1,0,0,7,1,0,0,0,979,0,1,0,0,0,91,0,0,0,1,0,0,0,1,1,4,0,0,0,17,25,1,0,0,18,5,1,59,0,0,76,1,96,0,1,6,0,0,1,3,26,58,0,0,63,766,1,0,0,2,5,24,0,0,2,42,0,0,0,0,0,0,0,0,2,0,78,13
hsa-miR-432-3p,156,4,8,0,93,2,40,20,6,57,0,0,141,112,11,0,8,115,135,117,675,0,8,84,233,5,8,48,8,243,0,318,4,57,9,0,17,48,11,131,0,0,52,0,3,0,2882,2,8,11,0,5,11,28,3,0,1,0,4,2,30,6,8,1,1613,0,1133,40,118,327,201,1151,14,29,10,0,22,22,16,2,144,44,82,10,26,77,28,11,26,76,14,22,761,2,13,264,13,336,1,42,0,7,647,0,95,0,21,0,2,85,0,37,1,0,17
hsa-miR-432-5p,193,0,1,0,129,2,1,1,2,73,0,0,4,1,18,0,2,3,36,489,14,0,2,1,54,3,2,210,2,66,0,15,11,1,0,14,5,2,23,8,0,0,1,0,0,0,1066,18,0,0,0,10,7,20,8,0,0,0,1,0,2,9,3,192,148,0,12,1,290,4,155,6,1,0,0,1,2,1,0,292,53,1,1,4,2,282,43,60,27,387,6,4,17,0,4,255,0,96,0,1,0,2,15,1,59,0,0,1,0,0,6,49,0,0,16
hsa-miR-4320,2,0,0,0,149,1,6,19,0,113,0,0,177,122,2,0,0,99,9,3,28,0,27,5,1,0,11,39,38,4,1,53,6,133,0,0,6,120,10,77,0,0,0,0,0,0,35,0,8,0,57,18,7,83,3,0,0,0,34,0,27,23,1,0,0,0,65,25,0,0,70,13,4,50,38,0,52,119,5,37,0,3,5,1,0,2,82,2,1,43,0,53,19,3,3,5,16,82,0,0,0,14,161,1,17,1,2,23,0,0,0,23,1,0,0
hsa-miR-4321,815,2,28,6,279,16,3,76,3,1848,0,0,113,94,67,164,6,35,6,1754,36,1,77,41,541,7,3,261,11,178,0,21,19,82,10,19,8,9,51,315,17,7,10,0,8,15,3518,9,10,8,0,58,648,171,239,1,4,0,139,274,1175,210,1,5,1262,1,34,19,1449,1607,468,246,7,13,76,3,47,3,16,446,243,3,5,1,565,941,4,83,48,326,57,3,109,8,57,973,1,145,386,88,0,4,156,208,314,0,0,7,4,345,2,14,0,422,44
hsa-miR-4322,40,0,0,1,1,3,1,2,1,283,0,0,28,41,26,13,1,0,10,4,3,1,14,27,1,0,2,1,0,4,0,110,6,2,0,0,2,1,1,14,0,0,3,0,13,0,207,0,0,0,1,5,24,30,4,1,1,0,27,0,34,12,2,43,2,0,5,3,155,188,6,28,0,0,32,1,65,1,12,155,0,1,0,0,14,41,0,2,44,1,13,1,10,0,5,172,0,5,0,8,0,0,7,2,44,0,0,0,0,180,2,1,1,1,67
hsa-miR-4323,2,0,13,0,15,0,2,0,2,5,0,0,1,12,1,0,0,61,0,2,3,0,1,2,0,0,2,1,0,2,0,3,1,1,0,0,0,5,0,2,14,0,1,0,0,0,269,0,0,4,0,15,2,1,0,0,0,0,0,1,32,0,0,0,0,0,29,5,4,76,7,2,23,0,60,0,0,2,0,140,0,0,0,20,1,72,0,0,0,0,0,0,374,3,0,27,0,50,105,2,0,1,19,0,14,0,0,1,1,0,0,10,0,0,0
hsa-miR-4324,378,0,0,0,205,2,0,0,0,67,0,0,0,1,41,39,0,0,1,3,3,0,1,25,2,306,0,1,109,16,0,1,0,2,1,0,0,1,1,83,0,0,1,0,0,17,4,0,3,1,0,14,0,1,2,0,0,0,2,112,142,1,6,0,6,0,1,2,55,2088,5,2,1,0,201,1,0,0,2,1,2,0,0,0,292,1,8,7,20,114,1,0,15,0,3,250,0,163,3,0,0,0,8,1,1,0,0,59,3,1,1,0,0,398,44
hsa-miR-4325,0,2,0,0,0,0,0,0,0,335,0,0,0,0,0,0,0,1,0,2,22,0,0,1,67,0,77,6,0,2,0,0,0,0,0,0,0,0,5,2,0,0,1,0,0,0,101,0,0,3,0,2,0,0,1,0,26,0,0,0,1,1,0,0,0,0,1,2,1,0,4,2,0,0,31,0,0,0,0,0,0,0,0,0,0,1,0,0,17,0,0,0,2,0,0,1,0,1,15,1,0,0,4,0,0,0,0,0,0,0,1,0,0,2,0
hsa-miR-4326,5,0,5,0,0,1,35,45,2,382,0,0,10,4,38,85,2,14,37,1,474,0,119,9,2,1,79,68,59,17,0,3,131,1,0,0,11,126,22,11,0,0,87,0,276,0,895,4,7,5,0,0,13,0,1,0,12,1,159,1,37,8,106,122,677,0,294,1563,139,1,5,452,6,0,0,0,8,106,14,3,67,2,62,0,1,1,6,41,1,1,6,5,84,1,5,154,4,8,188,0,0,35,1969,0,52,32,1,1,72,39,1,93,0,187,0
hsa-miR-4327,274,1,0,0,0,1,1,1,0,3,1,0,2,3,62,18,0,50,3,2,9,0,0,1,2,2,0,190,4,5,0,0,5,1,0,0,1,0,16,3,0,1,2,0,2,0,230,0,1,0,0,3,3,0,3,0,0,0,4,0,48,39,2,1,2,0,67,5,32,163,6,11,1,1,0,1,18,0,7,47,179,1,2,29,110,0,0,1,0,89,16,21,13,0,0,387,3,5,0,1,0,1,17,2,3,0,0,3,0,3,0,1,0,4,97
hsa-miR-4328,679,0,0,0,0,2,0,3,0,299,64,0,37,0,50,25,1,2,0,1,9,0,0,2,2,4,0,2,0,1,3,1,3,0,0,0,2,0,0,1,0,10,1,0,0,0,447,34,0,0,0,7,4,0,4,0,0,71,73,0,1,4,1,2,0,0,4,36,168,1,10,7,1,45,0,1,0,2,14,31,19,3,0,0,78,147,0,0,6,89,8,0,4,5,0,237,0,1,0,1,0,1,6,1,30,0,0,1,0,23,0,0,0,0,54
hsa-miR-4329,5,7,14,0,0,3,0,1,0,476,1,0,219,167,49,0,5,1,195,175,283,0,2,40,0,0,80,1,3,12,0,0,106,71,0,0,4,132,8,207,0,0,1,0,0,1,21,0,0,0,0,0,6,84,186,0,1,0,51,0,0,0,2,0,0,0,520,18,0,359,38,229,2,0,1,0,15,201,23,705,108,5,1,1,0,67,31,1,2,195,0,77,33,0,2,24,39,188,46,0,0,18,250,1,41,0,0,151,159,1,0,87,0,0,48
hsa-miR-433-3p,1161,1,0,2,2,94,9,81,3,483,0,0,144,81,0,75,4,60,102,1,20,0,3,3,59,3,56,122,50,13,2,312,37,0,0,0,2,5,2,231,0,5,5,0,0,0,1610,2,26,0,2,14,8,52,18,1,0,0,4,32,477,5,33,110,271,1,25,9,609,1152,51,20,1,16,45,753,67,3,42,107,62,5,2,29,84,245,0,112,63,0,23,1,48,0,4,817,3,2,3,30,0,68,27,1,4,0,0,2,0,135,0,2,0,1,0
hsa-miR-433-5p,153,0,6,5,1,0,2,3,0,6,0,0,1,1,1,1,8,7,35,260,340,7,1,3,2,1,58,1,0,288,0,65,15,0,0,0,3,2,0,387,1,0,52,0,2,0,461,16,0,1,0,0,1,24,4,0,1,0,2,121,3,2,2,0,2258,0,1647,6,56,5,174,25,283,73,22,0,1,48,6,169,64,1,0,1,0,122,20,39,8,26,9,130,16,0,15,156,49,85,27,1,0,43,21,0,19,0,0,0,0,1,1,47,1,1,11
hsa-miR-4330,1,0,1,0,1,0,2,37,1,88,1,0,167,3,0,1,0,62,53,182,15,0,1,3,2,1,26,4,64,9,0,1,17,0,0,31,4,34,0,17,0,0,7,0,179,0,146,0,2,0,0,0,3,2,8,0,1,0,0,2,0,3,0,0,0,0,16,8,1,57,228,9,2,0,3,0,14,3,0,89,3,1,4,0,0,2,1,0,20,56,1,1,17,1,12,68,2,67,2,0,0,2,16,0,0,0,0,1,0,6,0,0,0,3,51
hsa-miR-4418,3,0,52,0,0,0,2,1,5,0,0,0,1,0,5,0,0,41,0,0,15,1,2,0,1,0,5,137,0,4,0,40,0,0,0,0,1,0,0,3,0,4,2,0,1,0,1167,0,0,0,0,30,1,0,6,0,1,0,2,14,134,0,0,0,1,0,14,0,96,0,5,16,0,0,0,0,1,0,3,305,0,2,2,0,77,80,4,0,6,1,2,6,10,0,0,112,4,0,0,0,0,1,10,0,1,0,0,0,0,33,1,4,0,24,0
hsa-miR-4420,103,0,2,0,1,0,2,30,1,270,1,0,1,9,2,0,2,3,120,304,255,0,4,5,0,1,3,184,2,12,0,79,3,1,0,0,2,118,1,336,2,3,5,0,0,0,211,0,1,0,0,7,6,62,3,0,0,1,0,0,32,9,1,141,123,0,211,12,271,134,6,9,40,0,1,1,1,13,0,32,13,36,90,0,29,43,33,2,16,4,0,36,37,0,0,116,7,6,13,0,0,22,714,1,124,1,0,58,0,0,0,19,0,0,0
hsa-miR-4421,769,0,78,5,66,1,140,27,3,680,0,3,72,89,88,0,32,64,192,368,275,0,221,119,247,6,39,70,32,16,16,45,130,39,2,19,220,152,69,163,1,10,58,0,246,0,1240,0,6,33,16,42,62,316,244,0,12,0,1,59,147,85,8,68,44,1,784,36,82,146,14,519,47,66,18,2,78,79,6,124,53,12,31,0,179,76,47,42,38,28,4,49,540,7,7,250,86,425,1,51,0,22,779,71,7,0,4,57,20,62,0,69,14,0,40
hsa-miR-4422,1,0,0,0,1,0,0,0,0,1,0,0,0,1,0,0,0,1,0,2,0,0,0,2,0,0,0,0,0,2,0,0,0,0,0,0,1,104,1,0,0,0,0,0,0,0,3,0,0,0,0,0,2,0,3,0,0,0,0,0,2,0,0,0,0,0,2,1,0,0,1,1,0,0,0,0,26,1,0,0,0,0,0,0,0,1,0,1,0,0,0,0,9,0,0,44,0,1,0,0,0,1,3,0,1,0,0,0,0,0,0,0,0,0,0
hsa-miR-4423-3p,3,0,18,0,1,0,0,2,12,449,0,1,6,0,29,10,2,24,100,3,12,0,70,153,74,3,1,3,48,5,0,18,42,67,0,0,6,1,0,87,1,26,151,0,4,0,1654,0,0,0,0,39,9,159,6,0,4,0,1,1,0,22,1,4,108,0,8,18,297,238,6,16,47,0,32,0,23,19,2,22,35,4,49,0,5,221,7,22,86,71,3,35,43,3,0,232,23,249,325,44,0,39,29,0,0,0,0,3,48,14,14,12,0,0,1
hsa-miR-4423-5p,1,2,2,0,74,1,15,4,10,120,0,0,185,42,2,15,0,2,15,587,50,0,6,1,126,1,7,137,1,6,1,8,2,0,2,0,53,74,3,8,1,0,3,0,44,0,80,0,17,0,0,1,6,1,121,0,6,87,17,10,1,19,28,177,27,0,1276,8,63,99,5,18,19,42,0,0,12,7,3,42,8,13,3,0,7,10,14,0,1,0,1,3,29,37,0,38,4,382,0,0,0,3,49,30,0,0,0,49,78,0,0,11,1,3,0
hsa-miR-4424,4,0,3,0,0,0,4,1,2,102,0,1,2,21,16,0,2,3,0,3,569,1,1,2,238,2,59,0,1,1,0,1,60,116,0,0,2,1,0,2,1,0,0,0,1,0,577,0,0,1,0,0,5,1,109,1,1,0,0,0,1,2,1,0,1,0,438,9,2,8,9,14,140,0,37,1,11,0,5,1,67,0,71,1,0,48,55,0,3,0,7,6,16,0,0,69,6,52,107,57,0,2,14,1,0,0,0,0,55,88,0,9,0,2,0
hsa-miR-4425,6,4,1,0,0,2,1,119,1,90,0,2,258,92,31,21,5,17,158,239,455,0,8,68,2,0,72,146,30,10,0,12,103,1,0,0,3,13,2,7,0,0,178,0,14,0,114,0,0,0,0,10,16,2,12,1,1,1,2,0,100,5,2,3,3,0,190,26,40,6,5,264,6,47,1,1,13,183,0,3,17,5,10,4,55,5,22,1,3,5,2,152,58,1,0,190,23,151,1,1,0,20,751,1,2,1,2,1,2,0,0,47,0,3,0
hsa-miR-4426,0,1,5,0,246,1,1,3,0,18,0,0,7,14,9,0,40,66,106,11,1363,0,8,114,79,2,9,66,105,50,0,5,15,0,0,0,11,249,0,236,97,0,10,0,215,0,65,0,0,0,0,19,16,101,3,0,0,0,3,60,2,102,3,0,0,44,92,13,62,144,5,42,8,0,0,2,1,73,2,358,0,7,0,0,2,20,4,2,0,1,4,73,59,6,10,97,21,502,4,0,0,3,62,1,2,0,0,1,1,4,0,5,1,0,3
hsa-miR-4427,67,0,15,0,43,0,11,0,0,678,0,0,175,24,5,36,3,1,56,1,74,0,425,116,266,5,7,1,2,7,0,11,1,14,0,0,6,1,14,224,0,0,175,0,11,0,641,10,0,0,0,0,10,0,1,0,0,0,0,2,26,0,2,3,82,0,678,21,32,1,2,228,1,1,0,0,3,22,8,68,0,2,11,4,0,1,12,14,2,92,8,0,49,11,3,38,20,174,0,0,0,2,34,0,9,8,2,0,0,111,0,11,0,1,0
hsa-miR-4428,58,0,1,7,41,0,1,3,1,112,0,0,45,3,33,21,1,3,14,1,8,0,2,118,184,6,1,69,20,7,0,0,2,9,1,0,26,15,0,5,0,0,1,0,0,0,147,1,3,0,1,1,5,3,1,0,0,0,1,0,4,16,4,1,94,1,490,201,224,1,2,6,1,0,92,0,42,28,0,288,0,2,3,0,119,13,0,0,1,1,0,6,22,1,1,160,57,13,36,0,0,11,458,0,1,1,0,0,18,0,0,20,1,121,1
hsa-miR-4429,565,36,0,0,1,4,2,1,0,46,0,0,3,94,27,107,103,4,10,1,14,1,14,99,5,3,1,1,2,13,0,3,2,15,101,88,3,5,0,10,1,20,2,0,394,0,456,0,5,2,1,11,4,1,187,0,17,0,9,218,170,59,2,66,2,0,18,6,227,30,22,23,1,0,14,1,0,3,0,352,255,0,0,29,4,102,19,95,7,23,4,3,14,3,0,624,0,3,214,0,0,31,18,2,33,0,0,0,251,87,1,72,0,0,0
hsa-miR-4430,2,5,2,1,0,0,6,0,1,321,0,0,4,2,13,0,63,1,0,260,129,0,2,72,51,0,2,51,89,7,0,2,121,0,1,1,45,3,12,248,0,4,113,0,232,0,1220,0,5,0,0,0,1,1,225,0,0,0,9,34,157,26,1,0,0,0,29,8,31,189,145,137,1,0,1,0,40,1,0,92,5,2,0,0,0,18,46,0,0,142,0,2,19,2,1,15,1,44,9,0,0,117,30,0,1,0,40,1,0,0,0,4,0,6,3
hsa-miR-4431,15,2,4,3,0,5,94,2,1,103,0,0,6,34,56,48,47,2,99,7,168,5,107,41,1,0,1,52,3,9,0,55,62,20,0,17,215,4,28,212,0,2,47,0,0,0,489,1,5,3,0,31,13,3,192,0,1,0,71,4,186,178,2,4,1,1,187,26,256,3,13,12,4,196,5,2,81,69,3,2,137,25,82,1,53,13,18,0,1,51,0,40,51,0,1,258,23,6,211,33,0,12,1220,91,2,0,0,2,3,3,0,0,32,2,4
hsa-miR-4432,52,0,3,0,2,0,1,5,1,140,0,0,119,2,67,0,1,5,35,1,13,0,2,8,219,4,1,1,2,105,0,1,0,1,0,0,4,37,14,9,0,0,27,0,0,0,223,0,0,0,0,49,0,1,1,0,0,0,16,0,93,1,0,0,0,1,599,6,2,0,2,5,1,0,0,0,1,121,0,109,0,2,3,1,0,0,2,31,14,0,3,0,13,0,0,260,0,15,0,0,0,0,23,65,0,0,0,102,0,43,0,1,0,1,0
hsa-miR-4433a-3p,7,4,0,0,0,2,0,0,0,157,0,0,0,1,35,11,0,7,3,344,1,0,0,0,108,166,0,0,0,163,0,3,32,59,0,0,0,17,0,7,0,1,18,0,0,0,6,1,3,1,0,0,1,2,4,0,0,1,0,27,112,13,2,100,3,0,2,6,120,1,10,1,0,58,19,0,14,1,0,582,139,0,1,0,67,118,0,0,0,189,2,4,10,0,0,84,0,100,2,0,0,0,8,88,29,0,5,43,0,35,1,0,0,1,1
hsa-miR-4433a-5p,167,0,38,4,4,2,2,4,4,404,0,0,5,33,13,57,1,15,53,216,2,0,0,1,178,9,0,0,7,123,0,39,5,13,0,0,1,79,0,81,0,0,9,0,55,0,307,0,13,0,0,0,9,1,71,7,0,34,0,11,210,103,2,24,555,0,6,5,137,517,431,8,1,6,27,108,15,36,0,10917,147,1,0,0,118,243,0,32,4,267,11,4,10,1,31,226,0,20,3,0,0,1,16,3,5,0,3,37,18,54,0,0,0,100,2
hsa-miR-4433b-3p,193,0,3,2,7,3,1,4,17,291,1,0,3,33,11,125,1,8,32,205,3,0,1,1,65,3,2,0,2,261,0,34,6,1,3,0,1,11,0,140,0,0,3,0,104,0,194,0,9,1,0,0,2,3,66,15,1,16,3,17,81,299,0,304,194,0,3,4,61,374,149,7,0,3,56,41,28,28,0,39512,58,0,0,0,57,222,0,45,9,148,4,1,13,0,9,249,0,46,2,2,0,2,11,6,35,0,0,10,34,17,0,0,0,96,3
hsa-miR-4433b-5p,14,6,0,0,1,2,3,2,0,275,0,0,0,1,12,7,0,8,24,97,2,0,1,2,286,68,0,1,0,390,0,1,34,147,0,0,0,85,0,4,0,0,81,0,0,0,6,0,2,0,0,0,3,0,2,0,0,0,0,57,106,3,4,89,2,0,1,4,84,5,13,3,1,23,20,1,16,0,0,118,301,0,1,0,25,122,0,0,0,187,0,0,16,1,0,93,0,80,0,1,0,0,15,114,5,0,1,17,0,22,1,0,0,0,0
hsa-miR-4434,3,4,2,0,1,0,62,19,0,0,0,0,35,0,27,0,36,1,45,2,258,3,65,0,1,1,4,2,10,6,0,2,1,40,0,0,2,3,0,3,0,0,72,0,75,0,62,1,20,0,0,0,3,70,1,0,0,0,0,1,1,12,1,2,0,0,3,5,3,0,3,6,3,0,0,0,24,0,0,1,0,0,0,0,2,1,24,0,0,207,0,33,11,0,0,73,18,1,0,0,0,2,9,3,0,0,0,1,32,0,0,0,0,1,0
hsa-miR-4435,1,1,2,0,1,1,1,81,1,579,0,0,7,5,9,0,2,51,30,2,25,0,3,60,4,0,3,222,3,9,0,2,8,1,0,0,1,5,0,6,0,0,7,0,30,0,492,17,13,0,0,5,11,3,0,0,0,0,176,33,40,1,2,0,1,1,23,17,92,1,4,23,2,0,0,2,1,0,9,99,0,1,3,0,1,4,32,0,1,38,0,9,13,1,1,7,2,176,2,0,0,4,42,74,29,0,0,2,0,0,0,3,8,0,27
hsa-miR-4436a,312,5,11,0,54,0,0,37,3,1,0,1,121,2,25,22,3,1,9,74,196,0,35,4,1,0,6,2,97,111,0,70,52,29,0,0,29,2,2,66,0,0,2,0,7,0,596,2,1,0,0,0,36,51,4,0,0,0,0,0,48,20,1,1,15,0,332,386,1,1,4,147,0,0,17,0,18,55,0,92,1,45,2,1,0,12,6,16,4,29,5,31,24,6,0,59,63,49,0,0,0,9,29,2,25,0,1,0,29,60,1,18,0,0,5
hsa-miR-4436b-3p,158,0,1,0,138,0,2,2,0,7,0,0,4,1,0,0,0,23,26,95,10,0,1,3,0,1,3,56,1,6,0,0,2,0,0,0,2,3,8,3,0,0,5,0,3,0,555,0,0,0,0,0,2,1,1,0,0,0,0,0,1,2,0,1,2,0,16,2,111,2,3,160,1,0,0,2,2,12,0,0,47,3,2,1,1,16,3,0,0,146,1,2,7,0,0,118,1,5,0,0,0,1,13,0,2,0,0,1,11,9,0,60,1,0,55
hsa-miR-4436b-5p,407,0,27,2,34,1,4,76,2,1,0,0,92,1,1,0,4,57,2,0,190,0,34,4,104,3,11,3,2,109,0,100,3,27,0,0,4,50,4,46,0,0,2,0,5,0,755,1,0,0,0,0,42,2,5,1,9,0,0,17,188,50,5,1,38,0,295,328,2,98,6,138,0,13,31,0,18,58,2,62,21,2,2,0,0,100,13,39,3,27,6,61,23,4,0,191,47,39,0,0,0,4,28,112,25,0,0,0,87,0,0,37,0,56,1
hsa-miR-4437,211,0,2,0,140,1,2,3,2,629,0,0,151,83,7,48,22,2,71,3,25,0,123,0,334,6,2,1,7,10,0,1,0,0,0,0,180,2,0,4,0,0,63,0,0,0,733,0,0,0,0,0,4,13,2,0,19,0,420,1,0,85,0,1,1,0,509,9,127,499,8,385,4,74,1,0,73,3,0,2,2,1,1,1,69,0,27,0,78,0,4,40,9,0,0,60,35,16,0,0,0,5,14,1,2,1,0,33,2,46,0,3,0,0,0
hsa-miR-4438,6,0,6,3,0,3,64,4,1,198,0,0,47,84,30,38,5,1,4,301,27,2,49,43,1,0,233,46,113,2,0,10,3,31,0,0,6,4,8,6,0,0,4,0,1,0,221,0,0,2,0,0,9,1,5,0,22,0,1,0,2,1,1,0,0,0,702,12,28,0,4,422,23,0,0,0,2,14,0,2,1,1,2,0,1,5,2,0,0,3,5,67,28,4,0,336,2,198,25,1,0,142,436,1,30,0,1,0,0,78,0,4,0,1,0
hsa-miR-4439,3,0,2,3,85,0,11,6,1,2,0,0,2,5,32,1,1,2,2,8,171,1,0,102,2,2,1,106,2,186,0,0,15,16,0,0,1,4,0,348,0,0,0,0,0,0,199,0,0,0,0,5,3,0,66,0,1,0,2,2,124,19,2,2,1,0,241,7,96,19,4,8,4,26,0,1,0,2,19,53,10,3,15,0,0,9,15,0,1,1,0,0,13,1,1,74,0,138,2,24,0,1,19,1,4,0,1,43,0,2,0,18,0,108,0
hsa-miR-4440,1102,14,70,0,263,12,2,3,12,10283,57,0,12,91,56,21,6,10,9,309,1359,1,52,64,201,581,58,65,7,165,1,72,163,229,54,90,13,114,7,116,198,1,15,0,5,1,1924,0,51,7,1,39,87,125,394,3,1,1,31,91,532,289,6,103,9280,145,292,33,593,937,160,564,12,20,259,1,79,5,59,2128,1217,11,121,2,2990,307,1,153,63,5291,43,9,94,10,17,908,14,128,254,121,0,39,2623,267,248,1,0,1,264,481,5,101,29,658,61
hsa-miR-4441,1,0,3,0,0,0,1,2,0,0,0,0,46,0,1,0,1,1,2,2,7,0,0,0,0,1,0,0,0,4,0,0,3,1,0,0,2,0,4,1,0,0,0,0,1,0,85,0,0,0,0,0,0,0,2,0,0,0,0,1,33,1,0,2,1,0,278,3,1,1,2,5,0,0,0,0,1,0,0,1,0,0,1,0,110,0,0,0,0,0,0,1,1,0,0,22,0,4,0,0,0,2,7,186,0,0,0,0,0,1,0,2,0,1,0
hsa-miR-4442,1633,2,9,30,2,178,6,212,2,2507,0,0,35,247,90,1,12,135,614,3,572,0,115,2,525,538,9,96,2,1349,0,71,326,0,0,50,231,9,28,756,0,19,4,0,0,28,1580,0,16,2,0,16,12,3,258,3,3,0,50,156,986,247,3,2,2,0,391,25,574,250,46,1685,102,157,6,1,32,3,1,399,183,42,48,4,398,601,213,83,38,1,9,118,75,2,11,1468,1,290,83,315,0,99,78,1,35,1,0,1,1,136,1,1,0,254,2
hsa-miR-4443,1702,16,243,13,278,12,7,233,23,1800,1,1,151,644,54,83,13,170,187,13,945,5,134,34,731,664,227,420,159,50,2,2046,115,34,1,0,126,20,63,509,2,7,360,0,188,0,4244,0,71,4,66,96,107,351,257,3,29,0,477,334,236,233,23,393,1126,0,77,119,721,402,326,1970,363,1,31,1,197,107,55,1518,171,29,225,87,272,479,161,578,334,979,30,484,1607,16,31,1069,126,436,225,176,0,56,809,384,408,0,45,62,204,208,2,33,0,250,366
hsa-miR-4444,989,0,81,1,4,3,11,3,2,1078,0,0,11,127,21,86,4,210,131,4,570,0,81,60,272,4,40,59,40,32,0,44,309,2,17,0,187,12,38,21,0,0,84,0,82,0,1808,7,32,0,0,26,63,2,244,0,1,0,45,74,78,107,4,4,314,1,689,22,702,612,100,257,4,81,1,2,43,51,0,421,54,18,2,6,45,100,59,113,41,122,4,62,56,1,11,495,41,242,26,88,0,18,65,137,20,0,1,2,78,51,3,27,1,273,39
hsa-miR-4445-3p,1,0,1,15,142,0,31,44,18,502,0,0,3,42,27,21,2,236,0,2,18,0,1,5,1,0,2,15,2,7,0,71,6,94,1,0,2,131,0,6,0,0,139,0,0,0,465,0,0,2,0,19,12,26,5,0,0,0,1,179,1,16,6,0,87,0,526,20,0,1,4,18,188,0,0,1,27,2,5,175,67,128,103,0,55,81,2,0,1,1,0,2,47,0,0,194,161,321,43,0,0,2,564,1,211,0,0,0,0,1,0,125,0,0,21
hsa-miR-4445-5p,4,0,1,9,0,0,25,0,0,1,0,1,1,15,0,15,2,3,0,1,1,1,2,1,0,0,0,33,1,1,0,1,3,1,0,0,0,45,0,2,0,0,1,0,0,0,2,0,0,0,0,4,2,0,0,0,0,0,1,7,1,0,0,1,95,0,296,5,0,0,3,2,2,0,0,0,0,1,5,43,72,0,0,0,14,0,0,1,0,0,0,3,6,0,0,62,26,74,1,1,0,0,459,1,59,0,0,0,0,0,0,0,0,0,35
hsa-miR-4446-3p,395,2,3,0,36,401,3,10,0,197,0,0,287,5,0,40,1,6,38,87,16,1,328,6,182,5,4,3,8,21,0,37,5,8,1,10,3,8,5,122,13,5,44,0,342,0,279,0,0,1,0,8,59,4,15,0,0,0,522,19,178,1,5,1,274,1,189,55,490,48,28,237,4,0,22,1,25,4,5,304,48,8,4,1,140,55,1,44,41,68,3,4,36,0,0,510,37,67,68,88,0,18,419,1,2,0,0,38,2,30,2,8,0,0,52
hsa-miR-4446-5p,2524,14,8,1,38,13,29,43,15,1562,1,0,11,336,73,126,143,136,308,282,47,1,3,16,631,164,107,16,63,222,0,189,16,143,45,0,14,15,16,111,0,17,123,0,325,16,3681,3,28,1,41,58,74,157,126,1,0,0,217,195,645,41,6,462,699,0,30,76,444,2569,334,45,4,220,72,1,67,9,18,909,1666,17,8,1,2088,236,42,255,50,2676,13,32,1330,27,16,1521,21,159,76,193,0,8,94,839,32,0,1,3,106,121,2,128,0,37,339
hsa-miR-4447,125,1,2,2,11,367,41,66,16,3647,0,0,171,148,81,32,5,129,45,157,157,1,36,44,291,9,3,2,62,94,0,1055,7,68,2,0,9,59,1,133,0,0,4,0,240,22,495,17,4,2,15,17,11,105,9,1,0,0,145,73,212,62,4,83,4951,1,15,33,391,1268,44,212,22,20,3,2,26,4,12,346,150,2,99,2,312,475,2,44,575,345,18,7,55,0,10,413,33,118,69,251,0,57,716,3,345,0,0,116,6,121,2,17,6,102,90
hsa-miR-4448,16,0,1,0,0,2,1,2,0,363,0,0,39,0,11,9,2,27,1,1,10,0,1,2,0,1,0,3,2,6,0,1,13,1,0,0,2,5,6,8,1,0,0,0,44,0,431,0,17,0,0,19,3,0,4,3,0,0,1,21,0,17,0,0,0,0,4,10,51,68,6,4,33,34,0,0,29,2,13,192,57,33,1,23,27,80,18,1,1,238,5,0,13,0,0,605,0,3,1,0,0,2,497,1,7,0,0,27,0,77,0,1,0,0,0
hsa-miR-4449,657,116,46,6,180,14,72,73,28,1348,0,7,198,238,158,79,25,171,144,2285,899,0,102,65,1125,198,117,385,47,934,0,41,134,281,1,12,147,214,134,688,29,4,300,1,42,1,3257,4,52,13,113,55,117,125,143,3,11,6,131,327,705,126,8,183,461,10,731,106,724,1680,2056,911,183,147,924,262,168,87,73,2043,160,58,101,21,484,869,38,235,179,755,24,96,487,16,64,644,119,413,151,365,0,108,1657,272,40,8,1,319,77,198,3,49,922,386,701
hsa-miR-4450,621,6,5,1,20,4,45,5,14,219,0,10,93,122,66,53,20,195,63,522,597,1,56,115,43,5,3,36,6,22,0,19,26,23,1,1,92,40,14,306,1,0,131,0,354,0,1038,0,18,15,0,8,13,134,36,0,4,13,4,87,262,64,25,23,232,0,30,34,312,523,134,40,64,29,53,2,51,6,31,126,4,26,2,6,99,229,60,4,20,200,13,75,1080,30,17,400,57,167,353,0,0,67,1192,46,41,0,1,28,154,32,3,63,0,473,88
hsa-miR-4451,1359,4,119,6,473,10,149,122,10,2022,2,27,472,267,209,1,109,36,382,1561,6385,14,182,273,195,12,603,242,31,736,0,303,522,76,1,0,539,257,98,195,2,1,133,0,804,0,3851,13,25,8,0,56,75,434,1385,2,89,1,10,205,93,423,30,510,135,2,246,174,777,2144,49,2948,269,276,135,12,201,649,26,417,49,146,232,44,672,109,8,162,118,115,9,437,2133,19,9,355,134,855,352,212,0,172,5637,347,373,3,3,15,20,17,1,123,1,133,4
hsa-miR-4452,28,0,5,1,10,443,6,3,1,464,52,1,4,87,30,53,76,113,24,20,26,0,3,31,428,3,1,299,4,31,0,17,67,63,0,0,173,12,12,99,0,3,6,0,4,0,404,5,7,81,0,0,15,39,5,0,12,0,17,73,227,357,10,33,114,41,455,111,55,248,26,565,10,4,15,1,5,6,331,43,31,2,3,6,3,66,0,3,43,4,3,41,47,7,2,433,9,142,12,1,0,2,86,67,5,0,2,69,92,25,1,1,0,12,28
hsa-miR-4453,1390,9,4,2,64,183,100,103,12,819,103,0,346,286,91,0,8,136,237,9,1271,0,21,136,270,5,93,115,11,18,0,87,331,110,2,0,197,389,47,604,107,0,3,0,469,1,2924,0,1,0,0,46,29,133,379,1,39,28,33,74,141,58,21,4,235,0,39,66,333,293,316,124,12,0,1,0,2,180,30,498,54,136,222,1,365,71,86,131,14,152,12,59,2782,5,17,379,44,420,30,110,0,49,1439,1,189,0,0,0,245,57,0,1,26,1,71
hsa-miR-4454,4,2,32,0,0,1,11,77,4,888,0,0,170,255,0,11,6,107,44,6,312,12,3,69,3,5,41,6,4,16,0,114,9,85,0,0,21,8,0,7,0,9,147,0,204,0,5067,13,0,0,0,9,112,108,311,0,2,0,67,35,45,10,7,0,1,0,40,15,63,3,210,49,2,0,0,0,56,2,0,149,10,7,1,1,251,46,2,142,58,0,2,8,789,10,9,265,0,162,46,73,0,39,67,1,100,2,1,0,0,35,0,48,0,0,1
hsa-miR-4455,304,1,1,0,1,2,1,47,0,3,1,0,36,30,68,21,2,120,3,833,18,0,123,0,180,4,292,97,1,179,0,89,1,0,1,0,8,134,25,262,0,0,0,0,379,0,896,0,8,0,0,13,17,0,494,0,44,0,2,1,91,0,8,0,0,0,20,7,247,322,16,491,68,79,88,1,37,104,5,24,1,1,11,10,1,143,0,76,0,1,0,14,26,3,0,385,118,227,1,172,0,2,33,1,101,1,0,234,0,0,5,1,0,337,21
hsa-miR-4456,0,0,58,13,162,0,1,0,0,1,0,0,1,29,0,0,1,64,0,2,1,0,0,1,0,1,1,2,1,3,0,0,1,1,0,0,0,2,21,1,0,0,0,0,0,0,2,0,0,0,0,0,2,0,1,0,0,0,0,1,175,0,0,0,0,0,2,2,30,290,1,1,2,0,0,4,1,12,0,3,1,0,2,0,1,1,57,0,32,1,0,62,12,1,1,6,0,106,0,65,0,0,10,0,0,0,0,0,1,0,1,0,0,0,23
hsa-miR-4457,12,6,9,1,2,1,5,7,5,311,0,0,8,4,46,24,4,0,29,14,50,0,1,35,1,1,9,44,206,14,47,31,3,0,0,1,170,2,1,6,0,3,2,0,0,0,2806,0,0,0,0,20,6,1,5,0,1,0,47,335,86,180,4,6,166,0,777,5,422,176,12,788,36,0,12,4,6,34,3,6,60,7,94,1,166,308,21,0,31,3,5,4,9,0,1,347,2,4,1,2,0,4,18,0,0,27,0,2,1,86,1,14,1,48,3
hsa-miR-4458,453,0,50,0,2,5,4,1,2,227,0,0,20,189,10,42,5,26,115,541,31,0,67,34,1,4,4,5,79,207,1,1,3,186,63,18,8,74,8,13,57,2,3,0,3,0,910,0,0,3,0,13,86,4,9,1,1,0,91,103,588,31,4,4,205,1,18,106,304,271,24,579,2,25,1,2,31,2,11,666,62,0,0,0,279,349,56,107,11,2,1,1,27,2,4,515,2,79,3,62,0,1,33,2,1,0,0,1,2,0,0,3,0,1,60
hsa-miR-4460,6,0,0,0,1,4,1,0,0,231,0,0,2,1,1,30,20,43,1,3,3,0,1,1,4,1,0,36,2,103,0,1,0,0,0,0,1,70,10,16,0,0,0,0,1,0,16,0,5,0,1,0,1,1,108,1,4,1,0,2,2,0,0,0,3,0,6,8,34,225,3,6,86,0,0,0,0,1,1,2,5,1,0,0,1,2,1,1,20,5,1,0,16,1,1,126,0,10,0,165,0,1,24,0,31,0,0,3,0,2,0,0,0,1,3
hsa-miR-4462,1611,0,16,14,26,10,199,105,7,190,0,5,257,241,83,41,168,248,640,1198,541,2,18,154,411,40,14,99,68,66,1,134,132,84,2,4,187,29,24,34,1,7,440,0,179,57,2601,14,32,1,0,47,280,329,45,1,5,2,147,253,498,218,10,358,979,0,169,49,596,223,402,136,84,92,7,2,168,24,2,693,138,2,11,16,213,695,7,1,66,236,24,102,155,6,40,1222,9,339,141,40,0,11,210,100,178,6,1,27,38,107,0,37,0,81,62
hsa-miR-4463,2599,15,13,3,214,704,4,10,15,1039,1,1,56,131,158,96,8,73,151,1094,248,4,147,168,477,13,30,88,104,60,0,5,6,264,0,11,72,41,67,366,217,2,131,0,251,1,3186,0,16,1,1,24,41,432,29,3,1,1,121,207,693,201,7,7,774,0,190,105,1060,1140,1175,42,13,78,75,565,174,47,45,5239,278,2,16,1,175,856,0,44,89,512,60,17,659,2,73,1024,2,5,116,97,0,2,92,148,79,0,0,38,104,459,7,65,0,76,202
hsa-miR-4464,2,0,2,0,0,1,1,1,0,3,0,0,5,4,59,1,2,3,2,238,8,0,1,3,0,1,1,3,4,1,0,2,2,0,0,0,0,117,11,5,0,0,2,0,9,0,159,0,4,1,0,26,9,1,6,0,0,1,30,1,77,19,1,1,0,0,489,1070,57,69,3,11,102,0,0,1,1,8,0,178,23,0,6,0,1,121,0,6,4,0,1,58,39,2,3,55,46,6,122,0,0,103,34,2,28,0,0,54,1,0,0,1,1,0,0
hsa-miR-4465,104,0,1,1,8,1,171,58,1,201,0,0,1,41,2,28,1,2,2,4,275,0,2,2,250,6,3,36,2,631,0,19,2,15,1,0,5,1,1,48,0,1,2,0,0,0,282,0,1,0,0,6,2,151,4,0,0,0,1,0,300,27,1,6,295,0,18,4,223,5,8,12,32,2,0,2,0,4,2,317,1,0,1,0,72,2,0,12,1,8,1,2,15,0,0,208,0,7,1,2,0,2,319,0,3,0,0,0,17,0,0,2,37,66,17
hsa-miR-4466,1805,47,90,65,283,103,36,217,90,10095,2,15,1562,171,212,437,11,403,454,3191,185,3,27,60,10271,1012,79,220,293,1296,62,3399,419,367,8,30,38,111,105,3482,1,38,20,0,22,169,8379,19,255,12,1,169,341,381,181,6,2,1,531,1449,1624,770,60,798,2801,120,103,2253,1101,8998,2981,250,146,157,216,10,130,135,104,14884,708,49,32,16,8843,1833,20,1494,955,3714,207,30,5025,21,390,2072,73,367,582,1295,0,15,2235,917,4520,4,0,906,576,2589,6,115,1,2377,1372
hsa-miR-4467,283,9,4,0,2,6,5,55,3,479,1,1,125,4,0,94,2,6,66,448,21,0,3,5,198,5,6,53,4,26,0,162,51,0,0,0,3,34,7,21,20,0,10,0,346,0,1192,12,49,0,0,9,110,24,8,0,1,0,0,3,92,6,4,4,686,0,394,56,188,746,84,19,3,17,2,0,12,4,0,456,23,4,4,44,249,111,0,4,12,227,5,27,29,1,12,696,47,14,0,2,0,81,31,305,88,11,0,101,2,56,2,1,0,1,54
hsa-miR-4468,45,3,1,0,0,1,2,1,0,162,0,0,3,1,0,0,80,0,40,363,7,0,1,4,1,0,0,3,2,4,0,0,3,0,0,0,1,3,0,3,0,0,1,0,2,0,10,0,4,0,0,3,1,0,1,0,0,0,0,37,0,17,4,0,112,0,475,8,2,2,5,75,2,8,9,0,22,1,0,95,20,35,3,0,50,0,0,29,1,0,1,2,774,11,1,130,0,117,0,0,0,25,24,0,35,0,0,6,0,7,0,0,0,0,31
hsa-miR-4469,513,0,3,0,73,5,0,1,5,318,1,0,44,113,19,75,3,2,1,542,13,0,6,7,200,6,46,4,6,28,0,27,139,35,1,0,2,12,9,151,0,1,2,0,169,0,904,0,8,17,0,23,57,84,5,1,0,0,85,190,132,42,3,162,474,0,11,467,507,87,100,8,16,1,1,0,55,3,2,561,138,4,7,16,491,20,0,117,34,7,5,4,732,1,15,366,0,7,0,96,0,2,33,1,207,12,0,1,1,86,1,3,0,157,9
hsa-miR-4470,0,3,2,11,98,1,20,7,2,389,0,1,58,6,0,2,3,26,0,4,15,0,212,41,0,0,5,2,1,10,21,1,5,58,1,0,33,39,9,11,0,0,6,0,3,0,1310,10,18,2,0,0,13,1,2,0,1,0,66,91,0,8,7,0,269,0,494,25,398,392,7,15,49,0,36,0,38,5,15,49,0,2,5,0,23,131,5,0,24,35,15,2,1743,5,0,91,9,88,64,271,0,1,58,1,91,0,0,0,0,113,1,1,49,0,56
hsa-miR-4471,83,0,4,0,112,2,1,19,1,224,0,0,3,15,58,0,5,27,18,1,1075,0,183,2,60,0,93,68,1,94,0,1,5,18,0,0,41,5,0,126,0,0,55,0,0,0,597,0,3,0,0,0,5,0,20,0,10,0,0,0,3,24,1,0,0,0,271,5,226,93,9,104,35,0,0,1,15,40,0,1,11,3,20,1,0,42,16,0,10,1,0,1,18,1,0,55,11,227,0,63,0,30,87,0,1,1,0,0,0,29,0,29,1,48,2
hsa-miR-4472,173,0,2,1,13,9,3,6,1,907,0,22,244,87,58,37,2,7,15,100,116,0,44,11,50,100,111,45,96,20,0,578,11,44,1,1,1,10,34,630,1,2,41,0,13,0,609,0,30,3,0,1,104,151,161,0,6,25,42,11,573,180,4,215,655,92,158,20,162,220,747,88,61,9,2,2,46,17,11,146,167,3,68,1,399,527,3,64,135,388,6,40,60,18,28,627,41,64,61,75,0,8,476,0,11,0,0,140,31,73,5,43,0,270,1
hsa-miR-4473,521,0,0,0,143,3,2,2,0,599,0,0,176,0,33,0,2,1,0,567,7,0,2,136,0,3,64,3,2,18,0,82,5,1,0,0,1,4,0,53,1,2,0,0,0,0,372,0,0,2,0,8,5,2,9,0,0,0,2,220,1,4,0,0,1,0,12,33,320,397,20,11,4,0,1,0,23,0,1,142,2,48,0,0,131,242,0,32,107,120,9,1,18,0,1,626,0,5,247,266,0,0,14,1,77,0,0,3,0,97,3,0,0,0,76
hsa-miR-4474-3p,299,0,32,0,31,5,29,27,1,212,0,0,3,5,33,29,1,134,25,3,13,1,3,55,3,1,5,241,5,9,1,158,66,0,0,31,4,2,4,234,0,0,5,0,120,0,783,1,0,0,0,3,7,1,4,0,0,0,164,43,183,14,2,211,39,0,29,24,193,348,15,22,49,9,0,0,38,8,7,129,162,6,65,0,286,37,58,117,65,75,1,127,63,1,8,376,25,84,33,17,0,37,37,6,0,0,1,210,22,36,0,31,0,1,92
hsa-miR-4474-5p,328,0,5,0,69,0,10,54,0,332,0,0,1,1,67,1,3,96,175,487,270,0,2,6,2,0,2,3,2,9,0,0,4,2,1,0,7,3,6,6,0,0,2,0,1,0,300,0,0,1,0,1,4,0,7,0,0,0,1,1,29,1,0,200,1,1,1009,2,27,108,12,287,0,2,0,0,3,1,0,157,82,30,8,1,0,4,7,0,18,153,5,10,13,2,0,240,4,6,142,0,0,5,27,2,0,1,1,1,1,85,0,39,0,1,0
hsa-miR-4475,173,2,1,1,0,0,66,2,6,3,0,0,0,2,12,0,2,0,0,5,7,0,1,1,2,1,1,1,0,5,0,0,61,0,0,0,0,1,0,2,0,0,0,0,1,0,503,0,0,0,12,0,3,0,3,0,31,0,0,1,1,17,2,0,124,0,182,3,10,256,11,8,0,0,0,1,2,2,0,86,44,0,0,0,1,88,10,69,0,29,3,8,9,0,0,321,0,38,0,0,0,2,8,1,0,2,0,1,0,42,0,1,10,115,6
hsa-miR-4476,6,9,13,1,30,1,0,3,1,606,0,0,115,66,0,3,1,25,42,193,13,0,31,25,1,21,5,2,2,12,0,0,38,38,0,0,5,1,8,144,0,0,42,0,4,0,389,10,3,2,0,57,4,4,37,0,1,0,62,9,49,77,0,101,124,0,174,8,189,40,9,9,24,11,54,0,34,19,4,788,71,1,41,0,100,62,0,39,16,63,3,1,22,3,0,250,0,6,267,144,0,0,226,1,33,0,0,2,0,40,1,20,0,155,38
hsa-miR-4477a,2,0,22,0,0,0,1,0,2,48,0,0,2,52,12,0,0,41,9,2,4,1,2,9,2,43,1,5,7,179,0,1,77,0,1,0,2,6,15,37,0,0,0,0,0,0,215,1,0,0,0,2,318,0,2,0,10,0,1,19,2,0,1,0,230,0,100,9,45,1,0,167,66,0,54,0,11,22,10,47,0,0,2,0,63,34,2,0,2,109,2,0,480,0,0,62,8,73,0,0,0,2,237,1,0,0,0,0,0,26,0,1,0,2,0
hsa-miR-4477b,0,0,16,0,1,0,3,5,0,27,0,0,1,34,11,0,0,55,16,0,6,1,3,7,0,50,0,1,6,181,0,1,54,1,0,0,0,4,9,43,0,0,0,0,0,0,197,2,0,0,0,3,6,2,0,0,3,0,0,16,1,0,0,1,194,0,105,10,41,1,2,8,20,0,0,0,12,28,6,47,0,1,2,0,75,36,0,0,1,111,2,2,485,1,0,33,12,70,0,0,0,0,208,0,0,0,0,0,0,13,1,2,0,0,1
hsa-miR-4478,194,3,99,7,145,10,144,469,13,932,2,3,262,792,275,12,174,891,770,695,3522,4,235,631,905,201,289,307,207,879,2,163,678,61,31,12,190,762,6,1302,135,21,272,0,43,22,4356,13,8,4,1,10,327,73,593,1,69,97,62,19,395,567,34,9,443,118,4158,177,211,1377,643,7020,860,30,102,85,235,624,5,229,10,59,465,51,83,206,520,36,15,362,5,349,478,16,9,343,286,1406,27,17,0,362,6240,350,447,2,5,7,12,84,0,271,2,137,35
hsa-miR-4479,1147,0,3,11,114,10,1,45,12,484,1,4,18,46,95,59,1,37,90,675,448,2,9,11,786,15,18,521,98,233,0,63,9,16,1,29,5,14,9,302,0,3,13,0,4,0,266,3,15,1,0,26,23,6,13,2,2,0,61,116,407,112,95,99,1567,1,8,45,1073,420,103,105,90,24,7,2,36,229,4,2985,392,3,11,0,1003,513,6,245,112,1481,7,3,754,1,17,1416,40,173,201,511,0,7,947,259,228,0,0,260,18,12,1,1,0,442,232
hsa-miR-448,157,0,2,0,0,1,1,66,0,0,0,0,0,0,0,0,0,22,0,2,117,0,1,1,93,0,0,0,0,217,0,1,1,18,0,0,0,0,0,3,0,0,0,0,0,0,471,0,0,1,0,0,1,1,0,0,4,0,0,0,2,2,0,1,2,0,8,0,39,1,5,4,1,0,0,0,0,1,0,4,0,42,0,0,1,28,10,22,5,1,0,1,1,0,0,113,0,1,6,0,0,0,6,0,0,0,0,0,2,1,0,1,0,1,44
hsa-miR-4480,668,0,1,2,2,2,0,17,1,3,0,0,4,8,0,4,1,15,4,134,155,0,3,3,2,2,80,6,5,13,0,0,12,4,0,52,7,4,64,464,0,0,23,0,1,1,78,0,0,0,0,13,10,3,10,0,0,0,1,1,138,2,2,2,4,0,26,11,128,3,11,92,41,1,3,0,1,26,3,4,52,0,6,1,1,107,0,35,1,1,2,3,24,0,10,102,1,10,2,106,0,1,18,2,12,2,6,4,0,51,1,1,7,4,1
hsa-miR-4481,17,0,2,10,193,1,1,3,6,68,1,0,2,76,96,43,2,18,1,576,572,3,143,126,2,5,88,53,9,6,1,209,5,59,0,0,7,5,7,141,0,0,5,0,2,16,754,0,0,18,0,12,12,3,199,0,1,0,4,0,109,12,2,0,1,0,18,18,226,256,11,39,2,25,0,155,3,4,0,162,1,6,96,26,100,145,5,1,13,198,14,5,43,3,0,76,8,531,14,0,0,1,43,0,16,0,0,114,23,25,0,39,2,0,23
hsa-miR-4482-3p,335,2,19,6,123,5,71,60,6,2495,1,2,150,376,107,33,203,332,175,1119,1218,2,65,364,603,76,305,287,561,322,4,407,253,383,1,6,23,387,84,322,1,7,132,0,570,0,1863,22,55,122,0,50,30,207,334,0,35,0,180,83,539,22,13,259,358,0,1340,88,600,522,187,1720,92,58,69,375,112,68,36,584,107,129,7,55,1075,417,77,5,137,1965,14,320,293,23,12,762,92,56,79,134,0,182,212,200,69,0,2,299,290,201,1,56,39,6,98
hsa-miR-4482-5p,97,0,3,0,15,2,3,4,1,472,0,0,10,79,0,1,2,18,66,3,624,0,6,228,0,6,2,5,11,340,0,11,11,1,0,0,4,11,2,8,0,4,12,0,2,0,530,1,6,0,0,2,15,1,1,0,0,0,0,14,134,1,9,166,297,0,121,1998,320,2,4,13,11,1,1,1,5,8,0,5,16,2,12,1,89,0,2,0,3,237,0,25,77,1,0,230,3,13,0,27,0,3,605,1,5,0,0,1,105,2,1,0,0,1,77
hsa-miR-4483,3,0,0,0,1,0,1,0,0,0,0,0,5,3,4,0,0,4,53,5,9,0,3,3,0,0,2,1,2,2,0,15,2,0,0,1,5,53,0,6,0,0,50,0,1,0,19,0,16,0,0,1,1,0,0,0,0,0,0,220,3,0,1,0,0,0,527,7,0,382,4,11,110,0,2,0,22,46,0,0,1,0,2,0,2,4,2,0,9,2,0,0,11,0,0,89,2,14,18,0,0,2,387,1,51,0,0,85,0,0,0,1,0,0,209
hsa-miR-4484,2248,16,10,11,31,7,6,9,6,715,0,1,357,195,10,169,6,63,11,10,60,3,8,124,8,4,12,283,10,52,1,427,80,279,55,34,204,134,8,177,1,7,159,0,311,20,4694,0,68,0,1,52,126,6,29,1,0,0,300,397,572,192,208,245,973,0,39,66,847,1893,193,55,10,250,183,6,85,109,41,1431,279,7,8,4,449,642,10,70,139,624,48,55,115,21,32,3870,7,16,2,134,0,7,2375,323,62,37,2,55,37,362,2,53,0,106,205
hsa-miR-4485-3p,318,0,1,0,120,1,1,0,3,101,0,0,7,88,14,1,3,346,2,521,236,1,1,5,4,2,5,63,5,9,0,18,5,103,0,1,2,2,4,255,0,0,63,0,28,0,1526,0,0,0,0,3,107,4,81,0,0,0,0,96,45,2,208,195,163,0,9,250,319,3,22,235,67,0,1,1,31,3,3,56,38,1,1,0,14,344,28,88,79,77,12,14,431,2,4,1121,0,28,2,47,0,2,55,1,52,0,0,18,13,113,4,2,0,0,16
hsa-miR-4485-5p,454,1,21,4,2,0,6,2,9,702,0,0,40,40,9,54,1,5,54,237,17,0,6,38,57,3,3,8,4,17,2,2,5,2,1,0,3,8,3,107,0,1,3,0,6,0,715,0,11,0,0,39,13,3,6,0,1,0,3,44,632,10,6,45,56,0,8,32,150,262,59,6,69,0,2,2,89,27,0,336,43,23,2,13,324,387,14,77,27,375,7,2,590,1,3,695,0,256,0,90,0,7,743,354,52,0,0,27,91,85,2,41,7,183,21
hsa-miR-4486,195,0,2,1,1,2,82,17,1,40,0,1,2,33,33,38,1,9,23,103,127,1,52,1,256,4,24,25,2,77,0,3,4,140,0,1,100,3,11,58,0,0,2,0,154,0,376,5,0,0,0,16,1,2,93,1,0,0,0,0,17,71,2,1,63,0,708,36,24,31,97,8,58,0,2,1,13,31,1,500,27,2,0,1,33,115,5,1,36,133,0,38,23,0,5,301,31,157,1,77,0,26,16,0,14,0,0,35,9,15,0,13,0,2,33
hsa-miR-4487,165,3,3,0,45,1,24,0,0,293,0,0,1,30,0,0,0,102,80,2,5,1,2,2,48,2,0,136,2,277,0,194,27,19,0,1,1,1,0,2,0,0,40,0,160,0,11,0,0,0,0,4,3,60,48,34,0,0,114,0,176,0,2,3,0,0,5,8,239,2,12,110,2,11,0,0,1,54,0,43,1,1,1,0,213,22,1,93,17,7,0,32,26,1,0,306,1,6,0,0,0,57,19,150,1,0,0,0,0,8,0,0,1,0,43
hsa-miR-4488,1015,13,54,8,28,10,95,276,9,1299,1,3,756,151,240,26,93,23,148,193,161,0,10,10,1493,20,26,6,126,260,0,413,131,44,2,1,11,126,20,123,1,0,70,0,2,1,1673,3,27,2,27,11,34,94,26,0,2,0,166,510,655,106,10,42,1261,0,597,67,613,271,216,38,7,23,44,6,15,17,59,446,379,12,11,11,865,504,2,61,109,637,35,9,67,4,20,1200,2,209,58,240,0,10,122,70,118,3,0,88,89,364,1,25,0,393,137
hsa-miR-4489,1118,0,334,0,138,6,75,4,8,194,1,1,119,177,88,24,7,165,220,217,2225,2,282,210,2,4,144,118,9,424,2,676,483,83,0,0,106,468,16,16,0,2,301,0,291,0,4260,0,18,3,0,5,101,292,331,1,1,0,289,9,155,89,12,92,5,0,1416,59,499,4,117,74,56,161,3,0,18,1239,5,509,22,83,94,42,228,279,4,116,36,0,22,53,111,6,13,678,3,514,13,113,0,31,138,441,149,8,1,2,1,97,0,62,17,20,88
hsa-miR-4490,184,1,188,22,458,897,221,281,30,1857,0,3,736,400,240,21,101,1094,284,1310,4707,3,616,394,329,10,399,1035,216,806,0,176,680,155,5,0,305,713,39,722,88,4,325,0,366,0,3780,3,21,29,56,25,141,112,893,0,65,2,30,222,356,373,32,126,157,28,6314,879,148,302,50,6204,191,80,202,2,352,870,33,559,106,178,187,36,539,392,397,123,73,395,33,687,879,16,10,624,367,1387,305,1,0,349,2206,631,130,3,6,118,93,280,3,316,1,186,77
hsa-miR-4491,244,5,1,0,1,0,115,22,1,180,2,0,4,295,38,0,5,11,79,5,758,1,106,6,92,3,70,174,124,6,0,16,55,173,1,0,10,216,37,8,0,0,239,0,261,0,212,0,1,1,0,25,28,2,48,0,0,0,31,1,3,40,3,0,202,0,558,47,176,5,6,259,78,0,1,1,16,4,0,594,0,5,4,87,3,129,5,56,24,80,4,2,104,0,0,144,1,108,90,0,0,63,2721,2,14,0,1,1,28,9,0,105,0,1,15
hsa-miR-4492,3,8,3,23,78,4,7,63,9,849,2,0,727,37,0,46,1,18,30,86,17,0,15,152,254,7,3,17,9,26,1,554,140,213,1,2,3,15,44,155,0,14,7,0,11,24,681,1,6,1,0,2,665,0,22,1,1,0,488,238,155,50,6,201,165,0,9,40,405,305,1123,44,17,132,8,0,10,58,3,502,104,1,11,34,330,432,4,118,281,625,22,57,1129,0,54,622,6,174,178,1,0,12,88,713,226,0,0,242,385,168,2,18,0,554,68
hsa-miR-4493,11,61,3,1,300,6,53,2,12,1599,0,34,1,13,24,2,2,3,2,99,23,1,3,3,1,2,1,1,4,16,2,2,30,163,3,1,7,126,31,18,0,0,2,0,2,0,1081,0,31,0,0,22,58,573,9,1,0,0,19,165,452,3,1,276,86,0,10,12,351,7,259,10,1,147,2,1,42,2,14,251,19,6,2,47,219,335,7,0,28,1,16,1,28,1,26,601,1,8,1,253,0,0,632,2,128,0,0,144,0,171,11,1,2,1,48
hsa-miR-4494,330,6,4,0,1,2,1,1,8,1073,1,0,2,143,15,0,1,150,56,459,24,4,60,35,191,4,11,18,5,215,0,91,104,26,2,2,3,178,8,15,1,1,28,0,13,1,522,0,14,3,0,6,8,74,168,0,0,0,1,77,283,102,2,2,2173,23,198,30,214,228,10,19,4,0,1,604,174,66,7,508,211,5,79,1,213,189,7,11,34,190,5,90,47,13,11,658,1,578,56,1,0,46,54,332,44,0,0,2,40,59,0,8,0,0,67
hsa-miR-4495,21,0,2,0,11,0,5,0,0,200,0,0,69,1,0,0,1,34,10,49,67,1,22,20,0,0,2,13,14,2,0,1,1,61,0,0,16,1,7,35,24,0,2,0,1,0,2,0,0,0,0,0,10,0,21,0,1,0,0,0,15,9,0,14,0,0,44,10,1,0,3,32,88,11,0,0,2,15,1,0,13,0,9,10,10,2,3,11,0,0,0,75,15,1,0,4,7,50,0,0,0,0,17,0,1,1,0,0,0,0,0,0,0,0,69
hsa-miR-4496,3,0,2,1,0,0,1,2,2,1,0,0,1,0,16,1,0,2,0,0,10,0,4,1,0,0,1,2,1,7,0,23,1,0,0,0,114,0,3,587,0,0,1,0,0,0,921,0,0,0,0,3,2,28,79,1,0,0,1,148,2,15,0,0,0,0,37,3,139,0,4,10,0,20,1,5,11,0,0,37,1,4,0,0,0,1,1,7,15,0,1,59,3,0,1,59,18,0,0,0,0,34,9,0,2,0,0,97,0,1,0,2,0,2,51
hsa-miR-4497,1038,21,8,14,51,1059,2,36,14,210,0,0,16,176,19,18,7,333,98,977,17,2,5,119,3,8,2,14,42,45,0,11,22,209,1,1,76,18,60,147,2,0,5,1,384,0,1897,12,56,27,0,24,28,7,330,0,1,0,4,205,385,92,18,7,755,0,541,2225,316,1552,764,379,85,94,67,3,53,104,24,544,208,23,36,92,318,337,17,123,69,723,24,19,1991,29,47,1009,57,98,216,1150,0,2,658,137,121,0,0,268,1,188,0,80,0,370,229
hsa-miR-4498,92,14,70,0,2,6,1,4,2,995,0,0,214,80,93,0,55,3,88,3,36,0,44,60,7,4,22,162,5,9,6,56,300,0,0,0,4,140,2,136,0,9,70,0,1,0,747,0,4,5,0,21,62,101,495,0,1,1,114,75,208,19,7,29,802,0,392,74,180,10,43,420,80,29,1,0,53,7,0,82,41,3,49,2,92,94,20,157,32,119,6,93,50,0,1,610,119,160,101,297,0,24,51,115,1,0,0,31,0,22,2,3,0,89,40
hsa-miR-4499,4,1,45,0,0,0,1,1,0,1,0,0,141,1,22,0,0,0,1,3,323,1,61,142,169,3,1,1,2,611,0,0,86,65,0,0,2,2,3,3,0,0,0,0,0,0,10,0,1,0,0,0,3,1,2,0,19,0,1,38,121,0,3,0,0,0,2,9,6,0,2,5,45,0,3,0,1,31,10,0,2,1,45,46,195,66,33,39,4,118,3,2,17,0,0,53,23,72,2,34,0,1,24,0,1,0,0,0,2,20,0,30,0,0,7
hsa-miR-449a,2,19,1,0,18,0,1,1,0,0,0,0,74,118,27,0,1,2,28,211,4,0,1,51,135,1,1,2,0,0,0,30,3,10,1,0,2,78,0,121,0,0,1,0,0,0,270,0,0,0,0,0,14,1,57,0,0,0,63,0,1,0,0,0,1,0,5,7,11,1,86,3,46,53,0,0,0,1,0,0,0,20,2,0,0,40,0,46,0,21,1,0,12,1,4,36,0,3,1,0,0,35,9,0,4,0,0,0,0,22,0,0,0,181,0
hsa-miR-449b-3p,2276,5,4,0,0,10,62,3,9,708,2,0,1,75,1,247,1,87,170,1572,20,1,2,2,3,307,1,1,2,39,1,23,138,32,2,2,3,3,14,26,2,10,0,0,273,1,923,0,35,21,0,31,7,195,122,0,1,0,178,186,516,44,0,186,5,0,10,5,957,2582,543,108,0,0,2,6,153,6,18,5,132,44,1,1,164,794,7,65,59,280,6,3,20,1,31,1098,29,2,1,1,0,13,25,633,282,2,0,0,112,73,1,76,0,78,44
hsa-miR-449b-5p,1,0,1,0,24,0,1,0,1,1,0,0,76,10,35,0,1,2,26,267,7,0,2,46,139,5,0,0,1,7,0,45,1,7,1,0,3,84,0,98,0,0,2,0,0,0,268,0,0,1,0,0,20,26,22,0,0,1,56,31,1,2,1,1,0,0,2,3,19,1,97,101,50,47,0,0,0,0,0,0,0,15,1,0,0,47,0,43,0,13,3,1,18,0,7,7,0,1,0,0,0,0,11,0,2,0,0,0,0,0,0,0,0,194,0
hsa-miR-449c-3p,5,0,10,2,0,0,0,14,4,1,0,0,67,1,0,27,1,3,0,2,5,0,13,0,445,2,1,0,1,10,0,0,0,1,0,1,15,7,1,3,0,0,52,0,1,0,419,1,0,0,0,0,91,1,21,0,0,0,0,0,267,25,1,0,683,0,44,4,2,1,2,5,1,7,1,1,0,1,0,0,42,1,1,0,99,99,0,1,3,24,0,12,5,3,2,72,0,4,0,109,0,0,9,165,0,0,0,0,1,0,0,0,21,0,49
hsa-miR-449c-5p,6,0,0,0,72,2,0,7,0,75,0,0,95,39,0,17,28,1,111,559,159,0,40,80,1,1,111,3,37,11,0,0,70,0,0,0,101,22,4,169,0,0,123,0,0,0,134,0,1,1,0,2,28,32,51,2,7,1,0,2,4,69,66,2,2,0,290,39,9,3,10,112,26,0,18,1,6,53,5,103,0,19,34,0,46,17,17,65,17,47,0,0,26,2,0,154,29,51,22,84,0,2,362,1,0,0,0,0,7,28,0,3,1,0,5
hsa-miR-4500,0,0,0,0,0,0,0,0,0,0,0,0,1,0,0,0,0,0,0,245,1,0,0,0,0,0,0,0,0,1,0,0,1,0,0,0,2,0,0,2,0,0,0,0,0,0,8,0,0,0,0,5,0,1,0,0,0,0,0,0,0,0,0,1,0,0,7,1,0,0,1,0,38,0,0,0,0,0,0,1,0,0,0,0,0,0,1,0,1,0,0,0,0,0,0,0,0,3,0,0,0,28,1,0,0,0,0,0,0,0,0,0,0,1,0
hsa-miR-4501,3,6,96,0,519,0,63,175,6,1298,0,0,123,262,160,0,85,375,417,8,1503,3,166,789,3,0,20,317,86,207,0,169,277,3,3,0,42,474,2,556,29,0,11,1,3,0,4265,23,0,1,0,16,28,23,4,1,27,1,3,51,2,96,9,1,3,0,3890,56,67,462,1,4731,238,23,32,1,370,278,3,463,2,185,6,17,231,148,257,59,22,70,6,813,170,7,0,98,43,651,45,78,0,238,1004,278,55,0,0,119,4,66,0,206,2,229,48
hsa-miR-4502,770,6,10,0,94,7,10,72,15,307,0,0,583,189,91,40,9,234,264,393,652,3,133,3,193,6,15,248,207,41,1,164,36,58,3,1,21,92,6,439,2,2,13,0,83,0,5923,3,14,0,0,55,25,191,93,1,27,0,2,68,445,45,19,1,18,1,71,34,83,19,84,222,10,67,3,4,6,118,7,792,41,4,11,0,4,319,58,86,108,134,1,10,252,1,14,2447,52,319,71,642,0,14,269,550,84,0,1,2,3,21,0,10,1,12,34
hsa-miR-4503,2,9,41,0,0,4,0,0,0,1,0,0,1,73,46,1,2,0,0,2,466,2,1,4,1,1,3,3,2,5,0,0,2,2,0,0,2,0,0,3,0,0,37,0,0,0,21,1,0,0,1,0,50,1,106,0,1,1,0,0,5,0,0,0,1,0,213,9,47,3,7,7,0,0,1,1,22,1,29,3,73,3,3,0,225,6,1,0,3,0,0,3,8,1,0,79,1,6,0,126,0,2,8,0,1,0,0,2,0,0,0,49,0,0,0
hsa-miR-4504,4,0,1,0,6,0,53,1,4,10,0,0,7,7,6,1,4,119,88,11,127,0,6,10,49,4,64,7,13,11,0,4,148,66,0,0,10,9,1,44,0,2,20,0,69,0,144,0,0,0,0,1,34,77,16,0,2,0,1,15,8,13,5,1,1,0,83,11,130,5,29,128,10,1,0,0,14,53,0,4,6,4,105,20,2,11,4,3,31,4,1,55,28,0,4,40,7,77,1,159,0,7,273,1,31,0,0,1,1,3,0,1,1,2,21
hsa-miR-4505,49,1,0,0,2,1,0,0,0,474,0,0,34,1,7,0,1,0,1,0,1,0,2,33,36,0,1,3,0,4,0,102,1,0,0,0,46,3,0,17,0,0,0,0,2,0,193,10,0,0,0,1,2,2,0,0,0,0,1,10,2,74,0,35,3,0,3,41,16,2,39,3,1,16,1,1,9,3,0,2,31,0,2,1,165,2,0,104,28,111,0,0,8,6,6,65,0,80,0,0,0,0,14,2,11,0,0,0,0,0,1,22,0,0,0
hsa-miR-4506,42,0,12,24,2,3,2,1,2,877,0,0,3,13,19,5,3,40,101,10,12,3,137,3,86,1,0,3,4,52,1,41,3,1,0,0,148,87,0,228,0,0,213,0,2,0,733,0,4,3,0,12,105,83,7,0,2,0,2,112,303,108,0,2,2974,0,99,17,229,1847,533,16,4,17,4,256,88,1,1,261,654,1,1,10,613,306,6,0,40,610,19,2,35,0,16,881,1,26,23,30,0,3,420,1,42,0,1,36,2,78,1,38,0,47,74
hsa-miR-4507,751,1,42,2,37,1,28,22,8,10,0,0,555,289,91,21,70,186,278,199,1011,1,97,155,83,454,63,50,41,112,1,452,330,118,4,9,130,15,12,630,0,1,35,0,58,0,2230,0,7,1,0,1,232,31,351,0,1,0,52,24,184,98,11,59,125,0,2251,45,240,41,31,644,109,5,97,4,55,163,1,386,15,44,116,27,105,334,38,24,93,110,5,118,87,4,5,1665,37,283,1,42,0,53,126,46,20,0,0,21,15,49,3,45,0,1,18
hsa-miR-4508,678,163,6,27,221,14,23,34,26,660,0,0,280,235,16,69,5,11,88,1191,24,3,149,60,171,6,4,21,8,219,1,483,81,146,2,18,331,11,121,505,4,8,4,0,17,0,2211,7,28,1,0,10,151,73,22,0,4,0,203,668,194,497,8,386,697,0,34,39,1321,1962,1244,85,7,118,104,3,196,85,46,942,964,4,4,1,564,2058,9,184,123,570,67,22,750,10,109,1075,18,62,266,78,0,7,91,3,384,3,1,1,284,297,11,16,0,1328,246
hsa-miR-4509,2,0,0,0,14,0,1,2,0,2,0,0,2,0,39,0,0,0,0,2,5,0,2,0,1,1,1,1,0,1,0,0,0,0,0,0,2,3,0,263,0,0,133,0,0,0,6,0,0,77,0,0,3,0,202,0,0,0,1,0,0,0,0,0,0,0,234,6,1,3,4,3,0,0,0,1,0,92,0,1,0,1,2,0,0,3,80,0,21,53,0,70,3,0,0,41,22,3,0,0,0,1,10,0,2,0,0,103,43,1,1,20,0,0,0
hsa-miR-450a-1-3p,1,0,4,1,1,0,4,2,0,210,0,0,89,1,55,0,4,4,3,1,959,0,1,4,199,3,2,1,1,114,0,2,78,1,0,0,6,3,30,5,1,0,1,0,3,0,182,0,6,50,0,0,5,2,0,0,0,3,0,0,1,0,1,2,0,0,17,8,0,0,1,300,62,2,0,0,23,23,0,46,124,3,8,0,0,2,19,0,12,0,0,72,19,19,0,105,104,343,0,0,0,3,16,1,0,0,52,0,54,0,0,46,0,0,2
hsa-miR-450a-2-3p,617,12,0,0,1,2,1,25,0,368,0,0,2,93,1,0,2,2,1,3,187,0,3,2,94,5,61,104,1,155,0,3,5,41,0,4,2,0,0,5,0,1,1,0,0,0,249,0,0,3,0,0,2,117,4,0,0,0,1,57,1,42,1,4,256,0,14,10,346,126,15,11,1,0,2,1,29,8,0,262,60,1,4,6,29,186,1,0,10,44,0,88,28,2,4,177,4,333,102,0,0,0,35,3,2,0,1,222,10,1,1,62,0,1,1
hsa-miR-450a-5p,2,1,0,0,0,0,1,0,2,2,0,0,1,35,41,0,1,1,1,0,5,0,0,3,0,0,2,2,79,2,0,0,0,1,0,0,0,3,7,2,0,0,0,0,0,0,462,0,0,0,0,6,2,0,3,0,1,0,0,2,0,0,0,0,0,0,8,2,57,0,1,8,0,0,1,0,1,0,0,1,0,4,1,0,57,55,1,0,26,0,1,0,6,0,0,192,39,65,1,0,0,2,18,0,25,0,0,0,0,0,0,0,0,0,0
hsa-miR-450b-3p,0,1,0,0,0,0,0,0,0,2,0,0,44,0,5,0,22,99,0,1,94,0,131,1,38,1,13,47,2,110,0,75,17,2,0,0,0,1,0,3,0,0,1,0,2,0,19,0,0,0,0,0,1,0,198,0,0,0,0,2,0,24,2,0,1,0,4,10,0,146,3,4,0,0,0,1,0,20,0,1,0,1,6,0,107,0,5,1,1,1,11,19,17,1,2,1,40,148,1,0,0,0,18,0,0,0,0,0,0,85,0,0,0,0,5
hsa-miR-450b-5p,3,0,1,0,1,0,1,1,5,84,0,0,1,1,18,0,7,1,1,135,16,0,0,0,4,1,3,0,0,6,0,34,0,0,0,22,6,0,0,214,0,0,2,0,0,0,964,0,0,0,1,0,0,0,82,2,1,0,0,0,1,0,0,2,2,0,9,1,0,0,2,369,0,0,1,0,1,0,0,97,0,3,0,0,0,20,0,0,6,1,7,3,1,0,0,19,0,3,0,0,0,32,2,0,2,21,0,1,34,85,0,1,0,2,0
hsa-miR-4510,1,1,3,0,0,0,2,56,1,251,0,0,1,0,0,0,0,1,42,58,11,2,1,42,0,0,65,2,0,5,0,2,1,2,0,0,5,4,0,3,0,0,0,0,0,0,481,0,0,0,0,4,2,1,2,0,0,0,0,2,1,37,1,0,1,0,7,12,20,51,0,226,1,0,0,0,1,1,0,80,1,2,2,2,0,23,2,0,6,201,5,2,30,3,2,39,1,180,1,0,0,1,11,82,0,0,0,0,0,30,0,15,0,1,1
hsa-miR-4511,4,3,0,0,1,0,2,8,1,48,1,0,0,3,0,0,0,57,66,737,5,3,44,2,104,1,24,13,1,8,0,1,3,0,0,0,3,1,0,39,0,0,7,0,1,0,182,0,0,0,0,0,7,0,2,0,6,0,1,24,1,144,3,3,0,61,18,4,42,1,3,7,31,0,0,0,2,62,0,2,0,1,37,0,0,143,26,0,2,0,0,3,14,1,0,78,37,95,1,0,0,2,30,1,0,0,15,0,0,10,0,41,0,26,0
hsa-miR-4512,601,0,3,23,133,2,2,54,3,572,2,0,140,78,76,22,3,1,67,208,290,0,110,2,1,7,34,3,6,21,1,3,4,82,0,0,2,5,23,12,0,4,2,0,57,0,2131,6,29,6,0,24,6,2,8,0,0,0,0,120,195,89,2,104,845,0,17,26,316,233,15,22,2,0,1,0,3,2,12,276,93,0,45,0,186,475,3,0,33,10,11,5,18,3,6,753,1,153,109,178,0,1,40,1,276,0,1,67,1,34,2,0,0,0,27
hsa-miR-4513,848,3,4,32,2,5,4,20,2,500,1,1,94,108,97,39,31,121,80,253,207,0,56,135,348,9,3,160,12,253,13,660,11,50,61,1,104,21,20,23,0,10,198,0,165,8,2830,6,23,1,1,24,18,158,178,1,14,0,106,113,326,226,479,5,1026,0,16,73,954,934,127,34,7,14,95,1,46,47,22,812,195,4,41,9,426,536,10,23,109,625,69,4,1450,13,3,1764,15,250,69,94,0,45,1234,204,125,8,1,222,45,929,5,61,0,149,130
hsa-miR-4514,4,0,0,1,2,0,0,3,2,683,0,0,146,6,0,1,1,1,2,0,11,0,4,4,1,1,1,22,2,6,0,0,75,24,1,0,3,2,5,4,65,18,6,0,7,0,688,0,0,0,0,5,5,1,4,0,0,0,1,1,85,11,3,20,1,0,12,33,134,5,8,6,1,0,1,0,7,2,0,189,0,0,6,8,18,125,0,1,15,0,9,1,20,7,3,422,0,9,21,8,0,0,550,0,77,0,0,1,1,58,1,0,0,67,0
hsa-miR-4515,927,3,64,0,476,4,36,72,7,2250,0,0,163,311,3,57,2,134,102,51,317,0,26,12,1212,20,8,16,101,198,1,651,157,83,0,58,17,19,24,565,1,2,105,0,19,0,2557,7,53,5,0,41,916,48,153,0,0,0,298,146,244,88,54,416,83,0,54,64,829,1299,224,52,12,39,6,1,21,8,30,1444,31,6,7,11,856,236,1,173,190,321,26,9,846,22,30,558,3,393,224,460,0,32,124,51,1248,0,0,140,4,231,0,140,5,136,165
hsa-miR-4516,93,6,62,0,23,2,3,2,5,1387,1,0,29,0,112,0,39,8,68,3,19,2,15,1,539,7,6,1,3,22,8,2,2,87,0,1,8,65,0,768,0,0,1,0,0,0,1944,0,1,2,0,164,10,150,20,1,0,0,110,3,373,53,1,2,1,0,8,5,30,78,15,14,0,17,52,0,83,0,9,1587,35,1,2,3,270,217,0,23,17,87,0,4,18,1,12,357,1,47,60,302,0,1,243,1,215,0,0,63,1,2,0,3,0,23,47
hsa-miR-4517,1209,14,529,30,952,18,554,943,38,4963,2,19,1662,857,759,150,381,2033,627,3584,4810,13,1663,805,1022,226,1329,1304,506,2388,0,525,1672,352,6,0,1132,1200,149,1774,34,7,1238,0,1048,22,12403,5,85,54,55,94,277,420,1349,2,127,28,176,448,1364,490,225,908,553,1,7126,556,1022,1927,140,8731,486,308,362,5,1292,1797,72,1396,214,574,730,128,1200,686,793,293,114,1250,53,1494,1197,44,25,1967,356,1790,237,520,0,674,3284,1959,584,18,89,154,537,599,9,802,47,1112,183
hsa-miR-4518,23,0,2,0,24,1,3,23,0,398,0,0,51,84,0,0,0,6,4,137,19,0,5,24,2,4,84,3,96,13,0,0,152,1,1,0,7,14,0,10,0,14,21,0,1,0,375,0,0,0,1,5,13,4,1,0,3,0,1,49,209,1,6,2,80,0,275,20,90,307,6,17,7,60,1,4,30,3,0,5,0,2,5,0,50,8,1,0,1,37,1,11,1671,1,2,125,38,147,18,0,0,2,64,371,0,0,0,0,0,14,1,2,0,2,3
hsa-miR-4519,280,1,22,0,111,1,0,2,0,1,0,1,107,57,67,0,2,41,16,213,11,0,83,133,0,1,3,45,2,102,0,2,37,0,0,0,7,3,0,63,0,3,88,0,0,0,135,0,6,0,0,7,8,1,2,0,7,1,0,0,1,1,1,2,1,0,1167,11,135,1,12,354,33,0,0,0,21,56,0,215,0,10,4,0,13,11,24,0,0,1,0,90,21,1,0,159,5,19,0,0,0,9,367,1,0,0,0,1,0,26,0,11,0,0,0
hsa-miR-451a,1628,31,65,1,276,9,1,3,8,329,0,0,4,329,20,156,8,108,187,536,702,3,7,135,438,18,4,4,0,344,0,79,10,0,0,2,18,5,15,224,0,152,160,0,209,0,3752,0,0,174,0,29,8,131,259,0,2,0,6,3,658,128,1,9,3,0,43,24,3014,3,41,251,3,42,3,2,87,82,14,0,1559,63,2,2,86,90,30,0,16,169,8,219,53,7,0,918,3,504,1,0,0,61,44,2110,263,0,2,4,0,2,32,4,0,3,436
hsa-miR-451b,3,0,2,1,0,1,2,0,0,331,0,0,4,30,1,38,1,4,1,2,246,0,6,10,3,0,0,21,7,416,0,1,195,0,0,0,3,7,0,4,0,0,33,0,13,0,16,0,6,0,0,0,5,2,96,0,0,0,1,0,1,0,1,1,0,0,16,19,5,2,76,15,5,0,0,1,1,5,9,1,43,1,3,0,0,3,0,0,41,58,2,2,37,10,12,36,0,184,0,2,0,0,749,1,0,0,0,1,0,1,0,1,0,1,0
hsa-miR-452-3p,42,4,27,0,1,7,71,129,51,1360,0,18,183,408,62,77,25,380,538,1325,3222,17,257,434,393,9,344,148,13,24,0,286,303,376,1,0,61,18,39,570,1,0,274,1,241,0,17414,0,6,49,52,6,551,13,1850,45,65,47,0,52,137,287,18,353,125,129,710,82,63,543,407,629,322,0,76,770,152,782,47,288,151,136,121,2,64,239,76,2,72,1,16,233,213,57,31,73,16,72,2,1,0,239,2844,1049,92,43,5,1,0,183,4,150,0,267,27
hsa-miR-452-5p,1168,6,14,0,159,5,134,140,4,535,1,0,98,239,161,57,36,31,31,8,1677,3,155,527,254,3,155,244,10,359,0,210,15,76,1,0,13,122,29,537,0,0,7,0,71,0,3305,0,17,18,0,65,193,158,505,0,21,0,76,18,50,12,7,3,216,0,400,36,166,86,24,512,79,100,2,0,69,253,0,771,236,8,8,10,180,3,113,55,73,1,13,189,239,1,4,765,6,216,147,1,0,145,2840,827,22,1,1,1,115,122,4,108,10,53,104
hsa-miR-4520-2-3p,77,0,0,0,8,0,1,1,0,0,0,0,0,39,0,0,1,0,12,1,707,0,1,2,15,257,1,0,0,3,0,0,1,0,0,0,2,1,0,0,0,8,0,0,0,0,307,0,0,1,0,0,1,0,1,0,2,0,0,0,6,0,1,0,0,0,10,2,4,0,0,7,0,0,0,0,1,26,0,0,1,0,24,0,0,2,1,0,0,32,0,67,3,0,2,7,1,1,41,0,0,3,3,0,0,0,0,0,16,0,0,1,0,0,1
hsa-miR-4520-3p,73,0,1,0,6,0,0,15,1,1,0,0,2,43,0,0,3,11,8,1,164,0,0,0,9,227,0,1,0,1,0,0,8,0,0,0,2,2,0,2,0,0,1,0,0,0,265,0,0,0,0,1,3,1,5,0,0,0,0,0,1,0,0,2,0,0,5,4,0,0,2,2,0,0,2,0,0,34,0,0,0,1,26,0,0,0,0,0,0,37,0,0,2,0,1,17,4,2,0,0,0,0,8,0,0,0,0,0,0,0,0,2,0,0,0
hsa-miR-4520-5p,157,0,0,0,5,1,0,0,1,1,0,0,1,78,0,1,0,1,10,0,150,0,0,1,33,296,0,1,1,1,0,0,0,0,0,0,2,1,0,0,0,0,0,0,0,0,369,0,0,0,0,0,2,0,2,0,0,0,0,0,1,0,0,0,0,0,5,2,1,0,0,1,1,0,1,0,1,39,0,1,1,0,21,0,0,0,0,0,1,48,0,1,2,0,0,17,3,0,1,0,0,0,2,0,0,0,0,1,0,0,0,0,0,0,0
hsa-miR-4521,70,1,1,0,2,0,7,0,1,0,0,0,28,0,1,0,2,31,0,2,2,0,0,38,177,4,0,1,0,4,0,35,0,0,1,0,1,1,3,141,0,0,0,0,0,0,458,2,1,0,0,0,1,1,1,0,0,0,69,1,180,0,0,38,0,0,8,2,491,256,7,7,0,0,1,0,0,2,0,1,61,0,0,0,12,2,1,0,7,80,8,1,5,0,0,225,1,111,0,0,0,2,11,0,0,1,0,0,0,19,0,0,0,1,8
hsa-miR-4522,51,0,2,4,0,0,0,17,0,5,0,0,23,21,118,0,3,10,60,2,10,0,1,6,1,2,2,95,0,217,0,1,133,0,0,0,3,52,0,2,0,1,179,0,1,0,528,0,4,0,0,1,16,0,3,0,35,0,44,0,56,15,4,3,0,0,8,11,41,70,8,3,1,0,0,0,0,0,1,2,26,0,3,20,0,75,35,5,29,94,0,0,24,2,0,205,0,360,0,34,0,0,31,0,0,0,0,0,0,24,0,0,0,0,0
hsa-miR-4523,2170,21,12,2,185,435,27,69,7,1597,31,0,10,240,35,95,76,97,149,454,231,3,94,22,71,459,90,71,122,404,39,42,423,115,0,2,89,73,48,41,78,14,45,0,125,0,2586,9,26,23,0,58,261,268,249,3,3,1,272,204,1114,184,15,368,3032,0,486,802,1286,1131,790,35,7,14,67,7,57,10,21,1454,1135,54,48,1,772,1123,2,219,52,1759,38,9,650,3,13,2626,9,47,32,47,1,7,584,91,88,1,11,2,188,278,0,3,7,227,141
hsa-miR-4524a-3p,254,0,0,0,0,1,0,0,1,58,0,0,34,1,8,2,0,0,0,0,4,0,0,0,0,1,36,67,1,1,0,2,0,0,0,0,1,1,0,0,0,0,1,0,33,0,340,3,0,0,0,1,1,1,0,0,0,0,8,0,75,62,36,0,0,26,4,0,78,0,2,13,0,0,0,0,25,0,0,30,22,1,0,0,14,16,31,0,11,0,0,17,3,4,0,112,2,51,0,0,0,1,5,0,18,0,0,1,0,0,2,0,0,0,0
hsa-miR-4524a-5p,70,2,2,5,1,1,2,2,0,388,0,0,2,47,0,0,0,2,1,140,174,0,1,15,2,2,3,2,0,10,0,0,52,0,0,0,197,2,1,6,1,0,29,0,2,0,9,0,4,0,0,11,1,37,4,0,0,0,128,0,1,78,3,0,210,0,9,10,1,0,3,354,4,0,0,1,18,67,3,1,0,1,1,0,93,116,0,0,14,0,0,1,18,0,1,289,0,2,51,0,0,2,323,1,0,0,0,0,0,1,3,0,0,295,47
hsa-miR-4524b-3p,81,0,2,5,1,2,2,0,0,1,0,0,2,32,0,0,1,1,0,192,234,0,0,12,1,1,1,1,0,0,0,1,12,0,0,0,3,0,0,3,0,0,0,0,1,0,4,0,7,2,0,6,0,38,0,0,1,0,0,0,1,15,1,0,1,0,7,3,0,0,0,217,0,0,0,0,7,48,2,0,0,0,0,1,54,0,0,0,10,0,0,1,3,0,0,108,2,3,52,0,0,2,6,1,0,0,0,1,0,1,0,0,0,0,0
hsa-miR-4524b-5p,295,1,2,0,0,2,0,1,0,117,0,0,0,0,0,0,1,1,1,1,7,0,0,0,1,0,20,69,3,1,0,1,0,0,0,0,2,0,0,2,0,3,1,0,64,0,352,9,0,0,1,9,1,1,1,0,0,0,24,0,114,85,67,0,0,41,6,4,124,1,5,7,0,0,0,1,32,0,0,44,42,2,2,0,26,22,34,1,0,1,0,46,9,6,0,185,0,95,0,0,0,2,14,0,35,0,0,0,0,0,0,0,0,0,0
hsa-miR-4525,81,0,7,0,4,5,5,3,1,8,2,2,61,97,7,3,20,4,29,582,56,0,3,11,121,218,7,4,3,120,0,71,37,0,2,0,11,3,0,81,1,1,125,0,157,0,1306,0,0,0,0,0,13,6,48,0,3,0,43,1,461,3,4,1,5,0,338,22,14,4,844,2670,5,0,4,0,20,5,0,3,114,7,4,0,3,657,22,1,9,14,4,15,25,13,63,349,3,44,60,17,0,56,72,444,75,0,1,139,24,1,0,2,1,1,55
hsa-miR-4526,15,0,47,0,1,0,1,3,6,176,0,0,3,2,1,0,1,2,3,55,22,0,2,9,126,3,73,0,3,9,0,1437,4,3,0,0,9,63,7,39,38,1,1,0,0,0,174,0,3,1,0,4,7,1,219,0,0,0,2,2,64,35,5,0,385,0,15,13,105,53,34,11,1,0,2,0,2,3,0,394,98,1,4,0,85,145,0,92,39,128,5,1,1005,1,7,127,26,3,20,44,0,3,452,0,21,1,0,3,4,60,1,54,0,45,0
hsa-miR-4527,190,0,10,1,3,0,37,8,0,215,0,1,15,16,26,9,14,92,24,56,304,1,13,57,6,1,38,23,19,135,0,80,28,6,0,0,35,30,9,16,0,0,16,0,11,0,1087,0,3,1,0,6,18,21,15,0,4,0,1,23,18,24,4,5,1,0,839,27,114,225,8,389,15,1,3,59,11,17,2,83,9,14,11,11,8,157,4,6,24,83,0,44,56,2,0,123,14,54,1,165,0,18,1456,114,15,1,2,4,3,58,1,33,1,28,7
hsa-miR-4528,294,8,207,4,589,12,134,495,28,1050,0,1,441,1289,601,43,206,1392,1266,2448,8314,3,915,1292,801,11,463,847,170,1583,8,249,851,30,1,16,563,729,15,1464,46,2,513,1,48,1,8505,1,9,2,2,70,142,151,618,13,48,1,37,104,1308,660,823,94,4,73,16156,251,75,126,351,7677,1262,14,129,296,481,1155,21,511,59,205,545,24,542,365,750,46,38,175,33,613,630,38,29,290,142,3540,50,5,1,1307,9221,438,48,5,10,4,100,347,0,630,28,78,213
hsa-miR-4529-3p,376,5,5,0,38,0,2,11,6,403,0,0,20,132,27,10,1,95,4,222,206,1,33,4,2,175,36,5,2,17,0,39,111,143,0,12,5,15,6,337,1,0,50,0,96,0,1243,0,25,0,1,9,6,185,25,2,0,0,84,26,192,14,170,115,557,0,56,142,427,0,60,261,15,34,2,210,20,127,11,383,6,2,22,1,71,258,11,16,19,29,4,58,100,0,7,343,0,7,3,0,0,6,73,55,51,0,1,96,120,11,0,19,0,0,31
hsa-miR-4529-5p,3,1,6,0,100,4,2,6,5,10,0,0,56,1,12,0,3,54,2,163,473,2,1,2,3,0,3,1,2,7,0,2,136,35,0,0,4,43,16,100,1,0,7,0,94,0,1105,0,0,0,0,9,7,51,102,0,1,0,2,4,78,9,1,1,0,0,221,9,58,3,4,231,3,11,1,0,17,54,7,355,9,0,10,0,2,67,16,22,12,3,2,65,94,2,6,140,1,8,1,1,0,14,233,0,21,0,0,23,69,13,0,31,0,0,0
hsa-miR-4530,787,3,5,0,111,8,4,50,2,5,0,1,150,194,81,0,11,70,133,654,212,1,89,4,382,10,88,57,70,18,0,98,7,95,0,20,40,67,0,235,134,5,58,0,1,0,2033,0,23,3,0,2,12,29,154,2,1,1,43,128,379,104,4,6,3,0,1593,20,210,145,283,32,4,11,2,0,102,2,13,771,73,3,5,5,259,626,3,113,51,150,6,7,69,2,41,1055,29,71,150,0,0,5,1575,88,109,0,1,1,1,12,2,19,0,1,0
hsa-miR-4531,1,0,1,0,9,2,0,0,0,37,0,0,0,0,0,6,0,0,0,3,1,0,0,0,0,2,0,0,0,0,0,1,0,92,0,1,0,0,0,1,0,0,0,0,1,0,140,0,0,0,0,1,2,1,0,0,8,0,0,0,76,1,0,62,1,0,0,1,56,47,3,3,0,1,42,0,0,0,0,166,0,0,0,0,1,70,1,0,2,30,0,0,1,0,4,85,0,1,0,0,0,1,0,0,0,0,0,0,0,0,0,0,0,1,18
hsa-miR-4533,5,0,4,0,0,2,4,2,2,41,0,0,158,11,16,30,2,189,5,375,17,1,6,28,6,3,4,141,31,27,0,5,4,2,0,0,8,7,0,21,1,7,5,0,5,25,632,0,24,15,0,8,16,1,55,0,1,0,1,29,9,21,5,168,57,0,265,21,27,1363,502,22,7,16,0,1,4,8,1,136,0,4,4,24,30,48,22,85,8,0,1,15,61,1,27,205,0,104,0,0,0,3,1131,1,28,1,0,32,4,13,2,3,0,0,54
hsa-miR-4534,309,0,1,15,0,4,24,1,2,345,0,0,56,2,0,13,2,3,102,178,17,0,4,77,2,4,2,2,0,9,1,3,1,156,0,2,6,15,0,1,0,0,0,0,2,0,1493,5,20,0,0,2,3,3,10,0,2,0,40,151,191,13,0,63,223,0,233,15,85,2,6,22,0,9,26,2,2,2,3,34,3,1,0,0,1,123,1,6,18,116,8,1,60,4,0,444,1,32,0,0,0,1,23,0,0,0,0,0,1,58,0,5,0,0,15
hsa-miR-4535,8,4,81,0,165,1,3,80,4,877,0,0,68,123,60,87,2,1,83,4,10,0,1,7,1,4,4,46,113,253,56,125,4,0,0,0,6,85,16,185,0,0,120,0,1,0,710,0,4,1,0,18,169,0,6,0,5,0,0,0,356,71,3,1,0,28,510,9,20,150,11,13,2,0,69,0,0,6,1,248,0,53,0,70,1,21,2,1,7,3,8,55,27,0,17,325,1,4,80,0,0,2,28,2,2,0,0,1,115,54,0,0,0,0,88
hsa-miR-4536-3p,1,5,96,2,95,4,18,3,13,323,0,0,227,64,106,46,114,162,37,389,284,1,171,264,232,4,192,349,119,141,16,53,62,41,0,0,260,91,0,12,0,0,185,0,85,1,810,8,18,1,0,6,288,3,200,0,10,0,120,47,1,107,4,153,137,0,152,81,191,363,267,265,114,36,111,0,61,196,13,75,0,4,140,4,128,86,19,5,21,318,8,41,69,1,30,54,33,65,113,116,0,47,77,3,52,0,51,0,151,42,0,64,0,132,0
hsa-miR-4536-5p,0,0,50,0,69,0,19,2,4,189,0,0,119,49,70,21,53,62,20,603,164,1,88,159,149,4,94,328,44,88,16,38,34,26,0,0,144,61,2,3,0,0,129,0,57,0,446,8,17,1,0,2,183,0,103,0,4,0,85,18,1,64,0,105,63,0,89,35,86,216,149,300,97,20,45,1,38,121,8,53,0,1,80,5,75,93,48,0,12,185,6,36,40,0,15,51,34,30,57,66,0,22,53,3,54,0,24,0,84,33,0,62,0,73,0
hsa-miR-4537,147,0,3,0,1,1,14,0,0,90,0,0,3,3,1,3,3,3,37,433,10,0,62,4,0,0,34,2,0,138,0,48,3,0,0,0,2,2,0,225,2,0,1,0,0,0,24,0,7,0,0,0,0,87,6,0,0,0,0,139,108,19,0,2,1,0,26,3,30,1,7,22,37,18,0,3,2,2,0,134,0,2,2,0,0,15,12,1,2,0,1,4,5,1,1,30,8,46,43,3,0,52,16,29,5,0,0,8,1,8,1,65,0,1,8
hsa-miR-4538,84970,626,57884,2170,156511,9664,61679,119341,4088,377192,3105,2737,158518,301682,141070,4556,30174,279305,271804,107162,1633326,1620,96448,271801,130208,38592,118723,218920,49471,329815,1443,54335,214466,29930,1781,2533,123223,215100,8163,435823,8863,1027,153865,111,78315,2127,1419918,1483,4724,3203,2740,5087,58777,16451,143447,1906,13668,2341,13592,11780,187059,92106,19508,21727,20127,12547,3559868,83492,35831,97523,60423,2047412,239445,14205,27144,58982,147521,263999,2580,111752,9088,53793,167926,5571,90017,78933,173094,41047,7416,90264,4490,209797,248683,7781,3875,42009,138596,761161,25748,38677,116,176075,2447487,108170,44566,3604,4307,14160,18367,47984,332,128388,1798,66511,18193
hsa-miR-4539,41860,335,32267,1093,82465,13192,31899,63378,2194,200043,1774,1288,88165,164283,72228,1841,16288,174721,155656,96829,893097,1000,87953,147206,66885,22186,61009,130761,27325,169421,793,28458,124300,16331,920,1361,63195,117368,4098,219839,4472,548,93080,68,40868,1206,742601,821,2562,1517,1654,3078,33110,9937,79730,1211,7335,1176,7250,8137,106480,47890,12083,11218,11805,7465,1854011,57177,18982,48644,32471,1100367,124344,7006,14447,34555,77201,152210,2399,64482,4473,28414,93476,3063,46994,41050,91158,22398,4169,46593,2382,112575,162745,4610,1946,34912,74898,439755,13721,20459,67,91484,1369398,56664,22683,1858,2273,7325,9299,24100,212,70938,1255,34253,9423
hsa-miR-454-3p,4,0,2,0,0,0,1,2,0,0,0,0,1,0,14,0,0,2,0,177,2,0,1,0,0,0,0,0,2,2,0,0,1,0,0,0,1,1,0,3,0,0,1,0,0,0,7,0,0,0,0,0,0,1,2,0,0,0,663,0,1,1,1,0,127,0,464,2,0,0,2,6,1,0,0,0,13,0,7,2,0,0,2,0,0,1,0,0,1,0,1,2,4,2,0,7,0,111,0,0,0,0,2,0,0,0,0,0,0,2,0,59,1,0,1
hsa-miR-454-5p,1,0,2,0,4,1,59,2,7,0,0,0,3,1,0,0,3,184,0,402,916,0,3,9,80,1,0,1,32,5,0,4,2,226,1,0,5,4,6,73,0,0,15,0,1,0,184,0,0,0,0,11,8,1,3,0,2,0,62,27,0,3,1,1,0,0,14,7,105,3,233,483,0,0,0,0,11,30,0,2,89,2,0,1,1,0,2,0,22,0,2,111,16,3,8,106,9,146,0,0,0,2,18,0,38,1,0,0,1,16,0,0,0,0,128
hsa-miR-4540,224,0,0,10,230,2,9,8,0,333,0,0,1118,90,95,2,0,4,75,247,7,0,9,24,443,3,33,7,47,28,0,0,113,103,0,2,0,101,1,21,0,12,3,0,4,0,24,1,23,3,0,65,31,3,7,1,0,0,3,1,465,53,133,2,2,0,5,54,285,206,15,7,11,42,41,0,10,239,18,809,70,1,13,10,762,453,0,319,32,183,29,1,974,0,29,809,0,244,285,2072,0,8,1448,0,145,0,0,2,102,293,0,8,0,204,34
hsa-miR-455-3p,83,0,1,0,1,1,0,0,0,7,0,0,4,4,1,0,1,3,33,1,263,0,1,9,1,0,36,3,1,2,0,2,3,1,1,0,1,1,15,2,0,0,1,0,1,0,7,0,0,0,0,0,3,0,7,0,0,0,1,19,0,0,2,2,0,0,10,5,4,2,4,5,2,0,0,1,2,0,0,82,0,1,0,0,0,1,2,1,0,139,0,1,282,0,0,123,0,5,1,0,0,1,20,1,0,0,0,0,0,1,0,1,0,0,0
hsa-miR-455-5p,276,0,6,0,0,4,1,6,0,489,0,1,8,7,44,101,4,250,19,3,428,1,7,13,6,2,5,148,13,25,0,1,66,2958,0,0,10,12,0,28,0,0,7,0,472,0,503,0,20,3,0,67,18,1,11,0,0,0,3,218,307,25,9,5,2,0,554,40,3,744,13,733,13,81,151,1,2,9,3,210,20,54,176,23,2102,4,20,0,23,1,4,4,105,11,0,663,14,293,92,1,0,175,137,483,80,0,0,49,0,1,0,17,42,1,28
hsa-miR-4632-3p,3,0,6,2,124,2,2,2,1,372,1,0,65,1,6,14,3,11,7,743,616,0,82,3,3,0,3,3,0,14,0,59,129,70,0,0,6,3,11,12,0,9,1,0,3,1,1832,0,25,0,0,19,38,19,4,1,1,31,1,49,152,56,2,50,185,0,19,9,53,177,47,205,2,0,56,0,30,93,0,239,108,2,4,0,0,148,1,0,15,151,6,0,20,3,3,58,5,29,1,0,0,2,23,47,28,0,0,43,0,24,0,57,0,0,0
hsa-miR-4632-5p,223,14,162,25,202,5,251,226,26,1212,1,25,243,655,339,49,128,167,440,2665,987,1,236,349,819,18,223,302,114,519,0,267,304,116,9,1,367,248,31,774,0,0,109,0,240,0,1450,2,84,1,1,5,166,202,605,1,70,13,16,443,123,380,19,37,196,0,1834,109,470,1153,31,3356,332,116,61,4,166,631,29,1431,135,273,123,20,246,378,99,43,212,596,18,307,1428,12,60,1944,195,834,52,391,0,139,3205,43,564,0,1,56,115,254,3,192,28,70,146
hsa-miR-4633-3p,4,0,0,0,31,1,0,0,0,150,0,0,0,1,1,1,0,0,0,1,4,0,2,0,1,0,36,0,2,3,0,65,0,0,0,0,137,0,7,2,0,5,0,0,0,0,1,0,0,0,0,5,0,2,1,0,0,0,50,0,13,44,0,0,45,0,0,0,192,133,5,2,0,0,84,0,35,32,0,3,33,1,0,0,38,60,1,0,0,1,1,0,1,0,1,180,0,0,0,0,0,0,0,0,17,0,0,0,7,1,1,0,0,0,1
hsa-miR-4633-5p,2,0,1,0,42,0,0,0,0,41,0,0,0,0,0,0,0,1,1,1,4,0,0,0,1,0,36,2,0,2,0,1,0,0,0,0,171,2,8,1,0,1,1,0,0,0,2,0,0,0,0,8,0,1,1,0,0,0,31,0,63,63,0,0,126,0,0,1,101,85,1,2,0,0,103,1,14,87,0,0,7,0,0,0,6,25,0,0,0,27,0,0,0,0,0,93,0,0,0,0,0,0,2,0,28,0,1,2,8,0,0,0,0,2,1
hsa-miR-4634,2003,46,35,9,88,20,49,36,17,3971,2,8,319,334,51,434,13,45,363,2349,806,2,112,36,2111,53,80,137,13,398,0,162,130,483,49,65,200,47,112,773,53,9,177,1,41,33,2717,4,58,4,2,71,347,627,217,7,2,28,306,938,2636,273,200,320,785,1,822,123,6112,1184,4060,417,154,80,119,6,138,15,35,4956,920,8,86,48,1643,1889,2,55,275,1469,90,4,3340,71,319,2250,52,70,293,583,0,179,1373,1252,494,1,36,224,344,804,9,4,29,184,1199
hsa-miR-4635,6445,6,63,11,181,10,8,25,27,2306,0,0,10,172,315,80,45,16,226,818,1222,1,164,8,651,18,62,47,10,39,0,391,277,20,0,1,388,11,16,138,52,0,5,0,52,9,771,2,100,2,0,93,24,680,226,0,30,11,3,201,488,259,8,6,340,0,625,85,1337,431,145,285,12,15,7,5,57,57,8,512,219,4,3,122,1020,881,2,136,161,530,15,22,86,2,6,1576,1,279,187,1,0,27,2620,624,109,1,0,270,0,134,0,1,0,1,177
hsa-miR-4636,494,10,43,19,70,3,46,168,21,333,0,0,8,89,63,1,44,19,92,128,1034,10,6,115,191,1,75,291,30,247,1,8,59,234,0,0,14,52,26,467,0,5,47,0,98,0,3073,8,21,1,0,48,57,121,10,1,1,0,3,170,111,55,10,2,368,1,33,50,281,1058,381,933,25,18,51,0,41,303,10,424,0,28,461,46,284,198,74,77,105,81,6,145,618,15,37,645,165,913,29,120,0,164,788,267,222,16,1,215,1,17,1,123,0,255,51
hsa-miR-4637,1,0,1,1,0,1,1,0,0,336,0,0,7,3,57,0,1,1,126,155,9,0,1,4,342,2,18,2,2,2,0,0,22,1,0,0,126,22,7,60,0,0,1,0,1,0,21,12,1,0,0,0,16,32,0,0,0,0,128,0,1,9,1,1,0,0,11,14,3,20,0,607,3,75,0,0,0,3,0,0,1,13,26,4,40,0,41,0,0,0,0,87,17,1,0,5,1,80,0,0,0,56,802,1,0,0,0,0,26,1,0,1,0,2,0
hsa-miR-4638-3p,1076,27,4,1,276,578,4,29,4,1539,1,15,10,73,18,151,58,173,87,244,91,5,18,99,19,322,7,55,9,337,32,196,66,150,0,2,21,8,11,859,3,13,135,0,7,55,2656,3,23,2,1,72,19,85,89,1,0,0,35,246,1279,215,5,342,3,56,106,36,1571,330,223,95,129,215,61,0,68,106,54,1010,450,7,40,31,600,515,19,138,113,756,30,79,96,10,34,1625,6,289,81,737,1,12,143,300,211,1,1,2,92,218,2,9,1,4,285
hsa-miR-4638-5p,1346,0,67,2,3,6,47,64,25,475,1,0,12,318,173,18,6,248,66,12,577,0,61,113,203,7,137,162,9,637,0,204,157,2,0,1,94,175,74,23,0,1,72,3,86,0,3022,34,38,0,0,36,681,5,292,0,2,0,104,91,756,111,99,10,3,1,23,40,441,1060,184,214,6,82,263,1,95,135,5,1419,157,34,83,33,72,818,11,167,103,208,6,175,86,15,16,568,38,446,2,72,0,33,106,1,97,10,3,4,33,2,2,42,115,244,98
hsa-miR-4639-3p,2,0,0,0,0,0,0,0,0,178,0,0,0,1,1,0,0,1,0,0,4,0,0,62,1,0,1,0,38,3,0,1,12,0,0,0,0,1,0,2,0,0,0,0,0,0,195,0,0,0,0,0,2,2,0,0,1,0,0,0,36,0,2,24,0,0,84,2,0,1,0,2,1,0,0,0,0,31,0,1,0,0,0,0,1,56,7,0,9,0,0,0,6,0,1,23,1,0,0,0,0,1,2,0,0,0,0,0,0,0,0,2,0,0,0
hsa-miR-4639-5p,301,6,55,1,509,4,79,99,9,287,0,0,75,431,330,54,56,245,388,519,2670,9,13,469,277,9,103,580,76,1832,0,6,372,143,2,9,269,307,21,1163,0,3,192,0,143,15,1578,0,16,0,1,19,62,3,776,0,42,0,5,96,338,205,13,181,267,40,3804,72,539,142,403,2206,306,21,234,877,138,529,7,0,0,17,328,30,104,241,77,119,29,169,14,224,160,18,15,462,47,751,0,2,0,168,766,232,83,37,62,205,57,125,1,212,3,0,76
hsa-miR-4640-3p,219,0,2,0,57,0,2,0,0,1,0,5,0,0,57,1,1,50,11,0,5,1,0,0,0,2,3,0,2,0,0,1,0,0,0,5,2,1,14,4,0,0,1,0,0,0,27,0,0,0,1,1,1,1,2,0,16,0,0,0,62,1,0,2,0,0,516,18,56,1,6,12,1,3,31,0,20,1,6,2,0,1,0,0,34,36,0,0,24,21,1,2,2,0,0,195,1,1,0,3,0,0,4,0,21,0,0,1,21,0,0,6,0,0,10
hsa-miR-4640-5p,72,2,12,0,45,2,3,9,3,14,0,0,5,28,33,0,75,45,40,407,275,0,20,7,116,2,7,32,3,14,1,86,93,16,0,1,114,21,12,26,0,0,10,0,3,0,852,0,0,0,0,1,56,77,7,0,0,0,2,4,203,47,2,0,12,0,296,17,199,193,48,65,6,0,67,206,62,57,3,328,0,6,42,1,6,7,45,0,25,211,10,27,28,2,2,347,7,107,3,77,0,58,62,1,3,0,2,17,2,14,0,36,0,1,54
hsa-miR-4641,79,0,2,1,43,1,25,5,2,2,0,1,143,3,30,18,2,103,72,5,286,1,1,9,2,2,10,49,3,5,0,18,150,143,0,0,7,5,1,4,0,0,4,0,0,1,627,0,0,2,0,1,4,0,3,0,13,199,0,0,89,1,3,130,88,0,701,16,2,4,6,220,92,71,0,1,11,1,1,38,22,1,2,0,0,0,0,0,15,2,2,124,22,6,0,216,40,116,25,68,0,35,37,0,1,0,0,1,0,19,3,14,0,0,20
hsa-miR-4642,10,3,3,1,15,1,1,1,7,100,1,25,1,85,4,39,3,13,18,68,7,0,62,38,6,2,17,128,1,5,0,4,103,16,1,3,2,2,3,4,0,0,48,0,16,0,208,0,0,1,0,26,1,227,19,0,0,0,34,27,95,12,4,1,216,0,304,6,145,5,108,11,44,7,4,2,70,2,4,86,12,9,1,4,1,13,2,27,5,1,8,0,11,0,14,380,0,5,36,1,0,1,25,2,27,0,7,46,28,52,0,32,3,5,22
hsa-miR-4643,176,0,22,0,2,1,1,0,0,1,0,0,0,34,2,1,0,49,98,3,10,0,44,1,0,1,0,0,2,3,0,1,54,0,0,0,3,0,0,0,0,0,1,0,0,0,170,0,17,24,1,0,8,25,1,0,0,0,2,0,36,1,0,0,0,0,8,6,57,138,2,5,88,0,1,0,1,1,0,1,21,0,1,0,0,18,0,0,1,3,0,50,53,0,0,226,39,58,1,0,0,34,28,1,0,0,0,0,0,1,2,1,0,0,0
hsa-miR-4644,2,0,61,4,62,1,4,3,0,325,0,11,115,84,41,13,6,162,81,416,461,2,89,253,8,1,197,82,4,129,0,89,90,41,0,0,10,212,9,131,0,0,7,0,112,18,298,5,18,1,0,1,117,0,251,0,2,0,57,46,120,114,8,68,0,30,797,26,68,508,22,489,99,23,4,1,96,237,16,19,0,29,49,0,122,31,13,45,7,14,6,124,65,4,1,79,96,256,3,1,1,67,412,0,0,8,2,62,1,0,0,13,10,286,1
hsa-miR-4645-3p,44,0,0,1,0,0,0,1,0,46,0,0,3,79,1,18,2,3,9,0,99,0,1,3,2,0,2,1,2,4,0,37,3,40,0,0,2,3,7,3,0,0,34,0,0,0,222,5,0,0,0,5,47,0,3,0,0,0,15,116,115,0,1,1,0,0,118,7,365,1,8,6,1,54,0,0,18,214,7,53,0,0,0,30,0,30,0,0,13,144,0,1,20,0,0,254,0,3,0,15,0,1,15,0,24,0,0,0,0,1,1,65,0,0,26
hsa-miR-4645-5p,120,0,0,0,0,0,20,3,0,2,0,0,2,0,0,25,1,6,0,0,3,0,2,0,0,0,0,1,0,1,0,0,50,0,0,0,1,0,0,4,0,0,2,0,3,0,13,0,1,0,0,0,0,59,2,0,0,0,34,1,0,0,0,1,0,0,6,1,49,0,5,11,0,0,1,0,47,3,0,0,0,0,0,0,1,9,0,0,0,0,0,2,5,0,0,50,0,1,1,0,0,0,4,0,0,0,1,0,0,0,0,0,0,1,0
hsa-miR-4646-3p,249,11,116,12,397,8,538,511,18,1135,1,17,1123,249,255,17,267,302,788,623,2211,4,451,710,492,11,503,834,665,1321,0,184,477,308,5,0,1494,530,93,996,2,10,1008,0,1377,2,2575,3,55,10,1,89,321,262,1337,2,86,1,250,17,348,620,28,220,80,0,4962,514,547,1310,148,2506,220,154,45,0,377,708,51,576,338,394,450,33,621,649,155,256,107,345,23,547,3873,46,29,422,379,553,159,108,0,285,4857,556,198,10,9,411,184,151,3,370,2,1008,55
hsa-miR-4646-5p,7,0,10,9,10,9,6,11,1,598,0,1,53,133,79,19,2,89,94,666,260,0,143,16,17,5,130,17,4,30,0,71,61,16,0,1,12,85,2,218,4,0,353,0,1,0,1289,1,9,2,1,3,9,30,386,0,26,1,2,3,14,50,5,1,699,3,654,26,27,332,6,445,18,9,2,19,38,84,8,109,69,4,101,3,459,114,9,10,18,4,4,13,83,1,1,136,8,60,209,3,0,16,1304,120,6,0,0,18,118,39,0,17,0,324,43
hsa-miR-4647,96,6,2,0,1,1,2,4,2,3,0,0,28,34,4,19,1,14,26,3,43,0,78,2,10,0,0,141,3,26,0,6,31,8,0,3,3,7,12,256,0,0,8,0,4,0,640,0,1,0,0,2,406,9,14,0,0,0,2,7,10,20,28,0,14,0,29,16,74,16,64,17,107,0,1,0,10,124,3,151,9,0,101,35,7,84,0,16,14,2,0,8,121,1,2,169,1,7,0,0,0,1,249,1,2,7,0,0,0,1,0,23,0,16,0
hsa-miR-4648,2231,41,126,6,548,7,194,274,14,552,0,1,12,26,111,61,11,151,329,915,464,3,86,386,166,14,132,108,248,253,26,3,455,127,1,25,146,230,25,825,20,8,437,0,129,2,886,0,6,7,0,10,85,107,716,1,17,0,126,0,534,240,7,359,300,0,738,32,1458,1,218,974,5,29,21,2,273,468,9,362,4,8,6,21,714,180,107,47,14,524,9,91,718,4,10,1823,58,588,215,2,0,164,122,858,156,0,1,210,105,46,5,41,0,375,1
hsa-miR-4649-3p,43,1,36,10,165,125,121,16,10,252,0,4,83,82,44,11,30,309,122,145,642,3,364,116,385,6,105,123,123,17,6,63,124,133,2,0,239,22,13,148,0,1,147,0,103,3,1718,11,12,27,0,8,531,92,546,0,24,4,56,137,103,183,124,66,555,4,2275,460,185,327,126,267,26,72,17,2,44,60,33,377,147,76,9,20,170,174,64,43,41,122,7,84,1298,3,9,339,56,448,70,54,0,17,619,150,116,0,5,172,76,31,0,127,4,87,62
hsa-miR-4649-5p,1000,1,25,1,318,14,9,174,15,1170,36,2,249,362,156,95,55,470,321,1821,1409,4,275,215,320,15,64,164,47,413,2,214,395,124,1,1,167,46,75,353,55,13,128,0,63,28,7413,0,32,10,0,11,61,457,175,16,13,0,310,205,1452,187,14,207,10,11,1346,63,842,613,563,735,50,62,31,73,120,100,6,827,427,25,20,26,455,917,41,25,40,457,38,42,112,6,40,1478,41,600,45,116,0,61,1032,199,108,4,0,152,31,316,3,58,0,238,63
hsa-miR-4650-3p,616,32,378,70,1022,31,1307,789,119,4195,1,22,2398,901,527,109,221,718,2805,7786,6831,20,1736,1719,1379,32,1074,1294,1376,1577,99,441,2307,1985,76,41,1730,2380,271,2450,1,20,1674,1,2698,0,14282,26,159,23,35,366,305,1068,2700,53,203,8,830,1145,594,1664,86,806,1325,263,9584,463,1137,5793,749,6914,1385,299,547,4,476,2387,133,3319,575,277,948,223,2172,1479,407,623,436,2637,133,1634,1049,102,143,1327,939,5025,1307,542,2,791,5676,1771,905,153,342,543,1386,752,17,855,157,2843,582
hsa-miR-4650-5p,741,0,3,0,0,4,30,1,0,571,0,0,59,20,14,1,1,49,0,1,143,1,72,3,60,7,31,62,118,5,0,0,200,0,0,0,74,2,0,8,0,3,31,0,1,0,1247,5,8,2,0,0,1,1,8,0,0,0,0,1,77,63,1,2,87,0,168,9,285,187,6,19,2,23,239,0,48,31,2,3,66,1,2,1,82,3,34,1,45,61,7,5,20,0,0,133,68,3,129,0,1,0,20,108,31,0,0,0,83,68,0,39,1,1,2
hsa-miR-4651,697,14,31,0,3,3,1,0,1,226,0,1,155,69,42,120,45,39,18,186,792,1,3,7,225,1,8,8,4,75,1,589,59,167,1,6,10,10,24,250,0,4,55,0,5,40,369,4,21,0,0,13,56,191,153,0,4,0,147,133,111,23,2,6,7514,0,52,42,61,199,49,642,8,27,136,2,63,72,0,244,116,34,2,1,29,308,42,74,100,314,30,37,47,4,5,846,3,461,28,50,0,2,87,413,5,19,0,81,122,200,4,20,0,14,81
hsa-miR-4652-3p,66,3,39,1,6,13,6,65,2,439,0,0,143,137,16,13,7,64,22,661,76,0,142,387,7,2,10,301,7,19,0,480,17,52,2,1,16,19,6,111,1,30,17,0,130,0,878,8,11,1,0,63,19,35,15,1,4,0,36,27,85,81,9,2,99,1,123,36,139,609,14,347,65,2,7,2,77,11,0,318,28,8,107,2,81,190,121,5,149,51,7,22,94,2,1,489,8,75,20,217,0,75,1384,9,31,1,0,4,45,62,0,16,3,9,16
hsa-miR-4652-5p,3,0,4,0,15,2,2,2,0,1,0,0,81,0,0,1,2,0,0,1,660,1,0,0,0,0,56,54,1,4,0,2,0,2,0,0,5,111,0,11,0,10,1,0,102,0,1394,0,0,0,0,18,2,1,2,0,3,1,1,0,200,0,1,2,0,0,22,6,151,529,9,164,2,0,117,0,23,17,0,5,0,3,0,0,10,2,6,0,12,1,1,4,9,0,1,64,0,2,0,0,0,60,11,0,0,0,0,118,0,1,2,0,0,1,2
hsa-miR-4653-3p,916,3,76,8,190,2,193,200,10,800,1,18,633,228,109,25,43,123,60,378,2876,2,229,53,317,8,343,305,11,161,1,249,111,127,35,2,217,281,51,312,45,0,465,0,245,1,4260,0,22,29,0,23,79,315,343,0,71,18,79,127,607,197,8,50,458,0,2237,64,611,923,259,1021,109,34,193,1,302,363,16,522,143,82,67,3,272,417,55,237,108,222,26,270,681,0,22,926,113,203,292,249,0,43,610,485,115,15,20,29,222,170,2,83,31,197,172
hsa-miR-4653-5p,313,11,82,18,278,0,299,69,36,460,0,2,620,70,182,88,40,269,440,1127,3530,4,341,491,4,6,397,218,237,730,1,206,1039,409,0,51,691,233,89,96,0,0,379,0,334,1,6838,4,57,10,0,9,135,0,576,0,31,0,152,175,1,311,19,185,2,0,2538,119,550,589,34,2195,213,26,50,941,288,591,45,519,101,94,88,0,303,152,122,32,103,608,27,201,154,9,31,290,190,668,0,35,0,280,199,339,188,13,2,2,306,149,1,96,2,467,145
hsa-miR-4654,7,1,13,5,105,5,11,150,18,13970,1,1,26,8,18,55,26,59,149,31,133,4,81,27,4,1,29,48,4,145,2,14980,60,0,3,0,47,0,0,337,0,8,2,0,309,0,743,1,16,0,0,0,174,256,7,0,2,8,412,105,350,56,86,255,340,0,89,79,167,934,164,118,6,0,89,1,27,6,0,561,71,16,4,50,263,1,3,91,697,3,53,15,51,3,24,557,6,305,1,6,0,25,58,331,101,1,0,355,1,602,4,16,1,12,190
hsa-miR-4655-3p,946,5,24,0,244,6,3,10,0,693,140,1,42,33,32,37,20,2,6,18,200,0,1,41,345,8,76,2,0,15,0,0,2,5,41,11,5,55,1,52,0,0,0,0,5,0,700,4,6,0,0,8,7,57,480,1,19,1,1,66,297,21,3,58,106,0,106,12,193,28,23,251,2,0,29,1,31,0,3,390,119,1,5,13,420,231,2,1,13,3,3,119,21,0,9,324,2,139,15,49,0,33,17,0,145,0,0,1,54,80,0,2,0,1,0
hsa-miR-4655-5p,472,4,4,3,1,4,3,93,0,288,0,0,147,2,165,0,2,6,161,11,683,0,1,202,1,1,44,2,5,148,0,4,4,99,0,0,16,6,0,175,0,0,4,0,0,0,521,0,3,3,0,30,19,1,111,0,1,1,0,17,237,46,4,11,61,0,567,521,91,47,20,18,6,2,2,2,3,42,2,78,0,2,3,1,135,145,1,3,4,1,0,56,255,4,12,240,19,246,69,89,0,31,53,0,49,0,46,0,2,0,0,40,2,399,1
hsa-miR-4656,30,0,6,4,1,3,2,1,0,5,0,28,3,108,2,0,27,2,18,212,20,0,84,1,85,1,3,2,2,14,0,1497,31,50,0,0,9,3,1,396,31,4,114,0,0,3,779,8,2,1,0,2,8,0,6,1,0,0,36,2,131,170,2,0,65,53,632,195,152,78,8,17,78,5,5,0,2,167,0,872,43,2,4,0,165,3,0,1,135,3,9,8,33,0,0,191,4,110,29,15,0,53,34,202,312,0,0,0,3,119,0,3,0,23,121
hsa-miR-4657,54,0,1,1,296,4,1,4,0,506,0,0,135,107,152,83,4,14,131,855,658,0,187,2,3,2,2,1,138,86,0,47,4,97,1,1,11,43,34,542,0,0,4,0,2,0,556,0,1,2,0,0,12,127,4,0,6,0,0,2,2,17,6,109,4,0,17,30,119,71,9,15,104,26,5,0,37,100,2,191,145,53,4,0,111,43,10,79,52,27,4,64,54,1,6,228,39,209,76,0,0,1,48,190,191,0,0,51,80,14,0,1,0,2,2
hsa-miR-4658,9,6,17,0,47,0,71,13,18,62,0,8,7,55,20,0,10,126,172,83,93,5,5,6,2,3,11,234,2,6,0,5,4,7,0,0,14,151,0,142,77,1,12,0,1,0,8586,9,21,30,0,9,15,1,6,0,4,0,1,0,146,3,9,17,0,0,533,28,291,494,9,82,174,48,6,1,40,141,5,45,0,5,6,0,16,106,49,0,56,48,0,102,274,1,0,255,91,134,69,99,0,68,789,180,7,1,1,139,14,8,1,6,0,2,4
hsa-miR-4659a-3p,367,0,62,4,107,1,20,157,19,381,1,23,131,54,38,54,23,76,216,707,804,4,71,72,70,4,139,52,26,183,0,58,128,24,0,1,87,38,24,252,30,0,3,0,130,0,10814,20,11,0,0,35,90,28,92,0,22,12,3,110,93,71,1,14,3,0,88,23,191,166,53,1243,3,0,0,2,31,2,15,123,17,16,184,11,83,54,109,64,25,48,5,142,48,7,1,104,34,159,0,0,0,90,66,0,25,10,2,62,63,37,3,61,0,153,12
hsa-miR-4659a-5p,41,0,0,0,45,2,0,2,0,289,0,0,1,3,2,0,1,43,44,135,10,0,19,4,44,3,1,1,7,72,0,2,1,0,0,0,40,27,0,5,0,0,0,0,1,0,120,8,0,4,0,23,6,35,40,0,9,0,1,41,98,33,1,12,1,0,11,5,24,92,5,147,1,33,2,1,16,4,2,42,12,0,0,2,90,8,6,33,8,1,0,3,9,0,6,74,0,31,45,0,0,1,23,1,1,0,1,0,0,27,0,0,0,76,17
hsa-miR-4659b-3p,42,0,1,0,18,2,1,0,1,593,0,0,2,4,2,1,1,1,48,166,7,2,0,2,73,1,3,0,30,104,0,0,1,3,1,0,55,23,0,6,0,0,2,0,0,0,163,8,0,5,0,16,4,29,44,0,9,0,2,46,45,36,0,15,0,0,7,7,8,39,5,148,0,0,0,0,5,0,5,18,12,1,2,0,84,9,10,10,5,2,6,2,7,0,0,62,2,43,45,1,0,2,17,2,1,0,0,2,1,40,0,0,0,75,10
hsa-miR-4659b-5p,435,0,80,4,164,2,12,195,26,532,0,23,174,60,59,16,20,87,262,777,897,4,70,69,47,1,119,70,16,172,0,75,136,16,0,0,77,27,29,342,31,0,5,0,167,0,12408,25,15,1,0,37,109,31,125,0,21,19,2,65,106,54,3,21,0,0,100,21,88,233,52,1373,3,0,3,1,47,5,9,137,21,19,223,12,96,78,137,84,32,55,12,156,54,12,3,125,21,182,2,1,0,104,65,4,28,13,1,98,51,61,2,65,0,186,16
hsa-miR-466,6,1,0,0,36,0,0,0,0,4,0,0,3,6,10,2,1,3,4,5,7,0,4,10,1,0,2,2,3,8,0,29,193,1,0,0,2,16,17,4,0,0,1,0,77,0,16,0,16,0,0,0,9,0,99,0,0,0,43,2,1,1,5,4,3,0,478,28,10,1,6,1,1,0,2,5,1,115,1,45,0,2,5,0,1,66,0,86,33,1,0,7,856,1,0,31,1,175,2,0,0,18,678,114,0,0,0,1,91,1,0,42,0,53,0
hsa-miR-4660,656,0,17,2,303,3,49,80,23,553,0,7,12,165,100,33,26,118,175,16,542,0,270,113,223,11,65,120,87,535,1,788,129,81,0,2,346,12,32,107,1,12,84,0,95,0,2295,7,10,34,0,49,74,71,52,0,9,0,3,78,117,230,11,5,253,0,2276,62,329,12,117,678,178,33,74,2,89,100,17,271,70,34,133,35,271,120,80,34,105,293,7,53,137,2,11,701,95,253,2,74,0,126,1218,1,161,1,3,2,89,39,3,97,30,1,34
hsa-miR-4661-3p,97,0,40,0,0,2,26,1,0,198,0,0,44,46,7,46,1,1,0,1,578,0,41,1,153,68,2,1,2,7,0,3,3,32,0,0,2,0,0,4,0,0,3,0,0,0,311,0,8,0,0,0,1,0,4,0,5,0,16,50,178,0,0,1,1,0,14,8,291,1,5,81,0,12,1,0,1,55,11,198,0,1,19,0,206,38,0,0,17,81,2,1,6,1,0,141,0,84,1,1,0,9,15,1,29,0,0,0,0,29,1,1,0,2,0
hsa-miR-4661-5p,93,0,24,1,3,0,48,4,1,244,0,0,143,7,0,1,0,3,0,6,8,0,15,4,243,65,0,2,2,4,0,1,5,3,0,0,5,1,6,7,0,0,4,0,1,0,312,1,8,0,0,0,2,0,4,0,6,0,14,74,194,3,2,4,2,0,8,5,106,272,7,99,1,6,82,1,2,58,10,0,1,1,26,0,57,52,1,0,13,77,0,0,10,1,1,104,1,63,2,126,0,12,11,2,12,0,0,3,2,6,0,0,0,4,0
hsa-miR-4662a-3p,171,6,385,31,1043,13,965,408,68,2751,56,94,1290,1627,604,261,423,1285,1245,2573,8825,8,1312,1924,1506,144,1448,826,803,2426,2,687,1830,546,9,1,1576,1024,117,1900,56,6,940,0,1223,9,9380,22,155,48,1,35,754,183,2222,18,174,41,386,531,493,903,400,663,768,72,8582,506,509,1450,402,8256,981,261,267,1,996,1785,58,1559,220,440,844,153,521,661,463,157,254,697,39,1398,3217,68,20,1517,562,3404,488,204,2,700,7556,887,328,8,16,348,283,414,0,518,23,857,100
hsa-miR-4662a-5p,3,0,1,0,16,0,6,4,0,50,0,0,0,10,29,5,38,1,16,59,42,0,8,55,56,0,14,9,14,44,0,0,4,0,0,1,2,65,0,108,0,0,21,0,20,0,80,1,2,0,0,6,6,5,5,0,4,1,0,0,0,0,0,1,133,0,81,6,112,181,8,207,10,2,0,0,19,51,0,115,1,6,1,20,24,10,36,68,4,7,9,9,29,5,0,34,27,28,0,9,0,9,433,1,4,1,2,16,51,93,0,4,0,15,8
hsa-miR-4662b,165,11,437,30,1091,16,944,515,90,3182,61,74,1326,1601,597,259,519,1209,1454,2208,9038,6,1338,1851,1587,125,1464,862,795,2562,0,672,1834,574,13,1,1516,1172,96,2123,55,5,1063,1,1289,13,9700,31,195,38,1,47,741,259,2214,26,178,40,344,355,521,952,438,725,893,72,9028,474,708,1684,422,8300,1081,281,222,4,1069,2002,78,1791,203,504,802,161,533,659,547,262,264,791,63,1404,3267,90,42,1597,586,3574,469,223,1,760,8301,845,353,16,30,467,311,425,2,468,29,872,97
hsa-miR-4663,10,4,71,5,104,527,39,158,12,579,0,2,74,144,104,44,18,166,641,98,4107,1,97,170,358,14,91,272,202,420,1,727,549,139,0,16,662,21,7,120,54,7,120,1,90,0,3033,18,0,19,1,48,69,82,445,0,3,0,87,70,31,244,20,106,1,0,439,78,145,104,272,63,218,1,2,105,70,206,14,481,36,19,94,4,499,155,86,7,96,174,7,204,2666,3,39,287,40,393,119,1,0,180,1813,263,183,1,2,13,1,81,0,117,1,2,100
hsa-miR-4664-3p,774,50,7,0,231,3,118,120,6,433,0,4,745,131,62,18,41,264,70,1361,954,1,163,264,123,4,147,209,86,37,0,616,16,142,17,0,18,81,32,23,0,11,239,0,209,0,2290,12,13,3,0,23,21,54,17,1,21,0,277,64,200,26,3,100,656,0,324,64,269,332,189,903,53,74,29,1,91,20,16,488,77,80,48,7,356,202,1,90,76,144,18,60,787,4,35,655,55,176,149,106,1,28,363,144,110,0,15,149,32,106,1,105,3,82,17
hsa-miR-4664-5p,4631,0,7,0,539,18,6,5,7,1257,1,0,167,180,172,91,7,118,266,2583,163,5,25,30,322,25,82,8,28,786,12,168,145,59,62,43,14,13,29,314,2,4,251,0,12,0,2177,11,21,2,35,128,772,30,282,0,1,0,61,402,1476,226,10,4,3,123,30,1096,2873,714,1438,497,100,48,1,0,113,54,16,157,72,5,9,1,319,701,1,247,49,180,24,8,100,26,26,3113,28,143,187,61,0,15,102,574,8,53,0,260,3,220,0,53,16,458,109
hsa-miR-4665-3p,1238,3,114,16,62,17,10,7,10,1554,0,0,284,156,77,94,3,61,150,477,30,0,212,5,469,22,9,12,5,266,1,419,4,128,1,3,47,7,93,408,0,1,116,0,84,0,2590,7,17,100,1,37,73,95,23,5,0,0,37,60,290,145,8,75,294,1,14,70,1292,1288,2011,126,5,124,52,647,20,6,42,996,125,5,3,11,216,420,2,178,153,636,41,9,488,6,34,1398,3,51,129,55,0,5,65,282,164,42,0,115,62,248,0,3,33,141,107
hsa-miR-4665-5p,1303,7,28,2,172,10,33,77,15,394,2,1,437,317,92,66,11,45,283,647,127,5,78,322,188,691,69,6,101,517,0,215,10,344,2,3,38,7,29,230,1,1,87,0,90,42,9101,17,7,0,1,16,18,341,225,0,13,0,584,269,930,286,16,80,285,1,3021,60,2399,424,1137,1620,149,122,105,429,111,7,18,1418,362,101,29,2,848,654,19,40,70,276,25,100,81,0,57,1889,138,281,85,420,0,59,96,631,246,0,0,99,59,127,6,159,2,58,205
hsa-miR-4666a-3p,193,1,88,45,487,4,259,41,30,892,0,17,512,254,244,13,37,391,459,1689,1050,3,226,458,904,14,328,226,119,1418,11,86,281,410,3,0,411,287,103,1254,48,1,324,1,561,0,4676,2,30,49,0,57,645,250,227,0,57,38,401,106,123,301,11,258,342,0,2436,114,194,125,503,1788,335,99,99,1,236,397,27,992,50,46,141,10,379,329,214,63,17,294,17,244,242,10,5,299,81,834,43,211,0,200,3392,379,186,2,1,288,143,95,1,135,16,211,3
hsa-miR-4666a-5p,173,2,117,31,509,4,234,137,23,928,0,21,478,214,256,14,53,395,407,1693,958,0,223,513,875,19,328,198,130,1514,12,114,301,399,0,0,371,311,100,1188,41,0,327,1,539,0,4353,4,28,49,0,56,602,169,215,1,64,29,351,115,109,282,22,234,292,0,2385,100,215,128,470,2264,312,91,102,0,217,461,36,1072,53,57,144,14,386,253,204,51,17,212,16,236,274,14,6,265,79,718,50,202,0,168,3328,378,178,1,4,322,163,88,4,123,17,179,2
hsa-miR-4666b,7,1,5,0,2,565,5,4,1,324,0,2,11,175,1,36,65,47,17,10,42,1,7,160,5,0,4,11,5,9,0,20,7,102,0,43,5,41,2,490,0,0,143,0,1,0,192,0,18,0,0,0,269,5,6,1,13,4,9,6,54,4,5,4,75,0,1455,31,144,4,10,670,126,0,25,1,8,113,9,72,25,78,5,0,5,22,51,4,1,3,1,113,89,5,1,101,5,340,5,29,0,3,64,6,7,1,0,3,3,2,0,136,6,7,34
hsa-miR-4667-3p,40,2,1,0,0,2,0,41,2,662,0,0,114,1,9,11,0,1,3,3,8,0,16,1,62,3,3,15,1,9,1,3,1,28,0,0,1,39,0,6,23,0,1,0,0,0,413,1,2,1,0,8,19,43,91,0,1,0,184,9,80,20,110,68,4,0,2,23,188,50,7,133,4,22,50,0,26,1,0,450,67,24,3,0,0,217,1,0,5,139,3,2,8,1,0,136,2,157,58,2,0,2,13,95,62,0,0,1,0,45,2,2,0,3,10
hsa-miR-4667-5p,106,0,1,0,139,1,60,2,0,580,0,0,1,4,6,0,2,49,2,1,514,0,71,3,0,0,0,1,89,8,0,0,2,0,0,0,3,139,0,95,0,0,49,0,0,0,238,0,2,0,0,0,6,21,1,0,0,0,12,1,1,6,1,0,1,0,573,8,117,268,6,194,5,0,1,1,2,1,0,25,26,2,3,1,6,1,0,1,15,0,1,1,20,0,1,63,2,1,0,141,0,2,661,0,0,0,0,16,0,54,0,0,0,0,35
hsa-miR-4668-3p,9,0,4,0,3,1,63,2,0,193,0,0,5,12,61,23,28,84,81,4,20,1,43,182,240,91,2,142,3,346,0,1,79,53,1,0,5,58,0,88,21,0,2,1,22,0,659,3,10,0,0,7,11,2,4,0,1,0,0,0,18,4,4,1,0,0,319,19,1,0,7,20,31,71,0,0,3,73,3,2,1,4,3,2,78,137,0,2,2,1,1,199,52,1,0,44,59,52,0,0,0,2,1561,2,0,0,0,0,2,19,0,1,0,1,33
hsa-miR-4668-5p,242,5,4,2,54,2,22,8,2,115,27,0,8,113,15,13,41,70,60,210,24,2,130,172,529,8,9,98,3,13,0,28,151,25,1,0,218,4,0,115,22,0,29,0,13,1,1384,0,0,0,0,16,7,85,8,0,32,1,15,274,58,184,2,4,1,0,394,46,29,1020,117,202,29,7,32,1,17,91,27,71,48,3,79,0,215,229,8,1,12,193,7,8,36,1,10,71,18,146,103,109,0,45,49,1,1,0,0,283,98,79,0,2,31,89,70
hsa-miR-4669,897,22,5,0,80,6,41,78,0,173,1,0,189,59,14,161,76,8,28,144,417,0,5,156,209,5,70,2,5,14,1,658,7,20,0,4,10,3,12,130,1,0,2,0,1,0,845,5,5,7,2,10,26,147,16,1,0,0,75,100,422,436,3,92,1,78,22,60,208,122,63,21,4,0,0,277,14,2,5,127,54,2,58,1,223,253,59,87,66,98,71,23,568,3,9,670,1,20,27,0,0,3,193,67,133,10,0,142,1,123,2,26,0,50,63
hsa-miR-4670-3p,1,0,1,0,0,0,1,0,0,290,0,0,0,0,5,0,28,34,16,1,7,0,22,2,0,0,0,0,27,3,0,1,1,14,0,0,0,1,0,70,0,0,0,0,0,0,178,0,1,1,0,0,1,0,3,0,0,0,0,0,1,0,0,0,129,0,4,3,0,1,43,6,0,8,0,0,0,1,8,87,19,0,36,0,28,0,1,0,0,32,0,0,3,0,5,0,37,13,23,0,0,0,5,0,0,0,0,0,0,1,0,0,0,0,0
hsa-miR-4670-5p,0,0,0,0,0,0,1,0,0,253,0,0,1,2,11,0,22,25,17,1,5,0,31,0,0,0,0,1,26,6,0,0,1,42,0,0,2,0,0,58,0,0,0,0,0,0,132,0,0,1,0,0,1,0,0,0,0,0,0,0,0,0,0,1,144,0,1,1,0,1,53,4,0,30,1,0,0,2,11,62,8,0,36,0,18,0,1,0,2,47,0,0,4,0,2,2,27,57,56,0,0,0,6,0,1,0,0,0,0,0,0,0,0,0,1
hsa-miR-4671-3p,2,0,37,0,0,2,74,8,0,1,0,0,3,1,2,0,0,109,2,4,14,1,1,1,0,0,3,5,0,1,0,0,22,0,0,0,4,47,0,1,0,0,9,0,1,0,785,0,0,0,0,10,1,1,2,0,0,0,0,0,0,1,0,1,0,0,16,5,3,3,3,13,83,8,0,0,1,1,0,3,0,0,4,0,0,1,28,0,0,1,3,1,7,0,0,53,0,4,0,0,0,0,12,1,0,0,0,0,1,0,1,17,0,0,0
hsa-miR-4671-5p,590,0,144,1,1,1,23,2,11,972,0,0,159,112,1,52,0,2,1,860,6,0,3,2,3,1,0,1,89,23,0,129,5,0,0,2,1,5,16,6,0,0,0,0,44,0,24,0,12,1,0,29,166,119,11,1,1,0,96,2,245,88,404,2,2,0,281,14,145,269,203,2,2,0,4,0,89,3,0,625,1,2,1,0,1,226,0,0,168,143,5,3,67,0,22,921,1,4,35,0,0,15,51,233,2,0,0,1,2,2,0,3,57,220,1
hsa-miR-4672,326,1,1,0,0,2,0,3,1,0,1,0,3,52,16,0,0,0,5,1,7,0,190,3,0,1,1,5,1,146,0,1,2,53,0,0,3,2,1,2,0,0,1,0,0,0,641,0,0,0,14,0,4,0,4,0,0,0,0,87,79,5,1,1,1,0,8,5,60,2,116,17,3,0,0,0,1,18,1,0,89,1,1,0,0,10,2,0,0,175,0,2,18,1,8,136,39,156,1,0,0,0,18,0,0,0,0,0,0,0,0,0,0,0,0
hsa-miR-4673,1496,22,6,2,30,9,21,94,14,550,1,3,6,306,50,95,7,60,310,938,715,11,2,11,788,20,16,9,8,666,1,8,52,184,1,41,241,123,30,1467,0,18,44,1,11,53,4494,11,24,0,0,50,104,39,35,2,10,0,6,26,2201,146,3,6,74,1,881,26,1876,1753,188,424,38,55,4,2,60,141,26,980,31,10,92,2,430,822,50,26,15,575,21,134,74,29,8,1760,87,368,3,460,0,50,328,154,258,1,1,8,23,238,3,28,1,330,41
hsa-miR-4674,723,0,35,12,88,4,3,3,11,366,0,0,52,65,47,34,2,10,28,517,21,0,2,4,174,7,66,1,67,166,1,71,4,48,1,0,174,1,35,274,113,0,2,0,39,67,1042,0,0,16,0,10,5,84,83,0,1,0,33,174,363,273,3,179,18399,63,17,42,612,115,142,308,6,45,4,451,82,83,1,1124,51,3,0,17,343,258,20,88,20,240,10,4,29,7,20,638,0,7,28,240,0,3,41,3,78,0,2,276,4,127,2,28,0,527,14
hsa-miR-4675,40,0,2,0,1,1,0,2,0,397,0,0,33,46,22,1,3,1,4,263,18,0,67,48,4,3,24,126,2,4,0,1,83,35,0,0,5,1,2,8,0,1,2,0,1,0,182,10,13,1,0,0,36,58,52,0,14,0,25,1,0,1,2,0,9,0,956,17,2,51,5,291,38,0,0,0,4,33,0,62,69,2,77,0,66,0,54,1,4,2,2,5,34,4,0,79,75,524,34,0,0,2,36,1,75,0,0,0,139,30,1,27,1,237,24
hsa-miR-4676-3p,0,0,0,0,1,0,0,1,20,217,0,17,136,76,0,0,2,4,0,0,2,0,1,1,2,0,1,2,29,4,0,0,2,0,0,0,0,1,1,2,0,0,1,0,1,0,195,0,2,0,0,0,2,1,0,0,0,0,0,1,0,3,0,1,4,0,17,11,78,4,80,5,108,0,0,321,0,0,0,95,23,1,40,0,74,4,4,0,13,61,0,15,10,0,2,200,0,3,0,4,0,0,12,0,0,0,0,177,86,1,0,0,0,0,13
hsa-miR-4676-5p,61,0,0,0,62,2,0,0,0,6,1,0,119,4,9,10,1,0,3,2,6,0,0,1,1,0,0,2,1,7,0,75,32,0,0,0,0,3,4,7,0,3,67,0,4,0,14,0,1,0,0,12,89,0,2,0,0,0,206,1,88,6,3,227,53,0,4,63,34,4,9,2,4,0,0,0,30,2,0,260,28,0,18,1,136,53,1,0,21,25,8,1,27,6,1,310,0,5,13,68,0,0,636,0,83,0,0,2,34,30,0,2,0,0,1
hsa-miR-4677-3p,1,0,6,0,1,1,1,2,0,196,0,0,68,2,3,48,4,68,22,2,3,0,1,4,1,1,8,0,12,3,0,3,2,12,0,0,1,1,0,32,0,0,1,0,2,0,2,0,8,1,0,0,7,20,5,0,0,0,0,7,1,0,0,1,1,0,114,84,247,22,5,3,0,18,1,0,0,2,0,0,348,62,98,0,0,1,0,0,0,75,10,0,95,3,2,32,33,159,12,0,0,10,15,654,0,1,0,0,12,55,0,5,0,1,0
hsa-miR-4677-5p,156,1,1,1,73,2,1,0,8,498,0,0,2,2,26,0,43,2,106,7,15,1,71,91,150,2,6,4,66,311,0,1,29,24,0,1,174,134,0,132,0,0,2,0,0,0,272,0,28,2,0,24,2,117,222,0,0,0,0,0,188,153,0,0,2,0,19,13,228,537,7,24,1,50,1,1,20,46,0,89,95,24,88,0,373,82,52,0,44,139,5,114,24,0,4,211,24,71,169,1,0,36,29,1,105,0,0,2,50,73,0,48,15,663,50
hsa-miR-4678,5,0,4,0,1,0,4,2,0,111,0,0,60,3,0,40,3,5,55,1,666,0,1,5,5,1,4,9,3,7,0,3,5,1,0,0,4,0,1,32,0,1,2,0,3,0,477,0,0,3,0,0,3,1,1,0,2,0,2,1,6,3,0,1,0,0,102,3,2,89,0,181,3,1,0,2,1,1,0,1,0,2,0,1,145,4,2,1,0,1,3,2,10,0,0,20,23,204,36,1,0,7,35,48,1,0,0,1,3,118,0,69,0,262,0
hsa-miR-4679,119,4,4,5,144,4,2,11,0,354,0,0,60,51,30,0,87,4,0,2,6,0,0,3,0,0,110,1,1,8,0,84,2,75,0,2,2,38,0,12,0,0,0,0,0,0,4,0,2,4,0,19,6,263,12,0,33,0,1,0,180,1,1,0,277,0,257,7,306,51,307,9,0,19,72,0,62,0,0,1,38,1,148,0,115,228,0,0,18,2,1,1,10,0,26,122,0,88,101,0,0,0,12,296,55,0,0,0,46,0,0,0,0,209,0
hsa-miR-4680-3p,25,0,75,0,4,4,3,2,2,39,0,0,4,3,18,0,0,6,1,642,15,0,1,93,15,29,13,1,3,306,0,2,1,61,0,1,3,120,23,32,0,3,5,0,0,0,171,0,3,0,0,0,4,105,14,0,1,1,40,0,5,5,0,14,39,0,20,26,105,33,115,78,2,3,5,0,2,3,0,334,26,1,1,0,177,251,1,0,3,34,1,40,15,0,7,91,5,6,26,3,0,4,27,4,37,0,1,11,4,26,1,4,1,17,19
hsa-miR-4680-5p,277,0,30,0,2,1,1,23,8,0,0,0,165,8,10,0,1,9,2,551,230,0,7,17,2,1,1,131,6,329,0,2,70,0,0,0,3,24,0,5,0,0,3,0,0,0,61,0,1,0,0,0,18,33,7,0,0,1,1,78,1,10,9,0,0,0,7,33,202,384,4,8,4,0,1,0,1,8,0,90,3,0,33,0,0,161,7,42,11,0,8,0,3384,2,0,88,25,80,3,1,0,0,89,0,1,0,0,0,112,40,0,13,0,2,25
hsa-miR-4681,271,0,2,14,224,1,3,5,1,7,0,8,55,149,48,58,1,3,15,5,675,1,1,25,0,283,6,2,34,8,1,6,0,0,0,0,3,2,14,13,0,0,2,0,1,18,702,0,8,4,0,11,87,4,8,0,13,0,209,17,260,52,3,2,0,0,13,6,163,90,15,18,64,26,183,1,5,21,28,176,1,83,2,1,161,176,2,0,15,197,0,18,13,1,10,312,81,6,97,0,1,5,390,2,44,0,0,104,1,0,1,3,0,1,0
hsa-miR-4682,1956,9,6,20,221,5,46,88,23,364,1,0,147,130,27,14,4,9,203,1345,37,4,121,10,466,7,58,15,7,22,11,8,14,1,1,18,7,116,49,976,0,4,129,0,16,48,2063,0,17,0,0,49,120,3,112,1,1,1,101,222,669,65,174,4,151,1,21,98,1551,337,223,126,36,88,4,5,60,11,28,122,73,6,14,1,201,464,0,132,29,226,18,40,68,12,7,877,2,8,82,1,1,5,1197,1,61,0,0,2,171,259,5,176,1,0,1
hsa-miR-4683,84,6,412,52,1222,155,630,832,42,5495,33,30,1920,1896,774,169,214,2077,1940,2744,9951,10,1636,2517,1527,240,997,2179,559,2849,14,1797,2471,555,9,15,1233,2405,135,3693,34,15,1481,2,878,15,10867,48,88,25,19,102,544,274,1627,23,83,64,197,222,658,1325,285,337,419,112,15678,1051,636,1829,408,9361,1211,173,87,530,1231,2401,115,1703,151,387,1311,72,1294,765,887,403,887,1315,75,1417,7353,73,59,1623,587,4778,324,284,1,1299,12882,796,457,24,53,415,426,680,4,919,47,501,190
hsa-miR-4684-3p,1316,3,5,21,47,10,6,34,39,1061,1,0,170,238,12,132,3,228,75,363,32,0,62,37,362,13,108,48,6,23,2,313,5,129,0,34,6,43,54,25,40,1,2,0,73,23,1798,4,19,6,0,26,364,98,20,0,0,0,198,326,347,68,217,155,103,0,16,28,983,489,123,462,36,36,239,1,107,4,43,549,336,72,218,1,178,663,0,92,243,350,21,7,160,20,17,1913,14,165,149,105,0,2,75,308,238,0,35,215,73,234,0,2,42,266,87
hsa-miR-4684-5p,4,0,3,1,0,578,1,4,2,1,0,0,3,0,60,22,5,2,1,0,25,1,1,103,1,1,32,7,0,2,0,1,2,0,0,18,7,8,0,1,0,7,2,0,0,0,602,0,0,0,0,8,298,0,4,0,32,0,0,0,70,0,1,1,0,0,523,6,106,0,9,599,1,0,36,0,36,131,0,0,0,1,1,17,1,36,28,0,22,0,0,29,55,0,0,36,0,5,0,0,0,1,16,0,34,1,1,31,0,0,0,18,7,0,0
hsa-miR-4685-3p,108,0,0,0,0,0,1,1,0,3,0,0,3,3,33,0,0,4,0,3,3,0,3,97,1,0,0,1,62,3,0,4,3,0,0,0,1,0,18,0,0,0,28,0,1,0,565,0,8,0,0,4,0,0,5,0,0,0,0,17,1,1,1,1,1,0,2,5,181,96,59,146,1,0,0,0,5,0,0,30,0,0,0,0,14,46,0,71,0,2,5,2,15,0,3,92,0,2,22,0,0,0,12,87,0,0,1,0,0,92,0,22,0,0,5
hsa-miR-4685-5p,220,4,68,0,7,18,5,148,1,1832,1,0,130,17,29,144,5,8,106,828,30,1,203,67,17,11,29,49,159,268,1,180,234,36,7,0,8,10,79,113,0,0,11,0,28,76,1419,6,31,5,1,8,34,5,23,0,0,0,161,357,543,222,6,20,10928,101,297,87,361,5088,263,289,7,146,164,11,95,16,22,1142,6569,8,2,0,1645,330,6,3,74,2174,18,35,78,29,21,1113,0,263,225,100,0,5,88,9,32,0,1,155,57,81,1,41,1,81,108
hsa-miR-4686,935,3,71,13,55,9,6,36,57,6130,0,1,50,61,196,1,11,32,121,2385,49,4,27,162,521,7,18,32,44,658,29,3095,290,399,4,40,205,112,64,3915,1,33,119,0,18,31,1859,48,25,7,1,177,90,302,19,2,6,20,621,251,804,261,254,121,265,0,44,2236,1070,1836,505,245,38,131,9,0,4,31,36,2264,4,5,44,9439,1647,669,19,374,766,518,64,135,1987,21,58,746,7,339,491,2361,0,10,1573,681,992,1,0,71,228,441,1,108,0,324,569
hsa-miR-4687-3p,22789,441,8944,435,5512,4945,5159,11844,989,13110,163,1687,57371,1833,5700,822,7829,3675,1713,15108,39434,252,3008,7244,3362,448,24841,6146,10859,2839,150,25507,7266,7106,121,342,9985,3285,535,4956,846,158,12769,10,57161,221,139674,2469,646,2575,12,2369,16020,17575,6971,276,837,355,4208,5334,16563,10003,1452,13370,26633,861,83112,36189,16903,104365,8235,89116,6198,1540,5028,11965,17203,12872,1584,12425,11152,20113,14024,3200,17833,14920,627,15664,7012,7981,587,18061,25180,1711,370,26565,2951,6505,30716,2722,12,2684,115224,8064,8288,1434,2127,2519,15163,4105,58,5780,130,35440,6001
hsa-miR-4687-5p,790,55,12,0,3,9,118,4,10,735,0,0,334,585,196,178,6,11,260,167,91,0,58,157,31,9,24,262,8,17,0,11,5,2,2,1,19,79,21,138,0,2,195,0,5,0,5719,0,16,2,1,22,185,156,34,0,0,1,19,204,694,35,7,294,217,2,90,48,640,231,222,139,9,5,154,1,6,9,11,446,216,7,8,31,424,733,9,0,63,67,33,28,263,0,11,912,16,17,89,2,0,9,84,39,126,0,0,6,20,380,0,65,1,258,2
hsa-miR-4688,11,5,57,0,23,1,3,1,12,6,0,0,156,19,56,2,5,204,87,9,593,1,8,5,2,4,3,2,3,61,0,1,39,180,0,0,7,4,0,242,0,5,17,0,2,0,1607,1,0,1,0,35,35,0,318,0,2,1,0,1,28,48,4,3,94,0,28,54,58,605,9,174,1,0,2,2,4,52,10,299,47,3,4,4,170,40,1,1,13,54,9,73,20,0,0,311,2,47,143,0,0,90,32,2,0,0,0,2,191,76,0,12,16,71,0
hsa-miR-4689,597,4,136,3,151,5,36,50,3,1181,0,8,557,96,35,62,8,107,141,417,392,0,14,185,76,8,210,198,134,84,0,1562,75,20,14,0,188,298,24,61,0,4,46,0,30,0,1179,12,60,41,0,23,164,54,226,0,17,0,151,310,81,143,13,18,17,1,541,74,147,398,94,1221,110,128,161,3,14,150,34,431,101,33,91,43,273,245,20,75,73,366,27,15,756,35,21,582,69,404,38,0,0,37,92,43,298,33,0,57,49,146,12,41,1,132,199
hsa-miR-4690-3p,49,0,0,0,1,0,1,0,0,1,0,0,2,114,0,0,1,0,46,1,6,0,1,1,0,0,1,55,1,5,0,3,2,0,1,0,1,3,0,5,0,0,1,0,0,0,254,0,1,0,0,0,3,0,2,0,0,0,0,0,1,1,0,0,186,0,4,5,86,279,6,1,0,0,1,0,3,1,9,83,0,0,1,3,62,25,11,0,7,3,1,1,71,0,3,170,0,4,8,0,0,12,20,0,0,0,0,60,1,14,0,12,0,0,1
hsa-miR-4690-5p,8,0,0,0,1,2,8,4,0,1700,0,0,2,1,8,7,1,4,0,3,10,0,11,133,123,8,3,0,0,22,0,80,3,0,0,0,2,4,0,17,0,0,2,0,3,0,132,0,18,0,0,1,2,0,2,0,0,0,0,2,50,12,1,1,58,0,513,2,121,9,15,249,0,0,25,1,7,47,10,425,18,4,1,0,109,121,52,41,25,3,11,3,20,0,2,431,1,0,0,0,0,0,66,3,0,0,0,20,14,105,0,2,0,5,88
hsa-miR-4691-3p,6,1,5,0,42,0,3,14,0,6,0,1,1491,178,91,23,9,19,90,359,521,0,62,158,327,5,99,134,35,670,0,51,45,36,0,0,5,20,0,9,30,0,8,0,58,0,243,8,4,2,1,8,67,2,441,0,2,0,1,0,1,17,10,0,0,3,1417,112,26,130,7,45,19,0,0,0,115,7,5,118,0,5,141,2,24,42,14,432,34,0,5,45,796,0,1,117,4,240,131,418,0,94,1153,1,3,0,2,1,34,87,1,66,0,365,0
hsa-miR-4691-5p,648,5,297,10,680,33,313,6435,23,2483,7,13,1344,3347,2006,7,199,17662,2047,582,4063,16,1100,2907,578,95,637,2153,302,3343,12,510,5562,101,6,6,591,1345,37,3895,90,6,2966,2,886,5,16548,3,79,5,9,71,654,71,1071,3,58,4,57,88,1732,619,115,81,176,147,31631,484,486,608,424,13369,2018,108,413,91,905,2438,26,945,35,227,979,50,263,1071,1375,182,68,448,27,725,1251,98,23,897,576,6300,96,619,0,2469,12460,478,369,16,40,39,31,474,2,899,9,97,275
hsa-miR-4692,5,0,0,5,0,1,0,0,1,2,0,0,2,3,4,5,1,59,2,1,0,0,8,140,2,1,1,7,4,3,0,0,4,55,1,0,0,6,0,3,0,0,32,0,2,0,138,0,7,0,0,6,10,36,48,0,0,1,26,0,136,10,5,0,53,0,5,22,277,0,2,4,1,0,0,0,15,1,0,206,65,1,4,22,0,4,25,0,0,93,3,1,1530,1,0,54,1,30,25,1,0,0,38,89,0,0,0,0,0,70,0,18,0,17,44
hsa-miR-4693-3p,23262,134,1030,429,4412,1472,2032,1643,1126,31462,213,292,8429,16182,1136,21964,1770,4554,2752,21742,13988,101,4184,4791,16393,2872,3879,4805,4121,22481,171,1665,6439,5403,157,355,6017,5581,4877,56014,499,229,8172,26,1632,404,48204,850,3768,600,158,870,13622,12242,8337,366,425,329,15275,8936,12656,15433,5478,21058,12466,242,19771,109963,34664,15659,57275,12165,2523,2168,9800,1742,2974,3978,22313,20623,13439,1432,3279,2183,8204,19474,813,4094,13069,14249,2823,2665,40125,2090,4017,152706,1140,8761,7041,3534,4,1326,54076,10869,14809,92,664,14007,10565,17858,219,1250,158,13957,13262
hsa-miR-4693-5p,321,0,5,1,73,7,87,4,5,62,0,2,119,57,97,47,4,50,3,27,30,0,78,97,187,13,13,118,10,50,0,7,15,5,0,0,110,29,15,549,0,2,13,0,128,1,1658,9,8,1,0,1,49,10,12,0,8,0,23,6,21,45,12,28,21,0,53,185,266,699,92,44,94,4,9,5,54,74,30,60,172,5,126,5,108,112,2,6,26,26,3,8,113,8,6,162,35,285,13,7,1,7,1372,12,14,0,1,16,74,14,0,22,0,21,15
hsa-miR-4694-3p,1,0,2,0,81,0,0,0,0,53,0,0,3,5,1,0,0,0,2,1,543,0,0,1,0,0,5,0,1,52,0,1,1,1,0,0,2,13,5,39,0,0,0,0,0,0,12,1,8,0,0,6,0,0,0,0,0,0,0,0,59,0,0,0,0,0,164,2,0,3,2,54,0,73,0,0,1,0,0,1,45,0,0,0,0,3,1,27,5,1,3,10,12,0,3,10,3,11,0,0,0,2,6,1,4,0,0,1,0,20,0,1,0,338,1
hsa-miR-4694-5p,6,0,1,0,0,1,0,1,0,3,0,0,2,2,1,0,2,0,1,1,11,0,0,2,1,2,51,0,2,81,0,2,2,0,1,0,3,2,1,54,0,0,29,0,1,0,248,0,3,2,0,4,1,0,2,0,1,0,0,1,79,9,0,2,0,0,108,5,4,2,2,7,2,89,1,0,1,42,0,158,0,1,0,35,0,206,34,0,55,0,0,1,16,0,0,11,7,2,162,0,0,13,284,93,0,0,0,0,94,0,0,24,24,2,0
hsa-miR-4695-3p,117,0,67,2,98,11,246,115,10,876,0,2,636,614,344,62,105,570,414,924,2469,10,193,472,283,152,680,186,291,970,0,1070,649,61,2,0,317,487,15,916,14,0,116,0,541,5,4335,6,44,45,0,9,902,74,1036,0,9,3,103,275,82,186,27,515,112,0,3474,1138,354,353,908,2419,265,86,123,2,220,242,25,389,28,65,92,6,670,121,178,225,100,126,13,237,1808,34,22,219,142,2795,317,47,0,215,6145,2,242,17,10,103,71,147,5,161,1,303,68
hsa-miR-4695-5p,708,13,72,6,18,8,45,155,11,1148,2,1,357,288,151,39,10,177,131,212,709,1,422,299,304,234,421,434,31,404,0,36,383,28,1,38,134,109,64,307,2,3,51,0,33,0,1775,9,21,13,0,36,166,133,125,0,13,0,252,23,89,152,23,11,62,2,1908,91,374,91,44,644,31,130,4,9,71,458,21,419,142,88,47,3,328,590,85,81,59,321,5,185,1996,22,1,475,73,313,367,390,0,153,1026,92,160,2,1,30,66,67,2,89,3,177,85
hsa-miR-4696,90,6,4,0,70,2,34,2,3,197,1,0,131,46,154,0,2,31,35,3,720,13,3,2,161,5,5,5,40,173,0,3,70,139,0,0,12,48,25,7,0,0,0,0,62,0,1245,4,35,4,0,18,6,1,3,0,1,0,2,0,1,0,6,1,0,0,951,11,372,25,171,170,80,42,0,0,43,2,3,187,53,0,99,16,77,31,53,0,22,0,0,16,32,26,20,268,14,254,82,0,0,71,212,0,0,20,0,190,2,1,0,3,1,126,66
hsa-miR-4697-3p,237,0,1,0,0,3,0,0,3,887,1,0,11,81,2,33,1,17,96,1,6,0,2,1,1,2,77,233,1,7,1,12,119,230,1,0,1,5,12,9,1,2,5,0,5,0,471,0,7,7,0,7,7,326,11,0,0,0,100,22,296,16,2,281,151,0,4,8,239,1,15,14,3,11,0,0,1,6,1,73,0,2,0,1,54,267,2,0,3,242,3,1,23,3,7,551,25,256,274,1,0,1,29,0,55,1,0,3,146,58,0,1,0,102,21
hsa-miR-4697-5p,257,14,53,9,351,2,167,126,6,2495,72,14,737,251,32,80,13,304,134,224,1039,3,13,81,3,7,211,134,215,414,0,947,121,120,0,11,195,233,36,32,0,5,89,0,170,1,2048,24,19,5,0,25,84,131,9,0,33,0,65,102,383,167,13,164,256,20,1921,100,390,51,682,468,182,34,146,2,174,14,15,1338,94,96,8,1,134,154,4,127,103,477,16,244,1096,37,1,467,12,750,203,35,0,61,2208,226,75,1,14,428,144,124,5,206,0,309,65
hsa-miR-4698,654,7,60,1,161,2,38,21,5,1164,1,2,25,51,83,0,41,86,136,258,641,0,38,68,371,6,22,55,113,23,1,95,33,64,2,0,27,11,18,165,0,0,161,0,108,1,549,0,1,4,0,13,38,95,282,1,8,38,31,3,59,44,1,374,75,0,228,49,299,399,31,382,194,15,23,3,23,86,8,302,58,18,187,42,168,200,4,44,57,73,7,29,552,6,1,338,43,169,73,26,0,185,775,255,48,0,1,165,164,26,0,21,0,1,43
hsa-miR-4699-3p,315,1,36,2,0,0,1,20,0,0,1,0,0,0,10,0,4,2,1,0,586,1,35,0,1,0,36,0,2,4,0,14,100,0,0,0,59,3,3,217,0,0,0,0,6,0,358,4,0,0,0,0,0,4,97,0,0,0,1,0,130,71,1,185,0,0,637,2,133,0,7,251,28,20,1,1,2,0,5,27,0,4,1,0,0,0,1,0,8,0,0,26,6,5,0,30,0,2,0,0,0,60,8,96,0,0,1,0,1,1,0,0,7,0,13
hsa-miR-4699-5p,1,0,37,6,0,0,0,34,0,2,0,0,4,1,15,0,1,1,3,21,8,0,44,1,3,0,1,1,2,1,0,1,52,0,0,0,52,59,8,1,0,0,40,0,8,0,72,5,0,0,0,0,3,1,82,0,0,0,0,0,95,90,1,1,0,0,165,1,13,1,0,129,35,52,2,0,2,2,4,1,5,1,0,0,0,24,0,41,8,0,3,27,8,9,0,43,50,1,1,0,0,0,22,131,0,0,0,0,5,37,0,1,18,0,5
hsa-miR-4700-3p,69,261,33,4,285,1,0,114,0,5,0,0,154,34,108,12,30,17,24,149,13,2,137,144,217,6,3,13,10,36,22,206,214,10,1,3,7,27,0,438,1,3,10,0,64,0,41,4,38,6,1,80,156,112,5,4,3,0,0,0,239,78,7,0,332,0,535,58,79,65,8,173,130,0,1,2,103,9,11,5243,120,35,215,0,5,92,281,0,43,110,2,7,1161,2,1,400,68,261,82,0,1,64,2902,364,65,0,0,1,138,45,0,121,0,1,62
hsa-miR-4700-5p,81,0,3,1,29,1,12,40,1,159,0,1,6,11,91,20,2,9,6,25,429,5,147,12,2,60,24,10,1,646,0,96,4,1,0,0,6,125,7,130,1,0,55,0,4,0,192,0,0,3,0,14,46,1,8,0,3,0,0,73,5,3,2,0,2,0,981,20,401,108,11,623,63,13,2,3,35,11,3,136,81,72,95,18,2,64,2,1,3,18,3,182,37,4,0,237,25,525,49,15,0,81,83,116,2,0,0,109,1,32,0,75,0,3,52
hsa-miR-4701-3p,2536,0,6,1,69,4,2,88,1,714,0,16,128,37,128,4,1,276,92,19,338,8,13,18,8,5,4,79,295,24,1,169,119,1,1,0,26,19,27,297,1,0,59,0,7,0,388,22,5,0,1,28,79,100,21,0,11,0,56,35,187,7,9,3,40,0,54,21,230,323,65,892,25,45,65,4,14,13,19,237,14,9,1,0,124,258,26,82,36,9,7,6,830,2,2,452,13,152,2,11,0,15,94,5,46,0,11,19,2,89,1,81,6,3,82
hsa-miR-4701-5p,795,11,57,1,0,6,1,47,20,1266,0,0,8,353,38,138,2,100,70,554,26,0,89,22,780,13,5,131,4,26,0,394,15,81,1,10,84,17,25,596,1,4,152,0,75,0,2194,30,34,9,1,48,92,148,764,0,0,0,50,73,107,202,416,131,148,0,32,51,832,1222,331,255,125,111,45,1,10,19,11,734,175,17,8,26,476,676,41,89,155,334,32,6,489,19,6,1493,12,163,14,129,0,63,80,29,259,0,1,113,184,308,0,61,1,5,164
hsa-miR-4703-3p,2,0,1,0,161,0,90,0,1,82,0,0,95,17,2,17,24,4,119,124,513,7,253,71,2,0,39,1,2,7,0,5,215,0,0,59,98,2,3,184,0,0,4,0,1,0,85,0,0,1,0,3,14,0,2,0,22,0,0,0,4,51,58,3,312,0,294,27,5,0,1,103,35,0,17,0,13,66,4,3,2,8,31,2,170,3,59,60,7,204,9,69,30,3,1,89,46,144,25,74,0,8,363,0,88,0,0,0,9,61,0,1,1,1,0
hsa-miR-4703-5p,5,1,4,2,50,1,2,2,5,146,0,0,118,41,2,41,30,5,97,203,281,0,4,115,1,0,43,2,3,14,0,2,102,11,0,0,183,2,5,287,0,0,2,0,0,0,805,1,4,1,0,4,4,0,0,0,0,0,0,0,5,137,105,3,0,0,472,38,50,66,3,398,41,1,28,0,14,61,20,35,0,26,78,0,93,53,33,97,18,87,4,1,43,0,0,54,9,176,38,206,0,23,613,1,1,0,0,2,9,1,0,6,0,1,4
hsa-miR-4704-3p,3,0,27,2,662,0,84,9,4,387,0,0,60,9,20,0,5,144,78,144,577,0,38,244,11,1,152,4,5,399,0,13,9,0,1,0,76,7,1,18,0,0,117,0,26,1,1502,0,0,0,0,2,5,164,185,12,2,1,52,0,5,90,2,0,2,0,2268,21,175,717,5,998,5,43,1,3,136,57,0,300,0,130,3,1,168,30,72,2,57,28,6,34,37,42,1,101,45,145,4,69,0,4,101,121,108,2,0,4,5,4,0,70,2,1,13
hsa-miR-4704-5p,91,0,1,9,0,1,0,1,0,3,2,0,1,0,40,0,2,3,1,1,5,4,2,0,2,1,2,1,0,0,0,0,2,0,0,0,2,1,1,1,1,0,2,0,0,0,479,0,0,0,0,8,29,0,308,0,1,0,1,2,82,14,2,0,0,0,129,4,27,1,6,7,104,0,0,0,0,25,0,0,2,0,1,0,0,4,0,0,0,0,0,0,9,3,0,89,0,45,0,0,0,0,9,0,0,0,1,1,1,6,0,0,0,0,7
hsa-miR-4705,1,0,2,0,2,0,1,1,2,1,0,0,2,104,34,0,77,5,27,3,14,0,1,2,2,0,3,4,2,365,0,2,113,0,0,1,4,1,0,5,0,21,96,0,2,0,932,0,0,0,0,0,2,2,0,0,0,0,2,0,156,1,1,0,1,0,10,4,34,0,0,42,1,0,0,0,26,4,0,1,0,0,0,14,0,0,1,0,0,140,0,25,7,0,5,116,0,6,1,0,0,1,8,1,1,0,24,1,1,1,0,28,0,521,1
hsa-miR-4706,2315,14,55,34,317,14,10,306,15,4094,0,13,533,250,456,101,63,273,791,2399,1574,5,146,85,303,14,118,154,148,616,3,973,233,227,66,32,222,144,114,1230,19,12,415,0,318,3,5528,21,128,7,1,16,176,360,318,1,5,1,145,388,853,368,22,14,5141,78,1454,126,494,1478,401,958,265,266,112,168,197,228,59,2131,554,29,278,52,1759,1102,121,151,149,2754,90,322,3843,53,35,1107,59,724,335,39,1,43,1933,65,1280,3,1,253,310,580,1,245,2,304,373
hsa-miR-4707-3p,9630,51,608,97,1063,1314,31,101,106,20116,182,2,1478,1241,640,586,61,373,1140,11372,1464,14,382,482,5675,844,224,327,703,1413,72,3969,320,1068,97,187,117,292,595,1576,135,50,411,2,404,181,26846,11,209,32,50,113,568,2600,863,45,12,22,1888,1872,5831,1117,816,712,26018,6,934,1007,5542,12313,5243,1204,69,393,238,8821,719,86,198,15557,13252,113,34,86,23461,6551,21,769,920,40057,226,199,4950,75,241,11372,26,1027,1123,1455,1,58,1677,2734,2677,57,5,840,696,1501,19,410,105,912,1432
hsa-miR-4707-5p,716,1,77,4,125,14,62,109,14,1387,0,0,489,609,54,153,53,137,244,1282,784,2,9,97,2029,38,55,47,8,1445,0,209,38,449,3,0,23,16,49,493,0,4,51,1,70,0,4976,30,70,3,1,37,138,218,149,20,1,1,219,210,413,181,89,471,474,12,707,56,971,1441,897,50,54,20,39,242,150,23,50,3648,268,10,5,22,1534,937,34,415,167,520,40,16,729,11,105,1613,3,594,306,160,0,30,1057,257,1185,0,2,36,273,300,0,59,0,306,442
hsa-miR-4708-3p,127,0,0,0,1,1,2,0,6,90,11,0,1,0,0,0,1,0,19,2,7,0,0,0,2,9,1,1,0,12,0,2,0,0,1,0,2,1,0,61,0,0,1,0,150,9,484,0,0,0,0,13,1,1,1,0,0,0,0,46,30,27,0,102,4,0,13,2,43,87,4,13,0,0,0,0,25,1,0,236,2,1,0,21,0,86,0,0,0,73,6,21,1,1,0,159,2,3,0,0,0,1,44,0,24,0,0,0,0,11,0,3,0,0,54
hsa-miR-4708-5p,319,2,0,1,42,4,0,47,18,1,18,0,3,2,0,21,1,3,11,1,286,0,0,15,1,8,2,0,21,686,0,61,7,0,0,0,1,9,18,40,0,0,1,0,110,24,257,0,0,0,0,8,9,0,4,1,10,0,0,77,304,27,2,3,0,0,3,48,35,60,8,12,1,28,0,4,0,2,0,16,25,0,2,10,1,185,1,0,25,57,3,22,1497,0,0,283,0,2,2,1,0,3,30,0,44,0,0,0,1,8,0,2,0,1,12
hsa-miR-4709-3p,103,6,1,6,1,3,0,0,1,1,0,0,2,1,0,0,2,53,1,167,6,0,132,21,2,0,26,0,0,2,0,2,1,0,0,0,1,42,40,3,1,0,1,0,0,0,250,0,6,2,0,0,5,0,3,15,13,0,0,0,43,20,1,1,0,0,82,1,135,1,3,223,0,1,0,1,4,71,0,0,0,1,0,5,2,38,24,17,2,0,0,1,9,0,4,46,1,2,150,1,0,2,23,0,0,0,0,2,1,0,0,1,0,51,0
hsa-miR-4709-5p,4358,11,39,34,24,14,2,4,3,2550,2,0,128,212,163,118,4,5,200,772,58,5,136,104,877,27,10,19,32,98,5,547,45,100,3,27,31,16,79,322,96,10,205,0,49,0,4501,2,17,0,120,79,68,77,39,7,4,43,1294,474,529,259,6,980,3769,2,39,1024,765,2752,1371,713,6,39,6,0,17,12,135,963,1991,3,4,10,1576,838,18,120,518,1907,55,4,93,30,68,1258,1,39,131,163,0,6,109,666,230,1,0,221,356,352,1,40,19,677,343
hsa-miR-4710,11,0,1,4,0,0,9,8,0,73,0,0,3,23,11,0,17,9,0,70,135,0,1,17,1,0,21,39,13,9,0,2112,64,20,0,1,1,30,6,4,48,4,18,0,1,11,101,0,1,2,0,2,28,1,130,0,4,0,92,14,60,54,3,15,168,4,82,26,18,160,10,70,107,42,0,1,52,2,10,2,6,3,3,0,83,3,5,18,154,23,0,11,1616,2,0,47,57,78,84,0,0,2,60,42,0,1,0,5,0,0,0,2,0,185,47
hsa-miR-4711-3p,2,5,2,0,23,1,2,57,0,6,0,0,5,3,4,0,1,6,4,133,18,0,4,7,3,2,1,133,3,9,0,4,71,0,0,0,3,2,0,9,1,0,6,0,1,0,26,0,5,0,1,0,5,0,8,0,0,0,1,1,6,12,3,0,1,0,36,3,2,10,4,22,2,0,0,3,4,7,1,4,4,3,19,1,5,1,26,2,0,50,0,0,6,1,0,14,4,233,4,0,0,3,25,4,3,0,0,2,1,2,0,2,0,1,1
hsa-miR-4711-5p,4,0,1,0,48,2,0,34,0,9,0,0,1,2,76,0,1,11,2,115,23,0,5,4,0,1,5,3,1,6,0,0,7,1,0,0,5,49,0,10,1,0,1,0,9,0,40,0,0,1,0,0,6,0,6,1,0,0,47,0,62,4,1,1,1,0,236,6,34,2,2,16,74,16,0,0,2,40,0,193,3,0,32,0,6,1,11,3,1,122,4,1,8,0,0,93,4,9,1,1,0,1,201,2,2,0,0,1,0,35,0,3,0,2,14
hsa-miR-4712-3p,279,3,1,0,34,0,0,2,1,97,0,0,0,32,0,0,15,3,37,1,8,0,1,1,82,0,2,43,0,1,0,2,0,0,0,0,1,1,19,0,0,0,0,0,1,0,660,0,0,0,0,15,17,0,2,0,0,0,1,0,2,1,0,0,0,0,9,2,58,0,2,4,1,14,0,0,22,0,0,3,0,5,71,0,0,2,29,0,0,0,0,1,7,0,0,40,1,0,0,0,0,29,6,0,0,0,0,45,0,0,0,0,0,0,0
hsa-miR-4712-5p,550,1,112,0,42,0,2,1,1,88,44,0,2,66,0,0,8,2,58,1,17,0,0,0,89,5,1,58,1,154,0,1,4,0,0,0,5,0,16,118,0,1,3,0,0,0,1010,0,6,0,0,33,51,0,3,0,3,0,14,0,1,2,1,0,0,0,7,9,62,1,5,9,0,84,0,1,2,1,11,1,0,0,54,0,1,33,0,0,5,0,9,2,9,1,0,117,0,109,0,1,0,28,15,341,2,0,0,41,0,21,0,0,0,0,0
hsa-miR-4713-3p,3,17,4,4,0,1,1,7,3,544,0,0,5,15,23,1,3,1,12,639,80,1,2,6,0,0,166,6,3,9,0,68,1,0,0,0,44,3,2,8,0,0,1,0,0,0,2112,0,0,0,0,2,0,0,286,0,1,0,71,5,58,24,4,2,4,0,21,12,229,78,5,204,126,2,0,0,0,1,1,362,5,1,99,14,84,66,1,0,101,76,1,3,515,0,7,136,0,160,0,172,0,4,35,3,0,0,1,0,29,6,0,32,0,2,33
hsa-miR-4713-5p,449,0,31,1,98,7,4,7,13,4033,2,1,449,313,113,49,22,111,137,17,30,0,35,175,199,11,6,9,13,387,0,331,20,93,9,0,177,35,28,291,0,1,193,0,7,1,1476,28,8,0,0,64,168,59,52,2,1,0,247,195,944,119,17,196,669,0,553,96,569,892,209,55,9,58,111,5,42,46,23,910,121,4,11,9,1061,466,2,62,240,337,20,6,3547,11,20,508,1,358,4,78,0,3,190,160,1931,1,0,3,1,209,1,7,0,486,4
hsa-miR-4714-3p,5,0,7,12,10,1,8,1,0,190,0,0,0,0,20,0,1,16,11,28,12,1,1,19,85,3,35,28,2,44,0,25,28,0,0,0,218,36,0,99,0,0,2,0,25,0,34,3,1,0,0,0,4,2,29,0,1,54,11,0,97,122,2,0,8,0,76,2,29,109,4,516,2,0,0,0,2,13,3,90,92,10,14,0,30,170,13,10,9,101,0,0,13,3,12,166,1,190,2,1,0,20,18,0,0,0,0,38,1,22,0,13,0,0,14
hsa-miR-4714-5p,2,0,0,0,53,0,0,0,0,218,0,0,31,1,22,0,0,2,15,3,280,0,121,3,174,1,1,2,42,70,0,51,1,0,0,0,2,2,1,3,0,8,0,0,0,0,20,0,0,0,0,3,37,2,5,0,0,0,0,3,145,3,1,0,25,0,1,6,11,247,6,4,2,0,0,1,11,1,0,1,0,1,2,0,1,38,15,0,28,1,0,0,4,0,1,153,49,1,0,0,0,41,14,1,19,1,0,38,0,1,0,0,0,0,2
hsa-miR-4715-3p,282,0,25,2,156,7,204,165,4,157,2,17,464,123,47,65,41,84,53,289,2201,3,214,41,269,4,183,199,30,113,0,187,162,102,1,0,158,261,42,252,37,0,336,0,393,0,1638,1,24,19,0,3,57,83,455,0,43,13,63,45,246,111,8,154,530,0,2033,35,120,643,81,763,96,43,84,1,280,137,18,159,91,48,3,1,253,144,38,175,39,33,16,252,462,2,7,219,100,193,167,202,0,31,469,221,42,9,11,34,147,81,2,88,8,165,57
hsa-miR-4715-5p,12,0,32,1,189,6,231,240,6,200,0,19,554,120,61,47,47,111,51,342,2896,3,238,43,326,8,233,241,27,147,0,247,154,102,2,0,211,303,41,353,39,1,475,0,407,0,2240,7,17,23,0,12,61,111,546,0,60,15,87,52,177,142,5,154,325,0,2035,45,146,780,144,1042,128,57,116,0,310,174,20,223,119,47,13,3,442,142,51,216,55,52,13,329,700,6,7,303,116,241,253,258,0,48,547,314,60,15,13,32,196,109,3,82,12,181,56
hsa-miR-4716-3p,187,0,5,2,0,3,93,32,2,102,0,15,147,4,6,8,2,45,1,318,18,0,52,5,3,0,29,3,66,4,0,27,41,21,0,0,71,96,15,6,0,3,4,0,1,0,612,1,2,0,0,6,34,16,4,0,1,0,31,28,1,55,76,100,2,0,169,23,224,52,8,454,192,24,1,1,5,52,0,97,70,3,138,15,36,42,33,32,1,0,9,47,59,5,0,115,83,373,16,40,0,33,1301,0,0,2,6,0,66,55,1,83,0,22,40
hsa-miR-4716-5p,262,0,5,0,122,5,238,32,9,114,0,15,123,8,10,20,7,66,5,357,565,1,64,15,1,3,37,8,160,346,0,39,347,56,0,0,65,147,45,320,2,16,24,0,11,0,1422,2,15,1,0,18,37,165,306,1,25,1,99,107,39,71,53,131,5,0,1198,83,297,104,18,607,246,38,68,1,68,42,1,342,63,2,385,18,67,399,89,32,26,149,15,75,104,18,0,263,96,791,20,58,0,53,1491,2,1,2,11,53,93,165,4,162,0,15,45
hsa-miR-4717-3p,196,1,2,0,2,1,1,20,5,450,0,0,3,103,29,6,1,22,56,298,30,0,0,5,12,0,0,16,0,6,0,550,3,37,0,0,10,72,22,191,0,4,0,0,1,0,1639,0,9,1,0,11,56,41,47,0,0,0,0,74,10,12,129,50,66,0,356,13,190,18,129,17,24,23,11,0,51,1,5,47,55,24,2,3,80,84,0,17,18,80,0,11,20,0,7,123,0,155,23,0,0,3,27,119,8,0,0,11,0,8,1,10,0,0,18
hsa-miR-4717-5p,2398,0,5,0,2,1,3,51,10,981,0,0,7,164,42,21,9,38,65,288,53,0,3,6,6,6,6,60,0,24,0,1225,1,32,1,0,14,81,18,472,1,12,3,0,4,0,2729,0,6,0,1,8,99,39,54,1,0,0,5,67,1,19,132,74,83,0,255,26,165,76,95,39,44,19,20,2,35,1,8,94,64,45,1,3,96,103,4,76,58,85,4,27,26,2,2,114,4,218,45,0,0,8,31,55,13,0,1,21,0,70,2,21,0,3,76
hsa-miR-4718,5,0,0,0,59,2,0,37,0,0,0,0,1,42,1,31,0,32,3,1,5,0,196,3,0,3,1,5,2,0,0,1,5,3,0,0,3,2,0,43,0,1,2,0,0,0,565,0,9,0,0,44,5,21,6,0,1,0,410,0,30,1,1,0,3,0,292,5,194,0,8,9,9,0,1,0,2,51,0,2,321,2,110,0,94,8,1,0,0,0,0,2,15,0,0,395,2,148,2,1,0,0,16,1,0,0,0,206,0,2,2,4,0,0,0
hsa-miR-4719,0,0,2,0,0,0,2,2,2,181,0,1,0,2,6,0,0,1,1,1,17,0,0,3,1,1,6,0,0,8,0,2,1,1,0,0,7,0,0,9,0,0,1,0,0,0,1809,0,1,0,0,10,1,1,2,0,0,0,1,0,0,5,0,1,0,0,27,1,217,1017,2,23,1,1,0,0,48,0,0,48,0,2,2,1,2,231,20,94,12,1,5,35,7,0,0,4,2,109,1,1,0,3,4,0,0,0,2,2,1,45,0,3,0,161,7
hsa-miR-4720-3p,52,0,1,0,0,1,3,1,0,2,0,0,1,1,2,0,0,61,1,1,593,0,2,1,242,3,2,1,2,75,0,1,2,0,0,1,0,3,0,5,0,0,3,0,0,0,237,0,0,0,0,0,1,2,1,0,0,0,0,0,0,2,209,1,0,0,10,3,311,38,8,5,0,0,0,0,1,2,1,0,2,0,1,0,0,2,1,0,0,0,0,0,7,0,0,80,0,1,3,0,0,0,12,50,0,0,0,73,0,0,1,0,0,1,1
hsa-miR-4720-5p,220,0,1,0,0,3,2,1,4,0,0,0,31,1,2,72,4,2,46,0,10,0,1,90,0,1,4,2,114,3,2,64,1,0,0,0,1,3,8,124,0,0,2,0,1,0,1082,0,15,0,0,0,5,205,112,0,0,16,3,0,0,55,0,310,1,0,16,8,218,272,5,198,17,39,0,0,16,0,12,1,0,1,1,0,104,0,2,0,0,1,0,2,13,2,11,6,15,131,1,111,0,3,20,160,0,0,0,1,1,0,0,0,2,0,0
hsa-miR-4721,295,2,109,1,391,6,93,133,4,1461,0,68,487,302,144,20,36,227,568,452,607,3,134,451,108,8,177,254,44,243,9,2845,115,28,0,0,28,181,17,882,23,1,145,0,227,6,2336,4,31,1,0,16,609,207,419,0,11,1,50,23,370,107,332,173,669,0,4494,488,705,250,95,484,209,19,114,109,94,154,12,313,27,19,195,3,209,130,116,177,140,144,14,52,595,10,5,689,265,1582,167,234,1,212,2797,81,71,5,1,35,4,180,1,20,5,19,33
hsa-miR-4722-3p,539,1,16,0,56,6,28,21,0,185,2,0,314,123,55,71,13,196,200,45,865,2,159,181,259,14,41,137,23,59,1,9,34,174,1,0,32,72,81,187,0,0,173,0,140,0,992,1,15,9,0,24,35,42,15,0,2,0,96,53,251,23,14,6,357,2,1666,117,554,606,29,1661,81,92,6,5,42,55,17,48,362,9,179,149,185,107,78,10,13,210,17,27,1712,3,2,454,47,230,68,3,0,17,640,5,0,1,2,1,4,139,4,17,6,9,74
hsa-miR-4722-5p,111,0,8,4,1,3,0,0,1,172,32,0,54,1,1,37,1,0,127,136,4,0,0,0,1,1,0,1,1,10,0,1,3,8,0,0,5,1,9,151,0,5,1,0,1,2,188,0,0,0,1,19,1,20,0,1,0,0,30,0,227,26,1,2,1,0,240,7,61,1,7,1,55,31,2,343,22,1,0,291,5,0,0,3,325,44,1,60,0,42,2,0,12,2,0,166,2,0,0,1,0,0,12,298,33,4,0,2,23,26,0,0,0,116,33
hsa-miR-4723-3p,374,3,117,4,126,1,5,63,10,1517,0,0,316,525,120,7,12,199,205,28,1549,0,297,369,146,12,33,244,13,542,1,33,19,112,2,57,361,20,40,1773,0,4,184,1,105,1,2492,3,18,6,0,2,28,73,8,0,25,0,48,221,361,342,18,1,3629,70,2857,64,304,1245,247,3301,480,74,13,1,124,124,39,211,652,81,105,2,133,2,197,2,15,2,9,326,147,3,27,295,11,548,493,92,0,93,2197,162,87,1,1,0,175,63,0,97,3,2,15
hsa-miR-4723-5p,1,3,5,0,2,3,5,1,4,1212,0,12,7,6,1,19,1,7,23,55,304,1,56,11,1,5,50,5,2,16,0,8,12,0,0,0,8,9,2,109,0,0,92,0,2,0,765,0,28,0,0,2,11,41,8,0,2,0,1,0,2,26,3,110,4,0,255,25,374,3,183,27,4,52,0,21,69,62,7,280,34,3,20,22,228,6,1,196,37,92,1,6,1843,0,4,319,1,17,1,0,1,14,69,62,153,0,2,4,0,0,0,27,1,0,54
hsa-miR-4724-3p,1,0,4,1,1,0,2,2,0,649,0,0,158,8,18,12,1,53,65,1,18,7,130,113,300,5,3,365,125,11,0,26,50,21,0,1,3,129,0,126,0,5,123,0,225,0,14,0,1,0,0,9,7,0,420,0,1,0,0,0,34,16,5,0,0,0,542,28,17,1,3,862,27,35,39,1,57,93,5,253,1,1,4,0,0,4,35,0,12,0,3,29,40,5,0,24,15,256,0,0,0,16,45,330,63,0,0,0,0,43,0,1,0,0,25
hsa-miR-4724-5p,41,0,3,1,22,0,9,3,0,103,0,0,2,39,27,0,1,18,8,2,92,0,2,40,132,2,82,19,15,2,0,0,64,69,0,1,32,1,8,7,0,0,0,0,0,0,14,0,6,0,0,3,1,37,1,0,0,0,46,16,31,28,2,1,1,0,141,12,110,49,2,89,10,1,12,0,34,121,0,114,0,2,108,0,48,34,55,0,6,116,2,0,16,0,0,178,0,4,0,66,0,2,15,1,0,0,0,0,0,12,0,2,0,0,16
hsa-miR-4725-3p,421,0,2,6,4,8,2,5,1,25,0,0,74,39,21,3,2,1,36,964,295,0,59,1,52,6,73,2,121,15,19,2,1,29,0,0,5,3,26,454,0,0,0,0,0,0,1135,0,23,18,0,69,0,64,12,1,2,0,590,100,632,46,2,47,255,0,13,7,762,203,25,11,7,0,101,2,17,1,1,602,112,5,1,8,52,101,1,63,35,171,15,6,16,0,2,1031,0,4,73,1,0,5,17,1,2,0,3,145,85,237,2,13,0,266,59
hsa-miR-4725-5p,3,3,0,0,0,1,1,0,0,7,0,0,1,2,0,31,0,1,1,1,9,1,44,1,1,0,1,39,0,163,0,67,3,103,0,0,0,0,34,4,0,0,3,0,3,0,12,11,0,0,0,0,2,1,8,0,17,0,1,0,124,14,1,2,2,0,7,6,328,41,106,12,1,0,0,1,1,0,8,84,0,1,1,16,85,3,7,45,30,132,23,2,17,0,9,220,1,6,1,0,0,0,17,0,28,0,49,34,1,147,0,1,1,0,0
hsa-miR-4726-3p,521,10,38,4,152,7,3,42,30,1504,0,0,59,29,82,29,38,56,318,155,807,3,6,59,52,12,4,2,148,387,0,230,18,103,0,1,48,8,56,77,1,0,178,0,2,23,1476,3,24,20,0,30,147,209,24,2,0,0,336,70,405,96,3,169,1641,1,334,21,710,712,28,24,8,66,2,1,63,0,10,1328,486,1,2,13,201,457,3,207,84,161,5,94,95,7,3,1361,35,101,119,335,0,51,517,181,194,1,0,31,1,67,0,115,0,2,52
hsa-miR-4726-5p,5,0,0,4,36,0,0,4,0,254,0,1,2,72,0,13,0,40,3,1,428,0,2,0,210,2,1,99,4,10,0,171,5,0,0,1,0,4,5,10,1,0,1,0,1,0,25,0,0,3,0,2,5,0,2,0,0,0,24,67,97,14,135,1,1,0,320,3,26,226,73,9,26,10,2,1,24,19,1,107,22,2,41,3,74,25,11,0,31,35,4,1,16,0,5,298,48,5,35,1,0,2,366,0,45,0,0,0,0,28,2,2,0,2,30
hsa-miR-4727-3p,880,0,1,0,0,4,2,7,0,156,0,0,5,24,9,28,0,13,0,153,175,4,2,4,71,2,1,2,1,17,0,1,11,1,0,1,2,2,22,5,0,0,93,0,3,0,132,0,8,1,0,16,99,0,1,0,0,0,4,71,318,19,2,0,3,0,4,21,279,172,13,4,0,0,1,1,31,0,1,115,6,2,1,1,63,61,0,38,14,190,0,57,253,6,0,130,0,1,3,13,0,2,12,1,1,0,0,1,72,0,0,46,0,0,0
hsa-miR-4727-5p,1585,0,2,0,44,6,1,28,0,2800,0,0,1,71,2,52,67,8,5,10,24,0,57,93,359,281,3,1,39,165,0,1606,62,0,0,0,17,96,3,145,1,0,1,0,2,0,1050,0,7,0,1,5,12,2,201,0,0,0,42,4,219,2,3,91,245,0,16,25,177,352,33,56,2,0,100,0,16,12,1,564,36,4,95,40,200,231,1,19,122,124,30,3,211,0,12,714,3,3,1,0,0,7,33,139,38,0,0,43,0,129,3,0,0,4,25
hsa-miR-4728-3p,9,2,0,0,2,14,34,1,0,564,0,0,4,6,22,1,0,2,5,3,9,0,0,2,6,0,1,4,1,6,0,0,2,84,0,0,2,2,1,9,0,0,4,0,16,0,21,1,1,0,1,0,4,7,7,0,0,0,55,40,2,1,0,0,2,1,10,5,263,2,310,3,4,0,0,1,62,3,2,79,235,2,3,21,12,14,0,1,15,175,0,3,23,19,38,140,5,12,5,57,0,0,404,1,3,0,0,6,1,3,0,1,0,4,30
hsa-miR-4728-5p,11731,224,7854,792,19088,406,16566,14346,1316,52930,500,868,28175,23860,8361,1740,6256,32566,21414,75832,166671,505,25976,28049,28734,2873,23320,30488,13504,40751,316,12519,34985,7590,159,298,32130,31349,2537,36518,1527,180,26653,16,31790,280,214700,774,1155,3351,583,1452,16520,8662,35134,443,2931,1076,6906,7260,11456,25284,6887,11516,20331,2642,166487,22195,16180,42014,13309,148137,16008,3429,7211,13695,12811,27664,1434,30131,5123,10415,14104,1120,16710,14962,7497,12177,3521,19440,1390,22975,123892,1363,778,18885,10024,39967,10109,6545,3,9107,178750,17804,9890,1255,1736,7330,11661,12726,137,13119,777,18663,4752
hsa-miR-4729,244,4,7,0,51,2,2,1,5,90,0,0,1,88,37,14,3,112,2,489,553,0,2,2,84,1,8,6,4,55,0,88,1,1,2,0,11,1,2,423,0,2,1,0,124,0,2582,0,17,1,0,12,37,50,230,0,13,0,12,16,415,7,140,2,121,0,28,9,94,6617,15,101,3,44,52,0,89,34,8,319,52,3,2,21,75,179,2,14,10,43,0,11,14,1,3,127,2,95,79,144,1,44,16,701,51,0,0,0,0,16,0,20,0,1,2
hsa-miR-4730,1452,29,511,22,828,16,707,705,40,6195,1,6,1349,1612,1147,219,100,1163,1141,2266,9255,17,970,1582,1930,827,477,1224,431,2234,39,329,1406,509,19,27,666,1640,265,5252,91,10,1260,0,932,47,11175,20,152,9,38,143,591,525,885,23,44,5,111,356,1332,642,532,868,1153,44,11182,464,1634,4998,832,7035,1452,378,1431,656,741,2198,116,5785,196,415,1124,77,1642,1404,910,527,457,1356,88,791,3592,118,78,2316,423,4878,313,648,1,743,14805,921,573,60,26,616,518,874,7,453,1057,503,1402
hsa-miR-4731-3p,732,9,28,17,391,359,7,51,41,3895,2,0,355,365,81,327,131,185,628,139,275,3,97,98,594,337,59,113,11,400,26,1829,257,95,0,74,23,254,44,215,51,19,126,0,353,39,6727,24,42,1,1,34,38,302,27,0,2,0,462,113,923,424,14,153,5252,157,83,48,1195,1450,1368,627,80,21,5,5,110,73,24,946,241,7,13,3,809,1585,24,247,654,603,42,75,181,8,35,1937,38,47,74,412,0,12,138,4,746,0,1,195,71,431,7,87,8,504,199
hsa-miR-4731-5p,122,0,6,0,1,0,3,1,3,502,0,0,4,7,2,34,1,114,10,442,20,0,41,4,3,3,4,121,1,23,0,348,3,44,1,0,12,40,10,88,0,0,75,0,1,0,1620,0,8,0,0,5,6,1,2,81,2,0,19,17,3,12,3,1,308,0,18,14,45,82,13,16,2,1,1,0,2,2,0,256,15,1,3,130,1210,78,47,32,14,4,0,2,44,3,9,264,2,385,0,445,0,2,42,1,1514,0,0,25,3,7,0,87,0,1,46
hsa-miR-4732-3p,206,0,184,1,376,0,343,278,4,1326,0,29,379,297,159,71,76,913,606,325,4212,13,197,389,364,2,313,321,651,23,6,271,318,215,0,0,726,494,90,903,1,0,108,0,504,0,856,20,0,111,0,11,1591,115,769,1,39,0,2,20,20,304,25,149,1,0,1870,160,98,314,20,782,177,39,69,0,96,258,45,205,68,65,341,5,24,101,98,76,45,465,7,339,1043,59,6,183,161,595,189,64,0,101,2711,436,104,1,2,0,16,45,0,139,2,3,38
hsa-miR-4732-5p,238,0,4,21,123,2,6,59,0,40,0,0,54,0,71,147,2,5,59,8,12,1,1,252,240,6,145,4,1,391,26,77,0,0,0,0,294,4,33,16,0,1,3,0,17,1,294,10,83,1,0,34,5,109,7,0,0,0,1,0,0,302,0,200,158,0,22,15,121,311,448,939,1,39,1,1,106,17,0,6,60,6,2,29,0,29,1,0,20,18,37,45,61,11,13,346,40,36,0,0,0,1,19,480,54,0,0,125,88,217,0,0,3,1,1
hsa-miR-4733-3p,317,0,2,0,33,4,2,14,2,109,0,0,5,37,10,9,3,7,17,2,12,0,8,3,1,1,0,4,2,160,0,24,4,0,0,7,4,1,0,4,18,0,17,0,0,0,996,0,12,4,0,1,59,27,2,0,0,0,72,9,56,16,0,1,0,0,273,4,69,39,11,18,20,0,0,0,0,0,6,111,32,1,33,0,12,68,4,0,21,81,0,1,27,0,5,383,2,1,50,24,0,0,12,0,5,0,1,0,90,26,0,1,0,168,0
hsa-miR-4733-5p,4,0,2,1,42,2,50,2,0,163,0,6,2,3,22,11,4,68,37,2,15,0,62,2,2,1,2,59,3,4,0,0,2,0,0,2,11,2,11,5,0,0,2,0,0,0,322,0,9,0,0,0,58,48,8,0,0,0,27,3,21,27,3,1,2,0,338,10,10,100,7,22,63,1,0,9,2,4,1,288,0,3,0,0,19,3,32,0,37,4,1,2,11,2,2,57,0,126,1,0,0,54,24,1,3,0,0,0,0,1,0,2,0,201,0
hsa-miR-4734,327,21,388,23,403,20,181,505,47,3483,100,30,797,2100,902,105,326,812,3029,4464,2006,12,619,1746,687,204,706,1387,211,1146,0,488,1535,320,6,33,1019,1065,147,5058,0,20,392,0,1303,0,4731,43,32,46,0,64,248,349,1584,61,63,5,2,206,1535,676,107,267,766,28,34742,1691,1025,1244,275,11132,1013,216,356,3,1110,2321,105,1628,79,250,1844,173,482,701,930,493,260,937,44,1274,5769,66,21,1253,390,5615,172,1,0,2342,19665,520,593,5,9,6,85,516,7,543,8,204,268
hsa-miR-4735-3p,52,0,0,0,92,0,1,77,1,2,0,0,4,0,15,1,0,1,0,4,6,0,1,124,0,0,58,3,0,9,0,43,0,0,0,0,161,0,0,198,0,0,0,0,1,1,17,0,0,0,0,0,2,3,121,0,0,0,0,2,4,35,0,1,3,0,7,10,4,56,9,8,1,64,2,0,2,2,0,178,0,85,113,1,1,143,27,0,1,6,2,1,9,0,0,221,1,3,2,0,0,1,7,3,46,0,0,100,82,1,0,1,12,1,0
hsa-miR-4735-5p,171,0,1,2,78,1,4,58,0,412,0,0,17,5,36,0,2,220,81,1,29,0,8,13,1,0,2,8,10,556,0,1,10,2,0,0,10,12,30,241,0,0,30,0,1,0,247,0,18,0,0,12,20,57,4,0,3,0,91,1,1,26,9,1,1,0,1583,1714,60,0,5,667,153,0,1,0,0,139,0,3,75,5,113,0,101,2,54,0,3,0,1,5,114,0,6,61,65,274,0,0,0,1,2634,262,1,0,0,28,111,1,0,69,1,1,11
hsa-miR-4736,29,1,5,0,2,0,9,5,2,407,0,0,27,86,58,0,1,35,50,1,16,0,29,6,212,5,50,2,5,16,0,30,130,1,0,0,5,6,0,8,7,4,6,0,1,0,1321,0,0,0,0,26,7,1,4,1,1,0,4,63,14,16,4,1,0,0,512,29,1,12,28,113,3,14,0,0,1,21,8,212,227,1,2,2,197,9,4,0,73,163,4,2,23,1,3,118,62,132,2,142,0,10,262,1,1,0,0,0,1,29,0,11,0,234,0
hsa-miR-4737,234,6,2,15,1,2,3,1,5,80,1,0,6,298,0,0,1,3,174,150,22,0,1,12,185,796,2,4,0,18,0,2,4,146,0,0,295,13,42,11,0,1,4,0,69,0,991,0,1,0,0,44,10,2,6,1,2,0,4,82,346,156,0,3,115,0,7,41,321,356,169,14,110,0,1,0,19,2,0,620,20,1,5,1,15,200,1,34,6,0,2,56,808,4,13,335,1,3,1,180,0,3,39,0,0,0,0,0,0,21,0,8,7,2,0
hsa-miR-4738-3p,729,0,3,0,0,0,46,4,4,26,0,0,30,53,22,1,1,129,157,111,23,1,5,6,54,4,32,251,113,7,0,39,2,1,1,0,6,15,23,7,0,0,123,0,0,0,1619,9,2,0,0,36,10,0,12,0,3,0,2,149,119,3,24,2,435,0,289,157,45,252,139,44,29,44,3,1,2,41,8,102,3,2,9,9,191,178,0,41,28,0,7,3,54,3,6,473,5,372,1,203,0,7,50,1,46,0,0,2,70,82,6,23,0,163,1
hsa-miR-4738-5p,1395,6,599,36,1152,15,580,975,43,4576,0,31,1573,824,793,196,366,1876,609,3179,6377,10,1758,977,1229,221,1492,1478,564,2061,3,486,1854,472,8,1,1321,1282,188,2354,55,7,1329,0,1142,17,11390,6,104,47,78,84,257,473,1605,4,122,20,310,337,1385,588,216,997,538,0,8588,881,1254,2486,149,8971,519,343,379,7,1356,1866,102,1785,232,577,854,138,1177,767,779,293,113,1444,66,1649,1298,42,13,2190,403,2175,248,610,0,664,3339,2033,631,15,78,172,553,599,5,777,60,1329,190
hsa-miR-4739,442,0,12,4,91,6,9,8,25,583,0,0,133,9,30,18,4,166,65,244,495,0,47,8,103,5,50,62,8,247,3,59,136,52,0,0,171,66,12,263,2,12,4,0,8,0,1778,1,2,28,0,20,467,157,318,2,11,2,73,363,313,188,3,80,205,0,520,36,427,607,127,771,57,101,7,1,96,181,4,1140,222,4,15,1,607,605,36,34,36,181,15,76,578,6,29,640,42,79,73,0,0,4,72,1,264,1,1,2,171,142,1,12,0,87,183
hsa-miR-4740-3p,499,27,215,4,263,9,255,286,36,205,0,2,801,913,490,132,173,753,888,2186,4147,7,436,1653,770,16,411,562,191,1611,1,346,734,139,3,19,303,697,75,2116,4,11,544,1,253,0,9901,1,51,35,1,81,213,354,951,15,60,2,148,324,393,356,31,3,273,29,8414,192,500,719,971,5607,529,86,142,5,433,1136,70,1164,4,213,814,4,343,296,449,94,128,907,32,566,951,47,38,940,345,2821,172,463,1,815,5597,1026,439,27,41,154,182,318,1,205,2,190,181
hsa-miR-4740-5p,85,7,80,0,72,3,41,8,1,94,0,0,3,168,66,26,5,121,79,142,847,0,4,58,2,2,85,3,3,10,0,5,88,35,0,10,95,177,3,444,1,0,11,0,98,0,1369,9,2,1,0,34,9,0,4,0,0,0,0,0,49,42,7,2,0,0,773,31,212,114,388,565,203,0,1,0,45,170,16,152,3,11,144,0,3,2,87,0,27,1,1,247,50,3,24,237,46,362,40,0,0,65,419,3,30,0,24,232,43,1,0,39,0,129,30
hsa-miR-4741,203,28,154,8,353,11,14,213,33,2187,0,34,823,699,438,31,86,363,1136,172,2545,3,512,718,805,16,168,323,29,609,16,326,312,280,3,7,122,359,73,2417,3,7,341,0,398,12,3629,0,23,2,1,62,98,80,527,16,7,138,6,162,766,248,45,124,461,51,8258,190,615,653,738,3354,656,74,89,3,160,704,35,758,141,161,401,50,863,327,682,143,152,90,28,471,3743,36,29,826,162,3562,65,67,0,959,4592,387,72,1,4,207,121,308,5,434,0,425,188
hsa-miR-4742-3p,3,0,69,0,39,0,1,1,1,0,0,0,78,0,15,0,0,2,13,1,6,0,0,1,1,0,1,1,0,74,0,2,1,0,0,0,2,13,4,3,0,0,152,0,28,0,211,0,0,1,0,1,4,1,94,0,0,0,0,0,0,1,0,1,0,0,341,4,4,1,3,6,1,0,0,2,44,0,0,0,0,0,1,0,0,20,3,0,1,0,0,2,18,2,0,7,1,206,1,72,0,1,18,0,0,0,0,0,44,0,0,0,1,2,0
hsa-miR-4742-5p,12,0,3,0,0,0,1,1,0,337,0,0,217,36,1,8,5,1,26,6,250,0,34,2,4,1,35,0,3,66,0,81,3,1,0,4,3,2,19,13,0,0,2,0,1,0,16,0,0,0,0,5,4,11,2,0,1,0,6,3,7,4,1,4,3,0,105,25,13,0,5,13,73,1,3,1,1,1,13,164,4,3,3,0,91,10,1,1,3,34,1,67,17,1,0,38,0,44,2,40,0,0,14,4,1,0,0,4,3,6,0,1,0,3,45
hsa-miR-4743-3p,0,0,3,3,4,0,0,121,1,377,0,0,53,66,69,8,46,50,19,168,12,1,4,3,60,0,12,148,115,15,0,2,1,13,0,8,40,61,32,424,0,0,33,1,1,0,746,0,3,1,0,0,120,1,2,0,8,1,18,0,67,16,1,0,0,0,330,8,130,2,3,371,2,1,3,0,1,32,4,192,13,12,41,5,33,28,1,17,1,80,5,89,101,1,0,341,63,121,16,156,0,33,41,0,23,0,0,1,53,49,0,82,0,0,1
hsa-miR-4743-5p,9,10,46,0,70,1,2,78,1,757,0,0,56,2,53,0,3,48,24,215,15,0,3,174,341,5,5,4,1,85,10,3,3,31,2,0,53,2,19,651,0,2,135,0,133,0,302,0,11,5,0,0,5,0,2,1,0,0,27,124,4,6,3,4,3,0,801,14,86,395,98,1139,111,0,5,0,53,106,5,602,1,2,89,6,225,160,25,1,11,314,20,2,34,11,3,217,39,368,197,139,0,70,29,30,329,0,0,2,0,146,1,1,1,0,17
hsa-miR-4744,315,0,0,0,1,3,0,0,3,2,0,0,4,0,19,1,0,1,1,0,8,0,119,1,0,0,2,1,5,100,0,1,155,0,0,0,68,3,0,5,0,0,1,0,1,0,390,0,0,0,0,15,0,0,184,2,1,0,92,1,2,41,2,1,33,0,4,3,5,0,2,6,2,1,0,1,2,1,3,136,0,24,0,0,44,0,0,0,0,0,7,1,11,0,0,3,28,0,0,0,0,34,8,0,0,0,0,2,1,31,2,0,0,0,0
hsa-miR-4745-3p,2237,5,158,32,287,189,4,108,13,3598,2,0,164,299,108,85,11,311,244,62,791,1,200,123,85,17,254,13,13,558,1,171,138,276,2,1,19,56,69,336,2,13,357,0,2,0,6434,0,29,15,2,84,24,968,29,1,28,1,178,451,1298,261,323,251,297,0,153,99,2042,1876,852,77,9,61,356,5,35,11,34,3070,341,7,7,71,1071,1365,4,233,117,1008,25,8,2638,2,48,2633,3,404,183,351,0,10,500,361,264,0,1,239,26,180,5,122,9,560,185
hsa-miR-4745-5p,3,0,28,0,149,1,13,114,2,2,0,0,5,38,68,1,9,3,7,457,37,0,2,20,560,4,3,13,22,268,0,3,20,48,0,6,7,85,33,123,0,8,7,0,1,0,1344,0,21,0,1,11,95,74,115,2,2,0,0,127,95,56,3,1,434,0,19,12,203,598,53,15,2,54,161,1,60,1,15,750,59,2,4,17,1095,279,0,32,11,1634,28,17,27,0,2,462,0,4,23,0,0,4,15,340,94,2,0,74,2,274,0,2,7,509,127
hsa-miR-4746-3p,360,3,2,0,71,7,1,3,3,68,0,0,4,192,3,66,2,2,40,432,138,0,9,8,183,4,2,42,3,13,0,0,24,93,0,1,4,7,22,65,0,0,3,0,285,0,1041,0,12,1,0,1,149,14,14,0,0,0,126,83,137,7,4,5,80,3,14,36,145,1,13,61,3,0,0,1,20,4,0,397,2,1,2,0,89,132,17,3,26,14,12,1,1923,3,0,530,1,46,0,0,0,4,236,0,43,0,0,1,5,172,0,1,0,0,27
hsa-miR-4746-5p,295,5158,13,33,1,456,69,27,31,6,115,13,4,4,15,33,6,160,3,7,267,0,65,33,2,322,10,3,5,26,2,7,80,0,0,81,105,2,3,38,112,0,6,0,5,37,521,4,2,1,99,2,323,541,80,0,3,0,109,110,43,332,3,282,1,53,45,563,390,359,818,50,5,14,45,430,4,6,4,28,251,4,6,37,39,609,30,23,16,1,13,77,110,0,22,368,3,23,1,0,2,4,39,3,90,2,1,307,3,11,0,16,66,0,102
hsa-miR-4747-3p,897,0,8,9,166,360,2,3,3,626,2,0,871,73,44,25,5,9,8,153,35,2,1,6,239,11,200,10,7,17,2,2,132,0,1,47,180,117,22,254,60,14,4,0,108,0,2777,0,15,70,0,43,56,119,13,1,0,0,115,190,664,160,2,217,271,1,156,33,1205,174,371,33,4,90,56,0,103,2,21,119,140,125,5,43,145,563,2,1,41,1,8,3,70,7,36,1037,4,13,108,21,0,4,1204,846,4,1,1,62,39,42,7,18,0,3,75
hsa-miR-4747-5p,162,4,4,1,3,4,5,23,1,87,0,1,19,46,3,52,11,134,32,79,56,0,13,22,319,5,28,15,17,32,0,17,4,48,0,0,23,13,6,16,0,0,8,0,115,1,703,0,12,2,0,7,18,4,33,1,2,24,8,41,6,15,2,8,220,1,103,21,182,530,19,79,3,2,2,6,4,8,2,171,23,5,2,14,235,52,2,33,11,25,6,53,40,1,2,299,1,55,9,36,0,2,63,12,24,0,1,38,3,35,0,6,3,20,51
hsa-miR-4748,1322,7,136,17,290,34,152,190,10,1308,0,1,532,115,421,126,18,195,756,1077,1039,4,676,172,211,14,376,369,338,54,1,78,279,97,5,0,52,738,35,2149,4,19,220,0,48,0,3235,62,30,9,0,110,43,3,24,0,44,1,68,226,163,74,16,275,62,5,3809,91,750,2898,59,4307,366,162,126,2,197,216,41,851,121,144,326,95,217,531,208,140,172,401,11,150,250,60,31,1039,154,442,175,89,0,195,1267,340,325,52,3,200,7,96,1,395,23,383,62
hsa-miR-4749-3p,464,4,27,0,0,0,1,0,4,19,0,0,1,7,1,13,1,16,6,1,8,0,102,1,2,1,1,22,3,156,0,8,1,25,0,5,2,2,0,7,0,0,2,0,3,0,326,0,0,1,0,0,7,49,6,0,0,0,6,2,22,14,186,35,312,5,50,5,143,300,62,208,1,11,0,0,6,0,2,122,72,2,1,0,3,5,0,0,11,21,2,1,18,8,5,80,1,4,119,0,0,1,16,2,40,0,0,0,0,31,0,28,2,180,11
hsa-miR-4749-5p,740,0,74,2,121,570,39,49,19,286,27,1,82,303,49,15,14,80,120,466,755,2,7,80,496,12,139,344,7,27,1,6,173,53,0,13,109,146,0,253,0,3,71,0,1,0,1234,0,9,0,0,18,206,77,376,62,27,0,153,164,63,110,6,73,492,0,1050,59,551,575,601,683,92,18,5,1,91,104,11,451,217,37,59,0,212,256,91,2,88,215,13,215,128,15,14,967,69,347,42,34,0,90,169,216,132,3,0,0,0,71,1,5,9,130,27
hsa-miR-4750-3p,757,7,48,15,50,12,0,4,1,1474,0,0,110,43,66,48,8,53,52,624,93,2,34,7,95,7,32,2,15,39,0,1017,59,69,1,4,32,5,10,429,0,1,58,0,136,0,1333,6,38,1,1,1,66,152,18,1,0,0,325,28,352,68,7,658,325,0,124,411,210,461,679,45,31,84,78,199,54,60,14,1214,222,2,1,33,612,183,16,67,113,20,26,56,64,4,59,560,21,198,1,72,0,29,93,88,333,0,1,39,24,198,1,28,0,120,70
hsa-miR-4750-5p,397,21,116,1,185,1,19,174,19,2724,0,1,1336,603,285,131,159,241,504,132,2345,5,64,26,981,18,74,740,639,407,0,140,452,85,38,0,42,323,27,200,0,1,92,0,48,20,10686,7,19,208,0,45,142,172,635,1,17,38,172,84,288,70,27,15,117,1,2387,108,270,6,33,2215,264,10,3,7,172,226,23,1661,103,21,112,1,166,531,138,147,90,460,15,81,1757,19,5,516,135,838,184,209,0,112,3843,275,204,21,2,99,6,180,1,18,0,143,66
hsa-miR-4751,1282,3,44,25,58,8,82,30,16,297,0,0,8,88,63,27,2,176,202,163,740,1,104,152,1,56,8,250,5,462,2,24,151,36,0,1,144,102,11,127,0,7,183,0,42,0,2137,0,8,2,0,35,285,106,14,15,1,0,163,42,418,208,7,5,2,0,477,45,255,169,28,59,31,69,0,2,135,235,13,125,134,42,84,14,83,349,5,55,16,614,4,11,82,3,0,808,29,327,36,105,0,51,84,230,6,36,14,155,107,67,1,128,0,0,42
hsa-miR-4752,163,0,11,1,1,0,7,15,7,0,0,3,26,17,45,0,0,10,142,1,52,0,12,49,20,1,73,84,6,73,0,7,35,6,0,2,27,21,13,64,0,0,13,0,212,0,722,0,0,1,0,0,37,35,18,35,4,0,4,29,69,16,2,0,1,0,58,18,195,72,4,127,23,13,1,0,9,105,0,76,7,3,1,1,9,0,1,1,15,34,6,35,150,1,8,73,40,86,0,1,0,100,104,0,69,2,0,6,42,45,0,3,6,0,10
hsa-miR-4753-3p,103,0,1,0,1,1,21,2,0,0,0,0,157,0,0,0,0,2,56,3,5,1,2,1,1,0,1,108,2,1,0,3,0,0,0,0,2,1,45,118,0,1,1,0,0,0,20,0,4,2,0,4,5,25,3,1,0,0,195,0,1,6,1,49,1,0,11,5,38,1,4,7,2,2,0,1,0,97,4,21,18,0,2,1,18,0,1,0,22,1,0,71,11,0,0,36,15,1,148,0,0,16,12,1,53,0,0,0,14,0,0,1,0,2,0
hsa-miR-4753-5p,0,0,2,0,14,0,52,1,0,4,0,7,8,37,0,0,27,36,174,226,187,0,48,33,98,3,168,87,69,9,0,2,43,0,1,0,6,96,2,258,0,9,4,0,4,0,318,3,9,0,0,6,302,0,1,0,4,25,0,0,0,108,4,0,35,54,694,17,42,91,3,17,83,13,38,4,41,102,7,64,0,25,90,1,38,20,15,0,110,57,2,89,40,5,3,91,31,279,1,62,0,2,47,107,51,1,6,85,142,1,0,17,0,3,7
hsa-miR-4754,258,9,12,1,244,5,51,41,14,2192,1,1,237,394,38,0,8,166,458,758,732,2,251,299,407,10,10,231,140,1740,0,121,396,93,0,0,16,32,19,433,1,0,230,0,3,0,3368,9,2,6,0,69,300,325,89,2,1,2,89,45,182,387,16,10,1536,117,1322,61,518,1450,266,194,189,35,57,0,153,725,3,602,126,2,155,2,411,356,35,2,146,349,26,196,223,4,16,826,3,683,188,152,0,26,1831,1093,147,0,34,101,3,213,1,116,26,125,0
hsa-miR-4755-3p,4,3,2,0,1,2,28,23,1,543,0,0,3,0,31,0,1,4,16,484,19,1,39,29,2,0,5,45,33,11,6,41,4,107,1,0,6,1,44,115,0,5,2,0,7,0,515,3,5,0,0,20,6,44,138,0,0,0,141,44,63,0,78,13,141,0,199,11,83,194,17,622,23,51,40,1,32,0,12,318,0,11,3,18,102,38,27,29,22,83,0,39,28,0,0,34,18,53,2,111,0,2,24,353,74,0,12,132,50,2,0,3,255,1,55
hsa-miR-4755-5p,2,4,1,0,1,0,1,10,0,173,0,0,1,1,42,1,1,1,21,60,7,0,45,0,0,0,0,1,14,9,0,39,1,82,0,0,1,1,20,30,0,1,1,0,1,0,315,4,1,0,0,7,2,40,101,0,0,0,124,9,173,10,36,0,47,0,154,4,27,52,17,172,14,4,10,0,16,0,3,93,0,14,1,6,52,11,0,22,14,29,0,10,12,0,0,10,0,50,1,58,0,0,8,184,81,0,0,28,14,0,0,0,84,0,23
hsa-miR-4756-3p,97,0,4,0,0,1,0,4,0,2,0,0,6,4,14,0,3,25,1,2,771,3,5,9,1,3,9,5,8,19,0,67,7,5,1,0,2,132,27,42,0,0,6,0,44,0,243,0,7,0,0,9,15,24,282,0,0,0,1,1,263,3,2,92,4,0,44,16,36,265,7,133,2,43,0,1,74,7,11,3,22,24,3,29,91,37,4,2,4,2,1,43,1660,2,0,136,0,317,0,0,0,48,318,1,0,1,0,135,0,0,0,2,0,0,0
hsa-miR-4756-5p,397,3,4,0,67,4,0,2,1,4,0,0,4,46,13,4,1,6,31,2,11,0,10,4,174,1,2,2,3,12,0,43,0,1,0,0,6,3,5,7,0,0,3,0,110,0,857,10,0,0,0,6,9,3,0,0,0,0,93,116,112,15,4,3,590,0,204,11,68,530,96,19,1,1,73,1,73,6,0,142,1,0,1,1,5,197,0,0,2,101,7,2,24,0,6,248,0,5,1,2,0,2,1228,0,2,0,0,0,1,110,0,0,0,0,15
hsa-miR-4757-3p,196,0,13,4,66,6,7,28,12,327,1,0,239,117,80,64,66,102,193,450,374,1,199,35,510,8,44,348,214,203,1,106,301,223,0,84,244,29,133,14,0,1,284,0,609,0,3763,40,21,50,0,2,106,118,1186,1,21,28,112,197,326,207,142,0,188,0,38,135,293,402,27,654,72,96,211,0,66,181,6,189,214,41,13,28,183,373,23,0,74,138,10,239,3704,5,12,552,247,201,158,182,0,79,882,1,161,5,1,260,87,0,1,44,47,30,113
hsa-miR-4757-5p,403,0,1,5,78,7,3,14,5,219,0,0,107,80,0,45,23,264,169,3,187,1,117,19,454,5,45,202,99,101,0,48,204,108,1,2,109,16,31,15,0,0,112,0,407,0,2239,36,8,17,0,8,41,105,542,0,12,16,68,146,267,95,71,3,108,0,20,58,266,618,25,323,35,52,149,4,40,113,7,76,157,17,7,11,351,270,14,45,48,165,22,119,1624,4,7,567,109,98,62,1,0,42,443,102,109,7,0,149,80,102,2,17,54,0,99
hsa-miR-4758-3p,1847,7,69,1,1,10,45,3,5,471,0,0,3,116,0,112,5,116,48,659,247,1,41,44,190,7,6,202,2,392,0,5,34,57,0,0,151,56,86,16,47,0,9,0,116,0,1662,24,10,2,1,22,157,182,126,0,0,0,121,60,435,186,104,284,447,1,20,34,1558,60,54,168,176,96,16,1,20,4,1,232,186,41,7,34,417,505,5,41,68,175,15,8,60,10,0,1472,2,162,85,238,0,39,51,2,150,0,0,1,141,119,2,7,0,496,36
hsa-miR-4758-5p,2578,2,98,9,155,1404,46,214,143,5896,1,3,485,198,18,134,87,35,347,1973,696,1,15,108,217,10,214,8,22,199,4,2173,175,214,3,13,157,16,64,378,46,4,12,0,128,10,50975,16,33,12,13,59,250,370,150,10,22,0,1721,279,852,132,67,223,2801,6,305,1017,1975,718,374,380,32,37,277,468,89,14,51,3158,740,48,17,4,1224,1660,21,590,408,1773,36,107,1973,3,35,2433,14,195,476,422,1,53,342,139,378,4,4,182,213,296,6,91,1,113,128
hsa-miR-4759,204,0,8,1,5,10,111,33,25,37,0,1,307,405,29,4,7,163,140,232,710,0,27,220,170,10,158,34,25,78,9,8,60,10,1,0,39,41,11,86,0,0,189,0,11,1,659,1,2,1,0,1,36,9,62,0,27,1,10,6,34,17,263,9,10,0,371,84,97,19,19,144,17,4,19,4,54,22,30,35,5,11,32,6,222,19,10,27,6,19,14,83,121,4,3,161,16,322,149,3,0,20,176,7,126,0,3,156,5,117,1,21,0,201,94
hsa-miR-4760-3p,0,1,3,1,0,0,51,2,1,2,0,1,186,3,0,0,0,2,19,1,15,1,1,0,121,4,1,0,0,6,0,3,2,1,0,0,6,1,7,2,0,5,56,0,0,50,501,1,0,0,0,23,4,0,3,0,0,0,0,36,0,1,0,4,1,0,523,11,2,1,2,300,2,9,0,0,47,1,0,0,0,3,108,7,14,166,38,1,0,83,6,3,11,0,0,20,41,36,1,0,0,61,19,0,0,0,0,0,49,32,0,0,0,0,1
hsa-miR-4760-5p,1,0,39,1,121,0,105,9,18,15,0,5,37,74,89,0,58,347,211,3,976,0,5,59,622,7,144,67,152,158,0,18,18,147,3,0,79,146,28,214,0,3,87,0,153,12,696,1,0,0,0,13,25,11,206,0,60,0,1,36,160,24,11,0,199,1,1412,47,48,2,73,656,173,16,1,0,90,95,51,230,8,5,54,9,30,144,71,46,47,30,2,115,74,28,9,61,103,615,1,0,0,64,881,0,22,1,1,416,31,26,0,17,0,0,1
hsa-miR-4761-3p,9,0,3,0,46,2,0,24,1,461,0,11,7,197,19,4,2,30,104,0,8,1,5,6,0,0,4,8,30,0,0,0,35,41,0,0,1,10,1,1,0,0,50,0,114,0,614,0,4,2,0,4,137,0,1,0,0,1,0,2,162,5,3,2,1,0,11,245,107,4,2,8,46,0,1,0,10,2,0,61,1,0,6,0,31,60,0,1,12,0,1,2,59,7,1,196,18,144,21,0,0,2,1274,2,64,0,0,0,0,3,0,42,0,5,16
hsa-miR-4761-5p,3,3,8,0,0,5,79,4,17,35,0,0,31,123,55,51,61,41,156,542,323,0,70,153,54,4,141,48,32,84,2,16,42,18,0,4,91,49,0,271,29,1,53,0,34,19,1844,3,1,0,1,12,128,41,40,0,3,0,48,52,246,12,8,76,152,0,995,65,504,111,369,776,68,0,11,2,17,104,8,126,9,10,22,2,23,202,33,34,10,43,11,114,502,9,0,495,92,308,20,3,0,26,2792,0,46,1,0,104,0,154,1,57,0,0,59
hsa-miR-4762-3p,0,2,138,5,109,3,6,89,19,1345,1,19,216,61,123,64,145,99,98,286,429,0,160,281,77,3,129,48,209,552,0,9,227,46,1,0,353,126,68,18,0,1,6,0,181,0,810,0,20,1,1,11,95,0,2,0,13,0,2,169,75,218,7,274,0,22,418,111,193,196,9,737,57,49,2,2,19,1,31,397,84,107,75,271,169,55,65,57,42,280,19,139,64,4,0,149,66,101,0,0,0,80,86,50,1,0,11,63,43,125,1,2,13,283,37
hsa-miR-4762-5p,1,2,45,7,65,0,61,34,4,218,0,6,82,22,35,17,66,27,28,294,152,3,51,92,37,2,31,15,120,85,0,1,179,42,0,0,101,148,30,11,0,1,4,0,63,0,21,0,14,0,0,6,42,0,2,0,5,1,1,1,1,56,4,164,0,0,416,38,46,1,1,379,47,5,2,0,12,4,19,119,0,62,33,5,69,0,20,27,10,142,12,34,40,3,0,8,59,127,0,0,0,25,28,388,0,0,5,23,12,63,0,0,6,75,26
hsa-miR-4763-3p,306,6,2,0,3,1,2,4,0,9,0,0,129,89,0,6,4,48,77,398,13,0,35,3,275,6,6,3,118,30,0,5,39,38,0,0,3,131,8,119,68,0,197,0,2,0,586,0,17,2,0,0,4,12,244,0,0,0,4,45,231,30,2,4,2318,0,465,86,173,397,40,215,1,19,30,8,24,6,0,400,31,2,2,12,86,110,0,28,5,78,17,29,39,3,0,272,23,184,53,0,0,5,50,83,78,0,0,70,0,164,2,27,1,115,5
hsa-miR-4763-5p,65,0,99,28,71,11,12,93,24,13144,0,0,2851,133,65,191,17,64,161,172,94,0,60,122,11,6,15,43,52,116,14,6830,152,232,3,3,28,89,4,126,0,41,188,0,250,0,2878,32,33,19,1,15,409,6,109,2,2,1,1715,646,33,113,44,222,570,0,76,1294,607,1379,203,744,127,94,55,630,95,22,8,6210,373,18,30,61,910,285,4,1259,625,498,34,37,14354,18,27,961,13,629,366,148,0,20,644,412,562,6,3,168,236,252,8,76,86,565,674
hsa-miR-4764-3p,502,1,16,5,70,5,144,55,3,620,0,10,104,206,74,42,20,177,193,249,351,1,135,440,389,459,211,92,121,598,2,86,122,97,16,1,71,135,23,227,0,2,131,0,105,71,1302,0,5,0,0,30,172,24,508,0,0,5,13,89,118,30,26,144,356,0,1850,31,551,966,276,1278,107,109,39,5,85,375,56,205,26,30,89,69,61,222,49,75,93,96,12,179,116,21,29,311,101,620,36,99,0,110,1139,339,87,0,6,48,38,147,0,69,19,11,22
hsa-miR-4764-5p,274,1,4,1,265,4,32,0,2,974,0,0,3,283,115,2,6,5,75,7,23,1,7,109,3,6,5,23,132,379,0,156,219,6,2,0,7,38,18,485,0,0,17,0,3,0,1247,0,9,0,0,57,10,56,73,37,5,26,1,57,407,519,57,0,619,140,402,61,106,421,21,23,1,1,1,0,72,157,0,289,50,2,3,21,208,359,5,69,20,128,5,4,34,10,0,226,86,213,45,0,0,18,39,136,89,0,1,70,1,61,0,8,24,3,51
hsa-miR-4765,2,0,3,0,141,1,1,1,0,61,0,0,11,86,41,0,0,115,70,3,14,0,76,16,2,0,1,150,54,15,0,39,100,1,0,0,69,13,0,9,0,0,7,1,2,0,26,0,0,0,0,0,10,0,215,0,0,0,1,1,79,33,3,4,273,0,714,25,1,4,4,18,4,0,0,2,30,13,9,172,0,27,98,1,62,2,29,0,2,1,6,3,1682,2,0,127,40,128,0,1,0,27,86,1,0,0,0,1,0,87,0,0,0,345,1
hsa-miR-4766-3p,1,0,18,1,3,0,2,32,2,291,0,0,144,41,4,0,1,2,0,0,230,0,36,0,136,2,0,1,11,166,0,0,2,55,0,0,3,0,0,3,0,0,42,0,0,0,703,0,0,0,0,0,3,1,0,0,1,0,0,0,40,6,2,1,0,0,6,4,17,4,1,182,0,0,1,0,19,0,10,2,0,5,2,2,0,150,0,0,37,0,0,1,14,1,0,115,30,191,0,0,0,0,15,1,108,0,2,0,0,0,0,18,0,0,7
hsa-miR-4766-5p,464,0,3,0,0,5,5,3,1,9,1,0,139,29,15,18,1,117,72,12,547,0,2,5,138,493,5,47,45,4,0,83,107,0,0,0,19,31,11,4,0,0,4,0,2,0,380,1,0,0,0,0,138,0,5,0,0,0,53,0,56,2,7,1,0,0,48,12,4,7,113,39,38,1,1,1,3,5,1,194,1,22,1,1,1,2,12,51,64,309,1,11,36,5,2,77,1,218,0,42,0,12,42,0,0,0,2,116,1,5,0,16,1,128,0
hsa-miR-4767,156,5,65,7,167,6,3,12,17,51,0,5,401,72,26,0,8,132,122,1696,228,0,23,142,339,11,2,58,169,189,1,709,68,78,3,5,2,81,27,490,98,47,69,1,199,0,495,26,22,3,0,62,97,14,12,1,0,0,656,66,609,60,12,1,615,0,23,425,207,229,82,230,8,17,3,2,25,57,24,974,109,24,12,11,611,216,30,627,229,111,25,7,1314,9,7,1273,1,345,295,1341,0,14,2522,1,276,0,2,12,3,236,1,23,2,295,107
hsa-miR-4768-3p,4,0,1,0,0,0,0,15,0,1,0,0,4,1,10,0,0,4,0,2,3,0,1,87,2,0,0,1,1,3,0,0,5,0,0,0,0,0,0,1,0,0,1,0,1,0,12,0,6,0,0,3,2,0,3,0,0,0,3,0,1,16,0,0,2,0,11,3,87,0,3,4,0,0,1,0,0,175,0,37,0,0,1,1,1,56,11,1,5,0,2,0,15,0,2,87,0,134,0,1,0,0,11,0,0,0,0,1,0,0,0,1,0,0,0
hsa-miR-4768-5p,2,0,3,10,1,1,0,1,2,2,0,0,6,0,0,6,1,2,2,1,7,0,1,1,1,4,5,1,1,1,0,5,3,1,0,1,68,4,0,0,0,8,208,0,1,0,639,0,0,0,0,0,583,0,74,1,0,0,1,87,56,37,1,2,0,0,15,7,133,3,10,458,20,0,106,0,3,4,0,81,132,1,2,0,2,30,0,0,7,0,1,44,24,0,1,555,0,2,0,0,0,3,16,0,23,0,0,1,0,1,0,1,0,1,3
hsa-miR-4769-3p,658,4,1,9,5,5,1,2,15,275,0,0,126,9,66,107,4,42,3,398,16,0,5,3,247,13,7,172,10,21,1,3,10,231,0,0,3,32,8,20,0,0,181,0,767,0,1104,0,11,20,0,97,73,229,20,1,13,0,21,57,146,204,415,50,24,48,163,51,740,525,33,13,21,47,1,1,15,10,23,1008,202,4,77,0,198,584,1,90,57,214,10,5,70,27,0,941,0,28,114,26,0,4,730,336,83,1,0,0,23,0,3,1,0,0,36
hsa-miR-4769-5p,7,0,13,1,52,4,1,1,1,5,0,0,56,3,45,17,0,4,41,731,10,0,1,31,39,3,2,4,2,8,0,0,15,0,0,0,29,63,0,5,16,0,4,0,0,0,303,0,7,0,0,10,4,0,19,0,7,0,65,2,31,10,0,3,169,0,75,4,137,1,3,165,0,0,0,0,1,1,5,44,0,57,1,0,4,118,30,0,56,1,3,0,9,0,0,172,0,4,0,54,0,1,13,1,1,0,0,2,67,68,0,1,0,1,0
hsa-miR-4770,2,23,2,0,20,0,0,10,0,0,0,0,2,22,2,0,0,1,87,0,5,0,0,136,0,1,12,1,0,163,0,0,1,22,0,0,2,0,0,1,0,0,1,0,0,0,281,0,18,1,0,0,0,0,1,0,1,0,1,0,0,1,0,46,2,1,82,9,1,0,0,417,17,0,0,0,43,0,0,28,0,1,0,0,0,0,8,1,8,22,4,62,9,0,0,45,0,2,0,1,0,37,12,0,0,0,0,15,0,28,0,5,0,0,0
hsa-miR-4771,58,2,107,1,133,7,9,53,18,58,0,0,193,274,16,53,30,129,7,489,625,0,9,11,241,5,13,14,7,260,0,76,10,10,4,0,23,16,4,41,0,2,241,0,8,2,1457,0,1,31,2,37,7,0,54,0,1,0,219,124,352,9,2,8,5,0,1226,21,546,19,27,1003,3,2,5,4,52,63,2,29,9,9,16,0,146,274,5,83,32,36,0,76,222,0,0,295,19,12,19,153,0,11,77,1,55,0,0,17,1,13,1,122,0,16,0
hsa-miR-4772-3p,27,0,1,11,353,3,3,5,0,464,0,0,4,79,0,0,0,2,42,9,557,0,2,1,443,10,3,1,0,15,0,7,48,123,0,0,2,121,4,16,100,0,2,0,2,0,269,11,10,0,0,0,13,6,4,0,0,2,81,2,404,35,1,49,203,16,14,9,77,1,9,277,2,60,1,0,51,1,1,2,3,4,0,0,0,237,16,0,3,204,20,13,11,0,0,251,1,5,1,164,0,45,15,0,56,0,0,0,1,101,0,42,1,0,40
hsa-miR-4772-5p,2,0,1,0,1,1,4,68,0,1,0,0,1,7,51,0,0,0,1,1,552,0,2,3,1,1,2,0,4,2,0,2,1,121,0,0,6,2,10,222,0,0,2,0,1,0,164,1,6,0,0,0,103,1,0,0,1,0,0,1,69,4,2,45,0,0,500,9,51,3,4,216,1,2,1,0,1,1,8,289,0,1,2,0,2,2,0,2,2,142,0,18,16,0,0,139,42,3,0,1,0,2,424,0,0,0,1,1,0,2,0,2,0,0,67
hsa-miR-4773,118,0,12,0,5,1,0,0,0,946,0,0,2,44,0,0,85,117,77,4,115,0,3,32,0,2,1,3,40,12,0,0,6,100,0,0,2,6,0,81,0,0,2,0,2,0,12,0,0,0,0,2,6,0,2,0,0,0,21,1,17,1,73,0,1,0,4,21,115,1,3,5,10,0,81,0,0,6,0,0,0,0,4,5,0,48,0,0,0,0,1,1,43,0,1,99,0,33,0,0,0,17,1299,0,28,0,0,0,21,25,0,59,0,0,9
hsa-miR-4774-3p,236,0,13,1,72,0,83,7,7,2,0,0,188,79,4,38,7,110,313,885,1168,7,7,125,1,5,88,6,106,323,0,117,6,0,0,17,181,250,0,238,41,0,10,0,0,0,3310,0,0,1,0,13,12,3,2,1,1,0,18,0,84,148,8,2,1,0,52,45,3,4,10,505,2,62,126,0,47,105,0,180,1,8,3,1,3,170,57,85,0,0,9,86,62,7,0,417,0,901,1,1,0,41,63,0,97,0,2,0,0,6,0,106,0,1,40
hsa-miR-4774-5p,3,0,0,0,0,0,2,1,2,8,0,0,2,12,0,0,0,3,5,3,10,0,1,8,0,0,150,2,1,4,0,1,63,1,0,0,1,117,0,2,0,0,3,0,1,0,464,0,1,0,0,0,0,34,2,0,23,0,1,1,1,10,1,1,105,0,8,348,0,3,3,10,2,0,33,1,22,24,0,195,14,2,3,12,1,23,2,62,9,0,0,4,23,7,0,1,0,58,0,0,0,20,27,0,26,0,0,36,0,3,0,1,0,1,0
hsa-miR-4775,13,0,7,9,0,8,3,4,11,4,0,0,7,6,1,15,73,3,73,9,266,3,65,112,320,7,68,2,5,348,0,2,87,63,0,1,10,5,0,50,0,0,6,0,1,2,35,0,1,0,0,0,9,2,4,1,1,0,0,1,2,2,8,3,91,0,1733,13,31,2,60,358,4,0,1,2,2,1,0,159,188,5,2,0,54,37,3,1,15,0,0,111,31,1,7,146,0,7,5,49,0,50,1365,0,0,0,1,1,35,0,1,26,0,0,0
hsa-miR-4776-3p,344,0,1,0,44,1,1,20,0,129,0,0,3,23,0,0,1,2,0,2,7,0,2,2,129,1,0,0,4,482,0,0,2,2,0,0,3,3,0,8,0,0,0,0,2,0,251,6,0,0,0,0,2,3,4,0,0,0,0,110,70,0,0,0,80,1,14,7,142,1,2,5,15,78,1,0,13,1,4,2,3,2,38,0,31,40,0,42,0,0,5,0,25,0,4,9,4,2,0,0,0,44,451,135,55,0,0,0,1,26,0,0,0,0,0
hsa-miR-4776-5p,209,0,2,0,73,1,1,6,1,40,0,0,11,8,0,72,1,1,4,1,10,0,2,94,1,1,1,3,6,4,0,1,21,0,0,0,1,6,2,3,0,0,1,0,2,0,344,1,0,0,0,5,7,1,6,0,0,0,0,0,38,0,5,1,79,0,5,17,45,1,203,10,7,46,0,0,17,2,2,1,0,33,34,0,0,40,6,47,2,2,1,17,867,0,14,51,4,6,0,0,0,15,419,0,2,0,0,0,28,17,0,19,0,0,0
hsa-miR-4777-3p,211,0,45,0,0,2,67,61,2,1,0,1,4,25,0,1,4,144,169,204,47,0,23,156,2,1,10,79,7,187,0,73,23,45,0,0,15,87,26,4,0,0,5,0,0,0,1921,0,12,0,0,2,12,1,2,0,8,0,0,1,0,0,1,0,16,0,1650,16,184,0,4,996,26,1,0,0,38,27,5,0,0,118,47,54,106,0,7,1,3,0,0,17,51,0,0,54,36,13,0,0,0,95,724,0,99,0,18,1,0,0,0,29,1,0,9
hsa-miR-4777-5p,80,0,14,1,0,1,0,6,11,4,24,0,1,39,1,0,1,6,4,203,88,3,4,7,0,0,2,71,3,2,0,2,18,44,0,0,189,175,1,0,0,0,3,0,0,0,1949,0,17,1,1,4,3,0,3,0,0,0,0,0,1,24,2,0,0,0,546,10,0,0,2,133,65,0,0,0,2,37,1,0,1,2,56,6,15,0,25,0,4,0,1,15,21,0,0,40,3,40,20,0,0,38,640,0,1,0,0,3,1,0,0,30,0,0,69
hsa-miR-4778-3p,1,0,0,0,1,0,26,1,0,271,0,0,2,126,3,0,122,85,32,3,4,0,64,14,1,0,44,11,1,6,0,0,6,34,0,0,1,21,0,45,0,0,1,0,0,0,50,0,12,0,0,0,1,89,23,1,11,0,32,32,18,8,0,0,0,0,1,6,55,0,3,124,122,0,1,0,21,10,0,98,2,100,33,23,18,30,0,0,28,0,0,2,20,2,1,112,0,186,0,76,0,1,24,147,1,0,0,96,31,0,0,30,0,0,0
hsa-miR-4778-5p,4,1,7,0,117,0,13,44,1,3,0,2,34,4,0,0,3,3,29,536,12,1,82,24,76,0,64,16,2,4,0,70,4,13,0,8,5,59,0,25,0,0,3,0,0,0,502,0,1,0,0,0,18,42,0,0,3,1,2,2,1,70,11,4,2,0,768,20,1,0,5,515,14,12,0,0,32,2,1,125,34,8,188,0,298,2,22,0,64,0,5,5,1637,0,0,17,2,214,1,70,0,7,60,0,0,0,1,0,15,50,0,42,0,0,0
hsa-miR-4779,113,1,73,0,0,0,3,1,2,1,0,0,4,3,42,1,2,2,1,4,22,0,2,3,0,2,3,3,0,2,0,3,3,0,0,0,8,0,0,1,0,0,1,0,0,1,543,0,49,0,0,4,4,0,1,0,1,0,2,1,160,1,0,2,3,0,516,9,219,2,61,901,3,0,0,1,5,1,0,226,121,2,1,1,1,349,0,77,16,64,0,0,23,0,3,94,3,295,3,1,0,9,14,1,0,0,0,0,0,1,0,2,0,1,69
hsa-miR-4780,44,3,59,1,3,0,36,65,4,1323,0,0,145,2,209,34,3,3,2,561,33,0,1,29,2,1,4,126,123,320,0,34,4,24,1,0,224,60,21,22,0,0,0,0,0,0,1558,0,0,0,0,22,5,155,176,0,0,1,1,4,0,155,3,31,447,0,33,7,296,2,12,441,6,135,75,1,0,186,0,4,3,80,7,0,382,24,79,76,61,343,0,105,23,0,0,163,38,2,1,0,0,7,44,359,51,0,1,1,150,1,0,195,42,4,14
hsa-miR-4781-3p,7578,44,486,222,4725,443,792,1522,619,15091,65,102,3953,1634,379,5329,867,1852,1024,7397,6155,19,1612,1718,5420,935,1691,1931,1429,8854,80,758,2834,5556,57,90,2291,1723,2805,10185,72,88,2671,19,954,74,19841,547,5431,371,39,339,4975,3269,4505,59,159,175,3944,1833,2773,10110,2945,5269,3665,65,6121,52502,7339,3487,11492,4904,1300,1275,2237,648,1337,1724,13338,4275,2932,497,1333,1448,2006,4014,296,3095,7610,5303,731,1156,16267,1409,789,31647,419,3733,4114,1766,0,531,21326,9227,3214,29,567,4767,7534,5071,103,434,68,8324,3168
hsa-miR-4781-5p,137,9,4,0,116,4,9,9,9,779,0,1,188,419,0,6,7,55,23,16,567,0,24,21,15,2,47,11,10,41,0,7,20,12,9,4,30,46,3,145,0,0,9,0,4,0,1325,0,20,2,1,21,19,5,23,0,2,0,10,6,232,34,6,45,3,0,121,28,386,15,19,50,10,3,6,3,33,98,18,575,13,2,115,3,10,16,5,5,11,12,2,28,33,4,9,533,9,149,2,7,0,9,130,199,6,1,2,7,11,32,0,10,1,10,62
hsa-miR-4782-3p,4,1,3,0,0,1,2,33,1,5,0,0,39,35,42,1,3,58,1,1,217,0,0,74,3,0,89,173,53,33,0,27,68,36,0,0,67,196,49,7,0,0,4,0,9,0,696,0,0,0,0,1,9,7,201,0,12,18,0,1,149,30,5,0,1,0,306,17,23,3,5,666,76,0,35,0,54,166,0,39,1,3,143,1,68,63,9,0,6,0,1,32,32,16,2,41,73,53,0,120,0,25,39,2,0,12,0,10,0,25,0,0,0,50,1
hsa-miR-4782-5p,283,2,62,1,2,4,42,6,2,6,1,23,207,124,135,1,5,69,21,2,449,2,129,17,153,0,124,173,99,650,0,25,337,98,0,24,193,293,19,756,1,0,81,0,416,0,3298,0,19,3,1,28,25,35,238,0,10,0,79,134,0,119,13,2,1,2,348,77,72,451,51,1690,171,57,1,1,71,325,19,184,31,6,5,26,116,1,32,1,36,8,23,44,1080,3,6,294,100,17,89,1,0,61,823,0,38,1,0,92,148,200,2,32,9,24,54
hsa-miR-4783-3p,1503,3,149,2,269,5,314,108,8,170,4,55,184,318,90,103,15,507,575,82,1737,7,306,72,494,11,81,112,389,23,1,953,543,2,0,95,1113,79,38,173,1,0,172,0,533,11,3101,105,43,145,2,16,1448,61,540,0,22,50,1,51,561,620,31,145,6,36,473,157,413,418,230,781,113,56,293,1,140,145,4,355,135,20,47,15,356,718,31,721,29,434,7,152,7635,9,34,847,72,392,69,2,0,10,289,75,155,3,2,138,178,23,3,498,0,290,138
hsa-miR-4783-5p,727,5,317,21,1011,124,489,506,45,4784,0,12,1777,1495,334,195,302,1599,1926,3453,10400,10,1727,1810,1107,38,923,1724,564,2129,1,2247,1370,638,7,0,1043,1794,119,2207,45,8,1810,2,1267,62,13369,25,78,113,85,122,1209,383,3056,0,105,15,176,459,631,1546,344,243,1416,227,9995,1079,1097,1846,1869,7350,604,104,505,1887,584,978,88,2520,95,701,778,67,751,1317,397,705,566,1241,66,905,5474,59,61,1532,497,3546,507,838,1,606,9927,1110,323,37,16,425,434,338,6,428,63,618,160
hsa-miR-4784,13,0,2,10,3,1,56,0,0,45,2,0,1,45,6,0,1,2,102,936,13,1,165,4,236,5,1,0,2,17,0,1,1,36,0,0,4,2,1,124,0,20,51,0,47,0,238,0,9,0,0,22,3,2,8,0,0,0,2,3,411,29,1,345,44,1,43,7,19,844,8,22,1,84,0,0,72,1,0,360,99,1,0,6,163,105,0,2,25,2,6,34,19,1,3,225,1,11,2,0,0,4,17,1,0,0,0,257,1,92,0,4,1,1,81
hsa-miR-4785,681,11,153,16,492,6,1,120,20,687,1,0,145,256,155,28,75,24,353,483,406,1,52,9,120,157,25,134,6,592,1,1479,21,97,0,14,10,15,20,289,0,4,7,0,11,0,1460,31,46,6,0,28,22,114,170,1,6,38,90,113,294,55,2,17,470,2,318,101,1232,1196,125,1017,10,1,12,3,90,102,12,1687,234,12,3,88,121,394,6,277,94,464,36,4,1754,3,20,1567,140,117,436,164,0,24,123,292,43,1,3,25,220,326,2,57,3,209,113
hsa-miR-4786-3p,10,0,5,0,258,0,2,3,0,634,0,0,6,120,119,0,5,13,10,4,104,0,6,163,197,4,61,5,1,10,0,1,7,0,0,0,7,135,0,12,0,0,208,0,1,0,1914,0,1,0,1,1,11,1,2,2,14,0,1,51,283,17,4,0,72,0,518,62,199,2,6,195,109,7,192,0,0,1,0,249,0,4,236,0,1,2,1,78,33,24,3,3,38,0,0,313,0,122,0,175,0,4,31,191,152,1,1,0,0,1,0,106,0,14,0
hsa-miR-4786-5p,513,5,3,1,58,1,2,28,4,175,119,0,5,44,9,0,6,239,22,5,807,0,152,140,76,2,62,69,1,507,0,77,12,62,1,57,64,240,3,282,0,0,152,0,162,0,1027,9,10,8,0,2,56,1,7,1,1,0,1,12,22,41,4,0,0,0,514,19,392,64,171,395,77,22,0,0,205,57,11,218,71,16,95,2,142,122,80,141,63,39,22,201,97,4,9,376,1,406,1,198,0,122,66,46,62,13,0,0,56,164,0,57,37,3,0
hsa-miR-4787-3p,831,11,79,44,296,6,9,10,31,932,1,5,45,308,102,91,12,49,254,262,286,0,154,14,295,6,8,218,136,46,0,207,82,187,1,0,238,95,65,721,70,8,6,0,154,16,8797,11,28,78,0,13,465,149,22,1,4,0,84,189,853,337,337,136,1519,1,61,117,978,745,471,81,11,52,57,8,57,70,68,349,124,31,8,4,939,693,37,202,76,515,20,74,116,49,50,915,19,231,0,337,0,17,185,164,47,15,0,107,220,196,4,7,0,643,102
hsa-miR-4787-5p,1418,26,11,3,225,15,141,56,12,3015,6,2,493,293,152,163,5,67,172,1387,164,4,16,26,1467,827,77,367,127,252,14,10,17,170,7,29,336,14,79,724,1,8,45,0,6,0,4409,34,66,1,1,92,44,745,602,4,4,3,840,982,566,644,55,613,2500,71,92,107,1645,4937,2777,195,9,187,12,376,128,128,19,1815,343,13,93,87,1493,1130,62,250,226,1597,107,38,822,2,175,2277,3,167,69,210,0,6,157,262,564,1,0,169,362,725,15,118,0,821,717
hsa-miR-4788,155,5,4,0,133,2,4,64,0,471,1,10,2,4,15,21,2,1,107,576,595,0,2,26,526,10,4,78,1,104,1,2,3,163,1,1,13,24,29,63,1,0,1,0,16,0,1235,0,24,2,1,16,8,18,12,0,0,0,4,178,89,6,0,1,7532,0,20,8,488,1144,25,15,1,46,36,913,65,2,0,900,740,2,2,1,3722,407,1,0,55,4830,1,3,19,13,14,1128,13,90,18,140,0,0,50,35,201,22,0,2,18,85,3,1,0,3,14
hsa-miR-4789-3p,2,0,0,0,0,0,0,0,0,62,1,0,2,0,0,0,0,1,1,1,0,0,0,2,0,0,0,1,1,1,0,0,0,1,0,0,0,0,0,3,0,0,0,0,0,0,4,0,0,1,0,0,133,0,0,0,0,0,0,0,0,25,1,0,0,0,0,4,1,1,1,0,0,0,0,0,0,0,0,0,0,0,80,0,0,76,2,0,0,117,5,0,10,0,0,9,0,2,117,0,0,0,11,0,0,0,0,0,0,0,0,0,0,0,0
hsa-miR-4789-5p,2,0,1,0,1,2,58,2,0,2,0,0,2,1,1,0,0,52,2,1,13,0,0,3,1,0,2,0,0,2,0,1,2,0,0,0,0,0,0,114,0,0,1,0,0,0,19,0,0,0,0,0,1,0,1,0,15,0,1,0,1,0,1,0,0,0,272,1,60,0,3,13,1,0,0,1,1,1,6,60,1,1,1,0,0,1,55,0,0,0,0,36,13,4,0,67,0,270,1,0,0,1,18,2,0,0,0,2,0,0,0,0,0,1,0
hsa-miR-4790-3p,228,1,4,0,0,0,20,31,0,205,0,0,5,36,53,0,5,180,59,1,534,0,1,4,83,1,38,39,7,7,0,5,3,0,0,13,24,80,29,71,0,0,1,0,61,0,373,0,5,0,0,19,36,0,3,0,0,0,32,0,88,6,4,0,3,0,1169,22,77,73,63,448,4,15,0,1,42,57,1,184,66,3,27,0,55,50,42,0,16,109,3,10,62,2,3,295,44,225,0,0,0,24,805,0,1,1,0,27,0,0,2,49,0,160,11
hsa-miR-4790-5p,245,0,0,0,0,1,14,4,1,219,0,2,2,26,29,2,0,31,55,3,188,0,3,2,66,3,27,37,0,5,0,0,1,0,0,0,37,0,0,85,0,0,2,0,67,0,238,0,5,0,0,4,32,2,2,0,0,0,16,0,1,26,3,1,0,0,209,9,62,93,59,464,1,45,0,0,16,48,1,47,140,2,23,0,0,66,31,0,52,114,0,2,46,2,2,481,42,94,0,1,0,19,23,0,1,0,1,43,0,0,0,14,0,62,16
hsa-miR-4791,2,0,7,3,1,0,43,41,1,358,0,0,146,67,2,37,5,208,1,259,343,1,7,179,0,0,142,3,4,7,0,1,49,2,0,0,157,105,2,7,0,7,4,0,2,0,265,0,1,0,0,19,20,1,4,0,16,4,0,0,3,116,6,188,1,0,884,33,130,119,1,35,90,0,0,0,55,46,23,3,0,37,7,2,23,73,1,0,20,308,0,46,1934,4,1,78,50,140,1,2,0,0,86,2,88,0,0,2,105,0,0,30,0,0,2
hsa-miR-4793-3p,7,1,56,1,90,4,9,213,6,5,0,4,191,439,636,2,13,279,593,4,3851,1,270,887,277,6,247,290,43,18,0,100,208,8,4,1,214,123,24,1592,0,0,152,0,493,0,3082,4,6,18,0,9,89,41,608,0,16,2,183,157,172,213,240,1,4,0,6333,204,234,339,23,3398,463,0,108,1,156,705,23,2,0,20,461,5,1,197,327,4,45,136,10,73,2192,70,15,366,166,5252,1,0,0,539,9638,20,35,1,4,67,91,84,0,151,4,33,2
hsa-miR-4793-5p,765,5,102,3,1227,13,140,238,42,4217,0,5,1438,1222,1224,92,62,809,1222,2518,7121,10,547,1023,783,253,696,1196,319,2011,2,504,1073,62,6,25,634,602,72,5197,2,11,774,1,446,70,6459,7,51,3,0,41,529,248,514,2,122,29,234,69,882,322,72,176,3,50,9947,335,428,520,31,4606,1964,51,140,0,397,646,30,1326,74,290,1014,88,391,426,304,266,158,257,12,490,894,32,20,592,290,4701,71,545,0,1087,17037,116,230,3,38,77,145,101,4,133,13,550,145
hsa-miR-4794,223,0,0,0,77,3,1,0,1,48,0,1,0,1,0,0,37,1,0,0,7,0,0,0,0,0,1,0,0,1,0,40,1,0,0,0,1,0,0,2,1,3,0,0,2,0,204,0,14,0,0,13,0,0,1,0,0,0,59,1,0,0,0,0,1,0,167,2,38,126,5,6,0,0,0,0,0,0,0,155,1,1,0,0,73,1,0,1,0,0,1,1,0,14,0,304,2,1,11,103,0,0,2,1,0,1,0,0,1,0,4,1,0,0,44
hsa-miR-4795-3p,0,0,8,0,71,0,27,10,3,253,0,0,7,125,0,1,1,46,35,2,289,1,1,1,113,4,80,68,33,181,7,81,73,28,0,19,99,50,0,225,0,0,3,0,0,0,563,0,2,0,0,0,3,1,4,0,0,0,0,0,46,58,0,0,0,0,461,7,0,0,1,244,39,0,0,0,0,2,2,3,0,4,2,15,0,0,45,0,14,1,0,0,15,0,0,67,1,3,0,0,0,6,21,7,1,0,0,2,0,1,0,21,0,2,0
hsa-miR-4795-5p,1,0,0,0,0,0,1,25,0,80,0,0,0,0,0,1,0,0,3,2,4,0,0,1,0,0,1,0,1,256,0,0,2,0,0,0,1,43,0,1,0,0,0,0,0,0,11,0,0,0,0,0,5,0,3,0,1,0,2,0,2,6,0,0,0,0,9,3,0,0,0,5,0,0,0,1,1,1,16,2,0,0,0,29,0,1,31,0,0,0,0,1,4,0,0,28,0,0,0,0,0,0,8,2,1,0,1,0,0,1,0,14,0,1,0
hsa-miR-4796-3p,334,0,2,0,1,1,1,1,1,428,1,0,0,0,0,54,1,2,16,618,103,0,45,0,0,3,2,0,0,11,0,172,108,0,0,0,5,3,0,7,0,0,2,0,0,1,512,0,19,3,0,11,8,1,43,0,20,0,0,1,2,18,1,98,0,1,5,5,88,1,15,11,1,9,1,1,1,1,15,143,1,3,1,38,18,157,0,195,107,124,6,55,13,1,0,217,4,107,246,154,0,0,20,5,0,0,0,1,187,1,0,1,0,321,0
hsa-miR-4796-5p,1,0,3,0,1,0,4,4,20,450,0,0,3,68,0,0,3,80,0,2,1461,0,26,3,0,0,4,8,5,7,0,38,12,125,0,0,13,51,4,2,0,0,2,0,0,0,1023,0,0,40,0,0,11,0,5,0,0,0,1,0,1,1,1,107,2,0,619,12,0,0,3,26,0,40,44,0,62,98,0,1,6,3,100,0,0,76,15,1,0,0,0,56,35,0,0,55,33,57,0,62,0,33,1332,0,1,2,2,0,0,0,0,1,1,2,48
hsa-miR-4797-3p,262,0,4,0,1,1,2,0,3,1,0,0,6,48,0,1,0,74,33,4,8,2,24,3,52,3,2,48,26,1,7,3,4,0,0,0,6,2,0,0,0,2,1,0,147,0,775,0,0,0,0,0,2,0,28,1,1,0,0,5,101,4,1,1,0,0,4,3,165,0,142,7,0,6,1,1,10,0,16,0,0,1,0,2,0,87,0,0,2,57,0,13,8,2,0,163,5,0,6,16,0,1,11,25,2,0,0,68,0,0,0,0,0,1,9
hsa-miR-4797-5p,467,0,2,0,1,1,7,2,4,1,0,0,2,50,0,0,2,98,12,1061,21,0,26,2,84,3,2,85,58,13,11,6,2,0,0,44,12,2,0,4,0,2,154,0,59,0,2057,0,0,0,0,5,124,0,62,0,0,0,2,279,378,36,0,1,0,1,16,7,459,101,211,19,4,6,1,1,17,3,0,2,0,2,1,5,218,208,0,0,10,66,9,24,15,1,0,370,28,1,14,42,0,3,13,55,83,1,0,1,0,0,0,3,0,0,111
hsa-miR-4798-3p,329,1,2,0,20,5,1,0,0,2,0,0,136,3,0,47,0,5,2,5,1,0,2,1,190,3,1,146,2,4,0,0,3,56,0,0,0,4,18,11,0,0,103,0,1,0,4,26,0,0,0,0,650,0,1,0,1,0,1,0,4,2,4,0,0,1,3,8,221,247,13,1,47,0,0,0,0,1,0,42,0,2,7,0,0,0,2,1,44,2,0,2,35,0,0,231,0,3,2,0,0,0,45,263,1,0,0,0,0,0,1,0,0,0,60
hsa-miR-4798-5p,522,0,1,0,0,3,2,0,1,0,0,0,1,1,40,0,4,3,0,261,580,0,0,3,0,2,2,36,2,8,0,3,1,0,0,0,83,2,0,4,0,0,0,0,0,0,712,0,0,0,1,89,2,0,1,1,31,0,0,1,0,39,0,1,0,0,503,12,118,2,6,13,0,0,0,0,0,0,19,430,2,2,2,1,0,17,23,0,26,191,1,3,8,0,2,247,0,111,0,1,0,5,5,417,1,0,0,1,0,0,0,3,0,277,0
hsa-miR-4799-3p,1,0,4,0,36,1,6,5,2,0,0,1,1,2,14,1,61,1,48,2,572,0,121,2,0,1,3,182,2,108,0,1,2,1,0,0,6,53,0,8,0,0,3,0,0,1,590,0,1,1,0,13,5,1,227,0,26,0,165,0,4,3,1,1,1,0,1057,28,45,300,39,173,6,20,2,1,23,156,0,164,1,4,11,0,3,2,14,1,0,0,4,6,9,0,4,187,14,24,1,0,0,0,29,24,146,0,64,36,16,35,0,1,1,220,1
hsa-miR-4799-5p,0,0,3,0,41,2,71,0,1,3,0,0,0,0,11,0,6,2,54,1,189,0,1,7,1,0,2,91,1,100,0,0,3,0,0,1,4,51,0,5,0,0,121,0,44,0,423,0,0,2,0,9,3,0,91,0,3,0,0,0,3,0,1,0,1,0,524,43,71,1,81,165,35,14,1,0,19,68,0,236,10,3,85,1,2,2,22,0,0,0,3,1,12,1,5,83,19,84,0,0,0,1,26,55,64,0,0,27,39,24,0,1,0,236,1
hsa-miR-4800-3p,538,12,5,15,33,2,75,5,4,1027,0,19,53,350,65,12,3,78,77,396,17,1,3,44,142,8,21,223,5,191,0,163,6,24,1,0,106,17,22,241,0,10,132,0,25,0,1357,1,16,72,24,38,63,240,75,1,8,0,1,19,229,151,0,66,96,0,22,444,403,182,26,14,3,24,1,1,88,113,10,330,120,3,3,9,538,44,51,73,24,3,6,62,636,0,9,966,31,123,89,127,0,1,332,108,117,0,0,162,0,62,2,28,0,88,125
hsa-miR-4800-5p,144,75,2,0,0,3,0,20,18,383,0,0,3,2,0,0,0,1,40,114,8,0,3,65,2,1,2,1,0,7,1,1,0,0,0,0,20,0,12,7,1,0,1,0,1,0,278,0,0,0,0,7,1,0,1,0,0,1,124,122,1,50,1,0,366,0,6,4,50,1,73,6,0,0,0,0,1,109,19,80,0,41,1,1,1,210,2,0,30,0,7,3,4,0,2,453,1,4,0,343,0,1,4,5,45,0,1,37,1,0,2,0,0,0,0
hsa-miR-4801,208,0,4,0,18,0,0,16,4,2,0,0,0,26,9,0,0,5,18,2,139,1,107,73,0,1,47,1,22,2,0,25,3,0,0,0,2,2,0,68,2,0,26,1,0,0,370,0,2,0,0,5,3,2,1,0,1,0,90,12,1,0,2,1,0,0,244,11,12,0,8,10,126,0,0,0,49,50,3,1,57,56,110,1,144,67,30,13,97,0,0,13,33,2,1,171,10,136,2,0,0,39,290,0,53,0,0,1,0,3,0,16,1,17,2
hsa-miR-4802-3p,7,0,4,2,0,2,2,2,0,859,0,0,8,5,8,0,114,10,64,74,540,0,3,1,97,1,3,196,1,332,0,3,41,0,1,0,173,5,22,191,0,9,107,0,0,0,122,0,18,0,0,0,7,1,3,1,5,0,1,1,1,113,4,1,0,0,317,4,58,188,4,626,0,0,169,0,2,54,2,525,48,3,26,0,157,0,22,0,3,4,0,5,21,1,2,197,14,238,0,0,0,34,29,1,1,1,0,1,0,0,0,8,1,1,73
hsa-miR-4802-5p,532,5,100,13,2,1,2,2,29,1773,0,0,2,65,11,1,2,4,2,2,25,0,1,67,1,4,3,120,2,354,1,36,0,75,0,0,9,64,0,257,1,0,108,0,0,0,2580,0,2,3,0,30,92,189,13,2,17,0,25,79,38,14,2,64,175,0,118,22,165,1119,235,31,2,10,161,0,1,59,0,429,0,2,0,0,230,113,1,0,69,50,5,4,18,0,12,387,77,4,241,46,0,1,27,49,1,0,1,83,2,46,2,1,80,188,149
hsa-miR-4803,4,2,0,0,0,1,1,0,0,2,0,0,35,79,24,0,0,0,1,1125,1,0,0,0,228,2,1,46,0,6,0,0,4,0,0,0,2,0,0,5,1,13,1,0,0,0,14,0,0,0,0,0,2,0,3,0,0,0,0,0,1,0,1,114,3,0,131,1,127,1,4,6,0,10,0,0,0,0,0,155,0,0,2,0,1,65,3,0,0,1,0,35,13,3,0,2,0,187,0,0,0,1,7,1,0,0,0,0,0,1,0,0,0,1,1
hsa-miR-4804-3p,1256,2,54,26,155,13,67,2,1,1365,3,1,319,302,49,100,6,64,275,191,1074,10,69,122,228,498,52,155,285,222,1,224,132,162,3,28,107,85,35,469,86,3,250,0,5,1,2020,0,8,7,0,37,104,200,15,1,7,2,90,225,508,126,10,147,2795,1,312,46,411,1081,374,1107,256,20,2,1,72,5,12,593,1260,124,7,13,384,391,28,149,208,1165,20,108,898,14,31,834,16,640,150,224,0,100,107,394,203,0,17,131,249,105,4,220,20,310,198
hsa-miR-4804-5p,372,5,64,0,1,3,36,7,0,528,0,1,27,35,2,5,4,26,58,1002,421,0,9,11,6,1,174,67,154,113,1,78,224,173,1,1,9,36,14,220,0,0,144,0,2,0,148,0,11,0,0,25,14,1,9,0,1,1,39,74,55,18,5,1,308,1,772,40,127,2,4,1289,160,49,0,0,35,7,32,843,62,87,2,2,188,138,40,34,27,160,3,114,449,5,0,243,53,841,0,1,0,52,72,1,103,0,3,44,23,45,0,67,3,1,48
hsa-miR-483-3p,635,1,41,1,36,1,28,3,7,6,0,0,4,43,3,1,21,0,30,115,24,1,1,8,1,2,2,1,2,4,0,35,97,69,1,9,91,6,0,63,0,1,6,0,147,0,805,0,2,0,0,29,9,1,97,0,0,0,1,0,3,81,2,54,3,0,24,18,193,87,234,491,2,26,0,0,49,3,0,77,26,1,271,0,2,5,0,1,8,186,5,4,877,1,15,868,1,64,0,0,0,1,42,74,2,0,0,14,9,2,0,35,0,0,11
hsa-miR-483-5p,580,0,10,0,1,3,4,54,5,116,0,0,74,4,46,0,2,5,59,4,301,0,0,1,2,3,79,113,2,6,0,2,1,2,0,5,72,32,0,8,1,3,2,0,0,0,482,0,81,31,0,44,46,27,139,0,1,0,140,0,86,53,4,1,63,0,28,3,726,128,25,546,2,8,32,0,26,2,1,356,64,2,2,26,0,57,4,0,123,46,17,6,13,0,3,785,49,5,1,0,0,15,21,91,21,0,0,0,0,69,0,1,0,2,1
hsa-miR-484,280,35,25,46,193,9,40,48,33,518,1,13,228,467,38,166,107,92,285,1120,1287,4,201,8,116,670,51,206,80,293,3,239,146,229,0,7,22,165,64,352,2,1,140,0,159,0,5734,0,64,3,10,29,123,838,284,34,9,0,535,249,589,389,73,143,211,32,50,70,2054,1235,608,1010,7,187,51,3,23,9,15,489,391,9,37,17,536,855,1,242,56,293,51,67,791,1,30,1362,6,101,263,1,0,11,100,440,33,2,3,128,216,448,4,168,8,33,80
hsa-miR-485-3p,762,2,303,49,299,8,441,509,32,1526,21,71,913,608,257,99,129,986,783,1930,7582,20,675,675,1054,14,691,578,573,786,9,918,1159,258,9,2,1088,775,92,1067,0,16,667,0,1187,0,5501,12,47,164,15,38,1658,360,1767,12,152,29,367,326,699,646,335,573,542,62,3697,1305,990,784,752,3720,770,177,229,257,254,997,53,952,367,347,425,70,399,683,182,243,266,710,51,539,7261,68,40,1288,346,1117,438,520,1,194,5289,700,198,38,64,310,395,512,2,404,21,804,238
hsa-miR-485-5p,355,0,10,9,6,4,3,6,2,616,0,0,11,86,11,84,5,7,31,12,227,4,11,56,20,4,7,114,30,251,0,4,50,2,0,0,17,15,15,135,0,1,9,0,1,1,1105,6,17,6,0,18,12,2,11,0,2,0,69,18,327,46,3,20,1,0,871,33,467,135,217,177,42,31,37,2,36,43,20,214,92,5,45,15,61,206,23,126,21,169,14,7,255,1,27,485,6,92,61,323,0,6,1810,21,30,0,0,9,205,73,0,62,2,60,31
hsa-miR-486-3p,298,34,2,3,20,6,2,1,2,514,0,0,9,1,18,82,0,87,162,719,15,1,13,2,3,10,2,2,3,12,1,1,2,301,0,0,2,4,3,299,0,74,103,0,0,0,342,18,9,2,0,9,71,376,13,0,0,0,701,0,276,108,2,137,0,58,15,13,1415,24,162,18,1,0,0,0,32,2,0,165,156,2,4,2,74,881,26,39,11,257,4,10,29,4,15,102,0,80,364,62,0,78,35,0,54,0,0,2,1,48,21,1,0,0,33
hsa-miR-486-5p,38238,6010,424,163,1623,3515,300,1130,139,71822,699,40,756,7042,1699,15741,378,1042,3298,64386,3792,36,1269,778,18427,7302,215,544,2016,8015,274,371,1017,15460,348,899,1544,754,12891,8982,762,1025,1437,6,1486,256,13245,412,5553,35,558,3197,5612,107390,2967,652,64,5454,109771,34831,80238,16311,1064,31507,8765,828,578,2287,112626,56483,46984,1298,147,442,7594,10009,737,126,403,11072,100232,48,116,26,21062,64970,78,2307,1010,37689,1961,197,11706,842,2043,24227,26,1659,9738,3921,3,174,4585,29457,13094,3547,234,4566,1248,17575,3063,282,278,9937,12036
hsa-miR-487a-3p,92,0,1,0,0,0,1,0,0,2,0,4,1,48,0,1,1,2,57,0,136,0,0,0,1,6,67,1,6,190,0,33,3,0,0,0,0,1,0,5,0,0,35,0,7,0,523,0,0,0,0,1,8,1,1,0,0,0,21,3,40,15,3,3,2,0,5,17,203,158,2,7,0,0,0,0,1,78,0,89,0,2,1,0,77,1,7,0,5,134,2,1,9,20,2,48,1,4,1,1,0,23,332,7,82,0,0,1,0,1,0,23,0,0,39
hsa-miR-487a-5p,202,1,3,0,15,0,54,8,0,5,0,0,2,30,3,0,1,25,3,2,10,0,3,4,3,1,0,2,5,7,0,4,12,0,0,0,78,1,22,4,0,5,3,0,3,0,24,2,17,0,0,6,3,46,7,1,0,0,2,22,69,78,0,2,30,0,23,4,30,256,6,29,0,46,0,1,19,0,2,55,1,9,2,0,48,25,2,0,4,0,0,8,8,0,0,372,1,7,0,1,0,2,18,0,4,0,1,0,2,2,0,16,0,115,3
hsa-miR-487b-3p,109,0,6,0,1,1255,3,74,4,6,0,0,146,46,27,47,7,0,16,218,324,0,59,7,371,10,9,76,2,66,2,29,57,68,3,0,8,5,0,554,0,4,1,0,4,0,417,0,32,0,0,38,12,116,28,1,25,0,1,2,275,15,4,1,6583,1,1759,21,277,970,23,436,4,0,3,0,62,122,4,626,1357,5,58,11,733,275,66,1,60,1243,7,18,88,6,2,262,5,306,1,49,0,31,43,2,167,0,0,284,68,24,2,79,0,2,6
hsa-miR-487b-5p,406,0,1,0,20,2,14,2,1,154,0,0,2,0,9,10,0,86,55,3,9,1,5,69,1,3,0,0,1,2,0,0,103,0,0,0,103,0,5,5,0,1,3,0,0,0,535,0,0,0,0,0,0,24,0,0,1,0,1,1,33,74,1,3,326,0,11,18,44,294,13,7,1,42,1,0,17,74,11,21,0,1,2,1,26,129,1,0,0,107,9,0,13,0,5,376,9,34,0,0,0,2,18,1,0,39,0,27,0,0,0,0,1,2,1
hsa-miR-488-3p,90,0,37,0,73,4,6,5,2,265,1,0,408,79,27,0,6,229,151,4,20,7,43,147,0,4,22,54,143,28,2,119,53,0,0,0,157,81,18,19,2,0,81,0,194,0,800,0,0,1,0,2,22,200,181,0,10,0,2,151,134,113,11,201,712,0,742,42,52,1138,527,275,22,18,85,0,54,135,9,97,78,4,63,19,371,59,5,53,278,27,8,88,845,1,0,424,50,74,22,178,0,4,84,0,2,2,0,25,1,126,0,56,39,384,1
hsa-miR-488-5p,125,1,2,1,34,0,2,15,0,84,1,0,4,3,12,36,1,101,0,140,9,0,2,5,135,1,21,4,2,5,0,1,7,2,0,0,2,6,10,239,0,3,3,0,1,0,626,0,1,0,0,1,116,10,4,17,0,1,64,3,52,75,2,39,3,29,20,21,63,367,15,80,4,21,5,4,2,2,8,2,8,0,2,1,2,45,0,0,12,2,7,3,29,2,1,287,1,46,2,1,0,0,25,3,20,0,0,5,27,35,1,2,0,8,3
hsa-miR-489-3p,9,0,1,0,2,3,4,0,0,10,0,0,0,0,38,0,1,1,2,0,9,0,1,3,1,1,2,3,2,6,0,40,3,0,0,0,5,5,5,8,0,1,2,0,2,0,105,0,9,0,0,18,2,3,2,0,0,0,1,1,16,1,1,0,1,0,49,4,4,3,4,19,1,1,0,2,4,5,3,1,1,3,2,0,2,6,2,0,8,1,7,6,8,1,8,2,0,118,1,1,0,2,26,1,2,0,0,0,0,57,0,2,0,166,1
hsa-miR-489-5p,1161,25,2,17,264,12,15,4,43,1207,2,0,106,1,560,129,2,4,9,862,531,2,81,5,5,10,27,46,7,183,1,8,13,167,1,2,10,10,71,585,4,0,6,0,22,0,1230,0,114,13,0,21,329,919,157,3,1,0,40,572,111,257,4,1112,2,27,534,22,476,2483,568,21,7,215,736,0,41,7,139,838,377,0,3,34,1176,1294,38,42,281,262,55,10,225,19,56,933,0,65,917,478,1,57,61,500,629,3,0,477,389,555,11,13,22,439,268
hsa-miR-490-3p,28,12,1,1,1,3,11,0,0,654,19,0,303,19,1,28,11,3,23,18,257,0,3,15,3,1,4,29,8,365,0,0,6,215,1,0,3,54,5,188,0,0,6,0,0,0,59,1,3,2,0,25,107,8,73,1,0,1,6,15,15,13,4,5,11,0,104,874,319,10,24,490,6,17,7,0,1,4,12,225,4,1,7,0,75,43,0,27,9,67,5,2,59,1,2,287,3,45,60,4,0,37,61,5,5,1,0,5,67,36,0,51,0,7,51
hsa-miR-490-5p,79,0,13,1,22,0,0,4,5,256,0,0,3,106,64,0,7,3,24,43,982,0,1,74,144,3,2,142,29,404,0,733,0,33,0,1,8,50,0,198,0,0,2,0,1,1,236,0,1,0,0,1,9,24,36,0,0,0,5,1,80,0,1,146,0,0,710,7,31,152,53,194,3,6,0,1,36,1,4,0,0,1,68,0,2,1,0,0,4,1,2,79,34,1,2,148,0,171,0,0,0,16,23,0,0,0,1,0,0,0,0,5,1,0,0
hsa-miR-491-3p,7,3,111,0,158,0,65,39,5,1349,0,6,63,291,261,60,73,197,183,205,1040,3,83,540,146,6,221,271,13,506,0,116,136,1,1,1,99,347,53,540,0,5,53,0,121,0,2329,0,7,1,36,14,42,100,204,0,6,0,0,32,20,161,9,171,2,39,2707,52,287,190,10,2086,117,0,2,0,102,437,9,74,0,78,47,33,114,95,130,39,51,116,12,82,177,18,1,323,88,1424,11,124,0,371,2508,1,42,2,1,4,72,122,1,60,11,115,87
hsa-miR-491-5p,441,0,1,0,1,3,0,0,0,82,0,0,99,0,4,14,0,33,28,1,5,0,2,35,1,5,0,2,1,11,0,2,103,0,0,0,2,6,4,4,0,0,2,0,186,0,242,0,5,2,1,23,8,3,6,0,0,0,0,28,159,10,67,37,608,1,2,5,125,125,10,6,1,9,44,0,0,18,21,166,14,0,0,18,18,118,11,1,13,53,9,0,18,1,0,396,28,121,113,69,0,0,17,0,33,1,0,17,32,80,1,25,0,1,25
hsa-miR-492,12,0,87,1,2,1,2,2,12,795,1,15,60,95,9,1,4,4,87,255,18,0,129,52,1,0,3,40,6,19,0,70,59,2,1,0,3,41,1,80,0,0,4,0,1,0,668,0,1,1,0,26,11,1,77,0,0,0,1,50,24,67,4,153,7,0,367,16,234,188,6,122,101,25,31,0,7,44,0,986,0,48,1,0,0,0,41,35,24,121,6,61,46,0,6,282,0,5,39,1,0,54,1336,0,37,0,1,0,0,1,3,36,0,1,1
hsa-miR-493-3p,4,2,0,0,1,1,1,4,18,0,0,0,1,4,2,47,0,116,3,0,10,0,1,2,440,2,3,1,21,5,0,35,0,2,0,0,3,0,0,6,0,0,48,0,4,0,304,0,1,0,0,25,3,3,1,0,0,0,1,0,0,0,1,0,0,0,6,5,146,87,3,294,0,0,0,0,0,33,0,0,17,4,1,10,451,2,0,0,0,0,1,22,4,7,3,54,0,1,52,2,0,1,9,0,0,0,0,86,0,21,0,1,0,0,29
hsa-miR-493-5p,240,0,25,1,39,1,3,2,4,41,0,0,4,1,0,20,32,3,54,5,211,0,42,139,423,8,5,4,1,9,0,51,87,2,0,0,75,1,0,178,26,1,3,0,1,0,889,0,17,0,0,7,1,158,116,0,0,0,26,112,134,34,0,2,1,0,8,9,87,4,10,13,1,0,1,1,40,0,12,76,52,0,45,29,36,76,86,0,1,1,6,2,22,1,6,241,26,205,1,2,0,1,17,2,30,0,0,138,54,18,0,0,0,0,41
hsa-miR-494-3p,4,5,0,0,0,1,0,21,1,1,0,0,0,0,0,0,0,1,0,4,7,1,1,1,0,1,2,1,1,2,0,0,0,0,0,0,0,0,0,146,0,22,0,0,1,0,374,0,0,0,0,11,2,0,33,0,0,0,1,1,0,9,0,1,2,0,9,2,0,5,5,1,0,0,0,0,0,0,0,77,0,0,0,0,0,53,0,0,3,0,2,0,5,0,0,241,0,137,0,0,0,1,3,1,0,1,0,0,2,0,0,0,0,3,0
hsa-miR-494-5p,76,1,12,0,41,1,2,78,0,362,0,3,65,35,20,53,78,72,1,796,578,2,3,63,24,4,82,25,13,14,1,3,132,0,0,1,11,116,4,6,0,0,26,0,1,0,1227,1,1,0,0,11,4,7,38,0,1,2,7,8,364,1,1,90,3,0,549,9,80,54,7,27,3,2,0,1,2,5,3,355,46,28,2,7,82,213,4,8,15,18,13,65,25,0,0,314,52,281,1,58,0,180,28,2,57,1,2,27,31,91,0,62,0,0,11
hsa-miR-495-3p,1,1,2,0,0,0,3,9,0,1,0,0,6,20,1,0,13,26,8,5,221,2,2,4,3,0,8,5,74,0,0,53,20,1,0,1,3,1,0,1,0,1,6,0,1,0,228,1,2,0,0,0,8,1,41,0,0,0,1,1,131,0,34,7,0,0,8,5,100,1,4,11,0,0,0,0,0,0,2,0,17,1,0,0,30,2,1,39,2,0,0,36,1,0,0,129,0,2,1,1,0,0,12,0,0,0,0,1,0,1,0,0,0,0,0
hsa-miR-495-5p,3,0,1,0,2,0,1,1,0,0,0,0,1,0,0,1,0,106,97,1,14,0,0,0,0,0,1,63,1,1,0,30,1,1,0,0,2,1,0,1,0,3,0,0,0,0,16,0,0,0,0,0,1,2,343,0,0,0,0,1,1,0,0,1,0,0,477,4,143,0,4,3,1,2,0,0,1,2,0,0,18,0,2,0,0,0,0,0,1,0,0,3,5,0,0,55,0,4,0,0,0,3,11,1,1,0,0,42,0,0,0,0,0,0,0
hsa-miR-496,28,0,2,1,6,5,1,25,0,22,0,0,140,3,54,12,3,12,63,751,149,0,124,249,7,3,4,81,12,32,0,3,138,5,0,0,206,115,22,39,3,0,110,0,22,0,32,1,58,0,1,2,18,15,8,0,2,0,18,9,19,128,8,290,8,0,93,66,47,218,31,21,9,64,101,5,0,55,8,37,15,3,6,2,6,33,48,150,20,5,8,4,87,24,0,116,1,202,7,3,0,3,1228,5,10,0,1,8,3,53,0,3,0,8,11
hsa-miR-497-3p,91,1,49,0,1,0,0,85,2,2,0,0,2,72,17,1,3,0,35,1,6,1,38,0,0,0,3,107,159,3,0,2,5,0,0,0,2,3,6,1,0,0,1,0,0,0,275,0,10,0,0,10,3,0,5,0,0,0,0,0,44,0,2,0,0,0,7,7,113,3,3,3,1,0,50,0,35,114,0,62,0,1,2,0,0,2,0,1,0,0,1,1,13,0,0,36,9,3,1,51,0,1,287,0,0,0,0,0,1,34,1,0,0,2,23
hsa-miR-497-5p,203,0,12,0,0,0,32,2,0,0,0,0,15,25,22,0,3,21,16,0,7,0,11,84,79,2,1,34,2,54,0,2,14,0,0,0,2,71,0,48,0,0,62,0,1,0,202,0,10,0,0,7,2,0,0,0,3,0,0,0,1,1,0,2,0,0,420,7,0,1,2,234,10,2,0,0,22,48,0,2,0,7,2,0,1,1,14,0,0,0,0,58,25,0,0,52,0,27,15,0,0,9,210,2,0,0,0,0,1,0,0,8,0,1,1
hsa-miR-498-3p,192,8,14,11,4,5,74,135,1,1146,1,1,485,276,177,97,82,14,208,4,1915,11,259,15,2,5,293,130,93,689,1,105,121,270,0,12,97,321,39,142,0,5,114,0,171,0,2918,0,12,12,0,36,141,208,157,1,39,1,12,163,205,105,10,33,88,0,2789,35,440,472,51,808,146,50,26,0,123,142,14,170,48,15,120,1,206,149,21,155,61,755,25,137,182,22,18,470,36,495,561,123,0,51,1134,18,134,0,0,18,52,195,0,74,3,0,0
hsa-miR-498-5p,211,8,112,6,203,14,351,291,31,1865,4,26,761,128,34,199,167,584,327,844,3293,5,243,320,715,14,176,429,28,444,0,229,572,691,1,2,200,641,112,291,4,17,318,0,1059,0,4103,50,74,16,0,3,614,242,777,1,86,9,145,378,149,118,31,122,2662,0,2671,194,686,2954,402,1679,14,531,34,0,146,594,37,831,30,172,510,30,645,592,136,553,147,462,17,342,2000,44,41,1330,108,2798,1218,598,0,27,2189,53,168,1,190,87,594,271,5,70,17,318,99
hsa-miR-4999-3p,519,0,1,1,2,1,2,0,1,283,0,0,4,119,9,11,2,2,88,2,16,0,3,54,170,5,1,4,3,2,23,42,57,23,0,0,68,8,14,8,1,14,59,0,74,0,1500,0,3,0,0,33,6,114,87,0,1,0,3,49,112,45,4,70,157,0,20,10,369,319,365,13,1,23,0,0,20,37,4,67,41,0,3,28,38,419,0,74,33,0,6,2,59,0,8,323,6,68,0,175,0,2,707,0,60,0,0,1,0,58,5,3,0,0,70
hsa-miR-4999-5p,522,0,1,1,0,1,0,2,2,286,0,0,4,98,14,6,4,2,82,4,21,0,1,51,227,11,1,1,2,16,27,72,55,27,0,0,46,4,14,245,0,9,64,0,104,0,1495,1,2,0,0,48,5,122,93,0,0,0,1,135,142,55,4,70,123,0,17,12,585,465,434,13,1,27,2,0,15,31,9,251,58,0,0,24,20,410,1,98,37,0,3,1,47,0,10,418,11,95,3,231,0,1,603,1,68,0,0,0,0,81,5,2,0,2,56
hsa-miR-499a-3p,301,0,1,3,0,2,0,1,3,71,0,0,4,0,0,24,1,1,1,2,3,1,0,7,0,3,0,0,0,7,0,1,1,30,18,0,1,50,3,40,0,5,0,0,0,0,126,0,0,25,0,6,1,1,54,0,0,0,29,35,97,3,1,0,0,0,109,1,70,181,56,6,0,1,30,0,0,0,9,218,0,0,0,1,1,9,0,0,14,141,4,0,378,0,3,154,0,3,0,53,0,2,19,0,0,0,0,0,17,20,0,0,0,1,0
hsa-miR-499a-5p,58,0,5,0,15,0,2,0,0,59,1,0,1,2,7,18,0,12,39,277,8,0,0,2,0,0,8,0,0,5,0,2,0,0,0,0,2,1,1,6,0,0,1,0,1,0,146,0,0,0,0,1,3,15,32,0,6,0,0,9,55,6,0,1,0,0,86,1,6,35,31,136,13,0,11,0,2,34,0,20,0,0,0,0,14,5,6,0,8,36,0,1,7,3,3,28,1,101,0,0,0,2,8,0,0,0,0,0,14,0,0,1,0,0,0
hsa-miR-499b-3p,381,0,24,33,73,1432,4,5,16,254,0,0,8,7,81,28,4,105,39,276,944,0,5,26,4,4,53,11,10,19,0,1,8,61,0,1,5,9,0,8,0,2,3,0,7,0,259,13,5,0,0,88,10,64,161,0,11,0,103,121,136,113,6,2,1,6,449,33,262,83,54,762,91,0,21,0,3,175,1,307,2,3,4,0,96,15,23,57,23,157,9,5,66,11,6,129,0,290,1,2,0,2,2344,0,1,0,0,0,17,99,2,53,0,0,0
hsa-miR-499b-5p,162,0,0,4,0,1,0,1,3,72,0,0,1,0,1,8,0,0,0,0,3,0,0,2,0,0,0,0,0,7,0,1,0,3,3,0,0,23,3,16,0,0,0,0,0,0,145,0,0,10,0,3,2,0,39,0,0,0,15,102,30,1,0,1,0,0,3,0,31,194,35,3,0,0,24,0,0,1,5,64,0,0,0,0,1,8,0,0,6,59,0,0,120,0,3,64,5,0,0,32,0,0,2,0,1,0,0,0,10,12,4,1,0,0,0
hsa-miR-5000-3p,1,0,1,7,0,0,0,2,0,64,0,1,2,33,41,0,2,8,1,2,11,1,2,56,1,1,1,0,0,489,0,1,0,1,0,0,3,0,0,3,0,0,1,0,1,0,12,0,0,0,0,1,3,0,3,0,0,0,65,0,125,0,0,2,0,0,979,4,158,103,6,140,0,0,0,0,0,0,0,53,23,3,2,0,17,0,20,0,0,0,5,1,8,1,0,2,87,226,0,0,0,43,10,2,0,1,0,0,1,40,0,0,1,237,0
hsa-miR-5000-5p,0,0,0,0,2,0,0,0,0,1,0,0,1,0,0,0,1,0,0,1,8,0,0,2,0,0,1,1,103,2,0,0,0,0,0,0,0,24,3,1,0,0,0,0,0,0,13,0,0,0,0,1,1,0,0,0,0,0,0,3,0,2,3,0,1,0,533,0,0,0,1,6,2,0,1,0,0,0,14,85,0,0,1,0,0,1,13,0,0,2,0,42,5,0,1,107,0,3,1,0,0,0,8,0,0,0,0,0,0,0,0,9,4,0,0
hsa-miR-5001-3p,426,12,4,0,3,3,25,52,0,159,0,0,12,3,105,17,5,98,8,661,183,0,5,12,3,2,4,5,2,16,1,3,20,43,1,0,6,142,0,15,0,0,15,0,0,3,333,0,9,0,24,14,8,0,194,0,2,2,43,32,206,102,4,1,408,39,1005,27,70,2,114,589,7,0,38,1,2,22,0,214,83,50,40,0,2,84,11,0,64,82,0,6,1624,0,5,119,1,162,0,1,0,2,54,90,136,0,0,2,0,24,0,1,1,1,21
hsa-miR-5001-5p,130,0,91,0,104,7,9,29,22,177,0,1,10,425,57,110,5,373,3,260,793,2,32,48,2,8,17,98,7,30,2,415,4,303,5,0,20,8,24,17,79,0,10,0,315,0,6258,21,46,1,1,194,120,465,225,1,1,0,274,231,594,120,13,5,1578,1,49,50,1627,1452,65,57,6,153,53,2,47,121,13,499,292,10,4,0,229,365,35,82,159,295,18,14,872,3,10,975,14,144,11,1,0,8,82,399,95,0,1,4,1,141,2,30,0,12,81
hsa-miR-5002-3p,129,7,0,0,110,1,0,6,0,491,0,0,1,2,11,30,0,1,34,551,3,1,1,21,38,2,13,31,54,139,0,0,3,18,0,1,0,6,23,9,0,0,14,0,0,0,13,0,0,3,97,11,124,0,7,0,3,0,1,4,221,6,3,1,663,0,3,9,242,12,71,2,0,0,2,0,1,18,0,36,0,0,27,0,58,0,12,0,19,1,3,1,24,0,14,471,74,124,157,0,0,0,353,0,54,0,0,1,1,3,0,1,0,96,1
hsa-miR-5002-5p,2,4,1,2,0,0,1,0,0,93,96,0,1,1,0,0,0,2,2,1,1,0,2,7,2,0,27,19,1,0,0,0,69,69,0,0,0,7,0,3,0,0,1,0,1,17,8,0,0,0,0,16,67,1,119,0,0,26,1,49,5,0,2,62,0,0,6,11,5,4,2,3,22,0,0,0,29,13,0,0,9,0,7,0,73,69,0,0,0,40,0,1,498,1,2,74,0,81,0,0,0,45,22,0,0,0,0,0,0,0,1,0,0,1,12
hsa-miR-5003-3p,288,0,126,2,161,3,3,18,20,862,1,0,100,7,32,1,90,37,179,411,272,3,114,100,175,0,27,70,4,161,0,284,51,5,0,0,15,5,12,144,0,0,177,0,73,0,1473,6,12,12,0,38,13,3,200,0,2,0,179,17,39,11,9,1,268,0,422,27,138,243,11,1355,92,53,58,0,60,250,2,479,83,7,6,3,316,51,113,178,143,173,10,170,60,0,15,228,50,203,0,589,0,38,519,126,28,1,14,98,185,22,0,48,6,4,82
hsa-miR-5003-5p,86,0,24,7,0,201,0,1,0,2,0,0,2,35,5,0,0,7,1,0,10,0,6,11,0,4,1,49,2,97,0,0,1,0,0,0,3,6,1,4,0,0,2,0,90,0,10,0,0,0,0,15,7,28,117,0,0,0,22,0,179,14,5,1,158,0,8,26,167,0,62,344,84,0,1,0,13,128,0,108,0,4,4,0,28,87,30,0,14,44,0,0,1760,0,4,155,29,5,0,42,0,0,435,2,39,4,0,0,1,21,0,15,0,3,0
hsa-miR-5004-3p,353,0,4,1,26,8,2,42,0,329,0,0,4,0,24,37,1,3,90,1,126,1,3,10,518,4,2,3,2,423,0,9,4,34,0,1,44,1,20,11,89,2,5,0,0,0,516,2,0,0,0,11,5,1,92,0,1,0,0,1,397,58,5,76,6,1,8,15,187,2,212,15,7,48,1,0,15,1,0,107,50,0,25,56,140,191,0,41,17,43,3,1,971,0,19,389,2,43,2,93,0,1,37,0,111,0,0,0,3,0,0,1,0,37,3
hsa-miR-5004-5p,3,1,28,0,2,23,4,0,0,570,0,0,8,65,27,40,1,2,26,1,994,0,180,58,88,236,10,4,5,7,1,6,6,0,0,0,211,4,7,249,0,0,65,0,3,0,31,5,5,0,1,7,6,0,109,0,1,0,69,2,35,118,1,1,0,0,273,9,201,44,53,221,8,35,2,0,4,127,0,231,0,15,0,0,1,16,4,0,4,3,0,63,22,8,3,64,83,27,0,0,0,151,415,1,37,1,0,0,0,13,0,3,0,1,0
hsa-miR-5006-3p,397,16,175,40,681,12,416,543,48,1907,2,58,638,879,318,213,349,541,1079,1861,6193,12,887,1238,2336,45,1039,948,1106,2699,0,449,1028,1248,15,19,1188,476,197,672,2,17,734,1,2157,28,3789,51,175,84,23,38,1229,505,3873,14,83,5,599,519,521,1069,143,713,1847,91,8325,542,864,1259,1082,3590,532,501,462,2,448,1375,201,635,319,261,310,280,828,822,285,391,304,818,46,668,6581,86,34,1148,503,1988,630,69,0,329,4033,658,69,19,1,714,292,473,6,612,58,476,217
hsa-miR-5006-5p,11,0,2,2,0,2,0,1,1,118,0,0,3,4,0,0,0,26,7,11,6,0,112,1,32,2,1,0,3,7,0,22,3,29,0,0,0,0,0,2,0,0,1,0,1,0,288,0,3,0,0,3,1,1,6,0,0,1,0,30,70,27,3,62,0,0,8,0,66,127,40,7,0,4,2,0,0,1,2,9,0,0,1,0,84,67,22,0,0,206,2,1,6,0,3,140,1,9,0,1,0,1,8,42,1,0,0,1,0,1,0,1,0,2,52
hsa-miR-5007-3p,7,4,2,4,3,0,0,13,0,434,0,0,2,5,58,46,0,17,1,4,5,0,2,2,2,1,117,0,69,14,0,1,16,0,0,0,3,129,11,7,0,0,19,0,2,0,24,0,0,0,0,1,9,0,5,0,0,0,92,43,193,12,3,91,0,0,7,8,133,1,5,6,2,0,0,2,0,2,0,0,48,0,0,2,22,161,0,0,1,1,6,38,7,1,0,94,0,144,0,0,0,47,15,0,0,0,0,55,0,33,0,0,0,1,1
hsa-miR-5007-5p,26,4,1,0,30,0,22,11,1,1,0,0,60,75,38,0,0,145,75,3,287,0,67,141,179,7,1,30076,112,14,17,1,69,75,0,0,3,112,24,126,26,0,69,0,0,0,195,8,48,0,0,16,229,0,110,0,7,2,0,1,62,3,61,0,1,0,391,281,56,14,6,262,57,26,0,2,10,112,3,2,0,18,57,0,3,42,2,4,1,30,1,22,624,3,9,119,22,155,1,15,0,79,1971,423,1,1,0,23,61,5,0,56,0,1902,19
hsa-miR-5008-3p,570,0,24,0,1,0,5,55,4,18,0,0,86,103,2,11,3,184,73,4,39,0,13,17,52,1,74,1,10,8,0,35,2,24,2,6,10,3,2,258,0,0,2,0,6,0,2397,0,20,2,0,13,29,23,338,0,0,0,12,2,166,59,36,35,1,0,32,13,213,12,18,31,0,0,2,1,42,0,1,181,129,1,0,4,129,183,1,5,31,31,15,1,25,0,12,311,3,1,76,23,0,0,42,12,319,0,0,38,0,101,0,2,0,4,7
hsa-miR-5008-5p,2,0,7,0,0,0,4,24,22,545,0,0,103,139,1,0,81,1,1,10,8,0,2,14,258,3,3,102,2,27,1,3,5,0,0,0,2,1,42,17,1,2,8,0,0,60,783,5,0,1,0,1,4,0,2,0,0,0,2,2,0,2,2,50,2152,0,560,9,131,172,79,284,27,45,1,0,15,0,12,38,713,2,2,0,483,3,16,1,64,2196,10,3,29,0,1,103,1,7,2,2,0,16,19,1,5,0,0,1,24,63,0,4,11,149,34
hsa-miR-5009-3p,141,4,23,2,13,0,45,58,2,227,0,0,94,95,30,0,6,21,44,1,301,0,52,134,3,0,37,66,21,59,0,3,35,1,0,0,45,108,0,505,0,0,7,1,180,0,501,1,7,0,0,4,15,1,76,0,2,0,1,22,27,27,5,1,1,0,1125,33,4,500,3,324,137,1,45,0,20,161,21,53,7,38,62,0,0,0,71,2,3,0,3,60,88,4,0,35,35,233,25,1,0,136,1693,1,13,6,1,3,12,8,0,13,3,2,21
hsa-miR-5009-5p,1203,0,9,44,167,7,161,109,4,2050,3,79,454,319,116,30,41,480,474,17,1549,0,282,49,6,6,119,190,132,1243,2,150,251,85,1,0,602,275,19,186,1,0,357,0,400,0,2056,11,49,22,0,40,54,6,120,0,29,87,214,134,196,316,11,116,464,1,1612,102,423,2002,1236,1466,242,162,4,4,361,752,21,88,5,72,441,129,897,134,86,81,22,320,16,199,208,47,0,362,46,1230,231,164,0,18,1860,128,69,0,32,149,2,64,6,180,1,436,1
hsa-miR-500a-3p,567,0,13,19,514,4,263,145,28,1290,47,8,252,170,195,1,101,139,377,802,1496,2,155,266,493,5,296,123,48,220,0,95,315,156,0,0,213,185,58,410,0,2,225,0,78,0,3238,5,31,0,0,12,38,43,484,0,9,1,55,164,57,285,11,1,67,47,2712,89,164,298,740,3837,153,55,35,394,137,255,29,239,33,81,269,15,85,121,173,80,25,181,25,360,293,10,22,226,149,855,64,99,0,187,2417,200,163,1,1,101,122,153,0,256,7,1,31
hsa-miR-500a-5p,109,0,1,4,1,2,1,0,0,233,0,0,0,0,12,22,0,2,37,193,3,0,0,0,2,0,0,0,0,6,0,3,1,39,0,0,0,3,0,3,0,0,0,0,74,0,90,9,0,0,0,0,1,2,2,0,0,0,1,20,62,4,1,0,0,0,4,7,312,0,7,3,0,0,5,0,1,1,3,3,1,22,1,0,58,32,0,0,26,1,0,0,6,2,0,85,0,31,1,0,0,0,9,0,0,0,0,0,29,0,0,19,0,1,26
hsa-miR-500b-3p,1,0,0,6,0,0,1,41,1,106,0,0,4,0,0,0,2,1,96,2,6,1,3,2,293,0,1,1,106,3,0,1,0,1,0,0,1,1,3,1,0,1,1,0,6,0,14,0,2,0,0,1,4,1,1,0,0,0,0,67,32,7,3,0,193,0,6,19,12,51,1,5,1,0,0,0,5,2,0,61,0,0,1,1,93,7,36,15,22,80,0,5,12,4,0,54,0,43,0,0,0,0,21,0,0,0,0,0,0,0,0,0,0,1,0
hsa-miR-500b-5p,166,0,1,2,0,0,0,0,0,0,0,0,0,1,14,0,0,1,2,183,1,0,0,0,0,0,0,1,0,1,0,1,0,0,0,0,0,5,0,1,0,0,0,0,0,0,5,0,0,0,0,0,0,0,0,0,0,0,2,63,59,6,0,0,1,0,3,2,0,0,4,3,0,0,0,1,0,3,1,1,0,18,0,0,1,1,0,0,0,0,0,0,0,0,0,49,0,23,0,0,0,0,3,0,0,0,0,0,1,0,0,1,0,0,15
hsa-miR-501-3p,12,3,33,2,55,5,10,8,0,127,0,0,9,86,30,39,119,68,159,43,591,0,47,65,207,4,40,11,9,51,0,164,115,1,0,0,97,14,20,320,23,3,11,0,156,0,781,0,1,1,0,4,15,45,145,0,2,0,37,71,73,109,6,133,4636,0,759,355,230,466,9,342,4,112,62,1,40,141,12,180,149,12,94,0,134,61,3,114,115,71,4,6,460,7,4,309,32,24,82,380,0,4,74,43,43,1,26,43,2,19,0,4,0,2,1
hsa-miR-501-5p,361,0,73,0,116,2,61,4,2,116,0,0,136,73,96,23,4,52,54,3,13,1,2,1,283,5,99,244,145,8,0,78,226,110,0,0,3,3,0,10,0,4,6,1,73,0,407,24,29,0,0,14,68,1,106,0,25,2,48,0,179,51,7,1,184,0,4,23,507,9,16,101,91,66,0,1,41,4,6,260,0,157,2,0,0,25,0,0,16,0,7,72,34,1,0,279,2,10,0,489,0,2,40,153,150,1,0,120,36,73,0,0,18,1,14
hsa-miR-5010-3p,18,0,5,0,2,1,3,42,0,3,0,1,32,2,17,2,6,158,97,3,298,0,0,127,2,0,2,3,3,24,0,32,47,77,0,0,70,2,33,449,0,0,1,0,1,0,37,0,31,16,0,5,4,1,28,1,2,0,36,0,130,33,5,0,756,0,443,16,133,345,9,490,31,41,0,1,1,26,17,294,7,5,1,0,74,282,32,3,0,18,5,1,22,0,0,103,0,1,0,1,0,1,31,198,0,13,0,87,1,1,0,0,0,116,1
hsa-miR-5010-5p,76,2,2,8,1,4,1,91,1,93,0,0,43,7,77,1,1,28,1,1379,10,0,1,3,0,0,1,1,145,17,0,0,0,40,0,0,31,2,0,40,1,0,1,0,2,0,391,1,7,0,0,0,116,0,5,0,0,0,95,13,74,65,2,2,5,1,154,9,51,73,55,11,3,1,1,0,5,1,0,166,36,18,2,0,32,373,0,0,22,492,15,62,232,1,3,70,11,59,20,0,0,2,13,155,80,0,0,78,25,70,0,60,0,19,0
hsa-miR-5011-3p,6,0,1,0,64,0,1,0,0,1,0,1,3,41,12,0,2,31,1,2,71,1,0,64,0,2,0,2,1,1,0,3,2,1,0,0,4,62,10,57,1,0,0,0,0,0,593,0,4,0,0,7,1,0,62,0,0,0,73,0,74,3,0,131,0,0,202,4,109,1,5,481,1,0,52,0,10,1,0,161,0,0,0,0,23,16,2,50,0,0,0,28,12,0,0,248,42,2,1,0,0,3,5,2,35,0,0,0,0,0,0,8,0,2,10
hsa-miR-5011-5p,2,0,0,0,55,0,1,3,0,1,0,3,1,57,11,0,2,52,1,1,146,0,1,57,0,2,1,2,1,1,1,1,2,0,0,1,1,68,0,79,0,0,1,0,0,0,324,0,6,0,0,4,0,0,59,0,0,0,64,0,48,2,2,87,0,0,620,3,22,0,3,4,0,0,57,0,17,1,0,96,1,2,1,0,41,3,17,32,0,1,0,1,15,0,0,353,0,4,1,0,0,0,15,2,82,0,0,1,0,0,0,12,0,1,20
hsa-miR-502-3p,591,1,21,6,483,5,212,134,15,1367,36,19,224,136,212,2,114,135,322,841,1476,4,160,267,238,9,294,124,53,201,0,84,306,161,0,0,222,180,48,419,0,5,269,0,58,0,3292,8,26,1,0,7,29,39,553,0,13,0,71,91,21,302,11,2,2,46,2883,113,159,235,778,3873,145,51,30,391,136,241,34,232,26,91,244,17,80,121,156,106,26,71,15,335,293,0,20,242,151,873,66,101,0,162,2374,194,177,1,2,117,135,173,0,247,6,0,37
hsa-miR-502-5p,2,7,0,0,0,0,0,1,0,1,0,0,16,58,4,0,0,88,15,1,5,0,2,39,1,0,1,70,3,57,0,0,15,81,0,0,28,34,0,3,0,0,0,0,3,0,235,0,0,0,0,0,4,5,0,0,10,0,0,0,1,16,1,0,138,0,4,16,38,24,1,5,0,1,0,1,10,5,0,0,1,1,23,0,15,10,1,13,0,1,4,1,10,5,2,288,32,36,19,94,0,18,223,1,0,6,0,0,0,16,0,12,0,138,0
hsa-miR-503-3p,307,1,5,0,3,4,4,2,2,822,0,0,2,87,27,2,4,0,2,1121,839,0,0,35,52,3,6,2,3,14,0,172,2,0,0,0,4,44,1,16,0,10,0,0,8,0,1231,0,16,7,0,29,5,142,41,1,3,1,53,113,300,30,2,53,0,0,20,58,116,3,54,31,25,0,3,4,11,3,13,322,28,77,1,18,115,27,4,0,48,0,1,182,198,19,4,268,59,124,157,140,0,3,16,669,95,0,0,106,39,2,1,4,0,3,51
hsa-miR-503-5p,382,0,1,2,12,0,2,2,0,66,0,0,4,1,0,0,0,2,0,3,151,0,2,138,2,0,0,149,2,4,0,1,0,1,0,0,4,83,0,66,0,0,55,0,0,0,275,0,0,0,0,0,4,71,6,0,0,2,1,0,2,12,423,1,128,0,8,9,239,142,178,7,34,1,0,1,1,30,0,249,1,1,3,7,0,43,10,1,5,0,8,0,25,0,21,484,16,19,1,1,0,1,13,74,39,0,0,1,142,76,0,31,0,131,1
hsa-miR-504-3p,5,4,1,0,27,2,2,3,0,280,49,1,112,2,9,0,5,82,46,1,246,0,31,30,3,1,23,60,3,4,0,48,3,0,0,0,11,8,21,186,0,0,2,0,14,0,262,8,5,0,0,0,31,58,101,0,1,29,1,0,41,0,1,1,83,0,1574,12,64,70,5,252,0,3,0,1,54,31,3,1,0,8,13,0,91,1,12,2,0,51,6,14,22,30,4,38,0,180,0,0,0,18,29,218,0,0,19,0,43,102,0,0,6,0,10
hsa-miR-504-5p,154,0,0,0,1,4,1,1,0,344,0,0,226,19,9,52,2,75,71,1,9,0,1,35,2,0,0,1,4,8,0,157,2,63,0,0,25,4,0,5,1,2,6,0,1,1,715,0,0,3,0,0,2,2,4,0,1,0,51,0,0,10,248,0,1,1,15,15,78,20,7,139,1,42,1,0,2,84,3,226,0,1,4,0,142,1,0,1,70,21,9,3,35,0,0,262,0,101,114,400,0,2,47,0,2,0,0,131,1,123,0,72,0,296,0
hsa-miR-5047,40,6,18,0,4,6,16,11,4,2,0,3,109,8,66,14,55,70,2,9,68,1,9,42,2,0,37,20,2,10,0,62,14,16,0,1,42,12,0,68,1,0,38,0,84,0,2008,2,5,3,0,5,41,78,12,0,5,1,40,4,39,26,9,12,34,0,117,78,160,124,19,77,2,5,48,5,22,96,2,60,69,38,27,8,107,96,1,49,9,10,8,31,786,16,0,153,45,20,34,1,0,8,222,3,8,1,1,118,2,16,2,2,0,45,108
hsa-miR-505-3p,3,0,0,0,0,3,0,0,0,329,0,0,3,5,44,51,3,9,68,526,10,0,3,2,63,5,1,3,0,10,0,0,3,122,0,0,2,2,0,7,107,0,3,0,0,0,498,0,0,0,0,18,6,25,6,0,0,0,0,0,194,6,1,0,1,0,7,14,114,672,6,5,1,0,68,0,0,4,7,121,1,0,1,0,104,256,2,0,3,118,0,108,42,1,1,186,1,3,0,115,0,1,1305,0,0,1,0,0,131,1,2,2,0,0,1
hsa-miR-505-5p,2,0,0,0,0,1,0,0,0,2,0,0,0,3,0,0,0,0,37,0,4,0,0,0,0,0,0,3,0,2,0,0,0,0,0,0,1,0,1,2,0,0,1,0,3,0,16,0,0,0,0,5,0,0,0,0,1,0,0,1,2,0,4,2,0,0,3,1,185,0,2,226,1,0,0,0,1,80,0,24,0,3,0,0,1,0,0,1,0,0,0,32,6,0,0,5,0,3,0,0,0,0,10,1,0,0,0,0,1,1,0,1,0,1,2
hsa-miR-506-3p,379,0,33,2,0,1,1,7,0,2,0,0,2,2,0,0,3,1,3,0,215,0,1,3,2,0,37,4,1,654,0,46,2,0,0,0,2,3,0,4,0,4,1,0,0,0,59,0,4,4,0,11,9,4,12,0,1,0,25,1,4,6,430,2,5,0,252,10,74,224,9,7,0,0,0,1,3,5,0,1,42,1,2,0,7,151,43,17,26,1,3,3,97,8,0,459,3,128,46,0,0,0,27,0,1,0,0,4,0,3,0,1,0,0,19
hsa-miR-506-5p,457,0,2,0,1,0,0,4,2,604,0,0,3,52,27,44,1,2,51,3,12,0,1,49,301,1,2,5,4,7,0,42,104,33,0,0,9,1,9,229,0,1,3,0,1,0,659,0,13,17,0,6,74,1,7,1,0,0,2,13,0,29,2,0,1,0,10,10,279,1,11,13,6,1,2,1,33,99,0,177,45,0,0,41,0,89,1,1,12,90,1,2,20,1,5,88,0,71,0,38,0,78,28,4,15,0,47,1,0,2,0,21,0,2,1
hsa-miR-507,110,0,139,2,0,1,140,2,0,140,0,1,68,3,0,20,91,193,1,1,19,3,3,5,0,1,89,0,44,4,0,75,116,155,0,0,35,7,0,2,0,0,95,1,0,0,15,5,0,0,0,0,13,0,3,0,1,0,1,0,81,11,108,87,1,0,957,17,115,0,4,23,80,41,103,1,103,3,0,77,14,53,2,1,0,50,19,35,66,0,0,45,32,0,0,189,12,46,0,0,0,5,36,203,0,1,1,0,0,0,0,3,0,0,0
hsa-miR-508-3p,193,0,1,0,0,2,0,2,0,0,2,0,4,92,17,0,1,0,1,2,6,0,2,0,1,0,1,1,0,3,0,18,1,0,0,0,1,125,0,211,0,0,1,0,1,0,7,0,0,0,0,10,2,0,26,1,0,0,1,0,39,0,0,2,1,0,1,6,0,2,5,495,0,0,0,0,39,3,0,80,0,1,104,0,0,9,0,0,0,0,2,0,12,0,0,56,2,48,0,0,0,0,17,104,1,0,0,0,0,28,0,0,0,0,0
hsa-miR-508-5p,162,0,2,0,191,4,2,10,2,48,7,0,4,5,1,11,4,4,16,624,25,0,25,16,195,8,5,121,120,18,0,36,7,52,0,0,7,16,13,23,0,8,129,0,59,0,2258,0,24,0,1,22,28,11,35,0,1,0,2,0,117,37,4,0,193,0,22,26,359,20,173,436,9,0,0,1,1,4,10,731,91,0,3,0,53,51,2,69,38,73,11,3,1655,0,6,845,5,34,0,199,0,1,412,3,2,1,0,0,55,142,1,32,0,128,42
hsa-miR-5087,133,0,1,0,141,3,0,3,4,556,0,0,22,9,23,1,3,7,154,8,325,0,0,75,141,3,5,63,0,19,0,46,2,1,0,0,4,5,0,12,1,0,1,0,76,0,1065,0,0,0,0,11,4,89,291,0,0,0,7,0,263,27,1,1,1,0,24,6,93,2,14,28,3,48,1,0,3,150,0,17,0,2,65,0,0,81,24,96,28,365,11,6,21,0,0,381,3,25,2,193,0,3,38,0,76,0,0,1,0,110,0,52,0,3,5
hsa-miR-5088-3p,166,0,3,0,52,0,2,1,2,1546,0,0,1,72,1,0,2,0,1,187,11,10,1,52,537,1,2,19,2,11,0,1,1,0,0,0,7,1,0,49,0,0,1,0,0,0,1431,0,1,0,0,22,1,0,86,0,0,2,66,2,10,0,0,3,315,0,244,6,1,187,4,16,1,27,0,0,80,45,0,1,1,2,43,0,2,14,17,23,3,44,1,2,8,2,1,92,47,140,20,0,0,14,17,0,1,0,0,1,116,20,0,3,0,3,0
hsa-miR-5088-5p,314,0,29,5,108,3,1,6,1,5,1,0,140,35,2,12,82,117,2,7,231,0,52,1,119,3,0,29,1,13,0,20,5,53,0,0,2,8,10,146,3,0,23,0,3,5,677,0,1,0,15,3,11,4,98,1,18,0,113,42,92,9,1,9,5,3,61,13,236,98,20,104,37,1,1,21,33,116,13,35,15,0,2,0,94,158,2,1,2,33,0,11,26,0,0,299,8,24,10,0,0,1,40,39,24,0,0,1,0,0,0,20,0,1,2
hsa-miR-5089-3p,813,0,8,1,41,10,5,111,26,971,0,0,113,114,29,31,118,1,90,4,469,1,5,171,2,7,20,45,112,316,1,23,158,44,16,0,14,41,0,14,0,7,6,0,11,0,1489,0,4,0,123,35,10,49,203,3,2,0,91,105,196,68,6,76,121,2,1782,28,612,340,194,878,4,61,1,1,80,223,3,55,1,24,3,1,251,180,103,159,11,1,12,90,86,25,5,802,56,244,1,117,0,138,52,0,106,0,2,35,1,58,3,45,0,2,0
hsa-miR-5089-5p,7,1,20,1,16,4,12,58,0,1154,1,0,17,49,118,5,36,30,6,122,179,0,2,90,26,2,148,92,67,41,0,24,40,71,1,0,4,45,14,116,0,0,18,0,82,0,381,0,9,19,0,25,58,29,54,0,7,0,207,16,118,5,4,31,3,0,487,46,30,68,35,828,7,5,3,0,46,56,108,110,9,21,1,9,25,243,20,3,48,51,11,77,31,5,1,189,99,100,44,104,0,23,24,9,14,0,0,56,38,33,0,8,7,6,9
hsa-miR-509-3-5p,381,3,10,12,71,4,187,5,1,388,0,1,164,456,114,57,12,268,162,1,54,1,330,175,272,6,42,91,154,45,71,22,63,162,0,0,153,118,9,105,1,13,246,1,298,0,1880,11,6,34,0,11,122,10,433,0,40,0,201,66,162,119,6,16,2,0,3006,55,457,287,22,1106,355,133,1,2,84,72,50,397,38,67,96,8,142,19,73,0,7,259,5,148,118,9,1,231,59,1026,3,132,0,170,589,36,68,4,2,22,89,70,2,208,0,201,14
hsa-miR-509-3p,9,5,0,1,25,0,98,25,1,2,1,0,4,186,2,0,0,15,1,1,5,0,0,0,98,1,0,0,0,14,0,73,2,6,0,0,0,1,0,4,0,0,5,0,0,0,407,0,2,0,0,23,2,0,2,0,7,0,0,2,127,0,1,2,374,0,3,4,550,247,6,228,0,0,0,1,42,0,0,171,16,0,1,0,44,89,39,0,11,138,6,1,128,1,0,62,0,33,0,139,0,1,14,0,0,0,0,4,0,68,0,22,0,0,0
hsa-miR-509-5p,391,20,2,14,20,2,0,2,0,23,0,0,2,7,1,11,11,3,2,5,9,0,0,1,2,6,0,5,1,36,0,3,0,0,0,62,3,5,1,13,0,0,2,0,0,0,936,0,0,0,0,30,1,2,5,1,1,0,0,116,275,3,0,14,11,0,5,9,391,612,15,473,0,4,1,0,1,43,0,413,69,3,180,7,293,121,10,13,2,1,0,44,13,1,0,193,0,15,3,2,0,0,11,44,3,0,0,4,34,64,2,4,34,379,31
hsa-miR-5090,48,3,95,0,1,3,0,9,0,7,0,0,8,19,2,0,1,178,35,266,489,1,6,1,88,2,7,95,29,8,0,7,14,6,0,0,4,171,3,150,0,1,5,0,14,0,142,0,3,1,0,1,10,6,11,0,0,0,7,0,231,8,3,0,3,1,303,12,88,155,6,520,4,0,3,0,5,55,3,114,20,18,9,1,28,3,1,36,23,15,3,7,34,0,0,320,26,15,4,27,2,4,41,2,12,0,0,2,2,1,0,3,0,28,47
hsa-miR-5091,5,0,5,0,49,1,3,1,2,337,0,0,2,65,19,9,5,73,93,233,17,0,154,1,1,1,170,24,1,450,1,3,3,0,0,0,2,4,0,7,0,0,1,0,0,0,588,5,12,0,0,4,3,54,109,0,0,0,90,110,40,0,1,2,1,0,526,427,267,2,13,274,50,0,0,0,28,0,1,86,11,4,4,4,0,104,5,16,1,0,0,1,25,2,0,179,0,161,0,1,0,24,34,0,1,0,0,170,1,0,0,3,0,103,0
hsa-miR-5092,164,0,2,0,1,3,0,73,2,163,0,5,495,6,9,0,4,227,5,66,351,0,39,10,2,2,20,107,25,5,1,168,6,64,0,0,5,7,0,66,0,0,4,0,56,0,718,0,0,1,0,0,26,0,1,0,0,1,1,0,156,8,8,111,0,0,19,31,133,5,4,16,24,0,13,1,16,2,0,266,0,3,64,5,3,1,32,148,1,62,5,0,1164,0,0,138,27,65,23,0,0,18,71,2,2,1,0,1,0,63,0,100,0,260,6
hsa-miR-5093,163,2,5,17,114,2,39,12,6,121,0,1,316,158,57,5,7,248,59,0,1391,2,160,314,298,8,3,154,103,669,25,137,11,0,2,7,13,38,27,587,0,4,111,0,202,0,1318,0,20,0,0,0,35,30,123,0,4,1,0,3,8,118,9,350,1,47,1947,46,114,7,99,42,103,0,1,5,61,125,31,113,0,6,4,0,28,115,7,73,34,2,1,148,95,3,2,140,121,402,0,3,0,113,2460,92,14,28,17,0,4,2,7,29,0,1,60
hsa-miR-5094,52,0,3,0,2,2,0,1,1,12,0,0,4,82,0,3,26,10,63,3,22,1,4,55,3,2,7,10,4,7,0,0,34,2,0,4,4,9,0,10,0,0,3,0,3,0,192,1,3,0,0,1,2,6,7,0,0,0,1,2,154,23,2,6,6,1,337,7,282,240,16,35,41,0,1,2,40,4,5,2,4,4,9,0,9,30,8,0,14,4,11,3,24,2,1,215,3,136,1,3,0,3,27,5,2,0,0,1,0,28,0,5,2,2,0
hsa-miR-510-3p,5,0,1,0,0,0,1,63,1,0,0,0,2,44,0,2,0,4,113,1,9,0,4,4,246,2,3,103,99,2,0,0,4,0,0,0,0,4,24,4,0,0,5,0,0,0,571,0,1,0,1,0,3,2,6,0,0,0,2,2,1,1,2,1,0,0,9,16,3,4,2,8,37,0,0,0,0,0,5,0,1,17,24,8,1,57,35,96,6,0,0,33,29,2,0,56,11,119,1,0,0,2,25,0,2,0,0,86,1,3,0,0,0,194,17
hsa-miR-510-5p,102,11,17,0,259,1,0,1,0,3,0,0,238,0,0,2,0,2,1,1,3,0,1,0,0,1,0,0,1,7,0,108,64,0,0,0,1,3,14,5,0,1,2,0,1,0,23,1,8,0,0,0,2,0,1,0,0,0,71,9,2,1,0,0,0,0,74,8,103,1,3,4,1,1,0,1,14,111,0,3,27,47,2,0,0,43,0,55,1,1,1,0,23,0,0,89,1,103,3,0,0,0,21,1,14,0,0,0,0,1,1,2,0,1,1
hsa-miR-5100,145,9,3,0,3,1,7,0,3,3,1,0,6,3,1,19,1,17,6,0,14,0,1,37,8,1,4,0,95,76,0,2,38,75,2,0,6,1,11,558,0,0,232,0,1,0,740,1,17,0,0,12,0,0,8,0,1,0,3,0,123,0,3,0,129,0,496,8,98,1,429,29,1,1,1,1,38,2,28,166,5,2,2,0,96,109,47,1,18,227,1,81,12,0,39,398,1,37,0,3,0,2,15,1,153,0,3,1,87,21,1,1,0,56,0
hsa-miR-511-3p,21,111,5,2,72,673,303,7,1,154,0,11,155,145,69,0,6,8,35,303,1008,3,11,80,9,6,57,6,59,536,1,96,127,2,0,1,5,119,1,29,3,0,264,0,74,0,369,7,0,1,0,60,13,78,15,0,3,0,32,38,133,24,79,5,116,1,321,21,65,17,35,1100,118,40,135,8,67,142,1,68,114,11,105,16,2,677,315,1,2,73,1,107,54,6,6,103,26,106,96,1,1,27,60,153,63,3,0,103,139,4,0,45,26,7,5
hsa-miR-511-5p,1,0,0,0,0,0,59,1,2,0,0,0,96,0,0,0,1,1,2,0,8,0,0,34,0,1,2,0,86,0,0,1,3,0,0,0,1,4,0,30,0,0,1,0,0,0,483,0,0,0,0,6,4,2,0,0,0,0,0,0,3,19,119,0,0,0,20,4,0,0,0,112,80,0,0,0,1,2,0,0,0,2,3,1,29,0,1,0,6,0,0,57,6,0,3,20,0,0,0,0,0,1,13,0,1,0,0,0,0,0,0,1,1,0,0
hsa-miR-512-3p,1164,0,2,0,152,1,43,28,1,1,0,12,1,2,0,32,3,4,1,226,907,1,122,3,1,3,27,5,1,5,0,5,1,4,0,10,98,1,10,5,103,14,120,0,3,0,477,1,6,0,0,0,3,0,6,0,54,1,1,0,103,46,1,3,0,0,24,28,158,147,11,20,2,24,31,1,72,1,0,2,2,59,2,0,105,63,32,0,8,0,7,16,18,1,8,75,55,189,0,0,0,4,12,0,35,0,6,49,0,142,0,3,0,81,26
hsa-miR-512-5p,3,0,2,0,251,3,4,2,3,106,0,0,54,30,82,1,2,68,81,183,151,0,6,62,2,2,2,6,2,8,0,933,29,4,0,27,9,78,2,41,0,0,27,0,27,1,88,0,0,3,0,9,36,0,3,2,0,0,1,0,4,2,71,38,0,0,268,21,109,365,2,393,22,13,1,2,46,144,4,504,16,1,31,1,2,20,9,0,52,3,0,5,56,2,0,225,1,429,113,30,0,31,1027,0,48,0,0,0,0,1,0,32,0,191,6
hsa-miR-513a-3p,11,1,2,2,1,2,0,22,0,0,1,0,3,41,21,0,0,2,21,52,109,0,19,3,0,2,15,32,0,157,0,1,2,0,0,5,63,3,10,5,0,0,3,0,0,0,287,0,2,2,1,0,5,20,40,0,5,1,1,0,44,46,3,0,56,4,132,8,63,2,4,9,0,0,1,0,13,11,3,0,22,1,10,0,0,54,5,1,7,41,3,16,386,0,0,94,1,18,90,53,0,0,19,1,0,8,0,25,0,17,0,0,0,0,0
hsa-miR-513a-5p,4,4,1,0,0,0,3,66,0,0,40,1,0,1,0,1,0,1,0,4,1029,0,0,1,1,1,0,1,4,399,0,3,0,18,0,0,9,0,0,10,0,0,2,0,0,0,385,0,0,0,0,0,0,51,31,0,0,0,23,14,41,13,0,0,205,0,12,3,109,1,74,15,1,62,25,0,1,115,32,236,0,4,2,0,3,3,1,0,8,17,0,3,6,1,4,185,1,0,0,36,0,3,9,302,0,1,0,2,2,0,0,0,0,0,12
hsa-miR-513b-3p,1,0,2,1,1,0,13,6,0,5,0,0,101,9,7,0,3,21,3,45,364,0,116,26,0,0,5,12,5,7,0,1,34,1,0,0,46,5,11,3,0,2,4,0,1,0,651,0,0,1,0,1,9,2,7,0,2,0,1,13,8,26,1,2,1,0,119,8,74,7,1,61,31,1,31,0,6,5,0,6,0,5,13,0,0,40,1,3,1,3,0,7,26,2,0,9,4,157,34,16,0,10,269,1,1,13,0,1,1,2,0,8,0,0,2
hsa-miR-513b-5p,1,0,0,0,0,1,0,0,0,1,0,0,0,0,8,0,0,0,37,2,2,0,0,0,1,0,0,0,0,0,0,0,0,7,0,0,0,9,0,0,0,0,0,0,0,0,1,0,0,0,0,2,0,0,34,0,0,0,0,0,2,0,0,0,0,0,1,0,7,1,2,2,1,0,0,0,0,14,0,3,2,0,0,1,0,1,0,0,2,0,0,1,3,0,0,18,0,1,0,0,0,0,3,0,0,0,0,0,0,2,0,0,0,0,0
hsa-miR-513c-3p,16,0,1,2,0,0,1,32,1,0,0,0,0,34,12,1,1,2,12,7,93,0,26,7,1,2,21,27,1,144,0,2,0,0,0,0,63,2,15,9,0,0,3,0,0,0,261,0,8,1,0,3,6,26,42,0,4,0,0,0,39,39,2,1,59,0,147,14,41,2,5,13,0,0,0,1,9,19,3,4,1,0,9,0,1,104,7,0,10,35,2,15,387,0,0,109,1,17,92,0,0,0,23,0,0,10,0,30,0,8,0,0,1,0,0
hsa-miR-513c-5p,195,0,1,1,10,3,0,2,0,352,0,0,8,4,41,81,1,62,46,2,2,0,0,1,0,1,1,61,2,6,0,0,7,0,0,0,2,17,0,1,0,8,1,0,0,0,9,0,0,0,0,15,5,59,2,0,0,0,0,0,44,26,0,2,0,0,265,7,0,1,4,327,1,49,0,0,6,4,0,1,9,1,1,0,175,112,0,0,13,190,5,2,19,1,0,110,0,93,1,37,0,1,467,1,0,0,0,0,81,35,0,0,5,0,1
hsa-miR-514a-3p,293,0,0,0,0,0,0,0,0,1,0,0,0,0,1,0,0,0,0,1,2,0,132,1,0,2,0,2,0,2,0,1,0,0,0,0,1,44,0,104,0,0,54,0,0,0,8,0,0,0,0,0,2,0,0,0,0,0,0,0,0,0,3,0,2,0,8,2,0,0,3,115,0,0,0,1,1,0,0,1,0,0,0,0,0,1,0,0,0,0,0,0,4,1,0,0,0,5,0,0,0,0,8,2,0,0,0,0,0,0,0,0,0,1,0
hsa-miR-514a-5p,481,0,11,7,3,1,88,98,4,109,1,0,212,121,50,33,21,105,74,225,397,1,32,279,1,3,141,28,1,434,1,4,108,1,0,0,77,68,0,310,0,4,56,0,494,0,1283,4,1,0,0,2,10,0,54,32,18,0,0,29,14,125,7,0,493,0,1563,29,109,37,8,541,248,44,186,0,31,295,23,229,14,4,53,5,69,10,14,0,1,74,9,98,873,0,2,383,16,146,43,3,0,65,53,39,77,0,0,59,0,1,1,21,1,1,2
hsa-miR-514b-3p,81,1,1,0,125,1,7,0,1,77,0,0,5,22,9,0,1,77,28,3,9,0,41,87,2,146,3,2,0,82,0,49,41,14,0,0,0,60,0,4,35,0,1,0,0,0,27,0,2,2,1,0,2,0,51,1,6,0,1,10,34,10,3,1,0,0,507,6,58,1,65,106,2,1,0,1,1,66,5,36,0,7,20,4,41,20,0,0,9,0,1,31,15,0,7,13,13,164,0,22,0,0,33,56,5,0,0,0,0,14,0,1,0,1,0
hsa-miR-514b-5p,97,1,1,0,2,180,13,31,2,279,21,0,0,1,1,0,3,1,1,1,13,0,1,0,0,3,50,0,2,7,0,3,1,0,0,0,2,0,0,433,0,0,1,0,2,0,911,0,1,0,0,22,2,215,7,0,0,0,1,59,157,26,0,1,11,1,13,0,56,320,223,12,1,0,1,1,1,0,0,86,35,0,19,0,13,26,2,2,0,62,1,21,4,0,18,109,0,1,0,31,0,25,4,2,87,0,0,0,1,20,2,13,0,0,0
hsa-miR-515-3p,5,0,1,0,1,4,2,2,0,320,1,0,0,6,35,2,0,6,7,629,13,0,3,53,1,6,5,2,3,362,0,1,106,1,0,0,3,11,0,223,2,0,1,0,2,0,211,0,2,0,0,0,3,48,2,0,1,0,5,20,5,1,0,3,4,1,238,7,1,141,5,602,2,0,0,2,1,109,0,1,3,2,2,0,2,34,43,1,0,14,5,7,27,0,0,166,0,4,2,4,0,47,685,144,1,0,0,2,1,46,1,18,1,2,39
hsa-miR-515-5p,4,0,1,0,0,0,0,13,0,1,0,0,0,179,42,0,3,0,0,0,1,0,0,19,0,0,0,0,1,2,0,0,1,0,0,0,0,2,0,323,0,0,0,0,0,0,318,0,0,0,0,0,1,0,1,0,0,0,0,0,1,0,0,1,1,0,3,5,2,3,0,3,12,0,1,0,43,16,0,0,0,1,1,0,0,0,9,0,0,0,0,1,3,0,0,2,0,1,0,0,0,6,9,0,1,0,0,0,0,21,0,5,0,0,0
hsa-miR-516a-3p,5,0,0,0,36,1,0,0,0,0,0,1,0,0,14,0,0,0,0,1,2,0,0,1,0,2,14,13,0,3,0,0,3,0,0,0,0,1,0,1,0,0,12,0,3,0,0,0,1,0,0,0,1,0,33,0,0,0,0,0,1,0,0,1,1,0,1,0,47,102,3,1,0,12,0,1,18,13,0,33,0,0,17,0,1,1,0,0,0,0,0,1,10,4,0,13,0,1,1,0,0,12,5,0,21,0,0,2,20,0,0,5,0,0,0
hsa-miR-516a-5p,13,10,21,0,32,1,4,2,1,109,0,0,36,2,0,0,5,1,1,3,20,3,0,2,0,1,22,33,109,12,0,1,57,44,1,0,6,23,0,73,1,21,25,0,0,0,1038,0,2,0,0,5,119,72,0,0,2,0,92,2,111,26,3,1,5,0,989,42,263,897,9,332,27,50,44,0,12,28,0,457,21,52,33,0,0,97,18,0,8,41,6,4,38,1,0,208,0,46,1,79,0,16,27,81,14,0,0,1,232,72,0,6,0,495,50
hsa-miR-516b-3p,5,0,0,0,32,1,0,0,0,0,0,0,0,0,15,0,0,0,0,0,0,0,0,1,0,0,12,17,1,1,0,0,0,0,0,0,0,1,0,1,0,0,9,0,1,0,2,0,0,0,0,0,1,0,38,0,0,0,0,0,1,0,0,0,0,0,0,1,37,101,1,1,0,13,0,1,13,10,0,34,0,0,15,0,0,0,0,0,0,0,0,0,27,8,0,9,0,0,0,0,0,6,6,0,20,0,0,2,20,0,0,8,0,0,0
hsa-miR-516b-5p,3,0,10,0,126,1,56,117,2,1771,1,1,6,159,113,60,163,4,75,648,1810,1,144,4,4,4,4,42,9,95,0,701,273,29,0,0,18,7,15,114,0,0,3,0,82,0,1354,0,6,0,84,82,83,3,10,0,3,35,62,0,3,24,9,3,389,0,629,33,243,1099,71,476,226,0,108,0,76,49,1,532,26,9,3,3,12,448,51,0,208,1,2,8,71,3,17,171,31,883,0,70,0,224,1414,2,49,0,0,2,68,36,3,58,0,274,57
hsa-miR-517-5p,3,0,1,0,0,1,57,3,0,3,0,0,1,53,8,0,0,62,4,2,8,0,5,145,1,0,2,2,0,6,0,1,5,0,0,1,0,3,0,254,0,0,5,0,31,0,10,1,0,0,0,0,1,0,1,0,1,0,0,24,24,0,0,1,1,1,12,2,0,0,2,12,1,0,0,1,0,84,0,193,1,0,1,0,3,1,0,0,1,2,0,3,16,1,0,9,0,55,0,0,0,0,21,0,1,0,0,1,0,0,0,29,0,1,2
hsa-miR-517a-3p,24,1,74,5,101,0,78,59,4,210,0,3,101,172,45,0,23,85,67,77,887,1,89,98,1,0,96,4,70,48,0,16,156,0,0,23,89,55,12,127,6,3,125,0,162,0,923,4,4,0,0,1,3,41,204,0,28,0,79,45,119,73,1,158,48,2,228,16,133,127,79,935,38,34,91,0,52,64,12,207,7,37,63,0,69,24,38,49,13,90,3,111,31,13,8,78,51,130,0,1,0,46,308,0,41,1,11,27,1,41,2,76,0,76,17
hsa-miR-517b-3p,16,1,75,6,89,0,79,55,2,219,0,1,86,133,34,1,22,120,80,83,845,1,94,101,0,2,142,6,59,36,0,12,200,0,1,29,110,56,13,140,5,0,117,0,148,0,862,8,10,1,0,2,11,47,215,1,24,0,75,46,139,43,4,164,70,1,233,15,108,117,103,979,42,34,97,1,38,74,12,230,6,42,60,0,46,21,32,50,15,90,10,111,37,11,4,83,69,135,0,0,0,46,290,0,40,2,9,19,0,54,0,84,0,68,21
hsa-miR-517c-3p,14,0,0,0,0,0,0,1,0,2,0,0,0,0,12,0,0,0,0,0,0,0,0,0,0,0,0,1,0,0,0,0,0,0,0,0,0,0,0,0,0,0,0,0,0,0,5,0,2,0,0,6,2,0,2,0,0,0,0,0,0,0,0,0,0,0,0,0,51,0,2,0,0,0,0,0,0,2,0,0,0,1,28,0,16,25,0,0,3,0,2,1,2,0,3,36,0,53,0,0,0,0,2,1,0,0,0,0,0,0,0,0,0,0,0
hsa-miR-5186,598,0,6,0,0,3,4,2,4,5,0,0,7,3,105,60,3,53,235,10,534,0,44,138,376,8,79,138,6,365,0,3,3,158,0,0,16,108,0,12,0,0,4,0,3,0,115,4,0,2,0,20,21,4,6,0,10,102,1,137,3,1,7,2,0,0,1054,30,6,3,11,447,2,23,125,0,68,86,3,416,1,65,43,2,153,6,1,0,16,67,6,80,69,1,0,273,72,268,223,3,0,80,1307,59,1,0,0,1,2,3,0,45,0,0,53
hsa-miR-5187-3p,1732,11,3,1,150,6,0,0,0,1,0,0,57,78,14,1,12,143,1,4,5,1,2,1,204,2,67,0,3,7,0,1,92,20,0,1,2,50,17,9,1,0,3,0,0,0,412,24,30,0,0,29,1,196,232,0,0,0,255,1,140,46,107,3,290,0,7,17,242,2,22,217,1,0,3,1,2,149,25,151,540,2,5,0,2,163,0,0,51,172,13,70,23,0,1,494,7,4,0,865,0,62,28,0,67,0,0,147,0,0,4,0,0,1,2
hsa-miR-5187-5p,17,2,2,0,125,2,63,7,0,27,0,0,139,12,18,13,1,75,38,8,18,0,31,13,4,1,3,5,51,2,0,2,232,0,0,0,6,6,46,263,0,0,9,0,0,0,649,5,0,0,0,1,10,1,97,0,0,0,135,32,12,1,6,2,121,0,475,12,200,137,12,106,0,1,0,0,67,19,1,121,235,2,118,1,101,130,8,2,18,184,1,48,22,1,0,337,1,154,0,0,0,1,242,1,86,0,0,42,84,1,0,28,0,1,34
hsa-miR-5188,856,0,1,0,424,1220,4,71,25,1590,2,10,14,53,56,262,1,69,85,1824,26,1,159,9,218,17,7,6,9,72,0,213,139,201,7,1,3,63,61,1518,0,6,10,0,127,0,797,1,48,6,0,23,116,249,125,1,2,1,273,239,244,48,6,331,6,3,612,1174,987,2450,462,18,10,91,874,3,38,11,37,1767,153,6,14,70,29,555,0,1,222,432,26,79,110,1,35,876,1,214,315,290,0,32,2374,304,212,0,0,463,190,130,3,0,99,469,497
hsa-miR-5189-3p,337,0,36,0,101,84,2,31,5,167,1,0,3,83,36,13,13,22,105,920,12,0,91,24,31,3,2,12,1,9,8,4,4,34,0,0,4,31,17,10,58,0,67,0,67,0,1389,0,16,5,0,12,7,35,71,1,1,9,124,5,302,26,4,104,309,0,39,15,227,34,137,20,17,0,3,0,16,11,2,351,24,46,208,0,158,152,31,60,46,20,9,3,37,2,2,840,1,191,151,18,0,8,454,129,87,11,0,4,0,136,0,47,0,0,23
hsa-miR-5189-5p,194,6,55,13,12,8,11,15,8,628,0,4,196,569,94,67,47,625,429,328,1520,1,20,303,150,7,302,381,59,75,24,393,303,67,1,0,325,195,59,1288,0,2,148,0,0,1,2841,16,37,5,0,16,40,322,590,3,5,78,8,382,282,289,25,138,370,0,4330,121,333,77,192,1144,237,139,18,2,220,674,18,239,3,137,96,58,102,583,201,7,53,267,40,332,262,12,19,834,142,1737,179,124,0,62,5320,314,146,1,1,28,295,418,1,98,3,674,64
hsa-miR-518a-3p,57,0,1,0,38,0,0,1,0,0,0,0,1,0,0,0,2,1,1,0,8,0,0,0,0,1,0,0,0,51,0,1,2,0,0,0,2,1,0,1,0,2,0,0,0,0,203,0,21,0,0,0,1,0,0,0,8,0,0,5,0,10,0,0,0,0,485,0,22,0,2,5,1,0,0,1,1,0,0,53,1,0,0,0,0,3,1,0,0,1,0,2,2,0,0,16,0,36,0,6,0,2,1,0,0,0,0,0,0,1,0,0,0,0,0
hsa-miR-518a-5p,61,0,0,0,0,2,0,0,0,1,0,0,1,0,0,29,0,1,12,0,3,0,0,3,0,1,1,0,1,3,0,0,0,17,0,0,69,1,0,3,0,0,1,0,0,0,141,0,1,0,0,1,236,56,1,0,2,0,7,25,61,23,1,0,187,0,4,4,35,0,4,5,1,6,0,0,0,0,0,19,25,1,0,0,54,17,1,0,0,0,0,1,8,0,0,66,0,7,0,0,0,0,13,1,0,0,0,0,0,0,0,0,0,0,11
hsa-miR-518b,209,0,2,0,38,4,0,11,1,408,1,0,4,163,0,24,0,47,19,3,10,1,1,5,93,6,0,2,52,79,0,3,2,1,0,0,1,3,3,211,0,0,1,0,0,1,230,0,8,0,0,7,5,60,3,1,0,0,28,153,115,26,4,2,6,0,6,6,338,237,16,4,56,76,4,1,1,0,0,382,225,22,39,2,108,137,10,43,96,7,11,3,18,1,7,302,0,28,1,1,0,2,132,0,105,0,0,1,2,119,3,1,0,1,0
hsa-miR-518c-3p,0,0,3,0,0,0,0,0,0,2,0,0,1,0,0,0,0,0,0,1,0,0,0,0,0,0,1,0,0,0,0,0,48,0,0,0,1,0,0,2,0,0,1,0,0,0,2,0,0,0,0,0,0,1,0,0,1,0,0,0,0,0,1,0,0,0,7,0,1,0,0,2,1,0,0,1,0,0,0,0,44,0,0,0,0,0,0,18,0,0,0,0,3,0,0,2,0,0,0,32,0,0,5,0,0,0,0,100,0,0,0,0,0,0,1
hsa-miR-518c-5p,302,0,0,0,3,3,83,4,1,981,0,2,30,72,5,48,6,23,65,7,110,0,16,301,6,1,3,7,3,17,0,42,1,58,0,0,173,19,14,143,0,0,50,0,43,0,190,0,0,1,0,26,27,2,9,0,1,0,1,51,24,86,3,4,509,1,609,12,435,733,16,23,25,8,0,1,8,69,10,245,411,2,3,0,299,111,14,112,14,199,12,6,50,3,1,105,21,83,1,149,0,7,27,1,23,1,0,45,0,1,1,40,1,4,56
hsa-miR-518d-3p,0,0,0,0,0,0,0,0,0,0,0,0,0,0,0,0,0,1,0,0,0,0,0,0,0,0,0,0,0,0,0,0,0,0,0,0,0,0,0,0,0,0,0,0,1,0,1,0,0,0,0,0,0,0,0,0,0,0,0,0,0,0,0,1,0,0,0,0,0,0,0,1,0,0,0,0,0,0,0,0,0,0,0,0,0,0,0,1,0,0,0,0,0,0,0,1,0,0,0,0,0,0,0,0,0,0,0,0,0,0,0,0,0,0,0
hsa-miR-518d-5p,0,0,0,0,0,0,0,0,0,0,0,0,0,0,0,0,0,0,0,0,0,0,0,0,0,0,0,0,0,0,0,0,0,0,0,0,0,0,0,0,0,0,0,0,0,0,0,0,0,0,0,0,0,0,0,0,0,0,0,0,0,0,0,0,0,0,0,0,0,0,0,0,0,0,0,0,0,0,0,0,0,0,0,0,0,0,0,0,0,0,0,0,0,0,0,0,0,0,0,0,0,0,0,0,0,0,0,0,0,0,0,0,0,0,0
hsa-miR-518e-3p,105,0,1,0,1,0,1,6,0,3,0,0,3,83,0,17,3,94,49,1,36,0,1,3,0,1,0,0,3,8,0,0,2,0,63,0,2,1,0,7,0,0,229,0,353,0,10,0,0,0,0,1,5,0,215,0,0,0,2,24,160,14,0,1,0,0,10,7,140,2,7,437,13,53,7,2,3,109,0,328,24,69,0,0,36,57,59,11,0,1,0,0,12,3,0,310,0,21,0,30,0,6,22,0,200,0,0,0,0,0,0,1,0,0,1
hsa-miR-518e-5p,0,0,0,0,0,0,0,0,0,0,0,0,0,0,0,0,0,0,0,0,0,0,0,0,0,0,0,0,0,0,0,0,0,0,0,0,0,0,0,0,0,0,0,0,0,0,0,0,0,0,0,0,0,0,0,0,0,0,0,0,0,0,0,0,0,0,0,0,0,0,0,0,0,0,0,0,0,0,0,0,0,0,0,0,0,0,0,0,0,0,0,0,0,0,0,0,0,0,0,0,0,0,0,0,0,0,0,0,0,0,0,0,0,0,0
hsa-miR-518f-3p,0,0,1,0,0,0,0,0,0,1,0,0,1,0,0,0,0,0,0,0,3,0,0,0,0,0,0,0,0,0,0,0,47,0,0,0,1,0,0,0,0,0,0,0,0,0,5,0,0,0,0,0,0,0,0,0,0,0,0,0,0,1,0,0,0,0,2,0,1,0,0,5,0,0,0,0,0,1,0,1,18,0,0,0,0,0,0,13,0,1,0,0,2,0,0,2,0,1,0,43,0,0,2,0,0,0,0,1,0,0,0,0,0,0,3
hsa-miR-518f-5p,0,0,0,0,0,0,0,0,0,0,0,0,0,0,0,0,0,0,0,0,0,0,0,0,0,0,0,0,0,0,0,0,0,0,0,0,0,0,0,0,0,0,1,0,0,0,0,0,0,0,0,0,0,0,1,0,0,0,0,0,0,0,1,0,0,0,0,0,0,0,0,0,0,0,0,0,0,0,0,0,0,0,0,16,0,0,0,0,0,0,0,0,0,0,0,0,0,0,0,0,0,0,0,0,0,0,0,0,0,0,0,0,0,0,0
hsa-miR-5190,248,0,16,1,17,5,12,69,3,30,0,0,165,105,4,0,10,136,47,526,233,0,50,92,314,10,48,39,9,36,0,185,56,16,1,4,14,216,31,178,0,0,50,0,6,0,1627,1,32,0,2,30,108,4,143,0,21,0,399,3,95,87,6,7,286,2,1028,30,235,87,162,394,98,36,112,8,60,44,5,385,1,10,24,6,223,162,64,15,103,11,7,70,77,2,6,159,39,232,2,55,0,55,300,88,25,3,0,3,78,117,1,19,1,123,1
hsa-miR-5191,6,0,16,3,16,0,10,2,2,55,2,0,32,144,31,43,10,76,48,9,227,6,65,43,3,0,22,125,48,153,0,3,21,9,0,0,190,168,2,85,0,0,88,0,26,0,852,0,0,0,0,25,9,1,77,0,1,1,0,121,0,123,8,1,1,0,698,25,69,126,6,101,23,31,1,0,35,73,5,131,20,24,32,5,154,1,30,3,3,149,5,32,51,4,0,42,18,315,0,0,0,80,400,9,5,0,1,0,56,79,1,28,2,2,1
hsa-miR-5192,60,2,1,0,4,4,103,5,2,346,0,0,162,93,0,7,3,8,89,341,33,0,8,13,12,1,11,69,74,20,0,14,4,1,0,0,12,132,2,24,1,0,4,0,99,0,1079,0,0,1,0,9,12,13,29,0,5,0,38,0,29,7,3,5,4,0,103,18,65,44,26,103,5,22,41,2,6,7,6,189,6,3,3,1,0,88,4,6,2,6,4,7,28,1,8,158,8,58,0,1,0,61,45,6,4,0,0,3,1,32,0,4,1,3,3
hsa-miR-5193,5418,199,4358,671,9258,2171,13333,7468,1108,46650,80,884,21995,13129,6673,2442,5271,20223,15616,40163,118459,300,20016,18175,18349,5800,18587,20746,12572,19620,160,8634,21725,8216,214,217,29027,23183,2786,26598,631,151,18002,13,28514,128,242734,646,1506,2450,167,1013,13608,7343,30248,54,2669,771,4958,6702,4608,19390,3837,7603,15822,1500,107322,17204,11633,33167,9827,94417,9265,4082,5269,6971,10803,19043,1287,24820,4750,9367,9608,1200,14016,10996,6606,7822,4125,13521,920,15068,78381,949,761,15595,6688,28987,10559,6346,12,8857,98526,19927,7879,992,1073,7305,11561,8305,114,7220,730,17534,4009
hsa-miR-5194,8239,0,4,0,41,144,2,38,2,386,0,0,75,70,41,15,8,20,10,349,302,1,9,133,44,15,5,87,14,701,0,17,17,53,3,55,121,34,0,323,74,1,17,0,2,96,1349,11,14,0,0,20,14,6,36,2,2,1,6,5,159,68,9,5,265,1,519,43,187,12,402,35,94,27,6,6,23,22,4,6,20,18,7,0,23,115,6,11,43,5,1,5,1625,1,1,222,3,231,23,3,0,17,84,1,12,0,0,36,2,5,0,9,1,5,0
hsa-miR-5195-3p,1190,2,6,0,82,4,19,10,11,609,1,2,105,5,25,15,80,263,117,566,1535,0,23,198,143,5,35,51,7,18,0,50,162,7,39,24,11,44,1,77,133,6,13,0,93,0,1588,0,1,0,0,32,62,112,76,0,8,0,3,7,831,51,4,74,51,20,419,23,198,2,180,1071,8,5,18,1,7,158,0,8,145,4,6,1,115,98,28,13,5,4,4,20,43,2,5,723,80,252,3,0,0,42,128,114,105,0,1,1,3,42,0,44,1,2,1
hsa-miR-5195-5p,1,0,0,0,142,0,0,2,0,5,0,0,3,164,4,0,2,127,122,1,5,0,2,3,3,0,80,2,1,1,0,0,2,0,0,0,1,2,0,3,0,0,25,0,0,0,684,0,14,0,0,11,2,42,1,0,0,0,1,0,2,27,1,0,0,0,10,10,1,0,2,9,0,0,0,0,0,107,0,2,27,1,0,0,1,0,0,0,16,0,2,1,26,0,0,106,28,64,0,162,0,61,12,1,0,0,0,0,0,69,0,1,0,0,0
hsa-miR-5196-3p,795,0,35,0,59,3,6,4,9,636,1,6,129,42,123,2,7,112,63,200,202,5,3,5,166,4,61,1,205,310,2,37,4,66,0,0,155,5,47,14,0,3,4,0,5,2,2825,14,11,26,0,15,9,376,137,24,8,1,203,205,306,69,6,77,238,0,205,16,248,551,204,733,6,0,0,0,51,31,32,157,77,12,3,44,283,44,6,29,27,56,5,67,49,1,21,572,41,81,3,1,0,69,51,3,73,0,0,1,84,63,1,13,1,104,35
hsa-miR-5196-5p,7,7,95,0,72,2,10,30,3,784,0,6,127,141,52,122,2,80,217,3,460,1,4,33,154,7,46,120,8,179,0,96,40,0,0,12,123,46,5,81,0,0,83,0,211,14,1661,0,3,1,83,17,16,3,47,1,3,2,0,123,102,125,11,3,1279,0,475,59,310,11,150,165,9,17,19,2,51,57,8,254,59,4,46,1,53,61,2,147,6,61,4,25,1815,13,15,464,20,99,42,1,0,12,423,1,23,0,0,271,0,15,0,53,0,101,6
hsa-miR-5197-3p,6,3,79,9,37,0,144,5,3,97,0,7,164,106,27,2,24,29,85,17,410,2,42,77,11,2,87,27,123,21,0,19,152,8,0,0,26,98,6,127,0,0,179,0,25,0,786,7,17,0,0,43,70,0,10,0,4,12,2,47,1,37,14,157,4,0,538,167,268,18,11,859,44,31,77,6,34,60,1,38,2,20,120,3,31,15,3,31,20,119,12,63,144,4,2,155,34,408,3,2,1,16,1014,82,39,0,2,32,21,31,0,31,1,5,48
hsa-miR-5197-5p,65,0,1,0,1,0,4,3,2,525,0,0,6,63,28,7,1,6,3,137,8,0,4,2,215,5,3,0,2,8,0,3,63,52,0,2,5,2,9,7,0,0,30,0,72,0,441,0,0,0,0,2,0,0,2,0,0,0,0,45,122,11,2,1,0,0,22,2,269,0,4,21,1,0,5,2,48,27,0,3,2,0,1,0,0,29,62,3,0,73,0,80,7,0,0,122,43,10,0,0,0,22,41,106,1,0,0,0,0,9,0,34,0,2,0
hsa-miR-519a-2-5p,1,0,0,0,0,0,22,0,0,0,0,0,0,15,31,15,0,41,0,335,3,0,0,0,0,0,0,0,0,0,0,1,1,0,0,0,0,0,0,2,0,0,0,0,0,0,1,0,3,0,0,0,1,1,0,0,10,0,0,0,1,10,0,0,0,0,123,1,1,2,0,1,0,21,0,0,0,0,0,0,1,0,0,0,0,0,0,0,0,109,0,0,4,0,0,9,1,0,4,0,0,0,6,0,0,0,0,40,0,0,0,1,0,0,1
hsa-miR-519a-3p,0,0,0,0,0,0,0,0,0,0,0,0,0,0,0,0,0,1,0,0,0,0,0,0,0,0,0,0,0,0,0,0,0,0,0,0,0,0,0,1,0,0,0,0,0,0,1,0,0,0,0,5,1,0,0,0,0,0,0,0,0,0,1,0,0,0,0,1,0,2,0,0,0,0,0,0,0,0,0,0,0,0,42,0,0,0,0,0,2,0,0,0,2,0,0,0,0,50,0,0,0,0,1,0,0,0,1,0,0,0,0,0,1,0,0
hsa-miR-519a-5p,0,0,0,0,0,0,0,0,0,0,0,0,0,0,0,0,0,0,0,0,0,0,0,0,0,0,0,0,0,0,0,0,0,0,0,0,0,0,0,0,0,0,0,0,0,0,0,0,0,0,0,0,0,0,0,0,0,0,0,0,0,0,0,0,0,0,0,0,0,0,0,0,0,0,0,0,0,0,0,0,0,0,0,0,0,0,0,0,0,0,0,0,0,0,0,0,0,0,0,0,0,0,0,0,0,0,0,0,0,0,0,0,0,0,0
hsa-miR-519b-3p,0,0,0,0,0,0,0,31,0,0,0,0,0,43,0,0,0,0,0,0,1,0,0,0,0,0,0,1,1,0,0,0,0,0,0,0,0,1,0,0,0,0,0,0,0,0,2,0,0,0,0,6,0,0,0,0,0,0,0,0,1,0,0,0,0,0,1,1,1,0,1,2,1,0,0,0,0,2,0,0,0,0,36,0,0,0,0,0,1,0,0,0,4,0,0,0,0,39,0,0,0,0,2,0,0,0,0,0,0,0,0,1,0,0,0
hsa-miR-519b-5p,0,0,0,0,0,0,0,0,0,0,0,0,0,0,0,0,0,0,0,0,0,0,0,0,0,0,0,0,0,0,0,0,0,0,0,0,0,0,0,0,0,0,0,0,0,0,0,0,0,0,0,0,0,0,0,0,0,0,0,0,0,0,0,0,0,0,0,0,0,0,0,0,0,0,0,0,0,0,0,0,0,0,0,0,0,0,0,0,0,0,0,0,0,0,0,0,0,0,0,0,0,0,0,0,0,0,0,0,0,0,0,0,0,0,0
hsa-miR-519c-3p,103,0,2,0,0,1,0,0,0,0,1,1,0,0,0,0,1,1,0,1,2,0,0,0,0,0,43,24,1,2,0,34,0,1,0,0,4,0,3,0,0,0,1,0,193,0,339,0,0,2,0,0,54,1,66,0,2,0,0,0,2,0,0,0,0,0,165,2,3,1,4,391,0,22,0,0,0,0,0,0,0,5,58,0,0,0,0,0,0,138,0,14,6,7,1,18,0,4,255,0,0,0,8,0,0,0,0,0,0,0,1,1,0,0,0
hsa-miR-519c-5p,0,0,0,0,0,0,0,0,0,0,0,0,0,0,0,0,0,0,0,0,0,0,0,0,0,0,0,0,0,0,0,0,0,0,0,0,0,0,0,0,0,0,0,0,0,0,0,0,0,0,0,0,0,0,0,0,0,0,0,0,0,0,0,0,0,0,0,0,0,0,0,0,0,0,0,0,0,0,0,0,0,0,0,0,0,0,0,0,0,0,0,0,0,0,0,0,0,0,0,0,0,0,0,0,0,0,0,0,0,0,0,0,0,0,0
hsa-miR-519d-3p,122,3,0,0,88,1,0,0,0,0,0,0,0,0,0,16,0,0,0,1,2,0,86,0,0,3,0,0,0,249,0,1,0,0,0,0,1,0,0,4,0,0,1,0,0,0,3,0,0,0,0,10,0,69,6,0,0,3,0,1,70,12,1,1,4,0,0,3,159,3,2,1,0,7,1,0,1,0,0,47,34,0,0,0,47,2,0,5,0,42,23,1,4,0,0,195,0,0,1,0,0,0,3,0,0,0,0,2,0,215,0,0,16,0,1
hsa-miR-519d-5p,1,0,0,0,0,0,0,0,0,0,0,0,0,45,0,0,0,0,0,0,0,0,0,0,0,2,0,0,0,0,0,0,0,0,0,0,0,0,0,0,0,0,0,0,0,0,0,0,0,3,0,0,0,0,0,0,0,0,1,0,0,0,0,1,0,0,0,0,181,3,0,1,0,0,0,1,0,0,0,0,0,0,0,0,0,21,0,0,35,1,5,0,3,0,0,67,0,0,80,0,0,0,2,0,0,0,0,0,0,37,0,0,0,0,0
hsa-miR-519e-3p,1,0,18,10,83,3,14,17,15,206,0,0,18,15,20,0,23,10,643,3587,4789,2,771,15,0,1,92,183,13,21,0,14,142,1,0,8,1411,19,14,340,27,0,99,0,45,0,5743,0,0,9,35,2,171,1,2,1,2,0,0,1,0,697,6,1,1,35,834,52,0,0,2,92,11,6,1,0,120,173,26,92,0,12,59,2,1,526,29,1,10,1,3,33,154,37,1,1,28,2792,156,173,3,21,2146,0,85,6,1,1,107,9,0,44,0,1,0
hsa-miR-519e-5p,1,0,5,0,0,0,5,6,1,0,0,0,2,0,19,0,5,0,72,1,41,3,0,35,1,0,18,250,1,0,0,75,159,45,0,0,7,122,8,0,0,0,72,0,53,0,2522,1,0,0,0,2,5,0,9,0,0,0,1,0,0,1,3,0,0,0,332,8,27,0,2,222,38,55,2,0,31,22,0,1,16,10,49,0,0,158,20,1,24,1,1,37,34,4,1,43,45,315,0,0,0,13,31,0,4,0,0,0,0,28,0,74,1,0,21
hsa-miR-520a-3p,3,0,0,0,0,0,0,0,0,0,0,0,2,36,0,0,0,0,0,300,0,0,0,0,0,0,0,33,47,0,0,0,0,1,0,0,0,0,3,0,0,0,0,0,0,0,1,0,0,0,0,0,0,0,0,0,0,0,0,0,0,0,1,0,0,0,0,1,0,0,0,0,1,0,1,0,25,0,0,0,0,0,0,0,0,0,0,0,0,0,0,0,4,0,0,1,4,0,0,0,0,0,5,0,0,0,0,0,0,0,0,1,0,0,0
hsa-miR-520a-5p,1,0,0,0,34,0,0,0,0,1,0,0,5,29,17,0,2,2,2,128,3,0,2,14,0,0,1,1,4,0,0,0,1,1,0,0,2,6,0,0,0,0,2,1,0,0,19,0,0,1,0,1,13,0,1,0,0,0,0,0,0,0,2,0,2,0,148,16,19,2,1,4,3,0,1,0,0,2,1,27,1,16,0,0,1,1,0,1,0,0,0,0,1788,2,0,1,2,37,34,0,0,0,42,1,0,0,0,0,0,1,0,19,0,1,0
hsa-miR-520b-3p,0,0,0,0,26,0,0,0,0,0,0,0,0,0,0,0,0,0,0,0,0,0,0,0,0,0,0,0,0,0,0,0,0,0,0,0,0,0,0,0,0,0,0,0,0,0,0,0,0,0,0,0,0,0,0,0,0,0,0,0,0,0,0,0,0,0,0,0,0,0,0,0,0,0,0,0,0,0,0,0,0,0,0,0,0,0,0,0,0,0,0,0,0,0,0,0,0,0,0,0,0,0,0,0,0,0,0,0,0,0,0,0,0,0,0
hsa-miR-520b-5p,0,0,0,0,0,0,29,0,0,0,0,0,1,11,43,12,0,43,0,341,2,0,0,0,0,0,0,0,1,4,0,1,0,0,0,0,0,1,0,4,0,0,0,0,0,0,3,0,3,0,0,2,0,0,0,0,8,0,0,0,0,4,0,0,0,0,135,1,0,0,0,1,0,25,0,0,0,0,0,1,0,0,1,0,0,1,0,0,0,102,0,1,3,0,0,7,1,0,1,0,0,0,2,0,0,0,0,42,0,0,0,0,0,0,1
hsa-miR-520c-3p,0,0,0,0,21,0,0,0,0,0,0,0,0,0,0,0,0,0,0,0,0,0,0,0,0,0,0,0,0,0,0,0,0,0,0,0,0,0,0,2,0,0,0,0,0,0,1,0,0,0,0,0,0,0,0,0,0,0,0,0,0,0,0,0,0,0,0,0,0,0,0,0,0,0,0,0,0,0,0,0,0,0,0,0,0,0,0,0,0,0,0,0,0,0,0,0,0,0,0,0,0,0,0,0,0,0,0,0,0,0,0,0,0,0,0
hsa-miR-520c-5p,0,0,0,0,0,0,0,0,0,0,0,0,0,0,0,0,0,0,0,0,0,0,0,0,0,0,0,0,0,0,0,0,0,0,0,0,0,0,0,0,0,0,0,0,0,0,0,0,0,0,0,0,0,0,0,0,0,0,0,0,0,0,0,0,0,0,0,0,0,0,0,0,0,0,0,0,0,0,0,0,0,0,0,0,0,0,0,0,0,0,0,0,0,0,0,0,0,0,0,0,0,0,0,0,0,0,0,0,0,0,0,0,0,0,0
hsa-miR-520d-3p,3,1,1,0,0,3,1,22,21,4,0,0,2,0,19,0,4,6,61,236,160,0,43,200,2,1,86,3,3,300,0,80,254,38,0,12,7,2,0,25,0,0,0,0,0,0,1122,11,0,1,0,1,1,16,3,0,6,1,0,0,129,0,5,1,230,0,909,7,112,2,11,89,2,29,1,0,49,1,0,61,96,5,39,0,0,58,13,40,52,6,1,3,24,0,0,634,1,70,0,39,0,24,21,0,70,0,0,1,0,24,0,1,2,1,1
hsa-miR-520d-5p,62,0,1,1,0,0,0,0,1,0,0,0,1,18,0,0,1,1,9,4,0,0,0,1,1,0,0,0,1,6,0,1,0,16,0,0,68,0,0,3,0,0,0,0,158,0,162,0,3,0,0,5,221,49,1,0,0,0,15,40,59,29,1,1,196,0,4,4,44,0,3,5,0,8,0,1,0,1,0,16,120,28,0,0,53,11,0,0,1,0,0,2,7,1,0,37,0,4,0,0,0,0,11,0,1,0,0,0,2,0,0,0,0,0,9
hsa-miR-520e-3p,0,0,0,0,21,0,0,0,0,0,0,0,0,36,0,0,0,0,0,0,3,0,0,0,0,1,0,2,1,0,0,22,1,0,0,59,1,1,0,1,0,22,0,0,1,0,0,0,1,0,0,10,0,0,3,0,0,0,0,0,224,20,0,0,331,0,1,0,0,0,4,0,0,0,0,0,0,19,0,0,0,0,0,0,0,0,0,0,0,0,1,0,0,0,0,85,0,0,0,0,0,21,4,0,0,0,0,0,1,13,0,1,0,0,0
hsa-miR-520e-5p,197,1,2,1,5,3,8,72,1,14,0,0,18,12,4,24,4,25,8,31,47,0,17,18,12,0,66,10,10,31,0,2,20,5,0,0,28,166,5,14,1,0,22,0,8,0,150,1,0,0,0,11,12,48,68,0,1,1,5,34,100,41,1,4,8,0,64,48,66,10,9,72,3,44,14,2,6,6,7,19,30,0,4,1,37,37,3,1,13,9,0,17,59,1,0,263,6,25,14,0,0,8,61,5,3,0,0,4,2,1,0,43,0,5,9
hsa-miR-520f-3p,0,0,0,0,23,0,0,0,0,2,0,0,0,0,0,0,0,0,0,1,0,0,0,0,0,0,0,0,0,0,0,0,0,0,0,0,0,0,0,1,0,0,0,0,0,0,0,0,0,0,0,0,0,0,0,0,0,0,0,0,0,0,0,0,0,0,0,0,0,0,0,0,0,0,0,0,0,0,0,136,0,0,0,0,0,0,0,0,0,0,0,0,0,0,0,0,0,0,0,0,0,0,1,0,0,0,0,0,0,0,0,0,0,0,0
hsa-miR-520f-5p,0,0,0,0,0,0,0,0,0,0,0,0,0,0,0,0,0,0,0,0,0,0,0,0,0,0,0,0,0,0,0,0,0,0,0,0,0,0,0,0,0,0,0,0,0,0,0,0,0,0,0,0,0,0,0,0,0,0,0,0,0,0,0,0,0,0,0,0,0,0,0,0,0,0,0,0,0,0,0,1,0,0,0,0,0,0,0,0,0,0,0,0,0,0,0,0,0,0,0,0,0,0,0,0,0,0,0,0,0,0,0,0,0,0,0
hsa-miR-520g-3p,0,0,0,0,0,0,0,0,0,0,0,0,0,0,0,0,0,0,0,82,0,0,0,0,0,0,0,0,0,0,0,0,0,0,0,0,0,0,0,2,0,0,0,0,0,0,1,0,0,0,0,0,0,0,0,0,0,0,0,0,0,0,0,0,0,0,0,0,0,0,0,0,0,0,0,0,0,0,0,0,0,0,0,0,0,0,0,0,0,0,0,0,0,0,0,0,0,0,0,0,0,0,0,0,0,0,0,0,0,0,0,0,0,0,0
hsa-miR-520g-5p,1,1,1,0,0,1,3,1,0,142,0,1,1,28,1,0,0,1,0,0,417,0,0,0,0,2,1,1,0,3,0,2,1,0,0,0,38,0,0,1,0,0,0,0,0,0,17,0,0,0,0,0,1,34,4,0,2,0,0,0,2,31,2,0,0,0,15,4,0,0,2,230,5,0,0,1,0,0,0,0,132,1,2,0,0,33,0,0,1,0,0,2,3,0,0,17,0,148,2,0,0,12,2,0,0,0,0,0,13,2,0,45,0,0,18
hsa-miR-520h,0,0,0,0,0,0,0,0,0,0,0,0,0,0,0,0,0,0,0,83,0,0,0,0,0,0,0,1,0,0,0,0,0,0,0,0,0,0,0,0,0,0,0,0,0,0,0,0,0,0,0,0,0,0,0,0,0,0,0,0,0,0,0,0,0,0,0,0,0,0,0,0,0,0,0,0,0,0,0,0,0,0,0,0,0,0,0,0,0,0,0,0,0,0,0,0,0,0,0,0,0,0,0,0,0,0,0,0,0,0,0,0,0,0,0
hsa-miR-521,11,0,0,0,0,0,0,0,1,1,0,0,1,0,0,0,0,0,2,84,250,0,1,0,0,0,0,0,0,1,0,0,2,0,0,0,2,0,0,1,0,0,1,0,0,0,214,0,0,11,0,0,28,0,4,0,0,0,0,0,126,0,1,1,170,0,4,1,172,2,2,4,0,0,1,0,0,0,0,33,80,2,0,0,17,2,0,0,8,7,0,0,1,0,0,12,0,0,37,0,0,20,2,1,1,0,0,0,0,0,0,1,0,80,0
hsa-miR-522-3p,0,0,0,0,0,1,1,0,0,0,0,0,0,18,0,0,32,2,29,85,310,0,1,2,1,0,16,1,36,0,0,29,2,0,0,0,4,1,0,58,0,0,0,0,3,0,463,1,2,0,0,8,1,0,68,0,0,0,1,0,3,0,69,0,0,0,8,2,0,0,4,4,0,0,1,0,2,0,0,0,17,3,93,1,1,196,0,0,1,1,0,4,9,2,0,46,0,5,0,0,0,1,6,2,0,0,0,0,0,0,0,1,0,0,7
hsa-miR-522-5p,0,0,0,0,0,0,0,0,0,0,0,0,0,0,0,0,0,0,0,0,0,0,0,0,0,0,0,0,0,0,0,0,0,0,0,0,0,0,0,0,0,0,0,0,0,0,0,0,0,0,0,0,0,0,0,0,0,0,0,0,0,0,0,0,0,0,0,0,0,0,0,0,0,0,0,0,0,0,0,0,0,0,0,0,0,0,0,0,0,0,0,0,0,0,0,0,0,0,0,0,0,0,0,0,0,0,0,0,0,0,0,0,0,0,0
hsa-miR-523-3p,322,0,2,1,0,0,1,2,1,2,0,0,43,8,2,1,1,3,29,586,12,1,76,3,1,2,4,4,2,5,0,0,3,0,0,0,164,4,7,114,0,0,1,0,1,0,504,0,0,1,0,10,468,80,4,0,0,0,34,1,151,54,0,1,323,0,18,10,6,50,84,8,3,0,2,1,0,4,0,71,89,1,1,20,96,79,0,1,0,126,0,1,31,3,10,304,1,64,105,1,0,5,445,0,1,2,0,52,0,2,0,0,1,13,34
hsa-miR-523-5p,0,0,0,0,0,0,0,0,0,0,0,0,0,0,0,0,0,0,0,0,0,0,0,0,0,0,0,0,0,0,0,0,0,0,0,0,0,0,0,0,0,0,0,0,0,0,0,0,0,0,0,0,0,0,0,0,0,0,0,0,0,0,0,0,0,0,0,0,0,0,0,0,0,0,0,0,0,0,0,0,0,0,0,0,0,0,0,0,0,0,0,0,0,0,0,0,0,0,0,0,0,0,0,0,0,0,0,0,0,0,0,0,0,0,0
hsa-miR-524-3p,0,0,0,0,0,0,0,0,0,1,0,0,0,21,3,0,1,1,0,0,3,0,1,0,0,0,1,0,0,0,0,1,0,0,0,0,0,0,0,1,0,0,0,0,0,0,112,0,0,0,0,0,0,1,0,0,0,0,0,0,0,0,0,0,1,0,2,0,4,1,1,1,0,0,0,0,11,0,0,1,0,0,0,1,0,0,0,0,0,0,0,1,0,0,0,4,0,0,0,0,0,0,0,0,0,0,0,0,0,0,0,0,0,0,0
hsa-miR-524-5p,0,0,0,0,0,1,0,0,0,0,0,1,0,22,0,0,1,2,0,0,1,0,0,0,0,0,0,0,0,0,0,0,0,0,0,0,0,0,0,0,0,0,0,0,137,0,0,0,0,1,0,0,0,0,3,0,0,0,0,0,0,0,0,0,0,0,2,1,1,0,2,0,0,0,0,0,0,0,0,1,0,22,0,9,0,1,0,0,2,0,0,0,0,0,0,0,0,0,160,0,0,0,1,0,0,0,0,0,0,0,0,0,0,0,0
hsa-miR-525-3p,1,0,1,0,0,0,0,0,0,0,0,0,0,30,1,0,0,0,0,0,4,1,0,1,0,0,0,0,1,0,0,1,0,0,0,0,0,1,0,0,0,0,0,0,0,0,123,0,0,0,0,0,0,1,0,0,0,0,0,0,0,0,0,0,0,0,0,0,0,0,0,3,0,0,0,0,2,0,0,1,0,1,0,0,0,0,0,0,0,1,0,0,1,0,0,29,0,0,0,0,0,0,1,0,0,0,0,0,0,2,0,0,0,0,0
hsa-miR-525-5p,1,1,121,9,58,1,114,89,3,221,0,8,162,253,34,0,36,157,108,595,1406,0,132,164,0,3,158,3,88,63,1,37,277,0,0,1,178,69,18,191,5,1,194,0,244,0,1315,19,0,0,0,4,15,87,327,1,52,1,84,76,66,101,15,216,87,1,846,28,141,190,114,1433,69,93,141,0,107,88,21,227,11,63,82,1,112,59,35,102,17,121,9,153,52,19,15,71,90,185,0,1,0,68,496,0,71,1,16,34,1,62,1,105,1,95,24
hsa-miR-526a-3p,0,0,0,0,0,0,0,0,0,0,0,0,0,0,0,31,0,0,0,1,2,0,0,0,0,0,2,0,0,0,0,0,1,0,0,0,1,0,0,1,0,0,0,0,1,0,4,0,0,0,0,1,0,0,0,0,0,0,0,0,0,4,0,0,0,0,277,0,0,0,1,5,1,0,0,0,1,2,0,0,0,0,1,0,0,0,1,0,0,0,0,0,0,0,0,23,0,0,0,0,0,0,4,0,0,0,0,0,0,1,0,1,0,0,0
hsa-miR-526a-5p,0,0,0,0,0,0,0,0,0,0,0,0,0,0,0,0,0,0,0,0,0,0,0,0,0,0,0,0,0,0,0,0,0,0,0,0,0,0,0,0,0,0,0,0,0,0,0,0,0,0,0,0,0,0,0,0,0,0,0,0,0,0,0,0,1,0,0,0,0,0,0,0,0,0,0,0,0,0,0,0,0,0,0,0,0,0,0,0,0,0,0,0,0,0,0,0,0,0,0,0,0,0,0,0,0,0,0,0,0,0,0,0,0,0,0
hsa-miR-526b-3p,0,0,0,0,22,0,0,0,0,0,0,0,0,0,0,0,0,0,0,0,0,0,0,0,0,0,0,0,0,1,0,0,0,0,0,0,0,0,0,0,0,0,0,0,0,0,0,0,0,0,0,18,0,0,0,0,0,0,0,0,0,0,0,1,0,0,0,0,0,0,0,0,0,0,0,0,0,0,0,0,0,0,0,0,2,0,0,0,0,0,0,0,0,0,0,9,0,0,0,0,0,0,0,0,0,0,0,0,0,0,0,0,0,0,0
hsa-miR-526b-5p,1,0,2,0,3,0,0,2,0,5,42,0,3,128,0,0,1,1,1,1,56,1,1,3,235,1,3,4,105,6,0,1,4,0,1,0,1,4,0,2,0,4,0,0,0,0,473,0,0,0,0,6,4,32,1,0,0,23,0,0,106,9,1,0,1,0,6,10,0,338,3,10,3,0,0,0,24,30,0,0,6,0,0,0,0,47,1,1,6,19,4,0,805,0,0,55,1,76,0,152,0,0,40,0,0,0,0,0,0,34,0,0,0,1,8
hsa-miR-527,53,0,0,0,0,0,0,0,0,1,0,0,0,1,1,26,0,0,16,0,2,0,0,0,0,0,0,0,1,4,0,0,0,16,0,0,62,0,0,1,0,0,0,0,0,0,145,0,2,0,0,2,261,60,0,0,3,0,19,28,62,25,1,0,198,0,3,2,40,0,3,4,1,3,1,0,0,1,0,25,15,2,0,0,58,23,0,0,0,0,0,1,9,0,0,50,2,5,0,0,0,0,13,0,0,0,0,0,0,0,0,0,0,0,13
hsa-miR-532-3p,531,7,73,7,319,5,314,168,22,1479,1,14,284,480,185,21,76,450,377,1038,2676,4,168,694,296,8,433,261,124,1328,52,170,658,175,6,3,257,237,85,620,126,11,480,0,157,0,2882,46,37,44,1,86,376,21,1151,0,29,6,114,82,274,160,75,53,285,0,3691,701,672,1637,184,1899,281,187,21,9,91,672,34,660,109,42,241,59,350,1045,97,522,95,243,9,599,1913,19,21,619,192,1197,219,432,0,105,1019,747,44,1,30,83,55,114,6,241,10,282,82
hsa-miR-532-5p,436,2,5,1,0,2,45,54,1,2,1,0,115,54,52,0,2,3,56,2,125,0,2,4,1,1,4,2,1,1,0,0,72,107,0,0,3,1,0,265,0,5,3,0,0,0,467,0,1,0,10,0,4,0,3,0,22,0,86,48,54,29,2,1,2,0,674,11,289,1,198,10,1,0,84,2,34,25,3,218,79,2,82,5,86,41,0,0,28,119,3,1,18,4,7,97,1,369,0,1,0,1,32,165,2,0,0,0,1,17,0,0,28,0,2
hsa-miR-539-3p,1,3,3,15,0,0,10,4,0,102,0,0,2,1,3,0,1,5,1,5,19,0,4,48,3,1,30,1,0,132,0,22,3,2,0,0,3,6,1,143,0,0,3,0,1,0,11,0,1,0,0,2,3,2,3,0,0,0,0,48,3,22,1,3,1,0,737,15,0,2,0,146,4,0,0,0,13,93,0,93,3,5,1,0,3,4,14,1,1,4,6,1,10,0,0,3,6,0,1,1,0,17,20,2,31,0,0,3,2,46,0,1,16,4,0
hsa-miR-539-5p,15,0,0,2,0,1,10,3,0,350,0,0,411,10,44,2,1,1,17,3,13,0,8,5,0,2,124,6,32,456,0,280,38,0,0,0,8,16,0,61,1,0,1,0,0,0,509,0,3,0,0,5,10,3,5,1,1,0,2,4,126,4,5,6,3,0,11,47,24,5,14,422,80,49,2,0,5,91,0,10,3,0,25,0,4,2,0,2,82,4,1,1,39,0,0,296,34,179,1,1,0,3,1185,3,2,0,0,27,0,1,0,53,1,196,121
hsa-miR-541-3p,333,0,29,0,1,1,3,9,1,24,0,0,3,93,37,0,1,132,89,2,4,0,2,7,2,0,0,71,1,9,0,28,4,0,0,43,4,4,0,482,0,4,74,0,3,0,467,0,0,0,0,41,3,1,4,0,0,0,3,22,1,6,67,2,49,0,12,2,0,2,216,7,2,18,10,0,3,2,2,7,0,0,58,0,1,3,1,0,5,0,2,0,15,0,10,96,0,59,2,0,0,1,30,342,69,0,0,1,0,1,6,1,0,1,5
hsa-miR-541-5p,270,7,31,2,236,3,1,7,3,107,0,0,97,79,32,12,140,10,72,255,22,0,2,12,129,2,44,9,3,25,1,257,7,98,0,0,369,134,13,237,0,0,59,0,179,1,631,0,12,0,0,0,24,632,10,2,2,0,157,16,123,282,4,1,306,0,55,29,438,7,22,17,1,10,2,0,90,5,14,1037,0,4,3,1,270,89,25,162,1,2,10,5,1688,3,4,917,50,9,0,204,0,74,54,9,49,0,1,49,95,15,3,0,0,71,5
hsa-miR-542-3p,325,4,38,0,39,0,64,54,2,262,0,0,6,4,57,4,2,1,1,2,260,2,8,0,209,8,1,2,130,16,0,1,1,0,3,0,4,151,11,10,0,0,1,0,0,0,535,0,6,2,0,1,15,1,142,0,0,0,0,228,118,1,2,102,298,0,315,15,2,286,8,16,4,0,2,3,1,5,0,195,1,79,0,1,103,1,0,0,27,0,0,2,32,0,1,198,56,77,61,141,0,61,1249,0,1,0,0,21,122,2,0,2,0,1,62
hsa-miR-542-5p,14,1,2,2,114,0,1,2,0,2,0,0,3,157,95,0,1,65,1,5,19,1,5,77,2,0,1,5,43,9,0,56,7,0,0,0,4,9,5,3,0,0,2,0,69,0,275,0,5,0,0,11,19,1,2,0,1,0,39,2,1,21,1,0,99,0,32,21,96,52,1,19,2,0,13,0,36,2,0,82,0,0,8,0,215,43,4,34,0,67,0,65,34,3,0,6,1,128,1,1,0,27,1278,1,1,8,0,1,18,0,0,108,0,2,0
hsa-miR-543,4,0,2,0,0,1,0,0,0,2,0,0,74,88,1,0,0,135,6,2,13,0,3,2,5,2,3,3,3,363,0,1,2,0,1,0,1,6,0,6,0,0,3,0,1,0,489,16,14,0,0,0,8,1,1,0,1,0,0,16,57,1,2,2,272,0,7,7,176,917,5,8,3,0,1,0,0,2,13,216,0,3,4,0,112,3,10,54,7,48,0,25,29,1,0,46,0,3,1,1,0,0,689,46,1,0,37,1,2,62,0,27,0,361,0
hsa-miR-544a,0,0,1,0,0,0,0,4,0,1,0,0,1,0,0,40,2,0,0,1,1,0,6,0,0,0,154,0,0,0,0,0,131,1,0,0,3,1,0,0,0,0,1,0,1,0,7,0,0,0,0,1,2,0,1,0,0,0,2,1,0,0,0,1,1,0,471,6,1,0,2,211,0,0,0,0,25,82,5,0,0,56,1,0,1,36,2,0,2,0,0,52,4,0,0,1,0,57,0,0,0,1,11,0,69,0,0,0,0,0,0,0,0,0,0
hsa-miR-544b,4,7,0,0,117,2,1,0,0,2,0,0,0,118,20,0,0,0,0,4,2,0,0,0,118,2,0,0,1,3,0,0,2,34,0,0,0,0,12,1,0,0,3,0,0,0,3,0,0,0,0,0,1,0,67,0,0,0,0,2,1,2,0,0,0,0,0,4,16,0,2,0,0,0,0,0,0,1,0,3,1,0,1,0,0,2,0,32,0,1,0,14,7,0,0,128,0,1,4,1,0,1,5,0,15,0,0,0,0,0,0,0,0,1,28
hsa-miR-545-3p,197,0,3,0,112,0,0,1,2,1,0,0,2,0,0,0,33,1,14,236,7,0,0,22,0,1,35,0,1,3,2,0,2,1,0,0,0,5,0,199,0,0,0,0,0,0,474,0,0,1,0,0,5,0,298,0,0,0,0,0,2,0,72,1,0,1,279,7,13,1,7,14,142,0,0,0,27,0,6,1,0,2,72,0,0,1,14,85,20,0,0,1,18,0,0,2,0,135,101,0,0,0,17,1,0,0,0,1,0,1,0,26,1,0,0
hsa-miR-545-5p,6,0,1,0,37,1,0,0,0,6,0,0,2,89,62,0,0,2,1,4,12,0,0,4,1,2,0,1,0,7,0,31,6,0,0,0,2,3,0,5,2,6,0,0,4,0,12,0,0,0,0,87,4,170,14,0,0,0,1,0,4,71,2,5,1,1,25,8,4,5,203,13,0,64,1,3,0,169,13,4,2,0,0,1,107,188,0,1,25,0,1,3,17,1,8,68,0,82,3,0,0,27,24,0,0,0,0,2,1,1,0,2,0,84,89
hsa-miR-548a-3p,1,2,0,0,25,1,2,1,1,0,0,0,1,94,1,0,1,2,63,3,6,0,4,3,7,1,2,5,0,17,0,0,1,2,0,0,2,3,0,4,0,0,0,0,0,0,416,0,0,0,0,0,6,0,1,0,0,0,0,0,1,3,0,2,1,0,20,7,3,0,0,12,0,0,0,0,0,2,0,43,1,2,32,1,1,0,0,0,0,0,1,0,9,0,0,95,0,186,0,0,0,1,12,84,1,0,0,1,0,0,0,0,0,1,0
hsa-miR-548a-5p,1177,39,806,76,2010,1640,2224,1588,226,11119,3,173,3646,4032,2290,159,1213,4246,3857,4880,18864,37,3748,5839,2935,72,2797,1420,1802,9819,118,822,2217,1110,13,1,3727,2719,624,7334,234,40,2859,0,5495,0,30154,102,277,235,0,215,3443,1931,3661,0,495,167,1401,1363,1986,2316,223,1844,1638,243,37012,4342,2848,7855,997,21542,2731,1130,867,5,2367,4672,351,4935,1905,1046,2964,888,2039,2754,1496,1900,728,2952,113,4129,10413,226,116,2858,2325,11928,2347,2259,1,2481,24596,4576,2142,268,351,938,1517,1034,15,1376,181,3872,364
hsa-miR-548aa,0,0,0,0,0,0,0,0,0,0,0,0,0,0,0,0,0,1,0,0,0,0,16,0,0,0,0,0,0,0,0,0,0,0,0,0,10,1,0,0,0,0,2,0,0,0,31,0,0,0,0,0,30,0,0,0,1,0,0,0,0,5,0,0,0,0,0,6,0,0,0,1,0,0,19,0,0,0,0,0,0,0,0,0,0,0,0,0,0,0,0,0,1,0,0,5,0,0,0,0,0,0,0,0,0,0,0,0,0,0,0,0,0,0,0
hsa-miR-548ab,4,0,1,2,20,3,1,0,0,78,0,0,75,2,16,1,2,5,13,370,193,0,14,121,2,1,0,55,13,80,0,3,48,23,0,0,3,0,0,50,0,0,5,0,0,0,111,4,0,0,1,26,3,0,47,0,0,0,0,1,0,3,0,0,161,0,69,8,1,107,2,3,1,0,2,0,58,51,0,48,0,15,4,0,0,80,16,0,4,0,1,15,28,0,0,221,17,166,0,0,0,34,322,0,1,0,0,1,0,21,0,1,0,0,1
hsa-miR-548ac,14,0,0,0,0,0,3,3,0,1,0,0,2,0,0,0,2,1,69,0,562,0,0,0,0,0,1,2,0,5,0,2,0,0,0,0,179,2,0,268,0,0,0,0,29,0,15,0,0,0,0,0,2,0,0,0,0,0,0,0,0,75,0,0,2,0,11,1,114,0,1,11,0,0,0,0,31,1,0,1,0,2,0,0,0,149,0,0,31,1,0,21,52,0,0,80,52,0,0,0,0,0,9,0,0,0,0,0,0,1,0,2,0,0,0
hsa-miR-548ad-3p,2,0,0,1,119,0,2,0,0,231,0,1,1,0,0,0,0,1,79,59,5,0,0,88,0,0,2,2,1,100,0,2,3,0,0,0,160,1,0,3,0,2,1,0,0,0,8,0,0,0,0,0,0,0,2,0,1,0,0,11,3,96,0,0,0,0,8,2,0,3,2,308,2,0,0,0,22,1,1,2,0,1,1,0,1,1,0,1,1,0,1,0,4,0,1,119,0,2,1,2,0,1,7,0,0,0,0,0,0,0,1,1,0,1,0
hsa-miR-548ad-5p,0,0,0,0,0,0,0,0,0,0,0,0,0,0,0,0,0,0,0,0,0,0,0,0,0,0,0,0,0,0,0,0,0,0,0,0,0,0,0,0,0,0,0,0,0,0,0,0,0,0,0,0,0,0,0,0,0,0,0,0,0,0,0,0,0,0,0,0,0,0,0,0,0,0,0,0,0,0,0,0,0,0,0,0,0,0,0,0,0,0,0,0,0,0,0,0,0,0,0,0,0,0,0,0,0,0,0,0,0,0,0,0,0,0,0
hsa-miR-548ae-3p,0,0,0,0,0,0,0,0,0,0,0,0,0,0,0,0,0,0,0,0,0,0,0,0,0,0,0,0,1,0,0,0,0,0,0,0,0,0,0,0,0,0,0,0,0,0,0,0,0,0,0,0,1,0,0,0,1,0,0,0,0,0,0,0,0,0,0,1,0,0,0,0,0,0,0,0,0,0,0,1,0,0,0,0,0,1,0,0,0,0,0,0,2,0,0,0,0,0,0,0,0,0,0,0,0,0,0,0,0,0,0,0,0,0,0
hsa-miR-548ae-5p,0,0,0,0,0,0,0,0,0,0,0,0,0,0,0,0,0,0,0,0,0,0,0,0,0,0,0,0,0,0,0,0,0,0,0,0,0,0,0,0,0,0,0,0,0,0,0,0,0,0,0,0,0,0,0,0,0,0,0,0,0,0,0,0,0,0,0,0,0,0,0,0,0,0,0,0,0,0,0,0,0,0,0,0,0,0,0,0,0,0,0,0,0,0,0,0,0,0,0,0,0,0,0,0,0,0,0,0,0,0,0,0,0,0,0
hsa-miR-548ag,148,0,0,0,1,1,18,0,0,203,0,0,76,0,0,0,0,0,1,1,53,0,0,0,103,2,0,0,1,3,0,67,0,0,0,0,2,0,0,1,0,0,0,0,0,0,3,0,0,0,0,4,1,0,0,0,0,0,0,10,16,0,0,0,0,0,1,1,20,1,4,3,0,1,0,0,0,1,0,0,0,0,1,0,107,241,0,0,13,1,0,0,2,0,0,26,0,0,5,0,0,1,5,0,35,0,0,0,0,9,0,0,0,1,3
hsa-miR-548ah-3p,1,0,0,0,0,0,0,1,0,0,0,0,0,0,0,0,0,0,0,0,1,0,0,1,0,0,0,0,0,0,0,0,0,0,0,0,0,0,0,0,0,0,0,0,0,0,2,0,0,0,0,0,0,0,0,0,0,0,0,0,0,0,0,0,0,0,0,1,1,0,0,1,2,0,0,0,0,1,0,0,0,0,0,2,0,0,0,0,0,0,0,1,0,0,0,0,0,1,0,0,0,0,2,0,22,0,0,0,0,0,0,0,0,0,0
hsa-miR-548ah-5p,1,0,1,0,0,1,1,0,0,0,0,0,80,0,1,0,0,0,0,0,8,0,2,0,0,0,1,1,1,0,0,0,0,0,0,0,124,1,1,12,0,0,0,0,92,0,184,0,0,0,0,0,1,0,1,0,3,0,0,1,0,89,0,0,0,0,6,1,1,1,0,217,29,0,0,0,0,1,1,0,0,1,1,0,0,0,1,0,0,4,0,1,0,0,0,20,1,0,0,0,0,16,5,1,0,0,0,1,0,0,0,0,0,0,14
hsa-miR-548ai,2,0,0,0,0,0,0,0,0,0,0,0,0,0,0,0,0,1,0,2,0,0,0,0,74,1,0,1,0,0,0,0,1,0,0,0,0,0,0,0,0,0,0,0,0,0,0,0,0,0,0,0,2,0,0,0,0,0,0,0,1,0,0,0,0,0,2,2,0,0,1,0,3,13,0,0,0,0,0,0,0,0,1,0,0,1,0,0,0,0,0,0,3,1,0,3,0,54,0,1,0,0,3,0,0,0,0,0,0,0,0,0,0,0,1
hsa-miR-548aj-3p,0,0,0,0,0,0,0,0,0,1,0,0,0,0,0,0,0,0,0,0,1,0,0,0,0,0,0,0,0,0,0,0,1,0,0,0,0,0,0,1,0,0,0,0,0,0,0,0,0,0,0,0,0,0,1,0,0,0,0,0,0,0,0,0,0,0,0,0,1,0,0,1,0,0,0,0,11,0,0,0,0,0,0,0,1,0,0,0,0,0,0,0,1,0,0,52,0,1,0,0,0,0,0,0,0,0,0,0,0,0,0,0,0,0,0
hsa-miR-548aj-5p,0,0,0,0,0,0,0,0,0,0,0,0,0,0,0,0,0,0,0,0,0,0,0,0,0,0,0,0,0,0,0,0,0,0,0,0,0,0,0,0,0,0,0,0,0,0,0,0,0,0,0,0,0,0,0,0,0,0,0,0,0,0,0,0,0,0,0,0,0,0,0,0,0,0,0,0,0,0,0,0,0,0,0,0,0,0,0,0,0,0,0,0,0,0,0,0,0,0,0,0,0,0,0,0,0,0,0,0,0,0,0,0,0,0,0
hsa-miR-548ak,2,0,4,0,0,0,2,4,0,4,0,0,3,19,0,0,0,0,1,1,18,0,1,3,1,2,1,1,6,0,0,0,5,1,0,0,5,4,0,2,0,0,1,0,0,0,25,0,2,0,0,0,1,0,2,0,1,0,49,0,2,2,1,0,0,0,43,4,7,1,1,29,1,0,0,0,1,2,0,3,0,0,3,0,1,0,1,0,1,2,1,9,3,0,0,1,1,5,0,0,0,0,21,1,0,2,2,0,0,0,1,4,2,0,0
hsa-miR-548al,3,0,1,0,38,0,55,1,16,450,0,0,4,1,0,0,1,1,2,132,10,0,0,0,1,0,37,1,1,9,0,0,1,1,0,0,3,0,0,4,0,14,4,0,2,0,468,0,0,0,0,40,0,0,2,0,4,1,0,0,3,0,0,1,4,0,8,2,131,2,5,52,30,0,0,2,1,0,0,3,1,0,0,0,0,270,1,0,0,1,0,3,5,0,5,165,2,2,2,1,0,1,7,0,35,0,0,0,0,2,0,1,1,0,0
hsa-miR-548am-3p,0,0,1,0,0,0,1,0,0,0,0,0,0,0,0,0,0,0,0,1,1,0,0,0,0,0,1,0,0,0,0,0,0,0,0,0,0,0,0,0,0,0,0,0,0,0,1,0,0,0,0,0,0,0,0,0,0,0,0,0,1,0,0,0,0,0,4,0,0,0,0,2,0,0,0,0,0,0,0,0,0,0,0,1,0,0,0,0,0,0,0,1,1,0,0,0,0,0,1,0,0,0,0,0,15,0,0,0,0,0,0,0,0,0,0
hsa-miR-548am-5p,0,0,0,0,0,0,0,0,0,0,0,0,0,0,0,0,0,0,0,0,0,0,0,0,0,0,0,0,0,0,0,0,0,0,0,0,0,0,0,0,0,0,0,0,0,0,0,0,0,0,0,0,0,0,0,0,0,0,0,0,0,0,0,0,0,0,0,0,0,0,0,0,0,0,0,0,0,0,0,0,0,0,0,0,0,0,0,0,0,0,0,0,0,0,0,0,0,0,0,0,0,0,0,0,0,0,0,0,0,0,0,0,0,0,0
hsa-miR-548an,4,0,0,0,0,1,1,0,0,44,0,0,0,0,6,0,0,0,0,0,1,0,0,0,0,0,0,25,12,1,0,0,0,0,2,0,0,1,0,2,0,0,0,0,0,0,0,0,0,0,0,1,0,2,0,0,0,0,0,0,0,0,0,0,1,0,0,0,0,1,1,2,0,0,0,0,2,0,0,205,0,0,0,0,0,0,0,0,0,0,0,0,4,0,0,11,9,0,1,0,0,0,0,0,0,0,0,0,0,0,0,0,0,1,0
hsa-miR-548ao-3p,2,2,1,0,19,0,1,9,2,3,0,0,2,1,10,0,1,0,1,0,2,0,67,1,3,0,3,2,0,1,0,0,118,1,0,0,1,1,0,7,0,0,67,0,8,0,334,0,3,0,0,4,3,0,5,0,0,0,1,0,60,16,3,0,0,0,94,9,2,323,3,4,14,15,0,0,0,48,0,0,0,1,54,0,0,1,17,0,10,1,0,2,12,15,0,74,24,194,0,0,0,0,19,0,1,0,0,4,0,2,0,1,0,194,3
hsa-miR-548ao-5p,1,0,1,11,0,0,42,1,0,1,0,0,2,0,3,0,0,3,0,0,8,0,0,1,1,0,3,0,1,2,0,39,1,51,0,0,2,1,0,0,0,0,1,0,0,0,23,0,0,44,0,0,0,0,0,0,2,0,0,0,0,22,0,1,0,0,11,1,2,0,2,5,2,0,0,0,3,0,0,0,0,2,2,0,0,102,0,0,23,1,0,3,3,0,0,91,29,4,0,2,0,86,6,0,0,0,0,0,1,0,0,42,0,0,0
hsa-miR-548ap-3p,0,0,0,0,0,0,0,0,0,0,0,0,0,0,0,0,0,0,0,0,0,0,0,0,0,0,0,0,0,0,0,0,0,0,0,0,0,0,0,0,0,0,0,0,0,0,0,0,0,0,0,0,0,0,0,0,0,0,0,0,0,0,0,0,0,0,0,0,0,0,0,0,0,0,0,0,0,0,0,0,0,0,0,0,0,0,0,0,0,0,0,0,0,0,0,0,0,0,0,0,0,0,0,0,0,0,0,0,0,0,0,0,0,0,0
hsa-miR-548ap-5p,1,0,0,0,0,0,0,0,0,0,0,0,1,0,0,20,0,0,0,0,0,0,1,0,0,0,0,0,0,0,0,0,0,0,0,0,0,0,0,1,0,0,0,0,0,0,0,0,1,0,0,0,0,0,0,0,0,0,0,0,0,1,0,1,0,0,0,0,2,0,0,0,0,0,0,0,0,0,1,2,0,0,0,0,0,0,0,0,0,43,4,0,1,0,0,4,0,0,0,0,0,0,0,0,0,0,0,0,0,17,0,0,0,0,0
hsa-miR-548aq-3p,0,0,0,0,0,0,0,0,0,0,0,0,0,0,0,0,0,0,0,0,0,0,0,0,0,0,0,0,0,0,0,0,0,0,0,0,0,0,0,0,0,0,0,0,0,0,0,0,0,0,0,0,0,0,0,0,0,0,0,0,0,0,0,0,0,0,0,0,0,0,0,0,0,0,0,0,0,0,0,0,0,0,0,0,0,0,0,0,0,0,0,0,0,0,0,0,0,0,0,0,0,0,0,0,0,0,0,0,0,0,0,0,0,0,0
hsa-miR-548aq-5p,1,1,0,0,0,0,2,4,0,2,0,0,3,1,0,4,0,1,1,2,8,0,0,4,0,0,0,0,1,4,0,0,3,0,0,0,1,29,0,5,0,1,3,0,2,0,8,0,1,0,0,3,1,0,0,0,6,0,0,1,0,3,36,0,0,1,26,0,0,2,0,13,0,0,0,0,3,0,0,48,0,0,1,0,22,20,0,0,2,0,0,11,4,0,0,1,2,29,1,0,0,0,7,0,0,0,0,0,0,0,0,0,1,0,1
hsa-miR-548ar-3p,3,0,0,0,3,0,0,0,0,2,0,0,0,0,0,0,0,0,1,0,3,0,0,0,1,0,0,59,1,1,0,2,0,0,0,0,0,110,1,1,0,0,3,0,0,0,7,0,0,0,0,0,1,0,2,0,0,0,0,0,0,2,0,2,0,0,6,8,3,0,1,3,2,0,2,0,1,1,0,1,0,0,1,2,0,0,0,0,0,0,0,1,6,0,0,40,0,68,0,1,0,2,12,0,0,0,0,1,1,0,0,1,0,0,0
hsa-miR-548ar-5p,0,0,0,0,0,0,0,0,0,0,0,0,0,1,0,0,0,1,0,0,0,0,0,3,0,0,0,0,0,0,0,0,1,0,0,0,0,1,0,1,0,0,0,0,0,0,0,0,0,0,0,0,0,0,0,0,0,0,0,0,0,0,0,0,0,0,3,0,0,0,0,1,30,0,0,0,0,0,0,0,0,0,0,0,0,0,0,0,0,0,0,1,0,0,0,0,0,0,0,0,0,0,0,0,0,0,0,0,0,0,0,0,0,0,0
hsa-miR-548as-3p,82,0,3,1,1,1,8,0,0,973,0,0,173,3,29,1,2,12,76,517,462,2,2,154,113,2,16,3,1,9,0,240,122,18,0,0,299,2,11,274,0,0,13,0,0,0,246,0,2,1,0,2,5,29,1,0,1,0,1,23,52,216,2,1,339,0,535,22,2,222,1,19,75,1,2,0,25,129,6,1,76,3,46,0,1,0,0,0,52,1,4,10,24,1,2,78,41,108,19,44,0,18,35,0,0,0,0,1,10,27,0,3,1,1,1
hsa-miR-548as-5p,415,0,1,0,68,2,0,1,0,5,1,0,86,133,63,44,1,1,48,178,2,0,1,3,2,876,0,1,47,4,0,23,4,49,0,0,2,1,3,235,1,0,4,0,135,0,223,0,4,0,0,0,63,4,17,0,0,1,0,102,136,5,0,1,0,0,5,3,155,1,224,1,3,1,0,1,25,0,26,236,78,1,9,0,10,45,0,23,2,211,0,0,12,1,13,403,0,2,3,147,0,12,25,99,1,0,0,0,2,0,3,2,0,0,10
hsa-miR-548at-3p,2,2,1,0,1,0,2,1,0,9,0,0,4,0,2,31,1,60,79,3,10,0,2,2,300,4,1,2,2,1,0,0,1,0,0,1,0,2,1,6,0,0,2,0,0,0,6,0,0,0,0,2,0,2,5,0,0,0,19,0,51,1,0,1,1,0,130,2,180,2,3,10,0,0,1,2,1,70,1,128,3,1,2,0,1,36,1,0,0,2,0,34,5,1,0,72,0,2,1,0,0,36,10,0,0,0,0,0,0,1,0,0,0,0,0
hsa-miR-548at-5p,8,0,2,0,1,0,4,3,0,3,0,0,13,5,50,1,4,220,222,18,20,0,11,18,1,1,50,800,109,15,0,3,11,96,0,0,4,116,0,8,0,0,33,0,365,0,384,0,4,0,0,7,23,0,210,1,0,1,0,0,253,2,9,0,1,0,998,25,0,1,2,708,4,0,1,3,29,91,6,328,227,6,127,1,82,5,30,6,3,140,5,2,94,5,26,250,83,641,1,0,0,68,1081,6,0,0,19,0,155,60,0,4,1,197,84
hsa-miR-548au-3p,0,0,0,6,1,0,0,0,0,258,0,0,1,0,0,0,0,0,0,0,1,0,16,0,0,0,0,0,0,2,0,0,0,0,0,0,11,0,0,2,0,0,0,0,0,0,36,0,0,0,0,0,37,0,0,0,2,0,0,0,0,20,0,0,0,0,2,4,0,0,1,2,0,0,16,0,0,0,0,0,0,0,1,0,0,0,0,0,0,0,0,1,1,0,0,52,6,0,0,0,0,0,2,0,0,0,0,0,0,0,0,0,0,0,0
hsa-miR-548au-5p,0,0,0,0,0,0,0,0,0,0,0,0,0,0,0,0,0,0,0,0,0,0,0,0,0,0,0,0,0,0,0,0,0,0,0,0,0,0,0,0,0,0,0,0,0,0,0,0,0,0,0,0,0,0,0,0,0,0,0,0,0,0,0,0,0,0,0,0,0,0,0,0,0,0,0,0,0,0,0,0,0,0,0,0,0,0,0,0,0,0,0,0,0,0,0,0,0,0,0,0,0,0,0,0,0,0,0,0,0,0,0,0,0,0,0
hsa-miR-548av-3p,0,0,0,0,0,0,0,0,0,0,0,0,0,0,0,0,0,0,0,0,0,0,0,0,0,0,0,0,0,0,0,0,0,0,0,0,0,0,0,0,0,0,0,0,0,0,0,0,0,0,0,0,0,0,0,0,0,0,0,0,0,0,0,0,0,0,0,0,0,0,0,0,0,0,0,0,0,0,0,0,0,0,0,5,0,0,0,0,0,0,0,0,0,0,0,0,0,0,0,0,0,0,1,0,11,0,0,0,0,0,0,0,0,0,0
hsa-miR-548av-5p,3,5,0,0,0,0,0,0,3,1,0,0,0,0,0,0,0,0,0,0,1,0,0,16,0,0,23,1,1,30,0,0,0,0,0,6,0,0,0,1,0,0,0,0,0,0,3,0,0,0,0,0,0,1,0,0,0,0,0,0,0,4,0,0,0,0,37,0,1,97,0,79,0,0,0,0,0,0,0,0,1,0,0,0,0,1,18,0,0,0,0,0,1,0,0,33,0,2,1,0,0,1,2,1,0,0,0,0,0,0,0,1,0,93,0
hsa-miR-548aw,359,9,144,13,310,10,294,227,7,821,1,13,363,578,171,57,74,665,700,1040,3382,7,464,812,578,16,420,648,413,986,9,170,673,165,2,2,507,548,16,1257,114,11,504,0,131,0,2625,6,30,21,1,17,641,87,1364,3,52,14,29,35,463,335,38,343,240,19,4501,232,339,755,104,4583,637,67,252,296,395,614,13,609,49,95,405,18,461,482,341,90,66,407,29,466,1770,40,16,567,316,1495,122,109,0,200,7590,264,305,14,8,229,80,230,1,212,3,246,65
hsa-miR-548ax,498,6,4,1,221,0,0,2,18,698,0,1,4,95,23,1,1,2,32,0,25,1,86,143,84,5,30,140,3,307,0,1,2,77,0,0,7,12,12,9,0,0,1,0,0,0,542,0,1,0,0,2,113,0,2,0,19,0,0,0,74,19,0,0,284,0,1389,11,1,1,6,1155,0,0,1,1,51,115,3,54,0,1,2,0,139,1,4,0,0,1,0,3,46,1,0,297,0,186,0,0,0,55,27,2,77,0,1,1,0,1,0,46,0,2,0
hsa-miR-548ay-3p,2,2,0,0,1,1,0,0,1,4,0,0,0,1,0,39,0,26,37,0,3,0,1,0,0,0,0,1,0,1,0,64,64,38,0,0,1,4,0,0,0,0,1,0,1,0,100,12,0,0,0,7,0,4,94,1,0,0,294,32,3,0,0,0,0,0,4,1,102,1,3,6,0,0,1,0,3,1,24,1,59,0,0,0,0,1,9,0,9,0,4,0,7,0,1,26,1,2,49,0,0,0,12,0,43,0,0,3,0,18,0,27,0,0,1
hsa-miR-548ay-5p,0,0,0,0,0,0,0,0,0,0,0,0,0,0,0,0,0,0,0,0,0,0,0,0,0,0,1,0,0,1,0,3,0,0,0,0,0,0,0,0,0,0,0,0,0,0,3,0,0,0,0,0,0,0,0,0,0,0,0,0,0,0,0,0,0,0,0,0,0,0,0,0,0,0,94,0,0,0,0,0,0,0,0,0,0,1,0,0,0,0,0,0,0,0,0,5,0,0,0,0,0,0,0,0,0,0,0,0,0,0,0,0,0,0,0
hsa-miR-548az-3p,0,0,0,0,0,0,0,0,0,0,0,0,25,1,0,0,0,0,0,0,4,0,0,0,0,0,0,0,0,0,0,7,0,0,1,0,45,0,0,41,0,0,0,0,61,0,84,0,0,0,0,0,0,0,1,0,0,0,0,0,1,40,0,0,0,0,1,2,0,1,0,3,32,0,0,0,0,0,0,1,0,0,0,0,0,1,1,0,0,0,0,0,3,0,0,2,0,2,0,0,0,0,3,0,0,0,0,142,0,0,0,0,0,1,0
hsa-miR-548az-5p,0,0,2,0,24,1,0,2,2,79,0,1,50,52,8,8,24,2,32,72,6,0,2,35,0,0,0,2,104,66,0,58,28,0,0,0,0,1,3,55,0,0,58,0,38,0,175,0,0,0,0,1,2,0,219,0,0,0,0,1,0,0,2,0,0,0,6,8,0,80,2,4,40,0,24,0,0,14,3,4,1,0,1,1,0,1,20,0,5,0,0,1,20,0,0,1,7,101,0,0,0,2,385,0,11,0,0,0,0,15,0,10,7,0,0
hsa-miR-548b-3p,1,1,0,0,0,0,0,0,0,2,0,0,0,23,0,0,0,0,0,0,3,0,0,0,0,0,0,0,18,0,0,1,1,77,0,0,0,0,0,1,0,0,0,0,0,0,3,0,0,0,0,0,0,0,0,0,0,0,1,0,0,0,1,0,0,0,249,4,30,1,0,1,1,0,0,0,0,1,0,1,0,0,0,1,0,3,0,0,0,0,0,0,3,1,0,0,0,90,0,0,0,6,4,0,0,0,0,0,0,0,0,0,0,0,0
hsa-miR-548b-5p,4,0,0,0,0,0,0,0,0,0,0,0,2,26,4,0,0,131,32,0,1,0,0,3,0,0,0,83,1,2,0,0,27,12,0,0,1,21,0,3,0,0,1,0,0,0,3,0,0,0,0,12,6,2,47,0,0,0,1,2,66,1,0,0,0,0,0,7,5,47,5,4,17,0,0,0,0,26,0,166,36,0,1,1,117,18,10,0,0,0,1,0,9,2,0,44,0,49,116,1,0,19,20,0,0,0,0,0,0,0,1,34,0,0,0
hsa-miR-548ba,13,0,2,0,26,2,2,1,1,2,0,0,149,2,15,17,0,112,23,2,2,0,73,16,0,0,0,2,8,6,0,0,6,0,0,0,0,3,1,5,0,0,46,0,103,0,81,2,0,1,0,3,6,7,1,0,1,1,5,1,6,1,1,6,1,0,148,7,37,4,11,242,0,0,2,1,0,20,0,204,2,2,2,1,0,3,0,0,1,1,0,41,8,1,0,41,0,4,52,0,0,29,29,0,45,4,1,3,103,1,0,0,0,0,1
hsa-miR-548bb-3p,22,0,0,0,0,0,42,0,0,1,0,0,3,0,0,0,0,154,1,0,4,0,1,0,0,1,0,1,1,1,0,0,1,1,0,0,2,4,0,0,0,3,2,0,0,0,6,0,8,0,0,0,2,0,1,0,0,0,0,0,0,5,0,1,0,0,3,1,0,0,0,227,0,0,0,0,1,0,0,0,0,1,0,0,0,5,0,2,4,0,0,1,7,1,0,31,0,6,0,0,0,0,9,0,0,0,0,0,0,0,0,0,0,0,0
hsa-miR-548bb-5p,143,0,0,0,0,0,40,2,0,0,0,0,0,0,0,0,0,55,1,1,9,0,1,2,0,0,1,1,0,0,0,2,0,1,0,0,6,2,0,0,0,4,0,0,0,0,8,0,8,0,0,21,3,0,1,1,0,0,0,0,0,11,0,0,0,0,6,4,0,0,2,214,0,0,31,0,2,1,0,0,0,2,0,0,0,12,0,0,2,0,0,1,3,0,0,62,0,7,1,0,0,0,8,0,0,0,0,0,0,0,0,0,0,0,0
hsa-miR-548bc,7,1,279,20,427,1,222,160,11,2298,2,11,881,299,295,0,47,453,498,1162,3740,3,354,585,688,12,375,779,175,1197,0,651,608,485,13,0,119,855,52,705,1,11,309,0,250,0,7763,0,15,24,0,9,141,147,582,0,67,5,276,87,0,205,25,343,320,61,844,114,46,1240,118,1458,510,227,173,1,254,1064,23,635,58,111,281,3,430,168,325,71,55,301,58,386,278,19,22,257,233,1287,191,259,0,262,1934,478,197,28,2,91,246,381,7,346,16,1259,50
hsa-miR-548c-3p,1,0,2,0,2,0,0,1,2,9,0,0,3,0,10,0,2,2,18,3,16,0,1,5,2,0,2,51,1,3,0,17,3,2,0,0,4,5,0,27,0,0,1,0,0,0,171,1,0,0,0,0,3,1,5,0,1,0,37,2,42,4,1,43,0,0,16,5,2,1,4,17,1,0,10,0,13,114,1,3,0,3,2,1,2,4,4,1,0,3,1,1,6,0,0,13,9,6,0,1,0,4,12,3,2,0,0,1,1,9,0,1,0,0,0
hsa-miR-548c-5p,0,0,0,0,0,0,0,0,0,0,0,0,0,0,0,0,0,0,0,0,0,0,0,0,0,0,0,0,0,0,0,0,0,0,0,0,0,0,0,0,0,0,0,0,0,0,0,0,0,0,0,0,0,0,0,0,0,0,0,0,0,0,0,0,0,0,0,0,0,0,0,0,0,0,0,0,0,0,0,0,0,0,0,0,0,0,0,0,0,0,0,0,0,0,0,0,0,0,0,0,0,0,0,0,0,0,0,0,0,0,0,0,0,0,0
hsa-miR-548d-3p,918,34,1268,62,2528,1388,1645,2115,78,11402,2,40,4165,3012,2449,363,397,5955,3516,3897,19505,26,7956,3180,2894,1071,1930,4384,784,8378,4,823,4920,1866,59,34,2184,5050,242,16414,137,14,2041,1,1802,31,22840,40,142,9,1,228,982,1105,3017,4,275,14,145,589,2223,2273,221,774,343,517,33933,1141,905,2498,878,29799,2626,648,1314,8,3516,4816,186,3754,359,1028,3174,259,14117,2095,2118,1417,576,2528,127,3293,2658,183,171,1644,2603,16056,550,944,1,2975,22911,2564,1501,103,133,277,581,1549,8,2040,41,3731,751
hsa-miR-548d-5p,0,0,0,0,0,0,0,0,0,0,0,0,0,0,0,0,0,0,0,0,0,0,0,0,0,0,0,0,0,0,0,1,0,0,0,0,0,0,0,0,0,0,0,0,0,0,1,0,0,0,0,0,0,0,0,0,0,0,0,0,0,0,0,0,0,0,0,0,0,0,0,0,0,0,27,0,0,0,0,0,0,0,0,0,0,0,0,0,0,0,0,0,0,0,0,6,0,0,0,0,0,0,0,0,0,0,0,0,0,0,0,0,0,0,0
hsa-miR-548e-3p,1,0,0,0,10,0,2,0,1,2,0,0,1,1,14,41,0,0,2,1,2,0,60,1,259,2,1,0,4,2,0,2,94,0,0,0,4,1,1,0,0,0,48,0,0,0,466,0,0,0,0,8,5,0,3,18,1,0,0,0,96,19,0,0,0,0,94,6,1,0,1,5,21,24,0,0,0,56,0,1,0,4,53,0,0,33,0,0,5,1,0,2,10,0,0,45,24,71,1,0,0,0,32,1,0,0,0,0,0,0,0,2,0,0,0
hsa-miR-548e-5p,0,0,1,0,0,1,1,0,0,1,0,0,0,0,0,3,0,0,0,517,0,0,1,1,0,0,1,0,0,3,0,1,0,0,0,0,0,0,0,10,0,0,0,0,0,0,2,0,15,0,0,0,98,0,1,0,0,0,0,0,1,0,0,0,0,0,1,2,0,348,0,1,0,0,0,0,0,0,5,0,0,0,1,0,0,0,0,0,17,132,0,1,10,2,0,69,0,140,0,0,0,50,4,0,60,0,0,0,0,11,0,1,0,5,2
hsa-miR-548f-3p,2,0,0,0,1,0,0,0,0,1,0,0,1,0,1,0,0,0,0,2,1,0,0,0,64,2,0,54,0,124,0,0,0,0,0,0,0,0,0,1,0,0,1,0,0,0,6,0,0,0,0,0,2,2,1,0,0,0,0,0,0,0,1,1,0,0,27,0,3,0,1,4,0,0,0,0,0,2,0,2,0,0,0,0,0,0,0,0,0,0,0,2,4,0,0,1,0,36,0,0,0,0,1,0,0,0,0,0,0,0,0,0,0,0,0
hsa-miR-548f-5p,4,2,340,28,440,5,236,185,27,2860,0,14,979,348,291,0,49,566,598,1423,4442,6,410,689,984,6,406,852,200,1372,0,755,689,520,12,0,143,1184,75,797,0,14,309,0,336,0,9302,2,25,55,0,9,191,213,640,3,78,5,300,108,0,233,29,333,392,68,933,131,52,1597,136,1609,559,275,219,0,328,1226,14,795,77,109,325,6,451,212,382,95,36,357,46,414,315,21,24,316,272,1554,206,268,0,334,2194,568,235,29,0,169,252,381,9,407,21,1386,69
hsa-miR-548g-3p,2,0,0,0,0,1,1,1,0,2,0,0,1,0,0,1,0,0,1,2,1,0,2,0,0,0,65,0,0,0,0,0,2,114,0,0,1,2,0,257,0,0,0,0,1,0,4,0,0,0,0,0,0,0,1,0,0,0,0,1,1,0,0,0,0,0,27,1,4,0,3,8,0,0,1,0,0,0,0,2,1,1,0,0,0,0,0,0,0,0,0,0,5,0,0,9,0,0,0,0,0,0,8,2,0,0,1,1,0,0,0,0,0,0,0
hsa-miR-548g-5p,0,0,0,0,0,0,0,0,0,0,0,0,0,0,0,0,0,0,0,0,0,0,0,0,0,0,0,0,0,0,0,0,0,0,0,0,0,0,0,0,0,0,0,0,0,0,0,0,0,0,0,0,0,0,0,0,0,0,0,0,0,0,0,0,0,0,0,0,0,0,0,0,0,0,0,0,0,0,0,0,0,0,0,0,0,0,0,0,0,0,0,0,0,0,0,0,0,0,0,0,0,0,0,0,0,0,0,0,0,0,0,0,0,0,0
hsa-miR-548h-3p,0,0,0,0,0,0,0,0,0,0,0,0,0,0,0,0,0,0,0,0,0,0,0,0,0,0,0,0,0,0,0,0,0,0,0,0,0,0,0,0,0,0,0,0,0,0,0,0,0,0,0,0,0,0,0,0,0,0,0,0,0,0,0,0,0,0,0,0,0,0,0,0,0,0,0,0,0,0,0,0,0,0,0,0,0,0,0,0,0,0,0,0,0,0,0,0,0,0,0,0,0,0,0,0,0,0,0,0,0,0,0,0,0,0,0
hsa-miR-548h-5p,0,2,0,0,0,1,1,0,0,0,0,0,0,0,0,9,0,0,0,0,0,0,0,0,0,0,0,0,0,1,0,0,0,0,0,0,0,0,0,0,0,0,1,0,1,0,1,0,0,0,0,5,0,0,0,0,0,0,0,0,0,0,0,0,1,0,2,0,51,0,4,3,0,0,0,0,5,0,2,1,0,0,0,0,0,0,0,1,0,0,0,0,2,0,0,37,0,3,68,0,0,0,3,0,0,0,0,0,0,9,0,0,0,0,0
hsa-miR-548i,2,0,59,8,0,1,0,1,6,799,0,0,129,42,13,35,3,100,33,2,17,1,52,43,1,0,93,127,0,3,0,3,57,0,0,0,166,28,50,221,0,0,1,0,0,0,1064,0,9,1,0,1,1,0,102,0,25,0,0,80,4,139,1,1,0,0,65,18,4,0,115,24,0,59,0,1,21,7,0,168,0,28,3,0,58,1,2,0,45,0,8,6,31,1,5,4,17,33,132,2,0,4,15,2,58,0,0,0,112,55,0,0,0,1,0
hsa-miR-548j-3p,0,0,1,0,32,0,0,0,2,0,0,0,0,18,0,0,0,0,1,608,6,0,1,0,0,0,0,1,0,2,0,0,0,0,0,0,0,0,0,4,0,0,2,0,0,0,5,17,0,1,0,8,1,1,2,0,0,0,0,0,0,0,0,0,1,0,103,2,69,1,0,1,0,0,0,0,0,0,0,0,0,0,0,0,0,2,0,1,0,0,0,1,3,0,0,3,0,76,31,0,0,0,5,0,1,0,0,0,11,0,0,1,0,0,0
hsa-miR-548j-5p,67,0,1,0,0,0,0,3,0,3,81,0,1,0,0,30,0,2,1,182,4,0,1,1,1,0,0,0,0,1,0,48,0,0,1,0,0,0,0,2,0,0,3,0,2,0,14,0,0,0,0,3,2,0,9,0,0,0,0,61,28,2,0,1,2,0,10,57,111,0,4,3,1,3,0,0,0,1,2,2,0,0,14,0,102,0,0,0,6,83,6,2,5,0,9,95,0,2,3,0,0,0,8,0,0,0,0,0,0,26,0,40,0,1,0
hsa-miR-548k,6,6,3,0,1,3,3,1,10,888,0,0,1,167,16,26,2,1,137,6,29,0,2,224,240,5,36,6,1,32,0,137,4,0,0,6,6,3,0,119,1,0,2,0,0,0,696,0,1,0,0,1,5,0,1,0,0,0,0,2,2,39,3,258,0,1,1772,16,2,82,303,92,0,0,1,0,2,3,1,125,2,3,2,2,189,1,40,0,437,0,15,68,39,0,25,120,1,123,0,135,0,182,28,1,79,0,0,3,100,41,1,3,1,76,0
hsa-miR-548l,603,0,0,0,74,3,3,2,0,1,0,0,242,37,35,44,1,12,41,196,3,0,2,5,48,843,1,3,25,7,0,88,13,38,0,0,0,2,11,236,0,12,3,0,116,0,7,0,5,0,0,0,50,3,15,0,1,1,2,41,223,8,2,2,1,0,75,8,106,463,117,4,0,0,0,2,49,0,21,100,79,1,14,1,13,70,0,31,2,56,6,0,13,0,7,257,2,3,3,0,0,17,20,1,1,1,0,1,1,22,0,1,0,0,1
hsa-miR-548m,331,0,4,1,36,0,0,18,1,3,0,0,5,134,25,0,8,1,30,527,514,0,2,104,1,0,28,47,5,197,0,1,72,0,1,0,9,133,0,342,0,1,1,0,0,0,16,0,0,0,0,1,9,1,2,0,2,0,0,1,1,1,1,1,83,0,1921,18,12,0,1,159,3,0,0,0,12,119,0,1,0,5,22,0,0,0,43,0,1,0,0,26,30,0,0,0,0,129,1,2,0,5,741,0,26,0,0,0,0,0,0,10,0,0,44
hsa-miR-548n,4,0,0,4,28,0,0,2,2,76,0,0,73,3,13,1,2,6,15,387,201,1,13,60,0,1,1,60,15,87,0,1,48,12,0,0,0,5,0,44,0,0,4,0,0,0,122,1,0,0,0,3,5,0,39,0,0,0,1,0,1,7,2,0,157,0,81,8,5,99,0,5,1,0,1,0,25,66,1,49,0,15,0,0,0,1,0,0,3,0,1,19,16,1,1,38,0,107,0,1,0,46,327,0,1,1,0,0,2,19,0,1,0,1,0
hsa-miR-548o-3p,0,0,0,0,1,1,1,0,0,97,0,0,0,0,0,0,0,1,2,2,0,1,0,1,0,0,24,0,0,0,0,0,0,0,0,0,0,1,0,2,0,0,2,0,1,0,4,0,0,0,0,0,0,0,1,0,0,0,0,0,0,1,0,0,0,0,6,1,0,0,0,1,1,0,1,0,0,0,0,1,0,0,0,3,0,1,0,0,0,1,0,1,0,0,0,19,1,2,1,0,0,0,5,0,15,0,0,0,0,0,0,0,0,0,0
hsa-miR-548o-5p,0,0,0,0,0,0,0,0,0,0,0,0,0,0,0,0,0,0,0,0,0,0,0,0,0,0,0,0,0,0,0,0,0,0,0,0,0,0,0,0,0,0,0,0,0,0,0,0,0,0,0,0,0,0,0,0,0,0,0,0,0,0,0,0,0,0,0,0,0,0,0,0,0,0,0,0,0,0,0,0,0,0,0,0,0,0,0,0,0,0,0,0,0,0,0,0,0,0,0,0,0,0,0,0,0,0,0,0,0,0,0,0,0,0,0
hsa-miR-548p,1,0,1,0,0,0,3,2,0,4,0,0,7,4,1,0,0,4,3,3,28,0,2,3,0,0,3,2,2,1,0,0,1,1,0,0,4,2,0,3,0,0,3,0,0,0,30,0,0,0,0,0,0,1,0,0,7,0,0,1,0,5,0,1,0,0,68,1,0,2,0,30,40,0,0,0,6,4,0,3,0,2,2,3,0,0,0,2,1,0,0,7,1,0,0,1,0,2,1,3,0,2,17,0,20,1,3,0,1,0,0,3,0,0,1
hsa-miR-548q,1,1,1,2,0,0,0,1,0,0,0,0,1,122,0,0,1,5,1,3,5,0,80,1,1,0,1,0,0,1,0,0,1,0,1,0,95,1,0,0,0,0,1,0,0,0,304,0,0,0,0,0,262,0,0,0,9,0,0,0,2,44,1,2,0,0,7,42,4,0,2,7,0,0,141,0,0,1,0,1,1,0,1,0,0,0,14,26,0,0,0,2,11,0,0,56,0,1,0,0,0,2,21,0,0,0,0,0,0,0,0,0,0,0,0
hsa-miR-548s,1,0,2,1,39,0,0,0,1,94,0,0,147,1,10,0,1,2,2,2,315,1,0,0,0,0,17,4,2,2,0,2,1,0,0,0,1,0,0,2,21,0,0,0,0,0,509,1,0,0,0,0,1,1,1,0,1,0,1,0,0,0,0,0,0,0,21,4,0,1,1,17,0,0,0,0,17,1,0,0,0,2,3,0,1,5,0,0,0,0,0,4,7,0,0,40,1,7,2,1,0,11,13,1,1,0,1,2,0,0,2,49,0,0,0
hsa-miR-548t-3p,0,0,0,0,0,0,0,0,0,0,0,0,0,0,0,0,0,0,0,0,1,0,9,0,0,0,0,0,0,0,0,0,0,0,0,0,11,0,0,0,0,0,0,0,0,0,43,0,0,0,0,0,50,0,0,0,2,0,0,0,0,3,0,0,0,0,1,4,0,0,0,0,0,0,26,0,0,0,0,0,0,0,0,0,0,0,0,0,0,0,0,0,2,0,0,5,0,0,0,0,0,0,1,0,0,0,0,0,0,0,0,0,0,0,0
hsa-miR-548t-5p,65,0,1,0,0,0,0,4,2,482,0,0,161,2,41,38,76,3,9,4,2,0,0,2,2,1,0,0,2,4,0,18,23,22,0,0,1,2,0,306,32,0,0,0,0,0,141,0,0,0,0,0,2,69,33,0,0,0,1,0,1,0,0,1,0,0,4,6,58,0,4,8,1,1,6,0,0,2,0,0,45,1,0,0,0,0,19,2,0,1,1,2,19,0,2,35,0,6,0,0,0,1,419,1,43,0,0,62,23,11,0,11,0,0,1
hsa-miR-548u,5,0,2,0,0,0,0,0,1,1,0,0,2,1,0,2,0,0,42,0,4,0,1,0,0,0,2,0,0,3,61,16,1,0,0,0,2,1,0,5,0,0,4,0,0,0,476,0,0,0,0,0,2,0,1,0,0,0,58,1,79,1,2,0,2,0,2,8,2,2,4,6,0,0,0,0,2,110,0,1,0,3,0,0,0,2,0,0,0,1,0,0,3,0,0,247,0,1,0,0,0,1,9,0,1,0,0,0,0,1,0,1,0,221,1
hsa-miR-548v,0,0,3,0,56,0,4,56,0,1,0,0,3,148,0,0,1,0,82,244,1294,0,19,49,1,0,20,60,3,8,0,41,4,59,0,0,14,3,0,193,0,0,1,0,2,0,185,0,5,0,0,0,40,0,2,0,1,0,0,36,1,2,2,1,0,0,203,19,116,1,2,18,33,0,16,0,1,37,0,48,0,23,87,26,1,0,54,87,0,125,0,4,31,1,9,69,0,150,1,58,0,15,680,0,1,0,0,37,0,1,0,20,0,0,0
hsa-miR-548w,2,0,5,1,3,0,5,7,0,7,0,1,6,25,3,0,0,1,11,6,30,0,3,6,2,1,3,5,7,4,0,3,5,2,1,0,3,6,1,10,0,0,3,0,0,0,16,0,0,0,0,0,2,0,1,0,9,0,56,0,2,6,0,2,0,0,80,3,1,4,1,24,7,1,0,0,11,3,0,8,1,2,2,1,1,2,1,2,0,4,0,8,4,0,5,4,6,8,1,1,0,1,25,2,0,0,7,1,3,1,0,5,2,2,2
hsa-miR-548x-3p,0,1,0,0,0,0,0,0,0,0,0,0,0,0,0,0,0,0,0,1,0,0,0,0,0,0,0,0,0,0,0,0,0,0,0,0,0,0,0,0,0,0,0,0,0,0,1,0,0,0,0,0,0,0,0,0,0,0,0,0,0,0,0,0,0,0,0,0,0,0,1,0,0,0,0,0,11,0,0,0,0,0,0,0,0,0,0,0,0,0,0,1,1,0,0,21,0,0,0,0,0,0,0,0,0,0,0,0,0,0,0,0,0,0,0
hsa-miR-548x-5p,0,0,0,0,0,0,0,0,0,0,0,0,0,0,0,0,0,0,0,0,0,0,0,0,0,0,0,0,0,0,0,0,0,0,0,0,0,0,0,0,0,0,0,0,0,0,0,0,0,0,0,0,0,0,0,0,0,0,0,0,0,0,0,0,0,0,0,0,0,0,0,0,0,0,0,0,0,0,0,0,0,0,0,0,0,0,0,0,0,0,0,0,0,0,0,0,0,0,0,0,0,0,0,0,0,0,0,0,0,0,0,0,0,0,0
hsa-miR-548y,0,0,0,0,0,0,0,1,0,0,0,0,0,0,1,1,0,0,5,0,9,0,0,0,0,3,0,1,1,0,0,0,1,0,0,0,3,0,0,82,0,0,0,0,0,0,4,0,0,0,0,3,0,0,0,0,0,0,0,6,1,1,0,0,0,0,9,2,0,0,2,419,0,0,16,3,0,100,0,0,2,1,0,0,0,1,1,0,0,0,3,2,2,0,0,0,2,1,0,0,0,0,1,0,0,0,0,197,0,22,0,1,0,1,0
hsa-miR-548z,0,0,0,0,0,0,0,0,0,0,0,0,0,0,0,0,0,0,0,0,0,0,0,0,0,0,0,0,0,0,0,0,0,0,0,0,0,0,0,0,0,0,0,0,0,0,0,0,0,0,0,0,0,0,0,0,0,0,0,0,0,0,0,0,0,0,0,0,0,0,0,0,0,0,0,0,0,0,0,0,0,0,0,0,0,0,0,0,0,0,0,0,0,0,0,0,0,0,0,0,0,0,0,0,0,0,0,0,0,0,0,0,0,0,0
hsa-miR-549a-3p,401,8,879,11,331,615,853,1008,31,915,9,29,1111,1196,431,29,565,1487,835,740,8998,12,834,946,614,135,579,1250,727,1738,5,208,1185,91,12,34,826,1578,52,1191,10,12,791,0,371,74,8699,15,57,3,2,40,2132,90,572,45,124,29,43,41,468,407,145,93,286,8,6780,3464,419,189,816,4992,635,36,71,538,719,1042,10,396,35,410,654,89,396,210,280,102,49,243,24,742,1682,42,18,516,678,4156,110,30,1,556,9674,250,229,37,39,187,148,233,6,801,18,430,83
hsa-miR-549a-5p,266,2,108,7,232,6,213,128,9,416,0,6,877,436,166,19,115,403,406,1144,1166,3,546,356,215,5,369,468,192,233,0,267,256,82,1,11,218,272,26,133,0,1,258,0,432,48,5832,10,23,2,1,20,122,44,372,21,21,26,4,3,249,120,117,110,323,0,3352,116,558,214,136,2995,373,30,35,395,256,669,6,416,57,51,264,89,428,87,118,96,33,386,25,448,231,17,26,464,129,668,231,1,0,119,3695,141,270,20,1,140,109,291,0,186,10,293,151
hsa-miR-550a-3-5p,1,0,0,0,0,0,0,0,0,1,96,0,0,0,0,0,0,0,0,0,1,0,0,1,0,0,0,0,0,0,0,16,0,0,0,0,0,0,0,0,0,6,0,0,0,0,1,0,0,0,0,0,1,0,1,0,0,0,0,0,72,0,0,0,0,0,0,0,58,1,3,1,0,3,0,0,1,0,2,0,0,35,1,0,0,0,0,0,18,0,0,0,1,0,0,18,0,0,0,0,0,0,1,0,16,0,0,0,0,0,0,0,0,0,0
hsa-miR-550a-3p,0,0,2,0,0,0,0,18,0,2,0,0,0,1,0,0,0,0,0,0,333,0,0,0,0,0,44,1,0,0,0,10,0,0,0,0,0,0,0,1,0,1,0,0,0,0,6,0,0,0,0,0,0,2,0,0,0,0,0,0,1,0,0,0,119,0,2,0,3,2,0,3,0,0,0,0,0,0,0,6,0,0,0,0,1,0,0,1,0,1,0,1,1,0,0,2,1,0,0,0,0,0,0,0,0,0,0,0,0,1,0,0,0,1,2
hsa-miR-550a-5p,2,0,0,0,0,1,0,1,0,156,60,0,1,0,0,1,0,0,21,1,0,0,0,1,196,1,0,1,1,8,0,23,0,1,0,0,0,0,0,3,0,6,0,0,1,0,1,0,3,0,0,0,2,0,0,0,0,0,1,12,60,0,0,0,60,0,1,1,102,86,7,3,0,2,1,0,0,1,13,29,0,26,0,0,153,0,0,0,14,53,0,1,0,0,0,208,0,23,0,41,0,0,3,0,19,0,0,0,0,1,0,0,0,0,0
hsa-miR-550b-2-5p,0,0,0,0,0,0,0,6,0,5,0,0,0,0,0,0,0,0,0,3,246,0,0,0,1,0,1,0,0,0,0,28,0,0,0,0,2,0,0,1,0,0,1,0,0,0,6,0,0,1,0,0,0,0,0,0,0,0,0,1,0,0,0,0,45,0,0,0,0,5,0,1,0,0,0,0,2,0,4,4,0,0,0,0,0,0,0,0,0,3,0,2,3,0,0,2,1,0,0,0,0,1,0,0,0,0,0,0,0,1,0,0,0,0,1
hsa-miR-550b-3p,0,0,0,0,0,0,0,0,1,1,0,0,1,0,0,0,0,0,0,0,0,0,0,0,0,0,0,2,0,2,0,11,0,0,0,0,0,0,0,0,0,0,0,0,0,0,1,0,0,0,0,0,0,1,0,0,0,0,0,0,0,0,0,0,0,0,2,1,1,0,0,1,0,9,0,0,0,0,2,0,0,0,0,0,0,0,0,0,0,0,0,0,1,1,0,0,0,39,0,0,0,0,3,0,0,0,0,0,1,0,0,0,0,0,0
hsa-miR-551a,9,5,5,15,126,4,1,51,0,621,0,0,404,6,30,51,2,125,127,8,13,0,3,137,262,2,2,4,13,18,0,273,115,2,0,0,8,228,25,8,2,17,4,0,15,2,14,6,2,0,0,1,110,8,251,0,0,2,259,148,116,34,12,300,104,0,391,25,12,324,182,406,150,1,4,11,62,245,13,5,8,7,46,0,88,7,31,42,212,4,11,137,87,24,17,128,162,369,4,312,0,2,69,3,2,0,0,1,0,47,1,1,0,102,115
hsa-miR-551b-3p,3,0,1,0,1,1,114,61,0,264,0,0,49,80,0,2,4,89,32,8,14,0,7,15,2,1,3,4,10,5,0,6,226,0,0,0,3,5,0,2,0,6,92,0,0,0,14,26,0,0,0,16,11,0,216,0,0,0,0,0,1,61,3,94,413,0,1011,46,279,0,10,417,116,0,0,1,3,1,31,0,39,1,1,1,0,1,0,0,51,0,5,53,1579,1,0,36,0,34,0,0,0,94,54,0,75,0,0,0,0,0,1,1,0,248,1
hsa-miR-551b-5p,234,3,1,5,2,5,3,1,2,355,0,0,3,202,7,46,3,8,50,3,284,1,2,6,5,4,1,2,3,21,0,45,6,80,0,1,180,6,0,13,0,0,4,0,1,0,14,0,21,0,1,0,3,1,149,0,0,0,128,21,2,78,3,1,1482,0,280,7,272,283,11,8,1,17,67,0,25,1,2,80,54,1,1,0,214,147,1,0,13,158,8,0,917,3,0,299,3,149,73,204,0,45,33,0,0,1,0,1,1,93,2,1,0,1,81
hsa-miR-552-3p,410,0,8,0,126,2,30,16,3,6,0,1,13,74,24,9,3,58,44,81,264,0,58,63,8,4,8,13,11,24,16,56,14,35,0,0,10,10,27,12,1,2,12,0,3,0,811,0,5,1,0,46,9,3,16,0,4,0,74,29,3,14,4,61,5,1,609,12,158,166,20,109,11,36,2,657,9,12,6,354,23,9,11,0,6,63,50,5,15,118,5,11,48,1,0,458,6,96,0,180,0,12,527,235,52,2,0,0,40,3,0,5,0,3,2
hsa-miR-552-5p,293,1,1,0,0,1,2,2,2,0,0,0,3,162,0,8,7,16,63,674,319,1,2,15,0,1,75,54,4,4,1,4,6,2,0,13,21,6,0,0,0,0,2,0,0,0,261,0,0,0,0,2,5,5,1,0,1,0,1,0,0,22,6,1,0,0,593,21,1,1,5,21,1,1,1,2,3,2,2,0,0,3,2,0,66,99,10,1,31,1,9,7,1433,0,0,156,51,3,1,0,0,138,58,0,0,0,0,0,0,76,0,4,0,55,14
hsa-miR-553,9,0,77,0,2,1,0,1,0,5,0,0,6,4,20,4,0,5,3,3,43,1,3,6,0,0,0,238,3,7,0,1,4,1,0,0,1,5,0,5,1,0,239,0,1,0,85,0,1,26,0,0,5,3,252,0,1,1,3,2,10,1,2,5,0,0,9,21,16,4,6,80,0,0,1,0,18,7,14,5,0,1,1,0,1,2,30,1,26,44,3,0,452,1,2,49,1,1,2,1,0,1,796,4,24,0,0,3,1,81,0,0,0,273,4
hsa-miR-554,495,9,3,1,2,2,80,2,16,182,0,0,7,3,3,14,83,43,56,497,544,0,2,7,2,6,83,10,1,44,1,26,3,45,0,0,12,128,6,10,0,3,5,0,119,0,1180,6,22,10,0,53,646,0,7,0,0,0,243,3,261,46,3,2,423,0,301,25,381,0,22,26,3,13,63,0,0,6,0,218,140,3,54,2,0,103,1,2,25,182,15,0,66,2,0,529,2,165,1,75,0,1,1289,1,86,1,0,4,92,50,3,3,0,0,0
hsa-miR-555,130,0,13,2,327,5,13,24,1,298,0,1,33,35,65,0,11,57,39,188,497,1,51,48,10,18,48,64,4,397,8,8,32,20,0,8,23,104,1,287,0,3,21,0,18,0,842,0,0,3,1,4,26,20,101,0,7,0,18,21,63,99,8,24,456,11,534,21,61,7,75,772,107,0,13,78,45,65,7,238,7,6,52,0,87,70,18,89,8,88,16,62,52,4,6,174,70,515,2,27,0,91,253,28,8,1,1,6,195,44,0,27,5,10,9
hsa-miR-556-3p,61,0,36,1,64,1,35,31,1,66,0,3,84,113,20,17,14,69,79,20,358,0,18,70,13,11,98,147,22,62,0,52,152,94,0,0,47,46,4,380,2,0,194,0,21,1,1006,2,8,17,7,4,26,6,73,0,7,1,6,35,93,66,8,343,238,9,1936,51,130,103,19,607,81,13,9,12,70,82,12,15,2,24,65,29,21,107,44,5,5,15,6,47,1752,0,2,135,36,155,6,15,0,71,454,228,11,0,4,3,5,10,0,157,4,46,14
hsa-miR-556-5p,215,0,1,0,46,1,4,5,0,14,0,0,167,6,2,0,2,6,2,4,33,0,0,12,5,4,7,8,1,10,1,155,1,1,0,0,6,59,0,136,0,0,4,1,14,0,42,2,2,1,0,17,45,36,22,1,1,0,0,0,36,2,2,138,0,1,66,8,9,2,13,239,3,3,3,2,15,53,0,2,1,1,7,1,0,8,50,2,1,6,0,9,20,1,0,7,10,149,3,1,0,24,51,4,28,0,0,2,0,6,0,4,2,3,0
hsa-miR-557,1122,1,5,1,211,405,6,26,8,335,13,0,13,148,14,93,39,118,168,597,398,2,166,236,534,15,18,6,135,101,0,651,128,198,5,0,10,16,56,496,2,2,9,0,10,1,3540,4,36,1,0,14,91,69,278,2,3,1,93,55,596,72,342,43,3115,3,635,124,1599,2019,1250,64,16,38,31,290,163,10,41,423,754,3,3,5,538,533,9,17,132,1127,62,8,517,6,63,624,13,17,18,313,0,7,991,91,83,1,0,96,223,360,2,15,0,105,127
hsa-miR-5571-3p,1,1,0,0,3,1,0,0,0,43,0,0,0,0,0,8,0,0,67,0,6,0,109,1,23,2,1,1,1,2,0,0,0,1,0,4,0,1,2,4,28,0,0,0,1,0,48,0,0,0,0,1,3,1,1,0,0,0,41,51,51,18,23,0,0,0,1,3,61,44,19,202,1,0,2,0,15,1,2,170,46,0,33,0,9,1,0,1,3,65,3,18,10,0,0,148,0,5,0,0,0,0,9,0,0,0,0,0,0,42,0,0,0,1,0
hsa-miR-5571-5p,765,0,3,1,1,2,1,2,6,325,0,0,108,42,0,0,6,0,26,2,20,0,3,1,271,2,2,0,3,9,0,1,1,34,0,0,52,5,0,3,0,0,1,0,1,0,1153,0,20,2,0,0,2,2,6,0,0,0,3,47,212,165,1,70,0,20,582,18,448,264,65,14,38,0,1,0,21,1,0,362,29,3,2,15,50,71,1,19,20,197,9,3,7,1,2,363,41,21,1,192,0,3,12,0,1,0,0,109,27,81,2,3,8,181,33
hsa-miR-5572,9,0,30,0,10,2,2,1,2,514,0,0,3,96,73,1,19,3,65,119,12,1,124,251,29,1,0,239,1,5,0,88,1,96,0,0,161,5,21,1,0,0,1,0,5,0,594,0,1,0,0,3,7,1,324,0,8,0,52,1,87,96,1,37,1,0,73,11,279,44,8,17,1,8,1,1,12,2,0,149,0,7,2,0,56,67,37,0,10,10,3,32,36,4,0,282,13,132,0,0,0,2,29,2,0,11,0,2,0,1,0,1,0,63,1
hsa-miR-5579-3p,487,3,36,0,84,5,3,2,5,121,0,0,4,5,17,4,2,0,2,597,488,0,94,0,8,9,5,82,0,68,1,4,2,21,2,62,113,107,4,308,80,0,4,0,299,21,1049,0,16,0,2,2,6,4,170,0,1,0,2,12,17,72,218,4,2,0,19,90,717,35,46,21,2,0,12,2734,33,64,0,10,45,7,0,0,54,139,5,0,34,171,1284,4,33,4,0,155,2,119,0,57,0,2,27,53,6,0,0,76,3,17251,0,1,0,4,3
hsa-miR-5579-5p,291,0,10,0,39,1,1,11,1,4,0,1,2,0,1,5,0,0,3,290,181,1,33,1,3,1,0,40,0,33,0,2,0,0,0,22,70,1,1,21,33,0,1,0,123,5,407,0,9,1,1,2,1,1,88,0,0,0,0,0,1,28,0,3,2,0,7,37,355,237,22,7,1,0,4,1156,8,1,0,5,13,1,1,0,22,68,0,0,20,87,604,0,8,1,0,4,0,1,0,0,0,42,7,100,4,2,0,43,2,7416,0,0,0,2,0
hsa-miR-558,4,0,82,0,2,2,1,15,0,387,0,0,0,28,0,1,2,50,113,3,17,0,1,3,0,0,3,0,1,6,0,81,4,2,0,0,1,0,7,2,1,0,3,0,0,0,659,0,1,0,0,0,2,1,208,0,0,1,0,67,2,0,3,0,0,0,619,1,1,3,6,12,0,0,0,1,13,79,0,0,0,2,0,0,79,96,1,71,10,0,1,17,9,0,0,90,0,0,1,0,0,15,8,1,3,0,0,1,0,19,0,0,0,0,1
hsa-miR-5580-3p,2,2,4,0,0,0,44,1,2,3,0,0,27,43,4,46,54,10,112,0,121,0,2,5,0,1,94,5,0,1,0,18,73,0,0,0,39,5,0,250,0,0,4,1,0,0,182,0,1,15,0,0,7,0,3,0,0,0,0,22,177,17,3,103,113,0,247,1060,2,0,88,4,75,15,20,0,31,22,15,56,30,34,4,0,0,210,1,32,22,0,1,95,35,0,1,137,29,123,1,0,0,2,45,0,1,0,0,53,0,0,1,1,0,1,33
hsa-miR-5580-5p,3,0,0,0,60,0,34,5,2,2,0,22,302,51,32,0,3,2,1,5,13,0,6,10,3,0,2,29,5,5,0,417,3,61,0,0,10,8,0,4,0,0,3,0,1,0,1420,0,0,0,0,0,472,2,8,0,0,0,1,0,4,0,130,165,3,0,16,10,12,0,11,21,2,70,0,3,22,104,2,180,2,2,5,7,1,4,2,2,10,3,8,23,31,0,0,257,0,4,3,0,0,3,53,1,0,0,0,1,2,80,0,1,0,0,0
hsa-miR-5581-3p,361,0,0,0,0,0,1,0,0,0,0,0,4,13,31,24,0,4,37,44,134,0,2,2,2,1,0,2,0,8,0,0,2,1,0,8,0,0,0,73,0,0,0,0,9,0,18,1,2,0,0,1,4,3,0,0,0,0,0,0,41,0,0,1,457,0,22,4,24,106,6,4,1,22,20,0,7,1,2,74,43,1,0,17,150,1,0,38,6,301,2,0,22,2,11,68,1,125,0,0,0,110,245,1,1,0,0,1,0,79,0,9,0,0,0
hsa-miR-5581-5p,190,0,2,0,1,3,23,2,0,158,0,0,3,103,2,1,1,8,11,1,520,1,3,158,2,0,0,18,14,11,1,47,3,51,0,0,7,3,19,113,0,0,2,0,1,0,94,0,0,0,0,83,11,59,35,0,0,0,1,43,2,4,248,71,31,1,112,15,191,0,9,8,0,2,2,0,46,3,6,38,0,1,42,4,0,454,4,0,74,228,0,3,24,0,0,114,60,40,2,1,0,8,20,1,31,12,0,1,0,2,2,0,0,820,1
hsa-miR-5582-3p,16,0,3,20,1,4,72,85,5,227,0,0,9,181,30,0,6,87,61,730,167,0,2,128,140,3,29,271,51,203,0,35,6,17,0,0,9,209,55,160,0,0,39,0,0,0,2514,0,20,0,0,0,12,0,2,2,30,0,0,0,1,75,221,0,1,0,246,15,3,102,3,40,92,0,1,0,4,116,11,177,2,7,43,0,2,16,120,0,9,205,2,42,69,1,0,279,137,345,2,134,0,5,65,0,82,0,42,22,0,0,0,2,0,1,0
hsa-miR-5582-5p,2,0,0,0,0,0,0,18,0,3,0,0,0,15,0,0,0,3,1,2,2,0,0,0,1,0,0,4,32,2,0,1,0,0,0,0,0,27,0,72,0,0,1,0,0,0,3,0,0,0,0,0,0,0,2,0,5,0,0,0,1,0,0,0,1,0,4,2,1,0,0,3,1,0,0,0,0,0,9,2,1,1,0,0,1,0,0,0,8,0,0,1,4,0,0,3,0,0,1,0,0,0,2,0,1,0,0,0,0,1,0,0,0,0,0
hsa-miR-5583-3p,10,0,1,0,0,0,0,1,0,3,0,0,4,3,0,25,0,0,0,9,239,0,0,0,6,0,7,1,65,7,0,1,0,0,0,0,74,3,0,12,45,0,5,0,2,0,6,0,0,1,0,0,2,0,2,0,18,0,3,3,6,15,1,7,207,0,9,7,77,123,7,413,2,0,3,0,4,3,0,3,4,0,0,0,0,6,0,1,1,3,0,34,13,0,0,118,0,2,215,0,0,0,599,4,2,0,0,1,3,0,0,0,0,3,4
hsa-miR-5583-5p,15,0,1,1,0,1,0,1,0,3,0,0,1,1,0,45,0,2,0,8,221,1,0,3,1,0,8,2,42,7,0,28,0,0,0,0,139,4,0,12,48,0,0,0,0,0,492,0,0,2,1,1,3,1,2,0,8,0,3,2,6,10,1,6,190,0,6,8,79,54,9,6,1,0,0,0,4,0,0,5,7,1,1,0,1,6,0,0,11,2,1,36,15,1,0,105,0,4,171,2,0,0,460,2,2,0,0,3,0,5,0,1,0,1,0
hsa-miR-5584-3p,7,0,3,0,0,0,1,64,0,1,0,0,1,43,0,63,1,1,0,244,6,0,0,45,0,0,2,4,0,3,0,2,16,0,0,0,2,1,0,3,0,0,5,0,0,0,11,0,0,0,0,0,2,24,4,0,11,0,2,0,116,67,2,0,3,0,398,5,6,2,6,13,0,0,0,0,0,1,0,301,21,0,21,0,0,26,0,0,0,1,1,34,9,3,0,113,0,141,1,0,0,0,12,1,0,0,0,0,0,37,0,20,0,0,0
hsa-miR-5584-5p,3,0,7,1,26,4,0,2,4,0,0,1,4,104,45,59,4,3,5,30,14,1,2,4,0,1,73,1,54,308,0,4,4,16,0,0,4,3,0,52,0,1,145,0,0,1,1437,0,8,0,0,1,4,1,79,0,0,0,1,11,186,0,2,0,0,0,131,9,306,0,6,94,4,9,0,2,45,103,0,0,0,11,0,1,168,66,4,0,75,16,0,48,34,2,0,196,61,120,0,0,0,30,282,3,0,0,0,21,1,2,0,0,0,0,0
hsa-miR-5585-3p,24,7,62,25,29,5,88,117,8,329,0,7,415,140,15,39,15,270,4,118,589,2,196,26,219,605,89,427,58,358,0,35,8,4,0,1,263,284,35,57,3,2,71,1,236,23,2811,22,1,0,0,2,27,121,306,0,4,0,16,6,239,118,10,87,0,1,1015,61,373,273,26,482,8,34,70,2,174,108,19,174,87,147,14,10,278,228,40,53,55,67,17,168,2111,9,3,563,269,491,44,223,0,11,137,31,21,2,7,32,147,204,0,119,48,274,52
hsa-miR-5585-5p,1109,0,122,15,119,8,3,46,11,230,0,0,229,45,16,105,4,85,52,215,442,1,60,10,125,12,7,203,139,671,0,184,51,73,1,1,18,14,7,20,1,0,421,0,187,1,2103,23,1,23,0,25,427,155,20,0,10,1,256,233,891,56,397,162,2,0,161,74,1432,28,38,420,44,5,69,1,89,37,15,624,28,3,55,2,2,417,10,184,158,675,21,88,1044,3,9,977,28,376,173,0,0,41,117,409,137,0,0,3,151,237,3,147,0,135,100
hsa-miR-5586-3p,2,0,0,0,81,1,41,47,0,2,0,0,90,55,13,0,87,27,1,185,248,0,0,1,3,2,132,34,2,3,0,1,15,0,0,1,4,2,0,102,0,0,8,0,0,0,16,1,0,3,0,24,1,1,0,25,0,0,0,43,1,0,0,0,2,0,7,2,114,1,6,10,0,0,1,1,0,0,0,0,1,2,0,0,44,2,10,0,0,84,0,4,4,1,0,104,0,3,255,0,0,1,13,0,44,0,0,0,0,1,0,0,1,0,20
hsa-miR-5586-5p,270,0,1,0,1,0,151,4,2,1,1,0,172,73,1,1,1,4,0,666,23,0,226,5,1,0,82,159,3,10,0,2,72,188,0,0,2,0,0,124,0,0,2,0,0,0,481,0,8,2,0,17,7,90,3,0,2,1,3,0,0,16,2,0,0,0,266,16,1,696,5,19,1,100,2,0,35,1,4,161,0,0,99,0,1,2,2,0,24,0,5,64,31,1,3,260,111,118,52,1,0,106,40,0,1,0,0,181,0,1,1,2,0,1,36
hsa-miR-5587-3p,1247,9,229,26,816,16,699,682,50,3273,1,19,1569,2316,1370,41,298,1776,2235,1677,10227,8,1741,1900,1208,22,684,1790,948,2869,0,400,1456,373,28,2,1128,1248,124,5608,168,21,1502,0,696,0,14598,5,98,161,68,104,851,142,1871,3,97,33,59,402,2025,592,224,226,1010,0,19948,586,729,2207,313,13551,1836,98,242,11,982,1842,44,3072,445,554,1477,62,828,591,1331,358,86,623,62,1428,3704,138,34,1057,1458,7948,83,750,2,1412,23733,2152,600,60,70,186,639,377,7,392,38,687,300
hsa-miR-5587-5p,16,0,3,0,1,0,3,17,0,92,0,2,1389,4,1,8,6,5,54,38,441,0,17,8,53,1,1,148,9,7,0,3,8,22,1,0,4,8,18,3,1,0,3,0,3,0,163,5,2,1,0,1,14,1,1,0,30,1,1,1,68,7,7,0,0,0,265,21,71,5,133,77,6,4,1,0,0,12,2,56,0,2,9,4,3,8,0,58,2,0,2,3,47,0,0,147,0,6,1,0,0,0,65,2,6,0,0,0,1,67,1,0,0,2,1
hsa-miR-5588-3p,115,1,1,0,69,4,0,1,8,916,0,0,3,2,53,1,0,1,15,620,8,0,6,2,328,3,3,49,2,17,16,12,4,0,0,0,2,68,0,317,52,5,1,0,75,0,389,0,17,1,0,4,4,1,91,0,0,0,1,26,360,20,4,0,185,11,6,9,66,236,10,15,2,25,0,2,8,87,19,202,65,2,1,0,420,101,14,96,25,458,5,1,31,3,0,110,1,131,1,0,0,0,513,0,4,1,0,0,60,89,0,17,0,171,0
hsa-miR-5588-5p,46,0,0,0,61,2,2,0,7,442,0,0,1,0,57,1,0,3,62,244,5,0,0,1,112,1,0,30,0,12,8,40,1,1,0,0,1,67,0,107,16,3,0,0,29,0,218,0,6,0,0,2,2,0,34,0,0,0,0,1,196,13,3,1,72,2,7,3,60,81,2,11,1,15,1,0,13,27,12,76,47,1,0,0,192,37,26,0,25,204,16,2,11,0,1,168,1,94,0,1,0,0,16,1,0,0,0,1,34,38,0,7,0,155,1
hsa-miR-5589-3p,1,0,1,0,1,3,1,0,0,2,0,0,1,92,0,49,1,2,3,217,8,0,0,2,0,0,103,0,0,4,0,1,112,0,0,0,2,0,17,11,0,0,46,0,0,0,445,0,6,0,0,5,1,2,0,1,1,0,1,148,1,0,0,167,99,0,5,5,0,460,5,7,1,0,0,0,20,0,4,1,0,1,8,0,101,0,0,2,17,37,1,0,8,0,0,155,0,3,0,0,0,2,10,1,1,0,0,0,0,37,0,1,0,1,0
hsa-miR-5589-5p,3,18,1,0,121,2,1,11,0,3,0,0,1,4,0,0,1,40,75,488,5,0,5,4,44,3,2,0,0,8,1,7,0,28,0,0,1,3,0,3,0,0,54,0,0,0,9,0,1,0,0,0,4,116,5,0,0,0,0,0,75,2,1,5,7,0,411,8,1,115,80,2,42,1,0,0,24,1,4,61,0,1,2,13,2,438,0,0,8,57,0,1,36,0,8,136,1,7,6,71,0,0,379,1,0,0,0,1,1,0,0,0,1,0,0
hsa-miR-559,2,0,0,2,2,5,1,0,0,127,0,0,3,2,1,0,0,1,28,4,9,0,2,3,0,0,0,2,0,3,0,1,1,1,0,0,0,3,0,7,1,0,88,0,0,0,204,0,0,0,0,0,2,0,6,0,0,0,1,0,1,1,0,0,0,1,9,4,2,4,2,16,1,3,1,3,1,1,0,3,1,0,1,0,2,3,0,0,1,3,0,19,6,0,0,37,1,4,1,1,0,0,11,0,0,0,0,1,1,2,0,1,0,2,1
hsa-miR-5590-3p,1,0,95,0,82,1,7,7,5,39,0,16,122,181,68,0,82,9,44,1,352,0,8,168,138,6,67,191,140,440,0,46,11,91,21,0,14,91,16,767,0,0,85,0,328,0,697,0,0,0,0,6,21,49,1,0,40,2,0,67,78,4,5,0,0,0,3059,73,131,1,3,583,304,28,2,1,122,260,38,241,35,7,200,12,49,0,62,137,1,107,9,59,97,15,0,43,179,940,0,1,0,112,1725,0,66,0,0,0,0,118,0,36,1,1,0
hsa-miR-5590-5p,3,0,1,0,25,0,0,1,0,2,0,0,1,0,0,0,30,2,0,4,1,0,0,0,0,0,0,1,0,2,0,0,0,98,0,0,1,0,6,1,0,0,0,0,0,0,4,0,0,0,0,0,1,1,3,0,0,0,0,7,1,0,0,1,0,0,4,0,38,1,1,95,0,0,0,0,25,0,0,0,1,0,0,1,0,1,18,0,0,0,2,1,5,0,0,26,1,0,0,0,0,0,1,0,0,0,0,0,162,54,0,0,0,0,0
hsa-miR-5591-3p,3,0,0,0,0,1,28,2,1,5,0,0,1,4,4,11,2,4,14,269,3,0,2,41,56,0,2,52,0,122,0,30,2,20,0,0,1,92,0,139,0,4,1,0,2,8,7,0,0,0,0,4,2,6,4,0,8,1,1,0,3,0,2,0,0,0,6,3,14,3,3,4,0,1,43,3,0,0,0,67,0,0,2,0,41,42,13,0,5,0,2,0,9,0,0,68,0,4,2,1,0,0,22,0,17,0,0,0,0,28,0,0,10,0,0
hsa-miR-5591-5p,2,0,0,0,0,0,4,2,0,7,0,0,2,3,2,3,0,2,10,202,7,0,1,45,6,1,0,58,1,45,0,45,2,13,0,0,2,3,1,29,0,1,2,0,3,6,12,0,0,1,0,2,2,5,6,0,9,0,1,0,2,0,1,1,2,0,9,5,19,2,1,5,0,0,66,1,0,0,0,62,0,0,2,0,38,29,12,0,5,2,0,1,9,0,0,77,0,3,6,0,0,1,17,3,43,0,0,1,0,6,0,0,7,1,1
hsa-miR-561-3p,120,0,0,13,0,0,38,1,0,325,0,0,0,25,0,0,1,0,1,2,2,0,0,63,204,2,64,0,1,5,0,0,0,0,0,4,0,0,0,4,0,0,0,0,241,0,7,0,0,0,0,0,1,2,82,0,0,0,0,0,79,31,1,290,0,0,5,2,0,1,2,2,1,0,0,0,33,0,0,0,114,69,0,0,0,1,26,1,14,0,0,26,8,14,4,118,0,88,0,0,0,0,9,0,0,0,0,1,155,0,0,0,0,0,1
hsa-miR-561-5p,34,0,3,8,1,0,68,0,0,0,0,0,1,42,0,0,1,0,1,0,518,0,0,1,0,1,2,1,0,2,0,2,69,0,0,1,4,1,0,1,0,1,1,0,53,0,11,0,0,0,0,1,0,0,60,0,0,0,0,0,46,18,2,1,0,0,4,1,2,0,0,5,0,0,0,0,1,0,0,0,0,0,0,0,0,1,10,0,4,0,1,22,3,12,12,67,3,2,0,0,0,28,6,0,0,0,0,0,0,29,0,0,0,0,55
hsa-miR-562,147,0,416,4,108,3,165,271,7,2374,1,0,413,408,109,38,90,834,158,896,1194,3,196,241,5,1,196,481,13,372,0,160,348,72,1,0,183,783,72,985,0,10,250,0,672,0,2198,0,48,1,0,24,141,0,406,1,14,2,0,77,365,189,19,2,1,63,626,93,65,338,7,1468,93,3,267,0,65,430,1,376,38,275,13,0,61,43,211,65,12,216,13,65,1106,50,14,157,52,1191,199,156,0,236,1455,307,62,1,3,0,176,176,1,272,1,280,105
hsa-miR-563,0,0,2,0,0,1,7,0,0,3,0,0,16,1,0,2,0,1,2,0,270,0,1,0,0,0,0,2,0,2,0,0,6,9,0,0,5,0,0,1,0,0,1,0,0,0,4,0,2,0,0,0,76,0,3,0,1,0,0,0,1,0,0,1,0,0,7,1,2,1,1,7,0,1,0,0,4,0,0,2,0,0,0,0,0,0,25,0,1,0,1,22,6,0,0,5,0,2,29,0,0,0,13,0,0,0,0,2,0,0,0,0,0,1,0
hsa-miR-564,6,0,44,0,3,0,1,0,0,1,0,0,1,18,28,8,0,1,0,4,2,0,0,160,9,3,0,0,0,0,0,1,13,1,0,1,0,0,15,3,0,3,76,0,0,0,3,0,1,0,0,21,2,7,3,1,0,1,0,0,2,0,0,3,0,0,1,6,89,0,366,2,3,22,0,1,0,2,1,69,0,0,0,1,49,64,0,0,107,1,0,0,10,0,14,135,1,76,2,198,0,0,22,0,0,0,0,46,0,0,0,22,0,0,60
hsa-miR-567,469,14,572,67,1276,141,896,1040,68,5187,0,25,2949,1588,732,182,393,2421,1287,3703,7522,16,2586,1437,1447,25,2171,2233,916,2427,14,854,2788,760,48,17,2042,2556,236,2350,37,14,2336,1,1337,2,13933,17,105,22,46,78,756,539,1939,23,166,10,446,498,325,1275,97,622,408,61,11493,775,887,2620,900,10319,686,309,504,1109,1939,1927,109,2843,412,901,1150,99,2092,919,615,778,283,2040,101,1495,3036,136,93,1957,411,3962,824,702,1,841,5856,1037,1060,53,135,605,692,1011,6,917,19,1251,463
hsa-miR-568,0,0,1,0,35,0,0,1,0,370,0,0,2,2,0,0,11,0,69,81,3,0,2,133,0,1,15,3,0,297,0,0,3,29,0,0,0,1,0,4,0,0,101,0,0,0,56,1,0,3,0,2,3,1,102,0,0,0,123,0,3,0,36,2,0,0,1,3,5,0,4,1,63,0,1,0,13,1,4,3,0,1,22,0,3,23,2,37,6,0,0,0,17,0,0,2,1,2,93,0,0,0,14,1,1,0,0,1,0,0,0,14,0,2,36
hsa-miR-5680,4,3,123,0,54,1,101,2,4,7,0,0,41,3,76,45,9,87,3,4,1291,0,78,31,2,3,6,19,3,65,0,3,10,84,0,0,93,179,0,9,0,0,5,0,4,0,1361,15,0,0,0,0,13,17,0,0,3,0,0,190,4,47,2,2,1,0,1065,20,19,609,2,447,3,1,1,1,81,206,26,1,28,4,3,0,342,99,52,1,3,167,1,47,46,2,0,51,48,66,47,2,0,44,41,271,1,0,4,0,0,2,0,12,0,2,78
hsa-miR-5681a,215,0,0,0,1,1,0,0,1,185,0,0,84,2,15,19,0,85,63,0,4,0,62,0,1,3,0,63,2,160,0,14,0,37,0,0,4,1,5,5,0,2,1,0,115,0,451,0,0,0,0,5,8,16,5,0,0,0,43,37,29,24,0,1,494,0,6,10,160,116,268,10,2,38,4,4,23,1,0,9,1,2,52,0,42,76,2,0,25,1,4,0,16,1,4,146,1,113,18,13,0,1,23,147,10,0,0,83,0,49,0,45,0,4,44
hsa-miR-5681b,53,0,0,0,1,0,0,0,1,174,0,0,63,1,1,27,2,71,48,0,1,0,26,0,3,1,0,11,2,84,0,36,2,19,0,0,0,2,0,2,0,3,0,0,88,0,122,0,0,1,0,2,3,8,1,0,0,0,9,27,30,10,0,0,96,0,1,4,86,36,54,1,1,13,17,0,19,0,1,98,1,0,40,0,15,20,0,2,6,0,4,1,14,0,6,159,12,109,18,18,0,0,10,141,18,0,0,0,1,10,0,30,0,0,0
hsa-miR-5682,102,0,50,0,36,1,36,32,0,603,0,0,244,263,150,3,24,9,81,15,562,11,141,1249,263,7,6,163,8,10,0,41,123,44,1,1,613,133,1,348,0,0,38,0,2,0,438,0,2,26,1,0,23,0,54,1,34,0,97,24,74,646,6,1,2,71,186,541,33,170,14,1184,24,65,5,2,51,15,14,271,1,5,9,1,1,15,56,140,71,211,15,126,164,13,0,251,14,1486,108,0,0,43,433,138,14,0,0,6,0,174,0,127,1,83,90
hsa-miR-5683,0,0,6,0,0,1,0,0,1,2,0,0,6,1,89,0,0,16,1,0,9,0,116,152,222,0,0,2,3,5,0,1,45,0,0,0,1,15,1,3,1,0,43,0,0,0,629,0,0,0,0,4,67,0,1,0,0,0,32,20,164,11,2,0,1,0,101,11,0,1,2,8,1,0,1,0,6,93,0,2,0,2,31,0,1,4,12,0,5,0,0,2,29,0,4,85,0,25,0,0,0,1,308,0,0,0,0,1,0,0,0,1,0,0,0
hsa-miR-5684,433,3,351,40,1146,10,225,217,47,1778,1,18,460,1165,674,156,229,311,1212,1385,4461,11,654,662,1567,24,539,667,602,464,1,264,1117,214,4,25,641,365,91,2243,0,4,263,0,201,0,28672,6,68,115,2,52,126,124,1076,79,146,4,60,1,535,644,57,2,285,74,12062,345,34,1735,268,5000,1362,152,4,1547,601,807,34,526,129,60,359,3,255,265,393,0,78,140,19,489,4572,22,25,540,503,3996,135,138,1,775,9203,321,178,10,5,154,120,208,1,571,25,265,226
hsa-miR-5685,519,1,1,10,120,5,62,1,0,81,0,0,5,1,1,0,1,1,5,2,82,1,2,15,1,2,133,64,1,4,1,1,5,0,0,0,160,7,2,61,0,0,2,0,11,0,208,0,0,0,0,15,8,175,5,0,2,0,0,64,12,85,7,1,0,0,14,12,73,276,8,8,2,3,1,0,13,36,36,1,20,3,1,10,2,92,7,1,4,0,1,36,1291,13,0,80,0,6,0,1,0,2,35,0,0,0,0,3,1,0,0,1,0,1,98
hsa-miR-5687,1,0,13,0,1,1,42,0,0,144,0,0,1,1,34,0,1,0,2,2,0,0,0,2,216,3,22,2,109,3,0,0,1,0,0,0,0,44,1,126,0,0,0,0,1,0,6,0,0,0,0,0,1,2,6,0,0,0,1,0,2,12,0,0,2,0,5,3,186,2,0,5,1,11,0,0,0,2,0,3,29,0,3,0,1,0,0,0,1,3,2,1,11,0,0,2,0,1,0,0,0,0,8,1,0,0,1,1,14,1,0,1,0,0,0
hsa-miR-5688,42,2,0,0,1,2,1,1,0,270,0,0,1,0,30,23,1,0,0,3,8,2,0,3,198,5,0,11,26,180,0,1,1,0,0,0,62,1,0,58,0,0,2,0,0,0,170,0,0,22,0,0,21,1,107,0,0,0,1,0,1,36,1,2,175,0,11,6,31,129,3,11,63,0,0,3,30,1,0,243,0,10,1,0,0,1,0,1,0,1,5,4,3,0,0,165,0,0,0,0,0,59,6,0,0,37,1,2,57,1,1,25,1,1,1
hsa-miR-5689,4,0,1,0,0,0,29,0,1,113,0,0,0,0,1,0,1,0,3,1,7,0,1,1,135,5,0,0,1,2,0,3,0,1,0,1,1,0,0,99,0,0,47,0,83,0,259,0,0,0,0,0,1,1,2,0,0,0,0,0,2,0,0,1,122,0,5,7,124,5,4,5,2,0,0,4,2,31,1,4,0,1,1,0,62,0,0,0,96,26,3,1,12,2,0,22,0,173,1,1,0,1,20,0,0,0,0,1,0,32,0,1,0,0,9
hsa-miR-569,11,0,157,3,35,10,155,60,0,334,1,2,35,231,148,58,218,231,158,1107,1978,11,317,733,222,7,215,328,150,296,5,80,160,68,0,2,399,383,21,397,0,0,398,0,508,34,1272,26,59,8,0,23,35,145,560,0,113,2,174,190,37,203,20,211,6,0,2214,91,357,494,165,888,105,126,76,10,425,303,18,669,10,26,257,40,18,220,76,16,64,11,2,103,2378,20,19,129,85,260,238,8,0,172,1499,484,178,0,3,7,233,10,4,87,1,316,5
hsa-miR-5690,6,0,7,0,1,3,1,7,1,5,0,0,162,0,26,0,1,0,6,373,12,0,160,99,3,4,0,2,53,9,0,1,4,29,0,0,1,58,0,260,0,0,5,0,79,0,165,0,0,0,0,8,4,0,5,1,14,0,0,1,281,0,30,3,1,0,12,4,163,102,5,17,53,3,0,1,0,6,6,2,25,1,4,1,0,58,1,0,0,1,0,73,16,2,0,276,12,7,2,1,0,0,20,49,0,0,0,1,0,0,2,1,0,3,0
hsa-miR-5691,604,13,45,0,0,4,0,1,0,226,0,0,1,1,81,13,0,1,95,4,2,0,1,106,1,2,0,3,1,5,0,0,0,42,0,0,0,4,0,220,0,0,1,0,18,0,3,0,12,0,0,4,5,0,6,0,0,0,0,0,87,19,3,366,2,0,1,15,201,4,12,3,2,0,0,1,12,98,9,0,1,0,0,0,172,296,0,0,19,129,2,0,26,28,0,288,0,3,0,3,0,0,492,1,1,0,12,1,0,13,2,0,6,112,9
hsa-miR-5692a,388,4,4,3,117,5,166,90,6,693,0,12,152,481,178,11,35,209,283,581,1012,1,226,501,448,10,261,165,168,977,0,110,167,143,12,11,115,199,49,342,0,1,80,0,118,0,1629,2,6,60,0,22,264,32,461,0,9,10,132,49,75,38,24,167,149,0,2296,70,496,748,17,1104,218,56,28,4,103,650,35,202,16,76,98,31,124,124,65,89,79,81,11,261,211,16,2,157,188,1017,60,107,1,136,2404,79,101,1,2,74,83,138,1,62,13,18,24
hsa-miR-5692b,2,0,0,0,0,0,0,1,0,0,0,0,0,0,9,0,1,0,0,0,5,0,0,0,136,2,0,0,0,3,0,0,0,0,0,0,0,0,0,1,0,0,1,0,0,0,6,0,0,0,0,0,0,0,0,0,0,0,0,0,2,0,0,0,0,0,2,1,1,0,0,183,0,0,0,0,0,0,3,1,0,12,0,0,0,0,0,0,0,74,1,2,0,0,0,28,5,1,0,0,0,1,0,0,0,0,0,0,1,0,0,0,0,0,0
hsa-miR-5692c,3,0,3,0,0,0,0,0,2,2,0,0,3,0,8,2,0,0,0,1,3,0,0,0,93,2,0,1,0,2,0,0,0,1,0,0,2,0,0,3,0,0,0,0,1,0,2,0,0,0,0,0,1,0,2,0,0,0,0,86,3,0,2,115,0,0,6,2,77,0,0,210,0,0,0,0,1,0,3,1,1,16,0,17,1,1,0,1,0,73,0,0,0,0,0,32,11,0,0,0,0,0,0,1,0,0,0,0,0,0,0,0,0,1,0
hsa-miR-5693,7,7,5,6,82,2,45,72,2,1117,0,0,9,105,76,16,1,41,12,31,36,1,47,164,218,4,3,5,71,23,0,43,10,72,1,0,6,22,36,230,0,0,9,0,0,0,1770,0,2,0,0,0,32,162,37,1,3,0,6,42,220,87,13,3,540,0,345,152,105,326,8,114,70,83,71,0,1,110,5,863,0,6,85,0,0,145,11,2,26,64,0,7,3053,2,7,225,34,199,1,313,0,55,612,148,56,0,2,93,0,2,1,2,173,2,233
hsa-miR-5694,94,6,2,0,11,7,1,2,3,297,155,31,8,92,30,19,1,27,7,38,23,0,5,80,33,6,4,249,109,316,2,102,11,281,1,0,4,4,19,558,15,1,33,0,99,1,40,0,21,0,0,35,13,49,6,0,0,0,22,3,312,122,6,63,6,0,49,44,369,6,27,111,7,27,88,4,14,25,0,219,43,3,73,2,28,62,3,57,43,58,19,4,46,7,2,427,2,223,7,5,0,46,369,54,12,1,7,234,30,64,0,54,0,223,4
hsa-miR-5695,3,5,7,0,1,0,4,8,5,1,0,2,0,1,31,0,80,5,73,0,42,0,271,184,298,3,92,106,8,2,0,85,123,27,0,0,10,100,0,4,0,0,5,0,1,0,2273,0,0,0,0,5,171,1,1,1,6,0,0,69,129,1,6,341,252,0,1699,16,1,1,2,23,3,16,1,1,49,235,0,0,0,8,1,0,175,55,3,0,5,0,1,107,89,0,0,48,36,5,14,1,0,27,42,0,2,2,69,1,0,67,0,1,2,1,0
hsa-miR-5696,251,1,87,1,38,0,78,17,2,110,0,0,303,90,67,211,17,103,91,81,604,1,195,6,346,6,138,456,6,317,0,379,97,159,1,4,129,374,29,340,0,19,129,0,3,0,2469,3,10,4,0,9,35,321,216,0,19,0,2,3,42,212,11,646,419,120,1797,76,213,416,185,1796,91,30,2,1,148,193,38,400,93,18,57,0,26,36,3,35,48,0,18,17,305,5,7,388,1884,519,232,245,0,9,109,1390,182,1,0,28,0,120,0,130,2,730,65
hsa-miR-5697,0,0,0,0,0,0,0,0,0,1,0,0,2,1,0,0,1,1,0,215,2,0,1,1,66,2,0,2,3,2,0,0,2,0,0,0,49,0,0,5,0,0,0,0,0,0,7,0,0,0,0,0,1,0,0,0,0,0,0,0,1,24,2,1,0,0,1,0,1,0,1,4,2,1,0,0,28,2,1,2,0,1,0,0,0,0,0,0,18,0,7,3,99,1,0,23,3,1,0,0,0,0,357,0,94,0,0,0,3,27,0,0,0,0,0
hsa-miR-5698,1144,8,23,0,142,11,137,3,2,502,100,1,132,134,54,130,6,20,103,620,110,1,16,129,341,12,21,3,79,402,2,50,78,105,0,1,3,8,13,191,0,8,30,0,29,0,1166,0,20,1,0,51,152,329,237,2,18,0,236,53,471,177,10,241,363,14,316,61,940,238,505,67,80,33,288,1,29,180,24,549,183,1,201,0,123,566,23,89,121,292,47,67,972,4,18,852,7,169,152,45,0,22,439,35,42,21,1,47,7,293,1,58,2,358,10
hsa-miR-5699-3p,10,0,1,0,127,2,0,16,1,203,0,0,274,4,25,18,1,3,24,76,10,0,62,4,0,0,25,7,5,2,0,11,91,0,0,0,2,6,6,8,0,0,6,0,0,0,110,0,8,14,0,18,60,0,5,0,0,0,0,0,70,4,1,0,0,0,14,15,108,46,2,204,6,0,0,1,1,32,2,90,18,0,2,29,60,0,1,18,19,102,8,1,35,1,0,98,26,34,2,1,0,50,567,2,85,0,0,0,0,70,0,1,0,0,10
hsa-miR-5699-5p,4,0,136,11,3,0,3,53,1,7,0,3,89,71,49,41,2,3,42,420,302,0,2,1,1028,21,54,1,5,330,0,46,99,0,0,1,215,3,16,82,0,0,111,0,1,0,1264,0,4,1,0,8,50,69,5,0,0,0,3,0,141,180,2,178,793,1,29,10,80,1936,81,18,3,77,2,0,62,0,5,187,1314,1,3,0,2005,46,25,1,16,2805,3,1,29,2,2,93,2,301,2,224,0,3,38,3,3,0,1,59,6,56,1,0,22,184,27
hsa-miR-570-3p,3,0,1,0,0,0,24,2,0,1,0,0,112,1,18,9,0,2,31,1,4,0,3,111,0,0,44,0,2,6,0,3,2,0,0,0,6,102,0,130,0,0,11,0,0,0,15,1,4,0,0,0,7,62,0,0,1,0,0,0,77,13,54,1,0,0,913,11,16,760,1,12,2,0,2,0,0,99,0,85,0,4,2,0,24,14,34,1,0,0,0,19,20,1,10,7,2,196,0,1,0,2,20,1,42,0,0,1,0,1,0,0,1,1,0
hsa-miR-570-5p,0,0,0,0,1,0,0,0,0,1,0,0,0,0,0,0,0,0,0,2,0,0,1,0,92,1,0,0,2,0,0,0,3,0,0,0,0,1,0,1,0,1,0,0,0,0,0,0,1,0,0,0,0,0,0,0,1,0,0,0,0,0,1,0,0,0,2,0,0,0,1,1,3,18,0,0,0,0,0,1,1,0,0,0,0,0,0,0,0,0,0,0,4,0,0,0,0,71,0,0,0,0,4,0,0,0,0,0,0,0,0,0,0,0,0
hsa-miR-5700,7,17,5,0,3,2,0,1,0,407,0,0,7,4,47,36,26,91,5,13,488,0,4,4,270,1,3,53,42,12,0,65,7,2,0,0,2,4,0,13,0,0,3,0,3,0,24,1,19,0,1,22,122,4,8,0,0,0,2,1,7,4,8,6,2,2,20,522,7,10,9,20,4,0,2,4,2,6,0,148,2,94,8,0,1,9,1,91,1,1,0,6,23,0,6,33,1,10,5,0,0,36,41,5,144,1,2,69,2,1,0,2,1,1,49
hsa-miR-5701,2,0,3,0,1,0,1,1,0,1,0,0,2,6,12,0,2,6,3,3,4,0,5,38,0,1,2,3,5,0,0,0,4,0,0,0,1,4,0,2,0,3,2,0,0,0,6,0,0,0,0,0,5,1,1,0,0,0,1,0,1,29,3,0,1,0,6,13,58,0,21,205,1,0,0,0,16,58,0,0,0,3,3,0,0,4,1,0,1,1,2,2,26,0,0,54,31,5,0,1,0,0,1155,1,0,0,0,0,2,0,0,0,0,2,0
hsa-miR-5702,165,0,0,0,1,0,0,2,0,3,0,0,2,1,9,0,2,38,2,1,267,0,60,161,2,1,1,5,0,0,0,1,2,0,0,0,67,2,0,115,2,0,3,0,4,0,21,12,1,0,1,0,4,50,4,0,0,0,0,16,1,23,1,0,1,0,11,6,1,1,2,12,1,2,1,2,9,3,0,159,0,0,0,1,1,33,0,0,19,91,0,24,10,1,0,16,20,4,0,54,0,18,17,1,1,0,0,0,0,2,0,4,0,0,22
hsa-miR-5703,7,24,7,11,2,3,2,45,1,375,0,0,30,107,65,27,2,2,27,266,382,1,3,0,4,3,4,1,2,9,1,1,1,18,0,1,2,2,1,269,0,0,1,0,88,0,433,0,8,0,0,29,3,98,4,0,0,0,143,35,53,47,1,182,135,0,667,6,51,211,15,594,132,31,44,1,10,1,9,450,2,21,0,1,2,165,16,15,3,0,18,28,26,2,9,375,1,73,0,144,0,1,25,99,40,1,0,33,0,39,0,9,0,1,48
hsa-miR-5704,354,2,2,1,1,4,0,2,0,315,0,16,95,296,0,1,3,3,20,283,30,1,38,50,2,3,114,248,55,8,3,17,69,0,0,0,347,9,60,282,2,0,116,0,199,0,280,4,6,1,0,18,10,181,10,1,0,0,2,0,198,223,1,110,1,1,15,12,524,513,14,12,110,29,3,0,52,5,0,97,64,2,3,1,151,244,0,0,34,0,5,7,381,4,6,706,2,156,65,1,0,29,41,85,0,1,1,113,58,82,0,43,0,71,2
hsa-miR-5705,1109,32,6,15,423,6,76,10,31,2980,1,12,283,326,478,2,9,114,197,4262,501,2,9,118,557,11,13,129,211,749,2,1073,140,347,3,1,69,226,121,974,0,0,40,1,7,2,3209,27,61,4,0,38,134,215,434,3,0,2,489,178,374,194,10,5,2580,0,366,96,858,2156,220,465,13,100,138,4,137,6,42,3602,634,5,8,3,1757,775,5,32,46,2847,19,61,117,1,54,975,3,475,27,659,0,79,1394,550,353,1,1,172,4,162,0,135,11,296,94
hsa-miR-5706,12,0,33,0,47,1,8,6,5,6,0,0,3,186,6,0,8,30,1,61,50,0,206,32,3,0,7,20,2,7,0,5,3,2,0,0,12,7,21,84,0,0,3,0,1,0,2398,0,0,3,0,9,3,46,81,0,2,0,0,0,1,58,0,2,1,0,719,10,81,3,214,211,100,46,0,0,79,20,10,251,1,9,0,0,2,127,5,10,0,94,9,150,19,0,11,217,65,10,216,0,0,32,36,0,0,0,0,127,51,4,0,74,0,3,39
hsa-miR-5707,4,0,5,0,1,0,3,76,1,1272,0,0,2,5,1,51,1,0,119,1,25,2,120,142,1,1,59,1,2,9,0,3,7,0,0,0,6,123,21,171,0,0,1,0,0,0,683,1,6,0,0,5,5,0,2,0,2,1,1,1,0,1,1,242,0,0,18,7,238,0,5,342,4,0,1,1,85,73,0,82,0,6,1,114,42,0,0,0,80,0,0,76,75,0,0,175,51,3,0,0,0,4,25,0,1,0,1,110,1,0,0,1,0,1,0
hsa-miR-5708,47,0,30,0,3,1,74,127,2,4224,0,0,2728,33,6,1,7,22,146,394,59,2,167,285,237,630,3,18,345,30,0,3696,142,12,1,0,9,43,2,29,23,0,13,0,0,0,640,18,13,0,0,11,121,238,142,19,2,0,154,55,273,125,189,165,0,0,40,181,287,1,14,47,21,1,23,0,114,13,0,936,41,5,24,2,580,160,9,308,98,87,4,224,4924,10,22,338,2,712,59,250,0,3,988,2,196,1,1,0,103,24,3,26,0,48,90
hsa-miR-571,102,15,1,0,37,2,0,7,0,228,0,0,107,1,69,24,2,129,37,3,625,0,19,2,1,1,0,283,43,74,0,47,198,44,0,0,1,7,0,308,0,0,5,0,2,0,267,0,18,2,0,7,9,0,5,0,0,0,1,2,1,0,3,0,102,0,230,20,108,328,230,106,17,1,0,0,11,17,0,113,36,14,0,0,40,0,1,0,9,129,4,2,20,3,0,50,36,299,54,90,0,29,34,1,5,0,1,81,0,19,0,0,0,1,0
hsa-miR-572,2196,10,196,12,441,9,208,192,24,1163,0,8,732,315,65,57,92,260,197,1994,647,6,124,178,22,12,114,13,49,558,3,721,151,226,48,11,438,214,42,433,22,21,189,0,395,3,4169,16,15,14,1,37,458,584,389,8,6,1,424,243,1220,652,136,7,981,84,200,209,1485,528,776,537,22,102,37,5,104,61,27,6182,150,17,6,39,8745,887,33,446,265,522,43,41,1961,21,148,1862,5,371,303,136,0,12,2023,304,22216,3,1,215,179,295,7,127,0,224,390
hsa-miR-573,5,2,0,0,6,1,58,3,0,671,0,0,1,84,80,1,1,5,74,380,9,1,1,2,0,0,1,0,1,16,0,0,2,0,0,0,3,3,0,106,0,3,1,0,3,0,33,0,0,0,0,0,3,0,2,0,1,0,2,73,6,1,0,1,2,0,18,4,42,3,4,19,65,2,0,0,32,1,0,46,62,0,121,0,1,84,0,87,1,87,0,27,16,0,1,186,17,106,0,0,0,34,16,1,32,2,0,0,0,0,0,19,1,0,32
hsa-miR-5739,1,0,0,0,0,0,1,35,1,2,0,0,39,0,0,0,0,0,0,154,133,0,42,0,0,2,11,24,22,195,0,2,1,0,0,0,3,88,1,2,0,0,0,0,0,0,133,11,0,0,4,0,4,83,158,0,0,0,2,7,0,48,1,0,3,0,74,5,1,4,4,9,2,0,0,0,0,0,0,127,2,0,0,0,2,38,0,0,6,1,0,63,9,0,0,91,0,2,0,0,0,1,13,0,2,0,0,0,1,2,0,0,0,31,0
hsa-miR-574-3p,524,8,1,0,46,1,182,3,0,289,63,0,280,5,24,0,4,5,12,4,32,0,47,76,1,1,15,7,6,10,0,94,157,35,0,2,2,5,1,182,0,0,46,0,1,0,152,3,20,0,0,0,499,79,6,0,2,0,1,37,6,29,0,0,0,0,498,17,91,2,5,523,40,0,0,1,0,43,10,1,35,4,63,0,2,1,11,54,4,40,0,86,41,0,0,51,35,8,0,2,0,28,53,0,1,0,0,116,1,3,0,9,0,0,0
hsa-miR-574-5p,40,1,0,0,41,2,0,0,0,0,0,0,2,0,6,0,0,48,0,5,0,0,0,128,3,0,17,2,62,6,0,0,0,0,0,5,0,2,11,3,0,0,1,0,1,0,3,0,0,0,0,0,1,2,2,0,0,0,0,415,1,2,0,0,4,0,3,4,4,8,3,1,2,51,296,0,9,1,0,5,0,0,1,0,0,350,7,0,22,1,0,22,8,0,0,197,0,2,2,1,0,3,15,432,0,0,8,0,0,0,0,0,0,0,0
hsa-miR-575,330,0,0,0,1,1,1,0,0,134,0,0,3,1,1,1,0,1,30,439,7,0,3,135,0,1,1,0,1,4,0,2,2,9,0,0,0,3,0,5,0,1,1,0,0,0,11,0,20,0,0,2,4,0,1,1,1,0,7,0,11,0,1,0,0,0,5,7,12,2,4,322,68,0,0,0,0,61,0,196,0,2,1,0,0,5,2,1,1,166,1,17,22,1,0,52,49,157,0,1,0,1,19,0,65,0,0,1,3,12,0,41,0,1,22
hsa-miR-576-3p,2283,15,650,18,1799,10,508,457,15,3947,0,12,568,1660,2537,53,387,1553,1775,2129,7212,4,1648,1516,315,8,1231,1469,368,2244,1,612,1041,223,4,0,488,1440,42,4420,0,2,1033,0,1877,1,6888,15,89,95,1,46,699,192,720,2,163,3,3,205,1484,249,388,975,7,0,23126,267,245,3295,45,11610,1430,405,517,3,735,2752,69,1531,1,495,1445,14,1537,149,828,425,146,40,23,1238,759,45,35,689,702,3371,304,423,0,1416,4348,1932,216,4,131,190,793,375,1,404,35,1501,45
hsa-miR-576-5p,3,0,2,10,2,4,36,20,0,121,0,0,137,5,110,0,5,9,155,79,18,0,152,5,1,0,3,2,2,6,0,2,48,0,0,0,3,93,1,112,0,0,150,0,0,0,100,0,6,0,0,4,8,1,4,1,11,0,0,55,117,6,4,1,4,0,656,16,2,0,120,23,15,1,2,0,1,147,0,379,0,5,4,0,2,1,41,0,6,0,2,4,23,0,9,115,1,69,2,0,0,24,37,0,1,0,0,87,90,46,0,1,0,0,0
hsa-miR-577,3,0,1,0,0,2,1,1,1,1,0,0,165,0,1,0,1,6,2,0,3,2,0,237,0,1,3,1,2,2,0,0,1,0,0,0,2,1,0,2,0,0,0,0,0,0,473,3,0,0,0,4,5,1,197,0,0,0,1,0,1,0,2,0,0,0,12,3,143,0,253,9,2,52,0,0,46,1,0,7,0,1,3,0,0,3,0,0,15,2,0,18,26,1,11,54,17,110,3,0,0,1,12,0,0,0,0,0,1,0,0,0,0,1,0
hsa-miR-578,3,1,10,0,1,0,5,6,2,332,1,0,181,72,70,49,5,207,279,1,602,3,5,99,0,3,36,140,1,5,0,34,139,54,0,0,18,6,0,5,0,0,3,0,0,0,448,0,9,0,0,4,4,1,13,0,1,0,26,1,2,1,1,1,0,0,2570,23,214,148,7,1712,173,0,1,1,88,1,0,70,0,10,123,41,0,2,147,0,0,173,0,230,39,4,2,84,3,108,1,0,0,4,40,1,0,0,5,295,1,7,0,162,0,2,22
hsa-miR-5787,8976,30,195,67,695,60,50,528,76,3697,65,5,1496,1318,328,998,333,1316,1273,4445,1117,9,419,373,1973,93,113,327,576,1666,104,349,1073,840,5,44,685,473,305,1690,7,12,562,0,232,118,27445,20,142,37,105,188,986,1737,486,51,16,15,1510,1126,4259,1575,831,416,888,128,1347,962,3836,4539,3159,959,189,272,310,313,342,152,122,5023,2971,48,158,168,1271,6774,98,166,499,1117,236,227,1791,87,166,9192,87,1532,947,1328,1,57,1863,2643,332,129,5,631,423,1586,26,242,25,413,463
hsa-miR-579-3p,12,3,1,0,83,0,2,0,2,4,0,0,3,4,1,8,2,2,103,3,11,1,2,1,1,0,1,3,22,11,0,0,3,1,0,0,0,3,35,7,0,0,100,0,1,0,19,0,0,0,2,0,7,4,19,0,0,7,5,3,8,8,0,7,1,0,19,13,31,1,10,212,96,1,3,0,1,2,21,2,2,2,2,3,0,1,32,0,99,2,1,115,22,1,0,28,2,13,1,1,0,1,25,1,2,0,0,1,1,3,0,1,0,1,1
hsa-miR-579-5p,15,8,11,0,16,2,23,52,12,795,0,0,4,3,11,10,11,7,25,2,91,1,2,5,2,2,11,2,0,15,0,30,3,73,0,0,22,142,9,69,134,7,5,1,1,0,7538,0,0,0,0,5,323,0,6,0,27,1,0,2,167,25,3,0,0,0,59,6,558,4,9,94,4,18,4,1,27,42,0,247,1,5,38,0,0,197,15,99,87,3,12,11,30,0,1,190,15,3,2,54,0,10,23,228,39,1,1,73,1,198,1,5,0,2,57
hsa-miR-580-3p,0,6,77,0,0,1,12,5,0,1,0,0,5,20,33,0,3,51,2,64,81,1,1,45,0,0,37,3,208,11,0,3,121,0,0,0,3,178,0,307,0,0,3,0,105,0,266,1,1,81,0,0,582,0,1,0,24,1,0,0,1,0,6,25,310,0,111,25,1,29,0,479,26,0,1,0,31,110,0,0,34,83,5,46,129,0,41,1,5,3,2,69,97,0,1,50,8,56,0,0,0,1,1309,1,1,0,0,0,0,19,0,107,0,0,41
hsa-miR-580-5p,347,1,2,3,0,2,3,2,1,2,0,1,1,0,0,0,3,72,14,0,19,0,0,0,1,1,71,4,3,8,0,75,112,0,0,1,169,8,4,215,0,1,1,0,265,0,1304,16,10,1,0,0,1,0,4,0,0,0,1,0,187,116,3,1,2,0,20,4,76,2,177,15,0,4,0,0,38,1,6,1,34,3,1,10,30,109,29,0,17,178,6,3,10,1,11,38,0,52,18,0,0,5,13,0,67,0,0,47,1,61,0,44,0,1,86
hsa-miR-581,2,0,29,0,0,0,1,2,0,1,0,0,3,0,0,0,2,0,0,2,13,0,0,2,1,0,1,2,1,1,0,1,1,1,0,0,3,117,0,2,1,0,22,0,33,0,19,0,1,0,0,2,2,0,2,0,1,1,0,0,2,0,2,0,41,1,1060,3,2,0,3,14,1,0,0,0,0,0,0,13,1,21,1,0,0,115,0,0,1,2,1,7,15,0,0,26,1,7,0,0,0,0,7,0,1,0,0,1,1,1,0,2,2,1,0
hsa-miR-582-3p,147,1,3,0,1,0,2,4,4,223,0,0,136,115,17,0,1,35,121,173,921,1,116,103,60,0,72,18,98,90,0,1,14,1,0,0,11,4,0,5,0,5,87,0,0,0,59,0,1,0,0,5,4,47,5,0,0,0,0,1,0,17,6,0,1,0,480,5,3,2,3,125,0,19,1,5,21,37,0,51,60,18,5,2,1,2,9,2,7,169,3,22,22,1,0,150,3,83,0,0,0,3,20,0,6,0,0,1,160,1,1,21,7,0,39
hsa-miR-582-5p,70,1,5,0,1,1,0,4,3,296,1,0,24,79,26,6,2,62,66,148,332,0,97,95,59,0,1,11,1,103,0,18,59,0,0,0,11,3,0,164,0,1,80,1,0,0,592,0,0,0,0,1,2,44,4,0,0,0,1,0,0,28,1,0,1,0,4,10,29,2,3,139,0,12,1,0,17,18,1,199,45,14,1,0,0,68,6,0,14,186,16,21,16,1,1,89,1,74,0,0,0,1,26,0,17,0,0,0,20,0,0,12,9,343,103
hsa-miR-583,341,3,9,4,0,1,0,0,2,6,0,0,2,1,11,0,1,0,14,1,7,0,0,7,0,3,89,1,0,3,0,1,1,0,32,0,1,1,2,104,0,0,0,0,0,0,337,1,2,1,0,5,27,11,3,0,0,0,3,60,160,13,0,0,64,0,9,15,133,123,13,4,0,0,1,0,0,1,0,147,0,5,0,3,56,85,0,0,36,3,4,1,6,0,0,115,0,125,85,0,0,0,8,1,3,1,0,113,0,57,0,3,4,0,0
hsa-miR-584-3p,1209,3,10,5,179,3,5,9,8,248,97,0,304,122,59,32,164,80,129,41,363,0,143,182,488,16,7,140,12,363,21,59,112,162,0,10,148,198,14,465,0,0,4,0,2,1,1503,0,19,8,0,10,117,45,577,0,15,4,3,67,395,115,4,98,3,38,1131,31,490,642,715,160,34,79,71,6,53,92,21,298,134,6,60,8,387,277,94,64,52,107,15,133,106,3,0,762,82,270,77,53,0,89,92,128,90,2,1,47,20,140,3,47,0,2,132
hsa-miR-584-5p,618,1,83,2,30,7,61,71,4,576,0,20,97,181,65,1,5,119,80,1352,602,1,3,9,485,6,52,2,9,57,66,14,8,10,4,5,27,197,8,48,1,0,4,0,20,0,2140,0,12,4,1,17,47,11,47,0,0,0,10,15,425,33,7,129,56,1,22,17,448,28,26,24,33,42,8,380,22,1,0,670,111,7,3,6,389,276,1,89,6,206,4,38,36,1,1,627,1,31,104,16,0,7,28,22,6,1,1,46,108,70,0,49,0,2,22
hsa-miR-585-3p,1,0,1,0,1,1,0,0,0,0,0,0,0,1,29,0,2,0,0,3,4,0,0,47,0,0,0,37,2,4,0,1,2,0,0,0,3,38,0,2,0,3,0,0,0,0,175,0,0,0,0,1,2,0,0,0,0,0,0,0,0,1,1,16,0,0,4,5,4,105,0,145,1,1,49,0,1,2,1,0,0,2,0,0,0,39,0,0,13,196,10,1,9,0,0,0,0,0,1,0,0,88,330,159,0,1,0,0,2,131,1,0,0,0,0
hsa-miR-585-5p,1,0,3,0,1,0,3,1,0,2,0,0,71,1,31,1,1,256,35,4,301,0,7,2,1,1,4,281,65,145,0,10,47,0,2,0,5,120,0,126,0,0,2,0,0,0,502,0,4,1,0,0,6,0,101,0,0,0,0,0,0,0,1,41,5,0,250,17,125,544,6,221,3,56,2,2,43,52,4,80,0,1,3,0,0,64,20,0,14,175,4,32,34,2,0,91,12,87,21,1,0,2,358,300,1,2,15,0,3,73,0,0,0,0,0
hsa-miR-586,17,0,1,0,208,1,45,1,0,4,0,0,1,0,51,0,0,0,0,889,3,5,2,48,1,1,0,22,0,8,0,0,1,25,0,0,0,0,0,147,0,0,0,0,2,0,12,0,0,0,0,0,0,1,1,0,0,0,3,1,8,1,3,8,1,0,8,4,6,1,5,87,38,0,0,0,1,1,0,6,7,0,0,1,0,24,2,0,5,0,0,1,6,0,0,90,60,1,1,0,0,0,10,0,1,0,0,0,2,3,0,0,0,0,1
hsa-miR-587,866,0,1,9,2,2,2,25,0,453,0,1,177,120,4,85,2,6,10,2,50,0,10,77,2,5,110,9,7,17,58,7,145,0,0,0,6,22,11,395,0,0,6,0,2,1,32,0,1,0,0,34,14,3,376,1,3,42,1,2,326,28,10,2,264,0,376,30,532,0,180,160,16,1,0,1,62,49,4,109,1,3,6,0,104,346,1,0,4,3,10,53,150,3,7,638,35,251,1,1,0,1,2606,0,0,0,0,0,8,60,0,2,0,397,0
hsa-miR-588,5,0,0,0,117,1,30,2,1,368,0,0,132,1,82,0,1,39,3,4,832,5,1,71,477,3,0,131,0,6,0,1,3,29,1,0,4,4,0,224,1,0,3,0,1,0,396,0,0,0,0,0,6,1,1,0,27,0,0,0,1,0,1,0,2,0,10,9,0,1,7,11,118,1,1,2,41,110,0,75,0,6,2,0,95,68,52,48,1,153,0,23,19,11,0,208,46,356,1,0,0,1,28,0,59,0,0,58,0,0,0,2,0,0,0
hsa-miR-589-3p,577,10,72,2,108,1701,54,75,8,383,0,1,153,190,232,15,3,170,198,202,773,2,126,381,140,3,17,60,4,462,1,371,7,121,0,0,199,19,5,353,0,3,105,0,782,0,3709,49,14,1,0,29,131,55,105,0,21,0,20,16,121,136,8,245,2,0,1150,46,457,794,29,1598,13,16,2,0,50,149,31,653,101,21,5,64,82,84,101,101,144,23,14,19,108,9,8,622,5,460,1,1,0,70,1331,626,63,56,4,1,2,34,3,140,53,68,25
hsa-miR-589-5p,8,0,9,2,55,4,54,3,3,187,0,2,9,200,80,2,5,60,113,3,91,0,87,54,111,3,36,53,93,77,0,25,60,45,0,0,149,9,28,95,0,0,123,0,174,0,1823,8,12,0,0,12,138,48,557,0,0,0,140,21,138,88,8,27,1,0,753,35,177,0,196,751,114,40,1,0,44,58,26,3,29,65,88,0,366,23,37,0,5,65,1,82,73,3,16,196,26,352,1,1,0,30,1162,1,80,0,0,10,80,22,1,74,0,338,0
hsa-miR-590-3p,3,0,2,0,115,1,65,0,0,4,0,0,81,12,5,1,24,0,16,292,12,1,1,3,0,2,30,3,28,4,0,0,0,0,0,0,6,30,32,39,0,1,1,0,2,0,10,0,0,0,0,0,3,1,239,0,1,0,3,0,113,1,3,0,2,0,17,8,1,3,9,69,50,0,11,1,0,4,0,1,3,1,2,0,0,1,0,0,0,26,0,3,12,2,11,62,2,41,3,0,0,0,24,2,0,0,1,1,2,1,0,0,0,0,0
hsa-miR-590-5p,10178,405,10435,1275,14471,4014,22239,11331,2409,60622,35,2611,52766,34007,10217,5019,14871,37112,30110,76590,204294,537,39146,48709,32712,4813,50316,44844,37432,50604,353,16847,40976,16556,168,313,64762,34443,6056,37536,1006,237,37796,26,56130,311,307552,2778,5567,3351,382,1365,49626,14692,108920,430,5850,2568,18222,10018,6993,37419,13711,24888,33375,1197,251286,66454,29816,47005,24141,193693,16871,16078,12070,6267,25531,42001,3564,35362,12356,16798,18192,4560,19156,22363,10305,16910,10377,26193,1600,35572,135969,2292,1877,44176,10730,82536,18306,9164,14,11225,172067,37659,10492,984,2027,17029,18685,11301,163,14933,1900,25517,6985
hsa-miR-591,3,0,0,0,1,1,0,0,0,285,0,0,3,0,35,26,0,1,41,2,5,0,0,2,0,2,2,57,1,9,0,66,2,0,0,0,1,2,0,4,0,0,1,0,0,0,4,0,0,0,1,6,2,0,2,0,0,28,1,0,2,0,1,345,1,0,94,6,89,93,2,3,43,8,0,1,0,1,0,0,1,1,2,0,0,25,0,108,1,3,5,2,6,0,0,127,36,57,0,0,0,0,11,81,0,0,0,1,0,46,0,0,0,155,0
hsa-miR-592,1,0,10,0,322,4,132,55,3,572,0,0,131,68,109,0,8,222,212,2,77,0,109,142,232,4,107,251,9,7,0,11,150,86,0,0,85,13,0,218,0,0,177,0,0,0,2963,0,0,1,0,16,18,1,2,2,6,0,147,0,0,22,7,0,1,0,2100,40,0,0,170,1742,96,91,221,0,46,2,0,173,96,11,235,0,0,1,74,2,48,1,0,192,82,5,30,27,52,519,0,0,0,10,1381,37,32,33,1,161,0,0,1,99,1,2,0
hsa-miR-593-3p,208,4,42,7,26,2,14,45,0,1,0,0,3,16,33,1,5,3,91,185,527,0,101,3,1,1,3,4,51,2,0,123,4,9,0,0,0,35,8,118,1,0,0,0,1,5,119,0,6,0,0,0,33,46,12,1,0,0,68,51,336,9,3,2,0,0,11,11,162,110,14,224,40,0,0,562,18,1,1,104,27,2,1,0,45,207,14,1,2,196,3,2,607,0,1,239,1,5,1,1,0,1,24,0,1,0,0,65,0,38,0,5,0,157,44
hsa-miR-593-5p,493,3,12,1,47,16,146,38,79,2074,68,0,567,238,162,61,12,59,82,9,95,2,258,136,1461,519,80,19,19,110,1,4470,276,174,2,0,456,197,45,1023,1,6,115,0,6,0,799,75,52,7,2,67,476,382,26,4,19,0,1076,61,367,384,19,1520,341,0,1499,142,845,772,620,62,17,0,113,1,13,18,20,3013,123,5,31,87,2869,469,31,330,846,666,25,53,2331,6,82,1444,1,686,48,225,0,172,2470,208,4102,1,1,79,318,206,4,95,26,1242,327
hsa-miR-595,8,2,3,0,0,1,2,3,3,1,0,0,0,73,0,8,2,4,1,3,13,0,37,1,3,1,1,30,0,0,0,32,62,1,0,1,2,84,16,2,0,0,0,0,33,0,642,0,3,0,0,6,2,112,44,0,0,0,60,0,42,44,2,128,0,1,503,4,78,0,2,16,0,1,1,0,3,1,0,2,1,2,0,1,19,8,23,0,1,21,0,22,6,0,0,161,0,0,4,0,0,1,10,0,1,0,0,0,0,0,0,18,1,0,0
hsa-miR-596,120,1,1,0,0,3,235,136,0,255,0,0,6,33,95,0,0,261,48,56,337,0,60,34,438,2,4,130,105,9,0,62,1,143,1,0,6,5,3,809,0,0,0,0,407,1,765,10,2,2,0,8,64,24,142,0,0,0,86,89,14,59,39,1,3,15,190,14,185,4,254,27,38,0,0,3,50,3,20,305,31,5,3,0,202,2,29,42,8,2,8,20,36,15,18,686,9,156,14,0,0,16,37,70,69,11,0,194,17,87,1,21,0,1,42
hsa-miR-597-3p,453,0,58,12,281,3,73,220,1,5,1,1,1,234,52,0,12,3,40,450,107,6,2,123,311,3,8,18,3,351,0,454,2,115,1,0,190,6,0,475,0,0,234,0,1,36,1439,25,4,2,0,14,11,111,75,0,18,39,75,2,278,112,10,1,730,0,2190,56,334,668,204,895,46,22,0,3,3,61,11,375,1,65,1,0,298,5,83,2,108,0,8,214,54,8,29,708,39,294,268,158,1,44,38,0,107,0,0,0,0,0,0,6,0,0,37
hsa-miR-597-5p,878,0,129,0,90,10,46,7,3,889,1,0,58,341,19,42,8,131,443,467,614,0,306,10,239,642,90,228,175,309,11,149,222,157,1,3,180,14,0,17,114,8,8,0,1,0,1872,0,26,29,0,81,295,4,664,2,0,2,185,97,332,97,10,2,2,1,47,28,540,500,37,428,86,0,2,0,3,8,20,453,9,3,4,3,2,305,28,1,49,259,11,69,65,2,6,1582,2,111,9,468,0,7,95,7,146,0,1,1,6,53,1,57,0,5,0
hsa-miR-598-3p,5,0,73,0,124,0,55,2,0,602,0,0,15,2,75,0,95,1,194,409,16,0,130,128,4,0,2,52,2,17,0,5,5,0,1,0,3,415,19,13,134,0,2,0,2,1,52,0,19,0,0,9,11,0,5,0,0,0,2,2,2,45,3,135,1,0,476,19,109,4,91,417,1,125,93,1,101,7,0,351,63,68,123,27,69,1,1,1,6,4,15,48,110,2,22,203,34,400,0,133,0,1,65,4,57,0,0,1,21,117,1,1,0,2,46
hsa-miR-598-5p,323,11,264,27,677,14,621,347,24,3210,4,18,906,1260,646,76,213,1349,1251,2255,4444,12,774,1547,1233,107,931,1339,403,2092,0,470,1113,182,12,12,1196,1062,123,2731,19,6,848,1,1182,0,9884,11,48,47,31,76,782,187,1710,2,123,25,392,166,706,662,137,226,291,51,9798,500,968,2676,382,6366,1438,210,270,274,578,1310,57,821,111,257,778,111,690,619,590,499,234,384,49,913,1165,64,15,957,444,3310,752,408,0,776,10172,988,371,16,35,134,514,418,2,368,22,854,170
hsa-miR-599,4,8,13,1,2,5,95,49,10,533,1,20,537,40,87,0,205,261,179,1044,1194,0,6,376,170,3,127,365,187,27,0,201,283,188,51,0,17,213,4,1253,52,4,451,0,578,1,3861,9,44,1,88,6,99,106,153,1,49,0,184,314,89,36,9,1,2,1,469,101,367,1120,116,1187,68,219,295,0,171,76,10,626,111,87,12,53,399,29,29,176,93,218,14,229,131,21,15,280,88,349,108,86,0,79,2217,153,125,45,62,100,363,164,4,6,41,461,34
hsa-miR-600,482,0,0,0,3,1,0,2,0,12,0,0,8,3,24,1,1,3,3,16,20,0,9,1,6,0,1,6,1,3,0,23,1,1,0,0,1,3,0,13,1,0,2,0,22,0,655,0,3,0,0,5,1,1,16,0,10,0,1,55,62,3,1,3,1,3,26,20,0,23,10,8,1,0,1,0,18,2,1,88,2,2,0,1,1,1,1,0,9,5,10,1,5,32,5,203,1,4,3,0,0,3,13,2,65,0,0,0,0,75,0,1,0,116,0
hsa-miR-601,368,3,49,2,2,3,8,12,2,8,0,0,124,10,96,61,1,23,61,118,15,2,94,82,272,4,1,3,53,148,1,195,71,12,0,1,3,65,24,11,17,0,159,0,294,6,392,1,10,4,0,21,29,58,4,0,8,0,82,109,57,37,68,98,80,0,75,17,186,107,32,39,39,18,1,2,76,18,0,104,62,2,95,8,42,142,2,13,54,86,11,30,132,6,8,788,51,146,92,10,0,34,52,107,15,0,1,49,17,50,0,0,2,61,20
hsa-miR-602,731,5,12,11,209,5,5,8,10,2052,0,1,506,91,121,107,7,2,128,855,41,1,244,7,424,7,6,4,111,119,0,77,347,112,5,0,12,11,44,427,0,0,4,0,49,0,3568,0,69,32,1,46,27,112,10,0,2,0,40,532,36,94,12,5,272,0,31,1186,121,1016,450,457,2,21,704,5,45,130,98,1280,99,38,11,28,469,1068,1,11,104,131,17,8,248,7,37,936,41,146,443,684,0,48,112,208,157,0,1,249,1,288,1,29,448,2,458
hsa-miR-603,0,0,0,0,1,0,1,3,0,0,0,0,0,0,0,0,0,0,0,1,2,0,0,1,1,0,0,0,1,4,0,0,2,0,0,0,0,0,0,3,0,0,0,0,1,0,8,0,0,0,0,0,0,0,2,0,0,0,0,0,0,0,0,1,4,0,1,1,2,0,1,1,2,0,0,0,3,0,1,1,0,2,0,0,0,195,0,1,0,0,0,18,2,0,0,0,0,3,0,0,0,0,6,0,0,0,0,0,1,1,0,0,0,0,0
hsa-miR-604,396,0,65,2,66,22,102,159,14,414,3,2,493,4438,96,20,49,429,151,232,1185,3,280,263,119,21,189,198,89,343,2,100,287,43,1,0,204,217,12,439,2,6,509,0,13,1,3713,3,22,7,4,29,85,31,205,0,13,1,31,93,377,91,35,96,49,3,2043,169,340,966,131,1000,79,5,97,21,213,187,163,156,39,78,171,4,93,138,89,82,33,110,10,276,232,11,5,686,42,1796,42,23,0,90,917,54,92,0,3,21,32,127,1,101,3,60,34
hsa-miR-605-3p,5,2,1,0,61,0,3,4,0,6,1,0,3,50,1,2,3,151,134,8,779,0,3,5,3,1,8,4,1,157,0,28,252,1,0,0,6,187,0,10,0,0,3,0,153,43,855,1,1,0,0,0,7,2,2,0,3,0,2,3,4,6,5,0,3,0,1242,15,7,4,1,38,0,59,1,3,2,103,10,164,3,30,4,1,1,79,39,3,3,4,7,3,51,1,1,78,2,236,0,0,0,70,39,179,66,0,2,2,3,64,0,1,2,2,3
hsa-miR-605-5p,864,5,36,1,1,3,3,15,7,307,77,0,148,85,1,15,7,19,10,307,1076,0,0,2,1,3,7,540,180,200,0,270,8,1,0,0,39,65,2,12,0,17,9,0,1,0,3827,1,12,0,0,0,115,1,7,0,8,0,3,2,1,27,1,1,26,0,316,23,316,449,68,53,5,34,1,0,70,2,1,75,140,4,5,0,267,90,3,19,33,0,4,1,61,0,1,212,15,25,1,0,0,5,43,190,1,1,0,161,29,39,2,23,2,248,107
hsa-miR-606,1014,5,255,5,541,8,183,342,11,1916,0,6,539,484,358,31,57,699,256,939,1879,6,404,384,380,203,363,436,162,909,0,208,849,385,2,4,452,491,25,314,8,3,806,0,718,5,4825,9,97,14,14,104,64,316,230,141,40,129,27,61,335,254,249,201,382,0,3167,149,639,1146,428,2716,158,36,68,7,366,569,55,409,170,80,115,60,1104,424,197,148,219,334,26,446,347,7,24,586,157,456,456,468,0,178,810,679,252,3,14,24,645,184,1,207,11,943,40
hsa-miR-6068,64,0,5,23,70,1,5,163,6,7,0,0,138,4,0,53,5,123,75,461,164,2,69,6,8,2,4,1,5,22,0,355,149,63,4,0,9,146,40,531,0,1,2,0,1,1,2053,14,11,1,0,23,7,170,237,0,0,0,198,101,404,91,11,1,1080,0,19,44,241,74,176,320,2,49,37,0,26,37,9,724,215,2,3,30,143,272,22,83,161,130,13,4,861,0,14,1028,0,11,19,254,0,4,51,212,27,1,0,0,119,125,1,106,0,5,2
hsa-miR-6069,153,0,14,7,58,1,8,5,0,228,0,0,58,92,54,67,11,198,42,229,156,0,27,50,544,60,45,132,36,133,0,163,61,8,1,0,31,33,33,101,5,0,32,0,82,2,1180,11,8,5,0,2,41,56,145,1,18,23,59,53,31,64,10,33,50,0,612,22,189,333,9,826,16,15,20,2,20,25,0,2697,28,16,25,4,344,47,29,256,16,21,6,18,113,8,2,65,21,405,96,55,0,60,779,0,393,0,3,2,29,20,1,21,2,2,32
hsa-miR-607,2,2,40,0,0,1,3,8,1,199,0,0,16,3,57,2,2,41,191,9,234,0,51,125,214,3,3,29,2,10,0,0,11,2,0,0,8,3,0,16,1,1,9,0,5,1,710,0,0,0,0,17,5,1,2,0,23,0,4,1,3,10,5,3,4,1,277,8,172,867,4,447,85,16,1,1,3,6,1,7,1,1,6,3,150,11,8,0,19,4,18,7,31,4,0,221,3,63,2,2,0,1,21,5,90,0,0,6,157,138,0,50,42,449,43
hsa-miR-6070,808,2,3,0,192,3,18,2,29,371,0,0,8,50,20,20,1,58,65,232,504,0,4,2,3,2,2,1,4,345,0,2,6,16,0,1,9,4,13,400,36,0,5,0,23,0,291,0,9,0,0,8,391,81,10,0,0,0,3,0,180,33,4,142,3,0,823,16,303,312,14,23,53,11,24,0,6,37,0,33,0,3,1,2,24,132,41,0,27,134,7,1,54,0,1,573,6,49,27,90,0,1,1359,133,164,7,1,5,92,63,1,1,1,5,43
hsa-miR-6071,499,0,21,6,28,6,69,53,16,3,1,38,577,120,8,57,34,127,252,33,33,0,81,6,71,4,84,60,99,101,0,715,56,2,0,79,70,262,32,243,0,0,34,0,528,0,1419,20,16,1,0,5,347,92,275,0,1,0,261,99,327,109,365,191,1,15,678,99,325,1,137,390,9,28,1,1,65,19,24,378,144,67,41,2,196,299,2,135,45,379,10,82,83,0,12,1174,42,265,1,77,0,10,90,59,88,0,0,378,110,175,2,111,0,46,30
hsa-miR-6072,9,0,3,0,0,0,2,0,0,90,0,0,113,1,15,0,2,4,2,2,12,0,67,3,1,0,1,1,0,4,0,1,115,0,0,0,4,1,0,113,0,0,4,0,4,0,19,0,4,0,0,1,0,1,0,0,18,0,0,0,38,0,2,2,1,0,1043,12,132,1,1,13,2,0,0,2,0,57,0,181,0,2,3,0,2,2,21,0,9,35,0,11,15,5,3,74,37,2,0,1,0,46,15,0,37,0,1,0,0,1,0,1,0,0,1
hsa-miR-6073,1267,2,119,25,731,6,494,170,37,1363,163,91,551,577,194,94,99,387,405,3062,1647,12,405,758,980,22,714,802,161,1331,1,335,686,125,4,0,378,369,107,1828,1,19,344,0,1115,65,7388,31,34,119,1,55,273,189,1282,58,85,0,254,720,405,331,234,470,938,1,4010,251,1066,363,383,3121,690,156,288,2,417,620,41,1572,104,214,211,5,108,265,223,126,256,135,54,830,2100,75,22,896,275,1114,487,308,0,313,9526,343,560,58,3,119,188,215,4,273,7,1291,210
hsa-miR-6074,7,4,64,1,38,4,60,54,1,19,0,0,296,92,14,47,3,437,158,402,1137,5,97,241,157,6,35,112,67,17,0,127,249,3,0,2,83,92,14,379,0,0,92,0,97,0,582,10,0,35,0,6,26,115,187,0,12,1,68,6,8,65,12,1,78,0,947,31,525,8,97,395,5,49,23,3,78,203,14,70,0,83,42,0,153,168,81,0,21,0,4,5,77,7,22,481,38,393,15,90,0,54,246,1,234,39,0,34,103,69,4,89,0,250,33
hsa-miR-6075,1427,8,12,5,440,8,153,103,22,803,36,10,660,253,201,114,93,102,361,893,931,4,249,148,340,15,209,183,39,537,1,637,214,170,0,61,151,219,78,298,99,3,198,0,32,0,4483,8,23,10,2,53,177,163,351,0,4,3,46,103,618,270,115,202,119,38,2359,116,1344,595,553,2713,81,73,208,268,119,276,48,1099,191,47,317,9,360,338,155,138,92,419,28,266,484,11,14,1763,99,690,349,257,0,177,2998,122,518,4,3,115,127,275,3,206,5,273,102
hsa-miR-6076,1592,11,5,0,2,5,4,94,3,1662,1,0,67,103,103,0,8,94,3,1290,258,0,5,155,293,5,6,5,8,1071,1,135,90,0,0,0,267,5,52,483,0,0,6,0,4,0,1311,1,39,2,0,0,9,116,191,0,39,1,26,15,152,241,6,5,2,1,168,966,285,7,25,895,4,0,0,2,121,15,20,199,156,8,5,2,1,74,34,45,66,1,15,11,49,2,9,361,42,291,93,0,0,30,74,936,62,39,1,10,1,68,1,2,0,1,114
hsa-miR-6077,8852,68,9668,252,17017,18408,6906,13651,449,42185,340,277,16914,31512,15166,360,4536,32328,45017,227829,186530,269,190597,28150,13196,3542,13153,25627,4897,38811,185,6081,25648,3124,204,286,13423,23293,860,46419,861,116,22928,14,8403,238,155670,162,502,340,327,4344,6063,2046,13993,292,1639,236,1188,14396,19987,9997,2264,2246,3079,1402,401498,9904,3490,10053,5829,235088,24536,1357,2982,6448,16716,29325,4270,22094,900,6301,17388,663,9841,7700,19263,4519,997,9963,446,24037,31552,928,423,37241,16209,101520,2555,4461,14,20071,258427,11634,4817,399,529,1269,1943,5207,231,15187,314,6594,1949
hsa-miR-6078,4,0,0,0,1,1,0,11,0,2,1,2,6,70,1,42,1,29,1,6,4,0,29,1,3,2,88,2,0,11,0,130,17,84,1,0,2,26,0,8,0,0,112,0,1,0,6,0,0,0,0,9,2,0,5,0,0,0,95,0,1,0,1,1,0,0,3,2,511,0,11,3,3,0,1,1,0,3,0,243,70,0,1,0,860,132,1,0,1,208,1,37,7,1,3,275,1,10,0,0,0,0,11,127,435,1,0,0,1,1,0,0,0,1,45
hsa-miR-6079,500,3,7,0,125,4,5,5,8,798,0,0,4,223,151,37,108,218,132,1077,435,1,240,105,224,5,118,10,9,28,0,241,33,100,12,0,142,9,49,506,0,2,9,0,0,0,1321,7,20,10,0,15,24,11,10,0,42,0,10,120,294,147,77,24,1,0,973,511,401,1006,15,527,8,75,2,1,4,5,11,139,67,9,40,0,71,328,2,3,30,1,8,6,87,3,8,253,35,239,196,1,0,76,1286,33,224,0,0,1,1,58,3,59,0,0,2
hsa-miR-608,942,2,76,4,264,6,101,296,9,625,0,1,237,598,206,24,28,241,494,988,1080,4,208,303,534,6,70,212,162,201,16,28,245,113,3,0,61,176,71,1293,2,2,192,1,181,3,3311,0,26,111,0,6,62,167,260,15,11,1,16,47,365,148,59,32,1375,24,4002,120,197,2397,283,1724,334,73,146,6,100,337,9,1050,454,84,197,26,712,395,310,78,48,597,18,174,228,19,7,476,94,1922,76,26,1,533,2698,438,22,2,24,126,4,59,1,348,0,7,93
hsa-miR-6080,226,7,44,15,112,13,71,48,26,494,1,0,438,591,148,13,7,92,60,869,273,1,226,175,291,11,78,218,8,57,0,35,81,43,0,2,19,215,3,446,2,8,55,0,111,0,1239,0,20,4,0,16,110,29,306,1,9,1,70,24,229,47,18,8,590,1,3552,48,907,684,573,502,411,49,164,6,53,181,13,534,234,67,51,2,428,630,120,185,60,682,26,109,146,8,55,1128,29,707,160,46,0,112,2510,665,63,0,1,2,62,247,2,139,14,254,58
hsa-miR-6081,427,3,21,3,122,4,6,226,10,328,0,11,360,259,83,32,34,16,143,1,860,0,38,360,37,5,8,73,51,372,0,754,15,31,40,0,73,33,9,267,0,0,51,0,1,1,718,25,13,3,0,9,976,77,10,0,0,0,144,6,236,37,161,172,25,0,938,58,299,3,119,1123,23,0,0,2,89,160,1,272,62,31,115,4,5,128,89,63,58,9,28,137,121,9,16,902,12,686,45,60,0,114,681,76,19,0,3,79,0,245,1,144,0,186,7
hsa-miR-6082,5,2,2,21,0,4,5,9,0,2,0,0,5,4,0,17,1,1,4,1,23,3,7,12,3,5,2,7,8,308,0,1,9,18,0,0,4,51,2,255,95,5,2,0,1,0,778,28,0,0,0,23,9,0,7,1,30,1,113,99,72,15,3,2,0,0,577,20,403,516,12,15,2,1,101,0,1,6,4,183,2,1,0,1,2,473,0,0,70,208,4,61,1614,3,0,333,43,301,1,3,0,113,43,354,171,0,0,167,2,19,0,2,1,239,76
hsa-miR-6083,415,0,18,0,3,3,57,21,0,590,0,0,2,62,47,0,8,33,35,1,28,2,4,118,396,5,4,199,27,12,0,1,6,0,0,0,8,5,11,235,0,1,132,0,464,0,1181,1,1,4,1,4,6,3,7,0,0,1,1,78,286,0,5,2,0,0,516,12,92,2,13,24,24,0,10,1120,68,2,0,128,1,4,2,0,194,2,0,147,0,53,1,5,27,2,11,221,39,136,69,1,0,2,31,0,28,28,1,0,0,63,0,1,1,0,0
hsa-miR-6084,827,15,9,38,213,7,261,249,9,2903,0,15,403,382,126,83,166,397,200,341,62,7,205,133,924,4,50,76,69,80,2,338,254,101,1,2,919,570,4,286,20,0,350,1,449,43,4121,42,12,31,33,1,803,69,703,0,19,0,42,127,364,423,15,1,3511,0,47,209,806,1439,145,198,6,0,1,1,123,9,20,879,385,14,117,82,699,177,42,536,51,2,39,13,2470,22,32,763,5,463,1,385,0,68,196,239,211,1,0,1,46,327,1,126,0,128,40
hsa-miR-6085,193,0,3,1,8,3,21,8,2,53,0,2,15,156,15,2,4,36,41,7,371,0,7,7,426,9,146,106,14,23,1,4,84,1,33,0,35,179,2,12,1,1,10,0,6,69,832,2,8,2,0,19,1174,7,7,0,5,0,43,72,356,55,8,5,43,0,190,19,69,4,102,49,22,19,2,2,18,147,2,260,127,11,9,11,27,288,53,2,3,182,9,42,68,5,3,303,1,77,18,149,0,27,250,298,0,0,5,20,13,5,2,91,0,19,2
hsa-miR-6086,133,6,28,5,1,2,0,11,3,4,1,5,209,49,20,8,2,0,70,194,12,0,6,3,327,4,4,129,68,14,1,90,36,75,1,10,97,61,9,249,0,4,26,0,41,0,632,0,14,0,0,14,63,47,4,1,0,0,29,84,200,89,4,2,961,0,7,18,197,675,43,107,1,0,5,0,11,23,3,335,6,2,65,0,134,109,0,58,28,60,10,2,24,0,18,293,0,2,0,13,0,1,34,237,127,0,0,1,177,205,1,60,0,84,8
hsa-miR-6088,3001,40,5,15,140,628,85,66,40,2390,2,17,112,302,49,997,1,97,378,4629,92,5,16,141,319,44,21,50,180,293,9,49,150,1479,3,33,295,48,43,262,121,0,28,0,17,3,1116,0,151,194,7,34,281,1327,359,6,0,1,1273,543,3847,439,9,379,519,6,23,48,3395,2239,12526,210,43,50,137,38,58,16,22,2244,1913,10,45,22,658,3350,49,331,185,4045,171,29,362,22,594,3413,8,738,371,170,0,43,2203,2536,1004,0,9,138,163,920,15,5,8,495,981
hsa-miR-6089,1279,218,464,45,1358,67,939,768,72,6051,4,95,2223,1806,813,691,512,1323,1031,8134,8296,16,1580,1137,4223,103,989,1481,2142,2245,7,1299,2168,2571,27,46,1799,1448,490,2063,2,12,1478,1,1909,12,9485,75,333,193,10,54,2126,1494,6025,10,204,120,1242,1528,1479,2144,580,1031,3730,111,16546,860,3222,5836,5171,6312,1021,1061,600,120,1200,1509,221,2755,2810,328,310,369,2116,3707,416,480,651,2656,184,1015,4850,173,227,5102,1073,4522,972,1311,1,546,9569,2777,835,118,21,1296,857,1462,34,1293,134,473,767
hsa-miR-609,400,0,198,7,24,1,145,215,5,512,48,3,12,51,3,1,111,276,5,865,1200,1,36,9,156,2,236,126,93,15,0,6,217,59,1,0,322,110,11,14,0,0,115,0,2,0,1959,36,19,3,0,0,16,1,215,0,22,1,1,136,48,234,6,152,4,0,1223,92,169,4,9,449,75,123,56,1,152,98,24,242,0,5,5,0,110,73,5,88,15,3,11,109,84,2,16,213,118,137,67,0,0,6,1615,679,1,1,1,0,75,93,2,55,2,0,0
hsa-miR-6090,1284,15,117,78,265,22,99,115,70,16464,2,5,143,74,126,107,11,141,87,3095,565,6,72,35,1843,25,7,54,40,392,3,1470,7,638,4,21,47,88,172,619,3,16,12,0,12,2,2244,1,72,8,3,170,296,904,268,3,1,59,1563,631,811,415,4,1118,467,2,40,1671,1247,2881,3193,131,84,106,90,1815,137,39,25,3985,1062,7,10,26,3108,1165,24,423,517,1090,67,12,157,18,196,3234,50,385,300,394,0,81,138,419,2935,16,0,606,318,377,9,1,82,261,607
hsa-miR-610,16,0,66,0,152,5,92,81,3,505,0,1,337,151,52,4,101,458,104,1929,742,2,145,124,84,4,272,330,23,86,0,98,358,26,0,51,138,237,44,1330,1,0,117,0,272,1,4473,0,8,0,1,24,54,30,857,2,13,61,0,114,138,109,47,392,498,2,2350,206,9,417,207,1234,324,1,11,3,192,154,20,440,91,55,206,101,21,43,62,235,37,23,13,100,2411,12,1,53,193,1087,161,0,0,66,1274,3,189,3,34,4,222,144,5,103,22,1,8
hsa-miR-611,87,35,6,0,1,3,0,2,0,693,1,11,191,157,90,10,3,194,116,1141,608,0,3,43,4,2,81,142,9,16,0,147,8,113,0,1,204,74,53,12,0,0,148,0,36,0,999,6,25,1,0,0,41,27,10,0,9,0,110,2,44,139,6,81,824,0,894,544,562,109,454,725,105,0,0,1,61,361,16,391,42,4,72,0,6,89,22,25,33,6,8,55,478,4,26,420,45,140,12,3,0,32,447,3,30,0,0,1,77,54,1,20,6,44,0
hsa-miR-612,1,0,2,0,21,0,3,76,0,58,0,0,498,92,0,25,1,48,1,0,18,0,12,2,211,6,2,24,2,4,0,1170,21,0,1,0,5,3,1,9,0,0,57,0,0,0,332,0,7,10,0,0,6,1,10,1,0,0,1,0,335,0,0,1,2,0,15,16,148,63,34,114,2,1,33,0,12,1,0,154,33,12,4,2,107,175,38,79,15,125,13,2,27,0,4,204,3,56,0,1,0,14,29,22,25,0,1,1,93,92,0,78,0,164,18
hsa-miR-6124,543,5,1,0,2,254,6,0,7,10,0,0,5,3,28,56,54,24,114,8,472,0,28,31,328,3,51,70,2,10,0,1,152,4,1,0,6,8,21,201,0,0,6,0,369,0,563,0,17,0,1,1,6,130,15,0,12,0,132,3,156,109,181,4,83,11,102,25,487,1,69,27,33,78,1,0,17,139,8,223,1,8,84,41,208,270,48,36,13,106,13,88,48,2,11,231,1,185,4,1,0,7,57,50,135,0,1,50,45,202,3,10,1,358,3
hsa-miR-6125,7026,47,75,123,260,32,88,22,40,4319,24,1,844,507,147,813,18,233,362,3011,586,6,289,316,2323,60,107,85,316,783,170,652,190,441,6,125,33,581,146,1502,139,46,235,0,753,1,10996,39,166,187,63,240,832,1855,594,5,41,79,2037,1231,3755,1052,249,627,897,97,92,292,2699,5520,2598,602,35,100,16,8,172,32,35,7859,1070,8,186,82,2422,2268,51,613,514,699,177,45,5978,15,216,5251,43,506,859,1355,0,17,3462,1203,1351,3,4,638,514,892,33,104,22,1085,688
hsa-miR-6126,171,6,0,0,190,398,1,20,9,800,0,0,3,137,213,65,2,5,75,984,52,0,3,2,228,104,1,2,2,25,1,3,22,165,0,7,2,5,0,18,0,2,2,0,1,1,310,0,50,0,0,14,3,233,15,0,0,0,118,2,22,119,2,3,69,0,12,107,369,188,343,6,2,11,22,132,59,35,7,553,256,70,2,20,290,699,0,45,43,238,33,1,23,1,5,917,0,69,22,1,0,2,31,132,67,0,1,38,0,80,5,21,30,129,67
hsa-miR-6127,1058,3,31,9,16,8,84,1,4,1735,0,1,4,65,44,48,5,43,71,158,44,0,35,7,112,15,8,1,4,103,1,799,148,31,0,2,10,5,57,79,3,0,21,0,33,1,1497,1,21,0,0,0,6,71,82,3,2,0,152,168,43,134,4,184,4720,9,22,748,316,797,472,128,8,1,14,65,50,39,7,5321,1459,1,3,1,1214,388,3,96,35,1929,25,46,37,40,41,961,0,8,12,37,0,8,52,2,59,2,4,135,5,25,1,25,1,107,98
hsa-miR-6128,18,1,17,0,2,3,9,10,0,31,0,0,52,892,50,20,8,34,95,492,135,0,68,199,13,2,26,51,16,40,0,45,25,4,0,0,22,39,12,140,0,0,35,0,2,0,761,1,1,3,0,0,19,29,40,0,10,0,56,13,21,7,4,6,147,0,209,34,19,532,17,563,17,8,21,3,26,89,24,15,3,9,29,1,11,15,14,15,1,124,0,23,37,0,1,91,11,241,132,3,0,9,152,6,14,0,0,16,6,22,1,13,3,61,6
hsa-miR-6129,1196,7,3,3,29,1,5,12,3,161,0,0,53,85,39,2,5,27,113,536,265,0,11,46,77,7,15,144,63,81,0,23,32,2,0,0,6,4,5,34,0,0,59,0,63,0,1408,4,10,6,0,36,9,4,179,0,1,0,80,168,329,5,3,152,149,0,550,219,158,94,31,300,48,23,2,0,52,25,6,153,48,4,98,2,187,101,3,14,40,2,1,23,51,1,9,541,49,176,1,117,0,4,525,77,16,0,4,61,128,15,4,41,3,6,52
hsa-miR-613,3,0,1,12,0,4,2,2,1,1,0,0,0,0,0,21,2,1,0,391,6,0,1,0,0,185,0,0,1,111,0,4,0,0,0,0,0,2,8,5,0,4,0,0,12,0,842,15,0,0,1,0,0,0,1,0,0,0,1,26,15,10,0,1,0,0,6,2,143,0,5,6,0,0,1,0,4,0,0,1,0,1,0,1,0,5,5,0,0,0,0,2,1,24,0,145,19,0,0,130,0,15,2,114,0,0,0,108,2,1,0,3,1,248,0
hsa-miR-6130,2,3,3,1,13,3,40,3,0,3,0,1,35,130,107,1,7,1,12,2,153,1,1,30,1,1,21,0,0,642,0,2,55,0,0,1,187,59,13,8,0,0,24,0,0,0,24,15,0,0,0,4,71,88,163,0,0,0,6,1,2,28,0,4,41,0,822,57,3,70,362,458,1,37,0,0,9,33,0,36,1,3,14,1,1,112,3,1,3,3,0,60,21,0,12,204,11,10,0,1,0,13,19,0,3,1,21,0,30,14,0,1,0,1,61
hsa-miR-6131,256,0,1,6,2,1,2,2,0,204,1,0,10,12,8,49,0,10,85,858,31,0,9,9,7,7,157,237,23,15,0,3,7,2,0,0,9,11,2,60,1,0,5,0,5,0,184,0,10,0,0,5,14,0,8,0,1,0,3,56,197,39,10,2,6,0,135,16,10,3,5,22,46,1,2,3,46,3,0,141,6,3,2,0,10,69,0,3,1,2,2,2,67,2,0,141,13,230,0,86,0,2,1297,1,2,0,1,2,2,19,0,1,0,2,10
hsa-miR-6132,5,9,48,5,46,0,71,43,1,78,0,0,5,98,6,2,2,0,7,4,13,3,121,3,1,2,79,168,1,13,0,3,136,0,0,15,138,3,0,14,0,0,2,0,2,0,135,0,0,0,0,0,3,54,2,0,0,0,1,0,233,126,2,0,467,0,52,4,149,440,7,8,1,0,2,0,14,3,0,3,139,0,117,0,349,45,0,0,6,128,2,5,16,0,0,165,0,2,0,0,0,0,19,1,1,0,0,0,1,0,0,47,0,543,52
hsa-miR-6133,196,0,2,0,2,3,17,1,2,436,0,0,7,57,71,51,1,4,200,192,15,0,6,39,1,2,0,67,37,7,0,88,5,96,0,1,4,15,19,14,1,4,114,0,168,0,752,1,12,0,0,3,14,144,7,1,6,0,2,29,143,60,3,50,158,0,9,24,327,328,11,12,0,0,1,1,25,92,21,180,83,1,8,0,415,57,0,1,82,61,12,1,105,0,9,281,15,123,0,19,0,0,1144,5,185,0,0,21,2,118,3,29,0,1,0
hsa-miR-6134,429,1,9,0,336,1,23,53,4,861,0,2,99,222,121,21,9,414,394,446,1570,1,91,317,5,3,119,77,70,674,0,108,315,69,1,0,89,108,18,403,2,1,56,0,6,0,1426,0,5,2,1,15,24,1,87,0,4,8,147,2,196,39,18,1,1,0,2933,72,72,106,13,2615,789,0,83,0,119,251,8,801,1,17,135,2,50,371,282,34,35,236,2,183,161,11,7,349,106,942,164,236,0,147,2144,525,180,1,0,92,35,1,1,18,0,135,42
hsa-miR-614,181,0,4,0,0,1,2,2,1,128,0,0,181,32,11,16,28,8,26,3,8,0,10,43,62,4,1,79,2,3,0,14,90,7,0,1,29,2,2,10,0,2,2,0,2,0,349,0,1,0,0,6,29,1,34,0,2,3,15,151,1,69,4,1,0,8,7,11,118,857,12,4,24,0,2,1,47,2,0,86,10,3,2,21,2,206,0,30,14,7,0,26,40,0,5,215,3,5,0,59,0,1,19,73,1,0,1,5,44,9,0,35,0,0,25
hsa-miR-615-3p,176,2,5,3,32,2,0,56,5,329,42,0,360,122,23,2,10,5,19,416,207,2,2,82,261,6,7,3,35,553,0,172,5,1,1,0,11,35,24,362,0,1,36,0,0,0,560,0,3,13,0,6,7,1,14,0,0,0,107,30,472,4,27,3,228,0,142,16,742,2,30,12,44,0,1,1,17,29,3,118,81,3,40,4,399,734,17,82,57,73,2,18,116,1,4,596,23,86,0,8,0,103,572,97,248,0,0,13,12,0,1,0,0,23,30
hsa-miR-615-5p,751,4,120,29,941,10,433,652,41,3639,2,12,1233,969,768,91,264,1411,1078,763,3746,10,1405,1299,1388,12,532,1472,490,1529,1,286,1190,365,4,0,704,846,134,4151,0,19,990,0,520,15,12170,17,75,4,65,53,732,216,943,0,68,22,47,161,1375,564,163,498,915,0,12207,1428,705,1484,350,8273,885,127,78,1,755,1084,43,2298,93,523,709,33,895,475,649,381,72,530,40,982,4231,74,19,1176,1055,4968,76,172,1,1119,12477,1413,318,15,57,218,231,418,3,286,5,200,101
hsa-miR-616-3p,222,0,63,0,37,2,28,87,5,565,0,0,6,56,17,1,5,126,155,3,874,1,181,61,426,7,11,40,69,238,0,248,111,73,0,20,8,8,9,361,0,4,202,0,1,1,2583,0,29,0,0,17,149,3,304,0,2,0,2,0,119,29,5,39,3,1,522,51,568,590,180,768,5,5,94,2,90,2,11,587,0,3,25,0,313,493,9,1,2,3,7,170,73,0,11,401,3,490,1,63,0,5,56,306,386,3,1,0,180,72,0,61,1,79,93
hsa-miR-616-5p,316,5,28,3,0,174,0,1,0,147,0,0,0,46,6,27,1,2,10,0,3,0,0,1,0,0,0,21,4,105,0,0,4,0,0,0,0,39,6,11,0,1,1,0,74,0,4,0,0,1,1,1,1,0,4,0,0,0,0,0,98,9,1,25,126,0,4,3,194,553,48,177,2,3,2,0,2,29,0,0,0,1,0,1,29,79,1,0,25,0,4,0,8,1,3,221,12,67,38,31,0,1,7,0,33,0,0,0,0,14,0,29,0,0,0
hsa-miR-6165,15,6,517,39,306,11,515,478,194,1142,0,41,1211,1102,240,103,326,623,649,2029,7647,44,821,768,558,83,1035,979,582,818,2,297,920,382,6,1,1297,929,85,1022,48,6,956,1,641,0,101873,35,22,87,0,84,407,249,1141,1,157,64,113,192,332,594,88,170,808,21,5137,1023,411,971,503,5500,703,111,248,443,317,1126,22,571,163,445,670,24,470,579,247,368,196,303,47,874,2659,28,31,502,407,934,470,202,0,391,7400,423,257,49,41,150,164,361,4,504,8,937,158
hsa-miR-617,7,0,65,3,1,1,153,56,6,9,0,2,11,141,101,71,64,29,29,2,360,0,306,168,205,5,165,197,8,208,0,5,283,0,2,0,9,11,0,285,0,0,72,0,668,0,2321,0,9,0,0,27,46,2,6,0,3,0,1,30,31,8,12,214,96,0,999,37,214,163,29,730,100,125,3,0,75,84,3,55,1,27,215,2,310,196,20,1,29,209,3,4,85,4,0,162,62,202,3,1,0,23,1434,198,0,7,0,2,1,34,0,5,1,327,87
hsa-miR-618,377,4,1,0,39,2,0,0,1,552,0,0,316,26,26,0,0,2,1,4,6,2,1,39,3,0,0,93,53,159,0,20,0,0,0,0,0,4,2,53,0,1,64,0,1,0,296,0,7,25,0,0,1,1,3,0,0,0,0,2,0,0,1,1,336,0,16,16,87,0,6,137,0,0,1,0,38,24,0,38,25,1,31,0,47,89,10,19,52,1,0,0,22,0,3,57,0,119,109,0,0,1,37,0,86,1,0,50,1,0,0,29,0,1,25
hsa-miR-619-3p,771,4,4,0,42,2,2,2,4,419,1,0,0,0,77,0,72,59,24,2,444,0,2,24,0,1,6,2,78,4,0,76,2,22,0,15,8,1,10,46,2,0,2,0,2,0,1332,0,2,0,0,0,5,14,155,0,0,0,27,27,1,2,3,56,0,0,35,6,250,44,727,23,1,60,85,0,0,3,13,296,12,62,2,9,2,6,2,0,33,119,1,3,44,2,11,371,21,103,0,1,0,3,19,88,1,1,0,92,3,60,0,53,0,0,52
hsa-miR-619-5p,8,0,1,0,1,2,3,5,2,3,0,0,83,3,0,2,2,2,0,5,696,2,1,2,2,0,5,0,1,14,0,3,0,67,0,0,5,1,0,16,0,0,1,0,1,0,773,0,22,2,0,1,4,132,7,0,1,0,104,2,3,25,1,1,289,1,24,8,209,447,9,15,0,1,1,1,40,86,6,542,1,25,19,0,126,3,1,1,40,4,1,32,13,0,3,126,21,57,93,0,0,2,18,0,10,0,1,1,159,23,2,3,0,0,0
hsa-miR-620,549,0,44,0,42,2,1,0,0,1,0,0,2,174,0,49,0,2,100,3,6,0,2,4,0,5,0,4,0,5,0,112,1,45,0,0,0,93,24,2,0,0,0,0,14,13,93,0,16,29,0,1,6,2,6,0,1,0,155,0,115,8,248,2,2,0,11,10,324,1,8,4,16,1,0,0,29,0,0,198,61,1,3,0,0,150,0,1,13,0,3,1,35,23,7,198,43,56,0,0,0,0,23,5,0,0,22,0,0,1,0,0,0,1,43
hsa-miR-621,1112,0,9,0,325,2,191,178,2,346,0,21,142,191,61,26,17,65,412,4,1905,0,19,130,166,3,174,234,12,339,1,6,65,79,0,0,196,271,24,429,0,0,117,0,0,0,824,32,7,5,1,4,300,182,435,0,17,3,198,1,205,115,196,1,0,0,775,147,224,455,18,635,182,102,0,0,152,443,0,1,2,37,400,0,55,89,32,84,2,117,0,42,1883,4,0,52,36,438,136,1,0,81,643,0,2,1,1,1,0,0,0,95,0,0,0
hsa-miR-622,305,1,1,0,0,1,54,13,0,1,0,0,4,1,24,24,1,4,55,163,250,0,41,39,0,0,0,2,1,3,0,22,31,17,40,0,3,4,0,60,0,19,29,0,0,57,173,0,0,0,0,14,3,4,2,0,0,0,2,3,1,20,3,0,1,0,4,3,51,22,5,55,0,0,0,0,7,25,0,523,29,0,95,7,69,2,22,25,3,49,7,0,13,1,0,113,0,56,1,2,0,0,11,0,3,0,2,21,7,98,0,0,0,0,1
hsa-miR-623,254,3,52,4,35,1,3,113,1,390,0,0,9,24,50,1,28,205,89,7,163,0,266,95,469,15,323,0,36,21,0,470,224,21,0,0,564,63,52,316,40,0,4,1,193,0,267,0,2,93,0,16,19,19,114,0,5,0,0,39,74,317,14,1,2,1,815,34,232,112,14,15,2,57,126,0,90,2,11,88,17,65,82,28,0,106,0,123,62,119,13,61,610,27,1,285,34,148,186,65,0,6,59,1,1,0,1,121,16,178,1,22,9,1,68
hsa-miR-624-3p,460,2,0,0,46,1,0,5,1,6,0,0,6,1,3,10,2,3,1,2,22,0,2,31,6,2,4,2,203,7,0,0,0,25,0,1,7,0,3,11,0,0,4,0,3,0,141,0,0,1,1,6,3,1,1,0,5,0,0,109,135,1,0,3,1,0,790,7,14,4,3,17,47,1,2,0,11,7,0,86,0,13,13,0,1,56,13,2,0,0,0,3,18,0,4,61,14,33,3,1,0,5,85,3,1,0,0,1,0,3,0,1,0,60,0
hsa-miR-624-5p,108,8,4,0,0,3,0,0,0,2,0,0,51,69,21,0,2,1,25,0,7,0,27,2,205,3,2,0,0,5,0,1,1,30,0,0,1,3,32,1,0,0,1,0,0,0,365,0,0,0,0,12,6,1,23,0,0,0,0,31,83,1,1,1,0,0,57,14,57,106,3,10,25,0,2,392,0,1,4,34,0,0,2,0,48,185,7,0,0,23,2,1,23,0,5,80,31,4,14,21,0,1,609,94,1,0,0,1,0,38,0,1,1,0,0
hsa-miR-625-3p,168,3,8,0,1,3,5,3,6,4,0,0,83,48,1,17,79,5,36,53,571,0,4,6,59,4,3,56,3,7,1,1,90,70,0,0,76,9,0,8,1,75,68,0,143,0,324,7,8,0,0,3,11,4,13,0,0,0,49,23,4,75,91,81,293,1,208,505,519,5,14,11,25,0,0,0,11,32,0,193,161,66,48,19,53,419,13,42,2,103,4,33,54,1,1,208,43,37,1,0,0,3,395,2,43,0,16,24,2,0,0,60,0,116,1
hsa-miR-625-5p,1,2,9,0,0,2,4,2,0,1,0,0,89,41,0,23,0,2,35,3,4,0,1,1,62,2,0,1,0,2,0,0,1,33,0,0,2,3,1,2,0,4,3,0,0,0,78,0,2,0,0,7,1,1,6,1,0,0,29,0,2,28,4,159,1,0,309,12,144,0,8,3,22,0,0,0,14,28,0,177,49,1,25,12,1,72,1,53,10,1,13,32,17,0,0,163,0,23,0,1,0,0,348,0,0,0,0,249,0,2,0,1,0,0,0
hsa-miR-626,5,0,19,0,30,2,484,3,0,12,0,1,1,167,65,3,20,52,45,2,30,2,11,0,3,4,15,15,1,51,0,21,2,1,0,0,40,3,6,151,0,0,145,0,0,0,950,0,1,7,0,12,6,32,29,0,7,0,0,35,17,36,1,41,11,0,739,16,13,3,8,548,1,33,6,0,20,3,22,48,0,58,120,6,44,111,9,0,5,4,5,32,39,1,0,184,33,84,208,1,0,63,25,380,5,0,12,1,1,40,1,9,0,718,0
hsa-miR-627-3p,1,0,1,0,34,0,0,41,0,434,0,0,3,1,2,0,0,115,1,1,6,1,2,3,8,0,3,0,4,9,0,0,3,191,0,0,1,1,0,6,1,0,21,0,2,0,13,0,0,0,0,0,3,25,0,0,1,0,1,0,1,2,2,2,1,0,157,10,0,5,1,9,47,3,2,0,1,2,2,188,0,0,57,0,250,2,11,1,0,3,8,0,10,0,0,27,0,82,0,0,0,25,15,410,0,0,0,44,1,69,0,0,0,0,1
hsa-miR-627-5p,2,0,2,0,62,2,0,11,0,3,0,0,41,0,0,6,0,0,39,1,295,0,2,0,0,0,0,0,0,2,0,1,0,1,0,0,1,0,0,21,0,0,0,0,36,0,12,0,0,0,0,0,0,0,1,0,0,0,0,0,1,2,0,0,1,0,14,2,2,1,460,203,39,0,0,0,0,0,0,0,0,2,51,0,0,2,9,0,0,0,0,58,6,0,21,73,0,2,1,0,0,1,2,0,1,0,0,0,0,0,0,2,0,0,0
hsa-miR-628-3p,3,0,80,0,2,0,4,62,2,3,0,0,11,0,26,0,6,5,79,656,31,1,93,199,9,0,9,41,119,3,0,3,3,0,0,0,36,140,0,7,0,0,4,0,1,0,1329,0,0,0,0,4,4,0,5,0,1,26,1,109,0,21,3,0,1,0,124,7,3,3,3,1432,45,56,0,0,54,19,4,1,4,20,20,0,3,2,42,1,1,2,0,18,35,0,1,67,8,112,0,27,0,60,37,0,5,0,1,0,0,13,0,20,26,1,2
hsa-miR-628-5p,2,7,1,0,0,0,2,1,1,3,0,1,3,4,31,3,3,1,1,4,12,0,2,1,1,0,74,1,1,12,0,33,6,1,0,0,3,3,0,7,1,1,1,0,0,0,257,0,0,0,0,34,1,2,1,0,2,0,3,1,4,21,2,2,1,0,10,4,2,694,2,12,33,23,93,3,1,1,4,188,0,64,2,0,1,41,2,0,1,5,0,59,10,1,0,9,1,38,42,0,0,21,11,1,0,0,1,1,0,2,0,0,0,0,1
hsa-miR-629-3p,176,2,0,0,1,0,0,0,0,405,0,0,105,3,33,42,0,1,0,98,2,2,66,1,1,0,28,2,1,6,0,3,1,2,0,0,0,1,1,73,1,0,1,0,0,0,24,0,0,0,0,3,3,2,0,0,0,0,0,0,40,33,0,1,0,0,2,8,158,1,4,1,1,0,1,0,0,1,0,2,1,0,2,0,0,26,0,0,49,137,7,0,14,1,0,7,2,67,1,1,0,0,573,2,1,0,0,0,0,9,0,0,0,0,18
hsa-miR-629-5p,127,0,2,0,1,1,68,3,0,421,0,0,48,97,20,0,1,0,86,133,278,1,43,0,2,0,98,0,0,6,0,3,0,0,1,0,4,1,0,3,0,0,0,0,1,0,37,0,0,0,0,94,1,1,2,0,0,0,0,0,79,0,1,0,1,0,3,7,135,2,5,4,0,0,0,0,0,0,1,5,0,2,101,3,165,45,0,0,31,0,2,2,15,0,1,29,0,2,0,0,0,0,17,2,0,0,0,0,147,10,0,51,0,0,100
hsa-miR-630,2,0,0,1,104,0,3,0,1,2,0,0,4,3,0,3,3,39,0,1,2,0,2,0,104,3,3,1,0,6,0,49,0,1,0,0,184,1,0,3,0,3,0,0,1,0,170,0,5,0,0,0,1,0,0,0,0,0,1,0,1,63,1,27,0,0,8,3,1,0,0,401,0,0,0,0,1,0,0,0,1,3,2,0,0,0,26,85,15,0,0,5,7,0,0,49,35,2,0,2,0,0,9,3,0,0,0,0,0,0,1,15,0,1,14
hsa-miR-631,25,0,19,9,69,1593,7,11,22,878,0,1,455,181,59,32,3,15,4,7,32,2,4,1,537,3,14,47,336,198,0,250,110,9,1,0,86,9,7,37,0,1,8,0,137,0,2892,0,2,0,0,37,60,83,244,1,1,0,3,338,147,65,3,72,435,0,526,53,215,850,47,43,91,0,255,1,89,3,32,1244,79,4,2,12,307,5,3,171,49,386,5,25,35,1,15,657,18,55,1,265,0,17,55,0,484,14,0,193,107,33,0,126,0,129,70
hsa-miR-632,248,0,0,0,93,0,0,0,0,1,0,0,1,0,21,0,1,2,0,0,1,0,0,1,0,0,7,0,0,6,0,0,65,17,0,0,2,3,26,4,0,2,2,0,0,0,146,0,0,0,0,16,1,1,2,0,0,16,0,0,130,0,1,1,0,0,2,10,110,1,6,2,1,0,1,0,0,2,2,96,17,1,1,0,79,211,1,0,16,124,4,1,364,0,3,67,0,1,17,0,0,0,13,81,0,0,0,0,0,53,0,0,0,0,14
hsa-miR-633,4,0,1,2,0,0,19,3,1,59,0,0,24,138,20,1,4,21,25,24,146,1,26,25,27,0,10,25,1,4,0,7,17,0,0,0,227,145,0,60,0,0,14,0,21,0,138,0,3,4,0,0,17,10,31,0,0,0,0,5,12,86,7,11,0,0,702,15,129,525,1,87,37,8,1,1,15,20,1,1,1,4,5,8,1,41,9,1,0,0,3,2,39,33,0,91,13,27,10,0,0,28,1156,3,28,3,0,0,0,14,0,22,1,1,7
hsa-miR-634,1713,6,14,2,218,17,3,29,9,572,2,0,782,257,9,65,93,105,60,682,462,0,42,63,311,1229,3,32,48,30,1,887,217,76,61,19,13,65,33,312,0,9,74,0,308,0,3382,0,8,28,0,27,161,100,101,1,3,13,293,105,724,90,8,92,184,1,291,40,758,916,260,658,5,1,1,4,136,5,29,723,87,6,7,80,483,987,5,160,126,210,21,36,138,4,17,1650,21,179,109,107,0,130,99,2,79,64,1,33,24,55,1,5,0,124,95
hsa-miR-635,281,0,28,0,86,975,2,2,3,5,0,0,3,2,0,0,3,116,2,4,312,0,1,2,37,3,6,1,0,5,1,5,0,0,0,0,12,3,15,4,0,0,64,0,2,0,1358,0,0,1,0,48,4,35,10,0,1,0,0,49,2,18,1,98,1,0,713,5,52,53,20,25,0,0,41,1,2,61,4,90,1,3,1,0,22,276,3,0,0,303,11,62,12,0,0,259,9,139,30,39,0,2,22,22,0,0,0,0,1,11,0,48,1,66,38
hsa-miR-636,854,21,1379,90,3244,426,1749,2256,91,11232,77,47,5783,4669,2214,307,719,5052,4074,6088,26525,38,4065,5200,3876,593,2938,4921,1505,7529,29,1408,6284,1532,13,37,4116,5794,370,9951,125,24,3852,2,2789,55,29100,61,153,81,85,222,1149,526,3861,53,259,73,906,814,1584,3259,446,1344,668,237,39845,1986,1613,5652,712,25430,2852,424,445,1726,3400,6128,152,39143,524,1258,3294,244,3104,1726,2146,1294,311,3717,241,4251,6313,190,149,3406,1725,11253,604,1172,2,2634,29357,2826,1505,105,38,1121,1080,1875,15,2140,53,1719,594
hsa-miR-637,2842,19,17,0,44,11,8,12,4,193,47,0,200,192,174,74,3,111,145,625,70,4,137,9,147,14,72,29,4,653,0,264,86,23,61,104,11,181,23,187,1,3,11,0,145,0,3086,21,25,3,0,21,62,42,260,1,17,1,136,88,400,163,4,91,7,1,193,97,482,41,323,44,4,24,13,1,13,16,19,1818,189,4,12,3,497,372,6,148,126,11,14,16,74,9,16,933,4,121,234,333,0,19,875,231,7,0,1,8,27,121,0,115,1,166,7
hsa-miR-638,2667,20,159,47,537,1013,385,224,163,4331,0,41,1199,1207,355,160,139,643,1380,3564,1335,8,284,352,2299,957,222,301,298,888,41,1658,407,750,57,29,725,389,183,1297,145,29,1119,0,205,89,14818,16,104,2,20,139,833,866,685,3,17,14,817,717,2129,733,260,391,4039,18,492,457,2714,3886,1271,1699,24,341,1127,1136,269,88,102,4787,623,34,28,36,2285,2412,72,1105,605,1252,122,133,1273,19,147,5738,19,553,234,742,0,39,1527,1143,816,10,2,316,422,1105,6,362,147,928,749
hsa-miR-639,6,5,66,10,0,3,2,1,13,153,0,0,8,4,71,131,3,52,2,156,9,0,1,14,6,3,3,2,8,17,0,724,5,27,1,0,0,8,26,11,0,14,70,0,1,0,357,0,0,0,0,23,8,0,2,0,0,0,1,2,48,17,2,103,207,1,22,12,391,377,260,5,2,0,17,2,18,0,0,277,1,1,2,0,271,128,0,0,98,85,4,1,1745,0,11,622,0,21,0,1,0,4,45,1,99,0,0,41,0,42,0,43,60,295,103
hsa-miR-640,0,1,4,0,1,0,0,88,19,1097,0,9,62,86,1,48,2,2,1,554,1073,0,1,192,0,1,30,32,90,19,0,2,2,35,1,0,6,58,0,15,0,0,0,0,1,0,271,0,0,0,0,1,3,54,229,0,1,0,0,30,112,5,5,3,1,0,574,12,126,546,4,13,3,17,55,0,33,2,1,639,38,0,0,10,256,157,0,0,31,0,0,1,24,0,6,206,3,2,0,0,0,22,19,0,44,1,1,3,0,2,0,1,33,1,66
hsa-miR-641,1174,1,10,0,193,1,53,25,1,532,0,0,15,157,129,1,93,49,159,5,247,1,24,11,201,4,81,164,103,592,0,23,84,177,1,0,188,144,41,10,0,0,39,1,278,0,759,0,57,1,0,51,26,2,750,0,0,0,39,1,205,157,1,2,2,0,1106,36,336,0,24,347,143,87,1,3,65,67,26,543,49,7,4,65,81,100,186,0,11,88,1,60,78,30,19,391,15,389,46,3,0,92,1583,543,18,23,0,137,0,44,0,1,0,370,17
hsa-miR-642a-3p,6,0,51,5,24,3,62,55,12,409,0,0,97,86,53,3,31,28,116,1191,316,1,243,304,331,10,51,79,65,96,0,11,26,56,2,0,97,87,34,420,1,0,88,0,263,3,811,6,16,79,0,3,30,109,161,7,4,54,50,56,116,69,4,99,870,1,567,282,42,832,95,252,28,29,55,5,78,137,10,528,260,14,20,3,525,55,3,58,26,365,6,38,100,11,5,157,31,50,96,4,0,27,1075,114,72,3,10,35,6,10,0,23,55,45,97
hsa-miR-642a-5p,128,0,0,0,0,0,0,0,1,28,0,0,3,1,10,9,0,3,21,237,6,0,0,28,176,2,0,0,0,10,0,0,1,0,0,0,39,27,8,3,1,0,1,0,2,0,245,0,4,0,0,0,2,0,2,0,0,0,10,25,1,20,1,0,227,0,2,228,1,160,48,2,2,1,0,0,1,0,1,231,96,0,1,0,110,27,0,47,5,44,3,11,7,0,5,57,13,1,0,1,0,0,6,0,51,0,0,31,1,16,0,0,12,13,13
hsa-miR-642b-3p,339,0,2,0,1,0,1,27,2,76,0,1,7,12,15,6,6,3,40,327,178,2,5,5,196,7,4,100,5,38,0,0,5,1,1,0,63,41,15,20,1,0,4,0,3,0,906,0,12,2,0,4,6,15,5,0,0,2,63,22,33,40,5,1,4070,0,163,228,0,218,78,22,62,0,4,2,26,6,2,302,106,1,2,0,269,89,0,46,14,238,3,28,65,0,15,69,26,47,1,0,0,3,48,2,107,0,1,41,4,34,0,1,8,56,22
hsa-miR-642b-5p,1,0,40,1,16,7,24,18,14,176,0,0,40,78,37,0,31,25,67,872,209,2,118,160,258,13,49,41,20,64,0,8,20,51,0,0,23,58,42,189,0,1,51,0,157,6,610,1,13,68,0,14,19,96,60,6,2,23,18,35,107,35,4,80,873,0,270,249,38,629,85,126,11,32,45,5,57,125,2,433,234,15,11,2,483,62,9,51,22,355,7,25,45,2,3,145,33,40,104,2,0,6,407,141,52,4,2,25,6,23,2,16,27,64,72
hsa-miR-643,63,0,0,0,0,6,2,1,2,0,0,2,1,58,39,0,0,1,2,566,3,0,57,3,0,0,7,0,1,1,0,0,2,2,0,0,4,0,0,7,45,5,1,0,1,2,298,0,0,1,0,0,1,0,28,0,0,0,28,1,146,0,0,1,0,0,4,3,118,4,5,3,1,0,27,0,0,6,0,1,34,0,0,0,42,2,20,0,0,54,0,18,11,0,0,225,1,124,32,0,0,0,5,1,0,27,0,0,0,0,0,0,0,1,59
hsa-miR-644a,2,0,18,0,0,0,0,0,0,0,0,0,0,22,0,0,1,1,0,1,5,0,0,2,0,0,0,1,1,0,0,1,94,12,0,0,4,118,0,0,0,0,0,0,0,0,289,0,0,0,0,0,1,0,1,0,0,17,0,0,0,1,1,0,18,0,269,2,24,0,1,7,3,0,0,0,1,1,0,0,6,3,0,0,1,3,1,0,7,0,0,23,13,0,0,0,12,41,18,0,0,0,12,0,0,0,0,1,0,0,0,0,0,1,0
hsa-miR-645,322,2,8,0,0,4,22,53,1,3,0,14,117,99,28,0,54,8,44,0,250,0,1,279,1,2,7,315,3,353,0,34,8,25,0,0,13,14,0,136,0,0,10,0,1,0,920,0,16,0,0,0,20,5,6,0,1,0,1,0,110,47,3,1,18,0,949,34,314,2,8,696,5,0,56,0,18,205,22,153,27,2,43,0,31,138,87,0,18,94,16,51,67,2,0,180,0,425,0,25,0,149,746,202,2,0,1,0,67,100,0,6,0,2,0
hsa-miR-646,2,0,3,0,4,0,6,37,1,284,0,1,160,86,42,0,0,14,74,1,23,0,92,4,3,1,2,1,2,6,1,27,72,0,0,0,7,2,1,5,0,2,122,0,0,0,828,0,0,3,0,2,24,0,2,0,3,0,1,0,125,1,3,1,61,0,675,4,141,167,1,21,4,0,52,151,32,1,0,118,41,4,1,0,127,1,36,1,77,252,8,0,22,0,10,78,45,105,54,0,0,55,23,3,54,0,0,0,32,60,0,35,0,260,6
hsa-miR-647,746,4,225,6,656,9,300,409,16,972,0,35,1219,673,235,30,145,896,554,1019,2848,5,589,391,628,11,747,1129,356,2906,1,507,815,73,1,0,390,1205,61,1295,0,4,815,1,219,16,5034,0,35,47,0,37,177,117,959,1,68,32,77,266,193,371,54,7,361,48,5210,194,872,408,640,4317,641,248,71,1,539,554,51,461,247,266,588,65,520,499,238,230,183,622,28,487,454,23,54,194,454,2511,277,210,1,457,6002,375,175,17,3,245,132,201,2,131,0,285,233
hsa-miR-648,62,0,29,1,25,2,0,8,2,33,37,2,33,38,1,0,0,43,12,3,11,0,30,93,1,0,0,30,2,63,0,1,38,8,0,0,5,52,0,38,0,0,32,0,0,0,269,1,0,0,0,0,6,0,2,0,5,1,0,50,89,0,1,131,1,0,637,15,43,0,2,449,22,0,0,0,5,99,0,19,18,4,1,0,1,38,27,29,0,0,1,80,33,0,2,81,1,85,1,67,0,6,241,27,0,1,0,0,0,12,0,21,2,1,0
hsa-miR-649,51,0,6,5,20,2,3,0,4,369,1,1,111,17,111,97,2,51,69,4,472,0,3,3,3,3,1,3,27,4,0,13,2,3,0,0,10,5,17,235,0,5,127,0,2,0,1428,0,20,2,0,0,91,0,5,0,0,0,2,1,0,40,0,2,0,0,719,17,351,2,6,32,74,0,76,48,75,1,0,62,28,2,36,24,0,154,5,0,10,5,1,10,25,1,2,377,20,65,86,1,0,3,429,4,1,13,0,0,18,0,0,8,1,166,1
hsa-miR-6499-3p,350,0,4,0,3,3,1,2,19,689,0,0,5,2,80,51,4,86,13,6,17,0,3,36,85,2,3,2,6,18,0,34,101,140,0,0,1,5,0,68,0,1,29,0,14,0,675,0,13,3,0,0,5,92,52,0,2,0,2,1,181,11,4,5,125,0,526,18,74,634,6,100,86,0,2,0,1,26,15,3,0,14,2,55,12,1,21,0,116,3,7,7,23,3,3,138,64,131,80,0,0,46,30,2,50,0,0,1,57,0,0,58,0,2,0
hsa-miR-6499-5p,409,14,119,14,11,15,562,384,12,5078,260,15,1340,506,541,76,31,900,542,91,4128,4,1036,1490,808,14,465,1455,319,245,0,920,720,490,1,1,1274,1180,36,1052,114,16,539,1,1329,0,5669,16,61,67,1,86,364,476,926,0,15,2,240,91,652,565,49,1132,925,2,5600,284,388,1107,209,2892,699,485,114,3,520,860,17,2025,227,73,380,5,1585,352,512,591,106,761,59,453,2076,48,49,926,243,1960,466,1308,1,575,4037,1149,248,52,2,403,408,645,0,214,1,2486,113
hsa-miR-650,8,8,2,1,0,3,2,2,0,2,0,0,5,3,41,0,1,8,1,1,5,0,0,197,0,3,0,2,1,2,1,39,6,73,0,1,4,67,0,2,0,6,79,0,8,0,609,0,0,0,0,0,5,0,2,0,0,0,29,0,177,3,3,2,0,0,6,8,772,0,8,182,0,0,0,0,12,3,1,261,2,0,2,0,1,131,0,48,6,2,0,0,705,14,0,266,1,26,1,1,0,2,39,0,1,0,0,0,0,12,4,28,0,0,0
hsa-miR-6500-3p,92310,773,71518,2695,184599,10293,74658,145980,5356,468781,3303,3042,188630,327143,154889,5074,32870,334482,301802,131539,1936728,1900,111437,301466,146913,35546,140482,262696,59472,364757,1792,65181,264858,36766,2008,3070,143424,267004,9574,493448,9731,1666,185246,105,108959,2366,1671636,1967,5237,4154,3817,5570,61149,21486,161105,2524,16400,2540,16214,15647,206121,110059,23862,28621,27288,15028,4000918,99478,45075,120014,66786,2370440,256855,16947,33896,72100,172810,310248,3068,143429,11663,64185,190559,7427,109882,89791,193455,48544,9424,109574,5386,243101,313928,9458,4696,49379,162440,859538,30199,44709,108,194724,2632804,132395,54261,4201,5602,17813,26988,59379,466,157245,2251,86605,21715
hsa-miR-6500-5p,3,3,98,0,32,1,59,86,3,155,1,1,86,26,21,50,6,97,88,525,17,0,170,112,3,0,38,17,4,7,0,179,104,1,0,18,5,37,5,6,0,0,7,0,2,0,306,0,7,11,0,0,7,0,48,0,2,27,0,1,53,9,0,0,1,0,220,24,122,4,7,290,79,75,0,1,1,111,1,136,12,1,6,0,30,177,32,1,21,0,1,58,32,1,11,102,16,73,3,1,0,2,41,3,53,1,12,52,1,21,0,0,2,1,1
hsa-miR-6501-3p,140,0,6,2,119,569,56,5,11,316,0,0,118,186,64,22,16,3,108,428,705,3,1,100,56,4,128,174,3,122,0,3,67,14,0,2,99,132,5,93,0,0,214,0,7,0,1177,0,4,2,2,35,47,40,166,0,26,0,125,10,218,114,3,8,0,0,1249,29,665,474,525,377,106,9,77,1084,77,68,4,199,85,31,86,5,138,130,101,10,68,203,12,224,115,14,9,552,65,444,161,0,0,86,112,2,191,1,0,95,2,66,0,33,13,0,32
hsa-miR-6501-5p,2,0,3,0,1,0,2,8,1,342,0,1,0,9,0,0,5,21,29,2,20,1,3,4,3,1,4,3,1,299,0,997,2,2,0,0,13,3,4,269,0,0,7,0,0,0,1446,0,24,0,0,30,5,0,4,0,0,0,2,56,50,2,3,2,0,0,19,8,2,4,41,20,3,9,80,1,3,0,4,3,75,5,0,1,0,48,33,7,222,104,3,2,17,0,3,288,0,53,0,97,0,4,10,113,79,0,0,2,0,0,0,18,0,5,13
hsa-miR-6502-3p,3,0,2,0,2,0,1,59,2,432,0,0,48,104,1,5,3,85,2,4,13,0,112,0,96,3,3,3,21,5,0,3,6,0,0,26,6,0,2,4,0,0,97,0,0,0,1472,0,1,0,0,8,2,40,194,0,0,0,1,1,40,12,0,0,1,1,22,4,2,386,1,19,1,0,0,0,30,0,0,62,0,1,2,0,316,33,2,44,16,32,1,19,9,1,0,89,0,7,0,0,0,3,20,0,43,1,0,2,27,1,0,2,0,2,34
hsa-miR-6502-5p,2,3,25,10,34,1,0,1,0,0,0,0,1,0,0,0,0,0,0,0,12,0,0,1,2,1,0,62,0,4,0,0,4,0,0,0,2,122,1,5,1,0,0,0,2,0,109,0,0,85,0,13,0,62,2,0,1,1,0,0,1,20,0,2,0,3,460,2,206,1,10,6,0,0,0,1,2,1,4,82,0,0,0,0,167,113,0,1,15,1,5,2,15,0,0,189,1,5,0,0,0,0,11,1,0,0,0,107,1,0,0,0,1,0,0
hsa-miR-6503-3p,5,0,0,1,0,0,0,0,0,536,0,0,2,0,2,56,0,1,0,0,189,0,0,0,1,1,0,1,67,311,0,1,16,0,0,0,2,3,0,1,0,7,0,0,0,0,9,0,0,1,0,0,1,1,2,0,0,0,21,22,46,0,0,0,0,1,2,46,130,1,33,3,0,2,0,2,0,1,0,0,54,52,1,0,0,41,0,1,45,1,2,1,6,0,4,33,0,0,87,1,0,0,2,0,7,0,0,0,133,0,1,66,0,0,0
hsa-miR-6503-5p,295,0,77,0,60,1,158,159,9,308,0,0,210,67,55,18,26,298,55,6,915,0,197,128,129,28,11,8,67,11,0,47,58,0,23,28,59,129,0,430,1,0,170,0,5,0,685,0,3,0,0,15,9,220,353,0,25,9,158,3,36,90,4,1,0,0,110,25,134,154,14,634,108,48,2,3,41,3,0,72,2,62,3,0,80,157,24,0,16,2,0,46,100,7,0,167,76,575,0,97,0,22,63,0,0,1,1,113,0,12,0,55,0,354,80
hsa-miR-6504-3p,2,0,2,2,119,1,4,2,1,4,0,0,64,3,2,1,30,3,1,4,11,1,3,2,211,0,3,7,3,5,0,2,4,0,0,0,2,5,0,5,0,6,0,0,1,0,548,0,0,0,0,0,3,2,5,0,1,0,1,0,1,25,0,1,0,1,203,5,3,0,2,14,50,0,0,2,0,3,0,2,0,2,2,0,18,49,2,0,1,1,9,2,11,0,0,10,12,8,1,0,0,2,27,2,0,0,0,1,1,1,0,1,0,58,0
hsa-miR-6504-5p,3,0,2,3,0,2,0,1,2,1,0,0,130,58,0,0,0,5,3,4,21,0,3,2,1,0,1,3,1,2,0,2,3,1,1,0,2,7,0,4,0,0,0,0,0,0,393,0,1,0,0,0,1,1,2,0,0,0,1,0,21,11,1,1,0,0,127,4,2,1,2,13,43,0,0,0,0,3,0,49,1,2,3,0,0,44,1,0,32,0,0,0,14,0,0,17,0,7,0,0,0,0,20,2,1,0,0,0,15,0,0,0,1,64,1
hsa-miR-6505-3p,1927,22,1191,108,3505,46,1799,2835,60,8992,4,130,4095,4591,1162,57,641,6208,5223,7365,30242,42,3586,2761,1620,2824,1951,4069,1262,2591,60,1605,4632,702,9,53,1985,6247,250,6492,68,21,3548,1,2915,97,23528,48,123,282,251,223,1271,876,3650,1,173,105,1037,765,1245,2881,458,487,1159,680,30970,3354,1461,2501,803,22799,3060,390,772,2376,1928,4949,109,3434,432,1294,3206,306,3164,1789,1638,800,300,3531,146,3713,12258,143,133,1537,2334,9052,706,349,4,1015,33161,2432,1801,167,47,383,744,1343,9,1813,84,1919,340
hsa-miR-6505-5p,7,2,12,1,1,3,3,6,23,448,0,7,36,30,49,69,4,1,57,991,37,1,3,7,2,3,103,165,8,1383,0,88,189,0,0,0,14,8,0,265,0,0,3,0,49,0,2231,0,36,0,0,30,57,147,5,1,1,0,0,1,81,5,7,1,0,0,601,15,5,3,3,154,2,0,0,2,62,2,1,74,1,44,46,29,196,128,0,70,1,42,3,78,793,2,9,210,59,339,0,2,0,78,57,1,3,1,0,1,1,56,0,6,2,0,0
hsa-miR-6506-3p,104,35,194,12,2048,17,430,413,65,3988,0,30,548,401,629,91,102,1054,465,3219,4896,19,923,666,225,100,590,929,132,2028,7,364,570,273,5,66,386,1222,122,2922,77,27,552,1,471,1,5959,12,44,87,0,50,1592,868,652,2,40,30,481,184,789,830,283,1202,96,284,7980,349,373,1517,277,7487,1524,244,39,2224,742,888,93,98,173,118,474,109,1500,864,312,356,147,486,17,766,639,42,39,594,363,2640,127,541,0,1355,6077,490,413,19,5,208,193,193,0,334,3,500,156
hsa-miR-6506-5p,308,1,11,0,0,486,7,35,1,663,1,0,91,15,7,0,10,90,10,3,65,0,53,1,1,4,6,26,6,339,0,38,3,20,0,0,105,70,17,210,0,0,160,0,100,0,214,1,0,55,0,1,8,160,1,0,0,0,73,35,105,24,1,102,94,0,236,15,197,2,16,56,1,1,3,2,11,185,1,140,23,3,16,0,62,74,0,2,19,1,5,1,19,10,5,208,29,130,36,0,0,1,29,0,0,11,0,1,0,18,0,16,1,0,1
hsa-miR-6507-3p,1,1,1,0,2,0,1,1,1,114,1,6,2,0,0,0,0,0,3,1,345,0,1,142,0,0,0,0,0,2,0,3,0,0,0,0,2,1,14,5,0,0,1,0,0,0,184,0,0,0,0,8,0,1,1,0,2,0,0,0,3,12,2,2,0,0,10,8,6,5,1,6,1,0,0,0,1,1,0,97,29,1,34,83,1,2,0,0,0,0,4,0,9,0,0,10,0,0,0,1,0,0,11,1,0,0,0,0,1,15,0,13,0,1,0
hsa-miR-6507-5p,103,2,12,1,164,1,22,89,8,118,0,0,243,30,42,0,5,78,165,11,225,0,40,150,101,5,51,105,140,413,0,495,243,95,0,4,82,40,14,198,0,5,48,0,4,0,2192,0,33,3,0,17,19,0,82,6,7,1,92,40,411,91,212,187,1,29,313,161,101,613,80,297,12,50,58,1,38,45,13,341,67,7,7,0,272,99,30,34,27,76,14,64,71,4,8,219,16,362,96,136,0,15,599,181,133,0,4,0,62,68,2,18,1,52,92
hsa-miR-6508-3p,269,0,5,0,0,0,1,0,4,2,0,0,148,13,14,0,26,30,2,5,16,0,2,1,127,4,2,4,1,7,0,3,37,58,1,0,4,1,11,7,0,2,3,0,0,0,1357,9,5,0,0,0,4,195,2,0,0,1,0,0,2,28,0,1,1,0,13,5,192,327,8,13,1,35,168,0,87,3,10,207,51,0,2,0,40,61,1,109,10,1,3,7,11,0,0,246,54,66,0,121,0,2,17,232,59,0,0,38,0,16,0,8,3,1,13
hsa-miR-6508-5p,3,0,1,0,1,0,3,2,3,4,0,0,73,0,0,0,4,1,28,2,21,0,5,79,114,1,3,5,0,6,0,0,4,21,0,0,5,3,0,2,0,1,4,0,0,0,443,0,2,0,0,0,3,3,4,0,0,0,97,1,0,8,0,2,1,0,236,3,91,119,2,20,2,2,1,0,2,1,2,6,4,2,2,0,5,2,3,52,0,2,0,25,16,1,0,69,2,159,3,0,0,3,21,1,1,0,0,1,0,20,1,3,0,1,0
hsa-miR-6509-3p,429,0,13,5,29,2,2,2,2,179,2,0,360,32,6,22,2,51,48,9,20,1,71,10,163,0,61,3,4,12,0,75,9,42,1,3,6,50,8,107,0,3,32,1,10,0,436,0,1,3,0,12,50,13,113,16,1,1,3,194,201,20,209,19,75,0,260,70,404,722,28,368,4,2,30,2,2,3,11,576,62,1,5,1,225,87,20,103,20,129,16,3,1150,7,1,372,1,171,68,112,0,25,57,2,74,0,0,53,66,66,0,21,0,24,63
hsa-miR-6509-5p,524,0,4,2,17,3,2,2,0,176,0,1,259,39,13,15,3,46,32,8,9,0,61,10,111,3,56,1,0,10,0,52,32,58,0,0,3,49,9,119,0,0,29,0,37,0,187,0,1,1,0,26,31,4,113,1,0,0,0,97,135,20,63,4,28,0,250,64,234,405,18,370,1,22,30,1,1,1,3,366,39,13,3,5,97,83,7,56,30,122,10,1,484,9,0,176,0,164,41,37,0,26,57,108,50,0,0,41,20,35,0,36,0,4,70
hsa-miR-651-3p,9,0,0,0,1,0,1,0,1,19,0,0,7,13,0,8,0,130,76,4,26,1,5,8,3,0,5,3,3,383,0,0,7,0,0,0,4,9,19,9,0,0,5,0,3,0,366,5,0,0,0,3,17,0,4,0,1,0,0,94,3,3,2,0,1,0,27,14,6,1,2,155,105,0,1,1,1,99,0,2,1,2,2,2,1,64,0,1,16,219,9,1,44,0,0,6,3,9,1,0,0,3,1437,1,0,0,0,0,0,62,0,0,0,3,1
hsa-miR-651-5p,114,1,61,0,78,9,121,113,1,1027,2,1,261,184,241,4,28,45,108,647,961,0,95,1390,383,11,40,155,19,240,0,85,145,87,1,21,83,246,36,415,3,0,119,0,23,1,631,1,19,20,0,0,92,11,73,1,6,1,48,30,96,109,16,13,7,3,904,549,240,29,19,1563,103,5,13,15,51,122,19,259,103,11,41,16,194,94,87,7,25,17,8,170,211,17,2,88,38,1617,88,3,0,106,1073,190,50,11,5,4,61,9,1,42,2,95,28
hsa-miR-6510-3p,2,0,0,0,0,0,0,0,0,0,0,0,0,0,9,0,0,103,0,0,2,0,0,1,110,1,0,1,0,0,0,0,0,0,0,0,0,65,0,123,0,2,2,0,0,0,3,12,0,0,0,22,1,0,2,0,0,0,0,0,137,0,2,1,1,0,10,1,80,106,4,8,0,0,0,0,0,1,0,112,1,0,0,0,0,2,0,0,2,0,18,0,10,0,0,126,0,1,8,0,0,0,10,93,0,0,0,0,0,86,0,0,0,0,0
hsa-miR-6510-5p,34,8,123,10,148,7,124,177,7,754,0,28,426,454,190,36,90,350,401,1851,1185,4,484,539,338,8,435,105,188,928,1,67,309,103,0,2,254,376,18,956,3,0,392,0,168,9,4279,13,7,32,0,58,243,79,843,0,30,1,2,196,91,256,23,6,969,0,4035,1098,314,839,70,2275,349,30,56,1,146,677,14,66,1,213,123,21,174,213,316,43,5,350,9,284,2316,9,7,253,178,918,367,121,0,211,2021,601,145,1,27,408,115,72,0,60,2,240,13
hsa-miR-6511a-3p,341,0,2,4,50,1,73,54,2,1513,0,0,109,73,26,44,2,42,35,530,277,2,99,5,3,7,57,56,36,178,0,285,157,108,0,0,9,61,3,151,0,10,2,0,16,0,202,5,10,1,0,6,14,51,13,0,4,13,778,1,43,37,80,0,118,0,10,35,103,401,248,10,32,38,30,248,7,46,16,406,64,34,4,8,214,135,24,0,99,206,2,98,49,16,24,179,3,66,55,335,0,21,665,99,130,0,0,1,41,1,1,1,8,2,56
hsa-miR-6511a-5p,316,14,54,7,56,4,56,101,6,693,0,0,368,70,56,65,41,165,44,132,628,1,101,9,339,390,40,33,34,285,28,39,214,93,1,13,76,53,22,272,31,1,128,0,146,15,560,15,17,2,0,10,37,89,186,0,3,0,163,68,183,104,11,6,1527,10,521,264,440,988,314,558,41,18,45,1,121,239,5,486,437,58,86,0,5820,384,26,106,15,9819,10,88,1297,12,3,413,49,173,20,32,0,4,342,199,107,13,0,223,22,113,4,48,8,126,72
hsa-miR-6511b-3p,4346,6,6,5,30,7,3,14,27,481,0,1,102,91,274,156,7,197,3,293,43,0,4,78,0,16,15,8,122,19,0,200,6,144,56,1,252,131,41,517,1,0,0,0,20,0,3167,3,9,6,43,33,8,213,28,0,16,0,514,210,523,234,2,8,382,0,176,24,558,587,237,308,2,43,91,236,24,85,47,532,275,57,5,0,91,931,1,99,85,154,29,6,42,23,17,895,1,207,474,240,0,42,62,2,108,2,0,62,2,72,1,23,1,0,159
hsa-miR-6511b-5p,360,16,56,3,61,0,48,86,3,731,0,2,376,55,60,19,34,115,55,133,329,5,124,19,323,410,9,38,27,311,16,52,104,71,1,6,79,61,10,253,23,1,115,1,168,17,533,17,18,3,0,3,43,62,137,1,4,0,112,68,143,96,6,1,1452,7,536,240,462,1018,311,601,40,24,57,2,117,134,2,436,421,82,84,0,5723,343,30,123,7,9651,19,86,1365,13,5,371,54,187,16,23,0,2,353,232,117,20,0,280,18,87,3,49,9,111,63
hsa-miR-6512-3p,319,0,2,0,2,0,3,0,0,310,0,0,2,1,23,1,1,8,2,220,5,0,3,113,4,2,3,1,0,176,0,98,3,13,0,0,3,1,18,8,0,0,1,0,1,0,405,0,0,2,0,2,1,2,5,0,0,0,1,0,183,28,1,195,2,0,267,3,52,2,5,455,0,0,0,0,0,1,0,151,2,2,1,1,2,151,0,0,1,4,6,5,6,0,0,298,9,0,44,0,0,4,2,1,0,0,0,5,2,3,0,12,0,0,59
hsa-miR-6512-5p,868,38,1072,114,2275,241,1700,1724,124,9856,3,49,5523,2961,1150,305,694,4638,2291,7128,13468,39,4783,2709,2589,55,3874,4142,1720,5118,19,1688,5110,1416,68,62,4035,5100,419,4365,84,26,4304,4,2568,5,25069,45,234,64,89,146,1653,1110,3521,49,387,19,919,932,625,2313,211,879,824,63,19605,1678,1608,4950,1094,18610,1226,479,988,1981,3413,3261,217,5347,774,1504,2271,156,3960,1781,1066,1418,465,3831,190,2930,5929,208,87,3642,794,6622,1420,1365,0,1575,9482,1935,1821,126,284,1249,1186,1787,11,1693,44,2368,906
hsa-miR-6513-3p,438,2,107,6,86,2,92,2,4,653,0,0,162,293,0,15,2,79,141,3,39,2,171,314,27,18,5,180,117,697,0,34,114,87,2,0,8,5,11,27,0,3,32,0,292,1,1544,2,1,0,0,42,428,0,230,0,4,0,237,45,24,84,62,1,4,0,210,71,194,1053,40,26,84,36,26,0,31,59,2,174,31,65,7,0,162,5,72,150,11,163,20,135,316,2,5,341,6,129,0,1,0,4,746,171,10,0,0,31,2,55,0,164,0,2,82
hsa-miR-6513-5p,648,6,149,10,288,598,130,177,37,1117,0,3,538,311,170,43,67,910,270,864,3638,5,434,414,370,13,295,679,308,765,0,153,471,182,13,1,411,498,37,684,21,1,252,0,238,0,4115,25,16,37,35,17,112,180,894,0,31,2,155,265,318,356,26,110,76,13,5203,677,769,812,578,4271,141,51,141,3,286,587,14,1086,170,125,110,31,438,363,314,202,71,301,24,596,1010,7,30,858,313,1208,346,0,0,328,1675,666,136,3,3,78,74,279,6,246,0,212,48
hsa-miR-6514-3p,25,10,7,0,53,0,2,3,16,742,0,30,5,200,0,5,7,25,12,1,897,2,3,32,2,1,10,150,2,17,0,204,37,20,0,0,8,4,15,13,2,0,4,0,1,1,992,0,0,0,0,6,2,0,3,0,1,11,0,0,3,40,2,3,2,0,258,11,5,927,6,527,1,0,2,5,90,99,6,441,146,2,9,0,37,58,18,1,0,64,4,27,89,0,0,25,0,6,2,2,0,16,20,1,93,0,0,1,0,29,0,1,0,2,64
hsa-miR-6514-5p,3,0,35,0,93,4,6,30,3,485,0,0,97,169,11,47,8,29,61,9,287,0,159,71,97,1,29,426,142,91,0,5,7,1,0,0,19,91,14,727,0,1,135,0,58,0,3326,0,3,0,0,28,15,0,100,0,1,0,2,140,270,9,6,3,0,0,816,31,38,567,10,172,7,68,6,1,20,101,7,71,64,10,87,0,43,209,36,3,3,0,0,92,56,0,5,239,28,117,2,394,0,38,413,1,105,0,0,1,25,2,0,23,0,4,44
hsa-miR-6515-3p,337,3,12,1,276,1,79,7,23,740,0,29,68,109,4,46,9,107,34,63,1033,2,125,16,570,13,103,136,124,9,0,74,223,168,34,0,61,749,1,109,1,0,88,0,187,0,1227,8,33,4,0,12,33,40,17,0,44,5,67,78,386,26,7,84,3,1,643,114,82,2,63,623,29,2,54,1232,139,156,4,299,13,135,150,34,144,191,1,0,14,249,11,37,709,16,5,248,101,279,170,148,0,72,1374,4,106,0,0,5,3,102,0,136,0,2,27
hsa-miR-6515-5p,314,1,48,8,45,10,91,231,9,1172,1,0,209,382,151,86,14,327,181,447,2856,2,220,133,969,499,127,392,212,661,0,227,332,250,2,11,203,378,17,944,52,6,170,0,14,0,1933,0,7,21,0,40,69,36,307,1,19,30,40,73,732,419,148,386,571,145,1525,296,414,1098,801,764,770,3,178,0,58,111,32,479,232,74,126,5,341,348,55,47,115,581,9,189,1272,20,63,693,114,1141,14,309,0,78,2803,1120,64,3,0,108,50,7,8,170,9,131,139
hsa-miR-6516-3p,46,0,0,0,0,3,0,0,0,3,0,0,0,0,1,0,0,3,5,201,6,0,4,5,97,2,28,46,1,5,0,0,4,0,0,0,2,143,13,36,0,0,52,0,9,0,4,1,0,0,0,1,12,20,1,0,0,0,1,0,52,1,0,0,0,0,3,7,159,0,1,8,1,1,0,1,1,0,0,2,0,7,3,0,18,3,4,1,2,0,4,0,17,11,0,64,51,13,1,0,0,0,470,0,0,0,0,1,16,48,0,0,0,0,0
hsa-miR-6516-5p,152,3,60,6,33,1,4,52,4,100,0,0,0,1,24,31,6,164,61,261,199,0,0,104,241,5,65,3,2,4,0,8,1,0,0,0,14,118,42,7,0,1,2,0,18,0,2842,0,1,0,2,30,102,0,240,0,19,0,83,0,167,33,2,205,0,0,598,9,207,358,73,35,0,0,1,1,2,1,0,2,1,5,0,24,2,38,31,77,3,0,9,118,34,18,12,220,108,55,1,141,0,5,22,0,70,0,27,107,1,82,0,7,22,0,19
hsa-miR-652-3p,5,5,23,8,0,1,2,1,1,112,0,0,2,14,0,0,61,2,123,3,19,2,1,2,0,3,1,1,4,1,1,50,1,0,0,0,5,0,0,3,0,0,1,0,189,0,945,6,0,0,0,0,53,0,2,0,0,0,33,0,222,46,0,0,2,0,15,5,230,41,3,12,0,1,0,1,0,1,0,2,71,1,2,0,0,185,1,1,0,2,6,4,9,27,0,7,0,176,0,0,0,29,14,0,0,0,1,1,0,32,0,0,15,0,0
hsa-miR-652-5p,7,0,2,1,0,1,6,4,3,142,0,0,218,12,3,0,6,16,130,118,495,2,5,5,246,5,112,5,5,24,0,156,3,15,0,0,8,4,7,17,1,10,36,0,50,0,1490,1,4,3,0,13,10,51,46,0,1,0,0,3,54,75,2,2,2102,0,16,30,78,27,56,120,3,15,2,0,17,0,0,78,23,6,2,0,196,77,0,40,11,177,11,4,21,0,6,89,1,4,45,46,0,4,29,37,138,0,1,0,1,63,4,1,28,349,12
hsa-miR-6529-3p,4,0,2,0,0,0,1,0,0,4,0,0,4,25,4,30,0,0,67,3,5,0,71,5,0,0,1,0,58,1,0,1,35,0,0,0,2,3,0,4,0,17,45,0,0,0,141,0,0,0,0,33,1,2,190,0,0,0,0,0,2,0,1,1,0,0,3,7,21,1,2,121,0,0,1,0,15,1,0,148,1,45,80,34,76,73,0,0,2,1,2,1,9,0,0,59,2,109,1,0,0,18,23,209,0,0,0,1,1,39,0,0,0,0,0
hsa-miR-6529-5p,132,0,0,0,0,0,0,0,2,6,0,0,34,1,0,56,3,1,2,1,16,0,1,100,232,5,0,0,54,5,0,173,1,1,0,1,0,111,21,1,0,0,1,1,55,0,664,0,9,0,0,20,4,0,3,0,0,0,117,12,52,6,0,1,1,1,11,6,54,3,6,9,1,0,0,0,0,2,0,97,0,1,2,0,88,1,1,2,25,0,2,1,59,2,5,370,6,1,0,0,0,45,14,0,14,1,0,0,0,0,1,19,1,0,33
hsa-miR-653-3p,527,6,219,27,221,37,155,204,33,1359,1,24,504,306,66,228,127,505,24,704,1550,11,578,283,144,23,369,439,199,460,1,30,415,184,1,24,193,210,76,741,8,2,345,0,509,3,6605,14,61,3,4,8,209,130,541,6,46,5,296,70,498,538,51,294,298,57,2714,2134,315,43,583,2655,441,188,127,13,122,432,23,560,134,102,63,12,425,205,175,203,301,468,56,408,2103,17,53,1493,208,416,54,17,0,197,1877,552,338,19,36,77,299,382,6,106,16,26,117
hsa-miR-653-5p,14,3,3,0,6,5,1,3,0,18,0,0,13,11,6,1,1,5,82,6,48,0,5,19,45,9,7,113,5,21,0,2,6,93,0,0,6,9,12,36,0,11,92,0,36,1,37,1,0,0,0,0,8,4,21,1,2,1,6,0,20,10,2,2,0,1,76,14,15,11,8,43,6,2,4,5,2,5,3,7,79,3,107,1,0,15,4,7,4,6,3,3,19,1,0,26,5,16,5,1,0,4,99,14,3,0,0,3,4,15,0,6,0,421,2
hsa-miR-654-3p,94,1,7,0,52,5,51,1,10,153,1,0,100,13,92,62,3,1,128,104,30,0,1,3,1,387,99,4,4,9,0,235,234,18,0,0,120,5,7,56,0,8,48,0,0,12,2290,0,0,3,0,8,63,38,6,0,0,0,3,2,144,150,5,186,134,0,33,39,337,268,84,488,3,30,3,0,1,118,9,318,508,41,125,0,189,586,3,19,57,348,5,6,39,0,10,349,2,168,164,125,0,11,515,0,136,1,1,604,36,74,2,81,0,0,69
hsa-miR-654-5p,486,1,25,9,133,2,8,8,19,4,1,0,291,95,29,24,16,138,118,334,88,5,123,131,0,3,25,72,5,11,0,137,6,0,1,1,27,119,15,240,0,6,3,0,1,0,9479,21,21,1,0,17,207,69,368,0,1,0,93,57,97,39,6,1,514,0,60,39,411,860,88,89,1,8,3,1,45,54,0,812,28,3,5,0,45,94,18,23,34,161,5,16,45,0,15,255,6,3,62,1,0,9,52,3,196,0,0,0,48,68,0,50,1,3,29
hsa-miR-655-3p,2,0,1,4,0,2,16,1,1,1,0,12,5,2,55,16,35,2,0,2,6,0,69,4,1,2,16,1,42,3,0,0,3,0,0,1,1,7,41,2,0,0,16,0,1,0,194,0,1,2,0,1,7,0,313,0,0,0,1,2,0,15,0,0,216,0,6,13,101,2,9,205,3,0,0,0,19,2,0,2,0,0,41,0,14,1,0,1,1,0,0,1,802,0,0,231,0,99,159,70,0,1,32,0,0,0,0,0,0,0,0,0,0,96,0
hsa-miR-655-5p,155,7,0,2,2,2,1,11,0,269,0,0,77,2,0,40,2,6,2,3,15,0,2,0,89,2,1,0,1,389,0,0,1,0,0,0,1,2,1,5,35,0,2,0,2,0,179,0,8,0,0,17,5,1,4,0,0,0,158,0,178,2,0,2,36,0,13,6,340,0,9,5,5,0,0,0,2,0,5,194,26,0,2,0,39,42,1,19,28,1,1,5,8,0,0,63,1,0,70,1,0,1,12,0,0,0,0,53,0,22,3,3,0,0,0
hsa-miR-656-3p,4,0,2,0,222,5,3,2,1,109,0,1,1,1,29,41,0,1,83,6,12,0,2,4,5,3,78,71,1,12,0,0,0,1,0,0,3,1,9,5,0,0,6,0,8,0,485,0,5,0,0,14,5,34,7,0,1,0,104,176,317,10,0,2,2,1,149,9,352,3,9,21,3,56,0,1,1,1,5,140,32,3,1,0,188,125,0,53,11,67,4,56,13,6,6,333,0,164,3,54,0,23,16,187,1,36,1,56,2,30,0,14,2,220,0
hsa-miR-656-5p,1,0,0,0,2,0,2,0,0,146,0,0,0,43,18,0,0,2,14,5,17,3,25,2,68,0,24,4,1,4,0,2,1,85,0,0,3,0,6,66,0,4,0,2,0,0,148,0,3,1,0,8,2,1,0,0,1,0,0,0,2,0,1,0,2,0,538,5,159,1,35,293,26,0,0,0,2,1,5,2,0,18,0,7,1,83,9,0,42,0,0,14,8,0,2,48,1,3,79,0,0,6,10,131,1,0,0,0,0,0,0,1,0,0,52
hsa-miR-657,2990,0,7,0,46,8,5,5,1,1110,1,1,237,263,115,33,3,212,127,6,199,6,49,18,444,20,10,12,70,630,0,204,4,198,0,13,17,112,5,129,68,13,43,0,66,0,3268,0,47,3,1,17,14,263,220,8,1,0,191,52,392,60,5,185,1054,1,72,572,602,857,87,44,8,38,63,0,66,8,4,547,359,6,53,0,171,768,9,122,50,239,10,10,52,0,3,839,20,64,160,109,0,46,97,220,46,0,1,165,46,57,2,6,0,46,2
hsa-miR-658,291,65,0,0,0,1,1,0,2,542,0,0,40,19,14,22,1,106,4,2,11,0,60,174,5,3,3,2,48,13,0,168,4,141,1,10,5,265,13,53,1,4,1,0,173,0,508,0,12,4,21,18,31,1,93,0,0,1,3,61,196,1,8,230,335,0,348,45,196,163,8,10,5,0,52,1,14,1,6,86,22,7,3,64,246,79,57,1,67,221,10,4,77,1,2,262,0,3,40,43,0,1,31,127,36,1,0,2,34,73,3,26,0,2,235
hsa-miR-659-3p,207,19,64,0,6,3,13,2,1,378,0,0,77,29,2,32,3,1,55,3,74,1,1,38,1,1,3,2,31,97,0,155,0,12,0,0,183,3,6,9,1,5,0,0,2,0,386,0,15,14,0,0,11,1,3,0,0,0,59,30,1,169,3,4,7,0,667,13,392,222,14,13,98,0,1,0,8,0,8,413,14,1,173,0,164,76,27,56,58,270,14,1,25,0,3,186,16,48,2,0,0,28,31,1,53,0,0,30,18,85,1,47,0,73,1
hsa-miR-659-5p,79,8,2,1,1,2,25,5,21,6,0,1,2,225,0,20,4,2,66,599,562,1,100,53,2,0,0,3,46,431,1,2,107,19,2,0,3,3,10,6,0,0,82,0,0,0,1061,0,7,7,0,1,16,146,168,0,0,0,0,1,7,24,0,2,2,0,147,15,139,1,9,20,1,3,0,0,2,220,5,5,39,13,69,0,130,30,11,131,3,223,5,55,21,1,0,299,0,68,0,0,0,20,45,0,23,0,0,17,2,0,1,54,0,1,0
hsa-miR-660-3p,50,7,1,0,2,0,0,1,0,919,0,0,52,4,9,39,0,9,0,1,3,0,0,1,0,1,14,2,3,10,0,40,2,0,1,0,0,25,10,9,0,4,5,0,1,0,12,0,2,0,0,37,4,13,6,0,0,0,127,27,74,2,1,2,0,0,12,309,99,119,162,2,1,0,97,0,1,1,27,74,23,0,1,28,1,368,0,16,13,0,1,15,19,0,15,86,1,3,2,0,0,16,15,252,0,0,0,0,0,0,0,12,0,0,0
hsa-miR-660-5p,1,4,3,0,1,0,78,2,0,0,0,0,1,77,28,0,30,9,7,1,12,0,6,1,0,0,177,6,0,3,0,1,87,0,0,0,5,8,0,190,0,1,54,0,6,2,891,0,9,0,0,11,643,0,2,0,0,0,1,0,2,4,4,0,271,0,8,8,2,0,0,12,2,22,0,0,0,33,0,2,0,2,4,1,0,66,2,1,6,0,0,68,36,17,0,35,13,354,1,0,0,3,28,0,0,0,0,0,0,8,0,0,1,1,1
hsa-miR-661,518,0,13,1,1,0,30,86,1,1,0,1,87,4,3,45,4,137,56,3,15,0,50,6,437,5,3,25,134,9,0,302,5,13,0,0,4,4,14,108,0,0,25,0,0,1,464,17,1,0,0,12,101,2,3,0,1,1,67,60,184,20,1,3,68,0,241,370,4,1,8,13,78,0,0,0,13,30,15,90,38,1,47,4,303,35,29,174,92,53,4,21,36,1,0,415,1,79,0,7,0,41,53,12,133,0,0,0,0,16,0,4,0,1,0
hsa-miR-662,2,0,1,0,0,0,2,24,1,174,0,0,4,2,31,0,0,138,233,207,6,0,1,252,1,0,0,129,3,5,0,104,52,28,0,3,2,1,10,101,0,0,1,0,1,0,239,0,0,1,0,1,4,1,0,1,1,0,1,1,18,18,1,1,2,0,202,12,111,37,6,3,0,3,1,1,1,1,6,93,36,0,2,0,29,59,58,1,15,2,0,2,24,1,0,236,22,2,0,0,0,61,24,0,4,0,1,0,0,1,0,9,0,76,6
hsa-miR-663a,1770,43,27,4,76,466,8,20,45,637,1,1,698,252,25,83,9,13,134,919,75,3,145,114,518,7,82,158,69,951,1,2394,24,55,9,27,51,195,25,666,3,14,114,0,139,1,2355,22,22,2,0,66,83,168,436,1,49,2,292,241,777,110,17,74,569,0,44,93,1501,680,1532,37,10,46,22,5,162,6,64,2659,193,11,48,13,415,568,5,317,455,476,8,78,1290,7,122,1822,8,136,138,60,0,5,118,91,1087,0,3,46,4,87,4,49,12,506,295
hsa-miR-663b,980,14,52,18,342,18,57,77,6,1053,1,1,160,167,234,106,6,130,143,820,48,4,21,46,1334,157,52,26,13,81,2,53,57,487,4,3,10,34,80,1382,0,53,13,1,388,2,3111,1,76,30,0,115,129,259,220,2,2,0,113,218,414,194,109,163,697,0,442,3046,871,2728,2372,33,19,119,64,126,103,18,83,1214,158,7,29,56,931,517,2,1165,239,1008,62,10,3999,8,137,866,33,255,155,486,1,65,599,135,407,1,1,310,114,612,5,53,0,1039,271
hsa-miR-664a-3p,1165,4,102,4,118,8,44,130,4,174,1,19,72,331,62,41,31,58,214,592,834,10,44,315,129,458,25,225,229,851,2,121,147,115,0,19,239,48,21,418,36,0,78,0,62,9,1504,9,17,0,0,13,20,367,377,0,13,26,92,44,132,91,88,754,966,0,2307,47,503,594,431,626,184,1,59,407,106,298,7,525,513,7,65,48,293,339,27,85,100,369,7,64,114,4,13,1276,53,406,66,1,0,86,447,51,137,9,16,4,531,78,0,108,10,4,137
hsa-miR-664a-5p,15,12,87,1,335,9,90,60,5,260,0,15,100,534,154,71,97,255,118,442,674,5,250,451,290,9,206,328,230,923,34,145,280,123,5,0,161,224,61,1629,17,5,46,0,118,0,2134,11,17,124,1,26,400,157,248,1,40,0,107,73,549,202,31,107,4,22,3901,135,391,535,22,2543,274,156,3,0,179,353,16,987,135,68,163,0,367,687,219,80,106,173,24,101,2291,8,2,399,258,888,39,304,0,246,3477,320,152,19,3,272,101,248,1,2,24,105,184
hsa-miR-664b-3p,134,1,28,11,227,5,35,97,15,608,0,0,18,355,103,29,28,287,261,341,1070,2,16,443,116,4,75,310,96,599,0,25,192,3,0,4,487,249,6,705,1,0,56,0,194,9,963,0,35,0,0,31,78,0,650,0,16,2,1,2,57,317,10,0,138,1,3029,122,79,391,18,1024,170,14,64,421,74,355,12,36,50,18,223,10,217,153,39,33,40,116,3,202,181,7,2,150,99,795,0,1,0,221,3423,59,149,6,12,4,144,1,0,130,3,2,43
hsa-miR-664b-5p,10,0,62,0,1,0,65,70,2,324,0,0,138,8,0,2,3,16,16,531,6,1,110,213,0,2,5,164,17,15,0,3,56,38,2,31,2,92,1,492,0,0,154,0,6,0,998,18,4,0,0,5,26,0,3,0,9,0,3,100,56,13,5,1,15,0,537,37,4,518,191,45,10,18,0,1,1,105,10,75,3,4,54,1,4,274,0,76,27,200,7,54,2644,11,22,221,6,148,2,0,0,58,94,0,1,2,1,46,0,55,0,2,0,5,0
hsa-miR-665,439,0,2,0,77,5,2,1,2,615,0,0,178,39,39,1,0,117,2,125,7,0,39,1,270,9,54,4,4,121,8,28,8,129,0,0,3,6,4,26,0,10,1,0,254,1,956,0,26,3,0,15,533,5,225,0,1,0,358,18,295,87,6,0,271,0,6,35,421,870,580,8,6,43,3,382,60,2,26,709,191,2,5,14,84,59,0,0,121,23,14,18,51,32,38,644,4,127,274,76,0,3,34,459,344,0,0,146,17,70,0,0,0,1,81
hsa-miR-668-3p,1390,9,1,19,364,6,2,1,25,1582,0,0,166,8,127,0,0,7,55,570,21,0,3,61,920,14,1,44,88,58,37,350,99,215,4,13,3,63,11,637,1,7,8,0,79,0,690,11,87,1,0,44,15,213,24,0,0,0,33,464,667,217,4,80,614,0,32,1277,697,2570,475,16,7,51,5,1,3,4,50,1062,175,2,4,27,574,810,1,431,193,486,16,1,86,2,44,1578,48,184,86,464,0,1,651,263,176,0,1,133,415,72,10,300,0,84,214
hsa-miR-668-5p,32,9,80,2,22,5,3,21,9,11,1,1,51,7,18,0,1,7,69,10,546,1,2,23,1,3,69,4,4,32,41,23,28,227,0,0,19,8,0,145,139,0,55,0,2,0,1201,0,3,0,0,9,5,6,2,0,1,0,92,1,113,25,4,239,3999,0,24,19,69,921,17,89,3,80,0,1,5,117,14,11,10,3,34,0,74,309,4,13,23,3,14,26,27,0,1,318,9,12,38,0,0,4,45,1,2,0,7,0,0,97,3,26,0,1,82
hsa-miR-670-3p,1,0,2,0,0,0,1,1,0,4,0,0,0,0,1,0,1,0,2,1,12,0,1,1,0,0,2,2,2,3,0,1,2,0,2,0,4,1,0,190,0,0,0,0,1,3,10,1,17,0,0,3,2,0,3,0,0,0,0,0,0,3,0,1,0,0,612,15,1,1,3,69,15,0,0,0,44,1,0,2,0,2,1,0,0,0,0,2,1,0,0,4,1,0,0,15,37,2,0,1,0,1,6,0,3,0,1,0,41,1,0,4,2,4,1
hsa-miR-670-5p,24,1,22,7,148,3,11,19,6,926,0,1,19,124,292,120,38,361,88,5,677,3,18,326,524,10,153,343,155,802,1,131,246,75,22,0,193,307,25,970,1,0,199,0,500,0,1767,0,3,2,0,3,22,142,200,0,8,0,1,68,185,157,7,1,2,0,4351,43,305,900,15,3491,117,0,90,0,117,209,4,494,0,27,5,11,318,24,132,54,16,321,0,122,195,6,2,298,167,778,88,324,0,147,92,567,1,1,1,0,120,16,0,14,2,5,42
hsa-miR-671-3p,474,1,59,0,92,6,8,95,2,1423,1,1,101,123,74,35,190,10,371,277,691,2,4,311,300,8,56,115,13,17,0,166,10,56,1,0,10,9,9,278,23,0,213,0,473,0,2108,0,9,17,1,8,90,62,160,0,3,2,2,1,82,195,5,88,8,107,1630,47,582,4,23,1257,7,63,52,0,6,136,1,139,38,11,3,45,228,119,43,231,23,146,16,73,89,2,1,562,40,465,7,139,0,59,968,134,6,1,0,54,2,91,1,69,0,220,55
hsa-miR-671-5p,64,1,2,1,2,8,1,5,3,28,0,0,12,115,8,0,3,33,62,16,14,0,26,10,6,131,16,4,3,11,0,30,10,3,0,1,236,155,1,13,0,0,2,0,8,3,270,0,2,1,0,8,5,99,167,1,0,1,1,1,285,107,2,0,193,0,36,18,131,218,102,23,16,14,40,1,43,5,2,52,7,1,4,29,8,129,1,1,48,233,2,1,40,0,1,256,12,27,0,11,0,20,1268,59,40,0,5,1,3,32,0,7,0,1,4
hsa-miR-6715a-3p,100,1,5,0,6,0,7,7,1,510,0,0,2,21,33,0,0,35,6,2,89,1,3,14,0,2,3,4,6,97,0,2,9,25,0,1,9,3,10,35,45,3,30,0,0,0,420,0,19,15,0,0,4,5,67,0,0,0,91,1,131,4,2,1,0,0,441,6,181,16,6,60,13,0,3,0,15,8,2,85,0,1,3,4,1,185,10,8,2,69,1,1,56,1,0,109,10,82,32,119,0,19,17,2,1,0,0,1,0,3,0,4,0,43,0
hsa-miR-6715b-3p,21,0,21,0,157,0,32,5,14,172,0,29,123,6,42,13,5,7,9,20,109,0,5,12,4,0,3,78,191,47,0,336,88,71,0,0,15,50,2,26,0,0,18,0,2,0,633,0,17,0,0,28,47,38,106,0,2,1,89,1,87,59,4,1,0,0,339,19,156,142,6,283,48,0,19,0,4,3,3,4,7,2,7,43,49,40,6,7,50,0,24,6,84,0,0,40,11,242,5,1,0,7,38,0,32,0,0,0,54,92,0,46,26,311,23
hsa-miR-6715b-5p,88,0,43,0,1,4,33,43,1,289,0,0,11,24,59,0,2,126,47,3,321,0,0,7,1,5,0,53,2,116,0,6,10,21,0,0,4,1,8,8,82,3,85,1,0,0,519,0,19,36,0,1,7,2,74,0,0,0,73,0,68,1,0,2,2,0,365,20,138,3,9,26,0,1,0,1,22,2,1,60,0,2,2,0,4,194,2,105,1,67,4,3,28,1,0,302,1,108,25,175,0,14,24,80,0,0,1,0,1,37,0,0,0,1,0
hsa-miR-6716-3p,163,5,22,1,1,0,0,2,0,185,0,19,181,18,61,14,2,202,85,7,592,3,277,173,1,1,85,77,7,446,0,77,142,0,0,28,146,84,1,7,0,0,11,0,14,22,847,16,22,0,0,1,25,2,7,1,3,0,2,37,27,90,4,0,2,0,569,49,3,134,56,1255,105,0,0,1,31,28,20,129,0,12,5,0,20,61,40,2,1,73,7,71,97,19,6,25,40,684,29,0,0,181,2385,59,82,0,1,1,151,66,0,64,0,2,29
hsa-miR-6716-5p,1391,3,110,12,53,6,80,142,6,1855,1,9,133,280,74,33,36,55,316,606,887,1,44,171,260,14,37,81,376,567,0,163,113,158,0,0,86,169,49,88,3,0,174,0,139,1,1212,15,36,46,23,68,80,78,996,1,17,3,264,149,319,48,60,78,182,0,3786,319,781,463,255,495,172,20,3,178,83,312,28,783,191,11,136,86,154,361,47,188,95,284,14,49,2159,12,12,690,42,366,232,136,0,88,2193,4,78,1,1,143,47,95,1,39,4,305,21
hsa-miR-6717-5p,1450,28,29,4,498,11,88,120,10,8082,0,8,211,1194,273,320,149,521,439,1556,695,4,259,167,655,22,85,522,220,1362,18,1507,30,187,4,47,219,290,11,1981,110,13,327,1,260,1,6590,21,54,63,1,195,398,84,893,58,9,58,91,303,1170,311,133,388,400,100,1375,457,1100,507,283,639,49,11,33,351,137,77,20,4237,129,44,164,61,1502,1061,150,521,136,742,44,113,4601,10,35,1546,40,1520,339,624,0,95,2238,295,960,1,0,39,233,425,4,179,3,168,154
hsa-miR-6718-5p,849,7,10,0,158,3,214,86,19,533,0,0,192,110,138,97,15,55,237,1003,808,2,1,3,76,4,76,6,2,55,0,24,85,57,2,1,261,6,44,63,1,5,65,0,180,0,8467,1,17,1,64,69,8,33,586,0,26,0,88,104,620,117,4,3,163,0,74,55,654,705,34,80,21,68,180,0,80,51,11,137,81,10,78,28,247,272,10,0,36,34,1,9,27,2,1,636,6,187,0,1,0,64,30,363,1,3,0,4,0,39,0,86,0,4,48
hsa-miR-6719-3p,28,0,3,0,27,0,13,12,0,112,0,0,54,3,43,1,3,2,0,0,246,0,2,66,116,2,2,1,32,4,0,98,7,19,0,0,5,4,0,79,0,0,58,0,38,0,77,0,1,0,0,1,5,1,2,0,2,0,1,1,1,13,2,1,0,0,302,10,4,2,4,109,0,13,1,0,11,8,2,244,1,2,0,8,0,0,18,21,0,31,1,97,14,3,0,145,13,224,0,0,0,15,10,0,0,0,0,0,0,1,0,1,0,2,0
hsa-miR-6720-3p,142,3,18,1,1,1,4,45,1,279,0,0,1,1,34,78,2,106,44,0,210,0,69,40,0,3,2,2,125,8,0,8,3,8,0,0,250,51,0,164,0,1,161,0,0,0,1131,0,16,0,0,1,6,7,82,0,1,0,0,0,73,96,3,51,104,0,191,7,60,2,3,16,3,0,30,0,1,56,0,45,39,2,22,6,112,41,29,21,0,22,11,15,19,2,0,433,11,194,0,0,0,2,32,1,0,0,0,64,0,53,0,4,0,0,15
hsa-miR-6720-5p,162,2,11,1,0,1,18,6,2,8,0,1,142,33,3,7,72,6,12,253,46,0,5,173,267,5,10,29,2,11,0,3939,62,72,2,0,100,5,4,107,34,7,3,0,89,1,608,20,1,0,0,15,52,0,59,0,0,0,62,1,384,60,8,2,0,0,34,22,135,99,259,174,3,1,1,0,31,4,5,229,29,13,2,0,82,130,125,131,15,58,5,15,1259,11,24,389,54,33,15,320,0,9,42,1,69,4,1,0,2,0,2,46,0,2,0
hsa-miR-6721-5p,317,3,1,0,58,2,63,2,1,2,0,3,90,43,16,1,2,5,60,8,358,0,7,6,4,5,30,12,7,8,0,40,48,11,0,0,5,8,18,5,0,8,134,2,0,0,227,0,8,0,0,0,10,3,16,0,12,0,51,110,102,89,3,1,2,1,7,27,115,637,621,9,2,13,1,3,24,5,15,84,0,3,6,10,76,1318,0,26,3,2,4,0,31,0,0,147,1,4,0,75,0,2,1295,275,2,56,0,0,0,51,2,23,1,104,37
hsa-miR-6722-3p,1205,8,2,23,154,13,38,5,2,327,15,0,155,113,73,76,0,171,56,743,127,0,8,9,676,20,3,4,55,345,0,40,5,286,3,31,3,29,47,908,1,4,179,2,11,109,288,0,31,0,1,16,61,55,15,2,6,0,69,438,147,133,3,40,2122,0,7,42,200,1841,268,15,4,76,55,4,162,7,19,3033,2132,11,116,2,6843,138,3,28,39,7186,6,5,172,21,25,371,67,6,3,168,0,31,861,348,55,0,0,106,110,44,3,83,4,57,177
hsa-miR-6722-5p,558,7,136,19,208,6,66,37,77,6032,0,0,1338,165,152,131,15,130,171,119,91,1,19,167,357,17,11,141,20,103,0,5378,22,226,2,25,170,29,1,495,32,45,149,0,4,1,3368,18,86,12,108,70,154,209,27,2,4,2,1059,195,286,401,30,465,121,0,58,3694,593,1450,577,773,27,73,18,1,75,16,23,5389,43,10,67,25,726,564,2,965,890,403,50,72,1753,1,78,1024,5,376,416,626,0,53,271,576,672,0,18,238,0,325,5,69,19,706,315
hsa-miR-6724-5p,4687,41,311,74,1584,28,776,1389,25,9203,3,46,2003,3193,1357,210,307,3059,2712,5087,8815,17,1724,2681,3107,1464,1250,2583,597,2763,47,1456,2023,854,48,80,1932,2851,64,5786,275,31,1775,0,1269,49,12730,4,104,54,0,169,625,361,3841,10,103,56,613,739,2369,1441,391,1082,10490,4,28603,2378,1577,4102,2074,13867,1449,133,442,9,931,2910,58,5951,1937,113,1554,103,4020,1290,1500,366,513,7059,97,1960,4056,59,80,2430,800,7078,450,866,2,2150,20625,176,1049,37,31,535,447,1021,11,718,48,1686,742
hsa-miR-6726-3p,515,3,65,10,52,6,39,3,0,267,0,0,7,65,77,109,0,179,84,251,327,0,3,6,391,6,0,38,4,18,27,21,17,65,0,0,54,9,5,228,0,14,90,1,52,0,159,18,32,0,0,31,286,124,199,0,0,0,1,116,416,50,4,90,1274,0,23,89,415,612,61,5,3,36,3,0,31,5,13,439,185,1,0,0,274,648,1,37,28,136,16,2,520,5,17,465,0,82,6,61,0,0,51,2,118,21,0,96,72,139,0,0,0,2,88
hsa-miR-6726-5p,435,1,89,1,136,115,25,46,1,1764,0,0,380,148,58,15,5,112,136,1224,21,2,121,74,191,7,6,112,140,525,0,850,6,60,2,7,7,9,46,209,0,0,3,0,1,28,889,0,16,2,0,48,317,72,72,0,0,0,54,151,222,50,91,3,807,0,269,29,578,1259,21,13,4,0,8,0,47,83,20,1306,160,7,9,0,547,494,3,115,46,941,3,5,68,4,15,701,23,254,100,25,0,8,65,104,159,16,0,57,36,62,1,1,2,2,44
hsa-miR-6727-3p,2046,10,436,34,331,938,411,274,17,1886,0,45,1943,1184,354,5,517,1104,3066,19371,8853,15,16897,1538,314,11,1228,646,788,1724,8,531,1224,33,3,2,1952,860,56,1078,120,1,1063,0,1709,0,10476,92,50,144,0,299,486,147,651,6,118,99,19,1115,851,1234,61,396,36,1,10087,359,505,1919,153,3344,700,193,186,6,670,1015,506,1984,348,715,679,15,493,833,399,539,163,651,36,515,2497,77,25,3020,336,2170,264,573,0,347,9129,630,479,4,63,351,242,318,29,680,8,500,235
hsa-miR-6727-5p,368,4,6,1,2,9,45,39,13,1365,0,0,294,152,86,21,3,251,256,540,101,2,6,35,759,17,41,11,6,31,0,508,157,162,4,0,45,11,78,603,81,6,6,0,69,2,2713,1,9,0,0,54,57,15,48,0,31,0,152,98,975,76,28,31,566,9,29,666,833,71,331,30,8,0,9,2,65,9,2,1652,59,3,178,3,18,318,10,3,172,32,14,15,779,1,22,1182,70,9,1,361,0,5,107,39,61,7,0,2,7,99,1,97,13,29,40
hsa-miR-6728-3p,8,0,1,0,43,2,6,23,2,16,0,0,5,2,15,34,1,33,0,150,9,0,7,5,3,2,0,5,0,7,0,11,8,9,0,0,6,2,3,5,0,0,1,0,3,0,268,1,0,1,0,6,5,0,10,0,1,0,1,195,6,13,1,0,3,0,21,23,254,0,126,27,5,0,0,0,14,2,4,68,36,0,0,22,3,1,2,0,2,3,1,16,13,0,11,115,11,14,1,1,0,2,477,0,6,12,2,0,7,2,2,0,0,121,25
hsa-miR-6728-5p,1135,8,10,0,2,10,77,61,3,886,0,14,60,87,23,74,10,289,146,254,297,0,84,208,165,8,133,133,4,457,1,312,6,49,1,1,9,130,10,71,1,5,31,0,406,0,2030,0,7,5,43,37,215,51,8,0,31,11,7,114,333,98,6,10,240,1,1090,626,92,293,45,26,5,86,78,2,115,10,28,1391,93,2,9,0,446,358,58,56,66,293,36,7,67,12,0,1579,1,6,82,0,0,6,78,217,363,1,2,99,1,266,5,25,0,0,81
hsa-miR-6729-3p,563,0,11,1,91,4,65,38,11,688,2,2,166,248,33,117,44,73,55,161,528,0,26,67,14,19,94,157,111,756,0,226,75,63,1,0,238,23,43,316,1,0,118,0,7,7,823,5,19,23,0,12,218,77,319,0,18,0,27,40,320,383,15,11,468,80,646,150,568,589,544,1597,68,39,31,1,105,211,31,274,241,49,27,39,417,350,32,47,143,335,15,40,137,4,44,712,37,391,29,0,0,53,1052,204,50,2,2,38,62,85,1,41,0,145,19
hsa-miR-6729-5p,1617,12,149,29,721,20,137,47,59,3544,3,16,434,560,208,107,27,370,368,7648,970,6,115,379,408,606,142,55,196,2038,1,202,407,562,4,2,83,296,111,1890,5,10,135,0,33,1,13210,6,39,2,0,69,173,694,925,17,35,3,428,244,1969,270,172,747,794,49,3803,171,2257,2294,1784,1395,439,122,167,331,732,284,59,2422,1222,119,198,11,1069,2142,259,162,270,2030,44,402,3480,15,125,2901,66,380,282,613,0,195,1624,870,638,65,6,237,462,563,13,328,16,819,436
hsa-miR-6730-3p,13,0,1,0,0,4,39,60,8,358,0,1,248,123,116,53,2,387,41,631,260,1,8,9,113,4,6,92,93,34,0,194,5,53,0,13,6,123,56,227,0,0,362,0,79,0,263,2,3,0,0,3,59,0,251,0,23,0,55,57,4,97,4,30,1035,0,501,38,116,310,416,399,119,58,282,0,29,59,0,419,82,23,3,0,161,82,88,31,42,144,50,3,74,5,26,152,33,487,46,1,0,48,85,13,115,0,0,0,47,164,0,19,0,661,30
hsa-miR-6730-5p,295,14,8,0,56,10,5,3,2,97,0,1,8,5,21,58,22,152,53,225,30,0,25,33,153,13,6,12,4,353,21,22,5,29,0,5,11,6,32,55,1,2,30,0,3,1,2146,2,0,0,0,4,3,120,313,0,1,11,57,40,223,25,118,118,112,0,171,17,889,138,187,31,4,9,13,238,10,8,3,445,49,1,25,10,180,429,34,5,59,341,4,23,37,1,11,729,1,129,2,1,0,5,40,147,46,1,1,198,1,40,2,29,13,94,56
hsa-miR-6731-3p,1802,17,315,36,1543,8,58,395,24,3392,1,6,1070,1174,1074,88,303,633,1221,2502,7444,3,862,1278,2487,247,677,695,628,1587,0,281,673,268,2,10,988,817,190,2812,148,1,971,0,859,21,10167,50,18,10,6,80,569,200,1940,0,37,22,35,48,326,418,63,470,3527,1,18280,362,221,1989,725,6515,858,81,128,2040,391,1356,98,1683,769,162,246,130,1420,340,500,241,165,1587,51,664,3546,65,34,911,795,3677,303,164,1,1220,15221,631,304,29,102,352,489,610,6,476,43,2,292
hsa-miR-6731-5p,252,0,0,0,139,3,1,11,0,1054,0,0,134,7,42,0,1,1,0,4,3,0,1,0,1,0,0,16,1,15,81,121,0,0,4,0,1,0,11,486,0,0,3,0,4,0,4,0,0,0,0,2,2,0,3,0,0,0,108,0,31,0,0,0,355,0,8,1,142,978,6,202,0,28,36,0,7,2,0,165,1,2,0,1,309,1,1,0,8,50,1,1,4,0,0,118,0,1,28,0,0,2,57,1,3,0,7,48,1,17,1,0,0,0,2
hsa-miR-6732-3p,861,6,90,6,543,4,68,143,12,178,1,7,222,285,75,8,43,378,257,249,1052,5,250,242,169,76,127,124,160,55,9,152,343,28,1,1,478,237,107,252,0,1,28,0,74,0,2098,92,3,18,0,10,152,266,318,23,50,37,23,413,195,446,6,109,2041,22,497,64,223,838,29,1171,30,58,160,1163,131,68,6,135,1324,111,61,0,122,101,30,111,67,317,13,157,595,20,14,563,56,227,92,3,0,82,741,754,17,1,0,25,44,169,2,41,1,278,73
hsa-miR-6732-5p,255,10,29,4,143,0,65,57,9,497,0,10,352,155,79,62,14,187,44,226,603,1,171,117,362,8,240,435,131,471,0,174,138,25,0,2,257,290,21,204,0,25,57,1,228,1,1882,3,39,18,0,15,265,97,192,0,2,0,84,89,282,108,21,151,389,0,799,96,437,648,16,639,80,24,27,1,63,335,34,387,119,94,57,21,228,225,30,323,78,175,16,87,4352,22,5,522,20,679,43,31,0,115,1023,111,83,41,9,43,72,137,0,113,6,780,44
hsa-miR-6733-3p,32,0,86,1,163,3,5,7,12,468,1,2,37,258,52,4,27,97,71,9,538,1,98,202,275,4,182,146,15,23,1,18,15,190,0,0,19,66,30,259,0,1,153,0,5,0,1562,11,0,0,0,72,29,7,238,0,6,0,45,2,29,33,13,6,10,1,124,83,130,764,16,883,11,1,9,1,34,126,22,203,4,5,95,12,149,13,17,90,1,5,14,125,441,4,1,356,5,212,2,0,0,114,1417,4,5,2,4,3,2,66,8,60,1,4,3
hsa-miR-6733-5p,8,0,11,1,106,0,35,1,2,630,1,15,4,1,35,0,4,2,40,0,21,2,35,0,1,238,1,188,2,13,1,14,67,44,0,0,4,37,22,110,0,9,64,0,1,0,633,8,1,0,0,15,3,1,6,0,35,0,1,1,90,6,4,5,277,0,539,5,74,0,35,14,37,0,103,2,20,50,4,71,1,3,0,0,113,4,5,0,13,0,4,25,7,0,3,170,0,18,2,0,0,22,25,163,0,0,0,0,56,77,0,22,1,0,55
hsa-miR-6734-3p,100,9,1,1,30,6,3,1,1,1,3,0,180,59,0,7,1,7,1,23,12,0,4,3,61,5,1,6,2,964,0,50,132,0,0,1,182,251,29,17,0,7,1,0,4,0,138,11,19,93,0,38,37,0,12,0,0,1,23,96,134,191,3,0,839,0,12,10,401,509,404,7,4,39,1,1,1,120,0,236,311,2,1,2,57,353,2,8,45,70,33,10,33,3,27,785,5,2,122,150,0,2,38,288,148,0,0,1,115,109,0,1,0,39,0
hsa-miR-6734-5p,1030,0,30,5,27,4,363,80,45,585,73,24,361,159,16,116,25,673,275,666,2958,6,71,304,80,10,140,171,247,1115,0,229,620,298,0,10,100,323,64,412,25,0,283,1,30,1,7189,2,28,0,1,35,45,160,413,0,21,41,136,183,123,125,18,16,266,7,2844,106,155,240,337,2414,133,3,99,17,621,346,12,475,103,208,38,66,197,416,155,260,104,1081,14,319,278,20,25,494,141,740,6,660,0,277,4682,666,315,2,48,63,269,259,2,256,1,13,70
hsa-miR-6735-3p,213,0,19,1,8,5,2,3,5,129,0,0,2,8,1,22,7,0,31,174,211,0,0,4,90,5,13,126,0,168,0,146,13,1,1,1,6,2,0,68,0,1,5,0,1,0,1206,0,0,7,0,0,1,1,3,1,0,0,0,1,143,1,404,0,0,0,19,12,121,1653,14,568,2,7,18,0,4,8,1,122,1,29,1,0,107,11,9,0,40,46,10,0,19,0,20,401,0,33,12,22,0,2,20,3,97,0,0,0,0,73,0,2,0,2,43
hsa-miR-6735-5p,3,0,31,0,1,1,1,26,12,2,0,0,4,4,27,2,3,3,2,4,10,4,2,181,198,0,0,3,47,209,0,3,4,79,0,0,66,5,2,4,0,0,109,0,2,0,366,0,1,2,0,0,10,21,4,1,3,0,0,13,39,67,2,0,0,0,267,104,79,1,2,11,5,25,1,2,20,8,8,257,6,3,0,5,1,171,28,68,31,2,1,3,44,0,0,141,60,9,132,0,0,27,594,176,0,0,0,0,0,21,6,0,1,2,29
hsa-miR-6736-3p,421,2,132,17,224,11,146,133,23,541,0,4,96,186,144,29,25,245,158,978,1493,5,259,150,291,23,307,169,37,287,38,87,152,23,2,24,253,120,7,392,6,0,183,0,55,2,1435,4,21,0,8,4,40,24,555,63,33,44,73,47,292,203,18,21,6352,10,2460,76,531,1994,45,2442,297,142,8,30,189,139,11,477,649,58,189,97,497,168,192,30,28,763,16,206,243,7,18,123,132,572,76,185,0,161,2485,465,147,2,4,188,6,142,1,109,1,607,30
hsa-miR-6736-5p,198,3,3,7,9,4,2,57,2,57,0,0,6,3,0,21,11,7,66,67,48,0,79,25,27,1,7,48,119,12,0,2597,4,1,0,15,260,5,4,56,84,5,24,0,140,0,1871,0,0,2,0,5,68,2,0,47,0,44,98,9,49,130,53,17,375,10,46,13,120,218,6,180,16,1,2,0,7,0,4,754,2,22,0,1,29,5,3,16,128,2,0,7,23,0,3,112,5,73,45,0,0,29,27,1,29,0,0,5,0,5,2,114,4,1,69
hsa-miR-6737-3p,4899,13,388,74,1036,477,934,350,67,5613,4,36,3466,605,1483,505,64,1385,1167,3788,2031,16,432,1145,1232,399,896,910,2499,638,5,679,987,574,25,155,1313,1214,95,1964,1,2,1869,0,1530,0,12861,50,97,7,0,52,989,1209,659,4,252,25,486,684,762,1173,44,970,3323,93,2836,809,2591,4508,1397,4367,473,534,507,489,419,1351,105,2104,391,247,304,243,1309,1844,246,357,294,1208,90,635,2259,120,83,2033,250,2228,146,953,2,503,6559,507,609,19,37,211,503,623,10,587,54,1113,419
hsa-miR-6737-5p,924,11,35,1,214,13,150,30,39,2102,0,1,265,400,205,122,50,123,186,2727,1183,3,65,127,198,18,146,87,72,579,0,203,241,154,0,28,119,59,46,450,86,14,137,0,226,11,4515,8,17,4,0,38,140,322,233,32,22,0,146,283,1823,218,72,136,1059,23,1252,110,1383,1034,1453,574,167,16,139,7,187,414,35,943,690,46,85,93,503,1739,203,106,46,527,51,86,788,28,111,1283,58,811,226,424,0,131,1451,456,409,26,0,35,19,285,4,114,0,146,92
hsa-miR-6738-3p,2,3,0,8,1,2,2,1,0,2,0,0,0,1,8,0,1,2,2,1,2,0,1,0,0,3,1,0,32,162,0,1,2,22,0,0,63,2,6,7,0,0,3,0,0,0,207,0,0,0,0,0,17,0,0,0,0,0,98,88,5,69,0,1,0,0,3,3,76,218,4,9,50,0,1,0,0,3,0,96,0,0,0,0,6,2,0,0,22,0,0,3,3,0,0,86,20,1,0,0,0,2,9,178,41,0,0,25,1,0,0,0,0,0,1
hsa-miR-6738-5p,508,0,61,11,150,2,76,200,2,1259,0,12,313,262,130,38,147,303,420,522,1359,3,132,115,201,6,392,422,75,308,1,170,104,58,1,38,297,235,16,612,0,2,148,1,125,0,1772,8,17,2,0,39,50,30,206,1,23,2,160,35,3,188,16,141,305,0,1610,108,214,10,120,2194,401,36,3,557,313,287,31,785,77,34,281,1,143,130,118,32,14,95,15,462,1730,9,1,232,104,664,192,23,2,103,2828,130,199,38,1,36,18,180,0,192,19,175,14
hsa-miR-6739-3p,425,0,2,0,0,1,37,101,0,0,0,0,2,62,0,2,4,3,0,3,755,0,0,3,412,6,1,1,2,10,0,2,34,87,0,0,19,58,9,117,1,0,2,0,0,1,16,0,0,1,0,26,5,1,3,1,3,0,4,1,4,29,1,0,0,0,23,9,90,3,192,154,89,0,75,0,8,53,0,188,152,0,35,0,235,41,19,56,29,0,0,1,23,1,21,135,1,75,1,130,0,15,26,1,2,0,1,1,248,1,0,36,0,0,26
hsa-miR-6739-5p,0,4,3,1,0,0,1,4,1,4,1,32,187,3,1,0,21,145,1,2,228,2,14,21,365,4,75,3,40,1,23,1,12,1,0,0,326,38,2,4,0,0,2,0,2,0,424,1,5,0,0,0,0,0,1,0,1,13,2,1,1,160,3,0,1,0,822,12,8,78,3,24,2,0,25,0,1,18,2,1,0,15,19,2,52,1,23,1,0,0,0,75,14,3,2,81,16,105,1,0,0,17,19,1,81,1,0,22,0,2,0,3,0,0,0
hsa-miR-6740-3p,6,2,92,5,226,4,263,175,19,1305,0,13,266,459,74,75,49,446,328,404,2319,4,483,404,287,317,442,158,198,601,0,123,657,45,0,0,347,261,38,680,3,3,295,0,582,0,2595,3,23,33,8,13,529,164,387,0,57,1,194,251,50,257,14,183,674,32,2215,113,412,981,121,3156,186,39,82,2,247,524,38,403,64,94,339,29,351,82,138,247,81,112,14,450,1380,16,10,535,119,494,94,63,0,291,2771,286,136,22,66,125,255,81,2,202,14,486,42
hsa-miR-6740-5p,519,0,3,0,2,0,59,51,0,22,0,0,1,7,23,0,2,4,39,4,5,0,3,6,51,3,0,1,2,18,14,1,31,0,0,7,24,74,2,722,0,0,3,0,0,0,830,0,4,0,0,6,363,398,240,0,1,1,2,0,73,47,4,1,349,0,9,4,235,833,7,160,1,1,75,279,0,79,1,100,15,1,16,1,173,25,1,120,5,1,6,1,24,0,1,195,15,1,1,0,0,0,25,0,67,1,0,1,217,69,0,2,0,255,46
hsa-miR-6741-3p,280,0,4,9,30,2,3,18,10,481,1,0,88,92,16,48,20,3,69,5,38,0,1,2,56,100,4,1,1,9,0,137,4,27,0,1,4,2,3,5,0,0,1,0,1,1,1418,0,14,0,0,11,3,69,121,0,0,0,88,93,110,70,0,98,293,0,20,10,211,2,162,34,0,10,2,0,79,119,1,460,199,0,2,0,33,217,6,108,20,2,0,3,29,0,5,278,19,23,3,40,0,1,24,3,67,1,0,0,51,14,1,28,0,64,9
hsa-miR-6741-5p,1937,15,34,9,311,14,23,88,5,4707,1,0,397,439,166,162,10,163,468,1149,290,1,39,28,1260,1902,41,53,154,209,24,2404,325,209,2,23,243,136,84,915,154,17,20,0,365,0,4774,4,8,21,0,89,386,77,151,0,6,4,745,140,1245,290,305,809,235,71,370,58,950,2313,340,482,75,135,147,1,54,13,38,639,1160,46,70,38,3606,1928,50,235,281,2316,44,70,334,6,30,1924,79,341,141,33,0,5,135,411,631,0,1,350,150,181,4,14,0,293,109
hsa-miR-6742-3p,431,0,2,0,0,2,66,2,2,179,0,0,172,10,10,42,3,42,6,103,226,1,10,90,191,5,2,124,51,22,0,575,15,2,1,2,4,9,8,10,0,1,8,0,6,0,1396,0,9,0,0,9,20,1,137,0,1,1,1,38,61,28,2,3,957,0,31,37,174,359,184,237,32,52,1,2,1,7,1,176,136,16,10,0,144,69,20,8,82,356,12,14,855,13,9,332,1,63,10,182,0,3,1562,62,17,7,0,17,2,77,2,7,0,2,61
hsa-miR-6742-5p,457,1,3,0,3,1,75,6,2,111,1,0,179,67,16,1,2,2,142,63,21,0,56,4,95,4,0,5,2,25,1,19,255,50,0,6,29,4,1,40,136,0,1,0,0,0,1553,0,10,0,1,0,4,5,6,0,1,0,131,4,3,44,3,2,1546,1,13,12,156,6,69,331,2,1,76,0,1,5,1,240,515,0,1,2,248,49,14,19,16,487,0,1,25,1,0,281,40,6,0,0,0,1,33,108,33,0,0,15,1,1,1,10,0,1,6
hsa-miR-6743-3p,253,0,18,6,0,5,7,7,7,108,1,0,3,7,0,70,2,103,145,6,488,0,3,47,180,3,2,136,83,21,8,1,3,128,0,7,2,6,24,107,0,0,5,0,1,0,108,0,19,0,1,2,8,139,14,0,0,0,1,0,282,88,4,0,2029,0,97,21,532,191,1162,22,107,14,1,1,42,80,0,453,248,1,7,0,108,229,2,66,28,152,29,0,704,1,74,595,1,18,1,141,0,2,58,268,72,0,0,1,62,136,0,59,0,321,71
hsa-miR-6743-5p,2183,1,60,32,59,19,54,52,9,4266,13,1,127,251,63,110,4,162,46,1029,369,1,20,49,14,21,48,366,70,242,0,71,220,298,1,0,93,42,79,563,27,7,127,1,255,0,2533,0,104,65,0,48,73,285,608,1,14,2,443,166,783,261,36,232,2142,11,81,374,1125,2202,1911,409,9,75,36,1,112,54,99,1398,254,3,7,22,774,915,1,123,130,235,17,20,734,9,49,1588,3,103,15,504,0,5,195,76,267,1,1,218,288,124,4,38,12,228,156
hsa-miR-6744-3p,10,0,12,0,2,3,270,6,3,27,0,1,5,40,3,17,5,15,7,15,79,0,4,4,157,5,6,2,2,12,2,11,135,0,6,0,172,5,8,14,0,0,232,0,7,0,713,74,0,0,0,0,68,289,25,0,1,0,2,2,14,164,2,1,1030,0,88,17,7,143,67,165,3,0,3,2,58,8,0,89,59,5,5,0,198,6,9,0,29,7,1,12,30,1,5,115,16,99,1,1,0,5,52,5,3,1,0,3,55,3,0,2,1,0,2
hsa-miR-6744-5p,260,0,1,0,0,1,34,1,1,401,0,0,4,1,2,65,0,11,3,56,129,0,0,2,66,5,41,1,24,663,0,14,37,63,0,0,2,3,17,18,0,0,56,0,28,0,229,5,3,1,0,0,2,0,71,0,0,0,0,19,1,55,0,0,1,0,9,3,223,3,9,17,2,2,0,1,41,33,2,640,0,0,1,7,25,13,20,0,5,105,0,1,11,16,0,244,0,62,37,17,0,29,18,400,97,0,0,1,15,37,1,1,0,0,0
hsa-miR-6745,202,0,33,5,25,4,3,2,3,11,0,0,20,3,22,36,3,2,6,524,29,1,3,35,3,1,73,2,35,10,0,15,39,36,1,0,4,9,14,139,2,0,5,0,379,0,2037,0,6,0,1,15,65,114,23,1,1,0,1,2,6,35,5,2,3,0,35,12,177,178,68,26,69,2,4,0,7,7,6,459,11,1,0,0,243,16,19,0,22,190,15,2,23,7,4,295,37,109,47,49,0,16,247,0,12,1,0,0,28,124,0,34,7,427,52
hsa-miR-6746-3p,203,9,2,1,125,5,7,4,2,822,0,0,178,159,60,11,1,14,89,342,9,0,21,6,161,3,4,167,6,61,0,37,11,102,0,0,7,7,4,17,0,3,82,0,6,0,523,0,38,0,0,31,118,19,12,1,4,0,1,104,320,14,154,3,80,0,16,32,906,414,111,349,18,48,3,3,59,3,0,1382,176,3,4,17,13,258,0,0,122,67,5,38,50,9,5,1035,1,152,26,65,0,9,50,214,150,9,0,85,7,0,4,25,20,319,152
hsa-miR-6746-5p,47,7,25,2,61,5,2,3,23,5,0,1,9,40,66,25,0,5,47,145,232,0,34,69,174,11,1,3,2,12,0,3,8,82,0,0,6,3,0,13,78,0,98,0,25,0,1227,0,20,1,0,23,6,147,16,0,0,0,72,69,390,102,2,76,191,1,240,17,229,381,1535,14,0,16,1,1,16,0,8,152,35,1,0,13,69,390,1,0,31,281,25,29,21,0,28,327,3,3,64,171,0,9,24,0,197,0,25,0,14,62,1,0,0,1,87
hsa-miR-6747-3p,11,0,8,0,2,1,7,52,11,100,0,1,240,26,33,65,4,286,67,122,1111,0,3,28,63,1,13,150,4,11,0,93,155,79,0,0,13,71,24,180,0,0,3,0,5,1,3245,0,21,0,0,24,47,36,457,0,6,0,111,1,102,3,5,435,2,0,710,24,319,480,14,119,18,70,0,0,55,40,0,331,54,17,33,2,167,26,24,110,62,70,3,34,54,2,11,285,65,212,0,0,0,26,242,1,101,0,0,2,1,25,1,80,69,2,1
hsa-miR-6747-5p,589,12,6,13,106,2,35,83,5,1058,1,15,670,8,17,1,20,208,27,322,105,0,93,169,282,3,6,13,120,24,2,6,19,38,0,7,156,73,18,26,0,0,127,0,3,0,1979,3,0,1,0,4,31,3,10,0,1,1,144,50,7,113,37,3,5,0,487,92,29,650,21,39,8,37,173,1,16,71,6,197,0,20,131,8,121,27,46,15,59,10,9,72,1621,3,3,89,49,313,2,26,0,18,384,1,4,0,0,1,149,134,0,51,38,358,22
hsa-miR-6748-3p,635,0,4,6,163,11,3,11,0,3966,0,0,1016,54,38,2,4,63,129,3,16,0,5,18,5,24,2,12,11,194,0,840,12,18,3,13,8,64,16,332,0,0,35,0,2,1,171,0,24,4,52,44,231,1,7,0,9,0,325,0,41,86,233,321,2,16,786,1191,303,503,28,186,7,67,2,13,3,96,11,1393,15,33,18,0,473,2,6,21,457,64,14,85,1840,2,25,261,1,420,82,114,0,2,134,2,485,1,0,0,1,128,5,13,8,0,118
hsa-miR-6748-5p,6,0,1,0,2,11,44,6,0,1153,0,0,19,7,15,0,0,8,49,621,60,2,36,14,5,593,1,118,4,31,0,1,56,74,1,0,1,12,3,678,18,0,2,0,161,7,172,0,7,1,0,19,9,16,50,1,0,0,3,23,241,29,8,38,872,14,111,67,222,780,48,8,37,18,2,0,0,102,5,637,403,1,1,0,320,145,45,41,15,319,11,60,1669,1,3,253,5,116,2,159,0,0,52,12,2,0,1,55,116,62,0,17,1,1,6
hsa-miR-6749-3p,4,0,0,0,0,3,7,0,0,11,0,0,1,103,3,2,6,1,17,105,1,1,12,4,36,2,0,44,1,187,0,1,5,29,0,2,52,2,8,3,156,0,1,0,29,8,119,0,0,0,0,8,33,37,11,0,16,0,157,12,105,37,4,25,163,0,4,3,136,2,37,2,44,53,4,0,0,1,3,107,249,0,2,0,5,189,0,29,25,174,1,18,156,2,0,235,1,1,2,1,0,10,19,1,0,0,0,67,51,1,0,52,0,0,5
hsa-miR-6749-5p,4868,10,90,13,263,583,91,215,64,4063,50,0,770,719,114,263,123,437,308,706,579,2,344,136,757,30,58,97,234,612,8,2870,372,215,21,61,218,123,93,221,97,7,320,0,168,12,8801,30,48,26,1,212,485,601,571,1,3,0,775,231,1554,284,171,460,833,0,94,1325,1531,2094,731,123,91,46,168,10,282,51,52,3683,753,18,28,23,1455,1721,6,583,557,662,48,21,2857,34,24,4907,62,530,123,363,0,51,1559,292,707,1,13,574,4,442,5,13,10,1181,579
hsa-miR-675-3p,463,0,84,25,194,6,280,414,33,738,25,44,960,649,125,71,58,530,566,756,5125,21,505,588,675,20,544,513,423,969,6,305,770,167,9,9,672,979,66,905,117,10,462,2,682,0,6688,39,16,174,3,20,962,213,1456,15,78,21,259,58,362,478,301,341,448,41,2128,1224,666,647,248,2316,650,111,103,178,143,722,51,431,58,210,363,42,335,541,146,217,121,669,38,421,4940,18,28,774,224,786,107,267,0,84,3112,262,128,26,36,163,332,307,4,273,10,393,94
hsa-miR-675-5p,1061,6,128,1,20,5,31,46,21,726,0,1,205,146,88,44,90,313,224,541,407,5,16,123,572,37,121,258,17,278,4,99,49,12,0,21,334,259,59,673,0,4,91,0,137,0,7180,0,22,77,6,4,198,109,221,0,33,1,166,76,435,223,64,44,246,0,236,97,895,519,243,743,148,307,85,126,63,123,8,293,53,42,199,4,592,286,50,133,27,1036,16,220,1220,4,11,491,80,295,7,69,0,60,1084,329,406,1,2,40,104,309,1,113,5,26,8
hsa-miR-6750-3p,649,7,72,10,361,12,385,244,53,1088,2,32,837,689,259,107,175,402,445,2046,3552,12,400,1056,541,306,470,911,679,1609,3,241,790,255,0,3,605,562,69,872,0,6,764,1,1130,1,4956,39,39,99,0,29,1006,293,1874,10,95,63,380,133,284,689,381,165,3100,108,5362,773,661,1299,169,2645,189,165,130,6,198,1008,59,1330,211,172,235,39,650,270,235,163,150,478,39,642,4747,112,26,1054,218,931,309,165,4,214,7197,356,456,19,57,205,205,310,2,102,59,663,199
hsa-miR-6750-5p,439,0,24,0,49,22,28,26,2,536,6,2,48,305,150,3,16,195,234,359,964,3,444,184,384,23,96,153,29,280,0,16,305,176,1,16,104,182,8,479,0,0,122,1,23,2,1489,0,27,2,1,13,36,4,123,2,5,0,30,14,268,56,36,10,275,9,1919,109,385,786,34,1328,209,5,10,18,71,242,31,390,33,100,111,17,33,132,144,10,72,122,2,156,375,8,2,259,46,730,30,154,0,168,1471,43,11,21,3,159,8,15,1,47,4,37,63
hsa-miR-6751-3p,62,1,10,7,0,1,1,8,0,223,0,0,105,1,14,3,2,44,19,187,543,0,3,1,462,15,5,84,105,14,0,4,52,35,0,1,12,3,12,138,1,2,1,0,385,1,1213,15,10,4,0,21,45,2,29,0,0,0,0,37,160,32,1,1,50,0,540,12,252,1096,750,20,0,55,26,0,97,14,2,445,1,5,2,0,94,202,0,12,25,59,8,15,19,2,42,232,8,109,82,19,0,1,26,181,33,8,0,0,35,52,0,1,0,35,30
hsa-miR-6751-5p,686,20,352,98,1030,26,567,599,42,3207,100,104,1283,1267,439,120,429,1237,934,3414,7808,24,875,1055,537,461,1666,1038,838,871,16,943,1413,417,24,0,2081,1883,142,2167,19,1,897,1,1908,1,7801,107,132,209,2,86,2371,421,2893,24,190,100,609,490,704,1381,240,700,788,40,7430,2408,1154,2277,1404,4309,907,357,323,700,500,1296,102,1850,179,593,457,98,780,932,339,728,332,1032,91,962,8679,41,87,1085,460,1649,453,254,1,306,12032,758,551,129,67,525,1342,797,5,540,22,1608,322
hsa-miR-6752-3p,5218,2,88,22,306,21,94,90,22,2376,1,0,478,630,85,175,14,190,299,1695,632,4,382,283,711,32,66,367,206,64,24,817,422,189,18,34,325,321,54,170,131,5,333,0,394,0,9014,3,59,33,71,33,232,309,701,1,22,1,207,251,1441,387,12,241,336,0,99,127,2698,1799,133,289,132,82,307,140,229,92,49,1637,393,41,111,4,1863,1843,24,382,163,714,91,146,245,15,40,4733,24,116,347,283,0,32,4743,307,1496,16,22,136,374,357,9,51,2,105,141
hsa-miR-6752-5p,950,1,17,11,190,9,6,67,13,1975,1,4,216,357,47,29,37,63,202,782,656,4,78,70,409,138,21,255,11,43,1,499,134,81,1,22,20,163,36,347,24,6,29,1,4,1,6198,0,18,62,1,87,145,154,25,1,8,0,60,81,1387,158,17,53,350,9,73,38,605,776,322,310,23,104,3,3,146,101,17,841,206,12,23,1,672,1308,7,187,74,667,8,14,113,1,28,1096,7,421,172,436,0,37,1275,3,107,1,0,73,3,62,1,31,0,20,48
hsa-miR-6753-3p,2,0,1,3,0,0,1,0,0,121,0,0,61,0,3,0,1,8,0,1,5,0,0,0,0,0,2,0,1,2,0,0,0,0,0,0,3,0,0,1,0,5,2,0,272,0,481,0,0,0,0,0,0,30,1,0,19,0,57,1,48,2,0,0,0,0,4,3,18,1,3,2,0,0,0,0,0,2,3,2,0,1,1,0,1,0,0,0,5,80,3,0,2,0,0,67,1,0,0,0,0,0,2,0,1,0,0,0,1,0,0,1,0,0,0
hsa-miR-6753-5p,330,0,2,0,6,4,44,19,7,103,0,0,40,8,8,6,0,49,5,143,402,1,8,36,4,0,3,10,7,285,0,27,10,2,1,0,4,7,11,7,1,0,6,0,5,0,29,1,7,0,0,8,5,112,8,0,1,0,247,1,45,24,3,2,1,0,17,14,297,4,96,10,1,0,0,1,9,3,6,73,3,2,2,0,3,20,1,1,5,29,1,3,18,0,1,176,1,56,2,14,0,5,499,0,3,0,0,1,3,28,0,28,0,33,1
hsa-miR-6754-3p,188,6,24,13,139,97,40,17,8,267,0,1,117,111,55,20,31,203,39,71,298,0,104,54,210,3,85,196,106,161,20,60,93,110,0,0,227,62,18,114,0,0,138,0,74,0,645,11,8,59,1,6,209,329,329,0,7,1,287,61,266,150,102,48,84,0,1141,330,106,448,18,303,27,13,98,3,31,43,6,442,125,48,4,53,54,90,40,24,73,243,5,130,773,0,2,432,67,304,27,136,0,8,424,186,112,1,6,124,108,38,0,21,2,516,4
hsa-miR-6754-5p,486,4,4,8,21,2,64,30,6,4,1,0,50,192,29,56,8,58,153,1209,572,2,6,178,488,9,5,2,111,21,1,3,113,44,0,31,4,9,4,8,3,0,2,0,27,0,1263,0,20,0,0,23,14,222,99,0,0,1,3,16,541,52,9,1,487,0,18,1096,636,184,132,63,5,1,7,34,46,94,7,131,93,4,5,1,165,637,2,88,9,254,6,74,65,17,16,606,31,14,1,19,0,38,153,283,1,0,0,71,18,92,0,1,0,0,1
hsa-miR-6755-3p,6,0,2,6,0,0,0,1,1,4,0,0,38,2,2,0,39,4,3,7,17,0,1,2,2,1,1,2,1,3,0,70,2,21,0,0,4,1,0,165,0,0,2,0,49,0,24,0,0,2,0,6,6,1,75,0,2,0,2,0,1,13,3,1,2,0,21,3,0,1,5,18,3,0,2,0,1,0,0,1,0,3,3,0,0,0,24,1,6,1,5,10,11,0,5,70,39,193,103,2,0,1,18,1,0,0,4,1,0,70,0,18,0,1,1
hsa-miR-6755-5p,272,0,7,0,1,0,21,2,3,213,0,2,405,108,87,1,8,110,92,6,948,3,205,1,336,6,63,5,232,307,0,9,377,0,0,0,18,131,0,247,1,14,4,0,82,0,564,0,12,19,0,7,13,0,215,0,55,1,1,97,39,15,4,0,1,0,576,71,282,58,11,820,199,36,1,0,116,167,14,136,1,56,111,22,1,10,41,79,1,774,23,186,66,6,0,179,3,310,86,18,0,6,82,285,0,30,1,6,175,182,0,22,18,3,32
hsa-miR-6756-3p,8,0,1,0,39,2,0,16,0,578,0,0,1,32,34,43,2,22,27,3,279,0,0,8,1,7,2,35,2,14,0,36,2,18,0,1,1,3,13,9,0,1,0,0,70,0,863,0,25,1,0,4,2,192,7,0,1,0,1,58,273,7,1,5,272,0,11,4,381,527,12,17,0,70,0,345,14,2,8,63,225,3,35,44,419,62,50,0,5,169,14,32,15,9,0,90,1,151,221,0,0,11,18,0,48,0,0,65,1,36,7,0,1,50,27
hsa-miR-6756-5p,319,0,15,16,176,855,35,83,4,1137,1,2,183,539,68,105,7,216,263,1798,296,3,52,58,88,147,59,189,155,401,2,831,183,231,2,9,62,219,33,451,0,0,51,0,137,1,3321,1,3,22,22,4,54,236,54,1,21,0,250,148,1398,103,14,488,3306,0,783,51,588,630,70,281,30,89,106,232,52,61,40,138,220,28,90,2,955,298,23,151,29,1314,22,10,424,3,3,627,43,94,185,189,0,8,212,381,57,0,0,0,66,81,1,65,3,298,77
hsa-miR-6757-3p,6,2,1,0,0,0,3,1,1,4,0,0,1068,4,1,35,4,3,83,582,27,2,0,12,1,2,3,5,65,7,1,1547,9,32,0,0,2,6,3,6,0,7,4,0,0,0,768,2,0,0,0,0,59,0,186,0,0,0,5,0,3,5,7,1,2,0,12,45,374,4,11,8,1,1,1,2,17,47,15,349,1,5,13,1,1,16,0,109,139,1,0,3,1085,0,0,339,0,3,1,0,0,2,83,0,7,0,1,0,8,1,1,4,0,108,18
hsa-miR-6757-5p,11,6,3,18,370,1,35,5,4,159,0,6,18,52,45,59,4,49,74,6,301,4,9,220,5,0,8,119,47,137,1,57,220,91,1,1,246,16,12,83,0,2,129,0,89,2,1025,9,19,29,0,0,267,47,226,1,2,11,1,39,63,92,5,183,682,0,1254,2038,184,65,171,504,135,33,51,0,71,138,29,225,4,48,38,2,341,122,21,26,47,97,4,81,115,4,13,664,144,137,78,0,0,95,381,1074,1,19,0,227,22,44,5,29,32,196,6
hsa-miR-6758-3p,105,0,5,0,0,1,1,3,0,8,0,0,73,39,0,2,5,1,117,2,915,1,120,1,1,2,84,59,4,9,0,16,3,2,0,0,6,3,10,7,0,2,75,0,21,0,27,7,1,1,0,5,4,0,44,0,7,0,1,0,40,14,118,129,165,0,271,499,218,2,6,473,51,0,0,0,1,53,11,2,0,2,70,1,0,1,2,35,1,1,5,3,32,0,4,117,0,54,75,0,0,2,44,0,49,31,0,0,78,57,1,60,0,204,1
hsa-miR-6758-5p,668,0,0,0,3,3,22,5,2,808,0,0,307,13,5,0,2,75,101,827,201,0,23,3,149,4,5,361,64,22,0,48,5,68,1,0,3,12,0,158,1,0,11,0,22,0,900,6,10,0,0,38,8,83,75,0,0,2,123,31,259,90,5,1,128,0,39,30,6,7,13,26,49,23,47,0,59,54,0,74,33,2,7,0,166,38,1,1,22,74,15,29,59,19,1,214,10,16,63,30,0,11,1608,149,45,0,27,62,14,2,0,49,0,235,37
hsa-miR-6759-3p,69,3,53,1,75,0,21,27,24,502,0,7,193,51,24,40,50,201,22,288,276,0,186,59,251,682,5,36,132,10,0,89,291,129,0,0,193,140,0,243,0,9,146,0,3,0,965,4,7,0,0,0,361,79,182,1,2,0,69,0,34,60,8,149,2,0,545,56,291,69,13,289,7,101,0,0,78,4,10,208,95,7,55,46,0,14,45,87,149,330,10,60,949,9,7,78,15,144,39,1,0,20,104,193,23,0,43,119,83,55,1,52,22,1,39
hsa-miR-6759-5p,209,1,0,0,0,1,44,0,2,1011,0,0,68,37,4,2,2,28,52,7,225,0,0,0,122,6,3,0,0,105,0,3,2,97,0,0,4,0,0,109,0,0,10,0,0,0,10,1,0,0,0,0,6,1,3,0,0,2,0,28,155,20,0,0,1762,0,4,6,80,1001,62,4,5,2,2,1,32,70,0,221,1036,2,1,0,192,6,0,0,7,740,12,1,17,0,6,85,0,5,2,1,0,33,17,50,19,0,0,50,68,4,0,1,0,1,10
hsa-miR-676-3p,596,0,0,6,25,187,0,1,27,201,0,0,3,89,7,1,2,52,23,3,15,0,34,3,111,9,3,120,4,176,0,104,140,0,1,0,7,2,9,5,1,8,55,0,94,0,1405,0,0,0,0,58,1,0,13,0,0,15,4,83,507,18,88,70,250,0,16,13,835,108,73,68,0,23,0,0,47,21,17,70,47,2,0,17,29,428,21,0,28,15,2,3,8,1,2,898,1,5,65,37,0,28,32,1,33,0,0,1,0,41,1,22,0,2,32
hsa-miR-676-5p,474,10225,14,63,4,924,213,13,49,8,222,31,7,0,23,67,20,74,72,9,687,1,71,5,11,664,20,2,4,79,0,13,4,0,1,193,48,6,0,267,218,2,3,0,86,3,893,11,1,0,212,3,680,1096,391,0,10,1,216,28,4,628,3,486,75,133,607,53,592,315,1727,76,112,0,86,853,31,2,0,71,356,16,4,0,72,1392,77,66,27,2,30,16,173,2,55,581,8,8,37,2,6,23,32,3,199,3,1,388,94,72,0,32,119,4,57
hsa-miR-6760-3p,681,1,36,9,8,7,10,64,10,957,0,0,18,125,1,198,7,154,104,727,592,0,119,5,162,10,2,193,360,1327,7,3,130,64,1,1,10,7,24,173,65,9,39,0,0,0,1253,41,28,1,1,20,90,352,23,3,3,69,87,199,904,159,5,36,466,1,28,31,1128,393,279,26,9,26,102,0,132,24,7,2581,142,4,14,6,892,961,1,0,82,197,38,9,72,3,22,1029,1,260,228,103,0,4,303,294,62,0,21,161,123,91,3,19,14,856,39
hsa-miR-6760-5p,199,3,6,8,123,619,16,48,4,281,1,16,82,47,41,85,8,93,739,11,2224,0,30,15,540,5,50,75,12,30,1,863,198,5,1,23,299,10,3,157,55,0,49,0,3,1,661,0,1,5,1,10,20,1,282,0,2,0,3,468,62,143,15,158,33,0,765,43,98,6,29,907,52,10,1,111,48,73,2,393,0,35,10,0,114,78,8,1,102,4,12,70,1257,0,5,201,2,36,104,0,0,104,556,17,162,1,1,2,1,0,0,4,1,4,52
hsa-miR-6761-3p,1,0,0,0,166,0,1,0,1,0,0,0,1,64,1,0,0,111,33,3,45,1,1,7,0,0,27,90,2,3,0,0,2,0,0,0,28,2,0,3,0,0,0,0,0,0,552,0,5,0,0,0,6,2,0,0,0,0,2,74,0,9,2,0,1,0,14,975,47,0,3,7,4,0,2,2,0,59,0,5,0,0,13,0,2,21,1,0,0,1,0,1,23,0,3,110,0,5,0,0,0,1,49,0,0,0,0,0,1,0,0,0,0,0,0
hsa-miR-6761-5p,291,0,1,0,0,3,1,2,2,369,0,0,127,14,104,29,1,16,43,2,35,0,113,71,2,0,75,80,34,172,0,88,106,9,0,0,3,5,5,253,0,0,4,0,3,0,397,0,1,1,0,3,5,2,4,1,22,0,79,45,56,20,2,2,66,0,403,15,68,16,5,214,27,0,5,0,14,102,0,376,105,2,17,0,0,97,5,0,11,151,0,27,19,0,7,36,18,67,1,1,0,53,42,0,36,0,0,1,11,1,1,18,0,9,0
hsa-miR-6762-3p,164,2,0,0,24,0,0,15,0,0,1,0,2,109,0,5,0,0,2,0,2,0,0,1,1,0,1,2,1,1,0,13,1,0,0,0,3,0,0,2,0,0,3,0,0,0,9,0,5,0,0,0,1,0,3,0,1,0,0,1,0,1,0,0,2,0,2,6,98,1,4,3,0,25,0,1,4,0,0,3,0,0,1,2,0,11,0,0,14,1,4,0,7,0,0,216,0,103,0,199,0,0,25,1,0,0,0,0,0,66,0,0,0,0,5
hsa-miR-6762-5p,640,0,18,0,3,4,267,60,10,1236,1,4,135,185,324,57,93,153,524,530,411,4,247,22,973,14,81,105,7,382,0,143,16,69,1,10,165,264,59,663,1,8,490,0,7,0,3162,0,15,2,0,3,32,0,235,0,7,1,3,22,172,149,10,2,170,31,5468,54,59,313,19,1994,250,34,94,0,267,282,28,99,72,25,104,8,112,250,483,115,19,3,4,255,607,24,17,955,31,1632,149,151,0,425,659,51,64,0,0,0,14,12,3,111,4,170,1
hsa-miR-6763-3p,387,0,5,2,3,2,0,21,0,112,0,0,59,84,30,0,1,2,87,4,40,0,0,1,2,2,3,1,6,21,0,1,2,122,0,23,249,5,15,74,0,0,18,0,0,0,464,0,7,0,0,20,15,44,3,0,2,0,53,236,3,165,1,59,621,0,9,8,289,132,334,107,3,11,54,246,32,0,2,355,51,2,0,2,193,22,0,1,79,16,0,0,17,0,17,471,1,1,51,37,0,25,16,0,209,0,0,23,1,20,0,66,0,25,62
hsa-miR-6763-5p,902,1,44,13,45,324,37,31,7,2027,17,0,140,554,69,68,4,183,400,926,340,5,75,11,189,667,109,31,68,40,8,206,71,411,58,6,15,64,32,100,34,0,51,1,450,4,2611,0,25,12,1,26,106,71,275,5,5,26,36,200,1333,102,459,210,116,32,39,668,884,846,513,315,55,83,24,87,124,65,18,878,138,7,12,104,382,1132,13,65,83,552,31,35,107,2,11,4413,1,150,55,81,0,35,95,227,102,93,0,0,10,202,3,90,3,24,27
hsa-miR-6764-3p,1051,12,1,0,1,0,0,1,27,4,0,1,1,211,14,69,1,1,34,75,5,0,3,1,2,4,74,1,98,343,0,2,4,72,0,0,4,3,0,11,0,0,1,0,0,0,260,0,18,14,0,53,5,19,9,0,0,0,1,91,386,17,1,154,239,1,11,29,325,705,32,6,2,0,79,1,0,4,0,251,2,0,1,0,1,235,0,0,22,3,1,4,16,0,0,666,26,136,56,0,0,5,24,1,1,0,0,156,0,1,5,1,0,0,0
hsa-miR-6764-5p,3,0,2,0,0,1,1,1,2,243,0,1,1,1,18,0,2,2,43,4,562,1,3,1,89,2,11,2,122,14,0,39,3,0,0,0,5,26,0,144,0,0,1,0,24,0,557,0,0,0,0,11,2,0,3,1,3,0,5,116,101,3,0,119,288,2,538,18,166,296,9,215,3,1,2,0,2,1,10,987,0,3,2,31,194,71,30,12,8,181,0,4,15,5,1,102,3,199,0,0,0,10,137,1,3,0,0,18,0,2,0,4,0,1,0
hsa-miR-6765-3p,1395,17,8,16,222,0,4,78,9,1560,1,19,63,235,210,82,7,40,30,608,49,1,129,25,61,10,12,307,13,689,1,1258,9,50,42,0,11,20,22,537,1,8,10,0,16,0,2674,5,40,5,0,26,45,100,13,0,10,7,131,100,277,262,114,247,457,55,188,71,297,145,343,41,10,165,23,1,17,6,32,762,43,6,5,935,494,441,19,119,254,485,7,8,1756,21,21,891,21,240,143,71,0,4,127,79,356,1,3,13,116,7,1,213,9,187,497
hsa-miR-6765-5p,293,0,5,28,140,4,47,3,0,9456,0,0,5,157,54,144,1,2,226,335,33,5,60,80,543,10,56,106,227,69,1,1488,132,197,0,0,15,82,14,678,1,3,2,0,1,0,1222,7,17,6,0,12,142,33,16,0,1,0,481,170,94,172,188,233,3,0,224,49,469,542,600,376,51,7,7,1,58,3,7,1353,94,6,58,14,269,348,44,66,132,212,21,13,68,0,54,676,2,300,130,204,0,2,69,43,217,0,0,3,78,253,9,28,6,517,58
hsa-miR-6766-3p,1278,2,10,25,120,19,53,38,16,750,0,4,81,124,16,476,12,165,153,368,1262,3,65,16,4,22,23,203,74,656,1,55,116,154,5,24,148,14,89,37,1,6,131,0,297,0,3816,4,48,3,8,13,232,305,94,4,8,0,416,133,1198,229,10,48,978,0,1016,32,1766,752,1997,885,61,1,8,837,237,32,4,658,645,45,14,33,954,2305,19,44,93,291,48,14,791,2,53,2892,48,80,371,65,0,86,114,678,89,1,2,52,124,260,1,123,0,732,172
hsa-miR-6766-5p,76,0,1,0,59,0,1,38,1,3,0,0,48,30,22,0,0,3,4,7,14,2,2,2,69,1,1,3,2,5,0,6,3,1,2,0,72,2,0,162,0,0,1,0,1,0,194,2,4,0,0,1,4,1,2,0,1,0,2,32,0,23,2,0,4,0,21,485,154,111,4,18,1,0,2,1,9,3,0,105,37,2,4,2,199,54,9,21,3,167,1,43,16,0,0,174,29,112,43,0,0,2,30,1,0,0,1,0,63,27,0,13,1,129,21
hsa-miR-6767-3p,433,0,84,10,417,5,316,115,8,1260,1,3,135,274,171,6,85,72,298,726,1028,4,78,363,254,3,135,81,75,191,50,134,398,53,2,0,444,362,48,618,0,5,263,0,891,0,1726,1,14,1,61,5,273,53,483,0,40,0,2,317,86,165,12,6,416,1,2130,116,195,501,12,1214,14,139,43,1,259,197,19,264,105,47,237,1,391,65,72,152,61,79,2,282,1996,18,0,360,183,1069,38,1,0,82,3183,57,25,1,42,212,69,39,0,129,30,71,66
hsa-miR-6767-5p,257,0,1,0,0,2,1,5,0,4,0,0,65,1,45,0,1,38,2,2,9,0,0,3,4,1,21,0,116,6,0,65,2,5,1,37,2,0,15,71,0,0,0,0,0,0,17,0,0,0,0,1,8,0,2,1,9,0,0,0,0,33,0,0,1,0,277,52,132,4,3,7,0,18,34,0,0,2,0,401,1,0,49,0,1,0,29,1,19,0,11,4,6,0,0,85,0,2,27,39,0,3,12,2,222,0,0,0,0,6,0,19,0,97,54
hsa-miR-6768-3p,260,11,145,25,219,7,152,71,13,303,0,11,104,456,71,32,21,57,555,306,1438,1,78,31,450,12,81,27,402,1127,0,33,201,77,0,0,151,311,50,122,0,0,295,0,243,0,1521,13,30,3,41,27,133,0,1542,40,21,4,46,104,323,65,72,1,195,0,6492,451,157,529,29,1242,280,30,1,4,31,464,31,234,61,12,174,2,378,175,7,190,107,302,5,157,651,20,7,273,82,659,215,1,0,183,1979,1,1,3,1,303,69,85,1,69,10,220,0
hsa-miR-6768-5p,308,13,31,1,23,285,82,9,4,906,0,6,1255,223,30,101,43,11,138,178,33,0,47,45,136,9,6,425,140,27,6,242,337,96,3,2,39,36,94,150,0,2,8,0,6,0,2333,37,24,0,0,16,42,158,171,0,1,0,57,123,469,88,17,33,219,0,28,630,196,3250,24,484,20,3,41,1,90,84,6,880,125,3,48,27,68,442,29,284,18,176,10,20,4817,9,1,715,6,360,66,218,0,3,254,92,37,0,2,4,2,37,2,6,0,110,94
hsa-miR-6769a-3p,101,2,10,0,4,2,2,8,1,598,1,0,3,54,29,2,2,4,35,201,15,0,43,1,633,7,8,34,2,37,0,13,65,111,1,7,2,25,11,181,0,1,32,0,0,1,968,7,1,45,0,9,91,32,36,1,6,0,138,26,128,20,2,2,313,0,70,22,23,477,585,382,39,5,12,1,25,15,4,448,51,2,27,14,1176,131,56,28,29,1595,7,10,30,1,44,307,21,81,93,301,0,33,29,55,116,11,0,47,34,87,0,0,0,206,28
hsa-miR-6769a-5p,4660,37,473,81,2211,39,1041,1189,181,4997,2,124,3281,2448,758,822,758,1654,2315,1312,13421,33,2573,1674,2666,84,3120,2322,1648,4499,2,941,3475,1429,44,98,2889,1593,373,3115,6,13,2108,2,3295,0,12540,144,426,256,6,98,2663,1070,5833,30,235,150,1404,1353,2375,2058,841,1632,7416,26,18973,1940,4506,7328,2318,11510,1673,885,846,2458,877,2956,228,3541,1561,863,1505,231,1250,3340,952,407,797,2925,115,2577,16815,157,183,4524,1979,5957,1477,690,0,1019,22044,1997,846,115,175,933,2175,1081,11,930,90,2348,574
hsa-miR-6769b-3p,331,0,4,0,36,1,4,3,2,587,0,0,327,2,7,0,3,8,22,288,214,0,1,2,3,2,5,3,4,95,0,188,4,60,1,0,6,2,5,461,0,0,4,0,0,0,1444,0,0,1,0,16,3,95,3,0,0,0,50,3,3,36,187,5,117,1,20,7,295,270,9,25,1,0,86,0,110,5,27,311,99,70,3,1,5,140,0,0,9,5,8,3,56,0,0,234,0,3,48,151,0,5,93,1,48,0,0,1,1,93,1,2,0,1,21
hsa-miR-6769b-5p,654,5,4,0,55,10,21,11,5,1864,0,0,70,28,41,106,7,33,156,695,497,5,180,6,6,5,30,17,56,54,1,1,20,79,0,0,150,12,1,114,31,5,76,0,122,0,973,0,20,7,2,13,12,364,18,0,2,1,12,282,69,98,8,4,288,2,144,28,315,1642,709,47,135,44,28,10,102,18,17,1413,354,45,14,0,138,387,14,1,33,76,39,96,78,3,33,262,51,226,182,322,0,26,1339,4,3,1,2,3,2,80,2,18,1,93,8
hsa-miR-6770-3p,4,0,1,0,20,1,1,1,1,596,0,0,104,106,9,13,8,2,0,138,8,0,1,1,343,6,1,5,23,70,19,0,1,37,0,0,3,34,0,2,0,1,2,0,1,0,729,0,25,0,0,3,5,16,4,0,0,0,0,33,83,0,1,1,42,0,14,8,202,95,8,10,86,0,1,2,0,0,3,141,2,2,1,10,20,45,0,47,11,40,0,60,24,0,4,80,1,5,0,206,0,3,287,0,34,1,0,16,24,3,0,0,3,2,14
hsa-miR-6770-5p,0,4,3,0,2,1,4,16,2,0,0,0,1,242,16,87,2,7,0,0,17,1,0,1,2,0,2,0,0,1,0,95,2,0,0,0,3,0,0,1,0,4,0,0,0,0,1392,9,3,0,0,0,87,0,1,1,21,0,0,85,0,2,1,0,160,0,11,6,1,0,1,21,2,1,0,0,1,1,0,64,0,3,0,0,0,9,29,0,16,0,0,6,9,0,0,41,1,1,1,0,0,5,13,1,35,0,0,0,0,0,0,1,0,0,0
hsa-miR-6771-3p,7,0,21,0,136,1,16,1,1,1693,0,0,3,4,10,0,1,1,1,7,7,0,2,4,5,4,147,31,0,33,1,168,1,0,2,1,3,2,0,68,59,1,2,0,213,0,269,0,9,37,0,7,3,137,5,0,0,0,55,108,120,2,0,0,1294,0,9,3,111,0,7,7,1,0,0,0,1,3,12,191,72,1,3,28,476,155,0,0,123,211,0,1,20,17,0,545,0,93,1,174,0,0,9,3,45,0,0,1,95,0,0,5,0,221,1
hsa-miR-6771-5p,1054,9,273,4,29,2,196,28,4,167,2,0,199,217,220,72,3,109,53,14,54,0,79,88,390,12,35,19,179,107,30,200,247,60,8,2,550,58,8,180,1,11,22,0,3,0,1450,11,19,3,1,55,219,71,191,1,0,1,207,288,173,709,30,27,800,0,78,2566,286,656,66,509,35,32,12,110,68,24,22,574,165,4,33,6,228,216,23,800,101,89,47,7,10443,7,37,691,3,442,253,54,0,90,679,311,398,0,1,2,42,140,0,123,25,294,76
hsa-miR-6772-3p,53,0,27,0,73,2,2,2,0,211,0,0,6,2,1,0,2,2,111,1,7,0,3,43,159,3,3,35,0,2,0,0,2,0,0,0,3,33,4,2,1,0,51,0,1,0,181,0,2,0,0,0,6,110,3,0,0,0,78,0,146,1,5,0,1,0,619,39,150,4,13,7,42,25,0,0,2,81,0,65,72,2,1,0,0,50,30,0,74,0,1,0,23,3,0,180,37,240,0,1,0,21,21,0,45,0,0,28,40,0,0,0,0,0,0
hsa-miR-6772-5p,14,3,2,16,53,1,5,2,7,673,0,1,5,2,67,3,6,2,48,4,144,0,11,64,4,120,6,142,2,11,0,6,9,110,0,0,221,231,1,309,1,0,3,0,39,0,815,0,3,1,1,34,8,3,4,0,24,0,7,71,7,90,3,70,2,0,1351,31,276,323,9,125,4,3,0,4,65,194,12,22,105,55,3,5,80,116,11,78,7,146,7,42,33,1,0,168,0,130,1,178,0,35,32,2,2,1,0,40,2,3,0,4,0,1,15
hsa-miR-6773-3p,88,0,11,1,70,1,38,19,0,55,0,0,19,66,67,0,6,97,56,12,392,2,110,181,173,2,15,30,35,382,0,144,109,52,0,0,235,85,10,53,0,3,14,0,4,0,1302,0,0,1,0,0,28,55,18,0,17,0,5,29,118,131,7,21,11,3,344,56,128,36,38,465,12,35,34,3,28,21,10,196,26,97,9,1,236,5,26,0,14,21,1,189,1183,3,4,40,39,92,19,0,0,3,101,6,2,2,0,12,102,18,0,11,1,50,3
hsa-miR-6773-5p,113,0,69,0,66,1,49,58,8,505,0,1,0,1,22,0,6,0,1,2,485,1,132,3,0,0,1586,65,1,132,0,5,3,1,0,0,20,139,1,121,0,23,61,0,888,0,2910,1,0,82,0,1,5,0,77,40,3,0,1,3,2,18,0,1,1,0,545,11,4,4,8,163,3,0,2,0,38,4,16,204,1,7,89,0,35,45,2,1,20,0,0,4,198,2,0,255,9,1,3,250,0,6,12,1,35,0,2,209,4,0,0,6,0,0,14
hsa-miR-6774-3p,5,0,2,0,151,0,101,22,2,447,2,0,5,129,49,16,84,146,292,352,182,0,57,274,202,2,65,195,31,334,0,4,289,4,0,1,9,98,0,78,0,8,96,0,73,1,944,2,8,4,0,62,13,31,229,0,7,0,18,1,33,41,38,0,1,0,693,38,377,1,27,27,108,46,42,1,23,106,5,498,12,12,11,9,0,25,77,15,23,38,17,156,124,18,8,249,24,327,0,44,0,79,554,0,47,9,4,92,156,84,1,19,38,90,2
hsa-miR-6774-5p,0,8,4,4,26,0,1,93,4,247,0,0,4,90,27,23,4,24,94,98,702,0,3,5,4,1,6,123,2,17,0,43,2,11,0,0,8,3,11,8,0,1,25,0,36,0,1959,7,9,6,0,15,24,31,13,0,1,0,44,11,49,6,3,1,630,0,505,13,170,345,18,31,76,20,3,1,68,96,9,170,120,2,1,2,113,87,0,52,38,177,7,147,29,5,10,129,33,137,34,67,0,5,23,52,84,1,0,0,0,92,0,2,1,0,41
hsa-miR-6775-3p,5,0,4,0,2,3,80,30,10,168,0,0,4,30,18,42,0,24,35,676,10,0,3,81,13,215,5,0,17,13,0,2,26,0,0,0,2,7,38,233,0,0,6,0,120,0,658,0,2,0,0,6,25,0,43,0,0,0,21,61,139,8,5,2,2,0,16,333,203,138,49,11,1,0,1,0,5,11,53,246,1,0,3,1,114,49,1,1,12,6,14,2,19,1,1,343,0,31,58,2,0,13,35,70,221,0,0,56,0,122,0,9,0,1,24
hsa-miR-6775-5p,956,3,4,6,44,6,23,18,11,1332,1,7,201,69,167,117,5,89,100,15,23,0,5,23,358,11,6,142,4,37,0,545,117,14,0,14,11,10,15,29,0,7,31,0,265,0,2164,16,2,9,1,11,115,38,27,0,0,0,132,164,494,69,4,8,726,0,15,26,694,260,161,26,2,121,61,3,28,22,25,296,228,1,2,24,420,357,49,171,65,167,19,18,851,18,19,895,1,430,90,226,0,4,86,312,78,0,0,2,2,67,1,32,0,55,130
hsa-miR-6776-3p,129,0,2,0,0,3,79,11,0,2,0,1,10,1,19,1,0,23,82,3,17,0,1,143,2,1,2,143,4,9,0,27,2,0,0,0,1,3,7,6,0,0,26,0,0,0,63,5,0,0,0,2,58,5,2,0,2,0,2,0,4,59,1,0,0,32,779,10,156,4,5,11,4,24,0,1,1,3,0,238,16,2,35,0,93,112,13,25,17,166,6,1,36,0,0,103,30,4,1,32,0,74,509,2,85,1,0,0,0,93,0,2,0,1,0
hsa-miR-6776-5p,3,0,3,2,0,1,39,4,0,4,0,0,5,92,65,6,27,80,33,477,26,0,232,63,239,1,46,2,1,6,0,2,77,14,0,0,8,4,22,10,1,3,2,0,227,0,568,0,0,0,0,0,10,3,3,0,18,0,2,0,182,7,1,2,12,0,25,11,112,196,8,576,2,0,1,1,54,42,0,191,86,1,5,0,4,20,33,0,5,199,7,8,27,4,0,263,7,61,4,0,0,86,24,0,1,0,0,48,3,55,0,0,0,29,1
hsa-miR-6777-3p,4,2,0,0,1,2,1,3,0,6,0,0,3,3,0,8,1,61,0,0,2,0,0,3,30,2,1,4,0,646,0,26,2,0,0,0,1,1,0,5,0,0,1,0,0,0,92,0,0,1,0,4,3,0,4,0,0,0,0,111,65,0,0,0,3,0,0,1,239,6,7,6,1,1,0,0,1,0,14,2,1,1,1,103,0,57,0,0,3,0,2,0,6,0,0,144,1,1,53,1,0,1,9,0,2,0,0,0,1,0,0,0,0,0,0
hsa-miR-6777-5p,1208,16,3,5,0,8,17,30,7,6,1,0,137,245,77,42,89,65,4,1006,407,3,7,10,297,11,8,63,116,12,1,42,4,1,0,5,14,11,11,201,27,0,116,0,45,85,1243,0,30,23,2,23,240,48,15,0,0,0,22,285,605,295,8,41,420,110,1111,556,918,108,739,434,4,34,2,1785,93,4,14,388,239,3,32,12,306,238,63,2,85,0,12,56,508,7,26,697,32,476,263,0,0,1,438,122,82,1,0,123,1,31,1,94,0,49,13
hsa-miR-6778-3p,701,6,2,24,3,4,58,4,8,215,0,0,16,239,68,6,24,119,5,922,550,1,270,229,4,2,123,83,45,18,0,46,11,48,0,8,5,39,1,26,104,6,119,0,182,10,489,0,2,2,0,4,568,65,13,0,13,1,127,31,99,104,8,31,1466,0,510,544,337,418,109,28,6,17,61,0,2,6,12,46,59,30,120,6,239,90,1,55,11,27,12,4,469,16,12,423,9,117,60,1,0,4,234,3,72,1,0,2,0,1,0,59,0,1,7
hsa-miR-6778-5p,14,2,17,10,0,1,37,48,1,54,0,0,36,92,15,13,3,74,34,206,18,3,2,6,1,4,1,6,1,165,1,5,93,4,1,0,69,61,31,12,1,0,4,0,3,0,264,0,1,5,0,8,107,172,401,1,10,0,7,24,213,111,4,236,408,0,281,12,443,255,191,237,101,22,2,0,30,6,0,335,104,2,3,0,121,226,30,20,44,173,9,86,319,0,7,629,1,17,55,3,0,29,162,209,87,6,0,0,1,54,0,13,0,163,9
hsa-miR-6779-3p,566,4,3,0,136,5,1,1,0,257,1,0,2,21,223,41,13,2,75,527,516,0,4,10,2,6,1,3,3,16,22,1,5,0,0,22,5,7,0,49,1,0,42,0,62,0,284,11,10,0,0,6,11,149,7,0,0,0,0,139,186,1,2,84,30,0,9,14,458,160,10,5,3,0,1,205,28,21,6,41,271,3,6,10,75,325,3,0,5,52,1,2,1389,0,0,311,10,95,1,1,0,1,46,2,44,18,0,1,3,37,0,1,0,1,46
hsa-miR-6779-5p,134,6,81,12,6,800,8,1,0,478,0,0,7,171,51,44,0,5,165,225,72,0,230,7,250,124,1,2,9,243,1,123,6,88,0,1,24,22,39,56,58,3,26,0,3,43,785,0,21,38,51,9,9,281,152,7,3,0,34,51,518,170,3,1,17919,0,20,23,321,1428,849,26,3,21,62,2,22,2,19,641,233,2,2,11,382,346,22,53,34,408,13,1,55,1,24,562,2,88,101,88,0,6,51,431,83,22,0,190,122,68,0,13,0,6,49
hsa-miR-6780a-3p,72,0,1,1,37,0,21,2,0,643,7,0,248,2,0,0,1,85,16,128,148,2,57,53,5,0,2,35,31,6,0,0,1,0,0,0,52,6,1,121,42,0,2,0,2,0,19,0,8,0,0,0,35,341,50,0,1,0,35,22,33,24,4,40,1,0,124,45,63,1,6,107,2,31,0,0,9,47,7,93,76,1,36,18,40,1,5,29,3,1,0,25,20,6,0,31,15,107,0,0,0,0,38,1,12,0,0,3,6,10,0,0,1,83,12
hsa-miR-6780a-5p,131,0,186,10,124,2,62,106,13,720,0,3,190,180,104,48,26,188,199,977,1470,4,86,547,239,6,314,275,30,210,3,279,112,66,1,0,497,496,55,951,16,0,343,1,576,0,1374,13,19,117,0,25,383,202,168,0,39,19,33,89,146,270,91,99,570,0,1279,307,251,397,17,701,58,51,33,1,169,173,51,358,38,59,86,33,296,140,56,279,139,228,12,87,1167,15,17,180,112,782,265,195,0,133,1276,51,218,1,42,107,100,100,3,225,4,38,38
hsa-miR-6780b-3p,485,0,90,7,220,11,318,198,22,1170,0,25,232,419,124,146,83,566,323,347,2435,7,438,385,568,345,556,245,210,654,0,250,665,78,1,1,371,292,49,821,0,5,296,0,596,0,2999,2,30,28,15,57,444,327,345,1,51,2,314,123,349,296,30,170,506,23,2280,141,503,1847,565,2984,273,127,92,0,279,681,64,937,339,121,297,23,363,254,155,285,111,171,32,441,1604,31,65,623,72,448,111,56,0,239,3826,330,178,36,70,152,185,264,5,201,19,705,91
hsa-miR-6780b-5p,897,0,58,0,195,481,9,103,9,1756,2,6,1723,258,45,119,6,104,128,21,692,3,122,121,4,112,22,148,164,29,0,257,27,6,0,0,189,123,21,65,0,0,323,1,13,1,6416,16,7,101,0,34,88,281,536,0,2,0,227,20,380,255,77,19,3,2,184,158,11,472,422,165,104,101,1,4,62,25,0,199,173,17,28,3,119,273,7,142,22,175,17,46,5032,5,30,709,15,116,3,1,0,44,1695,6,43,1,0,1,93,130,0,93,0,5,66
hsa-miR-6781-3p,173,4,0,1,5,5,3,7,10,327,0,0,8,79,35,43,11,61,64,13,219,1,83,5,3,0,81,512,2,316,1,91,95,31,0,1,5,7,0,280,0,0,32,0,0,0,501,0,10,22,0,43,12,106,225,1,1,0,29,26,236,3,5,1,0,0,625,23,184,712,96,29,4,0,2,3,16,75,0,164,13,4,31,1,40,5,2,5,11,1,2,7,83,3,7,272,65,255,44,25,0,43,575,472,12,0,1,3,53,0,2,25,5,5,66
hsa-miR-6781-5p,292,0,6,0,8,15,45,4,25,10870,0,0,47,5,107,168,5,1,129,5857,31,1,6,106,174,11,9,139,4,99,1,398,4,0,1,2,13,11,10,305,2,29,47,0,295,15,3492,7,13,14,0,29,13,199,30,2,1,0,1224,37,256,75,192,1055,314,1,41,47,887,851,1526,24,143,65,87,1,56,9,54,2985,97,1,63,57,94,814,0,192,482,58,14,7,280,0,84,695,1,7,1014,548,0,4,53,3,215,0,0,671,139,10,0,51,0,3,172
hsa-miR-6782-3p,542,0,142,1,119,2,15,87,11,453,0,1,439,545,100,8,16,277,225,245,1365,5,304,184,257,12,77,191,121,304,0,45,477,154,0,28,203,149,2,429,1,6,142,0,1,0,3267,1,15,0,0,30,27,106,440,0,61,0,5,2,18,158,11,0,98,1,3545,64,149,37,474,2680,174,2,4,634,135,184,1,486,2,95,11,35,540,152,122,97,17,249,7,186,113,2,13,366,134,489,5,3,0,142,159,4,146,32,2,139,109,74,0,167,1,104,164
hsa-miR-6782-5p,1574,0,11,1,195,488,10,17,4,160,0,1,68,635,50,36,15,45,69,53,1468,3,27,50,521,19,63,75,134,87,1,37,33,65,0,1,153,119,8,102,66,3,34,1,2,1,3279,38,13,1,3,6,26,33,339,1,18,1,107,69,436,127,597,228,1994,1,463,108,695,384,571,126,53,16,10,12,103,118,57,300,843,11,142,14,183,356,21,10,29,243,10,69,96,3,42,1373,29,306,26,5,0,17,252,5,160,2,3,7,86,55,2,34,0,162,47
hsa-miR-6783-3p,522,6,5,3,91,11,17,21,6,238,1,0,72,157,2,60,10,6,3,28,32,2,4,17,19,10,4,87,7,28,0,4,14,4,1,0,8,8,6,48,82,2,15,0,4,1,2721,1,6,0,0,8,42,14,13,5,3,0,147,188,201,72,7,76,97,0,47,169,64,246,119,514,6,53,11,4,45,8,29,261,156,5,15,13,154,123,10,177,86,23,6,36,835,7,5,1296,3,21,5,151,0,7,118,15,10,1,14,17,10,15,0,6,0,35,18
hsa-miR-6783-5p,826,4,4,18,143,5,78,19,4,759,0,0,4,166,81,81,37,40,2,6,50,1,184,97,310,8,117,175,17,27,0,129,237,30,1,0,16,285,1,126,166,13,5,0,131,1,2996,10,52,0,0,48,16,513,7,0,1,0,0,272,217,117,3,21,3,0,386,34,328,1390,59,336,5,25,0,1,7,132,0,134,4,128,4,1,89,476,67,125,33,429,14,6,62,3,4,383,62,142,0,0,0,216,812,5,83,1,1,1,2,92,1,27,14,512,68
hsa-miR-6784-3p,225,0,36,0,49,4,4,18,4,8,0,0,5,80,12,12,12,11,61,15,42,0,20,51,4,4,29,9,1,6,2,65,38,2,0,0,9,3,0,2,0,7,129,0,4,0,440,1,1,27,0,10,16,130,4,0,3,0,33,1,293,108,1,5,3,47,1035,5,186,158,213,22,4,1,10,0,27,3,0,4,1,4,103,0,27,162,1,57,11,1,0,3,17,0,7,260,6,11,4,0,0,22,32,0,1,1,0,1,2,18,1,65,0,1,14
hsa-miR-6784-5p,744,0,0,0,1,6,33,5,3,54,0,12,3,43,3,0,6,132,15,478,20,0,2,23,264,2,112,62,2,13,0,60,58,11,0,0,4,2,17,8,0,0,4,0,0,1,762,0,0,2,0,8,1,3,126,0,0,0,15,2,64,15,1,191,47,0,142,9,51,158,13,135,2,1,13,1,18,74,2,86,18,0,1,1,421,116,0,22,23,204,2,25,21,0,1,422,0,10,111,107,0,58,18,3,30,0,0,3,22,11,0,35,0,1,42
hsa-miR-6785-3p,1788,15,194,27,359,17,153,46,28,2990,1,14,487,454,181,204,63,284,760,754,3219,0,176,276,1933,31,67,267,614,1611,1,261,197,317,2,26,322,306,143,362,12,14,340,0,479,0,3152,26,103,13,36,38,280,258,1433,91,26,6,333,218,1489,300,106,172,1102,1,6481,566,996,2244,913,1217,260,262,6,375,159,428,66,1016,999,26,165,53,681,1316,28,176,164,701,59,105,824,61,72,1794,67,730,413,3,0,199,8989,131,202,8,0,290,70,681,11,92,62,251,77
hsa-miR-6785-5p,1655,5,97,23,612,21,137,288,81,4036,1,33,1253,1174,320,206,70,351,1122,2184,2436,15,187,1004,1691,29,392,270,389,1605,1,3832,418,488,3,2,355,489,93,1083,3,13,611,0,868,16,8759,0,94,50,3,64,628,303,944,1,52,12,362,119,1647,378,37,437,1552,0,6251,938,1536,1893,1119,2378,275,197,138,270,453,466,21,3192,315,82,460,145,1102,1657,201,423,352,1236,78,447,4739,34,101,2325,232,2212,336,172,0,351,8704,323,615,22,13,179,51,620,9,337,13,443,326
hsa-miR-6786-3p,1012,0,8,3,166,6,24,61,9,1486,1,8,213,129,53,5,4,142,61,620,32,0,123,54,197,4,223,130,51,328,14,49,140,42,0,0,16,275,81,279,0,7,16,0,2,0,1709,8,18,1,0,39,73,96,11,1,33,8,56,57,292,33,4,4,420,0,1391,26,310,1104,16,32,17,114,35,2,115,3,11,956,109,41,56,2,305,74,24,75,20,39,6,1,105,4,8,644,88,253,10,0,0,14,82,413,78,0,0,27,118,89,1,87,7,153,18
hsa-miR-6786-5p,308,13,6,1,221,2,3,2,3,554,0,0,19,186,141,19,1,177,279,547,324,2,4,9,658,9,3,26,10,379,38,82,69,170,4,0,115,126,41,42,9,0,4,0,17,24,1679,0,31,64,0,4,17,89,5,1,33,1,106,252,194,114,17,29,964,0,466,57,397,666,561,31,88,128,59,1,58,51,21,1788,272,1,4,0,254,290,51,67,39,177,19,73,71,30,53,771,20,254,4,2,0,47,834,154,156,0,0,265,1,159,1,79,0,69,32
hsa-miR-6787-3p,638,10,189,11,428,9,306,231,13,848,1,24,165,659,158,9,30,766,723,1512,3599,23,679,558,569,18,239,527,319,208,1,450,593,29,2,0,514,362,74,391,0,3,145,0,333,0,3292,12,23,23,1,60,509,446,1653,1,132,51,19,278,534,247,28,331,2963,0,3703,1431,247,3780,388,2712,651,291,250,257,234,677,35,113,409,110,84,52,410,210,152,338,103,1880,42,259,1809,18,29,333,140,699,171,180,0,118,3176,510,145,138,147,336,274,348,4,223,117,217,57
hsa-miR-6787-5p,1454,41,103,3,283,1750,113,156,16,1706,3,1,236,518,473,297,33,407,586,1461,3715,3,393,379,462,1516,140,373,135,912,3,1081,231,414,3,26,515,103,6,1278,2,3,99,3,369,28,7173,6,46,2,3,145,70,374,353,1,11,38,200,122,2301,204,235,347,456,9,7021,2224,1063,46,1040,2709,553,146,162,1487,348,476,36,1661,727,89,225,52,648,1387,487,27,197,892,37,549,631,7,75,1773,152,800,107,677,0,403,3987,376,260,7,3,478,63,234,1,247,26,273,24
hsa-miR-6788-3p,416,0,1,0,0,5,3,77,1,844,0,0,36,6,1,147,2,62,42,3,5,0,11,6,3,5,2,4,112,99,0,42,15,0,2,0,6,33,36,76,0,3,1,0,73,0,1080,3,1,1,0,0,52,39,23,2,0,0,73,22,107,19,5,4,141,1,182,13,286,850,284,13,108,1,32,0,29,3,0,661,35,4,3,1,229,78,0,132,55,1,3,20,23,1,23,420,9,139,4,145,0,0,28,3,126,0,0,0,0,6,1,1,0,305,2
hsa-miR-6788-5p,5,0,0,1,0,3,1,0,0,5,0,0,105,115,39,0,0,7,2,4,2,0,5,5,0,0,60,4,2,208,0,1,88,0,0,0,83,73,0,3,0,9,201,0,217,0,7,0,0,60,0,28,28,0,6,0,1,1,0,68,1,69,1,0,0,0,2,282,85,1,6,6,2,3,1,0,0,1,0,22,0,0,2,0,1,135,11,1,0,0,0,2,113,2,5,233,0,61,0,0,0,0,32,0,0,0,0,0,0,1,0,0,0,2,0
hsa-miR-6789-3p,67,2,3,0,74,3,4,1,5,182,0,0,5,135,4,40,4,141,49,569,961,0,61,3,214,62,25,3,124,221,0,36,115,43,4,1,7,4,5,88,3,0,0,0,78,0,913,1,13,22,94,23,282,32,8,2,3,0,3,43,209,56,1,27,227,2,15,16,360,346,61,181,16,80,1,197,41,4,4,1211,335,5,0,15,75,76,0,43,49,171,12,1,30,0,10,382,3,34,165,11,0,29,122,176,83,1,1,70,18,100,0,10,16,4,172
hsa-miR-6789-5p,567,9,90,26,105,4,10,146,35,1820,0,0,328,80,116,21,19,45,151,394,155,2,43,147,212,7,125,169,99,333,1,120,170,131,0,4,232,10,23,55,0,0,14,0,253,25,16822,2,18,1,4,44,14,213,17,2,6,0,1,172,451,232,6,258,422,0,227,61,526,948,1214,704,5,114,101,755,78,7,46,1328,91,83,9,2,130,388,9,81,118,364,28,92,665,0,61,1133,6,315,73,168,0,24,395,204,102,6,3,3,122,191,4,62,1,130,124
hsa-miR-6790-3p,559,0,71,25,311,1,117,71,10,632,41,9,369,275,94,29,8,66,83,926,703,2,98,120,595,11,49,174,23,398,0,131,10,219,1,5,51,94,50,229,1,4,191,0,88,0,3936,0,31,1,0,44,18,61,301,1,7,0,150,61,269,63,5,70,476,1,319,119,403,1162,89,512,5,15,177,1155,94,84,25,369,42,7,79,65,666,668,14,17,187,338,13,123,86,9,19,623,48,74,37,348,0,27,96,2,119,0,15,40,1,126,0,4,52,351,264
hsa-miR-6790-5p,1687,6,161,11,65,11,6,64,11,756,0,6,345,249,181,10,8,28,142,426,33,0,8,189,628,29,39,136,42,204,0,170,40,44,16,8,240,256,34,111,66,4,10,0,86,0,2462,25,38,8,0,9,281,134,367,1,19,4,63,39,547,372,10,297,998,45,321,46,730,881,244,516,21,71,6,4,24,160,15,345,381,3,11,1,491,653,83,213,105,1081,27,34,795,1,29,3109,24,60,192,198,0,74,420,75,141,3,0,52,57,159,0,88,8,281,95
hsa-miR-6791-3p,282,1,96,1,71,3,6,4,2,749,0,18,64,3,1,76,0,98,1,482,13,0,2,4,42,1,32,3,2,8,10,58,22,12,2,0,6,61,9,187,1,0,91,0,68,0,1008,12,21,0,1,28,3,43,11,0,1,0,57,19,150,59,1,30,103,0,7,9,103,991,16,22,38,138,2,0,22,5,0,142,25,1,1,31,173,204,53,0,16,77,6,1,25,0,0,449,1,31,56,31,0,0,21,45,9,0,0,154,3,42,1,5,0,0,64
hsa-miR-6791-5p,53,0,3,1,141,4,52,30,4,1431,0,27,3421,39,43,34,5,27,99,411,49,1,179,41,61,5,6,141,14,30,0,1706,13,35,52,2,9,30,34,339,0,1,10,0,11,0,2525,7,6,2,0,23,99,206,6,0,1,1,75,1,183,12,24,1,3,0,117,140,328,381,6,222,167,1,108,0,12,33,12,438,40,4,26,19,43,105,22,387,86,43,14,39,3655,12,2,387,2,340,0,36,0,13,513,58,3,0,3,0,64,93,5,129,0,2,79
hsa-miR-6792-3p,18,0,42,0,69,6,4,21,9,2127,0,2,9,54,85,7,7,118,39,32,778,1,15,120,282,5,5,7,40,53,1,142,60,50,0,0,12,191,7,10,1,0,114,0,48,0,1040,0,9,3,0,2,11,73,4,0,5,0,31,54,55,47,7,0,69,0,950,43,99,700,5,17,51,12,103,2,20,1,8,4,28,3,6,5,202,81,15,1,17,32,15,3,274,1,0,343,29,166,68,63,0,3,737,0,16,0,0,73,193,21,0,30,0,2,33
hsa-miR-6792-5p,40,0,3,16,1,3,1,24,0,6,0,0,1,11,26,36,0,5,38,3,2,0,2,0,0,1,77,1,2,0,0,0,1,0,1,0,1,19,5,1,0,0,0,0,0,0,13,0,1,0,0,0,77,20,2,0,0,1,0,0,3,17,0,0,179,0,0,4,200,186,3,4,3,1,1,0,2,0,12,1,95,0,19,1,110,15,40,0,0,91,1,0,129,2,0,293,1,110,1,0,0,2,15,0,20,0,0,1,0,8,0,25,0,2,0
hsa-miR-6793-3p,179,2,10,1,0,1,2,140,3,393,1,0,251,262,22,1,7,237,164,4,28,0,80,166,2,1,83,428,7,12,0,102,3,1,0,0,302,89,0,781,0,9,82,0,4,1,1541,0,3,0,1,7,15,0,365,0,0,0,72,0,81,136,5,4,3,0,729,28,233,3,115,365,207,54,80,0,16,137,7,233,73,6,5,14,230,54,31,2,13,40,13,6,80,0,3,127,41,8,0,112,0,16,309,469,108,63,0,1,0,193,0,91,0,1,0
hsa-miR-6793-5p,279,0,76,5,387,9,83,136,47,1429,1,0,181,332,250,26,167,163,184,709,1105,8,95,178,517,24,181,255,136,57,15,4154,133,89,1,3,143,186,80,782,108,0,19,1,158,0,3793,30,59,36,2,19,202,114,349,0,9,39,309,23,168,139,103,113,611,2,285,360,1153,841,123,159,11,51,97,2518,263,372,42,1019,393,85,19,11,495,952,39,218,527,1425,23,18,3711,10,23,2106,46,404,33,646,0,91,212,2,146,205,0,361,181,191,6,74,41,170,310
hsa-miR-6794-3p,58,4,1,1,1,1,43,1,1,357,22,0,1,43,1,39,0,0,12,101,188,1,2,51,206,2,1,1,1,5,0,1,62,41,0,0,1,3,0,6,0,0,0,0,0,0,352,0,3,0,0,7,42,1,83,0,0,1,79,16,32,1,1,0,140,0,358,1,180,1,44,105,40,0,2,0,62,1,8,206,34,6,1,5,2,23,8,1,6,2,6,52,7,0,3,210,1,51,0,0,0,0,15,1,1,0,0,38,0,85,0,1,0,1,26
hsa-miR-6794-5p,129,22,90,0,42,2,54,35,3,308,0,0,34,143,79,11,3,145,13,1111,695,1,26,26,6,2,24,29,19,353,0,21,36,36,0,0,35,5,12,12,0,2,161,0,35,0,1206,0,3,0,0,16,35,0,63,0,2,3,95,163,231,94,26,35,433,0,148,47,332,183,164,283,296,104,33,0,22,124,10,567,4,9,17,0,277,48,6,40,10,202,44,10,255,4,16,123,2,157,0,0,0,45,66,3,331,2,0,66,1,416,0,146,0,45,76
hsa-miR-6795-3p,3,0,1,0,0,0,0,2,0,454,0,0,2,2,7,54,1,0,1,1,12,0,2,4,1,1,1,4,108,5,0,47,0,1,0,0,2,79,0,20,0,0,22,0,126,0,253,0,9,0,1,10,2,0,4,0,0,0,1,45,3,0,3,272,94,0,141,2,0,1,126,178,1,0,0,442,6,40,0,2,2,47,0,16,1,102,0,0,49,3,0,1,13,1,4,194,0,0,1,0,0,2,14,0,1,1,2,0,1,7,0,1,0,51,0
hsa-miR-6795-5p,11,0,1,1,89,3,1,5,10,140,0,0,8,6,10,0,2,59,19,312,194,0,27,7,447,6,1,63,64,36,1,2,9,54,0,0,1,11,4,67,0,0,6,0,2,0,592,0,0,0,0,9,13,491,9,0,0,0,0,0,11,93,0,4,1924,1,32,22,228,993,12,245,54,37,2,1,45,176,0,92,3,6,6,0,31,5,21,1,11,92,9,4,38,1,10,293,0,14,0,2,0,45,1150,421,53,0,5,66,2,27,3,0,1,2,94
hsa-miR-6796-3p,1060,2,184,20,284,6,215,73,16,707,2,25,724,349,151,47,146,365,385,577,2774,10,254,650,232,22,387,471,111,922,1,230,455,99,22,0,451,303,75,129,120,2,416,0,553,0,2946,8,24,168,0,28,478,69,744,0,73,90,228,210,581,378,345,424,398,1,1659,2208,687,582,288,2298,290,114,210,3,142,504,25,948,99,124,163,25,314,535,184,132,178,248,34,211,3483,18,39,619,146,469,73,384,0,114,2837,419,102,1,12,232,417,249,5,205,12,340,70
hsa-miR-6796-5p,1383,19,93,11,55,7,9,15,3,792,1,0,189,138,78,19,72,156,135,774,467,1,43,44,49,11,44,170,126,56,0,248,100,47,0,40,34,204,20,247,1,1,30,0,19,13,1519,5,21,1,0,25,806,8,81,1,2,25,44,158,441,74,18,15,655,0,325,77,809,242,193,103,31,8,42,10,127,70,41,479,41,47,141,17,200,221,4,129,30,43,15,51,2368,0,11,477,55,94,18,27,0,36,1995,16,17,4,3,42,190,119,3,13,1,112,24
hsa-miR-6797-3p,22,4,4,0,0,7,63,48,1,111,15,1,122,104,18,53,17,12,149,285,30,10,180,2155,3,920,52,430,45,16,0,1432,15,247,0,0,14,119,0,21,1,0,114,0,216,0,1051,1,2,2,0,32,12,13,9,0,0,6,234,127,23,28,10,0,171,0,558,38,294,254,126,189,86,23,9,1,53,5,21,186,33,6,6,4,128,39,39,129,43,223,11,6,140,18,7,319,13,219,0,56,0,19,84,2121,79,1,8,0,29,12,5,72,13,40,84
hsa-miR-6797-5p,1224,31,1122,46,2060,41,2415,2246,143,10745,4,39,3697,7102,3353,150,653,4202,5016,4664,22549,39,3569,5218,2859,432,2705,3884,1443,6033,29,1860,3667,1148,13,110,3133,4577,380,9261,17,20,2618,2,2310,123,41366,34,395,186,103,223,1565,663,3930,174,264,15,587,498,2213,2253,265,963,1052,130,27691,1504,2862,4355,1205,19988,5318,397,958,140,2774,6347,221,6055,579,1528,4730,159,5589,987,2832,1216,243,5557,349,3276,9539,249,158,4231,1739,18583,832,1118,1,2397,49822,2076,1341,58,80,737,622,3624,6,1859,41,1407,590
hsa-miR-6798-3p,633,11,205,11,138,4,187,138,7,1864,1,13,841,328,98,53,81,262,219,272,179,1,178,251,1305,28,256,397,151,116,1,442,280,235,2,10,346,192,31,501,65,0,422,0,162,0,1464,14,44,16,0,22,141,74,370,1,16,19,691,117,91,294,408,72,633,2,1090,262,440,999,566,857,52,84,49,5,124,212,17,2525,107,59,49,4,2558,232,72,393,178,226,30,203,1194,10,87,642,70,484,581,83,0,46,455,185,2613,3,3,173,132,195,1,153,1,585,304
hsa-miR-6798-5p,591,3,224,20,334,16,231,329,32,2302,0,6,918,724,195,126,218,744,1130,2395,5853,13,941,1147,622,21,535,885,451,1011,1,2483,931,453,4,0,610,1041,76,1512,16,12,1135,0,1122,6,8469,57,42,58,13,74,529,218,1405,2,58,7,233,195,317,405,138,277,1255,12,5399,663,373,1247,386,3511,282,147,188,218,469,498,52,1913,52,395,369,88,506,383,242,570,424,474,35,541,4498,32,52,650,270,2015,299,252,0,376,6570,544,74,28,13,258,308,260,8,346,46,428,163
hsa-miR-6799-3p,402,5,8,0,101,3,1,1,5,961,1,0,105,2,28,36,0,146,20,56,10,1,145,70,49,5,4,47,80,33,0,152,11,417,2,1,3,9,2,81,19,0,23,0,2,0,1157,11,17,2,0,33,46,38,291,0,1,37,2,257,193,60,114,577,548,0,12,91,238,1447,18,20,9,76,283,0,66,4,5,622,2,1,95,3,152,176,8,75,137,811,9,18,1628,0,11,391,0,261,104,2,0,1,79,0,54,0,0,217,149,0,1,46,25,104,92
hsa-miR-6799-5p,3,1,2,0,0,0,9,8,3,2,0,0,1,0,0,30,0,7,0,1,518,1,0,1,0,0,1,3,0,0,0,3,5,1,0,0,2,2,4,1,0,0,3,0,1,0,631,0,8,0,0,0,0,69,0,0,0,0,0,0,5,19,1,0,56,0,7,2,3,1,53,5,2,0,0,0,0,3,12,5,2,1,32,0,2,9,0,1,13,116,9,4,5,1,2,80,37,31,3,0,0,1,3,1,0,1,1,0,1,22,0,1,0,0,34
hsa-miR-6800-3p,362,0,6,0,33,4,3,4,10,119,0,0,469,8,0,0,1,47,2,273,50,0,8,32,3,1,10,7,8,13,0,18,74,21,0,0,3,4,21,106,1,0,113,0,2,0,1812,0,0,0,0,1,198,2,13,0,0,0,51,0,241,26,1,5,0,0,52,43,177,4,252,38,4,1,1,1,27,9,12,162,48,2,23,0,30,256,3,28,17,5,3,6,35,0,23,297,11,10,26,1,0,7,468,86,77,1,0,1,1,2,0,2,14,215,39
hsa-miR-6800-5p,1512,12,5,7,52,7,2,3,22,5907,2,0,66,236,268,58,6,134,77,153,33,0,3,105,959,25,5,296,76,62,0,66,154,72,1,22,7,3,11,406,76,7,4,0,2,1,2884,0,5,2,11,1,19,100,13,86,0,0,8,47,287,306,6,5,174,111,23,22,280,939,91,22,2,0,6,2,88,79,9,2165,18,3,102,6,761,192,2,1,160,509,17,2,41,4,14,846,1,95,1,2,0,6,64,59,304,1,1,4,1,179,3,3,0,384,40
hsa-miR-6801-3p,423,0,2,0,116,1,32,2,0,126,0,0,0,2,0,8,49,25,1,8,4,0,0,18,37,2,4,2,2,49,0,0,0,27,0,7,1,7,28,71,0,0,0,0,2,0,124,0,7,0,0,2,3,36,38,1,0,0,0,31,68,22,2,1,4934,0,5,4,173,126,183,476,0,8,2,0,3,0,4,1030,3,61,0,2,1,64,1,0,18,1,8,2,267,0,6,179,0,51,0,91,0,16,12,0,21,0,0,53,1,22,0,14,29,1,32
hsa-miR-6801-5p,247,0,16,0,87,2,21,69,7,328,0,1,51,135,78,51,56,105,46,289,551,0,139,190,397,90,139,150,67,177,0,36,422,15,0,14,49,144,6,128,16,9,43,0,92,0,1732,5,11,16,0,34,55,26,447,0,3,0,200,51,82,23,10,151,178,0,956,80,140,0,12,1143,132,43,56,0,130,70,3,265,103,64,104,1,55,113,22,1,41,72,3,157,160,7,6,138,46,705,160,20,0,94,1963,2,35,12,22,61,23,39,0,56,4,414,82
hsa-miR-6802-3p,8,0,4,0,3,0,5,2,0,172,21,0,341,255,47,12,3,54,336,8,873,1,116,19,4,3,76,8,112,14,1,1,214,11,1,0,157,14,13,337,0,0,114,0,7,17,561,1,17,0,0,0,268,65,8,1,34,21,0,238,79,142,15,5,70,2,270,31,203,8,225,53,91,59,178,42,18,11,4,117,238,6,2,2,118,311,60,346,93,0,8,67,96,3,11,491,1,243,3,0,0,45,98,6,4,1,0,2,1,3,2,64,0,1,56
hsa-miR-6802-5p,2432,13,9,1,144,99,8,99,7,2066,0,28,91,265,100,192,76,288,248,378,587,2,13,74,1535,26,58,6,46,68,0,1120,123,132,2,1,21,8,38,699,14,1,206,0,375,9,7294,5,38,4,0,4,45,99,48,1,12,0,491,182,597,73,4,341,3344,0,431,50,833,730,1743,85,12,76,22,4,92,43,52,907,552,14,30,10,563,1488,5,207,243,140,28,109,150,1,47,1204,24,27,213,2307,0,14,785,322,222,0,1,303,313,235,2,120,3,41,233
hsa-miR-6803-3p,815,2,60,0,1,3,0,2,30,384,3,0,6,26,16,106,2,99,24,337,15,2,4,5,1,44,55,146,37,197,86,54,111,30,0,0,5,105,16,338,1,0,147,0,87,0,706,0,12,0,0,25,135,17,15,0,14,0,1,0,190,17,7,5,0,0,13,541,209,206,444,21,2,85,92,2,2,5,8,104,105,49,145,12,80,122,25,87,64,133,15,91,235,1,30,543,0,165,2,157,0,1,62,27,39,0,0,119,94,25,3,27,1,161,26
hsa-miR-6803-5p,1452,37,5,13,48,102,1,26,8,2406,0,1,84,131,71,118,5,27,134,2239,181,3,26,11,377,21,15,7,85,372,2,243,17,304,1,24,7,31,42,526,87,1,26,0,3,16,945,9,19,3,0,4,45,179,81,2,10,0,235,144,1557,124,76,119,3550,13,114,45,1205,797,1189,436,172,21,42,11,50,7,13,269,733,4,121,10,302,1424,6,11,190,682,74,13,711,2,77,1246,2,171,143,75,0,9,1508,541,144,0,1,24,37,517,4,8,1,90,146
hsa-miR-6804-3p,5,0,1,0,62,2,0,15,0,675,0,2,84,46,1,2,4,88,74,5,146,0,128,6,80,0,3,120,34,142,0,0,63,100,0,0,6,14,11,64,0,0,153,0,0,0,142,6,8,0,0,6,16,0,9,0,9,13,2,88,0,11,3,76,257,0,909,26,133,3,5,338,8,60,42,0,1,155,0,168,4,63,39,1,135,60,27,125,26,39,10,81,823,3,0,79,58,243,0,156,0,13,930,1,143,0,0,65,20,94,2,52,0,55,0
hsa-miR-6804-5p,23,3,7,10,0,4,24,2,3,33,0,0,6,108,12,39,2,96,27,3,568,0,2,1,325,10,80,103,6,355,2,4,3,1,0,0,5,390,29,8,0,7,0,0,1,0,2110,16,0,19,0,9,4,132,257,0,0,27,132,2,157,96,1,0,4,1,25,13,771,327,102,241,4,152,1,4,1,4,0,85,44,1,2,0,0,119,5,1,7,1,10,64,30,0,4,506,18,4,2,84,0,5,33,0,40,0,0,91,22,71,2,59,0,75,45
hsa-miR-6805-3p,773,9,50,7,70,22,7,23,8,2590,3,0,214,56,17,2,9,133,153,200,219,1,374,49,120,6,30,126,73,490,1,747,140,229,11,9,9,41,49,278,37,4,92,2,6,2,2544,8,20,47,38,34,172,228,11,1,16,0,52,159,237,104,15,119,1766,0,44,84,735,27,488,51,20,60,38,4,80,18,33,741,299,8,13,1,404,265,4,52,128,457,25,90,807,2,45,1067,95,215,127,77,0,3,1535,119,106,1,0,99,28,269,4,26,0,94,105
hsa-miR-6805-5p,618,0,9,1,33,4,4,36,4,963,0,1,37,118,75,77,3,37,106,18,32,1,5,7,85,6,57,43,2,110,0,49,86,73,0,20,12,164,15,368,0,0,5,0,22,0,3050,3,30,1,0,2,26,72,94,0,2,1,6,236,379,41,1,69,106,0,399,20,494,710,35,170,99,0,3,2,3,38,8,745,105,5,3,17,292,398,7,7,24,121,4,3,89,0,1,323,25,17,46,31,0,6,38,47,132,2,1,159,4,54,3,3,1,30,72
hsa-miR-6806-3p,6304,25,43,22,1817,1488,92,284,16,2409,53,66,408,241,491,160,288,395,222,6038,1091,43,183,425,1826,2886,387,349,229,3353,35,800,410,119,320,187,225,547,68,1577,674,3,220,1,58,57,2838,839,14,111,72,254,3508,568,2900,351,65,243,1166,659,498,246,13826,494,1936,114,1875,6920,334,9,6030,1669,703,118,521,3126,509,673,67,826,559,9,750,69,497,419119,71,505,261,1028,65,114,13164,51,110,1118,96,559,336,761,0,291,2813,1076,444,244,1,249,205,365,3,99,3,1457,410
hsa-miR-6806-5p,98,0,4,0,118,1,42,0,3,233,71,20,95,37,58,11,1,2,29,391,90,1,1,3,1,2,3,4,3,12,0,2,57,99,0,0,23,98,15,3,1,0,68,0,3,0,660,0,1,1,0,16,77,136,68,1,0,1,124,55,29,35,6,0,1,0,311,19,161,47,93,226,3,18,59,2,17,161,3,140,2,0,65,22,3,60,1,65,18,24,10,47,39,0,11,379,0,44,1,1,0,41,42,0,10,1,0,2,17,99,1,1,0,345,0
hsa-miR-6807-3p,7,0,28,1,0,0,1,9,0,138,0,0,2,3,43,0,2,14,68,192,333,0,37,3,0,0,5,2,1,0,0,3,8,28,0,0,172,59,6,28,0,0,3,0,0,0,33,0,9,0,0,15,4,0,0,0,1,1,0,0,108,87,1,0,1,1,7,9,1,3,4,514,3,0,1,0,2,29,0,71,1,3,2,0,38,2,16,0,5,52,0,93,19,0,1,72,0,5,0,0,0,2,555,0,0,0,1,41,0,0,0,18,0,1,24
hsa-miR-6807-5p,538,0,1,0,0,0,2,8,0,4,0,0,2,3,1,1,2,27,48,4,398,3,80,107,4,3,15,21,1,4,0,60,28,0,0,1,30,2,0,175,1,0,9,0,11,0,271,1,15,6,0,1,19,2,6,0,1,2,1,31,59,27,3,3,2,0,19,13,43,7,7,209,3,1,1,3,42,2,0,6,4,2,132,0,0,58,0,0,25,1,8,47,26,11,0,41,2,23,188,0,0,11,20,0,8,1,0,1,25,0,1,14,0,4,1
hsa-miR-6808-3p,577,8,1003,20,246,4,116,185,14,2140,0,0,280,258,193,50,27,266,550,1177,4830,1,410,504,239,12,245,244,223,49,0,962,346,339,1,1,590,282,77,789,0,2,151,0,373,1,9302,2,55,17,0,15,47,30,463,2,38,2,108,165,124,500,193,139,248,1,667,947,389,479,216,594,281,120,116,1,121,335,29,707,89,105,161,7,804,205,465,47,92,105,20,73,281,14,12,514,141,2824,701,2,2,88,1436,479,874,1,4,175,72,135,5,98,6,376,69
hsa-miR-6808-5p,563,59,10,2,141,6,135,85,11,2206,0,0,200,159,216,75,10,220,587,127,1117,4,16,138,820,13,78,669,379,33,1,10,160,232,4,1,243,249,8,712,75,9,312,0,217,9,4248,31,14,61,4,43,25,275,177,1,39,0,24,92,307,214,13,131,63,1,3084,114,344,354,1250,1531,344,116,51,2,16,138,12,1133,145,12,140,14,326,134,88,217,36,420,7,167,132,23,13,197,48,842,224,170,0,56,133,3,126,5,56,177,192,51,3,134,0,511,72
hsa-miR-6809-3p,1,0,1,0,9,0,92,1,1,234,0,0,60,2,1,0,1,60,47,1,6,0,60,42,1,1,53,15,61,4,0,1,6,0,6,0,6,3,4,8,0,0,1,0,165,0,567,0,0,0,0,2,6,0,2,0,0,0,0,112,4,2,2,0,0,0,430,22,101,3,55,7,24,3,0,0,4,109,0,1,0,33,5,0,0,1,2,75,0,30,0,1,97,2,7,57,1,31,0,22,0,1,534,54,0,0,0,0,85,1,0,39,0,0,0
hsa-miR-6809-5p,4,0,0,1,143,0,0,1,0,147,0,7,2,0,0,1,2,121,29,263,527,0,57,1,1,0,3,26,55,6,0,17,68,0,2,0,6,2,0,246,0,3,71,0,0,0,205,1,6,4,0,5,3,28,1,1,2,0,54,31,3,5,0,0,0,0,542,12,0,99,2,9,2,90,20,0,3,0,5,119,0,5,1,0,0,1,19,0,1,1,8,4,10,0,0,82,2,2,84,1,0,0,17,0,1,1,0,0,0,0,0,2,0,35,0
hsa-miR-6810-3p,1811,14,1,0,1,3,2,2,2,91,0,0,20,4,69,8,5,1,2,3,277,0,2,6,1,10,3,33,101,356,0,3,0,12,0,0,4,2,13,31,0,0,4,0,1,0,484,15,27,0,0,11,4,1,219,0,5,0,204,2,335,33,2,3,5,0,514,79,309,7,25,19,3,65,0,3,2,64,0,238,283,3,4,0,426,358,3,0,32,234,17,65,13,0,0,865,0,21,1,0,0,1,278,320,87,0,0,0,26,77,6,1,0,2,26
hsa-miR-6810-5p,167,0,5,4,151,5,3,57,3,7,0,0,7,167,25,1,5,91,95,7,32,0,88,6,3,694,36,107,54,10,0,391,10,22,0,0,51,53,13,20,0,0,38,0,10,0,982,0,26,15,0,6,11,0,5,0,4,0,0,80,3,22,141,56,258,0,298,26,107,205,7,230,32,9,20,0,58,6,2,212,52,5,4,32,345,136,29,11,74,8,12,9,45,19,8,146,2,14,2,2,0,16,461,1,169,0,0,28,1,128,2,59,0,0,6
hsa-miR-6811-3p,765,5,0,0,2,7,1,1,0,51,0,0,11,1,0,1,39,1,44,2,4,0,2,2,1,0,3,3,1,547,0,0,2,3,0,9,1,1,0,44,0,0,1,0,0,0,7,0,0,0,0,5,1,1,194,0,5,0,7,0,172,1,2,3,0,0,9,5,186,3,12,123,34,12,1,1,4,1,0,63,0,0,40,0,2,38,13,0,8,1,0,0,5,0,3,173,0,5,0,1,0,46,173,4,0,0,0,0,0,0,0,19,0,0,9
hsa-miR-6811-5p,361,0,8,0,23,2,8,4,8,4,0,1,7,12,41,50,46,102,475,1,1677,0,293,70,4,3,11,10,8,6,0,104,9,50,0,1,195,15,0,6,0,0,92,0,3,0,3865,12,0,0,0,15,17,115,5,0,5,0,0,141,0,186,5,1,1,0,368,42,57,3,193,38,88,0,0,0,20,0,8,109,143,6,5,12,191,268,2,105,5,0,0,9,111,16,22,414,3,1891,3,147,0,12,771,263,0,0,1,0,3,15,0,4,0,0,2
hsa-miR-6812-3p,338,23,217,23,537,18,201,296,29,2373,6,15,544,1312,690,25,152,852,1220,635,4829,13,380,1654,643,76,549,865,364,1413,24,329,752,160,6,2,541,782,67,2116,15,4,582,1,631,5,13394,44,27,14,37,26,236,93,359,2,60,26,127,78,851,260,383,198,629,20,15853,485,432,506,622,8902,1038,78,59,127,448,1193,19,692,165,262,643,30,1126,250,938,191,79,388,36,1058,2839,43,44,660,336,4243,133,114,1,783,9318,197,183,15,22,29,77,445,5,478,17,570,78
hsa-miR-6812-5p,342,6,1141,12,302,11327,195,248,8,1983,13,6,393,563,357,71,334,674,7165,175293,4334,13,115475,533,311,109,238,533,102,1153,25,175,742,176,5,46,249,580,52,1052,133,4,2031,0,178,8,4198,7,19,8,8,1625,158,193,754,31,48,33,478,7724,889,296,101,117,1342,93,6562,292,533,2203,755,7032,416,82,106,316,288,476,3231,2423,738,226,421,50,1467,440,258,122,102,1085,34,618,2740,45,47,10827,282,3390,221,124,0,307,5618,243,274,10,18,180,90,319,142,331,37,378,219
hsa-miR-6813-3p,105,0,20,23,114,12,2,105,24,1550,1,0,9,182,151,15,4,24,493,750,553,1,122,2,2155,32,5,94,8,135,1,5,102,36,1,42,14,10,124,1272,1,1,4,0,0,0,2151,0,81,7,1,45,126,167,311,0,9,0,104,413,60,131,7,3,1002,2,542,27,262,1586,9680,31,9,62,102,1,188,69,7,3137,54,1,106,0,1640,245,0,271,148,927,64,7,70,0,682,359,1,186,349,28,0,4,50,391,565,6,0,8,31,938,1,5,0,672,137
hsa-miR-6813-5p,478,5,66,0,1,3,26,1,0,4,0,0,18,18,71,66,3,94,0,1,754,0,1,31,0,2,7,6,0,4,0,65,106,25,0,0,25,0,0,11,2,0,2,0,241,0,19,0,0,10,0,5,1,1,375,1,0,0,131,141,207,12,1,3,1,0,15,5,315,3,12,275,1,1,5,1,2,5,3,303,1,3,1,0,1,6,20,2,20,139,0,3,7,1,10,321,1,4,116,0,0,2,35,1,114,0,0,1,0,1,2,1,3,0,3
hsa-miR-6814-3p,248,0,1,0,53,2,0,10,0,4,0,0,1,2,0,0,0,31,127,930,11,1,0,1,110,3,2,53,0,10,0,106,0,18,0,0,1,4,0,16,0,0,1,0,7,0,562,0,0,0,0,14,2,2,7,0,29,0,0,55,50,0,2,1,268,0,6,5,199,820,298,5,0,0,0,0,44,47,4,2,38,0,0,0,37,56,0,0,6,151,14,1,10,11,0,419,3,1,0,186,0,1,9,2,1,0,0,0,2,186,1,0,0,29,30
hsa-miR-6814-5p,244,0,1,0,1,0,1,3,0,0,0,0,2,3,28,0,1,5,3,5,251,0,58,0,168,2,0,5,3,1,0,2,3,36,0,21,4,2,0,6,1,0,53,0,48,0,292,0,0,0,0,0,2,76,1,1,0,0,4,0,0,28,1,0,2,0,13,3,20,1,4,11,2,2,41,2,1,45,0,23,26,1,1,0,0,0,9,17,0,60,2,9,18,3,3,94,4,108,2,69,0,1,29,1,0,0,1,0,59,18,0,1,0,1,7
hsa-miR-6815-3p,2,0,3,0,0,1,0,3,1,2,0,0,3,1,40,0,2,2,25,3,9,0,2,12,10,1,1,21,0,6,0,41,2,1,0,0,4,0,0,5,1,2,1,0,403,0,509,0,6,0,0,0,2,1,4,0,17,9,0,1,77,2,0,0,85,0,198,1,5,47,183,17,0,0,20,1,1,1,0,3,51,0,4,0,236,78,0,1,5,1,0,27,4,2,10,3,0,36,0,0,0,0,11,2,0,0,2,0,0,0,0,0,0,1,1
hsa-miR-6815-5p,1339,1,60,7,71,13,130,80,8,79,0,0,2288,292,83,111,16,124,74,187,543,4,21,24,20,8,53,95,18,188,0,8749,124,13,19,17,89,83,29,99,1,0,16,0,11,0,3300,0,7,11,0,15,24,219,149,2,6,0,249,167,337,142,207,6,3,1,705,1155,425,611,465,587,213,49,4,2,145,107,12,1048,97,22,34,0,346,425,7,144,116,96,12,38,400,1,16,760,14,277,561,3,1,47,229,577,49,3,2,244,95,191,2,63,0,394,64
hsa-miR-6816-3p,2,4,1,6,2,2,41,89,0,128,0,0,335,3,20,24,22,3,0,4,6,0,43,2,0,0,35,2,3,3,0,30,0,0,0,0,4,1,0,13,0,0,0,0,5,0,156,0,6,16,0,0,5,15,98,0,0,1,24,43,27,2,3,45,126,0,534,12,93,155,119,254,2,21,19,1,35,44,0,160,2,4,4,0,25,95,13,42,4,42,4,3,8,7,11,287,10,2,1,31,0,42,18,30,65,0,0,24,32,34,0,2,12,0,0
hsa-miR-6816-5p,4,0,27,23,2,0,1,103,4,585,0,0,31,64,0,35,21,1,95,5,97,0,47,6,371,6,4,4,4,17,0,64,46,15,0,0,93,7,24,83,0,0,2,0,1,0,872,5,1,19,0,18,56,1,1,0,0,0,156,3,3,73,3,0,326,0,257,28,300,9,9,8,19,38,12,1,18,2,17,96,99,2,1,8,259,5,1,8,15,5,9,2,853,1,8,310,1,41,1,260,0,2,35,35,8,0,0,0,3,85,0,7,0,1,53
hsa-miR-6817-3p,2,0,1,0,0,0,0,1,0,0,0,0,0,0,14,0,0,108,0,1,3,0,0,0,273,3,3,0,0,1,0,0,0,0,0,0,3,0,11,1,0,0,0,0,0,0,5,0,1,0,0,0,0,203,0,0,0,0,1,27,2,15,1,0,0,0,275,4,0,0,3,5,0,0,0,1,0,0,0,0,0,1,1,0,0,0,0,0,8,0,11,1,5,1,0,28,0,0,0,0,0,0,5,0,0,0,0,1,0,107,0,0,0,0,0
hsa-miR-6817-5p,9,0,138,0,4,0,6,5,1,134,0,0,1,38,0,0,4,123,79,486,541,1,7,3,0,0,2,1,4,7,0,5,11,1,0,0,9,6,20,5,0,0,4,0,1,0,59,0,0,0,0,11,8,1,112,0,0,0,75,1,18,1,1,57,2,0,493,11,97,27,2,252,4,1,75,0,49,95,0,3,13,1,3,0,0,59,3,0,1,0,0,17,36,4,1,46,1,256,1,2,0,4,37,266,1,0,1,0,1,0,0,2,0,10,75
hsa-miR-6818-3p,3,5,44,1,80,2,123,137,2,6,1,0,281,153,110,80,8,96,8,273,1276,0,12,13,191,1,230,270,402,150,0,80,74,294,0,12,141,138,11,264,0,0,14,0,112,24,1541,0,6,3,0,12,30,91,25,0,9,2,0,0,3,86,10,88,0,0,1036,50,4,184,8,1030,32,96,81,0,53,264,11,199,0,100,304,2,223,39,23,46,98,144,191,266,136,1,0,59,106,329,228,300,0,14,2805,170,93,0,0,290,79,2376,0,30,4,246,72
hsa-miR-6818-5p,1,0,0,0,1,2,9,0,0,715,0,0,2,0,4,0,1,2,0,3,183,1,0,1,378,6,24,51,1,5,0,1,0,0,0,0,1,1,0,4,0,0,4,0,0,0,24,0,0,0,0,30,3,0,2,0,1,0,2,0,0,0,0,250,0,0,6,2,100,2,4,6,49,30,1,0,0,0,13,260,0,0,5,0,105,0,0,0,0,0,0,1,2,0,0,22,0,14,0,0,0,0,2,357,2,0,0,0,80,0,0,0,0,0,1
hsa-miR-6819-3p,171,4,7,0,2,0,37,4,2,120,0,0,44,3,81,0,1,14,6,260,29,0,5,10,227,0,4,387,1,23,0,5,99,25,0,1,5,15,9,15,0,1,4,0,2,15,869,5,18,1,0,1,45,193,10,1,3,0,30,80,39,70,3,2,294,1,789,25,327,195,429,879,49,24,85,2,90,2,5,908,91,3,3,0,249,330,1,35,27,407,14,2,46,4,27,257,1,110,10,53,0,57,1161,125,73,1,34,0,39,81,8,0,0,174,80
hsa-miR-6819-5p,2828,11,3,5,51,6,5,29,4,307,2,0,212,406,42,74,4,244,186,12,47,3,47,4,88,5,53,4,62,61,0,13,7,89,1,39,11,99,74,182,0,0,1,0,0,0,4509,0,25,1,0,14,183,371,89,0,1,0,25,60,513,62,8,0,771,1,290,704,894,568,374,211,62,8,245,245,36,59,8,416,249,5,11,42,483,1465,0,54,36,709,13,65,63,0,44,982,55,17,0,125,0,9,65,245,421,0,0,0,135,107,2,22,0,101,41
hsa-miR-6820-3p,183,9,420,80,1083,548,1104,393,90,4136,0,18,3677,649,1662,195,184,1978,1363,5088,3896,34,1159,1141,1980,34,1242,1190,3001,1167,1,484,1413,480,2,0,2067,1597,166,2259,128,1,2123,1,1691,15,21975,54,110,13,2,21,1041,830,1633,1,271,30,606,469,485,1201,279,658,1750,17,4579,954,660,2901,478,4646,542,454,483,566,519,1547,133,1568,296,332,333,129,1149,663,394,261,202,1252,81,724,3075,148,47,1258,308,3047,132,1001,2,759,4606,1032,642,50,64,315,639,748,8,696,54,1207,403
hsa-miR-6820-5p,8,1,13,0,74,9,1,3,0,256,0,0,4,57,2,0,1,54,38,439,591,0,26,10,3,1,8,6,2,290,0,3,7,1,1,0,5,8,0,243,0,0,6,0,5,0,233,0,4,0,0,8,70,1,6,0,0,0,0,49,103,2,1,0,91,1,121,11,102,243,97,70,11,0,10,3,2,6,7,3,18,1,7,1,6,88,6,1,14,64,8,8,11,1,2,216,24,17,15,3,0,5,69,427,50,0,1,0,20,62,0,6,1,4,5
hsa-miR-6821-3p,2561,0,9,27,2,14,2,5,7,3139,1,0,10,482,2,136,12,201,153,8,34,2,7,6,1,20,79,108,110,39,2,473,122,160,0,2,9,16,26,80,1,0,235,0,239,0,2259,1,0,5,1,43,110,197,20,1,0,10,309,240,712,111,9,587,51,0,578,128,715,535,314,30,7,48,1,4,125,3,14,399,328,7,8,15,282,1511,3,15,81,232,41,8,68,10,30,1134,0,478,255,324,0,4,57,3,148,0,0,4,283,181,17,1,0,3,78
hsa-miR-6821-5p,660,0,59,0,94,4,129,63,12,1951,0,1,373,155,35,1,6,5,93,438,43,7,3,132,165,448,11,4,41,39,0,1789,22,58,2,20,25,14,15,295,0,9,2,1,4,28,2133,13,16,36,0,43,200,83,138,1,16,1,68,31,374,80,7,72,317,0,438,23,471,468,258,53,47,34,122,0,56,6,21,764,2,9,6,0,876,315,20,72,216,440,14,50,55,1,35,865,2,56,203,248,0,5,154,4,670,1,0,115,14,52,1,49,0,381,49
hsa-miR-6822-3p,2055,2,8,7,0,4,2,106,9,227,29,0,1,99,34,180,5,7,64,668,36,0,228,9,1,3,4,191,1,22,0,76,4,92,0,0,19,5,3,9,0,13,3,0,0,0,2800,0,0,1,0,25,5,160,14,0,1,0,3,15,198,83,3,5,1114,0,288,67,460,246,45,34,1,34,1,3,3,0,15,1097,138,4,2,0,257,413,17,85,109,256,5,7,34,3,0,1189,1,136,86,115,0,2,33,0,18,0,1,86,1,5,1,4,0,0,29
hsa-miR-6822-5p,584,0,2,5,1,3,4,27,2,28,0,0,0,296,38,16,2,3,155,1,23,0,0,60,5,3,2,3,3,81,0,51,99,1,1,0,10,5,17,247,0,0,2,0,108,0,1364,5,2,61,0,18,47,1,66,0,1,0,0,51,100,243,85,2,1246,70,211,8,203,924,683,14,1,0,0,0,0,1,7,163,308,20,2,0,457,307,1,1,0,278,2,0,28,0,2,360,1,2,0,0,0,1,27,139,13,0,0,1,0,30,0,2,0,2,0
hsa-miR-6823-3p,52,0,3,1,0,4,2,10,3,8,18,0,37,52,54,10,1,0,22,110,10,1,1,1,118,1,0,0,25,6,1,1,0,12,0,0,106,1,0,324,0,11,0,0,29,0,209,0,6,2,0,6,1,178,5,0,0,0,1,146,117,97,3,1,1,0,9,4,402,84,236,141,11,15,0,1,4,0,0,91,52,54,41,0,124,139,8,0,8,74,9,10,7,0,11,343,0,10,78,0,0,1,8,2,1,0,0,137,0,89,0,22,12,3,41
hsa-miR-6823-5p,586,1,8,6,54,967,41,21,3,1177,1,11,120,72,10,22,29,44,24,98,550,0,100,60,2,7,4,57,5,193,0,21,120,161,1,14,10,105,27,208,0,13,9,0,13,0,1597,1,33,1,0,4,25,173,12,1,14,32,185,175,225,46,7,52,396,0,449,32,634,733,143,418,2,0,1,14,20,1,2,119,66,4,171,17,205,302,71,22,72,133,6,2,68,1,29,836,1,10,22,344,0,5,53,447,34,1,14,63,69,24,2,58,2,57,66
hsa-miR-6824-3p,2010,0,7,7,4,119,4,9,6,790,1,8,540,122,49,141,14,27,137,516,664,2,48,95,934,87,4,96,27,417,46,344,6,143,1,18,14,55,37,87,0,2,3,0,5,4,3636,9,14,2,15,14,364,239,220,4,23,15,184,279,785,115,40,389,5906,0,37,36,507,2666,1314,48,110,1,7,263,73,1,5,1321,804,7,37,12,2806,772,2,1,142,6130,35,75,351,1,36,2459,52,11,105,527,0,3,64,72,295,18,0,359,42,181,1,6,2,330,319
hsa-miR-6824-5p,8435,62,790,121,1122,57,1024,1195,87,6595,111,106,1601,2596,648,513,911,2393,1628,5543,10586,45,1634,1522,2260,1344,1975,1070,1197,2036,43,1524,1751,1147,78,7,3253,2201,321,2879,185,11,1612,0,3210,34,18883,159,204,300,81,174,2983,1383,3568,31,257,104,1396,1391,4955,2230,792,1451,2243,39,9536,3142,4696,6339,2275,5081,1168,489,347,939,826,1701,207,3588,841,796,736,192,1883,4787,401,1073,601,2556,203,1579,11601,45,171,8947,584,1988,1166,726,2,545,15075,1696,872,169,86,1381,1837,1924,13,835,45,2437,983
hsa-miR-6825-3p,631,16,128,2,217,7,115,17,6,138,0,18,286,323,64,78,6,250,378,329,1324,8,89,32,60,8,25,75,197,31,19,61,349,200,0,0,389,18,21,18,1,0,108,0,177,0,4554,15,13,65,0,22,501,35,389,0,14,28,112,176,335,241,21,82,1120,18,206,87,1144,1824,279,55,9,20,66,2,45,141,16,273,139,12,27,12,276,367,3,246,40,278,20,35,2241,3,15,1347,8,185,72,3,0,10,955,215,87,0,4,168,139,228,2,132,0,1,79
hsa-miR-6825-5p,523,2,32,0,9,4,4,7,21,1597,0,0,130,105,79,83,6,46,22,37,592,0,152,5,117,7,24,9,3,540,0,44,17,29,0,45,15,111,13,24,1,0,49,0,47,16,1417,9,0,0,0,43,10,13,74,1,3,0,133,3,352,6,196,4,1554,0,407,238,158,808,27,222,16,24,84,2,0,59,4,371,379,2,13,0,381,775,24,0,36,499,7,41,45,2,2,197,2,148,5,58,0,4,51,5,14,1,0,15,21,97,2,71,0,1,45
hsa-miR-6826-3p,322,10,231,38,430,10,612,648,44,1666,45,56,1259,1015,288,86,266,1019,1022,1488,10016,36,1015,1028,949,182,1048,1036,569,1267,10,551,1142,384,17,1,1399,968,124,808,4,10,733,0,1179,1,6131,31,44,265,18,33,1370,327,1917,11,191,28,348,111,470,927,394,928,653,74,6135,1592,620,1354,525,4963,1022,255,198,242,358,1267,73,813,217,405,498,137,439,452,333,236,227,530,42,931,8036,54,25,684,532,1700,373,176,0,206,7182,539,260,38,112,217,343,353,8,508,39,600,147
hsa-miR-6826-5p,805,14,993,64,890,22,1339,1002,405,3505,96,119,3255,2382,641,324,683,1700,1703,6294,18326,92,1945,1720,1874,169,2238,2048,1054,2320,11,816,2563,876,14,3,3344,2309,162,3310,1,6,2183,2,2390,0,207823,79,64,233,8,194,1527,574,2648,0,427,109,251,646,997,1574,203,394,1365,54,11922,1992,1399,2687,1157,14292,1477,271,316,870,769,2846,73,1746,288,1093,1677,51,1472,775,600,1263,402,767,93,2041,5003,94,72,960,878,2616,627,1042,0,1005,14739,910,748,116,112,308,716,818,9,1169,55,1700,334
hsa-miR-6827-3p,54,0,75,2,167,0,2,1,0,1,0,0,137,98,1,6,4,274,39,6,1123,1,107,121,0,0,78,118,58,7,0,3,7,12,1,0,166,220,14,22,0,0,3,0,0,12,24,31,13,0,0,26,14,0,1,0,1,0,50,71,0,143,3,0,0,0,726,56,25,4,2,16,17,1,0,2,0,303,0,5,1,3,7,0,1,0,12,66,0,196,6,4,34,1,0,70,25,29,14,0,0,21,316,1,1,0,0,0,14,86,0,4,0,0,1
hsa-miR-6827-5p,51,1,0,0,1,1,0,0,0,153,0,0,0,187,1,0,0,0,1,3,3,0,3,92,2,0,0,3,1,6,0,24,1,0,0,0,0,0,0,4,0,0,30,0,0,0,5,0,0,0,0,10,0,0,1,0,0,0,0,0,2,1,0,0,1,0,4,7,164,130,6,5,0,0,0,0,0,3,0,1,0,0,0,0,0,3,0,0,0,36,1,0,16,0,0,63,0,2,0,77,0,0,14,0,76,0,0,0,0,0,0,25,0,0,57
hsa-miR-6828-3p,1717,0,7,1,0,3,1,7,1,3,0,0,1,1,4,0,8,3,2,0,23,0,4,2,324,5,10,36,2,2,0,12,3,0,0,0,90,1,0,271,0,0,1,0,0,0,3423,0,0,0,0,0,7,1,29,0,0,0,40,0,0,45,0,0,0,0,544,7,1,0,10,34,2,0,0,1,1,54,0,0,0,76,187,3,0,9,5,2,17,0,0,63,11,0,0,33,3,76,0,0,0,4,258,0,2,1,2,0,30,0,0,3,0,0,0
hsa-miR-6828-5p,3,0,0,0,0,3,0,0,0,0,0,0,2,1,1,0,0,2,56,1,4,0,1,2,2,0,1,32,1,0,0,0,16,48,0,0,2,0,0,0,0,0,1,0,0,0,7,0,0,0,0,3,3,1,113,0,0,18,15,0,0,1,0,3,0,0,6,1,69,1,95,1,0,0,0,0,71,0,0,59,40,0,1,0,0,23,0,1,9,0,5,1,3,0,8,136,0,2,1,83,0,0,6,0,0,0,0,110,0,77,0,0,0,0,0
hsa-miR-6829-3p,2656,3,5,1,1,10,43,5,71,567,104,0,75,91,0,116,2,57,465,828,25,4,100,4,104,9,1,8,7,19,0,210,102,31,35,3,336,140,8,17,0,2,4,0,0,0,1204,16,14,12,84,13,103,265,19,0,0,0,41,237,390,204,2,737,143,0,5,83,1064,512,56,194,3,64,72,0,2,1,17,326,204,1,4,25,242,256,0,35,79,368,19,4,141,1,2,1455,1,4,297,41,0,4,31,285,161,0,1,108,28,217,1,0,0,1,48
hsa-miR-6829-5p,26,0,4,0,1,0,0,68,3,102,0,0,0,31,15,1,0,5,42,3,156,3,37,4,0,0,20,40,1,166,0,28,54,94,0,0,3,6,0,10,0,0,2,0,0,0,1333,0,4,0,0,0,3,25,43,0,3,0,49,34,139,9,2,3,60,0,12,10,236,1,7,12,0,19,0,0,34,18,7,1,41,3,21,0,51,21,41,0,9,58,8,44,504,0,0,103,0,2,0,3,0,2,20,0,1,18,0,206,2,27,0,4,0,1,1
hsa-miR-6830-3p,60,2,18,4,206,1,5,1,1,7,0,7,227,174,1,0,2,55,57,5,20,1,1,146,30,0,51,23,16,348,0,2,34,1,0,0,6,6,10,160,0,5,47,0,9,0,513,4,2,0,0,1,11,0,79,0,6,0,43,7,50,13,5,4,0,0,263,25,5,3,416,333,127,16,1,0,29,164,30,141,0,41,121,0,1,61,5,0,44,8,1,101,37,4,4,92,53,6,0,3,0,56,431,2,93,0,0,1,1,1,0,18,45,1,0
hsa-miR-6830-5p,168,0,3,1,0,2,2,42,2,178,0,0,17,6,20,0,3,31,0,95,92,0,11,0,16,2,2,1,1,11,0,1,2,51,0,0,2,0,8,84,0,0,1,0,242,1,1014,0,12,0,0,4,2,15,5,0,1,0,4,12,36,4,1,0,49,0,13,25,166,144,49,702,0,38,0,1,10,2,6,175,12,2,1,2,96,103,2,21,17,63,3,3,7,1,8,455,1,2,0,7,0,2,8,1,84,0,0,1,0,11,0,0,0,33,48
hsa-miR-6831-3p,2127,75,1883,343,4061,357,5465,3535,412,19820,60,441,9053,4958,2640,977,2358,8158,6039,17629,54806,127,8110,8246,6482,1492,7967,8772,5554,8495,95,3789,8828,3661,95,107,11647,9324,1051,10809,147,40,7867,3,10595,49,91308,163,677,1226,62,401,5512,2913,13655,34,1041,283,2109,2885,1874,8335,1973,2787,7801,760,45074,8840,4728,11044,4065,39541,2900,1575,2305,3207,4292,8089,540,10169,1815,3360,3929,418,6527,4551,2650,3709,1812,6496,367,6007,32922,402,308,6398,2521,11246,4297,2948,1,3729,40932,7180,3501,258,472,2534,4087,3256,48,3114,222,6162,1848
hsa-miR-6831-5p,783,1,10,3,22,8,95,68,9,994,1,9,294,146,233,64,6,58,269,149,1110,4,121,171,372,9,134,184,209,255,0,21,169,2,1,2,160,248,31,233,1,0,103,0,309,1,3400,32,8,1,1,37,168,220,52,9,0,1,154,47,259,133,12,18,354,0,1839,58,238,569,96,899,291,2,102,12,152,128,23,216,203,57,52,1,214,219,55,8,23,452,12,122,159,6,8,842,25,599,20,9,0,25,3217,7,71,36,1,8,41,80,1,22,3,126,32
hsa-miR-6832-3p,1,1,2,6,0,0,77,1,2,579,0,2,73,0,0,0,21,67,6,2,239,0,40,55,1,3,5,3,1,7,0,2,68,0,0,0,8,72,1,101,1,0,1,0,0,0,895,6,9,0,0,0,4,71,2,0,10,0,0,3,0,87,4,1,0,0,11,7,0,150,1,23,3,45,62,0,0,38,5,38,0,40,30,0,53,1,8,0,22,0,5,32,22,2,3,177,17,137,0,0,0,23,20,0,0,0,0,12,1,2,1,3,0,1,15
hsa-miR-6832-5p,1173,11,307,76,1965,26,616,904,70,12857,2,15,2221,2939,2096,165,352,2120,2614,3382,12637,24,2606,3921,2457,2753,1533,2143,619,7024,3,1058,1985,1210,63,0,1923,2637,400,4290,169,33,2681,2,3013,0,14262,40,270,87,250,67,1171,500,1539,129,173,89,425,193,2215,1129,310,1751,742,133,39139,818,1138,2246,211,23654,2067,400,1001,3163,933,3830,161,1514,334,641,1558,101,2026,1402,1664,703,217,2542,96,1375,3927,112,80,1147,1035,6278,2183,345,0,1807,20093,1419,677,71,11,873,52,746,4,1064,57,1722,315
hsa-miR-6833-3p,5,0,57,6,54,1,3,5,0,634,0,37,41,69,28,13,1,47,51,196,362,0,73,152,8,5,150,61,4,132,0,23,34,32,2,0,13,81,1,99,0,22,41,0,119,13,172,0,7,0,0,30,7,2,206,0,2,1,2,36,99,46,4,53,119,17,1881,13,94,471,13,223,60,1,0,4,23,204,5,15,29,29,13,3,293,228,32,27,29,158,11,19,42,2,0,231,44,94,1,1,0,37,51,0,93,13,1,3,183,106,1,6,11,246,0
hsa-miR-6833-5p,18,0,3,1,80,1,7,131,12,236,0,1,56,144,70,30,65,399,142,28,1038,0,26,130,9,3,210,149,124,136,0,78,288,43,0,0,21,29,12,307,1,0,77,0,9,0,1354,0,2,5,0,14,44,17,15,0,4,1,103,176,140,105,12,2,12,88,530,582,10,353,17,78,82,1,0,3,55,50,0,11,17,32,167,1,4,99,61,4,0,63,26,9,125,8,8,68,59,308,201,4,0,6,2907,3,67,2,0,1,63,5,0,49,0,21,10
hsa-miR-6834-3p,3,7,0,5,1,1,0,75,9,512,0,0,4,32,14,25,4,139,39,370,5,0,104,33,67,0,2,120,1,112,0,4,2,40,0,14,30,24,4,469,2,0,142,0,0,0,190,0,4,0,0,0,10,1,1,0,3,0,1,12,83,98,1,0,347,0,12,14,145,160,4,6,0,0,2,1,21,3,0,146,2,1,0,0,149,193,17,81,4,405,10,0,17,3,0,33,6,262,0,1,0,1,38,0,0,0,0,25,0,0,0,72,0,1,40
hsa-miR-6834-5p,335,11,1,6,0,3,16,67,1,5,0,0,1640,11,48,10,1,97,86,596,12,2,8,235,87,3,1,12,13,16,0,30,11,53,0,6,77,15,0,17,130,0,10,0,0,0,704,3,13,0,0,3,57,2,3,0,1,0,1,2,49,76,7,0,131,1,13,108,63,570,182,13,57,1,0,0,18,8,2,146,1,0,14,1,25,4,12,729,46,216,4,4,770,1,0,338,3,341,32,55,0,51,111,1,2,0,1,0,148,60,0,1,0,466,9
hsa-miR-6835-3p,0,0,2,0,1,0,0,3,0,427,0,0,0,0,3,0,8,2,0,2,120,0,1,31,1,1,0,0,0,2,0,0,10,0,0,0,2,2,3,2,0,0,2,0,0,0,3,0,5,0,0,5,150,1,0,0,0,0,32,0,15,0,0,0,1,0,5,3,81,0,5,93,0,0,0,0,0,1,15,0,0,0,3,0,0,92,2,0,2,19,9,0,13,1,1,42,1,197,0,0,0,22,18,0,0,14,0,0,0,21,0,0,0,1,0
hsa-miR-6835-5p,1,8,6,13,5,4,75,4,1,1903,0,2,223,1,81,0,36,6,85,1293,479,5,110,142,96,4,83,110,1,378,0,22,4,1,1,1,8,4,11,401,0,0,3,0,3,0,374,0,3,1,0,22,11,1,133,0,5,0,7,36,248,51,2,0,207,0,2053,17,53,36,8,879,82,44,167,0,158,52,0,44,0,9,180,89,207,40,96,0,2,0,0,60,20,0,2,59,70,104,59,203,0,5,40,0,87,0,0,152,0,1,0,21,3,30,1
hsa-miR-6836-3p,841,111,27,19,61,16,47,68,30,1432,1,0,493,80,73,70,1,10,151,943,123,0,4,19,807,2531,10,127,15,52,0,84,11,155,0,33,157,20,44,476,0,10,128,1,13,2,2172,12,28,1,0,46,22,372,426,1,8,0,347,288,81,314,9,313,105,1,19,104,610,391,1241,26,7,1,161,1,78,8,17,1037,330,4,2,2,532,936,2,178,106,591,29,38,3177,20,57,908,3,10,95,51,0,6,85,101,385,4,0,60,4,222,0,105,1,921,142
hsa-miR-6836-5p,72,0,17,1,64,2,5,16,4,560,0,0,81,114,12,48,3,53,10,154,20,4,5,46,3,1,2,25,134,14,0,257,70,1,0,0,17,6,7,12,0,12,3,0,357,0,1506,7,3,0,0,13,6,229,35,14,0,0,60,61,135,6,64,106,0,0,8,45,244,188,51,15,0,0,18,2,14,20,0,44,28,1,1,0,0,6,1,15,20,0,3,28,625,2,5,268,66,28,0,133,0,63,46,0,136,0,0,0,8,8,0,1,0,52,9
hsa-miR-6837-3p,437,0,0,0,9,3,3,39,13,0,0,0,8,15,45,1,0,343,110,376,13,0,7,5,0,4,4,37,5,250,0,1,66,0,33,1,3,46,18,186,0,0,2,0,140,0,441,0,10,0,0,56,24,4,11,1,4,3,1,234,442,224,6,1,1,80,934,72,269,0,7,17,10,9,0,1,34,210,2,191,1,16,53,0,317,83,56,1,18,66,6,32,85,4,0,455,21,286,14,120,0,14,2329,1,93,0,0,3,0,105,0,32,0,0,47
hsa-miR-6837-5p,1805,0,2,9,80,5,53,49,5,192,167,0,138,199,68,125,2,276,36,680,29,0,3,39,281,10,10,2,94,207,1,126,222,1,0,30,7,142,13,16,1,6,5,0,0,0,2181,6,3,2,1,47,112,144,50,1,4,0,134,74,663,123,219,409,0,0,237,36,2174,145,417,342,15,17,3,2,5,145,19,772,103,7,5,5,628,405,7,90,32,343,13,29,75,2,21,1596,0,69,85,162,0,2,259,0,22,0,0,4,43,118,4,7,0,153,33
hsa-miR-6838-3p,395,0,1,0,0,1,0,1,0,1,0,0,2,80,16,3,2,0,0,3,11,0,0,0,0,0,0,0,0,6,0,0,1,0,11,0,3,21,24,5,0,4,0,0,0,0,480,0,10,0,0,0,1,42,94,0,4,0,1,89,57,6,0,1,0,0,2,0,9,53,6,5,0,0,2,0,30,0,0,152,1,0,1,13,91,6,0,23,0,0,2,0,7,0,0,216,1,1,0,0,0,1,7,1,2,0,0,0,0,1,0,1,0,244,1
hsa-miR-6838-5p,320,0,1,0,154,0,0,40,0,3,0,0,5,38,33,1,1,3,0,2,6,0,18,7,1,2,0,0,42,243,0,0,49,20,0,0,3,76,0,11,55,0,1,0,0,0,95,0,0,3,0,7,1,0,4,0,0,0,0,1,5,0,0,1,318,1,121,7,2,1,3,6,1,0,0,0,1,2,0,258,1,0,44,1,263,25,10,0,30,18,9,31,13,0,1,53,0,2,125,0,0,1,21,1,1545,0,0,0,2,17,0,0,0,1,3
hsa-miR-6839-3p,2,0,23,0,37,0,14,86,0,137,0,0,72,102,4,0,1,71,48,2,184,0,5,30,0,1,104,1,4,1,16,0,5,77,0,0,97,4,10,56,0,0,2,0,1,0,17,0,0,1,0,0,2,0,0,19,1,0,0,0,16,36,1,0,3,0,475,8,1,2,1,264,8,0,1,0,46,2,0,0,29,0,2,0,0,46,33,1,12,2,4,27,25,1,4,20,1,192,0,0,0,4,28,2,21,0,0,8,0,74,0,1,1,0,0
hsa-miR-6839-5p,3,0,16,1,95,1,86,20,2,189,0,0,128,169,32,0,4,2,76,0,161,0,4,94,2,0,68,2,2,5,23,113,3,110,0,0,55,1,29,4,2,0,56,0,1,0,364,0,9,0,0,3,3,1,1,23,0,1,1,73,74,11,2,0,0,0,234,8,207,2,5,215,7,85,0,1,1,0,0,5,124,1,1,0,30,51,28,0,7,1,6,73,23,0,1,81,1,32,1,1,0,2,30,2,58,0,0,0,166,58,0,54,0,53,34
hsa-miR-6840-3p,581,0,0,0,0,2,1,2,0,668,0,0,181,8,56,1,3,7,76,33,10,0,45,2,289,5,4,271,93,5,4,83,7,0,0,0,5,8,0,13,0,0,51,0,10,0,671,0,4,38,0,0,6,527,8,0,18,2,1,1,171,121,184,1,0,0,39,23,82,63,11,332,4,1,0,0,16,2,11,41,53,2,4,1,201,3,18,154,12,10,11,4,38,19,11,417,23,170,1,0,0,3,42,0,81,0,0,79,0,107,2,4,0,0,0
hsa-miR-6840-5p,123,6,4,1,2,1,3,4,4,143,0,0,6,5,62,2,24,115,5,455,20,1,4,7,2,3,4,6,3,14,1,93,6,5,0,0,2,5,6,11,0,0,7,0,2,0,1191,0,1,0,0,0,9,28,8,0,0,0,1,49,10,14,1,1,64,0,34,11,131,8,6,92,3,1,182,1,31,5,0,85,1,1,3,0,2,170,2,14,37,25,1,11,37,3,1,237,4,101,1,0,0,4,25,11,1,0,0,24,2,33,0,1,0,59,1
hsa-miR-6841-3p,4,3,120,8,59,2,105,89,5,153,0,6,228,281,63,0,32,169,89,112,1424,2,144,169,1,0,167,5,142,73,0,29,230,0,1,0,152,77,35,185,0,11,163,0,393,0,1309,21,1,27,0,15,13,70,285,0,36,1,90,79,418,94,10,202,556,3,352,26,112,302,108,1483,68,78,139,0,84,116,24,182,49,69,98,26,103,35,45,94,76,119,14,148,83,12,14,414,79,186,1,51,0,77,480,1,57,0,17,29,1,146,3,123,0,88,41
hsa-miR-6841-5p,1,57,0,0,1,1,1,1,0,2,0,0,2,0,0,2,0,2,0,2,4,0,95,0,10,0,0,3,1,0,0,1,1,0,0,0,71,1,0,0,0,0,0,0,1,0,117,0,0,0,112,0,0,94,2,0,0,0,1,0,17,82,0,0,0,0,100,3,34,1,1,5,0,0,0,0,0,91,0,1,23,0,1,0,2,19,18,0,0,0,0,68,3,0,0,54,16,5,40,29,0,1,6,2,0,5,0,0,0,0,0,3,0,1,0
hsa-miR-6842-3p,6,1,0,0,136,0,0,5,0,108,0,0,44,96,111,1,1,5,134,509,5,0,6,11,1,3,0,7,10,14,0,101,4,66,0,0,1,14,0,79,1,0,6,0,1,0,8,0,32,2,0,18,9,2,3,0,0,1,38,69,129,0,5,3,114,0,3,28,91,234,10,4,3,24,1,2,28,67,9,101,43,1,203,0,235,309,0,67,115,1,12,1,1793,0,0,163,0,8,97,103,0,0,59,188,142,0,30,0,34,152,0,0,0,1,1
hsa-miR-6842-5p,341,1,29,4,1,3,51,5,20,238,0,1,10,31,12,31,3,6,41,163,24,2,99,48,9,3,9,3,6,325,0,57,141,0,0,3,176,109,115,10,0,0,14,0,157,86,826,1,39,0,2,10,13,1,11,1,2,0,50,184,55,113,4,1,506,0,935,1048,312,216,554,28,83,0,291,3,102,162,1,177,10,38,20,77,38,197,24,0,34,10,1,17,53,11,35,483,2,29,0,2,0,1,72,1,53,1,0,426,124,9,2,4,92,3,132
hsa-miR-6843-3p,30,1,0,2,64,1,0,1,0,17,0,0,102,1,3,5,1,2,1,2,14,0,0,2,168,1,42,1,1,11,0,7,1,7,1,1,1,1,0,242,1,0,0,0,4,0,250,0,4,0,0,19,13,19,1,1,4,1,19,128,0,2,0,1,0,1,6,81,0,1,1,51,2,0,0,0,0,2,0,106,8,1,5,2,13,6,2,11,32,0,5,3,3,10,0,164,0,49,0,99,0,1,9,0,107,0,0,28,0,82,0,31,0,18,7
hsa-miR-6844,15,0,6,0,1,7,76,117,1,5,0,0,131,1,0,13,5,4,0,11,502,0,1,71,2,2,5,2,3,20,1,10,1,4,0,0,186,1,1,17,1,0,2,0,2,0,133,14,3,0,0,0,21,154,7,0,0,0,361,2,12,63,5,281,8,0,23,44,82,647,127,21,2,1,14,0,5,105,2,6,8,2,44,1,1,16,2,6,4,71,1,120,18,3,4,128,39,203,43,3,0,61,23,4,132,0,1,4,198,6,0,3,1,2,37
hsa-miR-6845-3p,2,5,19,0,2,2,2,29,2,132,0,0,2,48,0,0,0,0,0,2,9,0,0,1,1,0,3,32,2,6,0,4,0,3,0,2,1,1,18,1,0,0,1,0,0,0,514,0,0,0,0,0,1,2,47,30,0,0,167,120,1,0,1,57,0,0,8,4,28,520,6,136,2,0,0,0,6,2,14,2,0,1,1,0,97,96,13,0,5,1,17,2,6,0,0,189,0,77,0,0,0,17,12,2,0,0,0,1,0,63,0,1,0,0,16
hsa-miR-6845-5p,8,2,3,1,80,0,41,1,5,6,0,1,4,93,1,7,2,113,50,3,199,0,53,4,9,2,5,6,69,16,0,38,72,0,0,0,9,483,1,553,1,0,157,0,174,0,1434,1,1,0,0,1,5,52,301,0,1,42,4,0,37,32,5,1,73,0,432,19,34,187,21,94,35,46,1,3,28,62,0,91,2,6,1,0,4,3,13,41,10,2,0,9,51,2,0,49,38,116,0,2,1,78,53,0,1,0,0,20,2,1,0,2,0,2,0
hsa-miR-6846-3p,304,0,8,0,49,2,0,0,0,73,10,0,94,18,2,23,0,23,2,809,1,0,2,2,64,1,2,3,1,12,0,19,3,1,0,1,2,2,0,7,0,0,0,0,3,0,210,0,7,11,0,3,256,23,6,1,0,14,64,1,3,50,1,2,229,0,6,5,211,101,83,6,4,0,19,0,0,1,0,176,36,0,0,0,31,112,0,0,6,181,19,0,10,10,3,178,3,6,48,0,0,0,20,0,17,0,0,28,33,57,1,2,0,121,37
hsa-miR-6846-5p,1039,0,21,4,35,8,8,65,5,636,0,1,72,322,45,28,6,181,283,1910,1111,4,10,174,10,9,35,112,33,404,0,537,149,45,2,3,486,71,32,473,0,1,7,0,248,0,1333,0,15,23,0,7,150,25,95,1,28,0,46,46,357,143,5,62,506,0,259,38,310,634,295,41,10,14,4,0,181,244,20,755,61,7,62,2,462,162,21,25,113,329,10,14,92,5,20,525,111,875,189,112,0,178,88,2,115,0,0,2,57,20,0,108,0,2,138
hsa-miR-6847-3p,67,7,3,0,3,0,1,0,1,8,1,0,4,4,3,0,1,4,31,15,9,0,17,145,310,3,2,2,2,5,0,1,2,9,1,0,1,5,7,11,1,0,1,0,2,1,326,0,10,0,0,3,2,0,78,0,1,0,2,3,2,2,0,6,289,1,82,6,61,6,9,11,1,0,3,0,28,50,3,699,1,1,130,0,2,56,2,0,0,0,6,2,20,0,0,105,1,4,3,1,0,0,19,2,2,0,0,3,2,66,0,2,0,0,2
hsa-miR-6847-5p,4,3,17,2,185,130,141,38,7,877,1,0,394,235,77,34,8,211,362,225,1559,4,187,326,125,1,137,88,8,751,0,159,180,61,1,27,153,26,8,796,1,1,151,0,18,0,2366,11,7,45,0,25,87,1,9,0,15,0,58,71,346,67,6,2,252,0,1094,71,483,449,91,800,90,2,512,2,93,430,5,2,95,36,109,6,124,75,133,144,18,222,9,146,818,2,13,511,111,529,141,21,0,156,2863,75,156,0,1,0,7,111,2,72,0,47,88
hsa-miR-6848-3p,294,0,15,0,20,1,2,2,0,8,0,0,152,21,0,0,1,1,1,491,1168,1,0,1,0,1,14,9,1,13,0,18,1,0,2,5,6,33,0,35,0,0,42,0,237,0,274,0,0,6,0,3,53,2,3,0,0,0,26,1,1,10,0,0,263,0,7,13,186,264,8,453,0,41,1,0,11,0,18,46,33,2,2,7,1,83,3,6,2,121,1,2,15,0,0,139,12,56,0,1,0,3,10,27,0,0,0,33,1,28,0,51,3,7,0
hsa-miR-6848-5p,1291,6,59,24,195,425,132,211,12,1741,4,24,262,353,96,94,87,153,318,554,2166,4,367,511,624,21,325,309,336,794,1,297,345,390,6,12,402,218,67,253,2,3,211,0,716,6,2627,12,64,55,8,18,668,234,1126,6,25,2,205,152,592,357,52,230,743,28,2332,170,637,1353,623,1887,175,148,237,6,163,446,62,525,166,83,114,87,203,820,96,124,119,381,11,262,2558,29,36,772,157,600,194,54,2,107,1769,489,100,4,6,234,260,187,11,225,20,470,142
hsa-miR-6849-3p,301,0,4,5,50,3,0,1,1,8,0,1,156,192,45,71,0,0,5,68,17,0,7,23,246,5,75,58,131,6,1,82,207,1,0,0,6,4,39,79,0,0,1,0,191,0,1471,0,3,0,1,11,6,4,12,0,0,1,93,84,112,86,2,19,1,0,21,48,259,7,10,7,5,1,58,533,69,3,0,179,105,6,2,0,174,239,0,1,28,161,6,62,41,2,1,398,0,213,0,4,0,21,53,2,33,0,0,2,93,4,1,1,0,4,17
hsa-miR-6849-5p,783,5,34,2,329,7,15,63,28,461,1,0,228,251,92,88,160,165,28,310,86,2,117,33,946,10,124,212,443,42,0,93,108,4,3,15,39,33,73,359,24,4,11,0,388,0,4716,4,24,3,0,37,31,260,199,1,18,1,481,170,353,46,191,185,849,0,587,57,815,481,227,1504,100,56,25,3,58,577,29,959,631,12,5,42,625,502,105,53,63,409,34,135,1529,17,10,899,82,204,154,297,0,9,568,33,42,5,2,260,42,216,7,91,14,232,219
hsa-miR-6850-3p,1942,6,4,4,2,15,26,5,22,1574,0,0,16,102,36,126,4,55,167,217,293,1,149,68,1908,23,5,32,8,1265,0,227,175,1,0,45,16,104,22,583,1,10,9,1,6,0,2506,14,60,0,0,41,17,8,232,3,14,0,7,258,300,9,7,7,34,0,20,59,648,440,709,34,63,56,25,1554,171,129,18,1383,78,1,6,16,329,522,3,260,104,566,18,66,3762,11,51,1833,22,218,0,1022,0,4,123,41,122,1,0,130,60,93,0,132,37,92,207
hsa-miR-6850-5p,2618,8,125,2,146,13,10,254,15,5660,0,0,973,165,231,109,161,50,121,1081,350,0,252,47,206,12,242,273,15,182,0,1077,288,170,3,31,32,195,22,408,120,18,10,0,18,30,7703,2,28,76,0,67,240,437,485,1,27,4,380,199,1007,238,5,470,200,1,513,201,1257,1453,352,609,87,82,82,1550,92,12,18,2072,91,12,13,79,322,817,25,482,374,812,36,51,100,23,22,2133,51,212,374,1060,0,88,155,16,153,1,30,25,265,230,4,137,1,255,131
hsa-miR-6851-3p,252,3,37,6,52,3,83,20,4,404,0,30,307,105,105,39,55,148,22,119,841,0,197,13,7,7,111,59,168,98,0,142,13,28,0,1,344,43,10,145,29,0,40,1,7,0,816,0,14,86,0,24,45,105,458,0,15,1,180,64,79,210,176,2,297,0,479,290,209,145,378,1436,77,34,42,1,78,251,20,687,117,65,97,11,117,181,58,4,84,28,13,224,124,13,39,343,59,392,30,2,0,18,1795,0,86,2,9,0,9,65,3,4,2,663,11
hsa-miR-6851-5p,336,0,2,0,171,1,66,1,0,856,0,0,177,2,0,1,4,2,2,465,9,0,1,2,214,12,1,4,44,14,1,69,2,100,1,0,2,6,20,23,0,0,1,0,0,0,841,0,6,0,0,29,4,6,10,0,0,0,0,64,42,23,2,2,5,0,9,27,512,842,202,389,0,20,107,1,4,4,7,289,224,1,2,0,346,113,0,0,81,1,0,1,18,2,18,669,0,27,0,5,0,0,28,0,77,0,0,1,1,1,0,10,0,159,90
hsa-miR-6852-3p,0,0,0,0,86,0,1,1,1,149,0,0,3,4,10,0,2,37,13,0,10,0,0,0,96,0,10,85,2,2,0,1,28,1,0,0,1,2,0,132,0,0,1,0,1,0,135,0,2,0,0,2,9,0,0,0,1,0,1,112,26,0,2,0,0,0,125,6,0,1,1,171,1,0,0,1,7,40,1,0,51,49,71,76,26,0,3,0,0,0,1,33,21,0,1,3,12,40,0,0,0,11,490,0,0,0,0,59,0,18,0,0,0,0,0
hsa-miR-6852-5p,3,46,17,0,1,3,2,2,0,2,1,0,2,0,0,0,0,4,25,113,11,1,2,5,71,3,1,0,51,6,0,32,0,0,0,0,37,33,3,5,0,0,1,0,0,0,11,0,0,1,0,13,183,53,61,0,0,42,180,0,67,18,1,0,3,0,17,7,33,7,6,11,1,0,2,1,0,0,0,560,11,0,2,15,301,17,11,1,1,105,0,1,16,0,0,233,1,2,1,2,0,17,15,1,1,0,0,72,77,0,3,45,1,2,29
hsa-miR-6853-3p,572,0,3,0,166,3,6,7,1,421,0,1,294,6,24,31,4,7,3,2,1161,0,89,140,3,2,84,5,100,189,0,69,67,38,0,0,12,192,1,9,1,0,125,0,4,0,806,0,0,0,0,2,12,0,208,1,1,0,4,0,6,4,11,0,1,0,1107,28,50,1,8,453,7,0,1,0,42,99,12,374,1,6,3,0,53,2,45,1,53,1,5,134,55,3,0,180,17,386,0,36,1,57,1260,0,0,0,0,149,2,122,0,0,0,3,44
hsa-miR-6853-5p,2,0,93,4,230,1,289,184,39,1232,0,4,276,158,359,12,23,158,297,16,2559,3,22,315,234,5,380,150,256,101,0,18,36,77,0,0,207,391,32,889,0,5,325,0,204,0,7838,28,2,1,0,31,261,8,104,1,15,2,2,0,389,54,18,1,628,2,4690,144,274,249,8,1076,466,70,4,0,332,376,48,355,1,51,302,43,189,62,140,217,75,170,3,273,334,7,5,95,361,1346,13,55,0,301,6033,1056,71,4,1,43,76,16,0,227,1,26,0
hsa-miR-6854-3p,4,0,3,0,0,2,1,0,1,1,0,0,3,0,50,57,5,105,66,1,11,0,114,1,0,0,3,2,2,11,1,71,1,1,1,0,4,0,0,6,0,1,42,0,3,0,858,0,4,0,0,5,7,119,6,0,15,0,2,12,3,7,5,15,98,0,140,13,34,402,5,100,2,0,0,1,16,120,1,1,1,46,48,0,1,135,0,1,10,2,2,69,15,0,1,67,72,235,0,1,0,1,29,289,0,0,1,1,129,25,0,3,0,2,52
hsa-miR-6854-5p,6,0,2,0,15,1,8,71,4,2,0,0,10,80,18,16,4,2,9,3,494,0,3,4,3,1,3,22,120,8,2,3,3,86,0,0,32,1,5,80,0,1,8,0,1,0,515,0,0,0,0,11,2,182,2,0,1,0,37,23,46,54,1,1,299,0,527,1,182,656,10,497,1,0,10,2,75,2,0,84,1,52,4,7,27,169,56,54,36,115,9,1,22,0,0,242,18,207,0,417,0,29,15,1,16,0,0,26,126,56,0,3,0,2,3
hsa-miR-6855-3p,493,0,10,0,69,6,47,61,8,410,0,26,128,36,2,0,26,173,108,6,100,0,85,44,36,6,49,69,87,287,0,85,148,32,0,0,86,17,11,254,1,0,33,0,0,34,1723,2,29,4,0,5,295,83,630,0,14,15,23,89,165,36,8,3,251,0,859,30,138,609,18,36,38,86,1,2,5,32,19,308,26,8,14,34,0,146,46,32,54,129,15,97,1312,5,1,175,32,203,55,354,0,36,550,640,81,0,0,2,4,74,0,8,0,1,17
hsa-miR-6855-5p,4628,21,100,17,811,12,131,103,14,80,2,22,184,885,220,310,21,145,274,2712,4152,5,208,531,1066,29,310,480,176,1010,3,177,434,355,12,158,479,149,99,609,1,1,478,0,256,0,6245,1,90,53,0,83,350,597,790,121,69,49,412,830,1228,417,417,74,1235,0,740,121,851,2339,164,2256,185,243,78,4,978,799,104,1119,1052,18,202,24,1194,1960,166,268,72,383,14,327,1832,13,32,1623,192,1358,573,336,0,111,1527,1261,154,32,41,82,450,152,15,375,4,236,118
hsa-miR-6856-3p,7,4,2,0,1,2,0,1,0,115,0,0,60,132,1,0,6,2,3,266,11,1,3,152,382,1,5,3,5,11,0,1,6,79,0,0,12,6,0,7,0,2,2,0,0,1,20,0,14,0,0,5,9,11,4,0,2,0,3,68,172,33,340,4,3,1,20,13,269,2,15,745,1,0,1,1,46,4,0,128,5,2,0,41,134,129,0,29,56,64,5,7,23,1,2,505,2,183,2,1,0,96,30,1,0,0,1,1,46,77,0,26,0,3,1
hsa-miR-6856-5p,123,0,2,0,7,3,1,7,10,6,0,0,6,27,97,20,1,27,11,38,638,0,76,52,4,1,1,6,16,18,0,2,24,0,0,0,11,27,0,9,0,0,241,0,0,1,45,0,9,0,1,1,13,1,3,0,0,0,122,1,63,7,115,1,82,0,298,13,145,0,10,243,104,5,1,272,11,5,4,66,13,78,4,1,25,214,15,1,4,2,9,4,53,3,0,209,2,171,1,1,0,4,172,48,2,5,0,155,1,48,0,2,2,127,14
hsa-miR-6857-3p,107,0,0,0,88,2,2,14,0,415,0,0,2,1,1,44,2,13,19,38,9,0,71,4,3,0,1,5,3,69,0,55,6,4,0,4,6,34,0,117,0,0,11,1,1,0,215,0,1,3,0,2,5,2,2,0,0,0,0,3,154,3,1,0,71,1,75,11,20,756,38,19,175,13,0,0,3,91,0,15,8,1,4,2,126,45,1,16,6,104,0,34,19,1,3,231,18,75,207,3,0,10,312,0,8,1,0,100,1,1,0,25,0,19,10
hsa-miR-6857-5p,330,3,1,0,50,831,101,2,3,5,1,10,168,100,42,51,5,34,150,3,147,0,134,13,119,9,9,51,4,124,1,3,8,136,0,0,7,35,36,11,0,8,73,0,1,0,2345,0,13,0,0,26,57,4,335,0,3,0,81,152,144,14,130,4,198,0,23,41,938,390,100,24,5,0,2,1,20,68,4,943,191,5,7,7,433,272,4,11,60,145,4,44,1950,1,5,855,3,14,59,12,0,2,271,339,172,0,0,83,0,32,0,88,0,415,40
hsa-miR-6858-3p,97,1,51,0,88,11,31,93,2,889,6,2,150,241,223,4,24,279,205,73,891,2,84,308,81,24,105,221,84,347,3,172,247,19,0,3,83,216,6,414,8,0,140,0,66,2,1407,3,15,6,2,6,103,46,234,0,7,3,74,13,403,56,61,305,219,13,2371,178,273,50,47,1720,228,31,28,42,114,294,3,424,5,37,187,3,113,160,243,61,22,60,2,214,1013,15,3,219,92,1079,36,81,0,91,2563,56,47,5,3,67,62,31,0,98,2,159,14
hsa-miR-6858-5p,214,250,5,0,224,9,2,77,16,458,0,1,2,48,13,0,8,2,0,452,198,0,11,34,45,140,3,397,1,321,38,18,4,32,0,1,20,27,0,40,0,0,4,0,0,0,2811,4,0,75,0,74,9,560,9,4,0,0,2,16,294,166,1,4,353,0,26,9,177,154,112,48,0,24,1,1,8,5,0,930,36,6,2,0,243,89,0,41,20,260,20,5,19,0,17,316,30,6,1,10,0,6,38,49,11,1,2,185,37,125,0,1,0,73,43
hsa-miR-6859-3p,649,2,81,11,95,2,0,1,0,343,0,1,8,74,44,36,5,17,3,209,21,0,2,1,1,4,56,175,0,24,0,169,144,15,0,0,15,7,6,62,0,2,0,0,116,0,337,7,3,18,0,15,4,2,107,1,2,0,328,7,211,50,0,1,4,0,719,13,322,1,11,599,31,0,31,0,15,153,6,144,2,6,2,5,284,143,35,13,42,1,10,14,72,8,6,540,0,52,1,1,0,3,34,136,106,1,0,1,1,118,1,74,2,245,41
hsa-miR-6859-5p,1,0,1,2,112,2,5,6,5,92,0,0,254,1,36,1,7,11,17,1,466,1,1,3,5,0,4,6,28,130,0,58,10,0,0,0,38,5,0,97,0,0,7,0,0,0,2027,2,9,1,1,12,3,112,5,0,2,0,0,0,2,51,3,0,2,0,800,8,243,439,4,132,11,49,27,0,9,123,0,40,2,5,6,0,64,1,1,1,1,0,9,8,10,0,0,50,39,13,47,0,0,6,23,219,13,0,0,1,20,94,1,39,0,178,0
hsa-miR-6860,696,1,1,0,0,1,1,1,3,318,1,0,2,3,11,17,5,10,38,3,3,0,2,6,4,2,0,1,2,130,0,31,40,27,0,0,1,6,0,41,0,9,89,0,69,0,60,0,10,0,0,13,6,0,2,0,0,0,1,19,63,17,4,3,4,0,7,13,172,61,16,6,2,41,0,1,5,71,0,416,79,0,1,1,176,26,1,0,1,44,1,2,39,1,0,352,0,228,1,35,0,0,560,20,1,0,0,1,0,11,0,0,0,153,1
hsa-miR-6861-3p,80,0,7,0,2,0,4,1,1,610,0,2,4,6,1,2,2,5,9,8,14,0,15,9,6,0,5,10,6,85,0,0,4,0,0,0,4,4,0,7,0,0,8,0,1,0,594,0,17,26,0,5,1,16,1,0,12,0,3,15,1,6,1,2,1,0,18,17,4,3,6,15,5,0,3,2,0,4,6,103,19,13,6,1,7,2,0,3,10,1,0,7,26,0,0,88,0,18,3,52,0,0,22,0,2,0,0,11,0,2,0,0,0,57,1
hsa-miR-6861-5p,783,8,66,29,106,9,76,33,6,2036,1,0,4,141,17,25,78,81,108,927,35,0,2,3,839,14,27,261,150,58,0,192,29,69,2,17,118,58,16,78,0,7,3,0,0,0,3055,0,16,0,0,2,204,75,105,60,1,4,252,177,851,258,6,366,1168,0,189,18,866,997,42,357,2,40,79,4,52,1,0,375,812,29,2,19,3068,377,1,159,31,3543,51,7,51,0,9,717,1,41,1,1,1,4,40,127,6,0,1,285,78,217,1,9,11,241,75
hsa-miR-6862-3p,403,0,2,0,87,8,71,2,0,257,0,0,4,0,38,0,2,1,1,443,19,0,0,2,10,1,52,26,36,9,0,3,1,59,0,0,5,5,37,9,0,0,0,0,1,1,559,0,38,0,0,0,6,46,2,3,2,0,72,84,355,35,31,0,3,0,151,8,134,24,14,6,0,10,54,1,111,0,0,307,1,1,0,28,4,128,29,74,47,1,4,1,15,0,0,245,5,115,0,0,0,72,16,102,47,0,0,0,0,9,0,3,0,332,6
hsa-miR-6862-5p,868,14,396,40,584,101,563,561,33,3116,0,27,1804,769,306,100,270,1430,702,2288,4047,19,1419,800,1045,19,1151,1197,565,1566,9,557,1534,433,13,8,1247,1558,121,1311,17,12,1228,0,895,1,7508,7,86,19,19,66,466,427,1029,16,135,3,261,300,182,768,52,303,477,24,5308,503,584,1676,214,5419,320,147,296,577,1008,972,83,1709,258,455,600,60,1237,726,287,505,131,1110,76,867,2033,67,29,1392,230,1865,474,457,1,434,2280,875,587,29,85,492,356,520,4,520,10,1207,260
hsa-miR-6863,47,0,3,0,2,2,31,2,1,758,1,0,7,4,13,35,2,1,83,4,404,1,3,1,1,2,2,152,2,420,0,43,68,5,0,0,4,2,0,263,0,1,0,0,2,0,611,0,28,5,0,74,119,1,23,0,1,0,5,141,58,1,3,19,284,0,14,14,19,380,11,12,69,0,84,0,3,122,2,35,352,1,3,0,100,42,1,0,42,144,10,24,27,0,6,563,0,164,124,197,0,0,39,1,55,0,0,0,6,93,0,42,11,4,152
hsa-miR-6864-3p,2,0,1,0,1,0,0,1,0,1,0,5,1,0,0,0,1,2,8,9,3,0,2,1,41,0,0,101,33,0,1,0,103,0,0,0,1,0,0,8,0,0,1,0,0,0,9,0,0,0,0,0,4,1,2,0,3,0,1,0,3,0,0,1,2,0,3,6,1,1,208,12,0,15,0,1,28,1,0,94,0,0,24,0,1,71,0,0,0,0,0,1,84,0,10,44,0,0,0,0,0,14,17,1,20,0,20,110,0,0,0,0,0,0,0
hsa-miR-6864-5p,510,0,23,17,52,4,4,4,24,498,0,0,174,38,32,0,4,3,42,8,34,0,3,3,231,292,52,47,38,874,0,35,7,28,0,0,44,1,34,449,0,23,52,0,6,0,2144,41,22,2,0,59,37,1142,17,0,0,0,50,12,107,188,3,86,147,0,22,471,214,455,194,352,31,46,139,0,0,118,4,965,54,7,23,0,94,385,0,0,72,145,11,52,32,13,12,266,63,93,197,90,0,5,47,133,24,0,0,98,215,24,2,5,11,249,105
hsa-miR-6865-3p,253,0,1,0,3,2,21,0,0,14,0,8,53,0,29,3,1,43,0,2,13,0,2,2,0,2,2,1,11,91,1,2,116,50,1,17,2,0,3,265,0,0,3,0,154,0,370,0,0,0,0,6,17,18,24,0,2,0,1,25,0,91,1,75,104,25,5,6,21,1,6,7,2,0,0,4,34,40,1,92,125,2,122,0,145,72,15,0,16,158,8,36,13,2,0,256,1,54,3,0,0,0,23,3,0,0,0,52,21,46,0,1,0,1,1
hsa-miR-6865-5p,57,7,8,3,43,1,14,30,4,248,0,0,217,173,39,0,97,24,74,51,390,2,4,152,57,4,147,104,73,9,0,90,116,2,1,1,154,9,32,389,0,3,78,0,2,0,3415,5,27,3,1,1,28,0,107,0,15,1,87,0,108,111,8,3,47,0,363,1142,465,5,14,279,80,0,3,0,15,165,9,482,10,6,117,0,81,10,88,64,8,38,0,54,467,5,5,303,66,584,508,109,0,7,1499,406,2,3,1,1,31,0,0,4,33,3,33
hsa-miR-6866-3p,0,1,15,0,0,0,0,1,0,2,0,0,1,0,1,0,0,1,1,2,2,0,1,0,0,1,49,1,1,4,0,0,0,20,0,0,0,3,0,89,0,0,0,0,170,0,3,0,0,0,0,0,1,1,1,0,0,0,0,0,0,6,0,0,0,1,3,4,1,953,3,3,1,0,1,0,2,1,0,0,0,0,0,0,0,2,6,0,0,0,0,0,5,13,0,105,0,122,0,0,0,0,11,0,0,0,1,0,0,1,0,0,0,0,0
hsa-miR-6866-5p,195,17,0,5,4,9,1,3,4,100,0,1,173,83,7,55,2,9,30,21,11,1,22,55,154,7,3,62,3,343,0,46,5,5,0,1,3,7,9,4,2,0,84,0,363,0,202,0,12,5,0,6,33,241,14,2,2,0,8,4,90,46,12,166,3,1,168,22,162,5,73,18,7,7,3,4,0,19,7,78,115,1,4,2,5,139,1,89,51,28,9,17,336,3,1,146,4,19,215,2,0,8,46,252,5,0,0,20,3,10,1,1,2,3,3
hsa-miR-6867-3p,65,6,26,0,38,3,35,48,2,13,0,33,9,37,13,32,35,104,52,9,313,0,4,141,9,3,162,182,95,57,0,96,181,3,0,0,8,77,8,388,0,2,21,0,192,0,243,0,11,48,0,19,59,4,60,0,2,0,3,139,3,7,22,6,4104,0,29,35,19,1132,15,18,108,0,1,0,5,135,18,6,1279,3,52,0,999,116,0,1,20,701,5,19,39,4,0,166,6,109,6,13,0,104,333,228,2,0,2,1,1,75,0,145,0,3,3
hsa-miR-6867-5p,522,3,96,2,225,9,45,149,20,1537,1,7,41,245,78,36,38,103,257,354,2024,2,196,257,372,6,116,293,164,209,0,181,170,62,1,1,134,170,21,415,1,4,365,1,95,0,3566,0,17,0,0,54,167,87,200,2,6,56,314,1,215,57,23,4,102,0,2165,125,228,1192,274,601,239,130,2,952,110,327,19,43,16,68,194,1,167,819,64,133,60,196,8,69,2475,9,11,246,21,702,31,22,1,134,2806,64,21,1,1,270,293,73,9,91,3,5,88
hsa-miR-6868-3p,176,0,0,13,27,4,0,0,14,628,0,0,208,3,42,71,2,107,7,678,16,0,6,7,286,6,0,3,11,286,0,6,117,188,0,0,6,60,0,15,102,2,5,0,0,0,1082,0,17,0,0,14,8,29,2,1,0,2,1,89,56,14,6,126,1,0,203,855,252,781,8,2,2,54,2,1,13,95,1,603,73,0,3,11,2,29,0,65,31,57,22,1,55,0,6,164,0,11,24,162,0,3,640,207,0,0,0,23,129,224,0,1,0,3,98
hsa-miR-6868-5p,3,1,131,9,148,3,89,9,7,354,1,0,219,307,236,5,157,593,249,226,1673,3,308,292,31,2,110,152,308,880,0,15,137,14,2,0,376,291,27,633,1,0,182,0,170,0,3017,0,0,1,0,64,37,1,548,0,3,2,85,129,3,145,19,4,3,0,2422,81,144,620,15,1780,115,0,106,0,203,532,18,728,114,95,245,30,333,27,140,18,26,29,8,208,217,7,0,110,132,1275,46,1,0,311,3398,54,81,1,1,130,12,150,4,192,1,0,43
hsa-miR-6869-3p,502,5,3,23,4,7,3,44,3,158,0,0,92,317,97,81,2,0,73,3,23,3,4,3,157,8,4,45,62,21,0,159,3,59,0,2,135,81,16,9,71,9,4,0,30,0,945,0,0,4,0,71,10,3,173,2,0,1,120,247,325,290,3,154,531,44,14,19,1187,1,447,13,14,18,1,2,36,6,15,551,55,3,1,1,75,444,16,7,49,120,5,6,262,1,25,756,31,125,143,44,0,4,45,144,42,29,0,0,63,12,0,1,0,1,64
hsa-miR-6869-5p,3768,22,32,51,472,19,60,77,44,4869,2,18,660,382,142,439,44,206,210,441,126,2,74,32,1929,51,15,606,312,806,1,2330,223,372,5,40,26,334,97,1027,54,35,207,0,69,2,9533,78,120,5,2,106,557,415,212,0,3,21,495,601,1708,564,203,325,714,24,86,114,3721,4928,1980,105,31,103,151,5,100,76,18,3331,802,18,105,22,2131,1968,28,352,437,1230,102,114,1724,25,160,4681,4,203,102,905,0,25,198,1396,466,0,6,327,573,745,7,34,0,564,628
hsa-miR-6870-3p,1591,10,317,12,357,10,250,410,36,2192,1,15,946,1532,624,59,119,682,1495,1975,2981,7,440,1841,428,19,622,798,225,1511,0,171,590,145,1,36,461,699,23,2359,38,22,822,0,436,0,8813,7,50,9,45,52,151,231,730,3,39,20,105,252,968,287,182,143,1008,27,16769,310,169,913,217,7653,1417,74,62,487,596,1148,4,335,414,223,852,25,618,639,764,330,57,981,32,1058,1745,67,23,604,168,4361,248,170,0,979,7125,196,43,9,8,45,204,319,1,328,6,1244,204
hsa-miR-6870-5p,778,3,139,13,546,15,315,322,22,2159,0,5,631,802,283,85,173,962,951,2179,6681,20,1009,908,603,19,516,831,341,901,0,225,807,303,1,2,804,977,64,1105,23,2,1034,1,704,12,7354,13,29,69,30,41,530,208,1578,0,74,121,63,386,336,650,159,76,640,24,5958,548,549,1012,428,4172,301,71,170,215,353,524,52,1343,123,399,429,45,565,474,238,231,254,788,53,506,2648,27,41,544,293,1881,282,305,1,320,5553,538,187,10,12,233,275,273,3,330,41,547,131
hsa-miR-6871-3p,223,0,112,13,2,4,4,4,2,455,1,30,114,28,17,31,4,5,20,169,24,0,0,23,190,4,0,146,0,16,0,1049,3,1,1,0,7,1,17,19,0,4,2,0,4,0,1292,0,17,2,0,2,4,35,5,2,1,0,0,206,188,35,1,17,3,0,26,9,217,780,67,28,3,33,5,0,43,104,15,421,5,1,0,0,198,18,1,4,21,298,7,15,19,0,16,679,49,1,216,162,0,4,21,176,17,0,1,0,54,97,0,3,0,0,187
hsa-miR-6871-5p,1196,10,24,2,3,3,4,43,2,819,0,0,5,229,26,10,55,72,44,7,1425,3,21,215,13,8,16,170,6,15,0,92,107,3,5,6,151,39,6,257,1,0,133,0,178,0,1611,0,19,0,0,20,178,60,9,0,9,6,29,46,33,320,4,4,109,65,1337,24,594,427,22,575,106,87,2,7,33,189,13,338,122,23,37,1,103,228,3,2,69,144,3,104,67,2,6,370,62,348,52,35,0,148,77,1,63,0,1,0,8,57,0,77,0,3,39
hsa-miR-6872-3p,291,0,0,0,42,4,0,1,0,3,0,0,7,141,36,49,1,27,41,221,140,0,23,6,3,3,3,1,0,36,0,50,29,64,1,0,1,1,1,265,0,4,4,0,131,0,87,2,22,0,1,5,24,1,3,1,0,0,16,12,92,2,5,170,2744,0,26,244,125,197,200,4,2,21,136,0,10,0,0,604,363,0,2,61,1021,120,34,1,34,843,6,0,469,2,19,415,0,31,0,47,0,0,33,3,1,0,0,1,1,46,0,41,0,1,8
hsa-miR-6872-5p,1,0,2,8,1,1,2,4,0,2,0,0,133,1,32,0,0,1,13,2,545,0,47,2,2,1,1,1,1,9,0,1,0,0,3,0,3,1,0,243,0,0,2,0,5,0,15,0,10,0,0,6,88,314,2,0,7,0,86,85,151,243,0,1,6,20,533,8,23,344,6,9,3,0,218,1,34,2,0,201,0,61,1,0,58,16,1,0,15,0,8,36,12,16,0,24,2,1,0,120,0,3,19,0,0,0,0,87,0,138,1,3,15,0,1
hsa-miR-6873-3p,0,0,0,0,0,0,18,0,4,0,0,0,1,0,0,38,0,0,1,1,5,1,1,1,118,3,0,0,2,2,0,0,36,0,0,0,2,94,51,4,0,0,91,0,102,0,4,0,2,0,0,0,4,35,2,0,1,0,0,0,1,8,2,0,0,0,7,292,1,0,213,4,0,40,0,0,0,118,0,0,22,0,0,0,0,1,8,19,0,1,5,0,22,1,13,136,14,0,0,0,0,0,26,2,21,0,0,3,0,33,0,1,0,0,0
hsa-miR-6873-5p,754,2,3,0,38,4,3,1,0,607,1,0,129,88,1,61,113,61,86,1,720,0,29,2,2,4,0,44,1,319,0,2,5,19,0,1,5,44,0,6,0,6,2,0,8,0,221,0,0,0,0,12,10,54,11,0,0,1,1,33,98,22,3,61,280,0,15,39,473,320,8,16,3,1,0,1,1,3,4,55,30,0,2,0,29,99,30,33,2,69,12,24,71,13,3,573,1,4,0,164,0,19,884,0,37,0,0,29,0,54,0,1,1,0,0
hsa-miR-6874-3p,137,1,33,10,9,0,19,3,0,362,0,0,83,8,8,0,4,3,19,3,81,0,7,38,250,3,3,6,74,145,0,26,79,81,0,0,8,135,6,60,0,20,68,1,2,0,183,0,32,0,0,0,45,117,3,0,2,0,1,44,6,16,2,3,0,0,1040,26,3,2,4,508,15,0,1,2,28,8,0,37,91,5,105,1,61,2,4,40,7,162,2,120,853,0,0,147,15,79,1,1,0,97,75,1,0,0,3,2,1,66,0,19,3,1,0
hsa-miR-6874-5p,835,0,4,3,1,6,1,46,5,539,0,0,120,13,75,3,13,105,129,829,273,0,7,169,41,4,94,150,8,31,1,129,50,0,0,0,24,12,16,20,1,0,225,0,93,0,2259,0,32,25,1,15,11,145,136,3,14,0,21,2,74,30,12,7,63,0,301,62,360,5,21,809,56,2,93,3,60,122,7,129,99,16,181,20,0,88,17,44,36,4,14,17,917,1,0,710,84,137,102,176,0,48,84,119,65,12,0,4,3,37,2,144,29,787,7
hsa-miR-6875-3p,57,0,2,1,2,1,2,1,0,3,0,0,1,1,0,1,0,6,27,4,12,0,1,1,146,2,3,3,51,1,0,67,4,0,0,0,5,2,7,3,0,0,1,0,4,0,565,0,0,0,0,5,2,0,4,0,0,0,0,19,0,1,0,1,0,0,8,2,26,87,1,106,4,0,1,0,4,0,0,2,0,1,1,0,71,19,0,1,0,0,0,2,7,0,0,79,0,1,0,0,0,0,12,81,1,0,0,2,0,22,0,1,0,0,0
hsa-miR-6875-5p,118,2,0,1,105,3,0,46,0,440,0,1,0,1,12,0,1,3,95,1,9,0,123,0,0,1,0,1,1,7,0,31,4,95,1,0,152,1,23,103,0,0,1,0,1,0,3,0,60,1,1,1,4,402,1,1,3,0,0,0,46,84,3,0,114,0,3,10,47,1,7,4,0,21,1,0,0,3,0,372,67,0,1,1,43,2,12,53,27,1,9,3,8,0,0,240,42,51,0,0,0,43,13,0,1,0,0,2,0,112,0,0,0,0,95
hsa-miR-6876-3p,27,0,13,0,29,2,8,3,2,246,0,1,100,44,60,6,3,23,7,197,88,1,24,180,93,0,57,14,43,73,0,6,8,42,0,0,21,117,12,28,15,0,309,0,34,0,899,0,7,12,0,3,22,0,141,0,1,0,4,2,11,87,3,27,1,8,587,123,11,58,7,496,110,70,1,3,6,130,1,47,101,4,111,44,130,41,40,11,0,1,0,134,30,1,0,71,11,59,99,0,0,1,43,5,5,0,0,28,1,5,0,81,0,252,3
hsa-miR-6876-5p,298,0,64,0,0,2,0,28,1,2,0,0,158,75,11,0,1,1,2,0,5,0,0,0,1,2,59,0,0,1,0,1,1,0,0,0,5,0,0,2,0,0,0,0,0,0,687,0,2,0,0,5,3,1,2,0,0,0,3,0,37,3,1,1,1,0,11,3,23,3,147,6,26,0,0,2,2,1,0,1,11,2,64,12,38,25,0,0,14,24,2,2,11,0,6,155,18,0,0,2,0,0,11,0,29,0,0,1,0,0,0,0,7,1,1
hsa-miR-6877-3p,118,0,18,0,1,0,10,0,1,268,0,4,21,37,2,12,1,0,62,65,6,0,105,44,2,0,28,0,122,129,0,16,47,34,0,0,115,38,2,1,1,0,4,0,85,0,503,1,2,0,0,7,43,1,0,6,0,0,0,1,187,88,1,0,0,0,8,10,105,42,4,9,42,0,0,1,6,2,9,0,0,0,32,0,1,0,1,8,5,124,5,0,21,0,0,291,2,28,6,0,0,1,24,0,0,0,18,0,46,113,0,2,0,0,17
hsa-miR-6877-5p,696,1,7,11,0,5,26,2,4,10,1,0,12,71,31,169,6,17,231,837,573,7,176,54,99,6,56,242,208,317,23,63,83,68,6,1,8,58,50,373,0,4,8,0,27,0,1950,0,24,0,1,20,87,76,9,1,1,0,323,35,325,20,8,3,498,0,20,55,333,912,29,408,292,2,31,1,16,136,19,555,108,35,76,13,163,140,29,60,23,51,11,156,73,11,7,900,44,604,7,157,0,88,83,126,155,1,0,1,2,150,0,79,0,165,46
hsa-miR-6878-3p,83,3,51,0,74,0,4,32,0,148,1,5,89,2,0,1,6,2,2,2,15,0,24,39,0,2,7,64,1,8,0,2,64,32,0,0,5,34,0,6,0,3,24,0,9,1,723,0,8,1,0,11,151,206,135,0,0,0,123,2,0,116,3,0,1,0,206,565,143,4,6,168,4,21,46,0,11,19,0,178,47,23,4,0,52,94,35,0,7,64,1,20,25,4,2,74,14,4,0,0,0,14,43,114,44,0,1,1,58,1,1,29,0,1,11
hsa-miR-6878-5p,3,0,104,0,1,1,0,26,1,4,0,0,1,47,0,1,0,0,0,3,5,0,2,124,22,0,69,1,1,324,0,0,4,56,0,0,3,3,0,6,0,0,3,0,1,0,176,0,15,0,0,3,6,85,190,0,1,0,36,1,126,62,55,1,172,0,4,11,167,141,10,3,18,22,2,0,0,0,0,88,3,0,3,0,97,76,0,0,25,68,0,9,13,2,0,50,0,49,1,43,0,0,15,1,0,0,2,0,123,0,0,1,0,0,0
hsa-miR-6879-3p,2709,6,61,5,69,13,162,86,15,629,0,0,523,56,71,65,44,127,61,423,627,3,215,28,78,15,9,166,56,255,0,209,330,72,0,34,126,173,34,180,0,8,180,0,315,0,2460,16,35,3,65,46,347,272,547,1,23,0,595,126,745,114,20,9,1744,0,748,2069,869,555,379,593,69,25,126,3,196,224,18,707,544,93,140,15,654,823,18,160,131,1504,26,158,1557,3,24,1616,61,383,123,95,0,6,531,412,30,26,1,58,287,204,3,72,15,404,168
hsa-miR-6879-5p,368,0,6,8,3,5,7,6,6,1173,0,1,13,59,38,64,22,7,30,969,706,0,0,81,123,5,16,119,108,327,0,4,12,53,0,0,8,15,26,254,0,0,8,0,11,0,548,2,23,1,1,12,20,237,64,0,1,0,151,46,269,59,4,2,466,0,665,27,269,100,58,375,21,26,0,1,56,21,23,390,125,2,8,23,453,184,3,10,133,12,3,6,24,8,9,544,4,19,16,16,0,7,81,1,4,0,6,73,66,1,1,37,5,153,3
hsa-miR-6880-3p,4,1,0,0,67,0,59,1,1,81,0,1,41,51,19,0,3,4,14,114,610,0,56,57,5,0,116,82,35,4,0,18,20,29,0,0,33,4,5,5,0,0,4,0,1,0,97,2,0,0,0,0,29,0,59,0,1,0,0,0,1,49,4,0,1,0,393,15,108,1,1,95,1,0,0,0,13,0,8,85,26,1,2,8,71,80,1,19,6,0,4,1,35,0,2,78,24,107,1,1,0,3,280,1,49,0,6,1,22,2,1,3,5,72,9
hsa-miR-6880-5p,129,10,26,1,67,10,46,11,12,292,0,21,92,98,24,12,10,158,31,666,731,1,5,117,321,12,12,54,28,236,20,69,54,112,0,6,90,21,13,29,0,1,87,0,131,0,1919,11,7,1,0,8,96,10,107,0,0,29,69,328,108,55,7,22,484,3,1247,19,152,497,113,944,32,37,33,2,41,12,5,9,116,8,5,12,332,32,2,13,73,100,11,34,93,3,10,356,28,40,16,57,1,62,81,4,94,1,4,142,51,51,1,87,4,52,61
hsa-miR-6881-3p,409,0,2,0,1,2,2,4,2,322,0,0,4,1,34,0,0,112,2,522,599,1,117,29,0,0,5,45,1,7,1,1,143,1,1,0,3,179,6,244,2,0,4,1,0,0,502,0,25,1,0,12,4,52,5,0,19,0,1,64,8,25,1,2,14,0,434,21,280,2,9,21,169,78,76,1,48,0,8,277,1,3,2,0,87,1,58,44,3,0,5,3,38,1,0,252,0,196,61,0,0,2,30,104,0,1,0,42,36,0,1,56,0,135,48
hsa-miR-6881-5p,335,0,48,0,1,2,0,39,10,325,0,28,7,4,40,0,0,76,37,3,10,0,3,107,187,4,1,135,228,12,0,1,122,1,1,0,3,4,1,127,0,0,7,0,0,0,498,0,0,0,0,13,15,2,8,0,12,0,45,1,1,26,3,1,178,1,14,11,221,515,360,10,2,0,1,1,1,68,0,214,19,1,3,1,327,262,1,0,81,139,16,36,38,3,30,341,40,182,0,58,0,57,38,155,2,0,0,2,0,32,1,0,24,157,138
hsa-miR-6882-3p,2332,48,2186,219,4467,85,4034,3609,540,12240,104,227,7468,6235,2060,545,1658,7556,5190,18411,44261,153,6636,6607,6622,679,5991,7702,3394,9521,82,3114,8547,1931,34,72,8263,7513,588,8568,299,37,6580,3,7997,48,190981,199,236,802,110,404,3984,2215,8731,89,816,313,1606,1836,2483,6122,1505,2652,5236,651,40603,5534,4291,10136,3486,38117,4142,818,1637,3566,3055,7229,366,7325,1166,2780,3913,274,4300,3735,2003,3171,943,4766,333,5832,28425,348,197,4190,2520,9454,2695,1749,2,2406,45968,4323,2462,346,364,1800,2616,3102,42,3202,211,4852,1180
hsa-miR-6882-5p,735,0,3,0,1,3,53,3,7,380,0,0,4,1,18,0,2,16,10,78,429,0,114,280,175,5,75,2,10,11,0,2,52,75,2,1,6,74,1,170,0,0,4,0,0,0,1176,1,3,0,0,0,7,12,95,1,0,0,49,168,15,29,1,1,1,0,93,13,280,782,389,41,73,0,0,2,113,5,23,2,3,2,16,0,72,20,3,6,4,1,2,7,37,1,3,88,17,187,79,0,0,58,279,4,0,0,1,1,98,43,0,13,1,1,1
hsa-miR-6883-3p,3,0,3,1,0,0,0,0,2,3,0,0,1,39,4,11,2,1,47,1,524,0,2,2,0,1,3,0,1,3,1,9,39,32,0,0,50,4,0,7,0,0,40,0,2,0,260,0,0,0,0,2,4,1,1,0,0,0,2,0,3,34,4,11,2,0,199,31,205,66,4,15,0,125,0,0,0,4,0,0,1,0,7,0,41,1,14,0,24,19,5,4,14,1,3,226,2,3,0,0,0,3,24,0,40,0,0,1,0,27,0,4,0,120,0
hsa-miR-6883-5p,198,0,19,5,3,1,148,149,5,314,0,8,522,110,93,29,5,135,157,23,879,5,309,84,148,5,107,432,261,198,0,284,121,36,1,18,53,82,16,338,27,0,65,0,40,0,1672,10,6,21,2,16,51,4,512,0,36,3,17,7,76,67,153,216,7,32,1507,49,135,9,27,626,234,118,2,61,78,13,18,235,33,214,16,30,189,243,15,43,40,5,4,78,2562,17,3,343,44,302,40,75,0,109,539,291,144,37,0,52,46,68,1,80,33,114,5
hsa-miR-6884-3p,1096,7,34,5,3,9,38,44,3,116,27,0,537,76,42,134,31,63,6,225,458,0,6,54,183,8,5,191,3,483,1,86,87,80,0,51,5,10,0,115,0,1,7,0,99,0,1717,7,12,34,0,13,45,171,125,1,59,19,260,61,178,269,5,228,267,0,243,42,240,1408,588,43,46,22,3,1,17,57,11,553,810,0,55,4,328,495,23,38,50,223,41,119,45,40,46,606,5,68,2,1,0,6,68,101,49,3,0,2,64,78,2,7,0,482,81
hsa-miR-6884-5p,406,10,0,0,0,2,1,1,0,1,0,0,2,104,11,0,0,0,0,4,301,0,0,1,285,7,1,19,0,10,2,0,2,0,0,1,4,1,0,230,0,11,1,0,0,0,437,0,7,0,0,0,72,3,10,0,0,0,278,141,218,26,0,4,1,0,13,1,130,42,45,16,5,0,0,0,11,1,15,49,1,1,0,0,1,146,0,5,3,51,0,1,10,0,6,493,15,1,0,146,0,2,7,280,0,0,0,0,199,0,2,1,0,0,12
hsa-miR-6885-3p,171,0,2,4,102,2,1,2,2,86,0,1,4,63,2,30,4,119,2,583,18,0,1,0,1,5,1,3,5,7,20,1,128,13,0,0,85,212,0,6,0,0,5,0,5,0,1003,11,15,13,0,18,4,139,2,0,1,0,107,37,124,93,2,42,260,0,15,17,278,3,13,8,25,37,1,0,1,6,1,268,11,41,2,0,75,162,0,0,17,36,0,3,25,5,4,436,1,44,22,0,0,58,266,0,0,0,0,1,0,0,0,44,35,2,22
hsa-miR-6885-5p,240,2,60,1,59,8,1,3,2,222,1,8,11,78,25,56,1,118,228,388,8,0,51,26,819,7,27,223,9,196,0,47,412,43,0,27,9,147,13,193,0,0,88,0,46,0,222,35,18,0,0,8,35,30,337,0,0,1,6,5,45,16,19,2,410,0,686,580,117,306,14,15,82,18,5,0,9,121,0,412,55,76,5,13,1310,200,61,135,1,2151,4,53,4242,7,6,525,53,212,98,358,0,3,154,43,103,1,0,87,16,47,0,31,5,5,71
hsa-miR-6886-3p,230,1,16,4,31,2,1,3,1,305,0,0,37,96,18,9,4,5,52,247,628,1,30,64,183,1,2,91,36,11,0,18,154,41,1,18,49,2,12,89,1,10,1,1,109,0,679,0,0,0,0,19,25,3,63,0,2,0,1,22,23,46,2,2,31,0,146,12,61,481,519,97,1,3,8,1,40,18,3,215,15,11,0,5,175,25,28,43,23,70,4,2,27,2,32,21,10,98,34,19,0,11,275,39,87,6,4,1,51,49,0,6,1,114,56
hsa-miR-6886-5p,1007,0,2,6,27,8,0,6,3,8,0,0,6,58,54,15,0,60,30,30,11,0,63,97,27,1,127,3,2,11,0,59,3,67,0,1,3,2,0,5,1,0,11,0,9,0,479,1,0,0,1,4,5,1,157,0,1,0,17,1,52,46,288,3,401,1,21,14,404,6,157,20,3,4,1,3,0,93,0,160,40,3,79,2,3,82,0,0,13,167,0,4,91,13,23,330,2,7,3,1,0,24,36,0,60,0,43,65,0,0,0,2,1,1,0
hsa-miR-6887-3p,245,2,6,1,142,2,25,18,7,465,2,0,1,3,6,16,4,16,72,10,574,0,159,0,7,12,5,134,1,855,0,11,7,178,0,27,10,6,82,35,0,8,5,0,5,0,1900,0,20,7,0,14,54,59,5,0,2,0,2,206,523,15,2,252,114,1,819,9,472,2170,16,27,57,49,155,255,79,1,17,405,19,29,4,4,397,264,1,0,20,1,21,57,64,1,4,356,15,29,215,0,0,19,36,2,194,0,7,3,132,206,1,20,1,341,88
hsa-miR-6887-5p,875,2,90,1,1,7,7,79,4,553,2,0,13,148,8,93,5,163,89,8,668,6,38,23,0,5,84,354,174,32,1,127,19,204,2,0,10,13,33,82,0,3,6,0,492,0,2446,6,6,62,0,47,235,239,49,0,2,3,113,239,121,156,8,460,1908,0,35,93,615,822,31,43,18,4,7,2,109,35,0,556,231,70,44,7,300,518,5,213,35,7,19,115,95,1,5,1191,4,269,116,138,1,2,1328,60,166,0,1,150,268,101,2,102,0,495,176
hsa-miR-6888-3p,1,0,1,0,0,0,1,6,0,331,0,0,2,7,0,0,0,0,18,2,4,0,1,4,162,0,1,3,115,306,0,124,1,0,0,0,1,6,0,3,0,0,0,0,1,0,129,0,0,0,0,0,5,0,2,0,0,0,0,63,1,9,0,1,0,0,6,5,2,0,2,3,0,0,0,0,6,0,0,1,66,0,1,0,0,3,0,1,0,0,1,1,321,0,0,5,0,5,0,0,0,0,12,0,0,0,0,1,0,0,0,1,0,1,0
hsa-miR-6888-5p,1,1,2,0,0,1,47,1,0,112,0,2,68,0,30,0,1,1,1,1,121,0,0,48,0,0,3,1,1,3,0,5,16,0,0,0,7,2,0,4,0,0,2,0,0,0,15,2,3,0,0,0,184,0,86,0,1,0,80,0,128,13,1,1,178,0,1154,11,163,0,5,113,0,0,48,0,2,0,0,68,0,1,115,0,0,0,0,55,0,0,0,25,13,1,0,6,0,1,0,112,0,1,18,0,0,0,0,10,18,0,0,0,0,0,39
hsa-miR-6889-3p,1934,4,222,13,254,3,221,12,44,364,0,39,1273,444,46,127,291,270,170,571,2810,9,110,302,1039,19,209,740,268,396,1,193,135,249,3,21,575,301,72,307,0,6,364,2,391,1,2923,13,20,79,1,23,289,276,684,82,26,1,118,476,212,387,586,529,973,0,2799,2387,1493,1663,617,1863,233,158,7,0,200,450,44,322,488,289,252,35,464,900,107,508,180,47,26,312,257,15,36,829,186,406,338,47,0,18,3022,1160,138,1,1,203,313,264,1,14,70,117,81
hsa-miR-6889-5p,2281,8,36,7,70,7,44,54,13,852,0,4,330,92,35,69,12,92,22,305,286,2,73,82,644,77,72,78,167,202,36,207,49,123,1,19,94,70,8,262,58,3,122,0,166,0,3111,1,41,19,0,17,67,120,26,2,35,1,379,262,406,121,10,154,1974,1,45,218,743,396,382,572,66,61,29,6,73,88,10,978,131,7,16,0,335,652,17,110,54,462,13,13,2271,16,7,1715,3,227,95,134,0,77,105,120,134,1,0,78,26,120,4,42,11,213,82
hsa-miR-6890-3p,527,6,12,5,130,3,6,118,8,396,1,3,135,702,133,81,13,171,115,7,647,7,105,7,2,230,86,122,32,27,2,7,157,16,0,0,369,76,21,544,48,0,4,0,22,0,3934,1,4,0,0,1,13,122,504,0,27,0,97,0,522,277,285,54,717,0,1178,47,788,0,229,69,173,35,3,218,49,10,15,415,172,12,8,0,220,1133,1,79,56,427,16,61,68,27,21,594,36,427,0,107,0,120,87,91,97,0,0,89,193,145,2,56,0,0,89
hsa-miR-6890-5p,308,0,3,0,56,1,2,1,1,504,0,0,679,5,24,3,1,2,2,3,11,1,64,2,2,440,3,72,2,6,0,17,3,2,1,0,4,3,27,6,0,4,2,0,1,0,605,0,1,0,0,6,3,0,9,1,0,0,1,1,39,20,0,1,277,0,21,13,72,22,5,104,7,21,3,0,11,7,0,115,7,1,7,12,2,38,8,0,6,98,0,22,30,0,0,269,23,10,116,0,0,1,53,1,0,0,0,0,21,0,0,45,7,0,16
hsa-miR-6891-3p,529,4,17,10,214,2,258,119,21,1373,0,13,754,131,16,54,15,355,34,684,628,3,228,13,67,7,140,212,179,407,0,292,335,64,0,26,339,194,18,189,105,0,239,2,107,0,1040,3,23,59,0,35,25,392,126,1,36,1,76,85,81,198,8,80,330,2,1146,867,139,47,348,1438,152,46,0,0,74,234,56,374,265,27,65,0,378,132,29,2,63,125,16,194,124,1,24,283,51,108,311,2,0,41,2107,2,356,0,43,1,29,98,4,45,1,616,52
hsa-miR-6891-5p,3124,21,154,15,607,253,496,331,30,1208,1,28,1474,809,531,145,56,1156,944,706,4503,23,578,1123,1144,40,642,852,399,892,9,565,865,361,5,51,764,444,110,1499,56,5,658,1,1307,18,11444,21,26,7,2,29,473,140,901,1,106,16,232,323,1151,453,232,643,601,24,7794,393,988,1390,343,8047,607,137,158,37,422,763,33,1334,349,270,352,57,709,1166,641,181,223,580,62,734,3925,56,23,2618,342,1713,261,151,2,480,8829,324,221,19,21,46,416,532,10,286,35,822,189
hsa-miR-6892-3p,659,0,29,2,16,9,3,3,2,8,1,0,41,220,5,84,2,8,83,1442,35,4,144,17,4,3,120,17,355,43,0,67,172,26,1,15,7,47,0,35,1,2,8,0,62,0,1734,10,10,1,0,0,37,26,24,0,1,1,36,24,397,39,5,3,329,0,34,49,955,145,628,21,18,11,31,7,36,16,16,239,52,2,9,7,278,191,41,23,18,76,3,8,693,1,27,601,2,35,0,100,0,2,255,624,36,1,9,0,0,1,0,1,0,2,50
hsa-miR-6892-5p,244,4,2,24,134,5,26,1,0,403,121,0,12,124,11,9,2,105,80,5,16,1,40,7,58,5,2,6,5,12,29,20,6,103,0,1,12,5,24,7,0,0,49,0,11,0,1045,1,10,1,0,22,605,24,18,0,1,0,255,15,293,44,4,3,69,14,7,689,286,4,986,16,8,0,131,368,68,3,17,734,72,1,8,0,18,312,1,24,12,1,5,4,78,16,7,1372,1,40,101,1,0,2,1049,1,83,0,0,1,56,48,1,0,0,30,108
hsa-miR-6893-3p,6,9,13,4,20,2,113,8,6,224,0,1,55,147,107,41,50,147,25,367,349,1,61,69,114,97,74,108,64,387,0,69,67,22,0,0,51,34,17,164,16,0,55,0,161,1,881,10,21,14,1,1,46,37,307,0,2,0,54,54,29,44,7,46,143,0,831,24,524,5,15,493,24,16,19,99,40,21,13,52,34,14,80,0,86,73,52,0,17,48,19,24,138,11,4,59,29,565,90,28,0,55,1305,2,13,0,0,53,38,180,4,36,31,4,0
hsa-miR-6893-5p,27,1,6,7,209,6,10,73,16,350,0,4,291,3,13,3,19,49,90,24,934,0,11,12,10,5,38,79,11,106,0,120,327,10,1,0,14,8,55,221,0,14,30,0,40,0,950,11,10,13,0,26,33,9,12,0,2,1,14,191,120,32,7,11,174,0,260,35,270,513,22,178,24,5,101,3,42,65,5,323,49,54,29,6,134,159,6,20,19,263,11,49,73,8,12,461,37,63,33,2,0,7,178,8,28,0,3,52,13,194,1,15,0,19,42
hsa-miR-6894-3p,4,0,18,0,0,0,36,21,7,5,0,0,56,0,47,0,6,26,2,0,286,0,3,2,0,0,1,10,54,83,28,6,8,0,0,0,55,4,16,7,0,0,85,0,5,0,859,0,6,0,0,0,128,0,46,0,3,17,0,79,62,12,2,1,32,0,322,8,17,72,65,15,47,13,20,0,14,1,1,191,36,6,1,0,59,105,1,7,16,0,3,25,41,1,8,152,11,110,1,53,0,11,34,1,47,0,0,0,44,17,0,9,0,99,68
hsa-miR-6894-5p,2,0,10,6,3,1,0,42,2,762,0,0,201,116,7,18,5,7,3,149,274,1,3,38,45,1,2,163,5,26,0,40,242,2,1,0,5,28,0,18,0,1,2,0,1,4,1422,0,0,1,0,9,31,1,3,1,1,0,9,5,17,27,6,2,135,0,23,16,85,771,9,466,16,7,5,0,33,0,14,1905,75,6,3,12,27,19,0,1,16,359,8,17,336,0,1,224,1,13,6,8,0,12,47,2,278,3,1,2,7,92,0,89,0,114,44
hsa-miR-6895-3p,725,0,78,14,127,3,10,65,30,1081,1,1,784,14,0,15,2,7,126,8,44,0,5,194,310,8,70,15,76,1073,0,328,98,82,0,0,396,60,5,501,0,3,14,0,258,0,2620,6,0,2,1,16,29,139,213,12,8,0,81,176,146,106,12,2,85,0,1382,64,338,4,30,44,9,10,48,0,71,94,13,475,47,7,35,5,171,237,63,70,168,336,0,83,2567,4,13,781,31,263,91,247,0,6,1277,119,4,1,0,2,164,1,0,36,0,174,69
hsa-miR-6895-5p,1,0,0,0,59,1,2,1,0,172,0,0,28,0,0,3,0,7,1,4,1,0,53,0,52,2,1,2,2,2,0,0,2,32,0,0,0,2,7,2,0,0,6,0,6,0,11,0,1,0,0,0,0,99,3,0,0,0,4,0,187,0,0,2,0,0,236,3,104,2,6,3,0,0,0,0,0,0,11,27,57,0,1,0,0,184,0,68,27,0,5,0,11,1,0,214,0,130,0,0,0,32,11,0,2,0,0,92,0,1,0,26,0,1,0
hsa-miR-7-1-3p,189,0,20,22,2,5,1,29,31,710,0,0,15,56,86,1,1,160,0,8,24,0,82,245,445,297,6,230,31,730,18,2,9,46,2,0,2,9,33,578,0,31,133,0,8,0,1889,0,31,1,0,10,15,1492,240,1,2,0,1,16,260,213,5,104,153,0,136,1334,296,467,536,171,83,38,95,0,15,29,4,897,67,7,36,51,481,477,8,0,48,82,11,48,78,11,16,579,20,340,240,323,0,2,67,168,2,0,0,54,130,59,4,4,16,296,72
hsa-miR-7-2-3p,175,2,1,14,1,1,50,2,0,7,0,1,101,13,18,32,1,5,51,42,12,0,51,71,100,3,63,162,31,3,0,2,49,2,0,28,69,4,0,9,0,0,35,0,1,0,206,0,1,0,1,0,80,6,16,0,0,0,1,1,4,55,0,8,2,0,702,12,150,4,11,16,8,0,1,1,9,26,11,3,0,2,4,0,0,25,25,0,13,108,0,39,19,0,0,217,1,4,2,56,0,37,33,2,110,0,0,0,0,2,0,11,1,1,27
hsa-miR-7-5p,14,0,3,1,6,8,115,5,1,21,0,1,155,39,41,12,4,6,41,118,63,2,8,85,16,0,6,111,9,20,1,2,4,1,0,0,8,82,3,159,1,0,9,0,2,1,929,1,86,0,0,1,10,12,12,0,34,19,6,3,24,12,3,11,377,2,56,37,666,7,23,423,7,25,35,4,4,91,2,10,9,57,43,1,114,19,33,3,4,33,2,51,96,1,4,255,28,128,1,4,0,27,876,4,5,1,2,5,9,9,10,3,1,78,33
hsa-miR-708-3p,0,1,0,0,0,0,1,2,0,58,0,0,15,1,2,0,1,0,2,0,1,0,0,0,0,0,1,4,15,30,0,0,1,0,0,0,0,0,0,76,0,0,0,0,7,0,46,0,0,0,0,1,1,10,4,0,1,0,0,0,64,5,1,0,0,0,134,0,104,0,4,290,1,0,0,0,0,0,0,257,0,1,0,0,8,208,0,3,4,91,0,22,3,0,0,114,7,1,2,152,0,32,3,0,17,0,0,0,1,0,0,3,0,0,76
hsa-miR-708-5p,60,1,3,0,32,2,2,0,2,3,0,1,3,23,28,0,1,2,104,299,14,0,78,3,4,0,47,1,1,138,0,3,1,0,2,0,1,233,1,312,0,0,2,0,2,0,604,16,13,0,0,17,5,0,4,0,1,0,2,0,102,45,1,0,308,10,592,12,115,1,7,172,2,0,0,0,32,29,15,3,104,1,1,40,0,1,24,0,13,98,7,42,25,0,0,150,28,3,0,0,0,49,13,1,81,1,0,0,0,47,0,2,0,1,0
hsa-miR-7106-3p,154,4,4,0,0,1,46,21,15,448,0,0,8,97,30,116,5,35,31,3,260,0,209,13,1,2,8,53,235,208,0,141,169,80,1,1,7,5,32,11,0,12,68,0,12,0,896,1,15,0,1,37,19,3,134,0,0,1,61,118,48,14,84,1,147,0,874,76,583,1425,25,18,219,0,0,1,6,4,1,56,232,2,60,1,247,286,54,14,77,162,5,2,781,18,0,403,19,216,1,0,0,33,65,270,1,1,0,0,32,31,4,34,0,83,12
hsa-miR-7106-5p,3,1,3,0,1,3,33,37,4,263,0,0,3,84,0,19,0,1,25,3,8,0,2,5,439,2,0,3,2,1,0,1,55,0,0,0,0,10,7,5,0,0,2,0,2,0,149,0,14,0,0,0,7,39,0,0,0,0,33,40,54,41,1,57,24,0,2,14,258,99,5,6,46,0,0,1,21,2,0,27,25,0,1,0,12,180,0,97,1,13,15,19,28,1,1,158,1,92,1,0,0,0,668,101,0,0,0,90,117,66,0,0,0,3,8
hsa-miR-7107-3p,3,0,2,0,98,1,83,90,2,180,1,0,7,5,28,0,0,27,142,1,25,0,31,330,0,2,4,263,23,149,0,33,14,0,0,0,6,86,0,12,0,1,153,0,1,0,494,0,6,1,0,0,8,69,3,0,13,2,3,2,214,2,1,2,0,0,654,66,108,328,4,30,261,18,2,2,1,7,0,132,16,5,2,0,71,2,89,0,3,0,0,12,51,4,2,95,43,259,71,0,0,26,53,0,0,0,11,0,0,0,0,1,13,1,0
hsa-miR-7107-5p,9,1,80,4,162,6,5,3,1,1153,48,0,386,232,34,138,4,18,70,86,13,1,9,29,120,2,4,14,4,58,0,112,256,76,0,0,5,127,43,263,0,0,113,0,3,0,1202,0,20,0,0,19,13,145,4,0,18,1,28,125,327,18,7,157,341,0,597,24,311,501,21,25,7,43,4,0,16,128,0,27,79,4,17,2,151,165,31,120,33,127,11,5,72,2,4,765,26,348,1,134,0,2,64,2,20,0,0,152,78,43,0,6,0,135,28
hsa-miR-7108-3p,85,0,175,11,390,5,231,309,25,3237,0,4,561,628,171,72,190,896,1404,3223,5455,14,983,850,582,18,419,655,249,1169,1,373,869,342,4,0,682,1061,79,1188,18,1,983,1,599,13,8021,14,47,62,12,37,403,267,1402,3,61,6,131,275,380,515,110,433,1420,20,5891,501,705,1448,537,3512,416,63,210,177,357,527,31,1211,129,409,363,42,484,302,218,378,325,702,42,480,1737,38,37,589,317,1617,163,212,0,386,5229,574,192,40,10,180,308,357,2,261,36,284,144
hsa-miR-7108-5p,888,0,125,17,46,6,48,21,6,10,0,0,176,307,82,102,4,134,22,309,669,2,122,122,229,82,9,94,70,388,1,2661,12,89,2,8,18,29,22,423,1,1,39,0,57,2,2115,6,3,44,0,33,132,158,99,5,1,9,311,383,915,202,471,96,3,32,41,120,710,438,399,113,12,108,47,2,15,8,12,1285,238,10,187,13,337,724,5,76,375,380,38,57,143,15,44,1592,23,79,155,224,0,58,2817,171,116,1,0,74,69,215,5,8,0,90,95
hsa-miR-7109-3p,1273,0,28,4,1,7,0,36,18,170,0,3,115,171,5,1,68,105,106,5,559,1,64,4,168,367,6,67,6,247,1,46,44,1,1,73,138,5,37,58,1,1,23,0,17,0,1538,13,3,3,0,41,183,173,24,15,2,0,10,22,344,153,8,5,36,0,395,30,1037,57,817,424,3,0,16,0,19,1,4,327,75,5,33,0,397,602,1,21,84,726,8,6,50,2,47,752,2,56,99,32,0,18,864,257,84,0,0,212,16,27,5,9,6,425,5
hsa-miR-7109-5p,108,6,99,24,191,9,291,175,15,922,0,14,235,414,116,97,45,548,248,309,2344,2,406,343,481,360,471,149,186,644,2,150,662,140,12,5,365,299,67,807,0,2,311,1,564,18,2641,5,22,22,29,31,548,264,548,2,60,1,163,84,208,260,20,193,3869,42,1937,120,510,1548,672,2655,335,58,139,6,294,603,52,1153,853,134,303,32,1371,452,148,265,67,1964,20,448,1510,31,42,1039,99,500,102,56,1,244,2758,430,164,29,61,182,173,88,1,182,10,582,93
hsa-miR-711,136,0,21,13,31,0,98,173,1,198,0,8,10,248,40,18,11,2,195,235,1227,4,75,309,75,0,207,78,177,208,0,6,268,140,0,0,333,145,23,13,0,5,8,0,345,1,1601,4,12,76,0,6,81,30,203,0,1,1,3,19,1,166,10,2,63,8,1563,62,95,1,9,53,100,3,31,2,3,81,26,274,62,33,52,1,36,12,31,7,126,274,0,29,1020,25,7,185,90,159,120,1,0,56,105,244,29,41,1,28,22,0,0,2,7,346,1
hsa-miR-7110-3p,310,0,52,22,56,3,92,7,5,427,0,15,11,207,42,76,4,148,88,512,84,2,133,24,2,3,110,81,132,30,2,58,204,69,2,18,146,319,9,21,18,0,147,0,119,6,2047,1,13,4,42,29,186,15,130,5,9,0,2,259,47,194,10,5,1172,27,907,46,131,230,855,458,52,41,47,1,42,143,9,2,256,40,141,28,649,219,39,16,14,705,13,123,982,2,12,398,21,400,252,29,1,38,90,126,137,0,0,28,16,92,2,61,0,41,17
hsa-miR-7110-5p,530,3,2,40,266,10,5,24,4,718,0,0,94,115,55,58,55,77,27,1305,148,0,45,16,686,167,12,7,4,66,1,136,17,183,1,0,9,89,98,168,0,8,28,0,89,2,1486,57,63,0,0,5,66,30,128,0,11,0,30,245,532,88,7,4,1058,5,133,36,197,2842,6097,34,133,70,99,1,74,166,43,502,574,4,24,2,803,1457,15,15,92,411,35,35,103,0,271,714,37,122,126,105,0,1,881,1,144,2,0,0,483,243,4,29,2,1071,90
hsa-miR-7111-3p,48,0,29,0,0,1,84,4,6,1,0,0,5,39,55,1,1,110,19,2,188,0,2,0,42,2,4,56,55,83,0,1,1,0,0,5,226,3,4,3,0,0,71,0,1,0,355,0,4,0,0,3,3,1,30,1,14,0,1,90,102,86,0,0,1,0,29,7,36,82,279,451,76,0,21,1,63,1,0,224,96,4,56,1,32,71,12,15,0,80,0,51,15,1,18,153,18,0,0,68,0,39,29,1,47,0,0,0,46,0,0,27,0,2,40
hsa-miR-7111-5p,527,9,5,30,44,4,60,5,3,772,0,26,58,32,84,1,30,133,6,74,27,0,79,89,6,2,34,69,86,289,5,29,213,132,2,1,64,12,27,156,2,0,9,0,146,0,1352,2,23,0,0,1,380,374,18,0,42,9,2,43,6,160,4,3,167,0,1289,29,264,207,1529,23,134,94,64,2,160,111,9,505,2,5,3,24,3,291,45,3,34,120,13,115,706,4,40,310,34,190,77,60,0,35,454,3,131,1,0,5,0,54,2,54,34,0,34
hsa-miR-7112-3p,136,0,31,5,0,0,1,22,5,29,0,0,1,2,1,0,0,0,0,2,5,0,1,0,0,0,0,1,0,2,0,73,1,91,0,0,2,0,0,1,1,0,1,0,34,0,115,0,0,0,0,0,1,30,0,0,0,0,1,0,10,41,1,1,0,0,3,1,2,4,2,4,69,8,0,0,0,41,0,2,27,3,0,0,43,21,0,0,2,0,1,1,9,0,1,72,0,35,28,51,0,0,31,1,20,0,0,1,0,0,2,19,0,0,17
hsa-miR-7112-5p,3,5,34,0,1,240,114,13,0,363,0,0,13,70,21,47,4,180,125,4,625,0,79,115,7,6,17,40,91,21,0,6,70,56,0,0,43,13,3,250,0,0,36,1,3,0,31,0,19,0,0,0,16,11,4,0,10,3,157,155,46,61,7,2,252,1,19,38,56,13,5,18,4,0,139,0,16,8,2,63,50,6,7,3,3,38,2,2,29,3,0,5,1830,5,1,125,23,319,0,320,0,50,73,429,18,14,1,1,2,0,0,77,0,2,35
hsa-miR-7113-3p,537,0,21,8,108,3,4,10,1,679,0,0,97,78,102,16,2,181,93,72,750,4,50,7,4,6,34,84,39,162,0,121,140,86,0,16,167,92,30,354,1,1,81,0,259,0,1538,3,14,4,2,11,41,56,30,0,15,0,174,96,72,186,9,49,2,30,228,430,223,93,90,850,75,10,31,0,65,43,1,361,79,5,78,0,246,147,4,38,13,17,12,57,534,6,3,582,46,41,81,1,0,5,325,3,53,5,0,58,42,95,0,36,0,1,17
hsa-miR-7113-5p,354,0,81,0,224,2,0,2,0,672,0,0,1,10,37,16,0,0,11,5,1,0,2,1,1,3,1,1,2,5,0,1,2,0,0,0,1,1,0,4,0,0,2,0,0,0,3,0,0,0,0,5,203,167,2,0,0,0,0,12,179,24,0,1,64,0,3,2,191,63,11,1,0,0,0,0,22,1,0,7,0,0,1,0,0,2,0,1,14,1,12,0,17,1,0,179,0,153,0,0,0,0,15,0,0,0,0,1,120,52,0,0,0,0,1
hsa-miR-7114-3p,1568,26,431,27,1120,31,596,296,38,2154,126,82,769,3958,1926,341,352,1743,3126,6623,13548,31,1822,3036,2401,511,1763,1455,1099,3792,42,624,1861,460,9,42,1960,1685,196,6251,105,18,1379,0,1668,1,19068,4,164,8,2,47,583,431,4095,2,127,41,51,785,1464,1273,138,11,1773,0,33782,939,1857,1962,849,11690,1470,505,131,3658,788,2483,116,2459,332,419,1188,137,1197,1603,1428,763,265,1428,148,1877,3485,194,114,1165,2341,19417,208,840,2,1755,28778,811,1225,17,5,439,123,569,7,697,79,745,450
hsa-miR-7114-5p,2264,0,6,6,0,6,14,1,10,219,0,0,3,0,10,53,4,1,136,476,354,1,1,29,33,9,1,37,1,23,1,3,3,0,0,0,53,2,0,6,85,1,2,0,3,1,1792,4,24,4,1,0,44,3,6,0,0,0,0,2,151,34,4,97,837,0,18,2,260,693,63,26,1,22,2,580,34,0,0,88,2,3,1,1,76,43,59,37,17,177,7,4,35,0,1,313,0,2,75,85,0,9,20,1,64,0,0,21,47,1,2,66,0,1,30
hsa-miR-7150,632,5,4,0,138,8,52,70,21,3,0,0,107,145,12,0,3,2,66,255,782,2,17,6,8,3,77,85,3,209,0,1,436,123,0,0,10,8,2,12,0,8,0,0,500,0,78,3,0,1,0,0,4,262,304,0,1,0,126,22,77,23,5,217,237,0,393,46,212,3,655,172,1,25,225,2,34,9,11,277,419,46,3,1,23,235,44,0,97,18,18,6,48,0,49,150,13,7,1,148,0,2,815,2,4,1,14,178,117,112,1,31,1,21,0
hsa-miR-7151-3p,105,2,223,13,581,7,325,443,42,3585,0,17,501,640,354,122,43,678,424,1033,4155,5,437,754,509,105,341,731,322,927,13,350,496,396,6,3,192,617,139,1687,14,43,647,0,522,43,3681,14,106,55,0,50,313,97,494,5,32,3,202,399,190,254,56,18,703,6,4883,1321,449,769,64,3717,621,566,80,95,340,934,46,997,111,186,594,105,508,565,347,98,495,803,13,287,1265,55,25,721,360,2026,25,1260,0,250,6530,462,358,61,55,346,340,160,2,425,65,346,277
hsa-miR-7151-5p,15,0,2,1,2,1,2,5,1,5,0,0,19,93,51,0,2,75,83,5,609,0,69,12,4,0,6,161,7,100,0,4,6,101,1,0,15,4,0,6,1,0,5,0,2,0,1006,8,38,0,0,4,10,2,3,0,1,0,1,36,2,7,3,2,1,0,29,10,2,1,7,36,18,90,1,1,4,50,10,2,22,46,6,10,46,1,19,1,12,4,0,18,35,0,0,293,1,123,0,0,0,129,52,52,13,0,0,0,0,1,0,0,0,3,0
hsa-miR-7152-3p,4,1,30,4,13,0,1,1,0,1072,0,0,355,21,0,22,4,135,67,1,447,2,9,126,293,3,2,12,142,50,0,3,17,8,0,0,75,35,6,37,0,0,6,0,0,0,543,0,2,1,0,6,16,0,30,0,1,0,3,25,246,38,6,0,1,0,79,43,1,277,5,68,318,0,2,0,4,30,0,182,0,1,106,0,0,5,84,96,11,16,0,74,68,3,5,322,7,514,0,0,0,135,1557,86,3,0,1,0,0,4,0,22,0,0,25
hsa-miR-7152-5p,819,1,49,1,109,7,121,27,4,372,0,0,129,71,30,31,13,19,148,12,259,1,7,108,104,2,43,100,136,125,1,176,87,58,1,0,12,216,9,394,0,0,90,0,1,0,1481,0,12,0,0,20,748,140,70,0,6,0,3,116,203,37,8,137,70,2,624,1061,304,601,33,104,19,40,1,5,35,45,8,408,51,56,102,2,55,104,78,30,98,210,13,153,116,2,2,684,18,134,3,271,0,137,580,134,14,0,1,143,22,116,0,25,5,3,52
hsa-miR-7153-3p,3,7,0,0,1,0,0,22,1,2,0,0,3,2,37,0,1,28,0,1,4,0,2,123,0,2,1,4,0,3,0,0,2,0,0,0,4,111,0,2,0,7,153,0,2,0,172,0,11,0,0,0,5,0,1,0,1,0,60,0,0,0,0,0,1,0,2,4,64,89,6,2,1,0,0,1,1,26,0,15,1,1,0,0,0,40,37,1,0,20,2,2,22,6,2,470,44,122,0,0,0,15,12,1,0,0,0,0,0,20,0,0,0,0,0
hsa-miR-7153-5p,7,4,3,3,6,3,1,36,0,276,0,0,2,4,32,0,4,2,152,3,856,1,5,7,499,7,3,104,2,12,0,3,55,74,0,1,8,13,5,6,0,1,8,0,1,0,179,0,0,0,0,8,4,26,8,0,0,0,126,85,92,94,3,160,2,34,287,6,25,20,6,474,73,0,0,3,32,6,0,389,0,3,27,1,2,48,1,1,0,51,3,4,24,2,0,42,3,201,4,0,0,20,34,0,0,0,0,79,0,20,1,3,0,1,48
hsa-miR-7154-3p,934,1,16,12,67,5,14,139,8,111,0,16,124,118,0,47,18,9,327,673,2056,0,140,238,258,11,200,243,126,328,1,146,18,49,0,0,136,282,21,494,0,0,196,0,5,0,1992,12,4,3,0,17,40,168,232,1,20,2,129,107,371,71,14,8,398,0,2809,146,241,245,29,1964,214,51,2,820,79,366,2,71,164,181,8,1,201,215,67,188,121,217,6,7,2713,2,8,551,256,281,140,3,0,16,2344,393,187,0,0,141,1,33,0,28,2,2,21
hsa-miR-7154-5p,6,0,1,1,3,0,5,8,2,478,0,12,10,8,58,0,6,71,112,495,72,0,1,31,403,2,132,131,109,13,1,6,7,0,2,0,7,9,11,126,0,0,5,0,0,0,1138,0,31,0,1,0,8,29,42,0,4,0,0,0,183,10,4,4,6,2,575,25,6,1,363,50,7,48,1,1,34,22,0,4,2,4,97,4,18,0,18,47,3,1,12,185,55,0,33,124,144,61,0,1,0,26,1722,0,2,0,0,1,2,135,0,2,0,3,22
hsa-miR-7155-3p,338,0,2,0,2,3,62,10,2,7,0,0,4,2,41,0,0,243,28,205,9,0,0,3,278,2,2,5,43,186,0,40,130,34,0,0,4,2,19,223,0,21,31,0,7,0,568,0,0,0,0,13,2,0,5,0,0,0,0,0,175,27,0,0,168,0,18,23,261,299,471,19,0,4,0,0,1,35,0,79,29,2,0,1,181,244,0,0,25,2,4,1,25,23,0,161,0,64,3,0,0,2,22,91,2,0,0,1,0,1,1,5,0,1,1
hsa-miR-7155-5p,163,8,1,1,2,0,1,25,0,3,1,25,178,43,20,0,1,185,51,25,480,1,3,2,316,3,6,42,2,3,0,32,1,80,0,0,5,5,0,4,0,4,118,0,6,0,23,1,2,0,0,3,1,0,96,0,0,0,0,30,10,47,3,2,121,0,9,15,31,7,7,276,1,15,0,3,16,33,12,95,16,3,3,90,192,21,32,1,14,4,3,36,23,9,1,187,0,146,0,26,0,38,34,0,29,0,0,2,0,18,0,46,8,0,0
hsa-miR-7156-3p,38,0,69,0,29,0,3,3,3,432,1,0,1,1,14,0,2,7,1,1,9,0,0,0,2,0,2,47,1,13,9,0,6,0,0,3,7,14,1,3,0,0,88,0,2,0,1217,2,5,49,0,0,5,27,2,0,0,0,1,1,56,20,0,0,87,6,8,6,2,79,4,20,1,0,0,0,18,2,0,50,96,34,0,50,0,52,1,0,4,62,3,1,2,4,0,173,1,2,21,0,0,5,18,0,87,0,0,0,0,29,2,4,5,1,1
hsa-miR-7156-5p,3,3,3,0,121,2,0,0,5,68,0,0,6,1,0,0,2,1,1,3,4,0,61,0,1,0,13,1,1,6,0,0,1,74,0,0,3,0,0,8,0,0,0,0,33,0,249,0,0,0,0,0,2,1,4,0,0,0,66,9,43,16,0,1,1,0,6,2,143,709,4,401,1,0,0,0,28,2,0,206,0,1,2,3,0,296,1,0,3,0,12,1,5,0,0,147,38,2,0,0,0,1,9,0,109,0,0,34,0,63,0,1,0,23,15
hsa-miR-7157-3p,245,1,2,0,2,0,3,82,1,464,0,0,151,19,78,0,3,36,15,4,10,0,1,63,0,3,2,78,3,340,0,69,178,0,0,12,2,120,0,48,0,0,3,0,191,0,641,0,0,33,0,10,3,0,5,0,0,0,42,0,32,16,2,0,0,0,26,7,22,1,6,93,4,0,1,0,2,5,17,1,29,22,4,0,175,24,30,99,9,5,0,4,19,2,0,52,0,18,0,3,0,4,35,1,2,18,0,0,0,0,0,1,23,1,0
hsa-miR-7157-5p,332,14,255,11,78,6,221,431,100,496,48,28,502,162,115,48,112,1353,572,626,1782,22,524,426,166,9,143,275,211,128,1,680,1802,117,1,2,525,607,18,208,1,15,6081,0,502,0,33447,23,47,2,0,23,1153,117,208,1,59,1,1,61,554,497,578,206,173,55,1247,2803,568,268,539,912,267,85,88,332,2899,401,22,608,34,51,581,42,141,335,105,7634,52,289,36,948,1594,48,11,1555,113,537,32,1,0,127,3485,330,27,6,1654,1,42,277,3,169,0,243,101
hsa-miR-7158-3p,359,0,17,3,44,4,0,3,4,4,0,0,65,109,24,0,5,107,34,297,262,0,126,176,597,6,48,102,1,224,1,106,4,116,0,0,7,6,24,9,30,0,80,0,280,0,1464,5,1,0,0,15,8,1,176,0,1,0,223,37,182,20,2,4,139,0,667,11,148,266,155,233,4,50,37,0,75,5,15,336,439,3,0,2,3,95,67,78,1,245,5,12,40,1,14,469,46,63,0,73,0,2,37,0,26,1,1,62,3,107,0,98,1,3,54
hsa-miR-7158-5p,194,80,7,0,0,5,2,5,1,3,0,0,37,26,12,100,98,23,36,978,212,0,2,5,3,1,28,0,2,101,0,29,2,1,0,1,2,33,0,12,1,3,2,0,0,0,837,0,17,1,0,4,114,29,83,0,0,0,1,18,145,23,2,1,4,0,280,179,25,3,4,21,3,0,81,2,11,137,3,58,15,90,6,0,1,72,0,1,33,89,7,25,28,2,0,445,58,152,0,17,0,11,28,0,1,0,1,118,0,52,3,2,0,1,1
hsa-miR-7159-3p,2,2,42,6,63,1,37,3,0,1,0,9,2,98,39,1,3,3,67,249,555,5,8,34,5,0,18,6,1,11,0,43,125,105,2,0,5,6,21,472,0,0,22,0,109,0,808,2,8,0,0,0,11,74,194,1,1,0,0,24,2,58,2,2,109,0,477,17,56,191,3,289,132,95,28,2,3,101,17,89,0,5,48,28,59,114,58,2,1,0,2,19,41,0,0,83,28,197,0,81,0,46,683,0,1,1,0,0,46,0,0,31,0,1,0
hsa-miR-7159-5p,58,0,72,4,59,88,43,21,6,1170,0,3,796,105,209,29,17,551,365,747,2593,8,170,392,420,10,121,296,144,562,1,463,335,108,0,0,195,411,6,107,0,24,485,0,1022,19,1116,6,30,21,0,50,38,152,587,0,68,2,26,229,287,139,17,193,347,0,2615,95,370,831,44,1690,428,177,7,3,357,413,3,596,59,98,111,47,231,237,116,116,273,285,27,205,321,9,4,361,119,847,243,564,0,152,3886,773,257,34,42,78,90,136,2,159,40,2,74
hsa-miR-7160-3p,1,0,2,1,18,1,1,3,0,3,0,0,27,1,13,0,1,2,14,143,251,0,4,56,0,0,0,0,1,6,0,0,19,1,0,0,5,0,4,147,0,0,0,0,1,0,234,0,0,0,0,0,2,13,13,0,0,0,16,11,0,22,0,0,1,0,6,23,3,0,0,1,0,0,25,0,12,15,0,0,1,0,0,1,0,2,0,40,0,1,1,59,13,1,2,0,0,75,0,56,0,0,3,0,83,0,0,56,9,0,0,1,27,0,0
hsa-miR-7160-5p,478,10,19,11,155,3,2,60,0,1724,1,0,173,24,62,52,7,3,33,679,616,3,4,1,2,3,3,50,108,24,1,3,3,64,0,0,13,0,0,152,0,1,167,0,148,0,1310,3,8,0,0,14,4,296,268,1,1,0,12,30,158,72,1,91,157,0,452,16,287,472,19,256,3,0,2,2,16,80,0,721,1,2,2,42,222,126,72,0,5,163,2,87,25,1,6,618,0,34,0,14,0,91,34,0,253,0,2,2,56,0,0,3,0,86,20
hsa-miR-7161-3p,787,8,10,4,326,742,6,126,8,788,1,1,80,38,10,4,14,7,28,938,1326,4,198,64,106,12,73,5,5,778,0,19,3,62,28,8,168,6,37,34,1,2,142,1,0,0,1345,0,74,3,0,26,203,39,92,2,4,1,18,136,603,138,4,213,526,1,1744,29,1622,862,239,41,1,235,99,2,52,2,35,869,93,67,3,85,940,265,15,37,62,393,43,71,41,0,16,1080,1,90,278,143,0,105,58,698,190,1,0,112,158,223,1,85,1,426,149
hsa-miR-7161-5p,4,1,133,8,97,4,89,50,9,213,0,1,172,211,156,63,88,17,95,9,1716,4,333,287,482,8,28,106,370,104,0,126,129,65,0,0,476,261,0,794,0,0,232,0,235,0,2871,13,0,1,0,31,31,2,390,0,4,0,84,203,135,250,10,0,4,0,3900,73,314,907,108,2129,127,0,50,348,69,329,5,2,119,115,368,1,47,61,63,31,50,92,3,322,160,29,7,212,65,1062,1,0,1,124,1807,237,2,1,1,0,26,54,0,77,0,2,30
hsa-miR-7162-3p,393,0,2,0,142,11,2,59,17,3,0,15,290,7,17,19,47,143,31,461,201,0,8,5,4,1,170,5,4,326,0,244,93,3,0,0,5,9,9,12,0,0,160,0,1,0,47,0,6,22,0,29,18,1,215,0,1,0,1,1,58,1,4,2,1,0,198,33,30,387,13,32,6,2,1,169,14,111,1,4,1,5,186,11,199,127,7,68,0,159,0,10,54,1,0,237,37,153,0,0,0,51,1057,0,48,0,2,3,265,4,0,22,1,2,39
hsa-miR-7162-5p,0,0,33,0,0,0,2,4,0,2,0,14,1,2,0,0,1,2,1,9,524,0,0,0,0,2,17,19,51,3,0,0,2,1,0,0,4,63,0,3,0,0,21,0,1,0,14,0,0,0,0,0,2,2,2,0,0,27,166,0,0,1,1,0,0,0,20,3,145,89,38,442,1,1,0,1,26,12,0,1,0,3,119,0,0,2,5,0,1,1,0,30,27,0,1,44,2,7,1,107,0,57,25,4,1,0,1,0,21,1,0,47,0,0,0
hsa-miR-718,3206,94,12,52,249,24,52,412,53,1746,1,1,980,242,132,302,6,1123,32,2270,98,3,30,206,563,33,51,329,19,196,2,981,600,300,0,66,410,148,56,530,126,26,392,0,20,90,3150,8,45,7,2,244,150,406,256,1,1,0,238,265,934,247,27,204,530,1,201,129,1692,2553,456,113,82,208,6,302,175,33,70,2139,455,32,117,92,1256,879,34,214,538,349,57,64,3774,22,31,2397,42,600,270,690,1,66,3022,131,672,0,0,129,494,462,6,145,14,240,320
hsa-miR-744-3p,7,1,36,0,2,2,97,133,2,368,0,2,325,181,50,19,4,323,221,596,986,1,131,226,10,4,263,18,21,571,0,123,271,76,0,0,22,64,29,123,64,0,230,0,138,0,530,4,18,3,0,0,101,49,88,0,15,27,59,43,3,6,11,219,133,0,538,47,156,382,10,438,81,52,2,4,51,51,12,72,0,77,121,24,39,76,61,89,39,66,9,49,1589,10,4,71,25,132,109,59,0,23,800,83,2,4,17,3,109,70,0,5,1,1,1
hsa-miR-744-5p,2750,7,15,29,104,16,90,167,20,2723,0,30,341,266,136,106,106,120,356,995,1515,3,301,374,336,19,166,243,315,1737,1,3336,230,706,78,56,29,676,48,503,2,9,73,0,208,110,2162,9,71,11,1,48,311,673,133,282,8,0,412,855,632,209,217,886,357,0,2718,152,1394,1570,184,1017,251,11,85,5,279,87,7,2035,1570,226,152,0,462,1003,81,64,199,1421,49,385,255,11,8,2051,130,508,540,516,0,151,3640,125,280,58,34,353,344,499,10,270,13,2,169
hsa-miR-7515,12,1,0,0,3,0,19,100,0,190,0,1,76,14,4,4,0,349,1,214,12,0,6,52,207,8,7,35,23,12,1,39,92,10,0,0,6,25,0,8,0,0,117,0,1,0,293,0,0,0,0,5,38,37,5,0,5,19,5,1,4,16,0,2,4,0,27,6,68,1,4,233,4,30,0,1,25,2,1,204,2,3,3,1,0,4,2,2,23,4,3,3,24,2,0,21,23,16,2,1,0,0,28,0,0,0,0,15,52,1,0,12,0,199,0
hsa-miR-758-3p,356,0,3,0,0,1,0,0,0,83,0,1,1,1,65,32,1,1,0,143,8,0,1,1,3,0,50,103,1,178,0,2,1,17,0,0,2,0,0,4,0,0,0,0,319,0,434,0,1,2,0,0,2,86,0,0,0,0,1,0,22,14,1,23,1,0,521,2,59,4,11,12,1,0,0,0,1,0,0,136,3,0,0,1,1,23,3,2,11,62,0,11,6,4,1,115,35,2,38,1,0,4,4,0,2,0,1,2,2,1,0,29,0,81,0
hsa-miR-758-5p,171,9,2,0,2,1,5,94,3,583,0,1,262,41,76,69,8,92,2,9,53,1,3,30,195,11,68,2,80,21,0,131,111,60,1,2,53,3,9,342,0,12,28,0,0,0,2973,7,32,13,0,24,9,102,3,0,4,0,102,75,201,14,4,24,393,0,714,21,517,584,13,279,55,4,2,0,47,66,3,141,62,2,35,13,2,13,30,93,43,49,14,14,31,1,16,361,59,31,8,0,0,40,349,1,0,0,0,12,0,88,0,10,1,316,1
hsa-miR-759,0,0,7,0,104,0,61,7,17,344,0,1,13,92,90,0,74,111,82,6,37,0,123,383,53,2,11,130,5,715,0,8,9,140,0,0,10,279,14,241,0,2,7,0,182,0,1041,0,22,0,0,13,10,2,2,0,1,1,0,0,3,2,5,0,2,0,1518,31,3,372,3,1098,5,0,2,0,1,325,0,0,0,75,119,1,0,4,53,0,2,10,1,319,119,4,0,95,173,443,0,0,1,50,1309,1,2,0,0,1,1,1,0,5,0,35,63
hsa-miR-760,4,5,0,4,2,1,1,2,0,3,0,0,174,0,18,1,1,72,2,4,13,0,44,36,376,5,2,86,2,189,0,40,37,0,0,0,1,2,0,224,0,5,0,0,0,0,771,0,0,0,0,1,4,11,2,1,2,0,2,0,37,3,2,2,0,0,7,3,314,30,10,14,0,0,0,0,3,0,0,3,1,19,3,2,12,108,1,0,9,375,4,9,9,1,6,196,0,23,0,44,0,2,19,3,1,0,0,2,0,2,0,36,1,2,40
hsa-miR-761,906,0,0,32,1,6,1,2,0,685,0,14,128,5,19,162,1,2,2,1,9,0,87,10,223,8,1,6,49,20,1,73,5,44,10,26,1,83,33,55,0,9,4,0,3,2,313,5,12,4,0,17,6,109,16,0,2,0,380,60,177,123,2,724,2,1,138,41,701,380,353,226,38,23,184,2,21,1,0,718,316,0,4,1,166,348,0,1,222,31,14,30,466,2,25,1434,11,66,225,100,0,2,30,0,25,1,0,3,88,35,0,0,36,4,33
hsa-miR-762,1351,11,6,15,137,7,70,5,25,708,0,0,22,104,36,86,3,48,232,1277,469,2,43,77,143,14,106,19,14,213,18,98,79,215,0,1,19,179,55,269,112,1,39,0,1,0,2436,3,47,7,0,20,60,87,406,0,15,2,94,86,431,67,7,96,1063,1,153,90,428,1294,413,31,8,94,82,303,44,134,16,1683,266,63,1,4,302,758,25,63,77,284,34,9,817,1,29,2002,33,241,92,121,1,136,1698,288,37,28,0,41,108,307,1,114,0,186,23
hsa-miR-764,221,0,3,1,73,1,2,1,8,2,0,0,5,107,25,1,2,92,107,7,256,0,1,72,2,2,2,105,3,7,5,12,2,0,1,0,2,7,10,46,39,1,2,0,1,0,680,0,0,0,0,4,5,0,77,0,0,0,144,28,236,19,4,29,519,0,8,17,216,3,13,9,1,12,0,1,16,113,0,60,19,1,2,1,54,120,1,27,6,68,9,4,746,1,0,245,0,60,0,78,0,1,37,143,1,0,0,38,1,44,0,30,0,0,0
hsa-miR-765,704,8,37,0,138,10,69,0,3,485,1,0,183,40,52,77,8,100,67,9,513,4,62,128,365,17,89,129,166,380,0,36,58,133,0,0,9,113,27,18,3,0,105,0,171,0,1360,3,24,37,1,40,14,209,24,1,2,0,169,192,886,71,115,4,451,4,121,30,779,934,77,62,10,68,1,663,17,46,2,0,318,58,4,14,339,169,31,100,57,152,17,95,66,17,6,527,3,151,42,39,0,20,700,2,201,0,0,111,59,88,2,0,0,112,17
hsa-miR-766-3p,177,2,17,0,69,2,4,27,9,161,0,0,5,284,41,0,4,79,69,165,25,0,3,7,6,1,17,168,10,9,0,5,10,1,1,0,6,6,17,355,9,0,9,0,3,0,2228,0,7,1,0,17,44,83,4,1,0,0,2,3,411,32,30,68,2,0,51,31,92,256,17,18,32,13,115,1,42,155,1,365,22,1,53,18,156,203,1,0,3,37,3,1,423,2,0,265,0,12,146,1,0,2,1242,2,23,0,0,1,22,39,0,8,0,2,13
hsa-miR-766-5p,589,1,21,0,544,12,11,89,5,224,1,0,389,292,8,25,13,134,128,152,93,5,33,211,248,2,78,196,119,84,1,293,384,4,0,45,201,25,8,372,1,0,22,0,5,0,2834,0,8,1,0,11,165,5,13,0,6,2,6,3,490,33,16,67,5,2,731,91,737,574,183,1024,127,44,22,2,45,139,14,404,69,59,321,0,434,285,9,94,68,119,3,129,1033,3,12,430,89,534,54,143,0,102,1365,3,161,0,1,43,3,77,0,144,1,5,14
hsa-miR-767-3p,1386,4,450,20,1748,19,535,1347,58,3037,4,55,901,3027,2106,126,270,2853,3239,2554,20159,20,1211,4304,1964,136,941,1895,614,6871,3,704,1234,222,9,5,828,2036,37,6884,11,4,1702,2,554,2,18923,5,58,9,4,114,465,23,752,10,110,66,569,40,2228,687,309,222,151,27,53503,878,449,2166,342,25417,3914,7,464,79,1514,2963,49,1017,131,320,2115,45,525,1261,3547,215,29,663,36,1840,1778,149,65,480,694,11323,348,453,1,4497,28209,810,97,21,42,15,21,491,10,1210,50,400,34
hsa-miR-767-5p,684,0,2,4,175,7,2,2,6,199,0,0,2,133,55,0,1,3,1,1533,8,0,55,6,31,4,7,3,3,20,2,64,3,82,0,50,4,30,6,12,0,7,3,0,7,0,632,0,29,0,0,17,4,233,13,0,1,0,1,14,202,48,398,2,54,0,4,30,264,765,100,336,1,15,2,1,2,7,10,33,1,1,2,0,22,732,1,0,4,173,12,38,41,5,4,414,0,208,1,1,0,0,292,48,0,88,0,36,1,81,0,0,0,0,65
hsa-miR-769-3p,284,8,21,0,1,2,2,4,26,372,0,0,220,110,1,57,49,10,63,78,216,0,23,3,10,0,3,6,22,11,1,712,6,18,1,0,0,111,7,146,0,2,138,0,11,0,769,4,17,0,0,30,97,48,5,1,4,7,61,55,203,8,58,45,177,0,806,75,225,149,17,473,5,19,0,123,21,154,12,291,58,1,6,12,93,221,5,190,100,120,11,31,134,16,0,403,0,54,66,68,0,61,61,1,114,1,0,69,0,59,2,67,0,0,50
hsa-miR-769-5p,9,3,62,6,50,5,0,4,3,537,1,0,2,171,19,51,6,7,114,1068,29,0,46,8,78,3,111,4,4,332,0,103,49,1,0,1,7,2,0,225,32,3,1,0,0,0,896,12,23,0,0,0,9,63,5,1,29,0,119,31,178,11,3,243,274,0,844,680,151,707,8,120,3,27,0,2,42,51,13,94,93,5,5,15,140,78,27,17,105,63,0,3,44,2,8,269,1,193,87,370,0,84,46,0,23,0,0,66,29,0,0,52,0,2,15
hsa-miR-770-5p,367,7,39,1,2,2,0,11,2,377,0,27,3,168,45,42,32,76,65,1,23,0,167,8,4,7,3,54,86,9,0,50,6,19,1,1,11,55,7,143,1,8,3,0,0,0,1989,0,1,4,1,37,60,0,62,0,15,0,0,37,260,30,5,1,0,0,28,7,96,29,13,38,44,40,152,700,3,1,36,186,0,42,0,2,106,341,36,1,11,34,10,6,59,0,0,516,2,112,123,0,0,11,655,292,2,0,0,2,1,112,0,1,1,348,0
hsa-miR-7702,10117,0,86,18,275,36,175,221,48,786,0,18,680,210,127,431,40,513,282,905,943,3,121,458,623,505,301,313,269,1308,57,634,666,318,25,18,663,872,90,68,99,35,375,2,975,3,7217,82,61,95,1,188,393,780,493,3,4,3,635,406,3101,542,668,696,553,2,1885,400,3935,2764,986,698,633,99,459,3,177,211,70,1395,384,57,83,96,1826,2727,61,663,495,1268,92,110,3946,28,67,6148,44,555,678,446,0,50,351,254,306,1,3,79,163,965,7,421,106,2100,677
hsa-miR-7703,36,0,7,0,2,0,0,1,5,0,0,0,3,34,5,1,2,137,92,1,15,1,36,47,0,1,1,7,3,3,0,39,3,165,2,0,4,4,2,258,0,1,2,0,2,0,817,0,1,61,0,4,7,9,53,0,0,0,2,0,132,2,562,46,0,0,214,13,53,110,3,212,86,0,1,6,2,3,1,22,12,1,6,1,40,60,0,2,8,25,0,5,39,0,0,142,0,2,1,0,0,3,34,0,2,0,0,86,0,4,0,19,0,392,1
hsa-miR-7704,1205,10,25,25,165,427,12,65,90,1029,1,1,1759,117,55,329,15,323,271,1547,817,3,190,152,1777,156,34,376,88,831,2,56,215,254,7,14,217,86,44,869,18,2,75,0,143,2,12659,25,73,2,0,18,259,295,331,7,4,21,923,594,1090,311,99,226,756,3,89,686,2080,2249,6886,751,14,119,50,412,21,46,31,4803,620,16,45,24,949,986,58,224,232,788,85,25,1414,45,362,1990,7,288,161,542,0,123,283,921,273,35,0,517,155,454,10,85,0,127,278
hsa-miR-7705,2,1,3,1,103,1,69,23,4,809,0,3,10,9,19,0,3,35,5,107,225,0,49,39,1,1,81,70,7,9,0,209,2,95,0,0,50,56,32,5,0,6,68,0,374,0,1023,0,0,2,0,15,13,1,4,0,3,0,1,282,116,22,1,4,213,0,110,32,112,75,5,25,92,21,60,1,12,25,0,14,50,72,21,0,275,15,27,2,21,3,6,38,38,2,0,257,45,8,82,0,0,2,1208,16,84,0,7,29,1,75,1,47,0,1,15
hsa-miR-7706,1066,0,55,4,240,5,162,122,16,1130,0,1,335,226,182,59,42,419,199,919,1209,3,289,152,61,3,235,432,22,527,0,128,494,137,2,1,370,266,18,878,1,12,173,0,168,0,4157,2,10,12,1,27,458,4,423,0,21,19,171,70,177,236,43,251,228,14,1877,402,148,341,474,2404,152,45,191,68,251,271,12,426,44,176,177,14,248,84,118,80,41,175,14,210,747,13,25,709,222,788,160,1,1,212,1235,90,118,9,7,2,108,107,0,98,1,2,57
hsa-miR-7843-3p,3,0,3,0,43,658,7,2,0,1,0,0,2,0,28,3,1,1,0,116,4,0,0,1,1,0,0,91,1,3,1,1,0,0,0,0,2,1,0,3,0,2,0,0,0,0,409,0,3,0,0,0,0,1,1,0,0,0,1,29,117,35,0,36,0,0,4,6,63,0,7,5,1,3,1,0,29,11,6,148,0,2,121,0,15,0,36,0,35,0,3,1,13,0,0,42,1,2,0,1,0,0,6,0,0,0,0,1,29,0,0,49,0,0,0
hsa-miR-7843-5p,336,1,0,0,87,1,114,1,1,264,64,0,0,5,29,0,3,122,64,566,21,0,3,57,220,2,74,3,3,15,0,1,58,45,0,2,6,82,4,10,0,0,3,0,163,0,1394,0,11,0,0,0,19,0,63,0,3,0,186,2,118,1,3,199,3,0,16,19,66,3,17,131,0,5,2,2,10,1,0,497,18,1,23,2,88,86,1,19,24,1,3,32,211,0,0,354,10,49,0,89,0,6,404,1,22,0,0,0,149,21,2,3,0,93,11
hsa-miR-7844-5p,6,2,226,19,343,2,417,406,11,2411,0,1,732,558,586,24,189,722,301,1063,4297,14,100,167,796,10,381,889,821,822,0,809,649,143,8,1,253,709,54,1474,0,8,546,0,1159,0,2761,1,54,2,1,5,201,76,229,0,134,1,92,82,188,254,34,376,521,0,868,123,230,1665,328,1462,741,121,484,3,76,619,15,1083,159,232,205,148,665,278,272,137,149,287,23,245,1677,41,30,284,181,929,95,307,0,209,327,1,200,3,82,240,551,180,0,355,43,5,92
hsa-miR-7845-5p,541,7,3,1,147,4,33,4,0,12,0,0,11,29,71,30,28,13,2,4,1003,1,17,53,235,3,0,166,81,489,0,1,8,108,50,16,3,110,59,164,1,0,63,0,7,0,68,6,29,18,19,26,9,19,84,0,0,0,199,124,170,13,5,45,71,0,211,12,192,41,25,11,74,109,1,0,28,3,5,512,21,0,58,0,193,67,28,0,20,579,9,3,45,19,8,294,1,265,64,3,0,48,41,1,99,0,0,2,22,77,4,2,0,118,50
hsa-miR-7846-3p,2351,0,6,0,192,8,2,15,1,955,1,0,79,193,1,55,5,12,51,12,250,2,7,0,250,9,8,6,2,27,0,6,2,204,1,1,107,4,5,43,0,1,7,0,0,2,3242,0,22,1,1,29,129,10,27,0,0,1,5,80,876,259,39,113,2,43,281,38,918,1227,649,257,3,14,90,2,64,1,15,193,143,3,5,28,209,611,1,23,53,170,26,22,30,0,30,1226,1,8,195,82,0,5,39,4,78,0,1,125,44,137,1,0,9,324,99
hsa-miR-7847-3p,1630,13,24,32,67,25,66,360,15,1033,1,23,327,572,26,205,15,240,41,1343,756,1,20,27,144,20,23,562,19,72,3,62,175,110,1,63,44,33,39,185,1,0,218,0,224,1,6610,1,18,7,12,463,397,238,203,50,5,1,541,133,1351,130,12,905,262,1,216,58,1507,539,799,1067,143,86,10,12,46,92,15,788,722,17,24,9,496,1956,23,118,106,803,33,166,202,20,56,3065,22,162,223,445,1,15,1091,547,198,1,1,127,130,174,16,155,12,785,229
hsa-miR-7848-3p,690,0,71,0,1,5,3,24,9,362,0,0,367,115,28,3,5,1,89,125,38,0,5,94,1,4,5,123,1,5,1,5,26,32,0,1,28,3,25,6,0,12,4,0,0,43,2598,7,3,0,0,33,5,113,12,1,3,0,39,197,55,30,18,68,18,0,596,9,390,0,28,26,20,1,12,2,40,4,12,269,24,3,1,1,29,219,1,50,72,129,6,2,35,0,2,895,12,73,0,0,0,16,34,4,83,1,0,6,47,28,0,25,0,1,26
hsa-miR-7849-3p,8,0,7,1,12,0,13,84,10,1331,0,0,82,143,1,64,3,109,21,248,771,0,7,20,3,6,20,4,19,13,0,67,39,16,0,0,12,161,1,38,1,14,26,0,8,0,1315,0,6,0,0,5,10,5,191,0,2,0,159,1,111,11,6,4,8,0,33,24,223,158,45,36,9,1,1,3,37,10,1,111,1,6,8,42,336,92,2,16,80,65,1,148,57,2,1,287,1,251,3,285,0,29,1205,5,105,0,1,5,62,47,2,2,2,2,1
hsa-miR-7850-5p,27,0,10,0,116,1,4,60,5,26,0,0,1,245,55,89,112,6,152,4,795,2,5,272,9,0,8,2,60,663,0,8,119,0,2,0,11,129,0,270,0,0,6,0,250,0,3400,1,20,0,0,2,10,0,13,1,13,0,2,2,61,32,13,283,2,0,102,22,206,1,6,45,176,0,15,1,4,257,10,325,2,3,2,11,100,119,154,16,3,1,8,64,61,3,4,328,32,782,0,181,0,107,87,3,1,1,0,3,16,80,0,2,1,38,2
hsa-miR-7851-3p,72,1,15,0,87,1,1,7,2,424,0,0,130,4,113,75,2,46,101,358,544,2,9,6,1,3,3,5,7,3,1,36,37,18,0,22,3,8,0,7,1,0,40,0,27,1,958,0,0,1,1,7,11,2,5,0,1,0,55,18,1,1,4,1,0,0,11,30,179,4,9,74,103,14,30,288,58,113,12,234,96,2,3,8,148,150,2,99,35,0,5,7,58,7,0,491,41,72,116,92,0,2,1381,0,0,0,0,0,15,77,0,2,0,1,0
hsa-miR-7852-3p,11,0,6,0,55,4,9,2,0,9,0,0,9,80,44,35,3,2,3,316,700,0,83,571,10,4,7,68,129,13,0,41,108,0,2,0,4,106,18,9,0,28,138,0,0,28,1204,3,1,3,0,3,18,3,5,71,0,0,3,155,85,114,10,236,0,33,523,46,4,3,17,248,119,0,206,569,76,135,1,8,89,3,5,1,1,6,0,81,18,220,0,4,1541,2,0,65,22,200,87,1,0,62,76,2,17,1,0,7,1,4,1,31,1,6,72
hsa-miR-7853-5p,0,0,4,1,1,1,0,5,8,228,0,0,1,2,45,0,2,222,0,446,10,1,0,2,3,3,21,119,1,25,0,1,60,0,0,0,4,4,0,13,0,0,94,0,16,0,473,0,0,0,0,33,6,1,2,1,0,0,1,1,168,24,2,4,320,0,508,10,61,2,4,134,184,0,195,0,3,6,0,1001,83,2,1,1,204,205,19,0,18,75,17,12,17,26,0,268,0,51,2,2,0,1,18,1,0,0,0,117,0,175,0,1,7,317,157
hsa-miR-7854-3p,8,0,0,3,1,3,118,1,1,5,0,0,0,1,0,88,69,2,1,148,12,0,4,1,0,2,1,4,0,4,0,1,2,136,0,0,7,1,15,9,1,1,1,0,0,0,181,0,0,2,0,0,5,1,40,1,0,0,9,18,29,47,1,22,2,0,7,3,106,562,195,448,13,62,0,0,38,1,0,765,0,1,2,0,2,122,6,152,1,0,0,51,11,2,20,54,0,15,154,1,0,8,12,0,9,0,0,0,107,2,1,0,0,367,123
hsa-miR-7855-5p,621,0,3,0,2,6,0,5,0,528,0,0,6,10,32,0,2,5,31,210,161,0,1,34,249,6,20,171,32,11,0,47,7,2,0,15,4,8,0,10,0,0,9,0,0,0,691,0,0,0,0,17,5,3,8,0,10,0,1,95,39,4,4,3,176,0,21,26,106,124,16,11,296,35,2,2,6,16,5,354,14,67,4,10,369,46,11,141,14,137,1,5,167,2,0,296,13,163,0,1,0,3,512,2,2,0,0,2,1,3,0,4,0,176,15
hsa-miR-7856-5p,2,0,0,0,1,0,0,0,0,125,0,0,0,0,57,0,1,0,62,782,5,0,0,1,1,0,0,74,1,165,0,0,1,83,0,1,1,142,7,267,0,3,1,0,0,0,59,0,0,0,0,20,3,109,1,0,0,0,0,1,11,41,1,0,1,0,3,3,0,0,80,1,1,0,0,0,35,0,0,0,68,0,1,0,3,22,27,0,0,0,0,0,9,0,7,48,0,0,0,0,0,0,10,0,0,78,0,0,0,1,0,0,0,0,0
hsa-miR-7973,6,1,2,0,2,3,30,2,1,2,0,26,166,4,1,0,1,2,2,6,3,0,2,3,174,10,97,1,4,7,0,0,117,1,0,0,4,4,21,109,1,10,2,0,0,0,16,0,1,1,0,0,9,2,1,0,0,0,0,90,4,1,1,4,1,0,4,15,6,437,3,8,0,1,1,8,7,4,18,2,53,1,3,0,2,62,0,47,9,0,0,5,7,0,0,55,0,8,0,0,0,0,22,189,101,0,0,3,3,4,0,0,0,3,1
hsa-miR-7974,2,0,131,7,123,0,27,1,4,820,0,0,21,40,0,14,0,1,61,5,14,3,2,7,1,0,77,3,2,339,0,12,138,0,1,6,3,39,14,91,0,13,2,0,12,0,825,1,0,16,0,3,179,64,35,1,10,0,68,35,70,28,2,1,1,0,36,8,42,33,109,297,2,25,1,0,20,157,0,549,28,0,4,123,23,163,11,32,9,97,10,37,465,34,7,248,4,176,0,18,0,1,45,1,44,30,0,0,2,140,0,43,0,65,0
hsa-miR-7975,5,2,26,0,1,3,8,2,8,458,0,0,155,262,44,10,9,134,42,6,43,2,0,69,1,2,42,6,4,8,0,142,6,23,1,0,14,15,10,265,0,0,165,0,88,0,4508,6,0,0,0,1,10,109,286,0,1,0,0,0,407,7,4,0,0,0,42,27,67,843,15,45,3,0,163,0,7,3,0,82,13,6,2,0,0,113,2,52,29,0,3,12,713,6,3,307,0,255,27,1,0,27,52,0,43,1,0,0,61,45,0,57,0,0,49
hsa-miR-7976,1,0,0,0,0,1,0,1,0,325,0,0,1,1,46,34,0,81,0,2,4,0,0,0,0,0,0,1,1,3,0,0,0,0,0,0,0,1,0,2,0,0,0,0,0,0,4,0,0,0,0,0,2,0,4,1,0,0,0,0,1,0,0,1,1,0,0,6,0,2,4,2,31,0,0,0,0,0,0,141,0,0,0,0,0,155,20,0,1,1,1,0,5,0,0,37,0,4,0,0,0,0,4,0,1,0,0,0,0,73,0,2,0,0,0
hsa-miR-7977,1674,2,50,1,63,197,9,41,26,96,0,0,291,459,74,33,9,71,236,659,58,0,5,45,144,487,32,8,115,219,1,1177,168,214,9,12,323,154,22,141,16,4,4,0,146,0,3275,1,6,0,0,10,140,211,301,1,1,4,53,95,339,220,322,210,210,21,210,26,670,437,333,44,5,11,1,4,55,59,6,619,32,1,8,11,228,519,20,91,289,300,16,14,78,4,2,4042,17,222,3,316,0,61,104,247,23,9,0,98,293,195,0,89,13,1,46
hsa-miR-7978,272,0,4,11,2,1,0,0,0,123,0,15,2,82,0,1,2,92,106,1,6,2,0,55,1,2,1,108,0,3,1,3,81,60,0,1,7,268,0,5,0,10,3,0,220,0,532,0,12,3,0,7,6,77,117,0,20,0,0,1,2,27,3,0,0,0,9,8,134,5,7,441,2,0,1,1,54,0,4,1,0,2,2,0,266,1,3,0,1,0,3,1,76,5,0,2,14,65,92,0,0,50,18,1,36,0,0,2,0,0,0,31,0,0,0
hsa-miR-802,26,0,5,0,1,0,0,2,1,88,0,0,99,1,0,1,3,0,0,118,11,0,17,0,3,1,4,1,1,277,0,0,0,58,0,0,5,3,0,4,0,0,1,0,0,0,437,0,0,3,0,6,1,0,1,0,0,0,5,4,2,0,0,3,0,0,1326,2,6,6,2,17,1,0,0,0,2,1,0,2,2,2,2,0,2,1,15,0,0,0,0,37,4,1,0,75,0,49,104,0,0,0,11,0,0,0,0,0,1,0,0,55,1,0,9
hsa-miR-8052,644,0,97,20,84,4,50,196,14,1424,1,14,219,968,598,20,74,614,751,496,2517,3,277,963,177,8,201,541,166,723,0,141,348,141,2,0,230,445,11,957,4,15,447,0,163,0,6794,10,17,1,41,60,110,20,239,0,24,13,8,207,519,118,166,227,384,1,10314,169,349,440,37,3855,508,18,10,339,248,702,2,237,47,177,412,14,225,203,482,132,16,338,26,353,4017,28,1,530,75,2392,47,193,0,386,5174,3,19,3,3,160,27,206,0,191,2,261,37
hsa-miR-8053,1588,7,467,16,764,9,420,652,34,3683,0,25,1088,655,562,123,131,1467,792,3360,5503,12,1271,928,1702,118,1096,945,431,1799,3,273,1347,429,1,2,788,980,92,1917,25,10,911,0,743,0,10842,2,51,26,35,46,149,238,770,2,103,11,245,129,1029,454,41,465,256,0,6729,444,492,1210,118,7797,423,140,166,26,1033,1458,57,1527,349,548,1031,156,667,1064,538,120,108,1287,38,1042,854,22,36,1683,489,1538,383,295,0,565,4549,1557,995,9,34,251,377,408,1,416,47,528,219
hsa-miR-8054,9,5,80,6,351,4,38,182,6,706,0,0,220,290,353,34,23,248,223,928,960,2,342,648,9,4,132,274,146,820,1,28,239,24,1,0,74,227,28,1049,26,0,171,0,8,0,3994,0,38,5,0,50,275,102,74,0,40,0,209,168,270,119,13,1,0,1,3927,86,360,520,22,3882,330,120,40,5,265,458,14,865,207,184,126,49,120,746,202,23,69,392,23,459,855,22,5,109,81,668,222,102,0,158,3226,490,114,1,27,109,129,64,0,289,3,360,16
hsa-miR-8055,9,0,9,1,4,2,181,68,2,7,0,1,322,96,4,42,5,128,10,688,876,2,10,252,2,2,156,165,134,16,0,145,254,0,0,0,683,21,12,380,1,0,3,0,3,0,1508,0,40,1,0,1,23,89,10,0,0,0,2,178,9,323,252,0,2,0,612,100,129,5,8,59,106,118,2,0,61,193,1,170,40,7,106,39,80,161,32,0,13,6,4,10,88,4,0,265,68,275,135,148,0,6,1326,1,69,41,1,2,290,46,2,3,24,195,1
hsa-miR-8056,3,0,68,0,133,1,44,58,0,560,0,1,12,6,3,0,4,9,151,1440,818,4,205,311,7,2,483,102,11,350,0,2,8,1,1,0,9,13,31,626,0,0,6,0,10,0,386,1,20,1,0,9,14,187,6,0,1,0,5,14,167,30,7,2,3,0,701,30,5,5,11,505,125,2,1,0,88,36,0,6,34,55,20,0,2,106,34,9,38,174,7,83,75,4,8,196,4,393,2,28,1,34,1419,5,177,1,0,208,2,94,0,85,0,5,17
hsa-miR-8057,1218,48,672,72,4369,13,1191,653,69,15683,2,37,1251,7346,8376,212,443,2511,4078,6661,20361,31,1682,6674,2581,685,2012,2941,902,12649,208,1444,2738,431,17,157,5007,3470,361,28500,151,22,1806,2,2007,0,27373,27,215,130,0,144,948,201,2160,1,203,19,201,627,917,2446,432,625,747,23,68301,1889,1134,2558,699,29122,4471,528,462,3,1432,3654,240,2583,177,755,1491,146,1988,1032,2325,883,222,2471,64,1845,10335,363,107,849,3502,38222,384,1581,2,6431,59583,904,834,95,24,432,635,918,15,1048,85,655,201
hsa-miR-8058,174,0,58,2,123,3,15,26,8,767,0,0,59,182,40,0,90,276,124,2,53,0,264,186,160,3,249,67,41,17,0,243,55,88,1,0,369,4,25,166,0,0,123,0,10,0,3688,0,4,3,0,4,14,0,6,3,89,0,0,17,133,146,85,0,223,3,28,30,261,0,16,38,17,0,0,1,68,201,35,776,4,67,201,9,265,56,41,62,10,160,10,25,70,17,1,470,108,134,137,290,0,155,79,0,111,1,0,0,353,115,1,49,0,2,0
hsa-miR-8059,51,2,25,1,314,6,92,205,7,1205,0,5,32,732,370,105,120,339,586,11,5349,11,629,439,777,16,361,448,639,1671,0,47,277,164,2,0,58,498,3,713,0,0,479,0,204,21,4006,0,3,1,0,7,188,76,330,1,57,4,219,2,544,40,26,67,662,0,6899,140,182,561,16,2902,438,145,132,2,302,1226,21,483,1,143,424,1,1,59,279,160,4,646,17,478,366,16,13,351,212,3392,245,1,1,380,4003,0,277,45,4,2,3,57,0,147,66,3,64
hsa-miR-8060,740,1,4,1,35,11,2,63,5,559,2,0,431,130,8,25,122,138,109,638,32,2,8,118,4,9,2,8,138,472,1,58,226,234,0,5,2,13,61,260,0,0,10,0,157,0,1618,1,32,7,0,60,108,160,294,0,0,102,2,128,878,99,6,3,1201,1,19,209,396,1569,267,505,5,59,160,1,109,83,15,422,435,4,20,11,236,1014,14,128,64,176,24,95,55,0,25,1594,59,15,461,44,0,8,69,3,146,0,0,2,172,139,3,132,0,2,64
hsa-miR-8061,1,0,1,0,0,1,1,1,3,51,1,0,2,129,0,0,2,93,4,3,24,1,114,2,0,1,3,3,0,182,0,20,5,0,0,0,6,1,0,74,0,1,48,0,15,0,526,0,0,0,0,17,0,1,185,0,3,0,3,29,38,5,2,1,279,0,1103,7,1,1,7,21,1,0,0,5,10,31,0,13,1,3,1,0,46,3,27,0,13,1,0,13,29,13,0,60,1,58,0,0,0,5,17,0,60,0,0,0,0,2,1,2,3,1,0
hsa-miR-8062,837,1,23,7,48,7,58,57,43,1553,0,0,21,93,37,177,87,111,71,420,837,5,66,15,453,8,28,198,315,25,2,45,14,366,0,0,51,111,30,501,53,2,14,1,30,0,12989,0,8,5,0,75,27,663,537,0,5,0,77,243,279,221,10,241,486,25,1966,65,965,926,319,595,165,40,109,1,59,181,3,226,32,10,325,24,84,194,66,148,60,185,12,42,1581,37,21,534,14,319,144,52,0,51,1081,211,134,4,2,161,117,140,2,16,67,284,129
hsa-miR-8063,156,3,383,10,397,9,566,307,21,1183,2,11,767,242,389,100,25,319,17,3363,103,3,396,659,16,337,155,836,652,759,1,279,647,1134,1,9,28,331,87,1263,0,26,47,0,980,0,4228,0,1,1,1,1,62,199,416,0,82,1,1,64,330,41,28,575,64,17,1045,1098,485,747,479,3209,45,0,764,1,152,138,17,1572,242,146,207,85,903,510,195,193,45,1433,13,904,1892,27,25,344,205,2250,1,334,0,120,2804,99,101,5,0,352,73,214,3,242,1,1940,56
hsa-miR-8064,495,1,4,0,2,1,38,3,7,155,0,0,7,127,22,0,2,5,79,152,1081,1,212,6,2,3,2,118,93,671,0,0,35,28,1,2,6,118,7,124,0,0,3,0,12,0,593,0,1,0,0,11,63,223,48,1,0,0,22,1,4,1,4,155,1,0,10,38,193,3,76,22,105,0,34,0,116,131,0,250,0,0,5,0,58,6,23,1,3,4,0,47,56,6,6,189,1,82,0,0,0,30,1366,0,0,0,0,3,0,0,0,59,0,0,0
hsa-miR-8065,1461,1,29,2,3,5,48,6,2,1031,0,23,21,99,26,52,6,38,114,8,667,0,126,339,762,8,6,85,85,370,1,72,12,284,0,0,11,17,10,297,1,5,13,0,40,0,1518,1,1,0,0,91,140,327,1264,94,1,1,128,160,118,88,122,6,4,1,30,96,363,140,45,34,77,0,32,0,17,49,31,406,17,5,4,73,294,207,46,154,20,285,13,58,300,4,2,397,12,528,3,0,0,6,3115,367,11,102,1,1,0,25,0,119,0,3,100
hsa-miR-8066,2,4,5,0,1,0,4,2,1,1,0,0,6,73,27,38,3,7,0,1,560,0,3,6,6,0,5,7,4,5,0,1,6,1,0,26,11,6,19,3,0,0,8,0,184,0,795,0,0,0,0,5,4,0,2,0,1,0,52,1,4,0,1,1,0,1,48,16,2,3,2,971,106,19,0,0,1,8,0,2,4,3,1,0,0,13,0,0,0,2,0,48,28,4,1,153,3,144,0,0,0,3,1334,0,0,0,0,0,0,0,0,2,0,0,0
hsa-miR-8067,860,0,0,0,0,1,1,1,0,1,0,0,5,97,0,38,138,114,2,634,4,0,0,2,0,2,12,106,3,4,0,2,3,0,0,0,0,107,1,250,0,0,46,0,0,0,9,0,0,0,0,0,3,0,0,0,0,0,0,0,73,0,0,1,0,0,75,27,1,0,97,8,1,0,0,1,1,97,0,0,1,1,0,0,159,2,7,114,0,0,2,10,33,0,5,2,25,3,3,0,0,1,20,1,38,0,0,31,0,57,0,0,0,0,1
hsa-miR-8068,1902,3,21,25,50,10,18,18,91,3262,1,10,9,183,31,255,17,6,59,464,824,1,120,15,835,17,22,72,8,558,1,66,120,358,0,0,48,199,18,36,182,20,41,2,481,0,19246,56,33,3,117,179,216,1229,227,0,30,0,206,256,562,572,10,306,1140,107,140,78,1376,1441,349,164,91,106,123,2,61,6,3,196,123,18,7,20,101,660,9,287,84,321,12,88,1752,82,40,1038,41,25,171,77,0,68,106,748,162,1,1,368,169,64,7,21,19,354,224
hsa-miR-8069,4721,20,112,61,1261,1066,49,91,87,8355,5,0,1457,812,264,477,215,242,1023,4890,981,7,490,195,3182,232,55,399,106,913,3,1445,110,1214,36,94,161,247,178,904,232,38,319,0,119,162,16232,64,89,20,18,149,308,1389,478,12,29,2,875,693,3473,824,287,318,6259,44,884,175,5457,4172,1726,841,27,133,96,357,218,222,125,7391,1051,33,103,79,2904,2476,135,424,1005,2349,122,61,4865,53,131,4314,130,607,740,989,0,77,2562,784,1286,39,1,503,281,1043,13,456,10,679,926
hsa-miR-8070,90,5,23,0,130,1,1,1,2,629,0,0,164,101,12,1,1,43,10,15,20,0,1,153,245,10,7,4,4,15,0,21,74,1,0,37,11,13,0,17,0,10,4,0,50,0,1023,1,38,40,0,48,19,2,7,0,0,0,64,3,1,14,9,4,267,6,242,45,459,336,179,20,3,80,0,0,1,20,0,479,82,4,2,12,83,192,10,0,62,241,15,2,2412,15,65,507,0,126,103,1,0,3,86,4,443,0,0,0,1,92,1,1,32,213,51
hsa-miR-8071,852,10,10,13,4,9,135,63,6,778,2,0,152,40,58,14,16,173,37,12,1093,0,16,87,11,10,223,150,9,42,0,8,167,4,2,0,291,45,20,443,121,1,128,0,9,0,2068,19,25,2,1,34,123,306,364,1,23,0,21,314,261,295,13,62,983,0,1623,262,563,60,27,1030,279,36,392,1,162,247,33,974,290,63,103,44,792,156,35,17,169,499,8,261,1745,2,0,430,127,156,50,21,0,71,120,2,69,0,2,57,482,41,0,65,1,570,0
hsa-miR-8072,1062,9,25,9,339,5,18,106,8,2952,0,20,220,244,446,37,9,266,246,824,1194,2,229,99,265,84,72,261,46,153,23,500,133,111,43,1,251,180,29,885,0,0,53,0,162,0,2885,3,15,1,0,38,42,252,90,1,6,3,4,5,227,128,12,11,648,0,2104,73,338,554,134,1051,354,59,78,3,103,241,21,959,238,24,127,4,519,324,61,100,91,510,23,110,176,7,30,792,52,557,124,90,0,66,1867,97,296,1,2,86,102,158,0,35,15,285,31
hsa-miR-8073,372,0,1,4,0,5,0,11,0,10,0,0,2,22,12,5,1,125,7,344,10,0,88,50,2,0,2,0,0,5,0,64,3,22,0,0,2,0,1,7,0,0,96,0,0,0,732,0,3,0,0,6,4,36,5,0,1,0,53,10,428,44,99,3,3,0,17,8,170,554,66,436,1,0,1,0,1,1,0,100,33,0,1,0,27,7,0,1,46,32,9,5,35,0,8,124,0,3,1,56,0,0,14,1,0,0,1,25,0,13,0,1,0,1,1
hsa-miR-8074,273,7,21,0,42,1,75,3,0,3,0,0,335,79,84,40,3,15,67,6,82,0,85,3,83,277,1,3,53,8,0,68,110,22,0,0,4,41,5,52,1,0,1,0,133,0,358,0,39,0,0,35,7,172,6,0,0,66,58,37,292,19,4,89,8,0,14,55,340,2,233,6,34,14,86,0,22,4,5,3,49,2,6,1,200,295,34,4,101,576,17,14,29,0,15,367,0,5,29,1,0,2,403,52,24,0,0,135,0,203,0,1,0,129,86
hsa-miR-8075,3332,5,93,9,86,1495,5,7,6,1747,0,0,27,78,208,29,4,6,113,245,150,2,8,4,3,10,14,117,1,22,0,4,8,39,0,11,15,9,14,378,129,0,267,0,134,0,1235,0,0,0,1,10,7,6,444,0,4,0,5,5,293,60,2,4,4,0,1087,5,279,12,42,74,3,1,3,7,38,45,1,377,10,4,3,0,59,214,40,2,2,11,2,11,23,0,0,311,2,13,5,64,0,8,35,2,40,0,0,5,1,6,0,5,0,4,50
hsa-miR-8076,1,1,2,4,2,1,1,39,0,317,0,0,263,5,59,19,123,114,1,224,555,1,7,6,115,4,21,118,64,20,0,1,120,19,2,0,89,209,7,976,1,0,66,0,0,0,29,0,3,2,0,1,292,2,4,0,11,1,32,2,150,25,4,1,0,0,737,30,116,2,12,201,7,0,5,2,2,53,5,258,1,30,149,10,61,80,1,37,23,143,5,132,62,0,0,165,111,164,40,1,0,54,52,1,2,0,1,0,74,44,0,72,0,6,0
hsa-miR-8077,1190,1,6,0,8,7,36,11,4,200,3,25,129,109,45,33,5,148,133,345,340,0,52,12,99,5,18,53,62,156,15,91,69,148,0,0,12,107,54,143,0,3,38,0,2,8,1519,4,6,1,85,10,76,173,81,1,5,4,43,118,611,198,5,1,184,30,475,23,400,815,214,184,42,8,116,0,27,33,5,371,0,17,4,0,308,218,10,37,72,380,16,44,346,5,17,688,38,215,168,83,0,74,842,275,87,1,0,0,1,72,1,75,0,77,22
hsa-miR-8078,19,49,5,13,183,3,101,3,0,37,2,15,32,90,31,12,6,130,191,7,556,3,9,13,288,8,64,230,14,16,0,48,280,141,1,0,4,14,5,270,2,0,157,0,105,0,321,12,49,0,2,7,15,2,7,1,2,0,41,0,182,83,300,79,433,10,551,81,358,289,31,1695,48,115,2,1015,174,9,28,402,3,3,31,12,135,420,83,158,33,189,8,7,84,10,3,780,41,411,5,262,0,29,70,2,142,1,0,58,1,121,0,190,4,0,76
hsa-miR-8079,2,0,2,0,0,1,0,0,0,10,0,0,1,2,30,0,3,2,1,3,8,0,1,43,2,2,0,46,1,1,0,120,2,43,0,0,1,119,1,82,0,0,4,0,0,0,443,0,0,0,0,16,20,0,3,0,0,2,1,1,2,1,2,3,2,0,4,5,328,1,3,5,2,0,2,0,0,3,1,99,82,70,2,0,53,1,19,80,36,3,4,1,10,0,0,204,0,2,0,0,0,1,7,0,51,0,0,109,36,2,2,2,0,2,12
hsa-miR-8080,407,0,57,0,161,0,3,37,4,334,0,0,6,15,0,4,3,6,2,572,24,0,2,1,145,3,6,203,5,15,0,2,19,5,0,0,2,96,1,13,0,15,105,0,2,0,1572,0,1,0,0,1,173,2,3,1,1,0,63,61,29,1,0,9,262,0,901,16,148,2,84,16,1,2,24,0,2,2,17,183,40,48,2,33,16,33,22,2,12,1,1,1,26,0,8,216,31,2,1,50,0,46,20,228,0,0,0,9,82,8,0,43,1,135,32
hsa-miR-8081,4,0,0,0,42,3,49,16,15,98,0,0,62,12,7,0,1,3,98,1,9,0,51,88,206,1,2,0,2,11,0,295,4,0,0,0,5,2,0,7,0,0,3,0,0,0,676,0,0,5,0,0,20,235,1,0,3,9,1,36,0,30,202,3,1,1,9,7,194,1,191,4,1,0,1,0,1,1,0,337,2,12,4,0,195,0,4,0,240,0,14,51,29,0,12,9,7,85,0,1,0,19,29,0,53,0,0,0,2,81,0,1,0,0,0
hsa-miR-8082,267,0,11,3,61,4,18,62,8,551,0,0,37,94,0,50,6,38,138,44,416,2,92,34,50,3,7,134,4,83,1,21,99,25,5,3,56,6,1,85,0,1,18,0,257,0,2172,0,6,0,0,10,14,47,32,4,1,0,32,144,72,39,57,15,45,0,220,77,192,177,171,38,6,2,5,2,146,154,61,108,38,6,11,8,85,90,6,38,24,178,8,85,235,5,2,490,10,78,5,3,0,4,251,147,13,1,0,37,15,57,1,17,0,37,8
hsa-miR-8083,922,20,40,17,255,7,4,94,16,1492,0,1,15,37,44,87,4,142,4,69,43,0,13,20,8,280,6,10,5,1006,2,92,11,106,1,0,110,11,25,261,2,23,10,0,92,0,3600,16,19,3,0,39,23,265,103,2,2,0,5,2,330,150,359,490,778,0,35,48,1755,1328,416,56,58,200,226,2,93,82,15,1580,395,5,5,1,230,611,2,108,384,124,41,6,1860,10,36,1191,4,141,354,548,0,6,1347,375,269,1,1,114,1,343,8,8,1,679,377
hsa-miR-8084,7,3,3,1,109,1,67,61,0,122,3,0,3,1,0,0,2,3,0,1,16,0,1,0,2,0,3,1,0,6,0,68,3,110,0,0,297,2,0,6,0,0,0,0,2,0,46,0,0,0,0,18,2,1,2,0,2,0,1,0,4,151,0,4,1,0,233,37,2,3,3,145,2,1,1,1,0,70,0,186,1,2,3,1,1,78,0,0,11,2,45,7,20,4,1,75,2,246,1,0,0,1,24,2,1,0,2,167,1,477,1,2,1,1,1
hsa-miR-8085,1525,4,7,4,102,1855,153,119,0,1687,1,0,859,203,17,80,2,3,114,499,205,2,0,65,264,14,4,11,7,22,0,99,10,118,0,1,315,7,29,147,1,2,1,0,1,1,582,0,12,0,0,23,15,3,529,0,0,0,205,8,379,105,29,2,59,0,22,18,567,4,49,33,3,0,1,1,124,39,0,3,286,16,11,85,679,437,26,26,19,0,30,4,40,0,0,1197,19,5,0,1,0,3,58,417,82,0,0,373,61,80,7,41,0,3,112
hsa-miR-8086,133,0,3,1,2,2,2,9,1,1053,0,1,146,135,115,13,5,141,6,6,913,3,28,92,2,0,118,89,12,14,0,29,193,1,0,0,106,194,15,10,0,0,4,0,1,0,346,11,1,0,0,23,16,1,154,0,2,2,3,31,4,44,126,185,376,0,787,38,178,2,7,1367,16,2,1,1,60,92,1,53,0,2,114,1,4,21,22,0,8,1,0,4,68,1,2,123,3,10,3,40,0,6,1476,2,2,0,0,38,1,1,1,31,0,0,0
hsa-miR-8087,699,2,2,0,1,1,4,2,0,659,0,0,4,21,282,1,0,3,33,3,5,0,0,4,522,15,2,138,5,18,1,30,5,0,0,0,2,1,1,434,0,6,53,0,0,1,16,0,13,0,0,0,3,10,218,1,0,0,4,73,3,11,3,4,1,0,72,19,133,431,16,5,3,1,2,2,45,0,0,452,3,1,45,0,2,88,0,1,47,2,4,1,27,2,0,361,1,268,3,2,0,16,31,2,21,0,0,1,0,58,0,9,1,2,1
hsa-miR-8088,1357,13,6,3,2,3,33,106,20,944,0,0,5,145,35,16,10,172,105,168,1045,0,201,95,5,6,12,298,9,23,0,67,88,1,1,35,14,9,47,18,47,6,16,0,434,0,1008,0,12,1,0,66,470,235,161,3,8,0,5,102,279,102,5,229,1,1,599,30,291,168,29,1630,9,42,46,1,104,192,3,229,120,3,20,29,184,354,5,1,119,173,13,157,77,2,15,904,4,220,49,36,0,70,68,3,87,0,2,2,129,197,1,49,0,3,54
hsa-miR-8089,1386,3,54,10,231,11,29,51,9,214,0,11,4,129,33,38,1,84,200,140,178,2,9,72,555,19,2,205,15,135,0,277,4,41,1,2,97,9,4,22,0,0,33,0,177,0,2074,31,5,0,1,61,1119,381,274,1,1,1,46,53,127,195,4,5,119,1,28,51,999,355,614,37,24,26,134,2,140,5,26,1502,70,5,5,4,572,331,4,77,70,108,18,5,65,1,32,1303,37,52,40,1,0,9,84,588,42,1,0,3,0,173,2,32,1,1,42
hsa-miR-8485,0,0,0,0,2,1,1,0,1,0,0,0,0,1,0,0,1,0,0,650,1,0,0,0,111,1,0,0,1,3,0,0,100,0,0,0,1,0,0,2,1,0,0,0,0,0,502,0,17,0,0,0,0,0,3,0,0,0,0,0,4,0,1,0,0,0,3,0,170,15,6,8,2,0,0,0,1,0,0,5,0,0,0,0,0,161,0,0,2,1,0,0,3,0,0,85,0,1,0,0,0,0,1,13,0,0,0,0,1,2,0,2,0,0,0
hsa-miR-873-3p,34,27,5,1,55,3,3,6,1,580,0,0,43,14,33,35,43,113,137,10,118,1,260,4,14,3,76,36,115,48,1,2,5,70,1,0,18,9,14,55,0,0,25,0,19,1,260,0,2,0,0,0,112,1,8,0,2,0,1,1,233,31,2,325,180,0,117,63,210,34,10,83,47,0,66,0,10,187,16,69,3,5,23,41,141,15,61,0,2,0,3,7,49,31,15,128,42,64,0,22,0,11,110,141,3,1,2,7,1,2,0,13,0,66,0
hsa-miR-873-5p,0,0,1,0,0,2,0,0,0,153,0,0,4,6,1,0,1,0,6,3,2,0,2,4,1,0,0,1,6,0,0,1,5,0,0,0,0,11,0,4,0,0,41,0,0,0,5,0,0,0,0,0,9,38,2,0,1,0,91,0,273,9,1,0,1,0,5,23,28,0,4,2,162,0,0,0,16,14,1,1,0,0,3,1,0,101,31,0,0,0,0,0,39,1,1,5,0,146,0,44,0,0,1180,368,1,0,0,0,0,1,3,0,0,0,25
hsa-miR-874-3p,517,6,6,5,167,2,8,99,4,284,0,0,56,240,37,0,77,7,150,301,1593,0,86,185,302,6,192,95,4,724,0,63,254,145,0,3,43,74,6,307,0,0,5,0,2,0,729,20,17,0,1,7,101,108,141,0,32,0,43,98,200,44,5,0,605,0,381,867,56,599,51,272,37,49,52,1,27,170,11,192,38,7,10,27,238,114,57,1,2,90,0,44,76,2,6,159,132,334,0,290,0,3,68,172,88,0,0,1,2,15,1,71,13,0,29
hsa-miR-874-5p,1268,9,7,18,54,10,59,10,13,551,64,1,96,497,110,151,7,161,357,574,325,0,9,7,82,24,6,60,150,33,25,33,259,74,4,16,109,6,54,339,1,2,108,0,3,21,3537,5,9,38,2,39,127,221,227,15,12,0,50,151,769,179,5,327,758,1,239,29,815,1007,234,270,6,126,46,293,167,4,6,579,195,5,6,1,220,1341,22,26,47,579,21,110,108,0,13,2245,2,13,126,138,0,6,589,972,38,18,41,1,102,166,2,58,16,173,44
hsa-miR-875-3p,211,2,216,8,4285,15,186,560,39,3322,0,35,304,565,727,31,109,1050,664,3594,5377,7,812,1042,453,349,539,597,97,2355,58,335,388,135,7,16,458,1091,50,4242,22,20,417,0,190,0,6914,6,9,24,0,69,82,464,843,2,34,19,335,97,629,709,279,538,630,240,10841,266,266,1363,194,6536,1563,24,193,1721,642,684,73,516,78,82,617,3,679,566,320,528,71,485,32,618,476,25,22,339,256,2570,56,92,0,1597,7466,377,234,16,3,146,164,321,4,458,13,254,111
hsa-miR-875-5p,526,0,5,28,5,1,2,21,2,1055,0,0,4,182,0,37,3,6,155,0,36,1,3,7,137,3,9,77,103,14,1,4,109,0,0,38,9,134,0,10,0,4,1,0,1,0,1580,0,8,2,0,51,71,7,25,0,16,1,180,2,376,32,0,1,0,0,575,16,13,18,31,698,3,1,1,15,44,1,25,1,197,6,2,138,261,60,14,73,25,218,1,11,25,0,3,122,1,72,2,12,0,0,38,2,29,0,0,2,2,19,0,4,15,345,6
hsa-miR-876-3p,52,6,3,0,1,0,1,1,1,486,0,0,1,1,18,0,0,2,2,2,573,0,2,33,0,0,3,4,0,3,0,1,2,0,8,0,2,4,0,3,0,0,3,0,0,0,976,0,0,0,0,21,1,0,0,0,0,0,0,0,0,0,0,1,5,0,8,2,2,2,2,15,2,0,1,0,1,2,0,1,1,2,0,0,0,0,2,0,0,0,0,0,13,0,0,14,0,3,0,1,0,78,515,0,1,0,0,2,2,1,0,0,0,0,0
hsa-miR-876-5p,4,0,8,1,7,1,4,3,5,213,0,0,29,1,3,0,9,2,18,284,306,0,2,97,5,1,69,3,3,5,0,24,71,12,0,0,98,10,1,12,1,0,4,0,158,0,2559,0,1,0,0,1,11,9,6,0,0,0,93,2,1,51,2,13,4,0,29,38,14,6,6,37,37,0,3,1,3,45,119,3,211,6,42,1,5,13,3,1,12,2,0,37,20,5,0,42,1,130,3,3,0,3,22,9,2,0,2,48,5,3,0,5,0,15,1
hsa-miR-877-3p,1264,0,2,32,1,8,1,3,0,203,0,0,40,0,3,40,1,24,18,100,757,0,134,1,793,14,58,3,115,20,0,52,3,100,0,2,5,2,15,488,0,0,117,0,0,107,22,0,37,1,0,20,6,268,12,0,0,1,313,156,51,55,1,4,3,0,459,9,129,164,114,10,24,12,1,1,12,1,3,92,293,1,1,0,71,165,24,0,58,202,5,3,20,1,8,302,4,0,0,262,1,3,17,536,148,1,0,264,1,42,0,31,25,2,47
hsa-miR-877-5p,1250,3,70,38,412,16,209,340,72,501,1,2,373,708,60,115,198,694,474,2199,2385,10,724,410,1184,26,841,173,333,450,2,276,766,168,12,33,959,387,78,964,67,4,742,1,919,1,10518,39,67,124,1,111,933,354,1125,37,138,2,247,434,796,865,313,199,614,56,2874,239,790,733,1145,1710,71,117,266,597,372,511,26,976,402,178,298,92,380,685,114,386,241,186,30,785,1772,32,13,2617,181,384,582,2,0,220,3691,228,9,2,20,349,0,165,1,384,41,320,74
hsa-miR-885-3p,192,24,488,50,452,1419,1020,849,15,3882,1,79,1419,1346,787,64,304,1290,1055,1526,5626,5,920,1116,1282,303,533,1271,734,1997,0,624,784,388,3,0,1300,1537,93,2339,134,10,1321,1,1215,0,10203,125,96,152,124,40,1424,184,1904,1,164,8,7,172,1151,884,280,4,373,20,8786,2090,894,2621,71,8040,1058,34,291,243,866,1431,111,1319,396,316,548,37,382,1002,373,997,80,511,41,366,2658,72,30,989,327,3395,190,506,3,373,11618,383,400,53,42,105,524,440,4,632,4,713,89
hsa-miR-885-5p,5,0,2,1,0,81,66,4,26,745,0,0,6,52,30,0,11,111,67,329,828,0,0,249,112,6,2,79,6,14,0,190,802,1,0,0,84,50,28,167,2,3,4,0,3,0,1299,0,9,6,5,10,9,34,88,0,3,0,150,1,201,44,14,1,2,0,1779,39,164,70,13,40,104,62,1,0,34,5,7,150,6,7,3,0,135,1,3,2,39,96,2,4,49,2,7,165,29,120,255,40,0,42,56,1,27,1,2,0,75,9,0,49,0,0,3
hsa-miR-887-3p,250,6,43,1,316,5,34,151,23,663,0,0,642,347,98,40,9,215,262,8,112,1,92,167,391,5,78,333,17,38,0,628,31,52,1,0,224,70,1,148,1,10,58,0,435,0,9298,0,18,16,0,60,25,128,617,1,2,1,227,32,298,339,267,355,81,81,596,106,571,424,78,961,14,53,4,1,162,130,22,1209,120,14,18,13,210,424,37,239,151,410,18,32,2779,5,20,817,7,338,1,2,0,13,237,2,266,0,2,1,92,117,5,6,0,230,63
hsa-miR-887-5p,376,1,68,0,101,1,5,31,7,731,0,0,2,2,6,2,7,16,3,1025,216,0,109,2,3,0,8,60,19,326,0,3,1,65,1,0,15,97,20,464,0,5,4,0,0,0,3723,0,8,0,0,16,5,26,7,0,0,0,17,12,178,16,4,3,320,0,27,5,239,63,21,456,0,4,8,2,8,100,9,261,38,4,1,12,34,25,24,0,22,18,4,3,26,0,12,359,1,5,1,50,0,2,19,3,25,0,0,155,21,33,0,49,93,1,70
hsa-miR-888-3p,639,8,4,2,1,1,58,63,1,262,0,0,10,10,44,0,7,28,4,41,150,0,11,150,1,3,8,121,10,127,1,241,64,73,0,0,11,11,1,11,0,8,15,0,2,1,496,0,13,0,0,25,243,17,59,0,0,1,144,11,23,9,244,179,105,0,125,41,98,493,187,372,9,38,1,1,8,48,1,10,159,4,8,0,5,80,2,57,181,22,6,9,1920,0,14,397,4,11,110,22,0,14,398,0,0,0,2,3,1,63,0,3,0,3,32
hsa-miR-888-5p,286,0,1,0,1,0,0,1,0,18,0,0,1,1,0,64,0,0,80,1,4,0,5,3,0,0,1,124,2,1,0,0,101,0,38,1,3,2,0,1,0,0,1,0,0,0,13,0,0,0,0,1,3,0,2,0,24,0,2,0,2,0,0,2,0,0,9,7,0,1,184,9,63,0,0,0,0,103,0,0,0,0,1,0,0,0,0,0,0,0,2,2,13,1,18,37,2,57,0,0,0,1,16,0,0,0,0,0,0,22,0,1,0,0,10
hsa-miR-889-3p,940,0,13,6,72,4,7,2,0,267,0,0,1,8,34,1,0,41,4,463,283,1,3,5,196,1,4,5,4,138,0,2,10,3,0,15,6,6,10,12,3,5,30,0,1,0,637,0,3,3,0,21,12,35,5,0,0,0,5,159,11,29,10,112,114,0,39,26,345,432,22,550,72,27,1,6,24,3,7,252,452,3,100,0,36,165,60,1,30,3,8,8,49,5,0,523,3,525,80,4,0,80,867,84,1,0,0,38,23,57,2,65,0,4,51
hsa-miR-889-5p,303,1,2,13,0,6,72,50,13,315,0,0,150,12,2,43,3,35,20,190,31,6,6,21,1,3,1,6,6,10,0,78,16,71,0,0,8,105,11,11,0,0,2,0,13,0,1946,0,2,104,0,10,15,24,14,0,0,1,240,0,130,59,13,172,1,0,75,62,1697,327,211,18,3,1,79,1,40,8,26,211,123,2,2,1,184,309,0,68,73,0,3,15,3385,14,3,949,4,9,2,1,0,3,77,112,22,0,0,2,26,26,0,52,17,221,55
hsa-miR-890,400,0,56,0,3,1,126,33,0,3,0,17,145,1,14,1,6,145,33,0,20,0,60,59,2,2,5,4,3,10,0,0,104,0,0,33,4,3,0,276,0,0,2,0,1,0,450,0,0,0,0,3,6,45,7,0,0,0,0,1,110,1,0,1,85,1,25,14,3,0,4,19,5,8,2,0,11,120,0,71,0,0,5,0,2,0,0,0,1,1,1,52,23,1,2,167,50,153,1,0,0,1,27,0,1,0,2,0,29,0,0,66,0,268,0
hsa-miR-891a-3p,1,0,2,0,0,0,2,1,1,139,0,0,17,3,38,26,3,24,2,1,255,0,0,1,1,0,67,3,160,84,0,4,3,0,0,0,4,1,0,1,0,0,2,0,1,0,521,0,0,0,0,0,1,0,70,0,1,0,0,0,124,5,1,1,0,0,285,4,14,0,0,12,1,0,0,1,11,12,0,0,0,30,0,0,1,0,1,0,1,0,0,10,12,0,0,2,12,0,1,0,0,3,11,1,0,10,0,0,0,1,0,22,0,0,38
hsa-miR-891a-5p,193,0,2,7,36,0,37,6,3,1,0,0,52,70,3,1,3,4,1,41,4,0,61,0,199,2,33,124,0,2,0,25,5,0,0,0,6,61,0,3,30,0,2,0,0,0,684,0,0,5,0,0,17,0,0,1,0,0,0,0,118,10,2,1,1,0,452,10,4,34,7,13,1,7,1,0,0,0,0,258,0,2,44,0,168,19,20,0,7,0,1,0,18,0,2,325,54,2,177,0,0,1,13,0,0,0,0,0,43,1,0,2,0,0,23
hsa-miR-891b,254,1,139,3,13,16,84,11,9,410,0,18,52,149,22,144,95,175,131,991,176,0,132,173,286,7,213,44,280,65,1,13,270,26,2,0,545,151,21,53,1,0,129,0,405,2,703,2,12,2,0,14,85,28,397,0,2,2,129,20,60,238,98,45,270,2,712,914,295,360,55,1153,16,51,16,14,85,213,14,41,43,20,16,29,15,370,59,155,20,25,3,101,228,10,4,747,3,486,28,12,0,74,1352,25,51,0,12,166,133,10,0,9,19,21,65
hsa-miR-892a,3,0,0,0,0,0,1,3,0,0,0,2,12,2,2,0,1,1,2,3,9,0,1,2,3,1,4,1,81,3,0,2,8,13,0,0,0,2,0,1,0,0,5,0,2,0,30,0,0,0,0,0,1,1,3,0,2,0,0,1,143,1,0,1,1,0,464,6,112,3,3,155,6,1,0,1,15,2,1,13,1,2,6,0,41,0,0,0,8,0,0,7,8,2,0,57,0,159,0,0,0,23,35,0,0,0,0,0,1,0,0,0,0,1,2
hsa-miR-892b,2,0,0,3,0,0,0,1,0,0,0,0,0,50,0,32,0,0,0,2,7,0,0,1,0,2,35,1,1,3,0,1,0,1,0,0,1,0,0,2,0,4,0,0,2,0,111,0,3,0,0,0,0,0,3,0,0,0,0,0,2,46,0,0,0,0,4,2,94,112,1,5,0,7,0,1,0,0,0,23,6,0,2,0,0,1,2,0,4,87,1,1,4,0,1,87,0,0,1,0,0,0,4,50,0,0,0,1,0,5,0,0,0,1,0
hsa-miR-892c-3p,0,0,1,0,0,0,4,0,2,0,0,0,0,0,45,0,0,0,2,1,8,7,2,155,0,0,3,1,1,306,0,2,3,0,1,0,6,187,14,43,0,0,0,0,57,0,159,0,3,0,0,18,10,55,3,0,0,0,0,0,1,0,2,0,29,0,581,15,1,2,3,202,27,0,0,0,73,2,0,156,0,1,215,0,0,0,0,83,4,2,0,3,38,6,0,24,35,269,0,0,0,58,24,0,0,0,0,47,0,0,0,1,0,0,0
hsa-miR-892c-5p,201,0,1,0,3,0,18,16,0,639,0,0,296,2,36,1,0,3,60,1,6,0,0,93,0,0,1,1,0,333,0,159,3,1,0,0,1,3,0,4,0,0,0,0,0,0,14,0,4,0,0,24,4,117,4,0,0,0,2,1,1,10,0,0,0,0,522,8,1,0,4,74,0,25,1,0,38,3,0,1,0,9,0,1,1,1,0,31,0,0,1,18,20,1,0,166,1,31,0,1,0,1,12,0,0,0,0,0,0,2,0,3,0,2,59
hsa-miR-9-3p,1,0,1,2,2,1,0,0,0,2,0,2,76,4,59,0,0,113,1,1,4,0,5,5,88,3,0,5,2,287,0,0,5,1,1,0,2,139,2,572,0,0,73,0,0,0,14,0,0,0,0,0,114,2,0,0,22,0,0,0,3,0,4,2,0,0,449,15,0,122,1,6,99,0,0,0,39,4,2,159,0,1,4,39,0,0,30,0,77,57,2,1,68,4,1,122,0,286,0,0,0,48,1430,0,0,0,0,1,0,1,0,1,0,0,0
hsa-miR-9-5p,387,17,3,0,1,0,1,3,0,17,0,0,61,1,13,16,163,11,0,1,10,1,2,1,0,1,75,87,0,3,0,0,166,126,0,0,58,1,1,8,0,0,2,0,3,0,139,0,14,0,1,85,2,0,2,0,2,0,0,0,3,11,2,0,0,0,18,6,2,1,1,21,2,1,1,0,1,5,0,1,0,1,2,0,97,1,2,0,28,2,11,3,44,0,4,23,0,4,0,0,0,1,20,2,7,0,0,1,1,143,0,2,4,74,0
hsa-miR-920,304,1,59,4,126,49,66,440,17,351,4,0,143,784,115,15,35,1664,644,1072,1456,3,442,407,623,66,468,316,79,740,1,97,432,181,4,5,408,336,36,750,7,0,539,1,116,4,5506,2,46,2,4,70,111,19,156,5,12,9,19,204,380,96,22,21,111,10,3043,631,259,200,65,3848,311,58,60,44,129,297,90,357,9,45,192,21,196,166,430,54,72,127,10,346,346,37,3,212,110,1495,46,26,0,183,2301,162,88,6,6,32,194,135,0,144,3,109,126
hsa-miR-921,451,7,49,14,468,392,154,84,19,1580,1,10,487,556,284,26,27,515,595,831,3645,3,238,1249,403,19,317,202,176,1335,1,157,366,240,4,0,284,262,36,1930,0,2,259,3,135,0,3643,3,16,2,0,1,72,88,370,0,20,0,137,375,119,189,30,130,1098,28,5282,534,631,1152,141,3873,380,57,108,1,214,821,29,354,361,142,264,24,620,324,232,97,67,575,29,271,1549,18,18,294,244,1920,141,216,0,545,3004,179,119,1,2,156,157,306,2,217,3,115,35
hsa-miR-922,13,0,6,0,0,1,5,26,10,395,0,0,218,4,150,3,1,48,3,10,36,1,2,108,8,3,51,9,5,354,1,80,19,1,0,0,6,48,1,18,1,2,4,0,12,1,1482,5,11,6,0,27,100,43,240,0,0,1,66,2,268,12,7,7,5,3,194,18,64,199,138,30,3,3,3,1,38,178,6,7,5,42,4,0,22,130,0,38,14,41,9,7,49,2,6,368,38,146,103,122,0,1,43,324,164,0,0,4,0,76,0,5,1,1,62
hsa-miR-924,763,16,567,21,971,8,685,737,32,4100,0,23,670,1664,384,56,170,1633,1635,1323,7622,17,1220,1263,2090,34,763,2462,831,2719,9,539,1822,572,0,0,1579,982,79,2621,181,9,1609,0,1147,0,8435,37,61,94,0,40,1070,134,2013,1,123,10,35,146,1307,829,526,478,562,20,11405,497,422,2691,325,12237,1131,65,255,285,808,1803,52,1503,131,342,1689,39,829,699,768,91,204,636,36,1037,5716,26,37,679,679,2944,415,333,0,592,13387,281,712,4,62,237,286,398,7,726,9,895,325
hsa-miR-92a-1-5p,159,3,1,14,141,2,81,5,2,149,0,1,275,3,53,73,4,40,236,5,367,2,138,4,483,11,3,35,2,16,0,494,3,43,0,0,5,4,2,729,0,0,230,0,3,1,1359,10,2,3,0,3,13,81,4,1,1,0,2,142,134,67,3,2,134,0,23,77,88,1,4,68,80,47,51,0,26,4,2,140,121,3,54,0,55,30,25,3,111,357,4,49,48,0,0,57,15,33,177,39,0,101,56,0,140,0,0,108,0,2,0,72,0,38,52
hsa-miR-92a-2-5p,8,0,12,24,32,5,16,4,3,9,0,1,43,151,2,14,102,6,7,251,40,1,45,62,400,6,71,39,6,35,0,9,114,112,0,13,50,6,0,267,15,0,18,0,3,0,1986,0,3,0,0,36,8,12,7,0,3,0,2,0,76,71,110,3,1316,11,779,17,165,452,14,497,2,1,2,1,13,28,5,233,29,3,2,1,708,338,3,0,37,1811,9,40,26,2,14,423,13,108,16,21,1,52,32,1,20,0,0,94,4,102,0,2,2,31,6
hsa-miR-92a-3p,113,82,3,1,1,6,1,36,1,1260,1,1,61,253,1,70,5,4,97,122,28,2,69,5,446,13,36,82,4,304,2,3,3,29,0,5,154,207,0,22,0,0,97,0,0,19,1964,0,0,0,0,10,6,0,22,0,0,1,538,433,509,417,2,405,0,99,23,17,141,3,1453,21,1,20,23,1,42,4,4,1431,375,3,1,0,778,361,32,0,48,1,23,1,43,0,61,484,2,25,64,152,0,6,38,0,0,0,0,281,2,251,3,52,2,34,263
hsa-miR-92b-3p,1357,11,72,0,146,9,4,8,0,383,0,0,28,93,0,138,76,4,4,545,175,0,125,72,135,594,3,38,34,525,2,233,41,299,1,14,94,15,35,19,2,6,2,0,2,0,12,5,21,3,0,36,32,271,21,18,0,0,108,219,577,281,3,498,374,66,301,112,749,122,493,141,42,70,25,116,27,162,21,1074,639,1,71,1,238,1140,12,110,62,338,17,54,56,1,33,998,4,232,40,482,0,3,1103,420,151,0,0,15,100,160,0,83,0,1,39
hsa-miR-92b-5p,5499,143,4986,165,4757,76,1576,9861,301,8632,455,480,27681,3042,6427,373,4130,3337,1809,9432,17813,170,2927,12172,3007,841,16182,2313,8361,5796,105,11646,7389,6903,111,201,3151,3907,287,4641,401,74,9358,17,18829,124,107585,267,208,1024,71,1172,4807,1381,5290,153,460,78,839,2321,7751,3277,847,1625,4374,379,96096,7980,6893,20864,3751,117668,12488,507,1122,2668,10844,20169,1124,4365,1216,6795,19637,380,5630,3235,1113,3601,1675,1909,174,22014,15570,682,172,8880,1902,6715,4869,844,4,1506,217981,2025,5227,423,313,274,2509,1218,20,3161,48,6472,2996
hsa-miR-93-3p,4,0,6,3,97,2,6,4,5,1,0,1,3,61,109,10,4,136,180,610,1478,0,33,169,225,2,161,68,110,154,0,162,73,28,0,1,176,3,0,227,0,1,43,0,1,0,1496,0,15,10,0,3,20,43,6,0,1,1,23,3,23,70,7,0,317,0,745,16,34,57,11,31,65,33,1,0,17,43,13,0,114,7,142,0,50,65,17,0,0,30,0,34,34,2,2,323,52,118,200,10,0,9,59,1,69,0,1,4,1,1,0,32,0,3,98
hsa-miR-93-5p,1071,9,9,16,157,96,13,77,13,3,1,1,293,247,99,78,39,334,303,538,1881,0,335,294,269,7,210,127,223,407,0,68,99,225,1,0,201,33,2,332,0,3,246,0,6,0,3871,11,0,1,0,20,114,137,200,0,39,2,185,1,1,143,277,349,199,1,754,129,1100,2,144,449,18,1,141,19,17,134,1,420,0,13,105,8,268,149,68,68,80,787,18,158,216,17,11,403,3,1423,0,125,0,192,2753,487,2,0,0,176,1,28,1,83,4,749,0
hsa-miR-933,2,1,6,0,3,1,3,4,2,25,1,0,58,12,119,0,3,15,11,21,212,2,11,13,29,1,12,8,13,288,1,13,18,6,4,0,14,26,5,18,0,0,20,0,17,1,112,32,5,1,1,12,119,88,14,0,28,1,3,41,253,20,6,6,528,1,711,18,6,35,14,55,7,8,1,8,10,30,3,59,0,6,11,0,174,4,21,8,9,47,1,16,76,4,0,55,61,109,12,2,0,8,137,4,3,0,2,7,2,3,0,47,6,107,13
hsa-miR-934,22,0,2,0,2,0,0,0,1,14,0,0,3,86,66,25,2,6,5,4,25,0,9,5,4,1,2,3,3,9,0,2,4,3,0,0,3,5,0,243,0,0,3,0,0,0,682,0,4,1,0,2,3,0,3,0,0,0,0,0,3,5,1,41,260,0,44,4,111,139,6,46,4,14,0,1,48,5,2,4,0,4,0,0,12,17,5,28,3,1,4,3,11,0,3,68,1,92,2,33,0,0,23,93,2,88,0,0,33,37,0,4,0,2,30
hsa-miR-935,117,4,5,4,151,3,89,32,10,186,0,1,169,89,1,2,36,148,5,13,598,0,114,23,20,1,6,13,127,17,0,70,50,0,0,0,24,86,10,75,1,11,135,0,11,0,2534,1,2,0,0,35,33,51,101,1,1,0,84,9,357,18,13,8,312,0,551,74,508,135,78,950,71,116,3,3,59,9,6,1446,17,6,9,9,324,191,131,105,24,156,19,56,1649,7,6,382,117,437,4,149,0,20,107,169,0,0,0,3,83,161,0,5,0,5,211
hsa-miR-936,825,8,231,51,594,518,253,246,49,1178,1,34,795,608,303,138,168,418,314,443,2486,14,861,747,1274,936,558,428,653,520,28,97,834,519,3,3,648,426,61,827,0,1,482,0,1057,0,2696,69,67,138,0,67,978,42,1030,0,89,23,429,180,440,461,441,304,266,1,4883,1807,399,1380,270,1358,525,160,54,14,317,306,40,1344,161,256,128,57,952,307,113,263,158,681,13,577,4041,28,10,598,270,1153,429,185,0,98,2374,664,126,6,25,520,608,115,0,403,11,401,92
hsa-miR-937-3p,1343,4,72,7,191,5,2,1,10,4590,1,0,143,1,0,80,5,3,2,1007,212,1,5,6,433,10,8,4,5,75,1,1215,62,172,0,73,6,7,9,682,53,13,3,0,22,7,1132,10,36,1,0,9,399,227,18,0,0,0,28,106,298,102,6,2,669,0,16,22,429,6,26,527,2,1,7,0,16,1,10,2181,1,3,2,44,552,305,9,1,307,354,11,7,43,38,1,939,1,132,1,137,0,2,39,285,240,0,0,0,174,152,0,78,19,222,203
hsa-miR-937-5p,299,12,90,0,109,9,42,69,16,545,1,21,77,398,61,0,7,239,256,1146,65,1,47,59,388,154,176,121,114,383,0,9,209,3,2,9,21,264,25,93,73,0,13,0,62,0,4916,23,3,15,1,45,25,33,75,0,0,0,2,91,909,88,7,108,530,16,759,37,315,441,23,361,73,32,107,236,24,235,2,61,311,21,3,1,569,348,21,22,38,557,9,58,82,4,0,607,28,407,1,2,0,8,182,2,2,0,0,2,9,152,0,56,0,1,38
hsa-miR-938,43,0,4,0,0,0,2,0,3,8,0,1,2,3,35,0,94,0,0,2,213,0,1,1,0,0,1,2,1,5,0,57,3,0,0,0,71,1,0,5,0,0,0,0,96,0,739,0,0,0,0,1,4,0,1,0,0,0,27,4,1,35,0,6,0,0,111,4,1,189,5,15,1,22,0,0,1,190,0,83,7,0,1,0,165,11,2,79,1,0,5,1,8,1,0,12,2,4,1,1,0,4,20,0,0,0,0,47,1,68,0,0,0,1,2
hsa-miR-939-3p,173,0,2,8,0,1,3,1,2,108,0,0,53,88,28,16,2,5,50,1,6,1,1,10,1,1,1,5,25,358,1,15,1,25,0,0,53,4,0,9,121,0,5,0,1,0,1126,0,3,0,0,6,64,36,1,0,1,0,54,1,117,63,42,0,3,0,16,14,291,0,14,9,3,29,2,0,0,5,6,338,48,1,52,1,18,2,2,48,13,249,3,1,963,0,8,220,0,88,4,0,0,0,37,41,12,1,1,19,0,73,1,0,0,27,11
hsa-miR-939-5p,725,10,9,0,0,10,53,61,9,41,0,0,156,180,20,91,7,243,50,662,696,1,119,143,18,4,7,9,5,210,0,139,16,1,0,8,82,143,13,164,0,0,4,0,7,0,1255,13,24,1,0,50,100,2,160,2,4,0,0,168,239,68,2,3,828,0,764,37,359,689,17,149,7,114,19,1,134,111,4,461,29,11,55,0,216,326,26,51,10,249,8,4,479,15,2,1113,77,262,0,0,0,64,1004,2,115,0,0,2,188,33,2,39,0,2,0
hsa-miR-940,364,0,87,0,5,8,42,123,21,198,0,11,796,111,15,31,7,57,180,596,241,8,125,10,907,17,6,10,33,572,0,2027,13,75,0,0,88,9,59,439,0,1,10,0,54,0,3148,31,41,0,1,3,211,199,153,48,0,0,273,269,440,103,7,94,755,0,40,120,233,961,510,48,9,41,67,1,62,46,22,1305,624,4,8,101,795,97,3,138,278,855,17,12,564,2,30,1006,3,217,94,98,0,6,77,2,257,2,1,185,11,285,2,35,1,129,120
hsa-miR-941,6,0,1,1,0,0,1,0,14,4,0,0,57,34,37,0,0,4,1,1,4,0,2,1,2,0,0,212,45,2,0,2,384,0,2,0,2,2,0,6,0,0,10,0,2,0,188,0,1,0,0,36,8,1,6,0,0,0,663,0,159,0,7,1,0,1,3,402,74,175,11,8,3,0,0,0,2,5,1,4,28,1,2,4,90,16,0,1,3,0,2,6,34,6,0,109,3,124,1,45,0,15,42,1,0,0,0,0,0,1,0,0,1,1,0
hsa-miR-942-3p,594,18,190,11,29,9,13,1,4,1,0,0,111,497,92,1,4,15,17,950,239,0,8,266,5,8,3,99,121,16,1,6,9,149,15,8,6,374,61,225,15,7,196,0,27,1,2344,0,19,1,0,57,333,129,635,0,1,0,265,213,1554,124,4,363,114,0,241,1045,1047,2,74,105,10,0,1,6,105,11,20,184,86,3,14,55,169,810,50,227,29,153,30,2,123,30,14,2421,1,280,152,167,0,5,112,369,43,7,0,473,1,287,0,7,0,433,95
hsa-miR-942-5p,1,0,1,0,5,0,14,6,1,1,0,0,2,29,15,0,2,49,23,2,301,0,0,1,0,0,12,0,0,138,0,30,0,0,0,0,3,0,0,96,7,0,1,0,0,0,219,0,0,0,0,2,0,0,0,0,0,0,0,1,2,0,1,0,1,0,260,6,15,88,140,98,0,1,0,0,0,1,0,66,0,1,40,20,51,0,0,0,4,0,2,1,6,0,0,120,0,3,0,2,0,56,9,0,0,0,0,0,1,41,0,1,0,0,0
hsa-miR-943,69,4,4,0,174,3,15,77,2,1232,0,0,5,73,98,1,2,119,20,7,26,0,1,21,4,3,3,107,9,46,0,384,7,59,0,0,7,2,0,397,0,11,2,0,16,0,1011,0,18,3,0,3,15,2,9,0,24,1,32,153,87,26,219,76,3543,0,24,1020,94,3,462,19,4,28,6,76,6,5,3,177,120,0,3,0,287,17,39,0,58,959,17,19,40,3,21,323,81,273,208,358,0,19,64,3,89,0,0,0,48,91,2,43,0,3,59
hsa-miR-944,585,0,10,0,101,4,2,159,15,169,0,0,170,75,2,0,6,207,245,7,31,1,180,58,1,1,8,3,3,11,0,8,19,1,0,0,11,27,7,3,0,0,90,0,231,0,1084,0,16,0,0,1,9,4,6,0,4,0,4,0,0,1,5,183,0,0,1659,12,29,2,10,454,6,34,160,0,9,95,12,173,63,5,159,1,1,134,37,0,14,0,14,86,41,2,0,143,3,26,1,0,0,76,46,271,0,2,0,0,1,52,0,3,0,2,0
hsa-miR-95-3p,318,0,0,0,2,1,0,47,1,11,1,0,68,72,20,0,4,1,0,4,4,0,1,115,0,1,31,176,0,8,0,68,2,0,0,0,4,2,21,141,0,0,3,0,277,0,552,0,10,48,0,0,55,1,104,0,1,0,70,0,4,3,1,4,1,1,15,6,115,1,8,442,1,0,1,0,1,0,0,2,0,1,2,0,1,4,33,0,14,0,0,4,11,23,0,54,0,3,43,0,0,2,21,0,0,0,0,68,0,1,3,1,0,207,0
hsa-miR-95-5p,3,0,2,0,57,0,2,0,0,1,0,1,0,1,0,0,20,3,0,189,466,0,0,1,0,1,25,2,0,2,0,3,1,0,0,0,1,3,0,36,0,0,24,0,0,0,136,0,0,0,0,1,2,127,236,0,2,0,1,0,3,1,54,1,0,0,3,4,4,0,5,4,98,1,0,0,21,0,8,96,0,1,72,0,0,3,0,73,11,0,0,0,5,0,0,15,2,3,0,1,0,0,11,0,0,0,2,0,1,0,0,16,0,1,0
hsa-miR-9500,146,0,44,0,3,0,17,108,1,197,0,5,81,38,35,14,24,379,4,170,22,0,5,56,9,3,28,36,45,12,1,61,212,18,0,0,4,26,20,112,0,0,144,0,3,0,765,14,0,1,0,6,47,100,14,0,3,35,8,0,36,38,2,2,6,2,30,9,70,8,5,262,1,23,2,0,17,4,3,216,1,3,5,0,127,7,3,5,41,4,11,8,24,1,0,110,2,8,1,2,0,2,30,1,1,0,0,19,46,0,1,12,0,192,2
hsa-miR-96-3p,772,75,3,0,1,3,1,39,0,1,1,0,0,42,0,4,1,1,74,0,8,0,2,116,0,0,1,1,1,1,0,0,2,74,0,0,1,2,0,0,0,0,2,0,0,0,21,0,0,0,0,0,2,0,5,0,0,0,0,0,10,18,4,0,0,0,5,13,0,1,5,502,1,1,0,0,2,85,0,74,0,62,1,0,0,0,32,0,0,2,0,1,13,0,0,18,1,2,0,1,0,0,13,100,0,0,0,1,0,0,0,0,0,0,35
hsa-miR-96-5p,1379,0,24,0,30,1,13,19,4,191,90,0,82,71,4,29,23,115,17,114,162,1,94,35,11,3,53,93,6,9,0,25,109,0,1,13,10,64,18,562,99,0,29,0,74,0,843,19,1,1,0,4,15,0,80,0,1,14,12,25,101,3,4,54,138,0,564,23,153,316,12,232,5,0,2,0,28,82,13,138,18,18,45,38,2,11,11,1,6,0,3,26,775,0,0,366,47,229,25,189,0,8,52,1,22,24,4,0,64,28,0,29,44,1,1
hsa-miR-9718,36,0,4,0,2,3,58,18,10,1197,0,0,74,189,43,19,5,133,158,234,1082,2,11,174,4,5,33,138,38,256,1,399,24,4,1,0,261,13,45,758,0,0,128,0,1,0,1255,2,27,6,21,14,55,14,453,0,19,4,52,36,147,187,2,11,43,14,174,209,114,299,13,167,22,0,6,0,49,7,12,544,90,3,57,3,328,164,43,109,72,243,0,48,963,5,0,260,30,358,120,366,0,80,1295,1,91,0,1,10,111,2,4,100,0,4,42
hsa-miR-98-3p,0,0,82,0,0,1,21,20,1,0,0,0,0,0,0,0,2,0,5,1,15,0,1,0,0,1,24,1,59,2,0,65,1,0,0,0,3,0,0,4,0,0,114,0,0,0,887,0,11,0,0,3,1,1,4,0,0,0,0,0,0,8,0,0,1,0,14,4,2,1,0,417,64,0,0,0,26,1,0,0,0,1,3,0,68,72,9,0,5,0,1,3,5,0,0,3,1,2,1,0,0,0,5,0,0,0,0,77,0,15,0,1,0,181,68
hsa-miR-98-5p,5,0,0,0,0,2,0,0,0,7,1,0,1,0,0,0,0,0,0,3,2,0,0,1,412,6,29,1,0,7,0,36,1,0,0,0,0,0,0,4,0,0,0,0,0,0,3,0,9,88,0,21,0,3,3,0,0,0,141,0,5,0,0,1,1,0,1,1,2,333,4,1,0,0,1,1,0,0,0,221,857,0,1,0,55,67,0,2,1,1,0,1,2,1,0,12,0,1,3,50,0,0,5,1,0,0,0,87,0,2,0,1,1,0,71
hsa-miR-9851-3p,1964,4,40,0,84,13,5,17,3,1696,0,0,245,121,104,127,44,18,157,378,298,1,54,186,451,14,4,171,107,53,1,140,155,198,12,64,9,5,42,34,2,0,32,0,418,0,1980,18,29,4,1,24,18,90,292,5,7,0,104,360,669,142,205,53,765,0,26,30,1552,648,230,141,4,58,76,1,80,314,36,2346,217,3,54,23,539,408,23,271,174,702,24,8,87,2,24,2942,30,134,145,289,0,4,97,126,297,20,0,200,5,275,5,4,0,500,69
hsa-miR-9851-5p,19,0,0,3,0,549,81,5,1,62,0,0,143,100,4,0,1,113,1,1,609,0,8,3,2,1,0,105,12,2,0,91,111,2,0,0,374,11,56,4,0,0,111,0,8,0,157,0,19,0,0,38,15,18,4,0,9,0,35,44,31,252,17,2,2,1,16,31,34,1,10,14,3,4,1,0,1,8,0,128,10,10,3,2,46,255,1,0,124,2,3,3,58,0,0,124,27,15,18,33,0,4,1942,0,0,0,0,19,2,1,0,1,0,199,59
hsa-miR-9898,634,0,90,17,450,6,166,126,23,1890,2,7,198,732,95,32,99,421,157,508,2497,11,10,541,500,853,468,339,475,989,9,134,321,172,3,0,242,250,75,245,3,13,131,0,75,0,5357,6,35,4,0,21,138,142,1137,3,44,32,240,418,412,165,14,7,286,1,978,105,393,154,48,1374,175,45,4,2,228,100,30,1442,175,96,376,0,512,266,95,84,80,552,33,147,3407,10,26,672,91,554,242,73,0,31,1657,398,204,1,116,68,191,208,2,189,5,7,90
hsa-miR-9899,445,6,15,4,236,376,1,117,2,1015,1,0,89,67,73,153,2,111,209,331,15,0,60,37,336,10,1,181,4,339,2,20,305,104,2,0,7,14,19,322,1,0,2,0,30,18,1001,20,15,1,32,3,309,589,213,0,31,1,95,194,479,101,7,127,4674,2,22,51,325,357,1227,125,22,45,79,167,49,9,30,780,31,5,2,3,292,653,15,127,77,504,35,19,348,12,117,1026,1,427,98,37,0,1,1160,805,200,0,2,17,10,321,3,114,0,455,256
hsa-miR-9900,367,17,43,5,39,1,2,1,13,56,0,1,2,50,9,0,4,3,1,2,23,0,4,55,138,5,24,5,1,9,0,1,4,0,1,0,6,4,4,5,0,9,5,0,70,0,1083,0,2,0,0,18,7,0,3,0,1,0,352,28,53,21,3,3,1,1,291,522,317,465,11,566,3,0,206,0,30,5,18,116,25,17,38,0,285,3,1,0,21,1,8,34,28,15,7,240,32,100,33,0,0,41,706,0,0,0,0,0,0,90,0,1,0,3,40
hsa-miR-9901,1107,7,8,4,49,7,67,4,6,418,0,0,174,64,31,132,3,3,171,298,47,5,50,20,511,9,9,187,9,535,0,389,13,227,1,0,21,178,33,139,6,15,5,0,103,0,2787,16,81,0,0,28,602,94,205,1,11,0,166,229,258,123,20,128,73,1,36,563,737,537,299,50,5,0,139,4,82,7,16,1502,24,66,9,3,352,453,34,120,304,143,29,10,2375,42,25,1727,3,13,84,720,0,110,118,259,167,0,17,82,142,226,0,1,0,96,64
hsa-miR-9902,63,0,2,1,125,1,5,19,0,120,0,0,21,117,0,1,2,3,1,8,1008,0,3,4,0,0,2,6,0,6,0,40,2,8,0,0,2,118,12,116,0,0,3,0,6,1,519,0,0,0,0,18,479,2,0,0,0,7,61,2,2,8,196,0,237,2,333,15,134,6,4,28,14,0,1,0,3,56,4,244,3,5,85,0,0,10,1,0,108,2,0,7,49,2,0,82,0,106,3,0,0,3,34,1,1,0,0,51,0,0,5,51,0,1,0
hsa-miR-9903,317,1,23,2,54,8,50,23,7,122,0,6,48,26,33,0,5,53,90,368,809,3,42,174,433,4,105,63,119,16,0,30,178,38,4,44,99,131,18,318,0,0,121,0,6,0,1564,0,8,0,0,9,12,31,137,16,10,1,2,57,22,113,5,33,165,38,336,185,57,768,84,1322,66,6,87,4,65,28,17,178,60,12,21,2,301,17,22,13,33,17,12,107,86,5,1,111,53,529,30,15,0,5,618,229,31,2,4,2,53,35,0,29,1,70,21
hsa-miR-9983-3p,1183,19,658,59,1125,167,1098,1060,56,5836,0,40,3383,1353,575,220,405,2727,1220,4494,8452,37,2775,1609,1782,32,2327,2239,981,3207,10,1058,3007,796,26,28,2328,3139,284,2847,39,14,2405,0,1614,2,14787,26,129,40,44,87,865,657,2121,34,222,13,501,691,461,1439,79,529,515,38,10979,860,1031,3103,409,11249,611,334,642,1084,1893,1855,117,3167,439,883,1413,102,2610,1054,510,867,258,2085,117,1785,3619,142,64,2395,445,3379,873,903,2,1002,4226,1245,1043,67,116,714,738,1105,4,1088,21,1242,510
hsa-miR-9985,62,8,112,18,130,2,164,39,13,518,0,20,271,348,158,43,88,244,418,767,1742,3,273,308,405,41,283,266,157,230,1,227,382,172,2,0,335,185,21,517,0,4,159,0,142,2,2050,13,33,20,0,14,123,66,512,6,35,8,43,59,94,200,64,257,160,7,1885,121,192,398,254,1158,217,95,67,1,183,433,42,221,139,65,160,64,172,103,137,32,42,129,3,223,534,24,19,228,111,619,191,106,1,142,3302,149,128,0,14,95,47,103,1,86,6,270,24
hsa-miR-9986,60,0,0,7,22,1,2,1,0,50,0,0,136,2,39,0,3,3,2,5,10,1,70,1,3,0,5,1,0,1,0,10,1,0,0,9,72,2,0,0,0,0,1,0,0,0,1038,0,6,0,0,0,2,0,1,0,0,0,0,39,0,29,3,2,0,0,5,1,127,45,3,33,0,18,31,9,0,0,0,22,3,0,1,0,0,32,27,1,13,4,1,3,5,0,0,107,2,1,0,1,0,1,7,1,126,0,0,3,1,11,0,62,0,1,0
hsa-miR-99a-3p,352,2,1,4,2,4,1,3,4,101,0,0,2,25,37,43,2,6,40,257,12,1,112,1,1,1,55,2,1,6,1,193,3,0,0,1,2,4,3,121,0,1,1,0,0,0,630,6,2,0,1,16,85,119,70,0,1,0,265,97,131,34,3,34,2,0,524,647,104,12,58,16,15,0,82,1,33,4,0,238,14,1,5,0,359,146,1,53,74,1,1,19,16,0,3,514,17,3,0,0,0,22,28,63,69,0,0,187,115,0,2,67,0,2,1
hsa-miR-99a-5p,14,24,68,4,143,9,170,119,7,492,0,1,193,584,230,1,56,451,359,1161,1429,3,131,391,272,2737,106,193,86,480,0,69,387,135,3,1,262,123,28,1128,0,72,461,0,202,64,2271,3,7,26,1,127,65,83,135,0,15,2,323,155,341,167,200,193,1,2,3852,121,110,4,26,1946,352,34,93,0,188,410,46,507,1,12,141,39,298,289,166,208,15,161,9,307,1801,197,4,187,122,1088,1,245,0,195,3067,1013,360,24,23,4,241,57,8,241,1,629,70
hsa-miR-99b-3p,783,5,5,5,15,2,24,5,0,1170,0,2,2,0,51,10,69,104,0,6,17,1,44,0,145,5,3,2,0,14,0,4,3,101,0,0,3,1,0,183,0,0,2,0,11,0,1340,0,5,0,0,9,4,59,7,0,1,0,3,1,71,101,1,1,1,0,543,2,409,2,17,18,0,0,1,0,3,35,5,37,46,5,0,0,0,109,1,79,1,313,2,4,11,24,5,358,52,43,0,0,0,50,16,1,85,1,0,164,0,0,1,1,0,0,49
hsa-miR-99b-5p,462,0,3,0,0,6,1,1,1,238,0,0,6,185,1,21,82,181,2,369,12,0,2,314,1,1,43,5,4,24,25,39,4,0,0,0,3,4,0,22,0,0,2,0,171,0,390,0,89,0,0,0,5,5,11,0,1,0,19,2,74,0,7,22,190,0,14,14,522,1072,394,18,0,31,659,0,26,232,58,185,44,24,4,0,423,64,1,0,20,119,3,115,29,2,18,355,64,176,2,2,0,1,33,130,2,0,0,0,1,62,19,4,0,1,3