I.No	gene_symbol	gene_ensembl_id	mirna_name	mirna_db_id	interaction_score
1	PAK3	ENSG00000077264	hsa-miR-6127	MIMAT0024610	0.999999754142901
2	TXNDC8	ENSG00000204193	hsa-miR-6127	MIMAT0024610	0.999999639721234
3	PSG4	ENSG00000243137	hsa-miR-7855-5p	MIMAT0030430	0.999999483497406
4	GPR61	ENSG00000156097	hsa-miR-1911-5p	MIMAT0007885	0.999999138323752
5	ZNF367	ENSG00000165244	hsa-miR-21-5p	MIMAT0000076	0.999998477504053
6	CELSR2	ENSG00000143126	hsa-miR-224-5p	MIMAT0000281	0.999997253758294
7	KCNK10	ENSG00000100433	hsa-miR-183-5p	MIMAT0000261	0.999994943084261
8	CENPB	ENSG00000125817	hsa-miR-4687-3p	MIMAT0019775	0.999993167701731
9	BPY2B	ENSG00000183795	hsa-miR-7855-5p	MIMAT0030430	0.999992188634763
10	BPY2C	ENSG00000185894	hsa-miR-7855-5p	MIMAT0030430	0.999992188634763
11	BPY2	ENSG00000183753	hsa-miR-7855-5p	MIMAT0030430	0.999992056651984
12	PFN2	ENSG00000070087	hsa-miR-183-5p	MIMAT0000261	0.99999077902452
13	ERV3-1	ENSG00000213462	hsa-miR-4687-3p	MIMAT0019775	0.999989466708246
14	AL391628.1	ENSG00000288674	hsa-miR-183-5p	MIMAT0000261	0.99997903840069
15	AC003002.2	ENSG00000268533	hsa-miR-661	MIMAT0003324	0.999978945442602
16	PAXBP1	ENSG00000159086	hsa-miR-661	MIMAT0003324	0.999975743962302
17	TRIM71	ENSG00000206557	hsa-miR-4458	MIMAT0018980	0.999974162501529
18	NEFL	ENSG00000277586	hsa-miR-183-5p	MIMAT0000261	0.999971942152892
19	OAS1	ENSG00000089127	hsa-miR-6127	MIMAT0024610	0.999971269165864
20	DUSP10	ENSG00000143507	hsa-miR-183-5p	MIMAT0000261	0.999962641030537
21	SPDYE3	ENSG00000214300	hsa-miR-6783-5p	MIMAT0027466	0.999962495871241
22	CDC6	ENSG00000094804	hsa-miR-7157-3p	MIMAT0028225	0.999959720460945
23	TMPO	ENSG00000120802	hsa-miR-183-5p	MIMAT0000261	0.999956230577212
24	GATAD2B	ENSG00000143614	hsa-miR-21-5p	MIMAT0000076	0.999950921843512
25	S100PBP	ENSG00000116497	hsa-miR-4695-5p	MIMAT0019788	0.999947651942017
26	TOP2B	ENSG00000077097	hsa-miR-7157-3p	MIMAT0028225	0.999938625495762
27	AC137834.1	ENSG00000258830	hsa-miR-7157-3p	MIMAT0028225	0.999926457707994
28	NCR3LG1	ENSG00000188211	hsa-miR-4695-5p	MIMAT0019788	0.999922291057428
29	PPP1R3F	ENSG00000049769	hsa-miR-4687-3p	MIMAT0019775	0.999909676775902
30	OLIG3	ENSG00000177468	hsa-miR-5008-5p	MIMAT0021039	0.999907934078786
31	OAS1	ENSG00000089127	hsa-miR-6758-5p	MIMAT0027416	0.999903120340194
32	PPP2CA	ENSG00000113575	hsa-miR-183-5p	MIMAT0000261	0.999876349607071
33	FIGNL2	ENSG00000261308	hsa-miR-4458	MIMAT0018980	0.999872414609059
34	CYRIB	ENSG00000153310	hsa-miR-224-5p	MIMAT0000281	0.999838520037544
35	RELA	ENSG00000173039	hsa-miR-765	MIMAT0003945	0.999821304853172
36	NOVA2	ENSG00000104967	hsa-miR-765	MIMAT0003945	0.999818464419965
37	RALGPS2	ENSG00000116191	hsa-miR-21-5p	MIMAT0000076	0.999816709805082
38	TIMP3	ENSG00000100234	hsa-miR-765	MIMAT0003945	0.999814978308623
39	MAL2	ENSG00000147676	hsa-miR-183-5p	MIMAT0000261	0.99980872405093
40	ERVFRD-1	ENSG00000244476	hsa-miR-4687-3p	MIMAT0019775	0.999802090797465
41	ATRX	ENSG00000085224	hsa-miR-6758-5p	MIMAT0027416	0.999792373659445
42	ZNF474	ENSG00000164185	hsa-miR-4687-3p	MIMAT0019775	0.999779739396774
43	CHRDL1	ENSG00000101938	hsa-miR-765	MIMAT0003945	0.999769072848291
44	PTPN4	ENSG00000088179	hsa-miR-183-5p	MIMAT0000261	0.999751566226598
45	NRK	ENSG00000123572	hsa-miR-7157-3p	MIMAT0028225	0.999744669734223
46	NSMCE3	ENSG00000185115	hsa-miR-6783-5p	MIMAT0027466	0.999737965094603
47	CCL1	ENSG00000108702	hsa-miR-21-5p	MIMAT0000076	0.999737238100938
48	THY1	ENSG00000154096	hsa-miR-6127	MIMAT0024610	0.999724857757704
49	NMNAT3	ENSG00000163864	hsa-miR-130a-5p	MIMAT0004593	0.999721552777082
50	USB1	ENSG00000103005	hsa-miR-6758-5p	MIMAT0027416	0.99971317938087
51	CDC27	ENSG00000004897	hsa-miR-1911-5p	MIMAT0007885	0.999705204059443
52	DDI2	ENSG00000197312	hsa-miR-5008-5p	MIMAT0021039	0.999669301800907
53	CTNNBIP1	ENSG00000178585	hsa-miR-224-5p	MIMAT0000281	0.99965986222123
54	LIN28B	ENSG00000187772	hsa-miR-4458	MIMAT0018980	0.999659172123343
55	C14orf28	ENSG00000179476	hsa-miR-4458	MIMAT0018980	0.99965334751841
56	GID4	ENSG00000141034	hsa-miR-21-5p	MIMAT0000076	0.999647233764035
57	CNKSR2	ENSG00000149970	hsa-miR-21-5p	MIMAT0000076	0.999631321305836
58	RECK	ENSG00000122707	hsa-miR-21-5p	MIMAT0000076	0.99960521585699
59	PPP2R5C	ENSG00000078304	hsa-miR-183-5p	MIMAT0000261	0.999594797506582
60	LRP6	ENSG00000070018	hsa-miR-183-5p	MIMAT0000261	0.999585433427591
61	OAS1	ENSG00000089127	hsa-miR-661	MIMAT0003324	0.999575372665708
62	CERS2	ENSG00000143418	hsa-miR-5008-5p	MIMAT0021039	0.999556272678924
63	IFITM10	ENSG00000244242	hsa-miR-6127	MIMAT0024610	0.999547582101168
64	SKI	ENSG00000157933	hsa-miR-21-5p	MIMAT0000076	0.99951920329809
65	PDCD4	ENSG00000150593	hsa-miR-21-5p	MIMAT0000076	0.999516523957153
66	SACS	ENSG00000151835	hsa-miR-183-5p	MIMAT0000261	0.999510813242376
67	GRIN2D	ENSG00000105464	hsa-miR-4695-5p	MIMAT0019788	0.999491081375732
68	ARID3B	ENSG00000179361	hsa-miR-4458	MIMAT0018980	0.999480905276042
69	NCR3LG1	ENSG00000188211	hsa-miR-6783-5p	MIMAT0027466	0.999452148553136
70	PPP2CB	ENSG00000104695	hsa-miR-183-5p	MIMAT0000261	0.99942928908416
71	DIO1	ENSG00000211452	hsa-miR-224-5p	MIMAT0000281	0.99942471642618
72	GPR26	ENSG00000154478	hsa-miR-4695-5p	MIMAT0019788	0.999386836374553
73	GABPB2	ENSG00000143458	hsa-miR-661	MIMAT0003324	0.999385881221096
74	PRRC2C	ENSG00000117523	hsa-miR-4687-3p	MIMAT0019775	0.999373128836894
75	FGF12	ENSG00000114279	hsa-miR-7157-3p	MIMAT0028225	0.999358322118732
76	HLA-DQA2	ENSG00000237541	hsa-miR-765	MIMAT0003945	0.999326094568816
77	FXR2	ENSG00000129245	hsa-miR-5008-5p	MIMAT0021039	0.999321884208062
78	ZDHHC11B	ENSG00000206077	hsa-miR-7157-3p	MIMAT0028225	0.999314485883588
79	SPDYE17	ENSG00000186645	hsa-miR-6783-5p	MIMAT0027466	0.999271001562298
80	ZNF583	ENSG00000198440	hsa-miR-6127	MIMAT0024610	0.999265688449609
81	HTR2A	ENSG00000102468	hsa-miR-183-5p	MIMAT0000261	0.99921260154102
82	NOVA1	ENSG00000139910	hsa-miR-1252-3p	MIMAT0026744	0.999193396091938
83	BPY2C	ENSG00000185894	hsa-miR-657	MIMAT0003335	0.99916034523617
84	STMN2	ENSG00000104435	hsa-miR-940	MIMAT0004983	0.999155231849716
85	BTG1	ENSG00000133639	hsa-miR-183-5p	MIMAT0000261	0.999146351265793
86	PSMA3	ENSG00000100567	hsa-miR-4685-5p	MIMAT0019771	0.999137883163863
87	BPY2	ENSG00000183753	hsa-miR-657	MIMAT0003335	0.999136409737906
88	TMEM184C	ENSG00000164168	hsa-miR-183-5p	MIMAT0000261	0.999129333922298
89	BPY2B	ENSG00000183795	hsa-miR-657	MIMAT0003335	0.999120134269921
90	C1QBP	ENSG00000108561	hsa-miR-765	MIMAT0003945	0.999110460946806
91	FGF18	ENSG00000156427	hsa-miR-224-5p	MIMAT0000281	0.999079510388094
92	CLCN5	ENSG00000171365	hsa-miR-7157-3p	MIMAT0028225	0.999077873871217
93	PCGF6	ENSG00000156374	hsa-miR-7855-5p	MIMAT0030430	0.999076296570319
94	DPYSL2	ENSG00000092964	hsa-miR-224-5p	MIMAT0000281	0.999075256310757
95	CLYBL	ENSG00000125246	hsa-miR-6783-5p	MIMAT0027466	0.999056864115274
96	SP4	ENSG00000105866	hsa-miR-7157-3p	MIMAT0028225	0.999051772657193
97	PURA	ENSG00000185129	hsa-miR-7855-5p	MIMAT0030430	0.999046035516486
98	PELI1	ENSG00000197329	hsa-miR-21-5p	MIMAT0000076	0.998994250019038
99	EVPLL	ENSG00000214860	hsa-miR-765	MIMAT0003945	0.998972991779596
100	KIDINS220	ENSG00000134313	hsa-miR-7855-5p	MIMAT0030430	0.998957271300395
101	NR2F2	ENSG00000185551	hsa-miR-4687-3p	MIMAT0019775	0.998942308845314
102	KLK4	ENSG00000167749	hsa-miR-6127	MIMAT0024610	0.998938488499198
103	MYO1A	ENSG00000166866	hsa-miR-765	MIMAT0003945	0.998895395945125
104	SPAAR	ENSG00000235387	hsa-miR-4446-3p	MIMAT0018965	0.9988896955995
105	PLP2	ENSG00000102007	hsa-miR-765	MIMAT0003945	0.998880290614069
106	REV3L	ENSG00000009413	hsa-miR-183-5p	MIMAT0000261	0.998875463429204
107	PPP2R5A	ENSG00000066027	hsa-miR-224-5p	MIMAT0000281	0.998839031991391
108	FAM214B	ENSG00000005238	hsa-miR-661	MIMAT0003324	0.998826912035542
109	USP31	ENSG00000103404	hsa-miR-4687-3p	MIMAT0019775	0.998826420058354
110	RBMS1	ENSG00000153250	hsa-miR-183-5p	MIMAT0000261	0.998817691551434
111	STAG2	ENSG00000101972	hsa-miR-21-5p	MIMAT0000076	0.998817460513816
112	OR6C4	ENSG00000179626	hsa-miR-765	MIMAT0003945	0.998800818039627
113	IGDCC3	ENSG00000174498	hsa-miR-4458	MIMAT0018980	0.998760274831408
114	PTGFRN	ENSG00000134247	hsa-miR-6758-5p	MIMAT0027416	0.998746320776421
115	SOX5	ENSG00000134532	hsa-miR-21-5p	MIMAT0000076	0.998746170764704
116	RNF24	ENSG00000101236	hsa-miR-6127	MIMAT0024610	0.998730364051699
117	BRWD1	ENSG00000185658	hsa-miR-4465	MIMAT0018992	0.998687990632993
118	TTN	ENSG00000155657	hsa-miR-765	MIMAT0003945	0.9986797954994
119	ZBTB7C	ENSG00000184828	hsa-miR-224-5p	MIMAT0000281	0.998674939294699
120	SUSD6	ENSG00000100647	hsa-miR-1911-5p	MIMAT0007885	0.998653928551003
121	SCML2	ENSG00000102098	hsa-miR-21-5p	MIMAT0000076	0.998649915109386
122	GABRG2	ENSG00000113327	hsa-miR-6127	MIMAT0024610	0.998649605450802
123	KDM7A	ENSG00000006459	hsa-miR-21-5p	MIMAT0000076	0.998649112456076
124	PCDH9	ENSG00000184226	hsa-miR-130a-5p	MIMAT0004593	0.9986462673097
125	VIPAS39	ENSG00000151445	hsa-miR-4695-5p	MIMAT0019788	0.998645925013595
126	ZNF83	ENSG00000167766	hsa-miR-661	MIMAT0003324	0.998640944325592
127	GSTM2	ENSG00000213366	hsa-miR-6822-3p	MIMAT0027545	0.99860957169799
128	FRS2	ENSG00000166225	hsa-miR-1911-5p	MIMAT0007885	0.998596232332538
129	TET2	ENSG00000168769	hsa-miR-4465	MIMAT0018992	0.99859122223654
130	SPICE1	ENSG00000163611	hsa-miR-4685-5p	MIMAT0019771	0.998564315176417
131	PDIK1L	ENSG00000175087	hsa-miR-1911-5p	MIMAT0007885	0.998563043409806
132	ACVR2A	ENSG00000121989	hsa-miR-6127	MIMAT0024610	0.99855802839229
133	CYSTM1	ENSG00000120306	hsa-miR-224-5p	MIMAT0000281	0.998545685860919
134	MICB	ENSG00000204516	hsa-miR-183-5p	MIMAT0000261	0.998544125090024
135	PTPN12	ENSG00000127947	hsa-miR-940	MIMAT0004983	0.998512773370581
136	STIM2	ENSG00000109689	hsa-miR-224-5p	MIMAT0000281	0.998504295456512
137	ARMCX2	ENSG00000184867	hsa-miR-224-5p	MIMAT0000281	0.998491154191601
138	TTC7B	ENSG00000165914	hsa-miR-183-5p	MIMAT0000261	0.998488119317896
139	ELAVL2	ENSG00000107105	hsa-miR-224-5p	MIMAT0000281	0.99847658089463
140	GNAQ	ENSG00000156052	hsa-miR-6758-5p	MIMAT0027416	0.998450715174034
141	YOD1	ENSG00000180667	hsa-miR-21-5p	MIMAT0000076	0.99843936908599
142	LRFN3	ENSG00000126243	hsa-miR-7855-5p	MIMAT0030430	0.998427067031316
143	HLA-DQA1	ENSG00000196735	hsa-miR-765	MIMAT0003945	0.998425691143726
144	CEP97	ENSG00000182504	hsa-miR-183-5p	MIMAT0000261	0.998405438937264
145	ARHGAP21	ENSG00000107863	hsa-miR-224-5p	MIMAT0000281	0.998390717082861
146	RLF	ENSG00000117000	hsa-miR-224-5p	MIMAT0000281	0.998350965414135
147	MYCBP	ENSG00000214114	hsa-miR-224-5p	MIMAT0000281	0.998348014965795
148	GNG5	ENSG00000174021	hsa-miR-183-5p	MIMAT0000261	0.998344243565407
149	CD200	ENSG00000091972	hsa-miR-4465	MIMAT0018992	0.998340727646016
150	NFIB	ENSG00000147862	hsa-miR-21-5p	MIMAT0000076	0.998337642109346
151	MBNL1	ENSG00000152601	hsa-miR-183-5p	MIMAT0000261	0.998317978214011
152	RBFOX2	ENSG00000100320	hsa-miR-4292	MIMAT0016919	0.998295840411712
153	MTAP	ENSG00000099810	hsa-miR-940	MIMAT0004983	0.998293298580276
154	MBNL1	ENSG00000152601	hsa-miR-7157-3p	MIMAT0028225	0.998286328321022
155	GRIP1	ENSG00000155974	hsa-miR-7157-3p	MIMAT0028225	0.998258412456538
156	UBXN2B	ENSG00000215114	hsa-miR-4687-3p	MIMAT0019775	0.998249078805669
157	PKD2	ENSG00000118762	hsa-miR-183-5p	MIMAT0000261	0.998223285209714
158	NCR3LG1	ENSG00000188211	hsa-miR-765	MIMAT0003945	0.998209228456196
159	CD2AP	ENSG00000198087	hsa-miR-224-5p	MIMAT0000281	0.998199836825065
160	ELP4	ENSG00000109911	hsa-miR-4687-3p	MIMAT0019775	0.998194599907502
161	LIMCH1	ENSG00000064042	hsa-miR-7157-3p	MIMAT0028225	0.998187813572073
162	FAM110D	ENSG00000197245	hsa-miR-5008-5p	MIMAT0021039	0.99813925558582
163	SREK1IP1	ENSG00000153006	hsa-miR-183-5p	MIMAT0000261	0.998118073430287
164	EPHA5	ENSG00000145242	hsa-miR-1252-3p	MIMAT0026744	0.998110348727758
165	TMEM260	ENSG00000070269	hsa-miR-224-5p	MIMAT0000281	0.998088004979503
166	SLAIN1	ENSG00000139737	hsa-miR-183-5p	MIMAT0000261	0.998000079790766
167	IL12A	ENSG00000168811	hsa-miR-21-5p	MIMAT0000076	0.997996097869764
168	SLC2A14	ENSG00000173262	hsa-miR-4465	MIMAT0018992	0.997987793183876
169	ACADVL	ENSG00000072778	hsa-miR-5008-5p	MIMAT0021039	0.997961605884664
170	NTN4	ENSG00000074527	hsa-miR-183-5p	MIMAT0000261	0.997958105429609
171	MCOLN3	ENSG00000055732	hsa-miR-765	MIMAT0003945	0.997945944974958
172	DDX56	ENSG00000136271	hsa-miR-661	MIMAT0003324	0.99794541226424
173	GJD2	ENSG00000159248	hsa-miR-183-5p	MIMAT0000261	0.997941168587818
174	JAZF1	ENSG00000153814	hsa-miR-4687-3p	MIMAT0019775	0.997932767428965
175	DENND11	ENSG00000257093	hsa-miR-5008-5p	MIMAT0021039	0.997924481251413
176	C12orf56	ENSG00000185306	hsa-miR-4685-5p	MIMAT0019771	0.99792015355194
177	ARAF	ENSG00000078061	hsa-miR-7157-3p	MIMAT0028225	0.997897096380386
178	FIGN	ENSG00000182263	hsa-miR-4458	MIMAT0018980	0.997850434840509
179	KCNG4	ENSG00000168418	hsa-miR-661	MIMAT0003324	0.997847113027256
180	TTN	ENSG00000155657	hsa-miR-130a-5p	MIMAT0004593	0.997846625829463
181	IL21	ENSG00000138684	hsa-miR-21-5p	MIMAT0000076	0.997825044112341
182	STC1	ENSG00000159167	hsa-miR-7855-5p	MIMAT0030430	0.997811322939959
183	FLRT2	ENSG00000185070	hsa-miR-1252-3p	MIMAT0026744	0.997805983577883
184	TMPRSS4	ENSG00000137648	hsa-miR-5008-5p	MIMAT0021039	0.997792311143964
185	KANTR	ENSG00000232593	hsa-miR-6758-5p	MIMAT0027416	0.997791869004798
186	CNOT6	ENSG00000113300	hsa-miR-6127	MIMAT0024610	0.997779676949127
187	EXPH5	ENSG00000110723	hsa-miR-661	MIMAT0003324	0.997767387275205
188	RPS6KA5	ENSG00000100784	hsa-miR-4695-5p	MIMAT0019788	0.997746871649242
189	L3MBTL3	ENSG00000198945	hsa-miR-183-5p	MIMAT0000261	0.997740132299732
190	CDK8	ENSG00000132964	hsa-miR-224-5p	MIMAT0000281	0.997686565034
191	MAP3K1	ENSG00000095015	hsa-miR-1911-5p	MIMAT0007885	0.997683324016006
192	PPP1R10	ENSG00000204569	hsa-miR-6822-3p	MIMAT0027545	0.997679365990083
193	GAD2	ENSG00000136750	hsa-miR-6758-5p	MIMAT0027416	0.99764836767628
194	ZNF462	ENSG00000148143	hsa-miR-4465	MIMAT0018992	0.997643921617493
195	CS	ENSG00000062485	hsa-miR-4695-5p	MIMAT0019788	0.997620953719533
196	MFHAS1	ENSG00000147324	hsa-miR-4465	MIMAT0018992	0.997616993419715
197	ZNF518A	ENSG00000177853	hsa-miR-4687-3p	MIMAT0019775	0.997551289805615
198	LIFR	ENSG00000113594	hsa-miR-7157-3p	MIMAT0028225	0.997534048661575
199	PROX1	ENSG00000117707	hsa-miR-6783-5p	MIMAT0027466	0.997530330476295
200	NTSR1	ENSG00000101188	hsa-miR-5008-5p	MIMAT0021039	0.997516657607839
201	CADM1	ENSG00000182985	hsa-miR-6127	MIMAT0024610	0.997514954205228
202	EWSR1	ENSG00000182944	hsa-miR-5008-5p	MIMAT0021039	0.997501938535433
203	BIVM	ENSG00000134897	hsa-miR-7157-3p	MIMAT0028225	0.997490159658066
204	KCTD20	ENSG00000112078	hsa-miR-4685-5p	MIMAT0019771	0.997470446208076
205	PCDHA12	ENSG00000251664	hsa-miR-4687-3p	MIMAT0019775	0.997437355469469
206	ARID1A	ENSG00000117713	hsa-miR-765	MIMAT0003945	0.99742792090733
207	STRADB	ENSG00000082146	hsa-miR-4465	MIMAT0018992	0.997406180080071
208	TTN	ENSG00000155657	hsa-miR-7855-5p	MIMAT0030430	0.997393984991672
209	NSD3	ENSG00000147548	hsa-miR-224-5p	MIMAT0000281	0.997326900190593
210	DNAJC21	ENSG00000168724	hsa-miR-224-5p	MIMAT0000281	0.997293439358189
211	NCKAP1	ENSG00000061676	hsa-miR-1252-3p	MIMAT0026744	0.997291500420305
212	TMEM121B	ENSG00000183307	hsa-miR-6758-5p	MIMAT0027416	0.997290290239786
213	ZNF630	ENSG00000221994	hsa-miR-6127	MIMAT0024610	0.997286035188841
214	KDM7A	ENSG00000006459	hsa-miR-1252-3p	MIMAT0026744	0.997281607699536
215	GPATCH1	ENSG00000076650	hsa-miR-765	MIMAT0003945	0.997238709189716
216	NRG1	ENSG00000157168	hsa-miR-183-5p	MIMAT0000261	0.997213680071155
217	SEL1L	ENSG00000071537	hsa-miR-183-5p	MIMAT0000261	0.997207302958184
218	IGF2BP1	ENSG00000159217	hsa-miR-4458	MIMAT0018980	0.997190110067831
219	C11orf58	ENSG00000110696	hsa-miR-7157-3p	MIMAT0028225	0.997155613566417
220	SMOC2	ENSG00000112562	hsa-miR-7855-5p	MIMAT0030430	0.997147665269526
221	RC3H2	ENSG00000056586	hsa-miR-1252-3p	MIMAT0026744	0.997144029800823
222	TNKS2	ENSG00000107854	hsa-miR-224-5p	MIMAT0000281	0.997121357401401
223	MARCHF6	ENSG00000145495	hsa-miR-1911-5p	MIMAT0007885	0.997014270459273
224	CHST9	ENSG00000154080	hsa-miR-4687-3p	MIMAT0019775	0.997010664464709
225	ROBO2	ENSG00000185008	hsa-miR-183-5p	MIMAT0000261	0.996965240891517
226	YOD1	ENSG00000180667	hsa-miR-224-5p	MIMAT0000281	0.996947413960037
227	GRIN2B	ENSG00000273079	hsa-miR-765	MIMAT0003945	0.996916578909529
228	ERV3-1	ENSG00000213462	hsa-miR-940	MIMAT0004983	0.996904415383751
229	RYBP	ENSG00000163602	hsa-miR-7157-3p	MIMAT0028225	0.996880920304932
230	MAPRE1	ENSG00000101367	hsa-miR-6127	MIMAT0024610	0.996879516301837
231	SESN3	ENSG00000149212	hsa-miR-4687-3p	MIMAT0019775	0.996858199316897
232	H3-3B	ENSG00000132475	hsa-miR-224-5p	MIMAT0000281	0.996833940890226
233	CHSY1	ENSG00000131873	hsa-miR-224-5p	MIMAT0000281	0.99681605355112
234	RALBP1	ENSG00000017797	hsa-miR-4687-3p	MIMAT0019775	0.996804820727889
235	SOX6	ENSG00000110693	hsa-miR-1252-3p	MIMAT0026744	0.996609484803767
236	CSTB	ENSG00000160213	hsa-miR-6127	MIMAT0024610	0.996587202656596
237	ATP2C1	ENSG00000017260	hsa-miR-224-5p	MIMAT0000281	0.996490341731343
238	TNRC6B	ENSG00000100354	hsa-miR-4465	MIMAT0018992	0.99643467798891
239	MYRIP	ENSG00000170011	hsa-miR-4687-3p	MIMAT0019775	0.996428507198783
240	Z82206.1	ENSG00000225528	hsa-miR-6758-5p	MIMAT0027416	0.996377357220042
241	C18orf25	ENSG00000152242	hsa-miR-224-5p	MIMAT0000281	0.996366262873334
242	LMLN	ENSG00000185621	hsa-miR-92a-1-5p	MIMAT0004507	0.996364570463978
243	DCAF7	ENSG00000136485	hsa-miR-4695-5p	MIMAT0019788	0.996360853326211
244	JHY	ENSG00000109944	hsa-miR-183-5p	MIMAT0000261	0.99635909904389
245	SLITRK5	ENSG00000165300	hsa-miR-1252-3p	MIMAT0026744	0.99632135491378
246	HECTD1	ENSG00000092148	hsa-miR-7157-3p	MIMAT0028225	0.996310779672915
247	LHX9	ENSG00000143355	hsa-miR-7157-3p	MIMAT0028225	0.99626919352944
248	NABP1	ENSG00000173559	hsa-miR-4465	MIMAT0018992	0.996267586232798
249	USP9X	ENSG00000124486	hsa-miR-940	MIMAT0004983	0.996261426121379
250	SKP2	ENSG00000145604	hsa-miR-21-5p	MIMAT0000076	0.996226289069132
251	FCHO2	ENSG00000157107	hsa-miR-183-5p	MIMAT0000261	0.996199527737207
252	FAM120C	ENSG00000184083	hsa-miR-940	MIMAT0004983	0.996178223199079
253	FHOD3	ENSG00000134775	hsa-miR-7157-3p	MIMAT0028225	0.996154524168508
254	ST8SIA5	ENSG00000101638	hsa-miR-6127	MIMAT0024610	0.996144035453068
255	ATP10B	ENSG00000118322	hsa-miR-661	MIMAT0003324	0.996134027826506
256	FANCF	ENSG00000183161	hsa-miR-7855-5p	MIMAT0030430	0.996120818221439
257	NWD2	ENSG00000174145	hsa-miR-224-5p	MIMAT0000281	0.996101444317029
258	POLR2G	ENSG00000168002	hsa-miR-4695-5p	MIMAT0019788	0.996069168443007
259	DRICH1	ENSG00000189269	hsa-miR-6758-5p	MIMAT0027416	0.996066498331577
260	NAB1	ENSG00000138386	hsa-miR-4687-3p	MIMAT0019775	0.996052804763536
261	FRK	ENSG00000111816	hsa-miR-224-5p	MIMAT0000281	0.996050010841073
262	ELP1	ENSG00000070061	hsa-miR-4685-5p	MIMAT0019771	0.99598178878961
263	DIDO1	ENSG00000101191	hsa-miR-7157-3p	MIMAT0028225	0.995976559082787
264	KCNC4	ENSG00000116396	hsa-miR-4685-5p	MIMAT0019771	0.995965614433815
265	KRTAP5-9	ENSG00000254997	hsa-miR-661	MIMAT0003324	0.995964125299574
266	NCCRP1	ENSG00000188505	hsa-miR-661	MIMAT0003324	0.995886794845934
267	CIPC	ENSG00000198894	hsa-miR-4465	MIMAT0018992	0.995862411606148
268	ZDHHC9	ENSG00000188706	hsa-miR-765	MIMAT0003945	0.995815189028305
269	LDB3	ENSG00000122367	hsa-miR-7855-5p	MIMAT0030430	0.995812957092585
270	MAP3K2	ENSG00000169967	hsa-miR-1911-5p	MIMAT0007885	0.995811853392502
271	SLC4A7	ENSG00000033867	hsa-miR-940	MIMAT0004983	0.995753970250648
272	MGAT4C	ENSG00000182050	hsa-miR-1252-3p	MIMAT0026744	0.995750468190707
273	TEX15	ENSG00000133863	hsa-miR-4687-3p	MIMAT0019775	0.995750024061723
274	PKP4	ENSG00000144283	hsa-miR-183-5p	MIMAT0000261	0.99572922109165
275	ACVR2B	ENSG00000114739	hsa-miR-183-5p	MIMAT0000261	0.995719881211579
276	REV3L	ENSG00000009413	hsa-miR-4458	MIMAT0018980	0.995651653592141
277	GSK3B	ENSG00000082701	hsa-miR-4465	MIMAT0018992	0.99560429983813
278	FRMD6	ENSG00000139926	hsa-miR-183-5p	MIMAT0000261	0.995594680458422
279	TP53TG3D	ENSG00000205456	hsa-miR-940	MIMAT0004983	0.995573223016868
280	RNF175	ENSG00000145428	hsa-miR-765	MIMAT0003945	0.995572736282955
281	FAXC	ENSG00000146267	hsa-miR-4446-3p	MIMAT0018965	0.995553686025584
282	KIAA1143	ENSG00000163807	hsa-miR-6783-5p	MIMAT0027466	0.995498871664695
283	PTPN6	ENSG00000111679	hsa-miR-4685-5p	MIMAT0019771	0.995488363810908
284	TP53TG3F	ENSG00000278848	hsa-miR-940	MIMAT0004983	0.995397645345474
285	MLH3	ENSG00000119684	hsa-miR-661	MIMAT0003324	0.995377981339904
286	SLC6A5	ENSG00000165970	hsa-miR-4458	MIMAT0018980	0.995352708617492
287	TP53TG3	ENSG00000183632	hsa-miR-940	MIMAT0004983	0.995300301660972
288	TP53TG3E	ENSG00000275034	hsa-miR-940	MIMAT0004983	0.995266712625539
289	KLF9	ENSG00000119138	hsa-miR-7157-3p	MIMAT0028225	0.995253059898561
290	MLH1	ENSG00000076242	hsa-miR-4695-5p	MIMAT0019788	0.995248247362594
291	PUDP	ENSG00000130021	hsa-miR-4695-5p	MIMAT0019788	0.995204395071962
292	SLC26A9	ENSG00000174502	hsa-miR-224-5p	MIMAT0000281	0.995145479604656
293	PDE2A	ENSG00000186642	hsa-miR-940	MIMAT0004983	0.995121299112704
294	SRGAP1	ENSG00000196935	hsa-miR-765	MIMAT0003945	0.995100043013517
295	TULP4	ENSG00000130338	hsa-miR-765	MIMAT0003945	0.995093582992371
296	USP42	ENSG00000106346	hsa-miR-4685-5p	MIMAT0019771	0.9950751839977
297	INSM2	ENSG00000168348	hsa-miR-6783-5p	MIMAT0027466	0.995061924758878
298	FO393400.1	ENSG00000285382	hsa-miR-4695-5p	MIMAT0019788	0.994976016629621
299	RND3	ENSG00000115963	hsa-miR-224-5p	MIMAT0000281	0.994958212256963
300	SELP	ENSG00000174175	hsa-miR-6127	MIMAT0024610	0.994952050885947
301	PCDH9	ENSG00000184226	hsa-miR-1252-3p	MIMAT0026744	0.994920973722486
302	PEX26	ENSG00000215193	hsa-miR-4695-5p	MIMAT0019788	0.994916483289521
303	SPDYE5	ENSG00000170092	hsa-miR-6783-5p	MIMAT0027466	0.994902306352391
304	FKBP7	ENSG00000079150	hsa-miR-6783-5p	MIMAT0027466	0.994891412821713
305	MPZL1	ENSG00000197965	hsa-miR-661	MIMAT0003324	0.994863816271566
306	SNX9	ENSG00000130340	hsa-miR-6783-5p	MIMAT0027466	0.994838060312423
307	NR6A1	ENSG00000148200	hsa-miR-4458	MIMAT0018980	0.994730894402899
308	SPDYE8	ENSG00000273520	hsa-miR-4292	MIMAT0016919	0.994678030527907
309	SPDYE11	ENSG00000286228	hsa-miR-4292	MIMAT0016919	0.994662473060592
310	RCN2	ENSG00000117906	hsa-miR-183-5p	MIMAT0000261	0.994659862923798
311	ZBTB20	ENSG00000181722	hsa-miR-224-5p	MIMAT0000281	0.994650791528762
312	PIK3CD	ENSG00000171608	hsa-miR-224-5p	MIMAT0000281	0.99463801123867
313	NAMPT	ENSG00000105835	hsa-miR-7157-3p	MIMAT0028225	0.994622230743589
314	ITPRID2	ENSG00000138434	hsa-miR-224-5p	MIMAT0000281	0.994605053228667
315	SLC25A36	ENSG00000114120	hsa-miR-6127	MIMAT0024610	0.994567079503268
316	TNPO1	ENSG00000083312	hsa-miR-4292	MIMAT0016919	0.994561804933904
317	RPL13	ENSG00000167526	hsa-miR-4685-5p	MIMAT0019771	0.994553883708447
318	MOCS3	ENSG00000124217	hsa-miR-183-5p	MIMAT0000261	0.994550012620886
319	CHD1	ENSG00000153922	hsa-miR-224-5p	MIMAT0000281	0.994542894947738
320	NHSL1	ENSG00000135540	hsa-miR-4685-5p	MIMAT0019771	0.994482565829281
321	ABHD14A-ACY1	ENSG00000114786	hsa-miR-765	MIMAT0003945	0.994436145316546
322	DTNA	ENSG00000134769	hsa-miR-7157-3p	MIMAT0028225	0.994382627887333
323	TWNK	ENSG00000107815	hsa-miR-6822-3p	MIMAT0027545	0.994353413053159
324	REV3L	ENSG00000009413	hsa-miR-7157-3p	MIMAT0028225	0.994282866195178
325	CAMK1D	ENSG00000183049	hsa-miR-765	MIMAT0003945	0.994265850883182
326	KCNH7	ENSG00000184611	hsa-miR-6758-5p	MIMAT0027416	0.994255366389809
327	NTM	ENSG00000182667	hsa-miR-224-5p	MIMAT0000281	0.994227573446203
328	FLRT2	ENSG00000185070	hsa-miR-940	MIMAT0004983	0.994216067215986
329	ZNF608	ENSG00000168916	hsa-miR-940	MIMAT0004983	0.994197534008106
330	TAOK1	ENSG00000160551	hsa-miR-4695-5p	MIMAT0019788	0.994127181520996
331	NMNAT3	ENSG00000163864	hsa-miR-7157-3p	MIMAT0028225	0.994126705408211
332	COL24A1	ENSG00000171502	hsa-miR-4458	MIMAT0018980	0.994123058702879
333	SYNCRIP	ENSG00000135316	hsa-miR-6783-5p	MIMAT0027466	0.994117235835952
334	MRPL42	ENSG00000198015	hsa-miR-1252-3p	MIMAT0026744	0.994115741222192
335	TMF1	ENSG00000144747	hsa-miR-7157-3p	MIMAT0028225	0.994100055402409
336	FAM126A	ENSG00000122591	hsa-miR-6783-5p	MIMAT0027466	0.994011845919501
337	SMAD2	ENSG00000175387	hsa-miR-940	MIMAT0004983	0.994006062276694
338	DLGAP2	ENSG00000198010	hsa-miR-4695-5p	MIMAT0019788	0.993998147534111
339	RETREG2	ENSG00000144567	hsa-miR-940	MIMAT0004983	0.993993656571741
340	TTLL4	ENSG00000135912	hsa-miR-4458	MIMAT0018980	0.993965863678146
341	PANK3	ENSG00000120137	hsa-miR-183-5p	MIMAT0000261	0.993961319027851
342	XPO1	ENSG00000082898	hsa-miR-1252-3p	MIMAT0026744	0.993949042932419
343	PRDM9	ENSG00000164256	hsa-miR-4695-5p	MIMAT0019788	0.99391007655185
344	FTO	ENSG00000140718	hsa-miR-765	MIMAT0003945	0.993894823067437
345	GPAM	ENSG00000119927	hsa-miR-7157-3p	MIMAT0028225	0.993892162568754
346	USP15	ENSG00000135655	hsa-miR-1252-3p	MIMAT0026744	0.993868554895445
347	SLC35A3	ENSG00000117620	hsa-miR-1252-3p	MIMAT0026744	0.993862977956317
348	GLIS2	ENSG00000126603	hsa-miR-21-5p	MIMAT0000076	0.993826040534521
349	NRIP3	ENSG00000175352	hsa-miR-6758-5p	MIMAT0027416	0.993788530347053
350	CCDC201	ENSG00000283247	hsa-miR-4685-5p	MIMAT0019771	0.99376700968006
351	DNAL1	ENSG00000119661	hsa-miR-4687-3p	MIMAT0019775	0.993742067219864
352	ZBTB37	ENSG00000185278	hsa-miR-4465	MIMAT0018992	0.993685439393882
353	ADGRE2	ENSG00000127507	hsa-miR-765	MIMAT0003945	0.993650215211268
354	PLAGL2	ENSG00000126003	hsa-miR-183-5p	MIMAT0000261	0.993626920912968
355	YOD1	ENSG00000180667	hsa-miR-4458	MIMAT0018980	0.993610999000789
356	FAM114A1	ENSG00000197712	hsa-miR-6783-5p	MIMAT0027466	0.993591601193137
357	VSIG4	ENSG00000155659	hsa-miR-6758-5p	MIMAT0027416	0.993569497713773
358	NCBP3	ENSG00000074356	hsa-miR-940	MIMAT0004983	0.993562031647448
359	SPDYE6	ENSG00000260097	hsa-miR-6783-5p	MIMAT0027466	0.993553993568834
360	POLB	ENSG00000070501	hsa-miR-4687-3p	MIMAT0019775	0.993547025242223
361	TENT4B	ENSG00000121274	hsa-miR-6758-5p	MIMAT0027416	0.993545843825569
362	POU3F2	ENSG00000184486	hsa-miR-6758-5p	MIMAT0027416	0.993536416181723
363	NR4A2	ENSG00000153234	hsa-miR-4804-5p	MIMAT0019984	0.993504025602512
364	SH3TC2	ENSG00000169247	hsa-miR-1252-3p	MIMAT0026744	0.993497019064359
365	SIX3	ENSG00000138083	hsa-miR-765	MIMAT0003945	0.993495440550331
366	SOCS6	ENSG00000170677	hsa-miR-183-5p	MIMAT0000261	0.993475039132082
367	CNIH1	ENSG00000100528	hsa-miR-4687-3p	MIMAT0019775	0.99346489135863
368	ETF1	ENSG00000120705	hsa-miR-940	MIMAT0004983	0.993424873017947
369	SLC8A1	ENSG00000183023	hsa-miR-7855-5p	MIMAT0030430	0.993390182518879
370	CELF1	ENSG00000149187	hsa-miR-183-5p	MIMAT0000261	0.993368897871972
371	FBXL19	ENSG00000099364	hsa-miR-4292	MIMAT0016919	0.993343456367086
372	CSMD1	ENSG00000183117	hsa-miR-183-5p	MIMAT0000261	0.993330066227881
373	CDK13	ENSG00000065883	hsa-miR-1252-3p	MIMAT0026744	0.993324715610265
374	CHD1L	ENSG00000131778	hsa-miR-6127	MIMAT0024610	0.993262353518515
375	SYNJ1	ENSG00000159082	hsa-miR-4687-3p	MIMAT0019775	0.993243598123033
376	AKAP12	ENSG00000131016	hsa-miR-183-5p	MIMAT0000261	0.993241004612414
377	GRAMD2B	ENSG00000155324	hsa-miR-21-5p	MIMAT0000076	0.993240732667479
378	CCNL1	ENSG00000163660	hsa-miR-3682-5p	MIMAT0019222	0.993222818680447
379	GUCY1A2	ENSG00000152402	hsa-miR-1252-3p	MIMAT0026744	0.9932189104766
380	GDF11	ENSG00000135414	hsa-miR-6127	MIMAT0024610	0.993202132024018
381	RHBDL3	ENSG00000141314	hsa-miR-7157-3p	MIMAT0028225	0.993188055258564
382	EPC1	ENSG00000120616	hsa-miR-4687-3p	MIMAT0019775	0.993180421047942
383	ARID2	ENSG00000189079	hsa-miR-765	MIMAT0003945	0.993170249634566
384	WNT2B	ENSG00000134245	hsa-miR-4685-5p	MIMAT0019771	0.9931138350518
385	DEFB129	ENSG00000125903	hsa-miR-6758-5p	MIMAT0027416	0.99301472159398
386	PGAP1	ENSG00000197121	hsa-miR-1252-3p	MIMAT0026744	0.992965989793499
387	ITGA1	ENSG00000213949	hsa-miR-1252-3p	MIMAT0026744	0.992947654183241
388	HECTD2	ENSG00000165338	hsa-miR-183-5p	MIMAT0000261	0.992941281981966
389	KCNK2	ENSG00000082482	hsa-miR-183-5p	MIMAT0000261	0.992915640835385
390	SGIP1	ENSG00000118473	hsa-miR-5008-5p	MIMAT0021039	0.99289658305102
391	FGF18	ENSG00000156427	hsa-miR-21-5p	MIMAT0000076	0.99289076463185
392	FA2H	ENSG00000103089	hsa-miR-4465	MIMAT0018992	0.99286991435917
393	ARHGAP21	ENSG00000107863	hsa-miR-183-5p	MIMAT0000261	0.992831590547711
394	SLC12A5	ENSG00000124140	hsa-miR-940	MIMAT0004983	0.992805246623219
395	CEP170B	ENSG00000099814	hsa-miR-183-5p	MIMAT0000261	0.992722487043435
396	FGD3	ENSG00000127084	hsa-miR-765	MIMAT0003945	0.992709545571705
397	ATXN1L	ENSG00000224470	hsa-miR-5008-5p	MIMAT0021039	0.992702263835461
398	CCDC134	ENSG00000100147	hsa-miR-6783-5p	MIMAT0027466	0.992669428582688
399	TBX15	ENSG00000092607	hsa-miR-7157-3p	MIMAT0028225	0.99266663338126
400	GPR139	ENSG00000180269	hsa-miR-765	MIMAT0003945	0.992664705155758
401	ZBTB37	ENSG00000185278	hsa-miR-6783-5p	MIMAT0027466	0.992656157533208
402	CAPN6	ENSG00000077274	hsa-miR-4695-5p	MIMAT0019788	0.99261439626035
403	CHAC1	ENSG00000128965	hsa-miR-4685-5p	MIMAT0019771	0.99261348094621
404	NQO2	ENSG00000124588	hsa-miR-765	MIMAT0003945	0.992607943750708
405	AL512785.2	ENSG00000254706	hsa-miR-5008-5p	MIMAT0021039	0.992546026930527
406	EIF4G2	ENSG00000110321	hsa-miR-4465	MIMAT0018992	0.992531614332405
407	USP9X	ENSG00000124486	hsa-miR-661	MIMAT0003324	0.992474621506674
408	NMNAT3	ENSG00000163864	hsa-miR-4687-3p	MIMAT0019775	0.992458952681978
409	ADGRG2	ENSG00000173698	hsa-miR-21-5p	MIMAT0000076	0.992456596891181
410	TRAF4	ENSG00000076604	hsa-miR-5008-5p	MIMAT0021039	0.992426707075263
411	UBN2	ENSG00000157741	hsa-miR-224-5p	MIMAT0000281	0.992389764423899
412	DCX	ENSG00000077279	hsa-miR-1252-3p	MIMAT0026744	0.992331887918096
413	CCSER2	ENSG00000107771	hsa-miR-4695-5p	MIMAT0019788	0.992282725356455
414	PLA2G12A	ENSG00000123739	hsa-miR-130a-5p	MIMAT0004593	0.992246566787245
415	HOXB1	ENSG00000120094	hsa-miR-4458	MIMAT0018980	0.992184979352324
416	OR5A1	ENSG00000172320	hsa-miR-183-5p	MIMAT0000261	0.992183230287402
417	CEP104	ENSG00000116198	hsa-miR-7855-5p	MIMAT0030430	0.992136954850792
418	CTNNA3	ENSG00000183230	hsa-miR-765	MIMAT0003945	0.992120120975998
419	PAPOLB	ENSG00000218823	hsa-miR-224-5p	MIMAT0000281	0.992115725152121
420	TFAP2A	ENSG00000137203	hsa-miR-661	MIMAT0003324	0.992113305650698
421	RTL5	ENSG00000242732	hsa-miR-4687-3p	MIMAT0019775	0.992099447041466
422	MAX	ENSG00000125952	hsa-miR-6127	MIMAT0024610	0.992075081147392
423	MTAP	ENSG00000099810	hsa-miR-6758-5p	MIMAT0027416	0.992021704536001
424	BABAM2	ENSG00000158019	hsa-miR-6127	MIMAT0024610	0.991992673436252
425	PALM2AKAP2	ENSG00000157654	hsa-miR-940	MIMAT0004983	0.991989236967876
426	GRSF1	ENSG00000132463	hsa-miR-1252-3p	MIMAT0026744	0.991927136954121
427	WDR3	ENSG00000065183	hsa-miR-92a-1-5p	MIMAT0004507	0.991921233796018
428	RALA	ENSG00000006451	hsa-miR-183-5p	MIMAT0000261	0.991900573046214
429	SMAD2	ENSG00000175387	hsa-miR-4687-3p	MIMAT0019775	0.991898426445659
430	EIF2AK2	ENSG00000055332	hsa-miR-1911-5p	MIMAT0007885	0.991861818896252
431	SIM1	ENSG00000112246	hsa-miR-224-5p	MIMAT0000281	0.991855271927804
432	USF2	ENSG00000105698	hsa-miR-7157-3p	MIMAT0028225	0.991846812335784
433	IRAK1BP1	ENSG00000146243	hsa-miR-92a-1-5p	MIMAT0004507	0.991788612635175
434	FAM186B	ENSG00000135436	hsa-miR-4695-5p	MIMAT0019788	0.991756758315043
435	ANK1	ENSG00000029534	hsa-miR-7157-3p	MIMAT0028225	0.991731598746638
436	MROH7	ENSG00000184313	hsa-miR-4685-5p	MIMAT0019771	0.9917273361709
437	LRIG2	ENSG00000198799	hsa-miR-6783-5p	MIMAT0027466	0.991727282110787
438	UBR5	ENSG00000104517	hsa-miR-4446-3p	MIMAT0018965	0.991632518230911
439	GJA1	ENSG00000152661	hsa-miR-1911-5p	MIMAT0007885	0.991590409600754
440	C12orf45	ENSG00000151131	hsa-miR-1252-3p	MIMAT0026744	0.991581836374164
441	OR10H5	ENSG00000172519	hsa-miR-6127	MIMAT0024610	0.99156660656451
442	MAP1B	ENSG00000131711	hsa-miR-224-5p	MIMAT0000281	0.991551705603267
443	PPP1R12B	ENSG00000077157	hsa-miR-765	MIMAT0003945	0.991529855912031
444	FXYD3	ENSG00000089356	hsa-miR-765	MIMAT0003945	0.991488161423837
445	GSK3B	ENSG00000082701	hsa-miR-7855-5p	MIMAT0030430	0.991482850178395
446	DDX25	ENSG00000109832	hsa-miR-6127	MIMAT0024610	0.991476697205414
447	PPP3CB	ENSG00000107758	hsa-miR-4685-5p	MIMAT0019771	0.99146357887584
448	PSMB2	ENSG00000126067	hsa-miR-661	MIMAT0003324	0.99145193538711
449	SPDYE9	ENSG00000262461	hsa-miR-4292	MIMAT0016919	0.991417390873871
450	ABAT	ENSG00000183044	hsa-miR-183-5p	MIMAT0000261	0.991354168730813
451	SIRPB1	ENSG00000101307	hsa-miR-4695-5p	MIMAT0019788	0.99128920943507
452	NT5C1B-RDH14	ENSG00000250741	hsa-miR-7855-5p	MIMAT0030430	0.991251667793207
453	GLRA3	ENSG00000145451	hsa-miR-183-5p	MIMAT0000261	0.991245876752237
454	FLRT2	ENSG00000185070	hsa-miR-6127	MIMAT0024610	0.991244636627962
455	DYRK2	ENSG00000127334	hsa-miR-1252-3p	MIMAT0026744	0.991173851959038
456	OAS1	ENSG00000089127	hsa-miR-92a-1-5p	MIMAT0004507	0.99117021995737
457	TMEM248	ENSG00000106609	hsa-miR-224-5p	MIMAT0000281	0.991166448868978
458	AC005041.1	ENSG00000159239	hsa-miR-6783-5p	MIMAT0027466	0.99109701589973
459	LRMDA	ENSG00000148655	hsa-miR-6127	MIMAT0024610	0.991057678449514
460	ABCD3	ENSG00000117528	hsa-miR-224-5p	MIMAT0000281	0.991034100007254
461	SPDYE16	ENSG00000185040	hsa-miR-6783-5p	MIMAT0027466	0.9909794097777
462	KDM6A	ENSG00000147050	hsa-miR-4687-3p	MIMAT0019775	0.990976534810801
463	TGFBI	ENSG00000120708	hsa-miR-21-5p	MIMAT0000076	0.990973414280964
464	CHD6	ENSG00000124177	hsa-miR-7157-3p	MIMAT0028225	0.990971805682623
465	GLG1	ENSG00000090863	hsa-miR-765	MIMAT0003945	0.99096777899693
466	ZFAND6	ENSG00000086666	hsa-miR-224-5p	MIMAT0000281	0.990939248543073
467	TNS1	ENSG00000079308	hsa-miR-765	MIMAT0003945	0.990930132147982
468	C12orf45	ENSG00000151131	hsa-miR-940	MIMAT0004983	0.99092777326618
469	PRPF19	ENSG00000110107	hsa-miR-5008-5p	MIMAT0021039	0.990871017433911
470	ZNF566	ENSG00000186017	hsa-miR-6783-5p	MIMAT0027466	0.990847186881257
471	MTMR6	ENSG00000139505	hsa-miR-183-5p	MIMAT0000261	0.990748423450366
472	PBRM1	ENSG00000163939	hsa-miR-21-5p	MIMAT0000076	0.990745633496026
473	YEATS4	ENSG00000127337	hsa-miR-6127	MIMAT0024610	0.990741540339733
474	XKR4	ENSG00000206579	hsa-miR-1252-3p	MIMAT0026744	0.990740684456115
475	PAX5	ENSG00000196092	hsa-miR-224-5p	MIMAT0000281	0.990703520417306
476	SRCAP	ENSG00000080603	hsa-miR-4465	MIMAT0018992	0.990640452211358
477	ATP9A	ENSG00000054793	hsa-miR-224-5p	MIMAT0000281	0.990634076888673
478	NUDT5	ENSG00000165609	hsa-miR-7157-3p	MIMAT0028225	0.990630911107344
479	ZNF444	ENSG00000167685	hsa-miR-765	MIMAT0003945	0.990627814834819
480	SPDYE17	ENSG00000186645	hsa-miR-4292	MIMAT0016919	0.990624713108219
481	ZIC3	ENSG00000156925	hsa-miR-765	MIMAT0003945	0.990504185353074
482	THEM5	ENSG00000196407	hsa-miR-940	MIMAT0004983	0.990497141286
483	SKIL	ENSG00000136603	hsa-miR-4458	MIMAT0018980	0.99046615108646
484	HMGA1	ENSG00000137309	hsa-miR-4465	MIMAT0018992	0.990407191979763
485	SNX27	ENSG00000143376	hsa-miR-661	MIMAT0003324	0.990352618406562
486	MTAP	ENSG00000099810	hsa-miR-130a-5p	MIMAT0004593	0.990321657270278
487	BTBD9	ENSG00000183826	hsa-miR-6758-5p	MIMAT0027416	0.990318766956512
488	AC004997.1	ENSG00000248751	hsa-miR-6127	MIMAT0024610	0.990282428569902
489	LIN52	ENSG00000205659	hsa-miR-183-5p	MIMAT0000261	0.99027936604452
490	YJEFN3	ENSG00000250067	hsa-miR-765	MIMAT0003945	0.990273675632338
491	SIGLEC1	ENSG00000088827	hsa-miR-6127	MIMAT0024610	0.990241270759555
492	PLGRKT	ENSG00000107020	hsa-miR-224-5p	MIMAT0000281	0.99023108909227
493	POU2F1	ENSG00000143190	hsa-miR-1252-3p	MIMAT0026744	0.990228384545942
494	BEND4	ENSG00000188848	hsa-miR-1252-3p	MIMAT0026744	0.990220491458118
495	MOB3B	ENSG00000120162	hsa-miR-940	MIMAT0004983	0.990191284539316
496	EPB41L5	ENSG00000115109	hsa-miR-7157-3p	MIMAT0028225	0.990124803233722
497	AGO2	ENSG00000123908	hsa-miR-183-5p	MIMAT0000261	0.990124360144143
498	GPLD1	ENSG00000112293	hsa-miR-7855-5p	MIMAT0030430	0.990123102397747
499	AKIRIN1	ENSG00000174574	hsa-miR-7157-3p	MIMAT0028225	0.990105124146369
500	TMEM120B	ENSG00000188735	hsa-miR-5008-5p	MIMAT0021039	0.990078566546117
501	BZW1	ENSG00000082153	hsa-miR-4458	MIMAT0018980	0.990052199107783
502	SCAI	ENSG00000173611	hsa-miR-224-5p	MIMAT0000281	0.990032532635615
503	STMP1	ENSG00000243317	hsa-miR-5008-5p	MIMAT0021039	0.990024562546021
504	MGAT4A	ENSG00000071073	hsa-miR-4458	MIMAT0018980	0.990024490562068
505	THPO	ENSG00000090534	hsa-miR-4685-5p	MIMAT0019771	0.989966993862405
506	NAV1	ENSG00000134369	hsa-miR-765	MIMAT0003945	0.989955559409916
507	KIF2A	ENSG00000068796	hsa-miR-183-5p	MIMAT0000261	0.989950925837716
508	PTPRT	ENSG00000196090	hsa-miR-765	MIMAT0003945	0.989931369853228
509	KLHL15	ENSG00000174010	hsa-miR-21-5p	MIMAT0000076	0.989914848934908
510	ARIH1	ENSG00000166233	hsa-miR-1252-3p	MIMAT0026744	0.989909432636125
511	DTNA	ENSG00000134769	hsa-miR-183-5p	MIMAT0000261	0.989900035944908
512	KAT6A	ENSG00000083168	hsa-miR-6783-5p	MIMAT0027466	0.989899109032867
513	CRIM1	ENSG00000150938	hsa-miR-224-5p	MIMAT0000281	0.989892407806097
514	NCR3LG1	ENSG00000188211	hsa-miR-4687-3p	MIMAT0019775	0.989887615866054
515	KCNK12	ENSG00000184261	hsa-miR-661	MIMAT0003324	0.98986923330345
516	PTPN3	ENSG00000070159	hsa-miR-661	MIMAT0003324	0.989839295270943
517	CHD3	ENSG00000170004	hsa-miR-6127	MIMAT0024610	0.989806885296452
518	IPO7	ENSG00000205339	hsa-miR-224-5p	MIMAT0000281	0.989782541140638
519	MED13L	ENSG00000123066	hsa-miR-4685-5p	MIMAT0019771	0.989751865845141
520	LRCH4	ENSG00000077454	hsa-miR-6758-5p	MIMAT0027416	0.989733381810716
521	SMIM30	ENSG00000214194	hsa-miR-4695-5p	MIMAT0019788	0.989729991950953
522	BCLAF1	ENSG00000029363	hsa-miR-130a-5p	MIMAT0004593	0.989719343327847
523	CPLX1	ENSG00000168993	hsa-miR-4687-3p	MIMAT0019775	0.989644281473262
524	SLC20A1	ENSG00000144136	hsa-miR-4458	MIMAT0018980	0.989623282138442
525	PDGFA	ENSG00000197461	hsa-miR-765	MIMAT0003945	0.989513910033442
526	CNOT6L	ENSG00000138767	hsa-miR-940	MIMAT0004983	0.989446865594091
527	TRIM44	ENSG00000166326	hsa-miR-661	MIMAT0003324	0.989443602943913
528	RBBP5	ENSG00000117222	hsa-miR-1252-3p	MIMAT0026744	0.989405348476762
529	ATP6V1A	ENSG00000114573	hsa-miR-4695-5p	MIMAT0019788	0.98939065620948
530	EPB41L5	ENSG00000115109	hsa-miR-4804-5p	MIMAT0019984	0.98938287706804
531	CALM3	ENSG00000160014	hsa-miR-6783-5p	MIMAT0027466	0.989370816154881
532	PCCB	ENSG00000114054	hsa-miR-7157-3p	MIMAT0028225	0.989362231130983
533	NOL7	ENSG00000225921	hsa-miR-3682-5p	MIMAT0019222	0.989269965230428
534	GRM8	ENSG00000179603	hsa-miR-4685-5p	MIMAT0019771	0.989246385095289
535	PTMS	ENSG00000159335	hsa-miR-6127	MIMAT0024610	0.989127875155234
536	KCNC4	ENSG00000116396	hsa-miR-6758-5p	MIMAT0027416	0.989116395006324
537	PLEK2	ENSG00000100558	hsa-miR-4687-3p	MIMAT0019775	0.989036895047005
538	FBXO21	ENSG00000135108	hsa-miR-4695-5p	MIMAT0019788	0.989029882483948
539	FAM214A	ENSG00000047346	hsa-miR-4458	MIMAT0018980	0.989028803358617
540	OR2T35	ENSG00000177151	hsa-miR-940	MIMAT0004983	0.98902210416234
541	WDCP	ENSG00000163026	hsa-miR-183-5p	MIMAT0000261	0.988966015090038
542	GABRA4	ENSG00000109158	hsa-miR-224-5p	MIMAT0000281	0.988959568013398
543	HEMK1	ENSG00000114735	hsa-miR-4292	MIMAT0016919	0.988957647317273
544	GPATCH11	ENSG00000152133	hsa-miR-224-5p	MIMAT0000281	0.988907181175946
545	MACROD2	ENSG00000172264	hsa-miR-183-5p	MIMAT0000261	0.988879200545568
546	CHD6	ENSG00000124177	hsa-miR-224-5p	MIMAT0000281	0.988875384829181
547	ATP1B2	ENSG00000129244	hsa-miR-6127	MIMAT0024610	0.988851834176522
548	SLC30A9	ENSG00000014824	hsa-miR-6783-5p	MIMAT0027466	0.988832747772137
549	PXDN	ENSG00000130508	hsa-miR-4687-3p	MIMAT0019775	0.988807917278516
550	NFIB	ENSG00000147862	hsa-miR-661	MIMAT0003324	0.988806006462328
551	XYLT1	ENSG00000103489	hsa-miR-940	MIMAT0004983	0.988805713241062
552	TFIP11	ENSG00000100109	hsa-miR-765	MIMAT0003945	0.988772258862282
553	CDK8	ENSG00000132964	hsa-miR-4465	MIMAT0018992	0.988752199740617
554	PRPF4B	ENSG00000112739	hsa-miR-765	MIMAT0003945	0.988731850020641
555	SCN1A	ENSG00000144285	hsa-miR-1252-3p	MIMAT0026744	0.988717606044109
556	DOCK10	ENSG00000135905	hsa-miR-7157-3p	MIMAT0028225	0.988703811581778
557	ATN1	ENSG00000111676	hsa-miR-92a-1-5p	MIMAT0004507	0.988573265193163
558	TANC2	ENSG00000170921	hsa-miR-765	MIMAT0003945	0.988570819800446
559	C4orf54	ENSG00000248713	hsa-miR-21-5p	MIMAT0000076	0.988567927608396
560	FIGN	ENSG00000182263	hsa-miR-7855-5p	MIMAT0030430	0.988558033314825
561	OSR2	ENSG00000164920	hsa-miR-1252-3p	MIMAT0026744	0.988557191976451
562	NIFK	ENSG00000155438	hsa-miR-7157-3p	MIMAT0028225	0.988492048886908
563	TTN	ENSG00000155657	hsa-miR-4687-3p	MIMAT0019775	0.98848361317075
564	HIKESHI	ENSG00000149196	hsa-miR-7157-3p	MIMAT0028225	0.988395983587069
565	LUC7L3	ENSG00000108848	hsa-miR-1911-5p	MIMAT0007885	0.988386691614036
566	C7	ENSG00000112936	hsa-miR-4695-5p	MIMAT0019788	0.988352874883808
567	TNFSF13B	ENSG00000102524	hsa-miR-92a-1-5p	MIMAT0004507	0.98835141581054
568	DESI1	ENSG00000100418	hsa-miR-4292	MIMAT0016919	0.988332320848516
569	USP15	ENSG00000135655	hsa-miR-4465	MIMAT0018992	0.988220723778592
570	POU4F1	ENSG00000152192	hsa-miR-224-5p	MIMAT0000281	0.988208539264906
571	AC242842.3	ENSG00000286185	hsa-miR-1252-3p	MIMAT0026744	0.98819166208076
572	PLCZ1	ENSG00000139151	hsa-miR-4687-3p	MIMAT0019775	0.988142960752439
573	OR2T2	ENSG00000196240	hsa-miR-940	MIMAT0004983	0.988076703050837
574	SPRY3	ENSG00000168939	hsa-miR-5008-5p	MIMAT0021039	0.988061872477132
575	SCN5A	ENSG00000183873	hsa-miR-7855-5p	MIMAT0030430	0.988057299267166
576	TMEM161B	ENSG00000164180	hsa-miR-224-5p	MIMAT0000281	0.988032083788068
577	IKZF5	ENSG00000095574	hsa-miR-6783-5p	MIMAT0027466	0.988009222204713
578	PAN3	ENSG00000152520	hsa-miR-7157-3p	MIMAT0028225	0.988003454091114
579	TXLNA	ENSG00000084652	hsa-miR-4687-3p	MIMAT0019775	0.987998699196206
580	ZNRF3	ENSG00000183579	hsa-miR-940	MIMAT0004983	0.987985189547023
581	POGK	ENSG00000143157	hsa-miR-1911-5p	MIMAT0007885	0.98798429157979
582	ACTR3	ENSG00000115091	hsa-miR-224-5p	MIMAT0000281	0.98796511012595
583	ZFHX3	ENSG00000140836	hsa-miR-7157-3p	MIMAT0028225	0.987949993783296
584	CPM	ENSG00000135678	hsa-miR-183-5p	MIMAT0000261	0.987917177686163
585	WWC3	ENSG00000047644	hsa-miR-940	MIMAT0004983	0.987898362458646
586	PPM1M	ENSG00000164088	hsa-miR-4687-3p	MIMAT0019775	0.987890570082092
587	POU2F2	ENSG00000028277	hsa-miR-765	MIMAT0003945	0.987882565706858
588	KLHL31	ENSG00000124743	hsa-miR-4458	MIMAT0018980	0.987880137473945
589	AC106886.5	ENSG00000282034	hsa-miR-765	MIMAT0003945	0.987849223265973
590	UCHL5	ENSG00000116750	hsa-miR-224-5p	MIMAT0000281	0.98784380728213
591	FIG4	ENSG00000112367	hsa-miR-4695-5p	MIMAT0019788	0.987808874561851
592	KPNA5	ENSG00000196911	hsa-miR-4458	MIMAT0018980	0.987787726531597
593	LSAMP	ENSG00000185565	hsa-miR-765	MIMAT0003945	0.987764735908773
594	NMNAT3	ENSG00000163864	hsa-miR-6758-5p	MIMAT0027416	0.98772368841618
595	PDCD4	ENSG00000150593	hsa-miR-183-5p	MIMAT0000261	0.987707732069203
596	FCHSD2	ENSG00000137478	hsa-miR-4695-5p	MIMAT0019788	0.987656631186528
597	ZNF518A	ENSG00000177853	hsa-miR-7157-3p	MIMAT0028225	0.98761279254446
598	PALM3	ENSG00000187867	hsa-miR-4465	MIMAT0018992	0.987599201375371
599	SF3B1	ENSG00000115524	hsa-miR-224-5p	MIMAT0000281	0.987569242811329
600	ABL2	ENSG00000143322	hsa-miR-4465	MIMAT0018992	0.987545391198771
601	NMNAT3	ENSG00000163864	hsa-miR-657	MIMAT0003335	0.987513734484386
602	MAP2K6	ENSG00000108984	hsa-miR-625-3p	MIMAT0004808	0.987510487350117
603	RNF2	ENSG00000121481	hsa-miR-6783-5p	MIMAT0027466	0.987464126321704
604	SMAD1	ENSG00000170365	hsa-miR-4465	MIMAT0018992	0.987450591650472
605	DAB1	ENSG00000173406	hsa-miR-6127	MIMAT0024610	0.987406439105738
606	STAP1	ENSG00000035720	hsa-miR-6783-5p	MIMAT0027466	0.987368080749294
607	ARRB1	ENSG00000137486	hsa-miR-661	MIMAT0003324	0.987329648088246
608	NSRP1	ENSG00000126653	hsa-miR-7157-3p	MIMAT0028225	0.987302317090424
609	SMARCD2	ENSG00000108604	hsa-miR-4695-5p	MIMAT0019788	0.987297942513113
610	COL4A4	ENSG00000081052	hsa-miR-7157-3p	MIMAT0028225	0.987252607244035
611	SCIMP	ENSG00000161929	hsa-miR-6127	MIMAT0024610	0.987238550120877
612	SYNPO2L	ENSG00000166317	hsa-miR-5008-5p	MIMAT0021039	0.987189112458869
613	DPP3	ENSG00000254986	hsa-miR-7855-5p	MIMAT0030430	0.987182077199727
614	SOX6	ENSG00000110693	hsa-miR-6758-5p	MIMAT0027416	0.987178638815531
615	GNG5	ENSG00000174021	hsa-miR-4458	MIMAT0018980	0.98714818074448
616	SLC35A2	ENSG00000102100	hsa-miR-7855-5p	MIMAT0030430	0.987131468171464
617	RPS6KA5	ENSG00000100784	hsa-miR-940	MIMAT0004983	0.987068051629546
618	PHF7	ENSG00000010318	hsa-miR-765	MIMAT0003945	0.986974017859112
619	NDST4	ENSG00000138653	hsa-miR-6758-5p	MIMAT0027416	0.986861111170216
620	ECPAS	ENSG00000136813	hsa-miR-183-5p	MIMAT0000261	0.986841044986071
621	TMEM155	ENSG00000164112	hsa-miR-6758-5p	MIMAT0027416	0.986824391445773
622	FOXP1	ENSG00000114861	hsa-miR-183-5p	MIMAT0000261	0.986818253533801
623	MEX3B	ENSG00000183496	hsa-miR-224-5p	MIMAT0000281	0.986817942701109
624	PCDH19	ENSG00000165194	hsa-miR-7855-5p	MIMAT0030430	0.986791714770797
625	DCAF10	ENSG00000122741	hsa-miR-7157-3p	MIMAT0028225	0.986787776254301
626	MTF2	ENSG00000143033	hsa-miR-6783-5p	MIMAT0027466	0.986666081689118
627	DYNC1I2	ENSG00000077380	hsa-miR-7157-3p	MIMAT0028225	0.98663539774766
628	AASS	ENSG00000008311	hsa-miR-661	MIMAT0003324	0.986624244768936
629	MED23	ENSG00000112282	hsa-miR-224-5p	MIMAT0000281	0.986591473838575
630	CSTF3	ENSG00000176102	hsa-miR-940	MIMAT0004983	0.986575616968457
631	SYNJ1	ENSG00000159082	hsa-miR-3682-5p	MIMAT0019222	0.986556880040462
632	SRSF10	ENSG00000188529	hsa-miR-1252-3p	MIMAT0026744	0.986540722817377
633	ITGB1	ENSG00000150093	hsa-miR-183-5p	MIMAT0000261	0.986436854986717
634	LARP1	ENSG00000155506	hsa-miR-4465	MIMAT0018992	0.98637917407001
635	FAM118B	ENSG00000197798	hsa-miR-224-5p	MIMAT0000281	0.986371985447571
636	PRKD3	ENSG00000115825	hsa-miR-657	MIMAT0003335	0.986370409934786
637	GOLPH3	ENSG00000113384	hsa-miR-7855-5p	MIMAT0030430	0.986366833842529
638	TTN	ENSG00000155657	hsa-miR-183-5p	MIMAT0000261	0.986360672705852
639	KLF12	ENSG00000118922	hsa-miR-1252-3p	MIMAT0026744	0.986360417004
640	KCTD15	ENSG00000153885	hsa-miR-661	MIMAT0003324	0.98635155112512
641	LHX4	ENSG00000121454	hsa-miR-4695-5p	MIMAT0019788	0.986244548490789
642	USP38	ENSG00000170185	hsa-miR-4458	MIMAT0018980	0.986215739178665
643	LRIG3	ENSG00000139263	hsa-miR-4458	MIMAT0018980	0.986172081192018
644	NHEJ1	ENSG00000187736	hsa-miR-5008-5p	MIMAT0021039	0.986143155044848
645	PIANP	ENSG00000139200	hsa-miR-6127	MIMAT0024610	0.986127754290173
646	CELF6	ENSG00000140488	hsa-miR-7157-3p	MIMAT0028225	0.986119466649265
647	ZFYVE9	ENSG00000157077	hsa-miR-4685-5p	MIMAT0019771	0.986103846835107
648	RICTOR	ENSG00000164327	hsa-miR-4695-5p	MIMAT0019788	0.986090574629736
649	C13orf46	ENSG00000283199	hsa-miR-765	MIMAT0003945	0.986048008083109
650	EVPLL	ENSG00000214860	hsa-miR-4446-3p	MIMAT0018965	0.986025602454809
651	DDX6	ENSG00000110367	hsa-miR-130a-5p	MIMAT0004593	0.985993650505266
652	SEC22B	ENSG00000265808	hsa-miR-1252-3p	MIMAT0026744	0.985974550276269
653	RPS29	ENSG00000213741	hsa-miR-1911-5p	MIMAT0007885	0.985950023149822
654	BLACAT1	ENSG00000281406	hsa-miR-4695-5p	MIMAT0019788	0.985944088427454
655	INTU	ENSG00000164066	hsa-miR-6758-5p	MIMAT0027416	0.98587351361478
656	UBE2K	ENSG00000078140	hsa-miR-6783-5p	MIMAT0027466	0.985858644017054
657	TNRC6B	ENSG00000100354	hsa-miR-130a-5p	MIMAT0004593	0.985855024934207
658	RBM43	ENSG00000184898	hsa-miR-7855-5p	MIMAT0030430	0.985845505450851
659	POGZ	ENSG00000143442	hsa-miR-6783-5p	MIMAT0027466	0.985830511178171
660	KCND1	ENSG00000102057	hsa-miR-765	MIMAT0003945	0.985822308924157
661	CCDC144A	ENSG00000170160	hsa-miR-4687-3p	MIMAT0019775	0.985818356134218
662	MYPOP	ENSG00000176182	hsa-miR-224-5p	MIMAT0000281	0.985781473238566
663	ACOT11	ENSG00000162390	hsa-miR-661	MIMAT0003324	0.985772175081268
664	FZD4	ENSG00000174804	hsa-miR-661	MIMAT0003324	0.985748891643725
665	FLNA	ENSG00000196924	hsa-miR-661	MIMAT0003324	0.985736469495793
666	FBXW11	ENSG00000072803	hsa-miR-4695-5p	MIMAT0019788	0.985733118248152
667	API5	ENSG00000166181	hsa-miR-224-5p	MIMAT0000281	0.985710259741837
668	EDDM13	ENSG00000267710	hsa-miR-6783-5p	MIMAT0027466	0.985693289988938
669	PCDHGA12	ENSG00000253159	hsa-miR-765	MIMAT0003945	0.985675148992575
670	LURAP1	ENSG00000171357	hsa-miR-6127	MIMAT0024610	0.985663160007044
671	ONECUT2	ENSG00000119547	hsa-miR-1252-3p	MIMAT0026744	0.985630030231158
672	KLF10	ENSG00000155090	hsa-miR-7157-3p	MIMAT0028225	0.9856132227328
673	CEP89	ENSG00000121289	hsa-miR-4695-5p	MIMAT0019788	0.985487630493813
674	HOXC5	ENSG00000172789	hsa-miR-6758-5p	MIMAT0027416	0.985437578220281
675	TYRO3	ENSG00000092445	hsa-miR-661	MIMAT0003324	0.985428185825757
676	RFX3	ENSG00000080298	hsa-miR-7157-3p	MIMAT0028225	0.985424676354784
677	CELF2	ENSG00000048740	hsa-miR-183-5p	MIMAT0000261	0.985373802385211
678	ASH1L	ENSG00000116539	hsa-miR-130a-5p	MIMAT0004593	0.985351836657204
679	POU2F1	ENSG00000143190	hsa-miR-6783-5p	MIMAT0027466	0.985311100206937
680	SLC6A14	ENSG00000268104	hsa-miR-7157-3p	MIMAT0028225	0.985285183968868
681	STAU2	ENSG00000040341	hsa-miR-6783-5p	MIMAT0027466	0.985195386806804
682	SMCO4	ENSG00000166002	hsa-miR-224-5p	MIMAT0000281	0.985183814571873
683	HNRNPLL	ENSG00000143889	hsa-miR-6783-5p	MIMAT0027466	0.985093437176435
684	TMEM143	ENSG00000161558	hsa-miR-4687-3p	MIMAT0019775	0.985085431179569
685	PPME1	ENSG00000214517	hsa-miR-92a-1-5p	MIMAT0004507	0.985069536722261
686	PIGX	ENSG00000163964	hsa-miR-183-5p	MIMAT0000261	0.985013522602717
687	CSN1S1	ENSG00000126545	hsa-miR-183-5p	MIMAT0000261	0.984970630193289
688	ZNF774	ENSG00000196391	hsa-miR-4695-5p	MIMAT0019788	0.984952957714916
689	VAT1L	ENSG00000171724	hsa-miR-765	MIMAT0003945	0.984932581005426
690	HEMK1	ENSG00000114735	hsa-miR-5008-5p	MIMAT0021039	0.984894763771522
691	SCAI	ENSG00000173611	hsa-miR-1252-3p	MIMAT0026744	0.984892181996464
692	CDK5R2	ENSG00000171450	hsa-miR-4695-5p	MIMAT0019788	0.984774826735449
693	ZBTB34	ENSG00000177125	hsa-miR-92a-1-5p	MIMAT0004507	0.984758510259377
694	TUBB	ENSG00000196230	hsa-miR-6127	MIMAT0024610	0.984728960441185
695	SYNE3	ENSG00000176438	hsa-miR-765	MIMAT0003945	0.984694124223847
696	ST6GAL2	ENSG00000144057	hsa-miR-4465	MIMAT0018992	0.984690727477264
697	LRRC7	ENSG00000033122	hsa-miR-940	MIMAT0004983	0.984689614003843
698	KLHDC8A	ENSG00000162873	hsa-miR-4695-5p	MIMAT0019788	0.984586979712692
699	ZNF124	ENSG00000196418	hsa-miR-1252-3p	MIMAT0026744	0.984531364415468
700	RIOK3	ENSG00000101782	hsa-miR-224-5p	MIMAT0000281	0.984478457731474
701	PKIA	ENSG00000171033	hsa-miR-1252-3p	MIMAT0026744	0.984478109542047
702	CD276	ENSG00000103855	hsa-miR-940	MIMAT0004983	0.984477330375546
703	SASS6	ENSG00000156876	hsa-miR-5008-5p	MIMAT0021039	0.984455870258288
704	ASPH	ENSG00000198363	hsa-miR-1252-3p	MIMAT0026744	0.98443607501918
705	ARHGEF38	ENSG00000236699	hsa-miR-4458	MIMAT0018980	0.984425454673515
706	APOL6	ENSG00000221963	hsa-miR-661	MIMAT0003324	0.984373491213115
707	DGKH	ENSG00000102780	hsa-miR-183-5p	MIMAT0000261	0.984360078778965
708	FUT9	ENSG00000172461	hsa-miR-1252-3p	MIMAT0026744	0.984344812908119
709	CISH	ENSG00000114737	hsa-miR-4685-5p	MIMAT0019771	0.984315657563155
710	TNRC6A	ENSG00000090905	hsa-miR-224-5p	MIMAT0000281	0.984298172798765
711	EZR	ENSG00000092820	hsa-miR-183-5p	MIMAT0000261	0.9842918569271
712	LRRC7	ENSG00000033122	hsa-miR-1252-3p	MIMAT0026744	0.984230175061897
713	ZEB2	ENSG00000169554	hsa-miR-5008-5p	MIMAT0021039	0.984222687282354
714	STK39	ENSG00000198648	hsa-miR-4465	MIMAT0018992	0.984192798424699
715	SLC24A4	ENSG00000140090	hsa-miR-4695-5p	MIMAT0019788	0.984164711811102
716	TPST2	ENSG00000128294	hsa-miR-6783-5p	MIMAT0027466	0.984058224312245
717	UBE2Q1	ENSG00000160714	hsa-miR-6127	MIMAT0024610	0.984021689723409
718	SMAD7	ENSG00000101665	hsa-miR-21-5p	MIMAT0000076	0.984009909659207
719	SYNPO	ENSG00000171992	hsa-miR-5008-5p	MIMAT0021039	0.984008699439412
720	RAB15	ENSG00000139998	hsa-miR-765	MIMAT0003945	0.983996393154795
721	TRMT9B	ENSG00000250305	hsa-miR-7157-3p	MIMAT0028225	0.983978261614655
722	RUNX2	ENSG00000124813	hsa-miR-661	MIMAT0003324	0.98392562328176
723	SYPL2	ENSG00000143028	hsa-miR-765	MIMAT0003945	0.983879431029288
724	PURA	ENSG00000185129	hsa-miR-4465	MIMAT0018992	0.983863513258449
725	EPGN	ENSG00000182585	hsa-miR-4695-5p	MIMAT0019788	0.983851531236363
726	CREB1	ENSG00000118260	hsa-miR-3682-5p	MIMAT0019222	0.983818770908768
727	PRR5L	ENSG00000135362	hsa-miR-224-5p	MIMAT0000281	0.983802373097589
728	MTF1	ENSG00000188786	hsa-miR-1252-3p	MIMAT0026744	0.983774920918746
729	SLC6A5	ENSG00000165970	hsa-miR-1252-3p	MIMAT0026744	0.983750345074015
730	FLRT2	ENSG00000185070	hsa-miR-3682-5p	MIMAT0019222	0.983745556319325
731	ASTN1	ENSG00000152092	hsa-miR-183-5p	MIMAT0000261	0.983729834276667
732	ATP11C	ENSG00000101974	hsa-miR-4465	MIMAT0018992	0.983701757229749
733	PPP2R3A	ENSG00000073711	hsa-miR-5008-5p	MIMAT0021039	0.983630955017527
734	ACVR1C	ENSG00000123612	hsa-miR-6783-5p	MIMAT0027466	0.983601227938289
735	NACC2	ENSG00000148411	hsa-miR-224-5p	MIMAT0000281	0.983595889508944
736	TRPS1	ENSG00000104447	hsa-miR-940	MIMAT0004983	0.983582840019791
737	SCN4B	ENSG00000177098	hsa-miR-7157-3p	MIMAT0028225	0.983553530081407
738	R3HDM1	ENSG00000048991	hsa-miR-4695-5p	MIMAT0019788	0.983534890405088
739	VPS50	ENSG00000004766	hsa-miR-7855-5p	MIMAT0030430	0.983522286254388
740	SLC25A27	ENSG00000153291	hsa-miR-4458	MIMAT0018980	0.983484690509555
741	XKR3	ENSG00000172967	hsa-miR-224-5p	MIMAT0000281	0.983469144619022
742	ATP1B2	ENSG00000129244	hsa-miR-940	MIMAT0004983	0.983458517025889
743	LILRA1	ENSG00000104974	hsa-miR-6758-5p	MIMAT0027416	0.983371641143927
744	ARPP19	ENSG00000128989	hsa-miR-4465	MIMAT0018992	0.983276729541613
745	STARD5	ENSG00000172345	hsa-miR-661	MIMAT0003324	0.983194105347511
746	C12orf56	ENSG00000185306	hsa-miR-6758-5p	MIMAT0027416	0.983151563611962
747	ZNF587	ENSG00000198466	hsa-miR-661	MIMAT0003324	0.983146086072301
748	PLEKHH2	ENSG00000152527	hsa-miR-6783-5p	MIMAT0027466	0.983138662228576
749	LPGAT1	ENSG00000123684	hsa-miR-4458	MIMAT0018980	0.983136454624644
750	ZNF436	ENSG00000125945	hsa-miR-765	MIMAT0003945	0.983121601543204
751	KLHL42	ENSG00000087448	hsa-miR-4465	MIMAT0018992	0.983037742588595
752	KANSL1	ENSG00000120071	hsa-miR-7157-3p	MIMAT0028225	0.983030483516177
753	DMBX1	ENSG00000197587	hsa-miR-765	MIMAT0003945	0.983027135542657
754	ACADSB	ENSG00000196177	hsa-miR-7157-3p	MIMAT0028225	0.983006937067773
755	PRTG	ENSG00000166450	hsa-miR-4458	MIMAT0018980	0.982920898568383
756	B3GAT2	ENSG00000112309	hsa-miR-21-5p	MIMAT0000076	0.982859231301906
757	KCNK12	ENSG00000184261	hsa-miR-4687-3p	MIMAT0019775	0.982833984597529
758	UVRAG	ENSG00000198382	hsa-miR-6783-5p	MIMAT0027466	0.982797854009991
759	ZBTB20	ENSG00000181722	hsa-miR-1252-3p	MIMAT0026744	0.982784575758183
760	LMNA	ENSG00000160789	hsa-miR-765	MIMAT0003945	0.982687224000527
761	FAM98A	ENSG00000119812	hsa-miR-4465	MIMAT0018992	0.982649249419944
762	KLF12	ENSG00000118922	hsa-miR-7157-3p	MIMAT0028225	0.982616977725195
763	MATN2	ENSG00000132561	hsa-miR-21-5p	MIMAT0000076	0.982597653364439
764	RAB3B	ENSG00000169213	hsa-miR-1252-3p	MIMAT0026744	0.982578368835122
765	TRIM44	ENSG00000166326	hsa-miR-940	MIMAT0004983	0.982578167892188
766	FAM214B	ENSG00000005238	hsa-miR-1268a	MIMAT0005922	0.982539363358893
767	CSAG1	ENSG00000198930	hsa-miR-765	MIMAT0003945	0.98251987363247
768	MAP7D1	ENSG00000116871	hsa-miR-6758-5p	MIMAT0027416	0.982480271428747
769	FAF1	ENSG00000185104	hsa-miR-92a-1-5p	MIMAT0004507	0.982455444629517
770	MAP3K4	ENSG00000085511	hsa-miR-183-5p	MIMAT0000261	0.982445359666062
771	ZNF69	ENSG00000198429	hsa-miR-661	MIMAT0003324	0.982442599868741
772	C12orf66	ENSG00000174206	hsa-miR-6758-5p	MIMAT0027416	0.982438745774601
773	CEP350	ENSG00000135837	hsa-miR-4695-5p	MIMAT0019788	0.982372862937526
774	E2F7	ENSG00000165891	hsa-miR-4465	MIMAT0018992	0.98236481461425
775	NTRK3	ENSG00000140538	hsa-miR-4695-5p	MIMAT0019788	0.982327222060654
776	CREB1	ENSG00000118260	hsa-miR-7157-3p	MIMAT0028225	0.982312749950857
777	KCNF1	ENSG00000162975	hsa-miR-6127	MIMAT0024610	0.982297914468633
778	CACNB2	ENSG00000165995	hsa-miR-224-5p	MIMAT0000281	0.982286827205612
779	MGAT4C	ENSG00000182050	hsa-miR-4695-5p	MIMAT0019788	0.982273092145011
780	LIMCH1	ENSG00000064042	hsa-miR-4804-5p	MIMAT0019984	0.982265054574875
781	CEACAM8	ENSG00000124469	hsa-miR-661	MIMAT0003324	0.982260284545489
782	CHP1	ENSG00000187446	hsa-miR-940	MIMAT0004983	0.982224129075479
783	ZSWIM6	ENSG00000130449	hsa-miR-21-5p	MIMAT0000076	0.982213883686097
784	MT1M	ENSG00000205364	hsa-miR-224-5p	MIMAT0000281	0.982180961550992
785	KBTBD7	ENSG00000120696	hsa-miR-21-5p	MIMAT0000076	0.982164032708253
786	PDAP1	ENSG00000106244	hsa-miR-661	MIMAT0003324	0.982162853273991
787	ABCB9	ENSG00000150967	hsa-miR-4458	MIMAT0018980	0.982143560158196
788	FRMPD3	ENSG00000147234	hsa-miR-6127	MIMAT0024610	0.982089938553571
789	EGR1	ENSG00000120738	hsa-miR-4687-3p	MIMAT0019775	0.982057459884419
790	LRRC57	ENSG00000180979	hsa-miR-21-5p	MIMAT0000076	0.982053203726324
791	AC069544.2	ENSG00000284024	hsa-miR-4458	MIMAT0018980	0.981973054361945
792	UBN2	ENSG00000157741	hsa-miR-7157-3p	MIMAT0028225	0.981929336937398
793	SLC35F5	ENSG00000115084	hsa-miR-940	MIMAT0004983	0.98191193364142
794	SETBP1	ENSG00000152217	hsa-miR-765	MIMAT0003945	0.981858945482468
795	ANAPC15	ENSG00000110200	hsa-miR-661	MIMAT0003324	0.981772948046964
796	VPS4A	ENSG00000132612	hsa-miR-6783-5p	MIMAT0027466	0.981767900560299
797	ATP2B4	ENSG00000058668	hsa-miR-183-5p	MIMAT0000261	0.981767116487074
798	EPHA4	ENSG00000116106	hsa-miR-183-5p	MIMAT0000261	0.981764249352338
799	COL1A2	ENSG00000164692	hsa-miR-4458	MIMAT0018980	0.981759199229709
800	EPHA5	ENSG00000145242	hsa-miR-7157-3p	MIMAT0028225	0.981741054868572
801	SMARCAD1	ENSG00000163104	hsa-miR-4458	MIMAT0018980	0.981712116900953
802	SRGAP1	ENSG00000196935	hsa-miR-4685-5p	MIMAT0019771	0.981675414166835
803	HIC2	ENSG00000169635	hsa-miR-4458	MIMAT0018980	0.981661342264004
804	SIX4	ENSG00000100625	hsa-miR-92a-1-5p	MIMAT0004507	0.98162618714652
805	BAZ1B	ENSG00000009954	hsa-miR-183-5p	MIMAT0000261	0.981558561847626
806	SPN	ENSG00000197471	hsa-miR-92a-1-5p	MIMAT0004507	0.981552441437923
807	ZNF875	ENSG00000181666	hsa-miR-92a-1-5p	MIMAT0004507	0.981545420483743
808	HAUS4	ENSG00000092036	hsa-miR-4446-3p	MIMAT0018965	0.981538844742581
809	PPP1R3A	ENSG00000154415	hsa-miR-21-5p	MIMAT0000076	0.981503664468904
810	BICRAL	ENSG00000112624	hsa-miR-1252-3p	MIMAT0026744	0.981491561047818
811	ZHX3	ENSG00000174306	hsa-miR-5008-5p	MIMAT0021039	0.981491468163803
812	NTRK3	ENSG00000140538	hsa-miR-1252-3p	MIMAT0026744	0.98143460625515
813	FLRT2	ENSG00000185070	hsa-miR-6783-5p	MIMAT0027466	0.981433683209584
814	RPS6KA5	ENSG00000100784	hsa-miR-1252-3p	MIMAT0026744	0.981401001076689
815	LDOC1	ENSG00000182195	hsa-miR-4685-5p	MIMAT0019771	0.981340142893335
816	STXBP4	ENSG00000166263	hsa-miR-6127	MIMAT0024610	0.981332579983399
817	OPN4	ENSG00000122375	hsa-miR-6127	MIMAT0024610	0.981327121019698
818	CASZ1	ENSG00000130940	hsa-miR-4465	MIMAT0018992	0.981260308823283
819	WFDC2	ENSG00000101443	hsa-miR-92a-1-5p	MIMAT0004507	0.981255781757476
820	MYPN	ENSG00000138347	hsa-miR-7855-5p	MIMAT0030430	0.981233937020545
821	RMND5A	ENSG00000153561	hsa-miR-21-5p	MIMAT0000076	0.981205101993513
822	ATOX1	ENSG00000177556	hsa-miR-5008-5p	MIMAT0021039	0.98120146058392
823	BICD1	ENSG00000151746	hsa-miR-7157-3p	MIMAT0028225	0.981146752639482
824	CNTNAP5	ENSG00000155052	hsa-miR-765	MIMAT0003945	0.981140583518012
825	MYOM1	ENSG00000101605	hsa-miR-765	MIMAT0003945	0.981113898566948
826	ATP2C1	ENSG00000017260	hsa-miR-183-5p	MIMAT0000261	0.98110045266074
827	RIC3	ENSG00000166405	hsa-miR-6783-5p	MIMAT0027466	0.981095930621851
828	LHFPL2	ENSG00000145685	hsa-miR-183-5p	MIMAT0000261	0.981087693338726
829	SLC7A7	ENSG00000155465	hsa-miR-6127	MIMAT0024610	0.981026386703289
830	GPX8	ENSG00000164294	hsa-miR-224-5p	MIMAT0000281	0.981000381792326
831	LASP1	ENSG00000002834	hsa-miR-224-5p	MIMAT0000281	0.980981229893356
832	FZD3	ENSG00000104290	hsa-miR-1252-3p	MIMAT0026744	0.980978258243184
833	DCAF10	ENSG00000122741	hsa-miR-6127	MIMAT0024610	0.980937727071561
834	AC005324.2	ENSG00000251537	hsa-miR-4687-3p	MIMAT0019775	0.980913098016967
835	PURA	ENSG00000185129	hsa-miR-130a-5p	MIMAT0004593	0.980899048443948
836	ANKS1A	ENSG00000064999	hsa-miR-661	MIMAT0003324	0.980787599326144
837	PPP1R15B	ENSG00000158615	hsa-miR-4458	MIMAT0018980	0.98075663181212
838	SPRY2	ENSG00000136158	hsa-miR-21-5p	MIMAT0000076	0.980741257806763
839	CAB39	ENSG00000135932	hsa-miR-1252-3p	MIMAT0026744	0.980721913339636
840	MAP2K6	ENSG00000108984	hsa-miR-940	MIMAT0004983	0.980703216818662
841	TMEM241	ENSG00000134490	hsa-miR-6783-5p	MIMAT0027466	0.980699353074056
842	LRPPRC	ENSG00000138095	hsa-miR-6783-5p	MIMAT0027466	0.980696673799621
843	UGP2	ENSG00000169764	hsa-miR-7157-3p	MIMAT0028225	0.980683117691126
844	GK	ENSG00000198814	hsa-miR-3682-5p	MIMAT0019222	0.980648818473933
845	SLC25A16	ENSG00000122912	hsa-miR-4465	MIMAT0018992	0.980635833310579
846	IRS1	ENSG00000169047	hsa-miR-183-5p	MIMAT0000261	0.980623573856669
847	OTUD4	ENSG00000164164	hsa-miR-4465	MIMAT0018992	0.980587639129573
848	FSD1L	ENSG00000106701	hsa-miR-1252-3p	MIMAT0026744	0.980580855049528
849	KDELR2	ENSG00000136240	hsa-miR-6127	MIMAT0024610	0.980572904343343
850	GFPT2	ENSG00000131459	hsa-miR-4695-5p	MIMAT0019788	0.980569934842069
851	ITM2B	ENSG00000136156	hsa-miR-4687-3p	MIMAT0019775	0.98054998379058
852	BRWD3	ENSG00000165288	hsa-miR-1252-3p	MIMAT0026744	0.980527537597013
853	MMP21	ENSG00000154485	hsa-miR-661	MIMAT0003324	0.980507123900047
854	CEP350	ENSG00000135837	hsa-miR-4465	MIMAT0018992	0.980463577266562
855	AGBL1	ENSG00000273540	hsa-miR-765	MIMAT0003945	0.9804553622635
856	MTUS2	ENSG00000132938	hsa-miR-6822-3p	MIMAT0027545	0.98040887318582
857	TMSB4X	ENSG00000205542	hsa-miR-183-5p	MIMAT0000261	0.980387410211818
858	NAA25	ENSG00000111300	hsa-miR-661	MIMAT0003324	0.980386654459216
859	NABP2	ENSG00000139579	hsa-miR-6127	MIMAT0024610	0.980346332428868
860	ZBTB26	ENSG00000171448	hsa-miR-4458	MIMAT0018980	0.980332326370558
861	NUTF2	ENSG00000102898	hsa-miR-765	MIMAT0003945	0.980325483339261
862	PARD3B	ENSG00000116117	hsa-miR-6127	MIMAT0024610	0.980319761681848
863	MT1B	ENSG00000169688	hsa-miR-224-5p	MIMAT0000281	0.980318356665752
864	LIN7A	ENSG00000111052	hsa-miR-7855-5p	MIMAT0030430	0.980267304367072
865	DPP4	ENSG00000197635	hsa-miR-7157-3p	MIMAT0028225	0.980246629555692
866	SLC27A1	ENSG00000130304	hsa-miR-4695-5p	MIMAT0019788	0.980245797404287
867	VAMP1	ENSG00000139190	hsa-miR-940	MIMAT0004983	0.980226550482019
868	NSL1	ENSG00000117697	hsa-miR-1252-3p	MIMAT0026744	0.980205417189404
869	IGHMBP2	ENSG00000132740	hsa-miR-5008-5p	MIMAT0021039	0.980194242703078
870	ARHGAP25	ENSG00000163219	hsa-miR-661	MIMAT0003324	0.980111858211637
871	PDE10A	ENSG00000112541	hsa-miR-4687-3p	MIMAT0019775	0.980100024977591
872	APBB3	ENSG00000113108	hsa-miR-4458	MIMAT0018980	0.980083132453038
873	OSBPL8	ENSG00000091039	hsa-miR-183-5p	MIMAT0000261	0.980040765371861
874	PTBP3	ENSG00000119314	hsa-miR-7157-3p	MIMAT0028225	0.980016293392578
875	PTAFR	ENSG00000169403	hsa-miR-765	MIMAT0003945	0.980009343511636
876	MAPK1IP1L	ENSG00000168175	hsa-miR-3682-5p	MIMAT0019222	0.979932394167915
877	SGMS1	ENSG00000198964	hsa-miR-4687-3p	MIMAT0019775	0.979929349011812
878	SLC7A11	ENSG00000151012	hsa-miR-4465	MIMAT0018992	0.979902952367837
879	SAMD9	ENSG00000205413	hsa-miR-6783-5p	MIMAT0027466	0.979791067966171
880	RALY	ENSG00000125970	hsa-miR-661	MIMAT0003324	0.979768172115493
881	ATP2B1	ENSG00000070961	hsa-miR-4685-5p	MIMAT0019771	0.979725981030037
882	TMEM248	ENSG00000106609	hsa-miR-661	MIMAT0003324	0.979699097821113
883	CSRNP3	ENSG00000178662	hsa-miR-21-5p	MIMAT0000076	0.979681448256357
884	SLC8A1	ENSG00000183023	hsa-miR-1252-3p	MIMAT0026744	0.979675074357347
885	JAG1	ENSG00000101384	hsa-miR-21-5p	MIMAT0000076	0.979636575899681
886	XRN1	ENSG00000114127	hsa-miR-1252-3p	MIMAT0026744	0.979624568949465
887	TMEM33	ENSG00000109133	hsa-miR-4685-5p	MIMAT0019771	0.979612081084407
888	TMTC2	ENSG00000179104	hsa-miR-765	MIMAT0003945	0.979581806916325
889	PHF24	ENSG00000122733	hsa-miR-4446-3p	MIMAT0018965	0.979550411255497
890	PDZD2	ENSG00000133401	hsa-miR-21-5p	MIMAT0000076	0.979535715119321
891	ZMYM4	ENSG00000146463	hsa-miR-6783-5p	MIMAT0027466	0.979528840876638
892	SLC30A1	ENSG00000170385	hsa-miR-1252-3p	MIMAT0026744	0.979517037473567
893	FTO	ENSG00000140718	hsa-miR-130a-5p	MIMAT0004593	0.979497605675439
894	SMAP1	ENSG00000112305	hsa-miR-224-5p	MIMAT0000281	0.979454110719929
895	ATG13	ENSG00000175224	hsa-miR-4695-5p	MIMAT0019788	0.979395083944622
896	SERHL2	ENSG00000183569	hsa-miR-661	MIMAT0003324	0.979385938522774
897	C1GALT1	ENSG00000106392	hsa-miR-224-5p	MIMAT0000281	0.979369876075383
898	VPS13A	ENSG00000197969	hsa-miR-6758-5p	MIMAT0027416	0.979336343219321
899	NR5A1	ENSG00000136931	hsa-miR-4685-5p	MIMAT0019771	0.979325782386518
900	NHS	ENSG00000188158	hsa-miR-224-5p	MIMAT0000281	0.979304883466488
901	POU6F2	ENSG00000106536	hsa-miR-7855-5p	MIMAT0030430	0.979291510637314
902	GDF11	ENSG00000135414	hsa-miR-130a-5p	MIMAT0004593	0.979278374137892
903	WNT1	ENSG00000125084	hsa-miR-4695-5p	MIMAT0019788	0.979274376565603
904	RACGAP1	ENSG00000161800	hsa-miR-4695-5p	MIMAT0019788	0.979249007046353
905	CCDC88A	ENSG00000115355	hsa-miR-1252-3p	MIMAT0026744	0.979138192786925
906	DEPDC5	ENSG00000100150	hsa-miR-4695-5p	MIMAT0019788	0.979133506208088
907	PRMT9	ENSG00000164169	hsa-miR-4695-5p	MIMAT0019788	0.979115447124124
908	SMIM3	ENSG00000256235	hsa-miR-7157-3p	MIMAT0028225	0.979102441861383
909	MYH10	ENSG00000133026	hsa-miR-6758-5p	MIMAT0027416	0.979080339523287
910	BCL7A	ENSG00000110987	hsa-miR-21-5p	MIMAT0000076	0.979004189803944
911	KLHL28	ENSG00000179454	hsa-miR-1252-3p	MIMAT0026744	0.979000590569594
912	OR3A3	ENSG00000159961	hsa-miR-765	MIMAT0003945	0.978983718520789
913	XAF1	ENSG00000132530	hsa-miR-6758-5p	MIMAT0027416	0.978969563211125
914	ZMYM4	ENSG00000146463	hsa-miR-224-5p	MIMAT0000281	0.978948591448359
915	SCAMP2	ENSG00000140497	hsa-miR-6783-5p	MIMAT0027466	0.978942037643852
916	BCHE	ENSG00000114200	hsa-miR-7157-3p	MIMAT0028225	0.978915793015994
917	IKZF5	ENSG00000095574	hsa-miR-1252-3p	MIMAT0026744	0.978898749433869
918	BCLAF1	ENSG00000029363	hsa-miR-3682-5p	MIMAT0019222	0.978852083805204
919	UBIAD1	ENSG00000120942	hsa-miR-940	MIMAT0004983	0.97882195338901
920	DPP10	ENSG00000175497	hsa-miR-6783-5p	MIMAT0027466	0.97881570003053
921	GPR55	ENSG00000135898	hsa-miR-224-5p	MIMAT0000281	0.978793178598984
922	ZBTB26	ENSG00000171448	hsa-miR-765	MIMAT0003945	0.978771255755074
923	XKR4	ENSG00000206579	hsa-miR-765	MIMAT0003945	0.978683939555971
924	MAP3K3	ENSG00000198909	hsa-miR-661	MIMAT0003324	0.978676862012272
925	CPNE5	ENSG00000124772	hsa-miR-5008-5p	MIMAT0021039	0.97866822173934
926	CAMSAP2	ENSG00000118200	hsa-miR-6783-5p	MIMAT0027466	0.978609606617377
927	ERVH48-1	ENSG00000233056	hsa-miR-661	MIMAT0003324	0.978599671069157
928	DDX3X	ENSG00000215301	hsa-miR-224-5p	MIMAT0000281	0.978597930517643
929	NAV1	ENSG00000134369	hsa-miR-4695-5p	MIMAT0019788	0.978563945840916
930	TRPM3	ENSG00000083067	hsa-miR-4446-3p	MIMAT0018965	0.978560150295104
931	ELMOD1	ENSG00000110675	hsa-miR-6127	MIMAT0024610	0.978531551990892
932	PRDM11	ENSG00000019485	hsa-miR-21-5p	MIMAT0000076	0.9784977159063
933	CPEB2	ENSG00000137449	hsa-miR-7855-5p	MIMAT0030430	0.978487083277345
934	KLHL28	ENSG00000179454	hsa-miR-183-5p	MIMAT0000261	0.978486448831739
935	SNIP1	ENSG00000163877	hsa-miR-7855-5p	MIMAT0030430	0.978441843767223
936	NDUFB5	ENSG00000136521	hsa-miR-661	MIMAT0003324	0.978400144003984
937	MAGED1	ENSG00000179222	hsa-miR-6783-5p	MIMAT0027466	0.978388080357285
938	GDE1	ENSG00000006007	hsa-miR-7157-3p	MIMAT0028225	0.978383833499281
939	MAX	ENSG00000125952	hsa-miR-6822-3p	MIMAT0027545	0.9783586838855
940	SSH2	ENSG00000141298	hsa-miR-1252-3p	MIMAT0026744	0.978308046364902
941	GRAMD1C	ENSG00000178075	hsa-miR-7157-3p	MIMAT0028225	0.978293199834732
942	TXLNG	ENSG00000086712	hsa-miR-4458	MIMAT0018980	0.978236418959148
943	GTF2A1	ENSG00000165417	hsa-miR-6127	MIMAT0024610	0.97820671260111
944	SLC22A25	ENSG00000196600	hsa-miR-4685-5p	MIMAT0019771	0.978182474403696
945	LMNB1	ENSG00000113368	hsa-miR-7157-3p	MIMAT0028225	0.978165955764316
946	NCKAP1L	ENSG00000123338	hsa-miR-765	MIMAT0003945	0.978129626586841
947	CREB1	ENSG00000118260	hsa-miR-1252-3p	MIMAT0026744	0.978096974916699
948	USP31	ENSG00000103404	hsa-miR-7855-5p	MIMAT0030430	0.978046609679931
949	ZBTB7B	ENSG00000160685	hsa-miR-5008-5p	MIMAT0021039	0.97802996773539
950	YJEFN3	ENSG00000250067	hsa-miR-4695-5p	MIMAT0019788	0.978013925882303
951	VAMP1	ENSG00000139190	hsa-miR-4695-5p	MIMAT0019788	0.978013596581489
952	PAPOLG	ENSG00000115421	hsa-miR-940	MIMAT0004983	0.977994228036564
953	SH3D19	ENSG00000109686	hsa-miR-4465	MIMAT0018992	0.977960253877338
954	ESRRG	ENSG00000196482	hsa-miR-940	MIMAT0004983	0.977956553757324
955	TRIM67	ENSG00000119283	hsa-miR-765	MIMAT0003945	0.97790422411052
956	SENP3-EIF4A1	ENSG00000277957	hsa-miR-661	MIMAT0003324	0.977873584934544
957	OPRM1	ENSG00000112038	hsa-miR-1252-3p	MIMAT0026744	0.977853414314333
958	ATXN7L2	ENSG00000162650	hsa-miR-765	MIMAT0003945	0.977811398695537
959	CENPP	ENSG00000188312	hsa-miR-6127	MIMAT0024610	0.977799010046244
960	NFAT5	ENSG00000102908	hsa-miR-4446-3p	MIMAT0018965	0.977780684823462
961	AGTR2	ENSG00000180772	hsa-miR-6783-5p	MIMAT0027466	0.977742865656093
962	SEMA7A	ENSG00000138623	hsa-miR-4292	MIMAT0016919	0.977721406755816
963	RPL10	ENSG00000147403	hsa-miR-7855-5p	MIMAT0030430	0.977711494477328
964	DIAPH1	ENSG00000131504	hsa-miR-4685-5p	MIMAT0019771	0.977709304780101
965	ENOPH1	ENSG00000145293	hsa-miR-4695-5p	MIMAT0019788	0.97766329741951
966	PHF13	ENSG00000116273	hsa-miR-7157-3p	MIMAT0028225	0.977628346981144
967	KIAA2013	ENSG00000116685	hsa-miR-4465	MIMAT0018992	0.977563854959764
968	NAB1	ENSG00000138386	hsa-miR-4465	MIMAT0018992	0.97751418504156
969	KCNC4	ENSG00000116396	hsa-miR-6783-5p	MIMAT0027466	0.977493927373404
970	NDUFA3	ENSG00000170906	hsa-miR-5008-5p	MIMAT0021039	0.977474708162514
971	LONP2	ENSG00000102910	hsa-miR-661	MIMAT0003324	0.977441063145386
972	AHDC1	ENSG00000126705	hsa-miR-765	MIMAT0003945	0.977432532494347
973	GMEB1	ENSG00000162419	hsa-miR-6127	MIMAT0024610	0.977391453688612
974	EFHC2	ENSG00000183690	hsa-miR-6758-5p	MIMAT0027416	0.977386295273388
975	ABCC5	ENSG00000114770	hsa-miR-4458	MIMAT0018980	0.977385564060925
976	ZNF724	ENSG00000196081	hsa-miR-4465	MIMAT0018992	0.977319472214215
977	NKAIN3	ENSG00000185942	hsa-miR-1252-3p	MIMAT0026744	0.977317173846288
978	DPP4	ENSG00000197635	hsa-miR-1252-3p	MIMAT0026744	0.977311605050351
979	C10orf99	ENSG00000188373	hsa-miR-4695-5p	MIMAT0019788	0.977293539361433
980	ARIH1	ENSG00000166233	hsa-miR-5008-5p	MIMAT0021039	0.977289530906058
981	NDUFB8	ENSG00000166136	hsa-miR-6127	MIMAT0024610	0.977257002910981
982	AP5M1	ENSG00000053770	hsa-miR-1252-3p	MIMAT0026744	0.977236554916858
983	GK5	ENSG00000175066	hsa-miR-6783-5p	MIMAT0027466	0.977198538227849
984	WFDC3	ENSG00000124116	hsa-miR-4685-5p	MIMAT0019771	0.97712879739151
985	MLYCD	ENSG00000103150	hsa-miR-7157-3p	MIMAT0028225	0.977097796678267
986	PLXDC2	ENSG00000120594	hsa-miR-6783-5p	MIMAT0027466	0.977091685899706
987	BAZ2A	ENSG00000076108	hsa-miR-657	MIMAT0003335	0.977081346136937
988	THRA	ENSG00000126351	hsa-miR-4685-5p	MIMAT0019771	0.977066454436416
989	BAHD1	ENSG00000140320	hsa-miR-3682-5p	MIMAT0019222	0.976992583000872
990	DACT1	ENSG00000165617	hsa-miR-625-3p	MIMAT0004808	0.976991283636661
991	TMEM212	ENSG00000186329	hsa-miR-130a-5p	MIMAT0004593	0.976982175255363
992	CBLB	ENSG00000114423	hsa-miR-7855-5p	MIMAT0030430	0.976970460932178
993	RBFOX2	ENSG00000100320	hsa-miR-130a-5p	MIMAT0004593	0.976904090274921
994	CASP14	ENSG00000105141	hsa-miR-765	MIMAT0003945	0.976896834185129
995	PIM1	ENSG00000137193	hsa-miR-4695-5p	MIMAT0019788	0.976885832377819
996	MAP2	ENSG00000078018	hsa-miR-1252-3p	MIMAT0026744	0.976875903416288
997	EPS15	ENSG00000085832	hsa-miR-224-5p	MIMAT0000281	0.976875630258919
998	HSF5	ENSG00000176160	hsa-miR-6783-5p	MIMAT0027466	0.976857175628217
999	FARP1	ENSG00000152767	hsa-miR-1252-3p	MIMAT0026744	0.97679253734336
1000	BCL7B	ENSG00000106635	hsa-miR-940	MIMAT0004983	0.976771358386482
1001	NFAT5	ENSG00000102908	hsa-miR-1252-3p	MIMAT0026744	0.976755531747185
1002	RPS6KA3	ENSG00000177189	hsa-miR-183-5p	MIMAT0000261	0.976752689102597
1003	IFT52	ENSG00000101052	hsa-miR-4695-5p	MIMAT0019788	0.976724136392063
1004	WT1	ENSG00000184937	hsa-miR-661	MIMAT0003324	0.976696957499111
1005	ZNF226	ENSG00000167380	hsa-miR-6758-5p	MIMAT0027416	0.97667284726909
1006	NUDT4	ENSG00000173598	hsa-miR-183-5p	MIMAT0000261	0.976655923841255
1007	GLS2	ENSG00000135423	hsa-miR-4687-3p	MIMAT0019775	0.976629907755395
1008	PYM1	ENSG00000170473	hsa-miR-6127	MIMAT0024610	0.976615435820995
1009	HIVEP3	ENSG00000127124	hsa-miR-7157-3p	MIMAT0028225	0.976585029558855
1010	CNOT6L	ENSG00000138767	hsa-miR-183-5p	MIMAT0000261	0.976567665573284
1011	LHX1	ENSG00000273706	hsa-miR-224-5p	MIMAT0000281	0.976563404396244
1012	CA6	ENSG00000131686	hsa-miR-4695-5p	MIMAT0019788	0.976542128388264
1013	CGGBP1	ENSG00000163320	hsa-miR-1252-3p	MIMAT0026744	0.976509934425026
1014	VTA1	ENSG00000009844	hsa-miR-6127	MIMAT0024610	0.976500373333246
1015	BRPF1	ENSG00000156983	hsa-miR-1252-3p	MIMAT0026744	0.976461436636625
1016	CYP2U1	ENSG00000155016	hsa-miR-7157-3p	MIMAT0028225	0.976405364961712
1017	CA13	ENSG00000185015	hsa-miR-4695-5p	MIMAT0019788	0.976381806509791
1018	AGBL2	ENSG00000165923	hsa-miR-6758-5p	MIMAT0027416	0.976359583002583
1019	ETF1	ENSG00000120705	hsa-miR-224-5p	MIMAT0000281	0.976353626449792
1020	SF3B1	ENSG00000115524	hsa-miR-183-5p	MIMAT0000261	0.9763105853307
1021	TP53TG3B	ENSG00000261509	hsa-miR-940	MIMAT0004983	0.976279360874679
1022	BTD	ENSG00000169814	hsa-miR-4685-5p	MIMAT0019771	0.976237354639161
1023	ZNF124	ENSG00000196418	hsa-miR-661	MIMAT0003324	0.976139103224456
1024	TENM3	ENSG00000218336	hsa-miR-7157-3p	MIMAT0028225	0.976127280498273
1025	DNAI4	ENSG00000152763	hsa-miR-765	MIMAT0003945	0.976119831112276
1026	VIL1	ENSG00000127831	hsa-miR-1252-3p	MIMAT0026744	0.976118911228973
1027	NOX5	ENSG00000255346	hsa-miR-765	MIMAT0003945	0.97611714288789
1028	NDUFAB1	ENSG00000004779	hsa-miR-6127	MIMAT0024610	0.976077843665962
1029	UPRT	ENSG00000094841	hsa-miR-7157-3p	MIMAT0028225	0.976062735972352
1030	BBS9	ENSG00000122507	hsa-miR-7157-3p	MIMAT0028225	0.976057571317414
1031	STATH	ENSG00000126549	hsa-miR-7157-3p	MIMAT0028225	0.976026763163475
1032	TCF7L2	ENSG00000148737	hsa-miR-183-5p	MIMAT0000261	0.976024597421471
1033	AC022400.5	ENSG00000272916	hsa-miR-4687-3p	MIMAT0019775	0.976008305223042
1034	RIMBP2	ENSG00000060709	hsa-miR-940	MIMAT0004983	0.976004891577349
1035	SERTAD3	ENSG00000167565	hsa-miR-4695-5p	MIMAT0019788	0.975971115379107
1036	ZNF710	ENSG00000140548	hsa-miR-4458	MIMAT0018980	0.975962346106304
1037	PPP3CC	ENSG00000120910	hsa-miR-6783-5p	MIMAT0027466	0.975904451732581
1038	DHRSX	ENSG00000169084	hsa-miR-183-5p	MIMAT0000261	0.975877597212164
1039	RPS20	ENSG00000008988	hsa-miR-6783-5p	MIMAT0027466	0.97585526920097
1040	TNFRSF11B	ENSG00000164761	hsa-miR-765	MIMAT0003945	0.975842110064258
1041	PURA	ENSG00000185129	hsa-miR-1252-3p	MIMAT0026744	0.975803428102754
1042	PHIP	ENSG00000146247	hsa-miR-1252-3p	MIMAT0026744	0.975705832524624
1043	RHOBTB2	ENSG00000008853	hsa-miR-4685-5p	MIMAT0019771	0.975686338971263
1044	GCLM	ENSG00000023909	hsa-miR-183-5p	MIMAT0000261	0.975640050439819
1045	PROX1	ENSG00000117707	hsa-miR-940	MIMAT0004983	0.975565342650208
1046	AZIN2	ENSG00000142920	hsa-miR-4695-5p	MIMAT0019788	0.975538834745116
1047	SMPD3	ENSG00000103056	hsa-miR-183-5p	MIMAT0000261	0.975532324572023
1048	TBC1D3K	ENSG00000273513	hsa-miR-940	MIMAT0004983	0.975517483501201
1049	PTP4A2	ENSG00000184007	hsa-miR-6783-5p	MIMAT0027466	0.975497107698971
1050	RPS6KA3	ENSG00000177189	hsa-miR-6758-5p	MIMAT0027416	0.975433134661265
1051	ZNF652	ENSG00000198740	hsa-miR-765	MIMAT0003945	0.975417366005479
1052	SKP1	ENSG00000113558	hsa-miR-4685-5p	MIMAT0019771	0.975379780713549
1053	ABCF2	ENSG00000033050	hsa-miR-4685-5p	MIMAT0019771	0.975360577536238
1054	GPBP1	ENSG00000062194	hsa-miR-1252-3p	MIMAT0026744	0.975347435078251
1055	MPIG6B	ENSG00000204420	hsa-miR-6127	MIMAT0024610	0.975340338456859
1056	SERP2	ENSG00000151778	hsa-miR-765	MIMAT0003945	0.97532063166262
1057	GALP	ENSG00000197487	hsa-miR-765	MIMAT0003945	0.975309705268181
1058	ACBD5	ENSG00000107897	hsa-miR-4465	MIMAT0018992	0.975291266961984
1059	SALL4	ENSG00000101115	hsa-miR-4458	MIMAT0018980	0.975268349619719
1060	ALPK2	ENSG00000198796	hsa-miR-4687-3p	MIMAT0019775	0.975258715060762
1061	STAC2	ENSG00000141750	hsa-miR-4685-5p	MIMAT0019771	0.97524280328642
1062	NPAS3	ENSG00000151322	hsa-miR-183-5p	MIMAT0000261	0.975228817910556
1063	SSR1	ENSG00000124783	hsa-miR-1252-3p	MIMAT0026744	0.975196225353466
1064	NUS1	ENSG00000153989	hsa-miR-4465	MIMAT0018992	0.975185778671226
1065	C2orf49	ENSG00000135974	hsa-miR-224-5p	MIMAT0000281	0.975185072930474
1066	RNF41	ENSG00000181852	hsa-miR-6783-5p	MIMAT0027466	0.975174963018323
1067	ZNFX1	ENSG00000124201	hsa-miR-661	MIMAT0003324	0.975142558451804
1068	DTX1	ENSG00000135144	hsa-miR-661	MIMAT0003324	0.975140181878492
1069	TENM2	ENSG00000145934	hsa-miR-6783-5p	MIMAT0027466	0.975119528761766
1070	TMEM229B	ENSG00000198133	hsa-miR-4446-3p	MIMAT0018965	0.975080394734314
1071	TSPY2	ENSG00000168757	hsa-miR-130a-5p	MIMAT0004593	0.975055317198733
1072	ZBTB6	ENSG00000186130	hsa-miR-6758-5p	MIMAT0027416	0.975029740024882
1073	SALL2	ENSG00000165821	hsa-miR-6127	MIMAT0024610	0.974970665048519
1074	NBPF20	ENSG00000162825	hsa-miR-4446-3p	MIMAT0018965	0.974934121057196
1075	NTM	ENSG00000182667	hsa-miR-940	MIMAT0004983	0.974914250683441
1076	HOOK3	ENSG00000168172	hsa-miR-1252-3p	MIMAT0026744	0.97485010521212
1077	PTCH1	ENSG00000185920	hsa-miR-1252-3p	MIMAT0026744	0.974824700393915
1078	C6orf62	ENSG00000112308	hsa-miR-1911-5p	MIMAT0007885	0.974775846952118
1079	POU2F1	ENSG00000143190	hsa-miR-7157-3p	MIMAT0028225	0.974703489719819
1080	CAMK4	ENSG00000152495	hsa-miR-1252-3p	MIMAT0026744	0.974694665958113
1081	HEBP2	ENSG00000051620	hsa-miR-6783-5p	MIMAT0027466	0.974631097209306
1082	DCDC2	ENSG00000146038	hsa-miR-4465	MIMAT0018992	0.974620492734972
1083	ANKRD20A3P	ENSG00000276203	hsa-miR-5008-5p	MIMAT0021039	0.974616404253128
1084	ROR1	ENSG00000185483	hsa-miR-1252-3p	MIMAT0026744	0.97461612140201
1085	NR0B1	ENSG00000169297	hsa-miR-21-5p	MIMAT0000076	0.974541846159582
1086	IQANK1	ENSG00000203499	hsa-miR-4695-5p	MIMAT0019788	0.974519707756204
1087	CCL20	ENSG00000115009	hsa-miR-21-5p	MIMAT0000076	0.974514156970584
1088	TUT7	ENSG00000083223	hsa-miR-6758-5p	MIMAT0027416	0.974492120035228
1089	CXXC5	ENSG00000171604	hsa-miR-7157-3p	MIMAT0028225	0.974457304988508
1090	JADE1	ENSG00000077684	hsa-miR-1252-3p	MIMAT0026744	0.974456094244757
1091	KLHL14	ENSG00000197705	hsa-miR-7855-5p	MIMAT0030430	0.974436427140568
1092	FOSL2	ENSG00000075426	hsa-miR-6127	MIMAT0024610	0.974390202263267
1093	HSPB7	ENSG00000173641	hsa-miR-6783-5p	MIMAT0027466	0.97438940449451
1094	PRB1	ENSG00000251655	hsa-miR-765	MIMAT0003945	0.974386588462356
1095	ZNF280C	ENSG00000056277	hsa-miR-4687-3p	MIMAT0019775	0.974375421685046
1096	TOB1	ENSG00000141232	hsa-miR-4465	MIMAT0018992	0.974372312992008
1097	GTPBP1	ENSG00000100226	hsa-miR-4446-3p	MIMAT0018965	0.974368634145462
1098	SPDYE1	ENSG00000136206	hsa-miR-6783-5p	MIMAT0027466	0.974342735000913
1099	ZNF3	ENSG00000166526	hsa-miR-92a-1-5p	MIMAT0004507	0.974340931924838
1100	COIL	ENSG00000121058	hsa-miR-4458	MIMAT0018980	0.974275949769627
1101	LRRC40	ENSG00000066557	hsa-miR-224-5p	MIMAT0000281	0.974184393477158
1102	SPRYD3	ENSG00000167778	hsa-miR-6783-5p	MIMAT0027466	0.974181289139685
1103	TTN	ENSG00000155657	hsa-miR-3682-5p	MIMAT0019222	0.974178429257564
1104	GRIN1	ENSG00000176884	hsa-miR-765	MIMAT0003945	0.974165701862411
1105	KLK13	ENSG00000167759	hsa-miR-92a-1-5p	MIMAT0004507	0.974131617774524
1106	AP1G1	ENSG00000166747	hsa-miR-765	MIMAT0003945	0.974110993080735
1107	NLRC3	ENSG00000167984	hsa-miR-4685-5p	MIMAT0019771	0.974104297384536
1108	PRPF4B	ENSG00000112739	hsa-miR-1252-3p	MIMAT0026744	0.974088417006922
1109	FRMPD4	ENSG00000169933	hsa-miR-7855-5p	MIMAT0030430	0.974039906171715
1110	GALNT1	ENSG00000141429	hsa-miR-4458	MIMAT0018980	0.974024036356435
1111	PARD6B	ENSG00000124171	hsa-miR-4458	MIMAT0018980	0.973979654501153
1112	ADGRL2	ENSG00000117114	hsa-miR-4695-5p	MIMAT0019788	0.973933038781108
1113	BCAM	ENSG00000187244	hsa-miR-92a-1-5p	MIMAT0004507	0.973900659929966
1114	WDR47	ENSG00000085433	hsa-miR-7157-3p	MIMAT0028225	0.973892118632067
1115	KDM5C	ENSG00000126012	hsa-miR-765	MIMAT0003945	0.973886165204842
1116	EPS15	ENSG00000085832	hsa-miR-7157-3p	MIMAT0028225	0.973848259308975
1117	ANK3	ENSG00000151150	hsa-miR-661	MIMAT0003324	0.973830358402229
1118	CD34	ENSG00000174059	hsa-miR-765	MIMAT0003945	0.973697338269026
1119	BACH2	ENSG00000112182	hsa-miR-1252-3p	MIMAT0026744	0.973659059838285
1120	KDM6A	ENSG00000147050	hsa-miR-224-5p	MIMAT0000281	0.97363953064246
1121	CADM1	ENSG00000182985	hsa-miR-6758-5p	MIMAT0027416	0.973630278033858
1122	ZNF512	ENSG00000243943	hsa-miR-765	MIMAT0003945	0.973577769508306
1123	SOGA1	ENSG00000149639	hsa-miR-4685-5p	MIMAT0019771	0.973562501704916
1124	TEAD1	ENSG00000187079	hsa-miR-940	MIMAT0004983	0.973553888511599
1125	DTX1	ENSG00000135144	hsa-miR-765	MIMAT0003945	0.973533359153823
1126	APTX	ENSG00000137074	hsa-miR-661	MIMAT0003324	0.973515990436977
1127	GOLPH3	ENSG00000113384	hsa-miR-183-5p	MIMAT0000261	0.973466192725541
1128	TNRC6B	ENSG00000100354	hsa-miR-661	MIMAT0003324	0.97346207686989
1129	GDF6	ENSG00000156466	hsa-miR-4458	MIMAT0018980	0.973432337608506
1130	ARSH	ENSG00000205667	hsa-miR-661	MIMAT0003324	0.97343164396793
1131	KCNC4	ENSG00000116396	hsa-miR-661	MIMAT0003324	0.973404067151813
1132	PUM2	ENSG00000055917	hsa-miR-7157-3p	MIMAT0028225	0.973371512344644
1133	TNRC6A	ENSG00000090905	hsa-miR-4465	MIMAT0018992	0.973333469231404
1134	KCNJ6	ENSG00000157542	hsa-miR-1252-3p	MIMAT0026744	0.973326231599599
1135	AC067968.1	ENSG00000267022	hsa-miR-5008-5p	MIMAT0021039	0.973317690337927
1136	CSTF2	ENSG00000101811	hsa-miR-224-5p	MIMAT0000281	0.973279634289832
1137	ZNF706	ENSG00000120963	hsa-miR-1252-3p	MIMAT0026744	0.973274921383591
1138	PRKCE	ENSG00000171132	hsa-miR-7157-3p	MIMAT0028225	0.973274891258883
1139	SMG1	ENSG00000157106	hsa-miR-4695-5p	MIMAT0019788	0.973264435246087
1140	ATP10A	ENSG00000206190	hsa-miR-7157-3p	MIMAT0028225	0.973237399757237
1141	CNKSR3	ENSG00000153721	hsa-miR-21-5p	MIMAT0000076	0.973203169153854
1142	DIAPH2	ENSG00000147202	hsa-miR-4458	MIMAT0018980	0.973184478255626
1143	PGBD2	ENSG00000185220	hsa-miR-224-5p	MIMAT0000281	0.973168373698647
1144	SHROOM4	ENSG00000158352	hsa-miR-4685-5p	MIMAT0019771	0.973153705499727
1145	INPP4B	ENSG00000109452	hsa-miR-1252-3p	MIMAT0026744	0.973153499406845
1146	TEX2	ENSG00000136478	hsa-miR-765	MIMAT0003945	0.973126981302639
1147	OR4F17	ENSG00000176695	hsa-miR-224-5p	MIMAT0000281	0.97312276524607
1148	CAMKMT	ENSG00000143919	hsa-miR-6127	MIMAT0024610	0.973111017754692
1149	MCTP2	ENSG00000140563	hsa-miR-1252-3p	MIMAT0026744	0.973088752143721
1150	AUP1	ENSG00000115307	hsa-miR-4446-3p	MIMAT0018965	0.973063793859963
1151	FO393400.1	ENSG00000285382	hsa-miR-657	MIMAT0003335	0.97300161144398
1152	ANKRD44	ENSG00000065413	hsa-miR-6758-5p	MIMAT0027416	0.972956773356646
1153	CLIP2	ENSG00000106665	hsa-miR-4687-3p	MIMAT0019775	0.972947271140777
1154	ERBB4	ENSG00000178568	hsa-miR-765	MIMAT0003945	0.972915035972173
1155	HOXB1	ENSG00000120094	hsa-miR-4695-5p	MIMAT0019788	0.972902877901548
1156	BMT2	ENSG00000164603	hsa-miR-1252-3p	MIMAT0026744	0.972892906308459
1157	RIMS4	ENSG00000101098	hsa-miR-4695-5p	MIMAT0019788	0.972885237451793
1158	JMJD6	ENSG00000070495	hsa-miR-765	MIMAT0003945	0.972883314851402
1159	NHLRC2	ENSG00000196865	hsa-miR-6758-5p	MIMAT0027416	0.972862227103506
1160	PRRG1	ENSG00000130962	hsa-miR-7855-5p	MIMAT0030430	0.972825186141331
1161	IQSEC2	ENSG00000124313	hsa-miR-4446-3p	MIMAT0018965	0.972822856963663
1162	KCTD1	ENSG00000134504	hsa-miR-4687-3p	MIMAT0019775	0.972770891204652
1163	IPO4	ENSG00000196497	hsa-miR-4685-5p	MIMAT0019771	0.972762104666751
1164	CPM	ENSG00000135678	hsa-miR-4458	MIMAT0018980	0.972760402283879
1165	RNF130	ENSG00000113269	hsa-miR-7157-3p	MIMAT0028225	0.972738848002597
1166	KIF1C	ENSG00000129250	hsa-miR-661	MIMAT0003324	0.972735352480446
1167	DLAT	ENSG00000150768	hsa-miR-4685-5p	MIMAT0019771	0.97272374118707
1168	BICRAL	ENSG00000112624	hsa-miR-4687-3p	MIMAT0019775	0.972697603779957
1169	MAMLD1	ENSG00000013619	hsa-miR-4687-3p	MIMAT0019775	0.972628093419548
1170	DCN	ENSG00000011465	hsa-miR-224-5p	MIMAT0000281	0.972563283658786
1171	NFAT5	ENSG00000102908	hsa-miR-4458	MIMAT0018980	0.972521313549122
1172	SRP72	ENSG00000174780	hsa-miR-7157-3p	MIMAT0028225	0.972514894519354
1173	GTPBP1	ENSG00000100226	hsa-miR-765	MIMAT0003945	0.972477097654818
1174	KCNC4	ENSG00000116396	hsa-miR-765	MIMAT0003945	0.972470543843932
1175	EPHA3	ENSG00000044524	hsa-miR-6783-5p	MIMAT0027466	0.972456965575796
1176	STX7	ENSG00000079950	hsa-miR-1252-3p	MIMAT0026744	0.972431217304321
1177	PTCH1	ENSG00000185920	hsa-miR-6758-5p	MIMAT0027416	0.972382804431425
1178	ANP32A	ENSG00000140350	hsa-miR-6783-5p	MIMAT0027466	0.972325391132667
1179	ANKRD18B	ENSG00000230453	hsa-miR-4687-3p	MIMAT0019775	0.972307739345001
1180	ATAD2B	ENSG00000119778	hsa-miR-224-5p	MIMAT0000281	0.972298603615208
1181	TCF4	ENSG00000196628	hsa-miR-1252-3p	MIMAT0026744	0.972278390848657
1182	AC069544.2	ENSG00000284024	hsa-miR-4695-5p	MIMAT0019788	0.972262039235015
1183	STYX	ENSG00000198252	hsa-miR-4465	MIMAT0018992	0.97222553485067
1184	ELAPOR1	ENSG00000116299	hsa-miR-4695-5p	MIMAT0019788	0.972215321924325
1185	KLF3	ENSG00000109787	hsa-miR-21-5p	MIMAT0000076	0.972182235645907
1186	ARMCX1	ENSG00000126947	hsa-miR-21-5p	MIMAT0000076	0.972165356097681
1187	TSTD2	ENSG00000136925	hsa-miR-7157-3p	MIMAT0028225	0.97215521271084
1188	LHX9	ENSG00000143355	hsa-miR-6783-5p	MIMAT0027466	0.97212549169166
1189	AP2B1	ENSG00000006125	hsa-miR-6783-5p	MIMAT0027466	0.972064355401659
1190	TMEM106B	ENSG00000106460	hsa-miR-1252-3p	MIMAT0026744	0.972052285726084
1191	MIER1	ENSG00000198160	hsa-miR-1252-3p	MIMAT0026744	0.972048730002975
1192	NETO1	ENSG00000166342	hsa-miR-625-3p	MIMAT0004808	0.972038601633178
1193	GRIN2B	ENSG00000273079	hsa-miR-4695-5p	MIMAT0019788	0.972021961923958
1194	IGSF11	ENSG00000144847	hsa-miR-6127	MIMAT0024610	0.971969941248754
1195	CCDC171	ENSG00000164989	hsa-miR-1252-3p	MIMAT0026744	0.971928483293097
1196	ZBTB20	ENSG00000181722	hsa-miR-6783-5p	MIMAT0027466	0.971891160755686
1197	FXR2	ENSG00000129245	hsa-miR-130a-5p	MIMAT0004593	0.971876148676454
1198	STBD1	ENSG00000118804	hsa-miR-765	MIMAT0003945	0.971874823035825
1199	SNAI3	ENSG00000185669	hsa-miR-661	MIMAT0003324	0.971854163764904
1200	C12orf66	ENSG00000174206	hsa-miR-6783-5p	MIMAT0027466	0.971843981913672
1201	CELF1	ENSG00000149187	hsa-miR-7157-3p	MIMAT0028225	0.971811370213384
1202	PCBD2	ENSG00000132570	hsa-miR-7157-3p	MIMAT0028225	0.97176587793849
1203	AP5M1	ENSG00000053770	hsa-miR-4687-3p	MIMAT0019775	0.971764569527523
1204	ERVFRD-1	ENSG00000244476	hsa-miR-6758-5p	MIMAT0027416	0.971757260448873
1205	HEMK1	ENSG00000114735	hsa-miR-661	MIMAT0003324	0.971743181233846
1206	AC010616.1	ENSG00000285505	hsa-miR-5008-5p	MIMAT0021039	0.971738333699241
1207	CHIC1	ENSG00000204116	hsa-miR-940	MIMAT0004983	0.971634950185463
1208	PAFAH1B1	ENSG00000007168	hsa-miR-3682-5p	MIMAT0019222	0.971631008174926
1209	SPRED1	ENSG00000166068	hsa-miR-7157-3p	MIMAT0028225	0.971612540432744
1210	C2orf50	ENSG00000150873	hsa-miR-5008-5p	MIMAT0021039	0.97160455851317
1211	OSBPL11	ENSG00000144909	hsa-miR-224-5p	MIMAT0000281	0.971583793577912
1212	MSI2	ENSG00000153944	hsa-miR-661	MIMAT0003324	0.971564018207641
1213	DDX5	ENSG00000108654	hsa-miR-6127	MIMAT0024610	0.971557341493967
1214	ZSWIM6	ENSG00000130449	hsa-miR-4465	MIMAT0018992	0.971545502166552
1215	IMMP2L	ENSG00000184903	hsa-miR-6783-5p	MIMAT0027466	0.971458307170738
1216	SUCO	ENSG00000094975	hsa-miR-183-5p	MIMAT0000261	0.97145165853726
1217	KAT6A	ENSG00000083168	hsa-miR-130a-5p	MIMAT0004593	0.971451413283777
1218	CDH13	ENSG00000140945	hsa-miR-6127	MIMAT0024610	0.971443668961528
1219	CRYBB1	ENSG00000100122	hsa-miR-661	MIMAT0003324	0.971423422705595
1220	SLC9A9	ENSG00000181804	hsa-miR-6758-5p	MIMAT0027416	0.97141267895795
1221	USP36	ENSG00000055483	hsa-miR-765	MIMAT0003945	0.971405892609084
1222	IQUB	ENSG00000164675	hsa-miR-4687-3p	MIMAT0019775	0.97139127881523
1223	E2F4	ENSG00000205250	hsa-miR-6822-3p	MIMAT0027545	0.971361506360167
1224	OR5M1	ENSG00000255012	hsa-miR-7157-3p	MIMAT0028225	0.97133151616922
1225	TAF10	ENSG00000166337	hsa-miR-661	MIMAT0003324	0.971323492522605
1226	WASF2	ENSG00000158195	hsa-miR-940	MIMAT0004983	0.971303591888777
1227	SLC17A7	ENSG00000104888	hsa-miR-6783-5p	MIMAT0027466	0.971274803364397
1228	WIPF3	ENSG00000122574	hsa-miR-765	MIMAT0003945	0.971245159750571
1229	SLC44A1	ENSG00000070214	hsa-miR-1252-3p	MIMAT0026744	0.971191721550788
1230	SLX1A	ENSG00000132207	hsa-miR-4465	MIMAT0018992	0.97118130524895
1231	LRRC15	ENSG00000172061	hsa-miR-4685-5p	MIMAT0019771	0.971177838553611
1232	ATAD2B	ENSG00000119778	hsa-miR-4465	MIMAT0018992	0.971175944183309
1233	EPC2	ENSG00000135999	hsa-miR-4465	MIMAT0018992	0.971066092127181
1234	ABCD3	ENSG00000117528	hsa-miR-940	MIMAT0004983	0.971004839385369
1235	CUL4B	ENSG00000158290	hsa-miR-130a-5p	MIMAT0004593	0.9710036438882
1236	CTDSP1	ENSG00000144579	hsa-miR-940	MIMAT0004983	0.970998022580684
1237	FAM155A	ENSG00000204442	hsa-miR-6783-5p	MIMAT0027466	0.970994543280982
1238	PTPN4	ENSG00000088179	hsa-miR-1252-3p	MIMAT0026744	0.970958841620829
1239	BVES	ENSG00000112276	hsa-miR-6822-3p	MIMAT0027545	0.970946494134061
1240	ARFGEF3	ENSG00000112379	hsa-miR-1252-3p	MIMAT0026744	0.970934593913596
1241	A1CF	ENSG00000148584	hsa-miR-183-5p	MIMAT0000261	0.970914028081285
1242	FAM43B	ENSG00000183114	hsa-miR-4446-3p	MIMAT0018965	0.970742094542396
1243	RNF152	ENSG00000176641	hsa-miR-1252-3p	MIMAT0026744	0.970738762403888
1244	LRP12	ENSG00000147650	hsa-miR-1252-3p	MIMAT0026744	0.970712135302559
1245	SORCS2	ENSG00000184985	hsa-miR-6783-5p	MIMAT0027466	0.970711198211468
1246	CBFB	ENSG00000067955	hsa-miR-7157-3p	MIMAT0028225	0.97070927990858
1247	TET3	ENSG00000187605	hsa-miR-4465	MIMAT0018992	0.97070392425175
1248	KMT2E	ENSG00000005483	hsa-miR-1252-3p	MIMAT0026744	0.970672394364849
1249	AC020907.6	ENSG00000285526	hsa-miR-765	MIMAT0003945	0.970671287127999
1250	HGF	ENSG00000019991	hsa-miR-4465	MIMAT0018992	0.970599007650878
1251	PDE7A	ENSG00000205268	hsa-miR-4687-3p	MIMAT0019775	0.970542692033645
1252	MSL1	ENSG00000188895	hsa-miR-6783-5p	MIMAT0027466	0.970527928098546
1253	SLC5A3	ENSG00000198743	hsa-miR-1252-3p	MIMAT0026744	0.970468150247584
1254	TTC39C	ENSG00000168234	hsa-miR-7157-3p	MIMAT0028225	0.970461962252289
1255	EPC1	ENSG00000120616	hsa-miR-4465	MIMAT0018992	0.970399103095192
1256	NFATC2	ENSG00000101096	hsa-miR-4804-5p	MIMAT0019984	0.970393084378125
1257	LMAN2L	ENSG00000114988	hsa-miR-6783-5p	MIMAT0027466	0.970313576774722
1258	NHSL2	ENSG00000204131	hsa-miR-4695-5p	MIMAT0019788	0.970293391117615
1259	TNRC6B	ENSG00000100354	hsa-miR-224-5p	MIMAT0000281	0.970281898083927
1260	ADRA1D	ENSG00000171873	hsa-miR-6783-5p	MIMAT0027466	0.970248109690077
1261	TRPC4	ENSG00000133107	hsa-miR-6127	MIMAT0024610	0.970223523369922
1262	WDTC1	ENSG00000142784	hsa-miR-6783-5p	MIMAT0027466	0.97022057533852
1263	TRIM24	ENSG00000122779	hsa-miR-183-5p	MIMAT0000261	0.970204988177905
1264	FHL2	ENSG00000115641	hsa-miR-661	MIMAT0003324	0.970202238455674
1265	RBM12	ENSG00000244462	hsa-miR-1252-3p	MIMAT0026744	0.970182370532233
1266	KIAA1958	ENSG00000165185	hsa-miR-7157-3p	MIMAT0028225	0.970182295639425
1267	GABPB2	ENSG00000143458	hsa-miR-183-5p	MIMAT0000261	0.970166995410873
1268	SMAD2	ENSG00000175387	hsa-miR-661	MIMAT0003324	0.970158503063434
1269	MEX3B	ENSG00000183496	hsa-miR-4465	MIMAT0018992	0.970151570214454
1270	CCDC85C	ENSG00000205476	hsa-miR-940	MIMAT0004983	0.97013419290172
1271	FIGN	ENSG00000182263	hsa-miR-1252-3p	MIMAT0026744	0.970127915879003
1272	EMSY	ENSG00000158636	hsa-miR-183-5p	MIMAT0000261	0.970083192813687
1273	DEDD2	ENSG00000160570	hsa-miR-4685-5p	MIMAT0019771	0.97008021652166
1274	CIITA	ENSG00000179583	hsa-miR-661	MIMAT0003324	0.970052713805223
1275	LNPEP	ENSG00000113441	hsa-miR-1252-3p	MIMAT0026744	0.970052642102242
1276	PRTG	ENSG00000166450	hsa-miR-940	MIMAT0004983	0.970040529636552
1277	CST1	ENSG00000170373	hsa-miR-4685-5p	MIMAT0019771	0.970012158287829
1278	RFX3	ENSG00000080298	hsa-miR-224-5p	MIMAT0000281	0.970008828686333
1279	MANBA	ENSG00000109323	hsa-miR-661	MIMAT0003324	0.969984178163047
1280	RSPO2	ENSG00000147655	hsa-miR-4458	MIMAT0018980	0.969922556836632
1281	NEDD9	ENSG00000111859	hsa-miR-661	MIMAT0003324	0.969835940307304
1282	XPO4	ENSG00000132953	hsa-miR-224-5p	MIMAT0000281	0.969822605133914
1283	RMND5B	ENSG00000145916	hsa-miR-5008-5p	MIMAT0021039	0.969792075933175
1284	HSPH1	ENSG00000120694	hsa-miR-1252-3p	MIMAT0026744	0.969760081449495
1285	NKAIN2	ENSG00000188580	hsa-miR-4695-5p	MIMAT0019788	0.969745181342726
1286	UBN2	ENSG00000157741	hsa-miR-4465	MIMAT0018992	0.969726293574213
1287	TTN	ENSG00000155657	hsa-miR-7157-3p	MIMAT0028225	0.969723570071325
1288	SLX1B	ENSG00000181625	hsa-miR-4465	MIMAT0018992	0.969702457927169
1289	CSDE1	ENSG00000009307	hsa-miR-8056	MIMAT0030983	0.969685223705325
1290	KCNK2	ENSG00000082482	hsa-miR-6758-5p	MIMAT0027416	0.969682133034538
1291	TRIM5	ENSG00000132256	hsa-miR-1252-3p	MIMAT0026744	0.969672841471526
1292	DPP8	ENSG00000074603	hsa-miR-1252-3p	MIMAT0026744	0.969647150036754
1293	ZNF618	ENSG00000157657	hsa-miR-4687-3p	MIMAT0019775	0.969622097711507
1294	REEP3	ENSG00000165476	hsa-miR-4465	MIMAT0018992	0.969615853417842
1295	KIAA0319L	ENSG00000142687	hsa-miR-5008-5p	MIMAT0021039	0.969613774323442
1296	ZMIZ1	ENSG00000108175	hsa-miR-1252-3p	MIMAT0026744	0.96960077200402
1297	CELF6	ENSG00000140488	hsa-miR-183-5p	MIMAT0000261	0.969598685892524
1298	RIMS1	ENSG00000079841	hsa-miR-224-5p	MIMAT0000281	0.969581995376131
1299	RFX3	ENSG00000080298	hsa-miR-183-5p	MIMAT0000261	0.969581642840015
1300	XYLB	ENSG00000093217	hsa-miR-6127	MIMAT0024610	0.969566315188882
1301	NR3C2	ENSG00000151623	hsa-miR-940	MIMAT0004983	0.969552177773369
1302	ATOH8	ENSG00000168874	hsa-miR-661	MIMAT0003324	0.969519305012447
1303	FAAP20	ENSG00000162585	hsa-miR-7157-3p	MIMAT0028225	0.969504318532602
1304	C19orf84	ENSG00000262874	hsa-miR-4685-5p	MIMAT0019771	0.969499444824581
1305	RNF138	ENSG00000134758	hsa-miR-183-5p	MIMAT0000261	0.969454368130693
1306	MALT1	ENSG00000172175	hsa-miR-21-5p	MIMAT0000076	0.969446583790412
1307	ADAM23	ENSG00000114948	hsa-miR-4465	MIMAT0018992	0.96943117480139
1308	ACSL3	ENSG00000123983	hsa-miR-4465	MIMAT0018992	0.969422047951941
1309	CSRNP2	ENSG00000110925	hsa-miR-6783-5p	MIMAT0027466	0.969421591038551
1310	NCAM2	ENSG00000154654	hsa-miR-1252-3p	MIMAT0026744	0.969420849957148
1311	MORC4	ENSG00000133131	hsa-miR-940	MIMAT0004983	0.969413490595823
1312	ABCB10	ENSG00000135776	hsa-miR-183-5p	MIMAT0000261	0.969383074624652
1313	NXNL2	ENSG00000130045	hsa-miR-4687-3p	MIMAT0019775	0.969374409305806
1314	EVI5	ENSG00000067208	hsa-miR-940	MIMAT0004983	0.96936309063886
1315	SIX6	ENSG00000184302	hsa-miR-5008-5p	MIMAT0021039	0.969321612393515
1316	OR56B2P	ENSG00000181017	hsa-miR-3682-5p	MIMAT0019222	0.969248674823505
1317	PDE4A	ENSG00000065989	hsa-miR-765	MIMAT0003945	0.969238357031134
1318	HIP1	ENSG00000127946	hsa-miR-6127	MIMAT0024610	0.969178839575259
1319	ARIH1	ENSG00000166233	hsa-miR-940	MIMAT0004983	0.969152634155906
1320	HEMK1	ENSG00000114735	hsa-miR-4685-5p	MIMAT0019771	0.969110427314982
1321	NKTR	ENSG00000114857	hsa-miR-130a-5p	MIMAT0004593	0.969082595230002
1322	CNRIP1	ENSG00000119865	hsa-miR-4685-5p	MIMAT0019771	0.96908108539053
1323	LAGE3	ENSG00000196976	hsa-miR-5008-5p	MIMAT0021039	0.969063321824605
1324	UNC5B	ENSG00000107731	hsa-miR-765	MIMAT0003945	0.969030743480144
1325	CLCN5	ENSG00000171365	hsa-miR-4458	MIMAT0018980	0.9690051033208
1326	PABPN1	ENSG00000100836	hsa-miR-4292	MIMAT0016919	0.968982661920443
1327	SETD1B	ENSG00000139718	hsa-miR-6127	MIMAT0024610	0.968979816666044
1328	PEX26	ENSG00000215193	hsa-miR-940	MIMAT0004983	0.968969621300801
1329	TP53TG3D	ENSG00000205456	hsa-miR-4685-5p	MIMAT0019771	0.968963505276798
1330	ZFAND5	ENSG00000107372	hsa-miR-7157-3p	MIMAT0028225	0.968960657154767
1331	PDK3	ENSG00000067992	hsa-miR-1252-3p	MIMAT0026744	0.968958156425074
1332	RNF38	ENSG00000137075	hsa-miR-1252-3p	MIMAT0026744	0.968942744609095
1333	GJC1	ENSG00000182963	hsa-miR-661	MIMAT0003324	0.968936696132364
1334	NRBP2	ENSG00000185189	hsa-miR-765	MIMAT0003945	0.968909949485011
1335	SYT1	ENSG00000067715	hsa-miR-183-5p	MIMAT0000261	0.968887842846974
1336	DMTF1	ENSG00000135164	hsa-miR-7157-3p	MIMAT0028225	0.968819013636281
1337	DNAJB2	ENSG00000135924	hsa-miR-765	MIMAT0003945	0.968818657323093
1338	AGAP1	ENSG00000157985	hsa-miR-6758-5p	MIMAT0027416	0.968780397817463
1339	ARIH1	ENSG00000166233	hsa-miR-6127	MIMAT0024610	0.968760205215815
1340	CIBAR1	ENSG00000188343	hsa-miR-224-5p	MIMAT0000281	0.96874063722397
1341	HIPK3	ENSG00000110422	hsa-miR-21-5p	MIMAT0000076	0.968731219971663
1342	IPO11	ENSG00000086200	hsa-miR-5008-5p	MIMAT0021039	0.968722262561624
1343	PRLR	ENSG00000113494	hsa-miR-7157-3p	MIMAT0028225	0.968704010412118
1344	ZDHHC2	ENSG00000104219	hsa-miR-4685-5p	MIMAT0019771	0.968696302492111
1345	CHD7	ENSG00000171316	hsa-miR-6127	MIMAT0024610	0.968684223744126
1346	CASP14	ENSG00000105141	hsa-miR-6758-5p	MIMAT0027416	0.968667286601655
1347	KRR1	ENSG00000111615	hsa-miR-6758-5p	MIMAT0027416	0.968633224400135
1348	TPT1	ENSG00000133112	hsa-miR-1252-3p	MIMAT0026744	0.968629239357972
1349	OTULIN	ENSG00000154124	hsa-miR-6783-5p	MIMAT0027466	0.968497553901407
1350	BCL2L15	ENSG00000188761	hsa-miR-4695-5p	MIMAT0019788	0.968309035077112
1351	KCTD12	ENSG00000178695	hsa-miR-224-5p	MIMAT0000281	0.9683043588477
1352	NDN	ENSG00000182636	hsa-miR-6783-5p	MIMAT0027466	0.968286198739059
1353	IREB2	ENSG00000136381	hsa-miR-6783-5p	MIMAT0027466	0.968274560442967
1354	LRRN1	ENSG00000175928	hsa-miR-1252-3p	MIMAT0026744	0.968264287631662
1355	THRAP3	ENSG00000054118	hsa-miR-6783-5p	MIMAT0027466	0.968233985687802
1356	FBXO42	ENSG00000037637	hsa-miR-6783-5p	MIMAT0027466	0.968222555987784
1357	LGR4	ENSG00000205213	hsa-miR-224-5p	MIMAT0000281	0.968171421455644
1358	TMEM135	ENSG00000166575	hsa-miR-1252-3p	MIMAT0026744	0.968097288155732
1359	Z83844.1	ENSG00000100101	hsa-miR-4685-5p	MIMAT0019771	0.968086241820888
1360	CEP350	ENSG00000135837	hsa-miR-7157-3p	MIMAT0028225	0.967956174364876
1361	UBE2H	ENSG00000186591	hsa-miR-4695-5p	MIMAT0019788	0.96794026810498
1362	TMEM167A	ENSG00000174695	hsa-miR-4458	MIMAT0018980	0.967916528909893
1363	ATP6V1B2	ENSG00000147416	hsa-miR-6127	MIMAT0024610	0.967896922389733
1364	LSM6	ENSG00000164167	hsa-miR-1252-3p	MIMAT0026744	0.967886003499004
1365	ZNF280B	ENSG00000275004	hsa-miR-4458	MIMAT0018980	0.967878766780687
1366	FBXO41	ENSG00000163013	hsa-miR-661	MIMAT0003324	0.967848191372819
1367	WWC3	ENSG00000047644	hsa-miR-657	MIMAT0003335	0.967843065253722
1368	LRCOL1	ENSG00000204583	hsa-miR-661	MIMAT0003324	0.967810596272002
1369	FMNL3	ENSG00000161791	hsa-miR-765	MIMAT0003945	0.967756787567647
1370	CLIC4	ENSG00000169504	hsa-miR-6783-5p	MIMAT0027466	0.967734050266277
1371	PHF13	ENSG00000116273	hsa-miR-4687-3p	MIMAT0019775	0.967681814100475
1372	KYNU	ENSG00000115919	hsa-miR-6758-5p	MIMAT0027416	0.967680510458387
1373	GALNT13	ENSG00000144278	hsa-miR-940	MIMAT0004983	0.96763466940143
1374	AP2B1	ENSG00000006125	hsa-miR-1252-3p	MIMAT0026744	0.967608616481397
1375	DDX55	ENSG00000111364	hsa-miR-4695-5p	MIMAT0019788	0.967602491218243
1376	MASP1	ENSG00000127241	hsa-miR-4458	MIMAT0018980	0.967592197151171
1377	PLA2G4D	ENSG00000159337	hsa-miR-4695-5p	MIMAT0019788	0.967582864485492
1378	GOLGA6L6	ENSG00000277322	hsa-miR-6127	MIMAT0024610	0.967580557176693
1379	SRGAP1	ENSG00000196935	hsa-miR-4465	MIMAT0018992	0.967538545982503
1380	EXPH5	ENSG00000110723	hsa-miR-765	MIMAT0003945	0.967535453668255
1381	PEX19	ENSG00000162735	hsa-miR-6758-5p	MIMAT0027416	0.967521640060772
1382	C11orf87	ENSG00000185742	hsa-miR-765	MIMAT0003945	0.967517096221627
1383	DRP2	ENSG00000102385	hsa-miR-661	MIMAT0003324	0.967432925159306
1384	GOLM2	ENSG00000166734	hsa-miR-940	MIMAT0004983	0.967418417237885
1385	SMCO4	ENSG00000166002	hsa-miR-183-5p	MIMAT0000261	0.96741603880485
1386	NEBL	ENSG00000078114	hsa-miR-1252-3p	MIMAT0026744	0.967388544483622
1387	MAP1B	ENSG00000131711	hsa-miR-1252-3p	MIMAT0026744	0.967359414722632
1388	YWHAG	ENSG00000170027	hsa-miR-765	MIMAT0003945	0.967318400182977
1389	GNB4	ENSG00000114450	hsa-miR-1911-5p	MIMAT0007885	0.967258239933761
1390	HMMR	ENSG00000072571	hsa-miR-6758-5p	MIMAT0027416	0.967256575281123
1391	OLFML1	ENSG00000183801	hsa-miR-4695-5p	MIMAT0019788	0.967235892078717
1392	PLEKHG5	ENSG00000171680	hsa-miR-4695-5p	MIMAT0019788	0.967235825044052
1393	MAPK8IP3	ENSG00000138834	hsa-miR-7157-3p	MIMAT0028225	0.967222153249771
1394	GPC6	ENSG00000183098	hsa-miR-1252-3p	MIMAT0026744	0.967218731541281
1395	XKR7	ENSG00000260903	hsa-miR-6127	MIMAT0024610	0.967204807958014
1396	ENKUR	ENSG00000151023	hsa-miR-1911-5p	MIMAT0007885	0.967196731446211
1397	RGS6	ENSG00000182732	hsa-miR-224-5p	MIMAT0000281	0.967175755285124
1398	GTDC1	ENSG00000121964	hsa-miR-1252-3p	MIMAT0026744	0.967159055153131
1399	DDX6	ENSG00000110367	hsa-miR-7157-3p	MIMAT0028225	0.967157707802136
1400	ZFC3H1	ENSG00000133858	hsa-miR-6822-3p	MIMAT0027545	0.967156381616506
1401	FLRT2	ENSG00000185070	hsa-miR-4465	MIMAT0018992	0.967119036936498
1402	PPP2R2B	ENSG00000156475	hsa-miR-1252-3p	MIMAT0026744	0.96706661942763
1403	GRIN2B	ENSG00000273079	hsa-miR-130a-5p	MIMAT0004593	0.967052257200187
1404	NUP58	ENSG00000139496	hsa-miR-4695-5p	MIMAT0019788	0.96698228815561
1405	BTBD9	ENSG00000183826	hsa-miR-661	MIMAT0003324	0.966964589837184
1406	THAP9	ENSG00000168152	hsa-miR-224-5p	MIMAT0000281	0.966963145260152
1407	PTAR1	ENSG00000188647	hsa-miR-1252-3p	MIMAT0026744	0.966933593027811
1408	MPP3	ENSG00000161647	hsa-miR-6127	MIMAT0024610	0.966905593094156
1409	CREG2	ENSG00000175874	hsa-miR-6758-5p	MIMAT0027416	0.966892472078729
1410	CCNI	ENSG00000118816	hsa-miR-7855-5p	MIMAT0030430	0.966881679397406
1411	BOLA2-SMG1P6	ENSG00000261740	hsa-miR-4687-3p	MIMAT0019775	0.966846496377227
1412	NBEA	ENSG00000172915	hsa-miR-4292	MIMAT0016919	0.966840812485956
1413	OR2M3	ENSG00000228198	hsa-miR-1252-3p	MIMAT0026744	0.966819436647834
1414	FGF14	ENSG00000102466	hsa-miR-1252-3p	MIMAT0026744	0.966755444012105
1415	CLSTN2	ENSG00000158258	hsa-miR-765	MIMAT0003945	0.96673452237632
1416	SERP1	ENSG00000120742	hsa-miR-183-5p	MIMAT0000261	0.96671496061787
1417	SENP5	ENSG00000119231	hsa-miR-4465	MIMAT0018992	0.966644039651272
1418	CAPN6	ENSG00000077274	hsa-miR-765	MIMAT0003945	0.966578952478802
1419	FRAT2	ENSG00000181274	hsa-miR-4465	MIMAT0018992	0.966565265939702
1420	DCUN1D3	ENSG00000188215	hsa-miR-224-5p	MIMAT0000281	0.966559520103239
1421	LEMD2	ENSG00000161904	hsa-miR-6127	MIMAT0024610	0.966541183280198
1422	DCUN1D3	ENSG00000188215	hsa-miR-4465	MIMAT0018992	0.966535036799357
1423	GRIN2B	ENSG00000273079	hsa-miR-1252-3p	MIMAT0026744	0.966509992886351
1424	CLDN8	ENSG00000156284	hsa-miR-21-5p	MIMAT0000076	0.966504471448992
1425	KIF21A	ENSG00000139116	hsa-miR-6783-5p	MIMAT0027466	0.966496504678233
1426	PCLAF	ENSG00000166803	hsa-miR-183-5p	MIMAT0000261	0.966479080838763
1427	HIF3A	ENSG00000124440	hsa-miR-7855-5p	MIMAT0030430	0.966470203845655
1428	AC007192.1	ENSG00000268173	hsa-miR-4685-5p	MIMAT0019771	0.966459449959966
1429	CCNT2	ENSG00000082258	hsa-miR-1252-3p	MIMAT0026744	0.966455483301075
1430	ESR1	ENSG00000091831	hsa-miR-4687-3p	MIMAT0019775	0.966454286992265
1431	CADM2	ENSG00000175161	hsa-miR-1252-3p	MIMAT0026744	0.966371974897242
1432	PRH2	ENSG00000134551	hsa-miR-6783-5p	MIMAT0027466	0.966347155774126
1433	POLR3C	ENSG00000186141	hsa-miR-7157-3p	MIMAT0028225	0.96632067518721
1434	RSKR	ENSG00000167524	hsa-miR-6822-3p	MIMAT0027545	0.96626731401169
1435	CPEB3	ENSG00000107864	hsa-miR-21-5p	MIMAT0000076	0.966230673793327
1436	ABCD3	ENSG00000117528	hsa-miR-657	MIMAT0003335	0.966209056503171
1437	SWAP70	ENSG00000133789	hsa-miR-7157-3p	MIMAT0028225	0.966192597408065
1438	BSND	ENSG00000162399	hsa-miR-5008-5p	MIMAT0021039	0.966141405012547
1439	SPATA12	ENSG00000186451	hsa-miR-6127	MIMAT0024610	0.966097608981161
1440	TJAP1	ENSG00000137221	hsa-miR-657	MIMAT0003335	0.966096091629383
1441	C1orf21	ENSG00000116667	hsa-miR-6758-5p	MIMAT0027416	0.966070271629813
1442	GTF2H1	ENSG00000110768	hsa-miR-183-5p	MIMAT0000261	0.966046567642906
1443	CHD2	ENSG00000173575	hsa-miR-183-5p	MIMAT0000261	0.966028280057903
1444	SIGLEC8	ENSG00000105366	hsa-miR-6783-5p	MIMAT0027466	0.96600031288233
1445	KCNJ5	ENSG00000120457	hsa-miR-4685-5p	MIMAT0019771	0.965962829215326
1446	SEC22C	ENSG00000093183	hsa-miR-5008-5p	MIMAT0021039	0.965955670971146
1447	ZFHX4	ENSG00000091656	hsa-miR-1252-3p	MIMAT0026744	0.965946283277696
1448	CHTOP	ENSG00000160679	hsa-miR-4695-5p	MIMAT0019788	0.965921020467777
1449	CTDSPL	ENSG00000144677	hsa-miR-183-5p	MIMAT0000261	0.965911535773333
1450	MCCD1	ENSG00000204511	hsa-miR-661	MIMAT0003324	0.965876894177593
1451	LCOR	ENSG00000196233	hsa-miR-3682-5p	MIMAT0019222	0.965876038591773
1452	HTR4	ENSG00000164270	hsa-miR-6127	MIMAT0024610	0.965870510372265
1453	CELF4	ENSG00000101489	hsa-miR-6758-5p	MIMAT0027416	0.965860175176841
1454	ATP9B	ENSG00000166377	hsa-miR-4292	MIMAT0016919	0.965846041606511
1455	NXF1	ENSG00000162231	hsa-miR-6127	MIMAT0024610	0.96583426714576
1456	KDM6A	ENSG00000147050	hsa-miR-765	MIMAT0003945	0.96581600900204
1457	BACH1	ENSG00000156273	hsa-miR-4458	MIMAT0018980	0.96576688495258
1458	ABHD16A	ENSG00000204427	hsa-miR-4695-5p	MIMAT0019788	0.965756036035963
1459	MAVS	ENSG00000088888	hsa-miR-661	MIMAT0003324	0.965751988364312
1460	SYT14	ENSG00000143469	hsa-miR-1252-3p	MIMAT0026744	0.965727361696049
1461	BUD23	ENSG00000071462	hsa-miR-661	MIMAT0003324	0.965709589636197
1462	PECAM1	ENSG00000261371	hsa-miR-7157-3p	MIMAT0028225	0.965662394467447
1463	OR4F5	ENSG00000186092	hsa-miR-224-5p	MIMAT0000281	0.965641191972893
1464	ARNTL2	ENSG00000029153	hsa-miR-1252-3p	MIMAT0026744	0.965629053389475
1465	SMAD2	ENSG00000175387	hsa-miR-183-5p	MIMAT0000261	0.965617776743545
1466	ZNF396	ENSG00000186496	hsa-miR-765	MIMAT0003945	0.965563075158207
1467	PGRMC1	ENSG00000101856	hsa-miR-4458	MIMAT0018980	0.965538840123525
1468	LBX1	ENSG00000138136	hsa-miR-4695-5p	MIMAT0019788	0.965448759469236
1469	RBFA	ENSG00000101546	hsa-miR-4685-5p	MIMAT0019771	0.965433368000294
1470	ARHGAP26	ENSG00000145819	hsa-miR-183-5p	MIMAT0000261	0.965376902037014
1471	FZD3	ENSG00000104290	hsa-miR-6783-5p	MIMAT0027466	0.965371909919669
1472	FARP1	ENSG00000152767	hsa-miR-5008-5p	MIMAT0021039	0.96536010133581
1473	THSD7B	ENSG00000144229	hsa-miR-1252-3p	MIMAT0026744	0.965345786464037
1474	ARHGEF15	ENSG00000198844	hsa-miR-5008-5p	MIMAT0021039	0.965336106164625
1475	IGFBP5	ENSG00000115461	hsa-miR-1252-3p	MIMAT0026744	0.965330398627408
1476	PITPNA	ENSG00000174238	hsa-miR-4695-5p	MIMAT0019788	0.965223370934965
1477	RBFOX1	ENSG00000078328	hsa-miR-1252-3p	MIMAT0026744	0.965218735970584
1478	IRAG1	ENSG00000072952	hsa-miR-4685-5p	MIMAT0019771	0.965212379686502
1479	RHPN2	ENSG00000131941	hsa-miR-183-5p	MIMAT0000261	0.965203253748881
1480	BAG2	ENSG00000112208	hsa-miR-1252-3p	MIMAT0026744	0.965174206468002
1481	GEN1	ENSG00000178295	hsa-miR-6127	MIMAT0024610	0.965171903700883
1482	SH3BGRL2	ENSG00000198478	hsa-miR-1911-5p	MIMAT0007885	0.965143089569916
1483	TEX261	ENSG00000144043	hsa-miR-4695-5p	MIMAT0019788	0.965132048468369
1484	TMEM106B	ENSG00000106460	hsa-miR-6783-5p	MIMAT0027466	0.965125042248439
1485	IKZF4	ENSG00000123411	hsa-miR-6758-5p	MIMAT0027416	0.965007075075399
1486	PDAP1	ENSG00000106244	hsa-miR-7157-3p	MIMAT0028225	0.96497946961402
1487	PRDM11	ENSG00000019485	hsa-miR-1252-3p	MIMAT0026744	0.964962756258268
1488	TP53TG3E	ENSG00000275034	hsa-miR-4685-5p	MIMAT0019771	0.964953078253409
1489	BRAF	ENSG00000157764	hsa-miR-6783-5p	MIMAT0027466	0.964951537712551
1490	POLR1G	ENSG00000117877	hsa-miR-6783-5p	MIMAT0027466	0.964946860539098
1491	FAM120A	ENSG00000048828	hsa-miR-130a-5p	MIMAT0004593	0.964850528837125
1492	FRMD4B	ENSG00000114541	hsa-miR-4458	MIMAT0018980	0.964787685028986
1493	NHSL2	ENSG00000204131	hsa-miR-1252-3p	MIMAT0026744	0.964786330682027
1494	TP53TG3	ENSG00000183632	hsa-miR-4685-5p	MIMAT0019771	0.964763539298462
1495	EFCAB14	ENSG00000159658	hsa-miR-224-5p	MIMAT0000281	0.964760810489588
1496	SPAG9	ENSG00000008294	hsa-miR-1252-3p	MIMAT0026744	0.964745647996711
1497	KRTAP4-7	ENSG00000240871	hsa-miR-6127	MIMAT0024610	0.964682192725967
1498	LBX1	ENSG00000138136	hsa-miR-765	MIMAT0003945	0.964681614303207
1499	NTNG1	ENSG00000162631	hsa-miR-7855-5p	MIMAT0030430	0.964667320393318
1500	CDKL5	ENSG00000008086	hsa-miR-183-5p	MIMAT0000261	0.964578868607834
1501	PLAG1	ENSG00000181690	hsa-miR-21-5p	MIMAT0000076	0.964573070215515
1502	RBM7	ENSG00000076053	hsa-miR-1252-3p	MIMAT0026744	0.964552801637917
1503	TBC1D3H	ENSG00000274226	hsa-miR-940	MIMAT0004983	0.964541282345006
1504	LRRC41	ENSG00000132128	hsa-miR-661	MIMAT0003324	0.964507096921633
1505	PRTG	ENSG00000166450	hsa-miR-1252-3p	MIMAT0026744	0.964441090839283
1506	GAB1	ENSG00000109458	hsa-miR-224-5p	MIMAT0000281	0.964429911625911
1507	HAPLN1	ENSG00000145681	hsa-miR-6822-3p	MIMAT0027545	0.964416561883525
1508	Z83844.1	ENSG00000100101	hsa-miR-661	MIMAT0003324	0.964412153724171
1509	TBX2	ENSG00000121068	hsa-miR-7157-3p	MIMAT0028225	0.964381238144426
1510	ARL1	ENSG00000120805	hsa-miR-6783-5p	MIMAT0027466	0.964357446706902
1511	APOB	ENSG00000084674	hsa-miR-7157-3p	MIMAT0028225	0.964333500417555
1512	SHMT2	ENSG00000182199	hsa-miR-6127	MIMAT0024610	0.964307990733598
1513	ITGA11	ENSG00000137809	hsa-miR-661	MIMAT0003324	0.96429978420495
1514	GRIN2B	ENSG00000273079	hsa-miR-4687-3p	MIMAT0019775	0.964257450528809
1515	RSAD2	ENSG00000134321	hsa-miR-21-5p	MIMAT0000076	0.964238326322088
1516	CASK	ENSG00000147044	hsa-miR-130a-5p	MIMAT0004593	0.964196798028606
1517	CTDSP1	ENSG00000144579	hsa-miR-183-5p	MIMAT0000261	0.964193614108939
1518	TXNDC8	ENSG00000204193	hsa-miR-6758-5p	MIMAT0027416	0.964175868438176
1519	APLP1	ENSG00000105290	hsa-miR-6783-5p	MIMAT0027466	0.964160635455289
1520	RPRD2	ENSG00000163125	hsa-miR-6127	MIMAT0024610	0.964133400664355
1521	RAD54L2	ENSG00000164080	hsa-miR-940	MIMAT0004983	0.964119180821636
1522	RICTOR	ENSG00000164327	hsa-miR-7157-3p	MIMAT0028225	0.964098926169143
1523	ST8SIA2	ENSG00000140557	hsa-miR-940	MIMAT0004983	0.964003401528315
1524	CFAP61	ENSG00000089101	hsa-miR-661	MIMAT0003324	0.963980439029799
1525	TAF10	ENSG00000166337	hsa-miR-7855-5p	MIMAT0030430	0.963978609973214
1526	MEGF11	ENSG00000157890	hsa-miR-224-5p	MIMAT0000281	0.963970458700744
1527	SF3B1	ENSG00000115524	hsa-miR-6758-5p	MIMAT0027416	0.963929392590575
1528	SCART1	ENSG00000214279	hsa-miR-940	MIMAT0004983	0.963899300941446
1529	GIPC3	ENSG00000179855	hsa-miR-4446-3p	MIMAT0018965	0.963832135226581
1530	PCDH11X	ENSG00000102290	hsa-miR-5008-5p	MIMAT0021039	0.963812707109259
1531	AC018809.3	ENSG00000288550	hsa-miR-940	MIMAT0004983	0.963793424260689
1532	ADAM19	ENSG00000135074	hsa-miR-4695-5p	MIMAT0019788	0.963775097809563
1533	LPGAT1	ENSG00000123684	hsa-miR-4446-3p	MIMAT0018965	0.963737597468736
1534	AHCYL2	ENSG00000158467	hsa-miR-765	MIMAT0003945	0.963693423419737
1535	NGF	ENSG00000134259	hsa-miR-4458	MIMAT0018980	0.963637736784317
1536	NUTM2D	ENSG00000214562	hsa-miR-4685-5p	MIMAT0019771	0.963619436221125
1537	PRLR	ENSG00000113494	hsa-miR-224-5p	MIMAT0000281	0.963574735523452
1538	CLRN1	ENSG00000163646	hsa-miR-6783-5p	MIMAT0027466	0.963535225279735
1539	LPP	ENSG00000145012	hsa-miR-130a-5p	MIMAT0004593	0.963528489910804
1540	SYT9	ENSG00000170743	hsa-miR-4685-5p	MIMAT0019771	0.963504242259131
1541	RNASEH2B	ENSG00000136104	hsa-miR-6127	MIMAT0024610	0.963501260111137
1542	VIRMA	ENSG00000164944	hsa-miR-7157-3p	MIMAT0028225	0.963500464205537
1543	WNK3	ENSG00000196632	hsa-miR-4465	MIMAT0018992	0.963491884506202
1544	RFX3	ENSG00000080298	hsa-miR-1252-3p	MIMAT0026744	0.96348672573938
1545	TBC1D3G	ENSG00000260287	hsa-miR-940	MIMAT0004983	0.963471564842119
1546	KIF15	ENSG00000163808	hsa-miR-4687-3p	MIMAT0019775	0.963466768744193
1547	SMAD3	ENSG00000166949	hsa-miR-6127	MIMAT0024610	0.963451972652921
1548	NPEPPS	ENSG00000141279	hsa-miR-3682-5p	MIMAT0019222	0.963451623445118
1549	NOL11	ENSG00000130935	hsa-miR-765	MIMAT0003945	0.963442392843491
1550	APLN	ENSG00000171388	hsa-miR-765	MIMAT0003945	0.963439688200884
1551	MDM2	ENSG00000135679	hsa-miR-224-5p	MIMAT0000281	0.963431397170464
1552	SEC11C	ENSG00000166562	hsa-miR-4687-3p	MIMAT0019775	0.963420799125292
1553	IGF1R	ENSG00000140443	hsa-miR-4458	MIMAT0018980	0.963417147607695
1554	KCNJ2	ENSG00000123700	hsa-miR-4465	MIMAT0018992	0.963355054529688
1555	GRIN2B	ENSG00000273079	hsa-miR-6758-5p	MIMAT0027416	0.963326368008264
1556	DMXL1	ENSG00000172869	hsa-miR-183-5p	MIMAT0000261	0.963170409576255
1557	SRPK1	ENSG00000096063	hsa-miR-6783-5p	MIMAT0027466	0.963094183343229
1558	SMAP2	ENSG00000084070	hsa-miR-6758-5p	MIMAT0027416	0.963075422966677
1559	ZEB2	ENSG00000169554	hsa-miR-1252-3p	MIMAT0026744	0.963075006861312
1560	NEUROG2	ENSG00000178403	hsa-miR-6758-5p	MIMAT0027416	0.963071107319771
1561	SCART1	ENSG00000214279	hsa-miR-765	MIMAT0003945	0.963056575438841
1562	DEXI	ENSG00000182108	hsa-miR-765	MIMAT0003945	0.963034324652799
1563	UBA3	ENSG00000144744	hsa-miR-183-5p	MIMAT0000261	0.963029114533571
1564	ATF7	ENSG00000170653	hsa-miR-6783-5p	MIMAT0027466	0.963010070967053
1565	KLHL24	ENSG00000114796	hsa-miR-183-5p	MIMAT0000261	0.963004683194449
1566	CLP1	ENSG00000172409	hsa-miR-4458	MIMAT0018980	0.962988340872855
1567	ATP6V1G2	ENSG00000213760	hsa-miR-6127	MIMAT0024610	0.962980634079984
1568	DSC3	ENSG00000134762	hsa-miR-7855-5p	MIMAT0030430	0.962966389915875
1569	PREP	ENSG00000085377	hsa-miR-130a-5p	MIMAT0004593	0.962926489445231
1570	C3orf80	ENSG00000180044	hsa-miR-765	MIMAT0003945	0.962921071493017
1571	GRB10	ENSG00000106070	hsa-miR-4685-5p	MIMAT0019771	0.962849410470922
1572	GSTM2	ENSG00000213366	hsa-miR-4685-5p	MIMAT0019771	0.962788323126149
1573	PPP1R3A	ENSG00000154415	hsa-miR-6783-5p	MIMAT0027466	0.962761407457232
1574	GIGYF1	ENSG00000146830	hsa-miR-6758-5p	MIMAT0027416	0.962615353969959
1575	ANKRD18A	ENSG00000180071	hsa-miR-4687-3p	MIMAT0019775	0.962603951398775
1576	RGP1	ENSG00000107185	hsa-miR-6127	MIMAT0024610	0.96259044687447
1577	GYPA	ENSG00000170180	hsa-miR-183-5p	MIMAT0000261	0.962563444361854
1578	ADAM19	ENSG00000135074	hsa-miR-4465	MIMAT0018992	0.962513683401506
1579	PPP2R2B	ENSG00000156475	hsa-miR-224-5p	MIMAT0000281	0.962459909041734
1580	IL17RD	ENSG00000144730	hsa-miR-224-5p	MIMAT0000281	0.962452174170448
1581	TANC2	ENSG00000170921	hsa-miR-6758-5p	MIMAT0027416	0.962448058505346
1582	TACC1	ENSG00000147526	hsa-miR-4685-5p	MIMAT0019771	0.962437224163953
1583	LMOD3	ENSG00000163380	hsa-miR-7855-5p	MIMAT0030430	0.962428917798039
1584	LRRC7	ENSG00000033122	hsa-miR-130a-5p	MIMAT0004593	0.962389420340945
1585	CCDC97	ENSG00000142039	hsa-miR-661	MIMAT0003324	0.962380104131931
1586	C4orf50	ENSG00000181215	hsa-miR-661	MIMAT0003324	0.962369916767489
1587	CBX5	ENSG00000094916	hsa-miR-4695-5p	MIMAT0019788	0.962368168922425
1588	DLEC1	ENSG00000008226	hsa-miR-4292	MIMAT0016919	0.962345112636232
1589	LMCD1	ENSG00000071282	hsa-miR-1252-3p	MIMAT0026744	0.96230948841638
1590	SH3BGRL3	ENSG00000142669	hsa-miR-765	MIMAT0003945	0.962262388444218
1591	NSL1	ENSG00000117697	hsa-miR-130a-5p	MIMAT0004593	0.962237063944753
1592	C1orf21	ENSG00000116667	hsa-miR-5008-5p	MIMAT0021039	0.962220966927034
1593	STC1	ENSG00000159167	hsa-miR-183-5p	MIMAT0000261	0.962199365610787
1594	SLC6A5	ENSG00000165970	hsa-miR-765	MIMAT0003945	0.962164440309698
1595	MAPRE2	ENSG00000166974	hsa-miR-224-5p	MIMAT0000281	0.962091222345571
1596	FBXL4	ENSG00000112234	hsa-miR-1252-3p	MIMAT0026744	0.962073804077684
1597	CDH7	ENSG00000081138	hsa-miR-4695-5p	MIMAT0019788	0.96204972414184
1598	CTSB	ENSG00000164733	hsa-miR-7855-5p	MIMAT0030430	0.962030007306028
1599	ITGB6	ENSG00000115221	hsa-miR-1252-3p	MIMAT0026744	0.961938452362949
1600	HOXA5	ENSG00000106004	hsa-miR-224-5p	MIMAT0000281	0.961918885391152
1601	PCDH9	ENSG00000184226	hsa-miR-625-3p	MIMAT0004808	0.96189960943468
1602	RIOK3	ENSG00000101782	hsa-miR-130a-5p	MIMAT0004593	0.961892972132484
1603	LYSMD3	ENSG00000176018	hsa-miR-765	MIMAT0003945	0.961884987645009
1604	HDGFL3	ENSG00000166503	hsa-miR-6758-5p	MIMAT0027416	0.961869731063996
1605	EZH2	ENSG00000106462	hsa-miR-4465	MIMAT0018992	0.961845695779954
1606	TBC1D20	ENSG00000125875	hsa-miR-4687-3p	MIMAT0019775	0.96182060180139
1607	SPRY1	ENSG00000164056	hsa-miR-21-5p	MIMAT0000076	0.961780967180973
1608	EVPLL	ENSG00000214860	hsa-miR-4685-5p	MIMAT0019771	0.961778251154914
1609	PBXIP1	ENSG00000163346	hsa-miR-4685-5p	MIMAT0019771	0.961700847903312
1610	WDR82	ENSG00000164091	hsa-miR-4695-5p	MIMAT0019788	0.961694991999457
1611	HHIP	ENSG00000164161	hsa-miR-224-5p	MIMAT0000281	0.961668441839201
1612	CTXND1	ENSG00000259417	hsa-miR-4292	MIMAT0016919	0.961567695163348
1613	C17orf113	ENSG00000267221	hsa-miR-4685-5p	MIMAT0019771	0.961554750467925
1614	NOVA2	ENSG00000104967	hsa-miR-4695-5p	MIMAT0019788	0.961549768050943
1615	VDR	ENSG00000111424	hsa-miR-4685-5p	MIMAT0019771	0.961497945208994
1616	OTUD6A	ENSG00000189401	hsa-miR-6783-5p	MIMAT0027466	0.961485229310255
1617	SMAD2	ENSG00000175387	hsa-miR-4465	MIMAT0018992	0.961457525320613
1618	RBM24	ENSG00000112183	hsa-miR-4687-3p	MIMAT0019775	0.961454808973149
1619	DVL3	ENSG00000161202	hsa-miR-6127	MIMAT0024610	0.961399670132715
1620	DGKG	ENSG00000058866	hsa-miR-940	MIMAT0004983	0.961376459167563
1621	FAM71D	ENSG00000172717	hsa-miR-7157-3p	MIMAT0028225	0.961367983364802
1622	CALB1	ENSG00000104327	hsa-miR-7855-5p	MIMAT0030430	0.961330934550473
1623	TJAP1	ENSG00000137221	hsa-miR-940	MIMAT0004983	0.96131784005445
1624	RAB21	ENSG00000080371	hsa-miR-1252-3p	MIMAT0026744	0.961286738014408
1625	SRGAP1	ENSG00000196935	hsa-miR-1252-3p	MIMAT0026744	0.961285436955075
1626	C20orf203	ENSG00000198547	hsa-miR-940	MIMAT0004983	0.961259546961928
1627	STRN	ENSG00000115808	hsa-miR-7157-3p	MIMAT0028225	0.961230396250712
1628	ZNF431	ENSG00000196705	hsa-miR-1252-3p	MIMAT0026744	0.961212138217122
1629	HACE1	ENSG00000085382	hsa-miR-7157-3p	MIMAT0028225	0.961159256310365
1630	EPHA7	ENSG00000135333	hsa-miR-6758-5p	MIMAT0027416	0.961154554024107
1631	ARAF	ENSG00000078061	hsa-miR-765	MIMAT0003945	0.961127173803749
1632	KIF17	ENSG00000117245	hsa-miR-4685-5p	MIMAT0019771	0.961093714414209
1633	ZNF597	ENSG00000167981	hsa-miR-661	MIMAT0003324	0.961048619122937
1634	CD5L	ENSG00000073754	hsa-miR-6127	MIMAT0024610	0.961037835890535
1635	UBE2Z	ENSG00000159202	hsa-miR-4292	MIMAT0016919	0.961030190203947
1636	ABCC5	ENSG00000114770	hsa-miR-6758-5p	MIMAT0027416	0.960979854260307
1637	BTC	ENSG00000174808	hsa-miR-4685-5p	MIMAT0019771	0.960979570398078
1638	COL4A1	ENSG00000187498	hsa-miR-224-5p	MIMAT0000281	0.960961206723483
1639	PTBP2	ENSG00000117569	hsa-miR-940	MIMAT0004983	0.960952623173557
1640	IFT172	ENSG00000138002	hsa-miR-661	MIMAT0003324	0.960924120868834
1641	PHTF2	ENSG00000006576	hsa-miR-4465	MIMAT0018992	0.960905456770113
1642	NRAS	ENSG00000213281	hsa-miR-4685-5p	MIMAT0019771	0.960886180092721
1643	SETBP1	ENSG00000152217	hsa-miR-7157-3p	MIMAT0028225	0.960874329340048
1644	GAN	ENSG00000261609	hsa-miR-4458	MIMAT0018980	0.960832861298681
1645	KIFBP	ENSG00000198954	hsa-miR-5008-5p	MIMAT0021039	0.960760713539493
1646	KCNK12	ENSG00000184261	hsa-miR-7157-3p	MIMAT0028225	0.960748389824578
1647	IL10RB	ENSG00000243646	hsa-miR-3682-5p	MIMAT0019222	0.960736424418652
1648	RNF169	ENSG00000166439	hsa-miR-4695-5p	MIMAT0019788	0.960686763392198
1649	SH2D4A	ENSG00000104611	hsa-miR-4685-5p	MIMAT0019771	0.96067115742485
1650	CACNA1E	ENSG00000198216	hsa-miR-183-5p	MIMAT0000261	0.960658675138136
1651	AP3M1	ENSG00000185009	hsa-miR-7157-3p	MIMAT0028225	0.960656121699005
1652	ASCC1	ENSG00000138303	hsa-miR-765	MIMAT0003945	0.960656095987775
1653	ARHGAP1	ENSG00000175220	hsa-miR-4695-5p	MIMAT0019788	0.960652620308965
1654	RNMT	ENSG00000101654	hsa-miR-224-5p	MIMAT0000281	0.960591701101754
1655	CLMN	ENSG00000165959	hsa-miR-765	MIMAT0003945	0.960576510936181
1656	ZFHX2	ENSG00000136367	hsa-miR-5008-5p	MIMAT0021039	0.960571997981376
1657	G2E3	ENSG00000092140	hsa-miR-6783-5p	MIMAT0027466	0.960524691535521
1658	SLC4A8	ENSG00000050438	hsa-miR-6127	MIMAT0024610	0.960505448243215
1659	PRKCE	ENSG00000171132	hsa-miR-765	MIMAT0003945	0.960474866557324
1660	OSBPL11	ENSG00000144909	hsa-miR-4465	MIMAT0018992	0.96046481209667
1661	PLEKHF2	ENSG00000175895	hsa-miR-7157-3p	MIMAT0028225	0.960352480550388
1662	ATXN1	ENSG00000124788	hsa-miR-1252-3p	MIMAT0026744	0.960342153261685
1663	RAB11FIP5	ENSG00000135631	hsa-miR-4292	MIMAT0016919	0.960323745833203
1664	ABHD14A-ACY1	ENSG00000114786	hsa-miR-4685-5p	MIMAT0019771	0.960311729190975
1665	MPLKIP	ENSG00000168303	hsa-miR-3682-5p	MIMAT0019222	0.960307649802818
1666	SELENOI	ENSG00000138018	hsa-miR-6783-5p	MIMAT0027466	0.96028768508169
1667	PISD	ENSG00000241878	hsa-miR-7157-3p	MIMAT0028225	0.960263087480337
1668	ZNF830	ENSG00000198783	hsa-miR-1911-5p	MIMAT0007885	0.96026174287662
1669	SYT12	ENSG00000173227	hsa-miR-661	MIMAT0003324	0.960259319955419
1670	NPLOC4	ENSG00000182446	hsa-miR-4446-3p	MIMAT0018965	0.960154707739682
1671	RAB5B	ENSG00000111540	hsa-miR-4685-5p	MIMAT0019771	0.960120349500431
1672	CBL	ENSG00000110395	hsa-miR-940	MIMAT0004983	0.9601189862738
1673	BMPR2	ENSG00000204217	hsa-miR-21-5p	MIMAT0000076	0.960106938615371
1674	ZNF277	ENSG00000198839	hsa-miR-4695-5p	MIMAT0019788	0.960077272340003
1675	CD47	ENSG00000196776	hsa-miR-21-5p	MIMAT0000076	0.960065278324783
1676	FAM204A	ENSG00000165669	hsa-miR-940	MIMAT0004983	0.960050463345143
1677	CEP89	ENSG00000121289	hsa-miR-940	MIMAT0004983	0.96004840805991
1678	CYTIP	ENSG00000115165	hsa-miR-4687-3p	MIMAT0019775	0.960006681707909
1679	ESR1	ENSG00000091831	hsa-miR-224-5p	MIMAT0000281	0.959967902551429
1680	TBC1D5	ENSG00000131374	hsa-miR-4695-5p	MIMAT0019788	0.95994039104468
1681	FUNDC2	ENSG00000165775	hsa-miR-765	MIMAT0003945	0.959916247493259
1682	VSTM5	ENSG00000214376	hsa-miR-4458	MIMAT0018980	0.959877296757987
1683	KRIT1	ENSG00000001631	hsa-miR-21-5p	MIMAT0000076	0.959841727784781
1684	USP27X	ENSG00000273820	hsa-miR-4465	MIMAT0018992	0.959782741619402
1685	AL135905.2	ENSG00000285976	hsa-miR-3682-5p	MIMAT0019222	0.959778666721353
1686	MMP16	ENSG00000156103	hsa-miR-4687-3p	MIMAT0019775	0.959711433976559
1687	ZBTB20	ENSG00000181722	hsa-miR-130a-5p	MIMAT0004593	0.95965160846365
1688	TTN	ENSG00000155657	hsa-miR-4695-5p	MIMAT0019788	0.959594699796118
1689	FSTL1	ENSG00000163430	hsa-miR-4685-5p	MIMAT0019771	0.95951622937334
1690	MMP16	ENSG00000156103	hsa-miR-765	MIMAT0003945	0.959470708870456
1691	ZNF800	ENSG00000048405	hsa-miR-6783-5p	MIMAT0027466	0.959452358139827
1692	CELSR2	ENSG00000143126	hsa-miR-130a-5p	MIMAT0004593	0.959435670781688
1693	LCOR	ENSG00000196233	hsa-miR-4465	MIMAT0018992	0.959430277380036
1694	FGF13	ENSG00000129682	hsa-miR-1252-3p	MIMAT0026744	0.959388782226266
1695	KDM7A	ENSG00000006459	hsa-miR-224-5p	MIMAT0000281	0.95938471217967
1696	IGF1R	ENSG00000140443	hsa-miR-4695-5p	MIMAT0019788	0.959372667319474
1697	NKD1	ENSG00000140807	hsa-miR-4458	MIMAT0018980	0.959367676798286
1698	ZNF536	ENSG00000198597	hsa-miR-6127	MIMAT0024610	0.959333015072427
1699	LNPEP	ENSG00000113441	hsa-miR-765	MIMAT0003945	0.959316382726846
1700	SLC25A35	ENSG00000125434	hsa-miR-661	MIMAT0003324	0.959288949884611
1701	AQP7	ENSG00000165269	hsa-miR-4685-5p	MIMAT0019771	0.959274359328051
1702	C2orf73	ENSG00000177994	hsa-miR-765	MIMAT0003945	0.959260945211117
1703	SCML4	ENSG00000146285	hsa-miR-4687-3p	MIMAT0019775	0.959252751477464
1704	ATF2	ENSG00000115966	hsa-miR-183-5p	MIMAT0000261	0.959241447392772
1705	NCR3LG1	ENSG00000188211	hsa-miR-4685-5p	MIMAT0019771	0.959225636371011
1706	EVPLL	ENSG00000214860	hsa-miR-661	MIMAT0003324	0.95922382550977
1707	MISP	ENSG00000099812	hsa-miR-4685-5p	MIMAT0019771	0.959121894811505
1708	ZNF704	ENSG00000164684	hsa-miR-6783-5p	MIMAT0027466	0.959120931984475
1709	PELI1	ENSG00000197329	hsa-miR-1252-3p	MIMAT0026744	0.959114951052367
1710	SCD	ENSG00000099194	hsa-miR-4458	MIMAT0018980	0.959111245027242
1711	SMPD1	ENSG00000166311	hsa-miR-661	MIMAT0003324	0.959078964570022
1712	AL445423.3	ENSG00000286231	hsa-miR-657	MIMAT0003335	0.959077510681381
1713	CARD8	ENSG00000105483	hsa-miR-1252-3p	MIMAT0026744	0.959041131758479
1714	PPFIA4	ENSG00000143847	hsa-miR-92a-1-5p	MIMAT0004507	0.95900203921181
1715	NFIX	ENSG00000008441	hsa-miR-765	MIMAT0003945	0.958994610932958
1716	KCNC2	ENSG00000166006	hsa-miR-661	MIMAT0003324	0.958969928081899
1717	FAM126A	ENSG00000122591	hsa-miR-4685-5p	MIMAT0019771	0.958913619007316
1718	CDCP1	ENSG00000163814	hsa-miR-4685-5p	MIMAT0019771	0.958894936517978
1719	KIRREL2	ENSG00000126259	hsa-miR-765	MIMAT0003945	0.958887494445268
1720	AC090360.1	ENSG00000267127	hsa-miR-5008-5p	MIMAT0021039	0.958872665422388
1721	PPP4R3A	ENSG00000100796	hsa-miR-940	MIMAT0004983	0.958868693020549
1722	KANSL3	ENSG00000114982	hsa-miR-940	MIMAT0004983	0.958828461936005
1723	ZNF598	ENSG00000167962	hsa-miR-4465	MIMAT0018992	0.958827081977075
1724	NAA30	ENSG00000139977	hsa-miR-4458	MIMAT0018980	0.958824919167677
1725	UHRF1BP1	ENSG00000065060	hsa-miR-6783-5p	MIMAT0027466	0.958796827495235
1726	C9orf40	ENSG00000135045	hsa-miR-4458	MIMAT0018980	0.958788198671908
1727	SESTD1	ENSG00000187231	hsa-miR-1252-3p	MIMAT0026744	0.958771006350036
1728	ERVFRD-1	ENSG00000244476	hsa-miR-765	MIMAT0003945	0.958753252977521
1729	PLOD2	ENSG00000152952	hsa-miR-224-5p	MIMAT0000281	0.958748767155332
1730	PGGT1B	ENSG00000164219	hsa-miR-1252-3p	MIMAT0026744	0.958717139087249
1731	AC098850.3	ENSG00000266302	hsa-miR-4687-3p	MIMAT0019775	0.958702027949021
1732	RAPGEF2	ENSG00000109756	hsa-miR-940	MIMAT0004983	0.958612535009149
1733	TNPO1	ENSG00000083312	hsa-miR-92a-1-5p	MIMAT0004507	0.958568273568653
1734	LRG1	ENSG00000171236	hsa-miR-940	MIMAT0004983	0.958514674484798
1735	HOMER1	ENSG00000152413	hsa-miR-765	MIMAT0003945	0.958497319635858
1736	RHOA	ENSG00000067560	hsa-miR-940	MIMAT0004983	0.958463453552763
1737	AAK1	ENSG00000115977	hsa-miR-6758-5p	MIMAT0027416	0.958418127013612
1738	TBC1D28	ENSG00000189375	hsa-miR-6783-5p	MIMAT0027466	0.958410875102828
1739	CHST12	ENSG00000136213	hsa-miR-661	MIMAT0003324	0.958403516127232
1740	LMBR1	ENSG00000105983	hsa-miR-183-5p	MIMAT0000261	0.958399592830308
1741	ULK3	ENSG00000140474	hsa-miR-4685-5p	MIMAT0019771	0.958309524892564
1742	GLIS2	ENSG00000126603	hsa-miR-765	MIMAT0003945	0.958294845596401
1743	RRP1B	ENSG00000160208	hsa-miR-1911-5p	MIMAT0007885	0.958291158777187
1744	RPP30	ENSG00000148688	hsa-miR-7855-5p	MIMAT0030430	0.958269623845456
1745	CASTOR2	ENSG00000274070	hsa-miR-6127	MIMAT0024610	0.958256630954007
1746	DCAF7	ENSG00000136485	hsa-miR-4292	MIMAT0016919	0.958254048124611
1747	FAM217B	ENSG00000196227	hsa-miR-183-5p	MIMAT0000261	0.958198263343269
1748	TMED3	ENSG00000166557	hsa-miR-765	MIMAT0003945	0.958151698014115
1749	ATP13A3	ENSG00000133657	hsa-miR-6127	MIMAT0024610	0.958133624604859
1750	NID1	ENSG00000116962	hsa-miR-4465	MIMAT0018992	0.958116031357157
1751	FGF14	ENSG00000102466	hsa-miR-7855-5p	MIMAT0030430	0.958087993334419
1752	SDC2	ENSG00000169439	hsa-miR-7157-3p	MIMAT0028225	0.958081798521701
1753	PHF12	ENSG00000109118	hsa-miR-661	MIMAT0003324	0.958048866596851
1754	CPSF2	ENSG00000165934	hsa-miR-4465	MIMAT0018992	0.958042636742032
1755	LACTB2	ENSG00000147592	hsa-miR-7157-3p	MIMAT0028225	0.958031008083928
1756	BRIP1	ENSG00000136492	hsa-miR-224-5p	MIMAT0000281	0.957986156548745
1757	RTRAF	ENSG00000087302	hsa-miR-183-5p	MIMAT0000261	0.957959294507985
1758	OR6Y1	ENSG00000197532	hsa-miR-3682-5p	MIMAT0019222	0.957921737232069
1759	ZNF425	ENSG00000204947	hsa-miR-6127	MIMAT0024610	0.957904803308845
1760	SNX27	ENSG00000143376	hsa-miR-5008-5p	MIMAT0021039	0.957894328896718
1761	TMEM222	ENSG00000186501	hsa-miR-4746-3p	MIMAT0019881	0.95788085110173
1762	KCNMA1	ENSG00000156113	hsa-miR-8056	MIMAT0030983	0.957874195275111
1763	TRIM67	ENSG00000119283	hsa-miR-4685-5p	MIMAT0019771	0.957869952484527
1764	SPATA17	ENSG00000162814	hsa-miR-183-5p	MIMAT0000261	0.957837900215446
1765	SLC8A3	ENSG00000100678	hsa-miR-21-5p	MIMAT0000076	0.957764531644762
1766	EVI2B	ENSG00000185862	hsa-miR-6783-5p	MIMAT0027466	0.957762370413984
1767	LUC7L3	ENSG00000108848	hsa-miR-7157-3p	MIMAT0028225	0.957760848151518
1768	C3orf52	ENSG00000114529	hsa-miR-4685-5p	MIMAT0019771	0.957755037564519
1769	CCL4	ENSG00000275302	hsa-miR-765	MIMAT0003945	0.957659707497622
1770	TNKS	ENSG00000173273	hsa-miR-657	MIMAT0003335	0.957649861568747
1771	SGPP2	ENSG00000163082	hsa-miR-661	MIMAT0003324	0.957635375611203
1772	ATP6V1G2	ENSG00000213760	hsa-miR-6758-5p	MIMAT0027416	0.95760101004895
1773	NFAT5	ENSG00000102908	hsa-miR-6127	MIMAT0024610	0.957569645414546
1774	Z83844.1	ENSG00000100101	hsa-miR-4695-5p	MIMAT0019788	0.957550315119625
1775	PARP9	ENSG00000138496	hsa-miR-1252-3p	MIMAT0026744	0.957544734871517
1776	ITPR1	ENSG00000150995	hsa-miR-1252-3p	MIMAT0026744	0.957501852817855
1777	DGKH	ENSG00000102780	hsa-miR-1252-3p	MIMAT0026744	0.957485018204476
1778	FCRL2	ENSG00000132704	hsa-miR-224-5p	MIMAT0000281	0.957435356579897
1779	RHO	ENSG00000163914	hsa-miR-7157-3p	MIMAT0028225	0.957395207724932
1780	SCUBE3	ENSG00000146197	hsa-miR-661	MIMAT0003324	0.957393370789258
1781	UBTD1	ENSG00000165886	hsa-miR-661	MIMAT0003324	0.957374435352336
1782	GTF2H5	ENSG00000272047	hsa-miR-940	MIMAT0004983	0.957270737156631
1783	MRPL20	ENSG00000242485	hsa-miR-6758-5p	MIMAT0027416	0.957268929758598
1784	ZBTB20	ENSG00000181722	hsa-miR-4695-5p	MIMAT0019788	0.957252643704032
1785	Z83844.1	ENSG00000100101	hsa-miR-5008-5p	MIMAT0021039	0.957247756768045
1786	EPOP	ENSG00000273604	hsa-miR-4292	MIMAT0016919	0.957235516357519
1787	NMNAT3	ENSG00000163864	hsa-miR-7855-5p	MIMAT0030430	0.957114435765097
1788	PDX1	ENSG00000139515	hsa-miR-765	MIMAT0003945	0.957111762326559
1789	EIF1	ENSG00000173812	hsa-miR-6127	MIMAT0024610	0.957082267555061
1790	DTWD2	ENSG00000169570	hsa-miR-3682-5p	MIMAT0019222	0.95695816390188
1791	AKAP7	ENSG00000118507	hsa-miR-4695-5p	MIMAT0019788	0.956946391319184
1792	OR12D3	ENSG00000112462	hsa-miR-765	MIMAT0003945	0.956897105602792
1793	C20orf96	ENSG00000196476	hsa-miR-6127	MIMAT0024610	0.956884169964344
1794	ECHDC2	ENSG00000121310	hsa-miR-4685-5p	MIMAT0019771	0.956877800664516
1795	LUZP1	ENSG00000169641	hsa-miR-661	MIMAT0003324	0.956837361674921
1796	PCDHA12	ENSG00000251664	hsa-miR-130a-5p	MIMAT0004593	0.956834301774648
1797	RBM18	ENSG00000119446	hsa-miR-661	MIMAT0003324	0.956813207410875
1798	LCOR	ENSG00000196233	hsa-miR-765	MIMAT0003945	0.956801061112231
1799	RORA	ENSG00000069667	hsa-miR-130a-5p	MIMAT0004593	0.956715765355099
1800	GABRB2	ENSG00000145864	hsa-miR-21-5p	MIMAT0000076	0.95669623127314
1801	ADAMTS12	ENSG00000151388	hsa-miR-4695-5p	MIMAT0019788	0.956621422906585
1802	PLEKHO2	ENSG00000241839	hsa-miR-4695-5p	MIMAT0019788	0.95658151029711
1803	PYROXD1	ENSG00000121350	hsa-miR-224-5p	MIMAT0000281	0.956559296223966
1804	XYLB	ENSG00000093217	hsa-miR-6758-5p	MIMAT0027416	0.956548113349651
1805	RPGRIP1L	ENSG00000103494	hsa-miR-1252-3p	MIMAT0026744	0.956502719043051
1806	MARS1	ENSG00000166986	hsa-miR-4685-5p	MIMAT0019771	0.956426263604297
1807	VPS35	ENSG00000069329	hsa-miR-6783-5p	MIMAT0027466	0.956415551816047
1808	SOGA3	ENSG00000214338	hsa-miR-3682-5p	MIMAT0019222	0.956414300415776
1809	URM1	ENSG00000167118	hsa-miR-5008-5p	MIMAT0021039	0.956389403570147
1810	SH2B3	ENSG00000111252	hsa-miR-940	MIMAT0004983	0.956339499675662
1811	FRMD4B	ENSG00000114541	hsa-miR-4465	MIMAT0018992	0.956327693565311
1812	GANC	ENSG00000214013	hsa-miR-6783-5p	MIMAT0027466	0.956298805184098
1813	GLG1	ENSG00000090863	hsa-miR-4695-5p	MIMAT0019788	0.956288829219968
1814	PHF21A	ENSG00000135365	hsa-miR-6758-5p	MIMAT0027416	0.956266108296292
1815	LYRM1	ENSG00000102897	hsa-miR-6127	MIMAT0024610	0.956244151581457
1816	TTL	ENSG00000114999	hsa-miR-940	MIMAT0004983	0.956238543382943
1817	TAOK1	ENSG00000160551	hsa-miR-1252-3p	MIMAT0026744	0.956205704897055
1818	KCNQ2	ENSG00000075043	hsa-miR-4292	MIMAT0016919	0.956199497268153
1819	LSAMP	ENSG00000185565	hsa-miR-1252-3p	MIMAT0026744	0.956144930871397
1820	ZFAND5	ENSG00000107372	hsa-miR-183-5p	MIMAT0000261	0.95613268466832
1821	AMMECR1L	ENSG00000144233	hsa-miR-4695-5p	MIMAT0019788	0.956112361546467
1822	CHD9	ENSG00000177200	hsa-miR-4695-5p	MIMAT0019788	0.956068249471356
1823	NUFIP2	ENSG00000108256	hsa-miR-6822-3p	MIMAT0027545	0.956066164832102
1824	CMSS1	ENSG00000184220	hsa-miR-130a-5p	MIMAT0004593	0.956056425977136
1825	C22orf39	ENSG00000242259	hsa-miR-4746-3p	MIMAT0019881	0.956053136383032
1826	TDG	ENSG00000139372	hsa-miR-1252-3p	MIMAT0026744	0.956049231304707
1827	ELOVL7	ENSG00000164181	hsa-miR-7157-3p	MIMAT0028225	0.956031610476122
1828	TNKS2	ENSG00000107854	hsa-miR-1252-3p	MIMAT0026744	0.955973239683247
1829	LIMD2	ENSG00000136490	hsa-miR-4458	MIMAT0018980	0.955957071401366
1830	PPP2R2B	ENSG00000156475	hsa-miR-130a-5p	MIMAT0004593	0.955900660014787
1831	SUCLG1	ENSG00000163541	hsa-miR-130a-5p	MIMAT0004593	0.95588521295407
1832	OR2H2	ENSG00000204657	hsa-miR-1911-5p	MIMAT0007885	0.95587422885899
1833	ADAMTSL4	ENSG00000143382	hsa-miR-940	MIMAT0004983	0.955868219158998
1834	C5AR1	ENSG00000197405	hsa-miR-765	MIMAT0003945	0.955866241749494
1835	SPRYD4	ENSG00000176422	hsa-miR-4695-5p	MIMAT0019788	0.955840410851139
1836	LMAN2L	ENSG00000114988	hsa-miR-4685-5p	MIMAT0019771	0.955831516730595
1837	ERMN	ENSG00000136541	hsa-miR-6758-5p	MIMAT0027416	0.955829542880325
1838	NPR3	ENSG00000113389	hsa-miR-1252-3p	MIMAT0026744	0.955809836013575
1839	PSAT1	ENSG00000135069	hsa-miR-6783-5p	MIMAT0027466	0.955785931402515
1840	C4orf17	ENSG00000138813	hsa-miR-4687-3p	MIMAT0019775	0.955763973295771
1841	PGLYRP4	ENSG00000163218	hsa-miR-5008-5p	MIMAT0021039	0.955712615525301
1842	BPIFB2	ENSG00000078898	hsa-miR-765	MIMAT0003945	0.955705388827908
1843	GIPC3	ENSG00000179855	hsa-miR-4685-5p	MIMAT0019771	0.955692885856783
1844	KPNA5	ENSG00000196911	hsa-miR-130a-5p	MIMAT0004593	0.955643478980087
1845	FBF1	ENSG00000188878	hsa-miR-657	MIMAT0003335	0.955629882412637
1846	PPFIA4	ENSG00000143847	hsa-miR-4695-5p	MIMAT0019788	0.955594565689973
1847	KAT7	ENSG00000136504	hsa-miR-6127	MIMAT0024610	0.955589957968258
1848	GXYLT1	ENSG00000151233	hsa-miR-5008-5p	MIMAT0021039	0.955589136254072
1849	GNG11	ENSG00000127920	hsa-miR-765	MIMAT0003945	0.955538842315408
1850	HIF3A	ENSG00000124440	hsa-miR-765	MIMAT0003945	0.955524377614583
1851	TTPAL	ENSG00000124120	hsa-miR-4465	MIMAT0018992	0.955520668377989
1852	VSTM5	ENSG00000214376	hsa-miR-6127	MIMAT0024610	0.955474177003896
1853	NSD3	ENSG00000147548	hsa-miR-1252-3p	MIMAT0026744	0.955466540310565
1854	INHBC	ENSG00000175189	hsa-miR-224-5p	MIMAT0000281	0.955382691162114
1855	FUBP1	ENSG00000162613	hsa-miR-224-5p	MIMAT0000281	0.955321089317681
1856	IGDCC4	ENSG00000103742	hsa-miR-1252-3p	MIMAT0026744	0.955257915734167
1857	AF196969.1	ENSG00000286268	hsa-miR-6127	MIMAT0024610	0.955241513947628
1858	C15orf39	ENSG00000167173	hsa-miR-5008-5p	MIMAT0021039	0.955204039912897
1859	GK	ENSG00000198814	hsa-miR-7157-3p	MIMAT0028225	0.955200486772841
1860	RNF217	ENSG00000146373	hsa-miR-130a-5p	MIMAT0004593	0.955150919429227
1861	IL6R	ENSG00000160712	hsa-miR-21-5p	MIMAT0000076	0.955103619465923
1862	DISC1	ENSG00000162946	hsa-miR-1911-5p	MIMAT0007885	0.955082046327874
1863	SLC7A14	ENSG00000013293	hsa-miR-1252-3p	MIMAT0026744	0.95505173244339
1864	MGA	ENSG00000174197	hsa-miR-6758-5p	MIMAT0027416	0.955034226793819
1865	MRPL11	ENSG00000174547	hsa-miR-661	MIMAT0003324	0.954999993290892
1866	WWP1	ENSG00000123124	hsa-miR-7157-3p	MIMAT0028225	0.954959610536162
1867	TTC13	ENSG00000143643	hsa-miR-4465	MIMAT0018992	0.954890333116716
1868	TGFBR1	ENSG00000106799	hsa-miR-4458	MIMAT0018980	0.95484904289423
1869	CEP89	ENSG00000121289	hsa-miR-4685-5p	MIMAT0019771	0.95482399611344
1870	LOXL3	ENSG00000115318	hsa-miR-661	MIMAT0003324	0.954778000262785
1871	CARD6	ENSG00000132357	hsa-miR-661	MIMAT0003324	0.954753201411547
1872	SMARCAD1	ENSG00000163104	hsa-miR-6758-5p	MIMAT0027416	0.954750496219913
1873	COL14A1	ENSG00000187955	hsa-miR-765	MIMAT0003945	0.954746614422395
1874	MSANTD2	ENSG00000120458	hsa-miR-1252-3p	MIMAT0026744	0.954746296265906
1875	SLITRK1	ENSG00000178235	hsa-miR-6783-5p	MIMAT0027466	0.954702234080308
1876	ZNF609	ENSG00000180357	hsa-miR-657	MIMAT0003335	0.954700082649749
1877	KCNJ10	ENSG00000177807	hsa-miR-21-5p	MIMAT0000076	0.954692761003098
1878	IRAK1BP1	ENSG00000146243	hsa-miR-21-5p	MIMAT0000076	0.954683875612724
1879	CHRAC1	ENSG00000104472	hsa-miR-224-5p	MIMAT0000281	0.95464397325458
1880	ACVR1B	ENSG00000135503	hsa-miR-4458	MIMAT0018980	0.954625274524421
1881	CEP76	ENSG00000101624	hsa-miR-224-5p	MIMAT0000281	0.954608814766149
1882	AHCTF1	ENSG00000153207	hsa-miR-4458	MIMAT0018980	0.954570771860007
1883	CPSF7	ENSG00000149532	hsa-miR-6127	MIMAT0024610	0.954536014663974
1884	DAZAP2	ENSG00000183283	hsa-miR-224-5p	MIMAT0000281	0.954518305185137
1885	BEST3	ENSG00000127325	hsa-miR-21-5p	MIMAT0000076	0.954274505206072
1886	EIF2B2	ENSG00000119718	hsa-miR-661	MIMAT0003324	0.954265370121791
1887	EIF1	ENSG00000173812	hsa-miR-1252-3p	MIMAT0026744	0.954240576906091
1888	SMC1A	ENSG00000072501	hsa-miR-4458	MIMAT0018980	0.954226728301038
1889	RELA	ENSG00000173039	hsa-miR-4446-3p	MIMAT0018965	0.954213790377032
1890	AKR1C8P	ENSG00000264006	hsa-miR-4685-5p	MIMAT0019771	0.954201785376144
1891	RMI2	ENSG00000175643	hsa-miR-4458	MIMAT0018980	0.954178541670891
1892	TBC1D10B	ENSG00000169221	hsa-miR-657	MIMAT0003335	0.954150134445548
1893	STAC	ENSG00000144681	hsa-miR-6758-5p	MIMAT0027416	0.954121449834518
1894	SSH2	ENSG00000141298	hsa-miR-940	MIMAT0004983	0.95411284752746
1895	KHNYN	ENSG00000100441	hsa-miR-661	MIMAT0003324	0.954093647155918
1896	EZH1	ENSG00000108799	hsa-miR-765	MIMAT0003945	0.954070603066776
1897	MUC21	ENSG00000204544	hsa-miR-6783-5p	MIMAT0027466	0.954068437480179
1898	ZNF92	ENSG00000146757	hsa-miR-4465	MIMAT0018992	0.954026106962814
1899	VWC2	ENSG00000188730	hsa-miR-1252-3p	MIMAT0026744	0.954025138607676
1900	MPZ	ENSG00000158887	hsa-miR-661	MIMAT0003324	0.953992857701475
1901	OLA1	ENSG00000138430	hsa-miR-130a-5p	MIMAT0004593	0.953980264883856
1902	GPATCH8	ENSG00000186566	hsa-miR-6127	MIMAT0024610	0.953950548598779
1903	CEP76	ENSG00000101624	hsa-miR-4465	MIMAT0018992	0.953947645492761
1904	MMP19	ENSG00000123342	hsa-miR-661	MIMAT0003324	0.953939212999821
1905	AGAP1	ENSG00000157985	hsa-miR-6783-5p	MIMAT0027466	0.95392423603954
1906	CSRP1	ENSG00000159176	hsa-miR-224-5p	MIMAT0000281	0.953858323102454
1907	PLEKHA1	ENSG00000107679	hsa-miR-21-5p	MIMAT0000076	0.95385452313722
1908	RASGRF2	ENSG00000113319	hsa-miR-1252-3p	MIMAT0026744	0.953812198196179
1909	PAIP2B	ENSG00000124374	hsa-miR-6783-5p	MIMAT0027466	0.953800047909898
1910	UBE4B	ENSG00000130939	hsa-miR-4465	MIMAT0018992	0.953774876114403
1911	MEFV	ENSG00000103313	hsa-miR-5008-5p	MIMAT0021039	0.953741745221841
1912	OLFM3	ENSG00000118733	hsa-miR-1252-3p	MIMAT0026744	0.953665641351746
1913	PRLR	ENSG00000113494	hsa-miR-765	MIMAT0003945	0.953613628742838
1914	SNCAIP	ENSG00000064692	hsa-miR-4687-3p	MIMAT0019775	0.953612520718527
1915	SLC35F5	ENSG00000115084	hsa-miR-1252-3p	MIMAT0026744	0.953604648938342
1916	DVL3	ENSG00000161202	hsa-miR-6758-5p	MIMAT0027416	0.953580820680433
1917	BCL7A	ENSG00000110987	hsa-miR-6783-5p	MIMAT0027466	0.953525380558175
1918	F13A1	ENSG00000124491	hsa-miR-1252-3p	MIMAT0026744	0.953515718812767
1919	VWA1	ENSG00000179403	hsa-miR-625-3p	MIMAT0004808	0.953508424136615
1920	JADE2	ENSG00000043143	hsa-miR-130a-5p	MIMAT0004593	0.953504852144038
1921	AC002094.3	ENSG00000273171	hsa-miR-4685-5p	MIMAT0019771	0.953487019297341
1922	ZDHHC11	ENSG00000188818	hsa-miR-7157-3p	MIMAT0028225	0.953479962709126
1923	DCT	ENSG00000080166	hsa-miR-625-3p	MIMAT0004808	0.953446088208959
1924	LRRIQ3	ENSG00000162620	hsa-miR-130a-5p	MIMAT0004593	0.953423873131618
1925	ZSWIM5	ENSG00000162415	hsa-miR-4695-5p	MIMAT0019788	0.953393050869165
1926	MYT1L	ENSG00000186487	hsa-miR-1252-3p	MIMAT0026744	0.953364138619997
1927	ALDH5A1	ENSG00000112294	hsa-miR-7157-3p	MIMAT0028225	0.953360661410503
1928	BASP1	ENSG00000176788	hsa-miR-6758-5p	MIMAT0027416	0.953355890925186
1929	ARHGEF33	ENSG00000214694	hsa-miR-1911-5p	MIMAT0007885	0.953321515190646
1930	ZNF730	ENSG00000183850	hsa-miR-4465	MIMAT0018992	0.953299463563208
1931	DERL2	ENSG00000072849	hsa-miR-6127	MIMAT0024610	0.953251273025618
1932	KCNJ6	ENSG00000157542	hsa-miR-5008-5p	MIMAT0021039	0.953249243092337
1933	COL25A1	ENSG00000188517	hsa-miR-183-5p	MIMAT0000261	0.953242706325433
1934	HACD2	ENSG00000206527	hsa-miR-1252-3p	MIMAT0026744	0.953230341450202
1935	JADE3	ENSG00000102221	hsa-miR-6783-5p	MIMAT0027466	0.953214444483636
1936	AGO3	ENSG00000126070	hsa-miR-6783-5p	MIMAT0027466	0.953212130882014
1937	NNT	ENSG00000112992	hsa-miR-4695-5p	MIMAT0019788	0.953211187739718
1938	INKA2	ENSG00000197852	hsa-miR-4695-5p	MIMAT0019788	0.95319040460641
1939	AGO1	ENSG00000092847	hsa-miR-765	MIMAT0003945	0.953166514291723
1940	ZNF324B	ENSG00000249471	hsa-miR-4695-5p	MIMAT0019788	0.953164610636988
1941	WNK1	ENSG00000060237	hsa-miR-6127	MIMAT0024610	0.953086521953513
1942	TPD52L3	ENSG00000170777	hsa-miR-92a-1-5p	MIMAT0004507	0.9529818668646
1943	STOX2	ENSG00000173320	hsa-miR-765	MIMAT0003945	0.952959220246396
1944	KLRD1	ENSG00000134539	hsa-miR-1252-3p	MIMAT0026744	0.95294888019237
1945	ADAMTS4	ENSG00000158859	hsa-miR-940	MIMAT0004983	0.95293291744324
1946	CSRNP3	ENSG00000178662	hsa-miR-657	MIMAT0003335	0.95291431886003
1947	ANKRD20A2P	ENSG00000183148	hsa-miR-5008-5p	MIMAT0021039	0.952812036593334
1948	RAP2C	ENSG00000123728	hsa-miR-1252-3p	MIMAT0026744	0.952754874820641
1949	NTRK3	ENSG00000140538	hsa-miR-765	MIMAT0003945	0.952736721890106
1950	IL18BP	ENSG00000137496	hsa-miR-7855-5p	MIMAT0030430	0.9527066132917
1951	HCFC2	ENSG00000111727	hsa-miR-1252-3p	MIMAT0026744	0.952666116427341
1952	ELP4	ENSG00000109911	hsa-miR-7157-3p	MIMAT0028225	0.952599408367387
1953	SYNGR1	ENSG00000100321	hsa-miR-4292	MIMAT0016919	0.95259656939228
1954	THSD7B	ENSG00000144229	hsa-miR-224-5p	MIMAT0000281	0.952583127027591
1955	TRPC3	ENSG00000138741	hsa-miR-4465	MIMAT0018992	0.952568721475861
1956	STAT5B	ENSG00000173757	hsa-miR-5008-5p	MIMAT0021039	0.952548099634461
1957	VEGFC	ENSG00000150630	hsa-miR-4687-3p	MIMAT0019775	0.952539754260635
1958	ABCA1	ENSG00000165029	hsa-miR-224-5p	MIMAT0000281	0.952524901076291
1959	BRMS1L	ENSG00000100916	hsa-miR-183-5p	MIMAT0000261	0.952507306046153
1960	CLTCL1	ENSG00000070371	hsa-miR-6783-5p	MIMAT0027466	0.952497239920862
1961	IQSEC1	ENSG00000144711	hsa-miR-92a-1-5p	MIMAT0004507	0.952474292853385
1962	PDE5A	ENSG00000138735	hsa-miR-765	MIMAT0003945	0.952473614038426
1963	RTN4	ENSG00000115310	hsa-miR-21-5p	MIMAT0000076	0.952473456853731
1964	TENM4	ENSG00000149256	hsa-miR-6758-5p	MIMAT0027416	0.952468759975643
1965	CIITA	ENSG00000179583	hsa-miR-4695-5p	MIMAT0019788	0.952433800834415
1966	UBE2D1	ENSG00000072401	hsa-miR-4687-3p	MIMAT0019775	0.952432936023285
1967	VLDLR	ENSG00000147852	hsa-miR-7157-3p	MIMAT0028225	0.952429805195413
1968	HAUS4	ENSG00000092036	hsa-miR-4695-5p	MIMAT0019788	0.952412527643365
1969	DNAL1	ENSG00000119661	hsa-miR-661	MIMAT0003324	0.952412038067117
1970	SNRPD3	ENSG00000100028	hsa-miR-7157-3p	MIMAT0028225	0.952410656052889
1971	MSH6	ENSG00000116062	hsa-miR-7855-5p	MIMAT0030430	0.952369250341532
1972	FAM124B	ENSG00000124019	hsa-miR-661	MIMAT0003324	0.952367311881296
1973	RAB21	ENSG00000080371	hsa-miR-183-5p	MIMAT0000261	0.952363264519624
1974	PHF3	ENSG00000118482	hsa-miR-1252-3p	MIMAT0026744	0.952356043340319
1975	FAT2	ENSG00000086570	hsa-miR-661	MIMAT0003324	0.952334256481322
1976	CDYL2	ENSG00000166446	hsa-miR-765	MIMAT0003945	0.952309564998676
1977	CAND1	ENSG00000111530	hsa-miR-1252-3p	MIMAT0026744	0.95229110552769
1978	KLRD1	ENSG00000134539	hsa-miR-6783-5p	MIMAT0027466	0.952281408727433
1979	SERPINA6	ENSG00000170099	hsa-miR-765	MIMAT0003945	0.952276468477273
1980	DDI2	ENSG00000197312	hsa-miR-4446-3p	MIMAT0018965	0.952225115878
1981	KIF13A	ENSG00000137177	hsa-miR-183-5p	MIMAT0000261	0.952224592144477
1982	KPNA6	ENSG00000025800	hsa-miR-4465	MIMAT0018992	0.952218282126608
1983	HAND1	ENSG00000113196	hsa-miR-4458	MIMAT0018980	0.952209923103314
1984	EPB41	ENSG00000159023	hsa-miR-6822-3p	MIMAT0027545	0.952200842133541
1985	UBA2	ENSG00000126261	hsa-miR-6783-5p	MIMAT0027466	0.952176882238074
1986	MAP3K9	ENSG00000006432	hsa-miR-4446-3p	MIMAT0018965	0.95214317137444
1987	POU2F2	ENSG00000028277	hsa-miR-4685-5p	MIMAT0019771	0.952110023750357
1988	TMEM200C	ENSG00000206432	hsa-miR-1252-3p	MIMAT0026744	0.952106448086686
1989	DACH2	ENSG00000126733	hsa-miR-1252-3p	MIMAT0026744	0.952103192940119
1990	RNF185	ENSG00000138942	hsa-miR-765	MIMAT0003945	0.952075807446485
1991	DISP1	ENSG00000154309	hsa-miR-4687-3p	MIMAT0019775	0.952059561221577
1992	CLN6	ENSG00000128973	hsa-miR-5008-5p	MIMAT0021039	0.952046968407844
1993	MRPL27	ENSG00000108826	hsa-miR-4685-5p	MIMAT0019771	0.952004448931971
1994	KCNMA1	ENSG00000156113	hsa-miR-940	MIMAT0004983	0.951999654051299
1995	GULP1	ENSG00000144366	hsa-miR-1252-3p	MIMAT0026744	0.951994542661837
1996	ZBTB2	ENSG00000181472	hsa-miR-5008-5p	MIMAT0021039	0.951986561727006
1997	RUNX1T1	ENSG00000079102	hsa-miR-130a-5p	MIMAT0004593	0.951893852630858
1998	FOS	ENSG00000170345	hsa-miR-5008-5p	MIMAT0021039	0.951893311739077
1999	CPEB4	ENSG00000113742	hsa-miR-130a-5p	MIMAT0004593	0.951890885776899
2000	HOXA13	ENSG00000106031	hsa-miR-765	MIMAT0003945	0.95188410987877
2001	AL139260.3	ENSG00000274944	hsa-miR-224-5p	MIMAT0000281	0.95185558715858
2002	ADAMTSL5	ENSG00000185761	hsa-miR-6783-5p	MIMAT0027466	0.951821485738093
2003	PEX19	ENSG00000162735	hsa-miR-183-5p	MIMAT0000261	0.951779915747271
2004	ERCC5	ENSG00000134899	hsa-miR-4695-5p	MIMAT0019788	0.951765623205353
2005	SERBP1	ENSG00000142864	hsa-miR-3682-5p	MIMAT0019222	0.951765153602932
2006	DSE	ENSG00000111817	hsa-miR-4695-5p	MIMAT0019788	0.951752003468958
2007	ANKS1A	ENSG00000064999	hsa-miR-4465	MIMAT0018992	0.951738307066342
2008	WNT2B	ENSG00000134245	hsa-miR-4695-5p	MIMAT0019788	0.951728493954324
2009	CASP2	ENSG00000106144	hsa-miR-6822-3p	MIMAT0027545	0.95170669313848
2010	XKR4	ENSG00000206579	hsa-miR-7157-3p	MIMAT0028225	0.951695683880472
2011	LHFPL4	ENSG00000156959	hsa-miR-6127	MIMAT0024610	0.951684199042434
2012	CSRNP3	ENSG00000178662	hsa-miR-1252-3p	MIMAT0026744	0.951683504978521
2013	KLLN	ENSG00000227268	hsa-miR-6783-5p	MIMAT0027466	0.951673367377926
2014	APOBEC3F	ENSG00000128394	hsa-miR-4695-5p	MIMAT0019788	0.951633586626519
2015	RASGRF1	ENSG00000058335	hsa-miR-661	MIMAT0003324	0.951608332565599
2016	GRN	ENSG00000030582	hsa-miR-5008-5p	MIMAT0021039	0.951597515876376
2017	TMEM26	ENSG00000196932	hsa-miR-765	MIMAT0003945	0.951586145468349
2018	IARS1	ENSG00000196305	hsa-miR-4465	MIMAT0018992	0.951566278195585
2019	PLOD2	ENSG00000152952	hsa-miR-4465	MIMAT0018992	0.951555703676273
2020	SMARCA2	ENSG00000080503	hsa-miR-224-5p	MIMAT0000281	0.951541347849254
2021	ZBTB20	ENSG00000181722	hsa-miR-6758-5p	MIMAT0027416	0.951535449341241
2022	TMEM161B	ENSG00000164180	hsa-miR-7855-5p	MIMAT0030430	0.951511552575838
2023	SRSF10	ENSG00000188529	hsa-miR-3682-5p	MIMAT0019222	0.951499980817492
2024	SSR1	ENSG00000124783	hsa-miR-940	MIMAT0004983	0.951478373678191
2025	MFSD6	ENSG00000151690	hsa-miR-183-5p	MIMAT0000261	0.951455979534126
2026	GPR61	ENSG00000156097	hsa-miR-4458	MIMAT0018980	0.951419338273981
2027	WASL	ENSG00000106299	hsa-miR-1252-3p	MIMAT0026744	0.951345760916456
2028	FGB	ENSG00000171564	hsa-miR-7855-5p	MIMAT0030430	0.951329665739382
2029	BARD1	ENSG00000138376	hsa-miR-4465	MIMAT0018992	0.951328508191205
2030	DIAPH1	ENSG00000131504	hsa-miR-5008-5p	MIMAT0021039	0.951326279974912
2031	PDE1C	ENSG00000154678	hsa-miR-1252-3p	MIMAT0026744	0.951322855568992
2032	TMEM30B	ENSG00000182107	hsa-miR-130a-5p	MIMAT0004593	0.951285021740353
2033	PTPRD	ENSG00000153707	hsa-miR-4458	MIMAT0018980	0.951253731461143
2034	PWWP2A	ENSG00000170234	hsa-miR-3682-5p	MIMAT0019222	0.951244260535412
2035	CRYBG1	ENSG00000112297	hsa-miR-7855-5p	MIMAT0030430	0.951229058594503
2036	VMA21	ENSG00000160131	hsa-miR-1252-3p	MIMAT0026744	0.951203410186663
2037	CDC42SE1	ENSG00000197622	hsa-miR-6127	MIMAT0024610	0.951181580306837
2038	TRIM67	ENSG00000119283	hsa-miR-4695-5p	MIMAT0019788	0.951126082693746
2039	RSBN1	ENSG00000081019	hsa-miR-183-5p	MIMAT0000261	0.95111420766819
2040	PDE4B	ENSG00000184588	hsa-miR-4465	MIMAT0018992	0.951048487731319
2041	STK38	ENSG00000112079	hsa-miR-4687-3p	MIMAT0019775	0.951017456718918
2042	PDE10A	ENSG00000112541	hsa-miR-4465	MIMAT0018992	0.950997631472072
2043	SYNDIG1	ENSG00000101463	hsa-miR-4685-5p	MIMAT0019771	0.950968297014256
2044	GDPD1	ENSG00000153982	hsa-miR-1252-3p	MIMAT0026744	0.950965784949276
2045	DRP2	ENSG00000102385	hsa-miR-92a-1-5p	MIMAT0004507	0.950963724124662
2046	UNC5B	ENSG00000107731	hsa-miR-4695-5p	MIMAT0019788	0.95095717092323
2047	CALCOCO1	ENSG00000012822	hsa-miR-6758-5p	MIMAT0027416	0.95095621525625
2048	PLCB4	ENSG00000101333	hsa-miR-4695-5p	MIMAT0019788	0.950934066472869
2049	JARID2	ENSG00000008083	hsa-miR-4465	MIMAT0018992	0.950929461839413
2050	NOL4L	ENSG00000197183	hsa-miR-7855-5p	MIMAT0030430	0.95089090658936
2051	WDR73	ENSG00000177082	hsa-miR-92a-1-5p	MIMAT0004507	0.950884475846779
2052	APOBEC3F	ENSG00000128394	hsa-miR-940	MIMAT0004983	0.950874213602016
2053	CAPRIN2	ENSG00000110888	hsa-miR-4458	MIMAT0018980	0.950850237858729
2054	MGAT3	ENSG00000128268	hsa-miR-6127	MIMAT0024610	0.950830414697759
2055	GABRD	ENSG00000187730	hsa-miR-6127	MIMAT0024610	0.950818718682566
2056	RBMX	ENSG00000147274	hsa-miR-765	MIMAT0003945	0.950812004063483
2057	KDM2A	ENSG00000173120	hsa-miR-6127	MIMAT0024610	0.950781301042745
2058	NPLOC4	ENSG00000182446	hsa-miR-661	MIMAT0003324	0.95076565774498
2059	CHCHD4	ENSG00000163528	hsa-miR-4685-5p	MIMAT0019771	0.950762587086428
2060	MINDY2	ENSG00000128923	hsa-miR-21-5p	MIMAT0000076	0.950755014168443
2061	ZMAT3	ENSG00000172667	hsa-miR-1252-3p	MIMAT0026744	0.950715966968141
2062	ZNF860	ENSG00000197385	hsa-miR-224-5p	MIMAT0000281	0.950696441935769
2063	CHAC1	ENSG00000128965	hsa-miR-4465	MIMAT0018992	0.950694839706443
2064	CASR	ENSG00000036828	hsa-miR-765	MIMAT0003945	0.950691912080939
2065	GPR45	ENSG00000135973	hsa-miR-1911-5p	MIMAT0007885	0.950683341782471
2066	CIZ1	ENSG00000148337	hsa-miR-765	MIMAT0003945	0.950650185148954
2067	JADE2	ENSG00000043143	hsa-miR-183-5p	MIMAT0000261	0.950642362446953
2068	SUMO4	ENSG00000177688	hsa-miR-4687-3p	MIMAT0019775	0.950625927844092
2069	STIM1	ENSG00000167323	hsa-miR-6127	MIMAT0024610	0.950623592423167
2070	CMYA5	ENSG00000164309	hsa-miR-765	MIMAT0003945	0.950616355585756
2071	CD8B2	ENSG00000254126	hsa-miR-7157-3p	MIMAT0028225	0.950535264110249
2072	SLC38A6	ENSG00000139974	hsa-miR-1252-3p	MIMAT0026744	0.950502951707562
2073	RALY	ENSG00000125970	hsa-miR-92a-1-5p	MIMAT0004507	0.950481314486802
2074	CD200	ENSG00000091972	hsa-miR-224-5p	MIMAT0000281	0.95045941439392
2075	TUB	ENSG00000166402	hsa-miR-940	MIMAT0004983	0.950428393067149
2076	PITPNC1	ENSG00000154217	hsa-miR-1252-3p	MIMAT0026744	0.950387768775363
2077	TPRG1	ENSG00000188001	hsa-miR-6758-5p	MIMAT0027416	0.950305223254232
2078	WDTC1	ENSG00000142784	hsa-miR-4446-3p	MIMAT0018965	0.950282890123175
2079	ADCK1	ENSG00000063761	hsa-miR-765	MIMAT0003945	0.950266215385541
2080	NUMA1	ENSG00000137497	hsa-miR-4695-5p	MIMAT0019788	0.950256484637517
2081	OSBPL8	ENSG00000091039	hsa-miR-130a-5p	MIMAT0004593	0.950250767199329
2082	KCNMB1	ENSG00000145936	hsa-miR-183-5p	MIMAT0000261	0.950242727337555
2083	PTPRG	ENSG00000144724	hsa-miR-1252-3p	MIMAT0026744	0.950217855894893
2084	DLST	ENSG00000119689	hsa-miR-5008-5p	MIMAT0021039	0.950205082624749
2085	HOOK3	ENSG00000168172	hsa-miR-224-5p	MIMAT0000281	0.950133091547957
2086	B3GNT2	ENSG00000170340	hsa-miR-5008-5p	MIMAT0021039	0.950123709636912
2087	AKIRIN1	ENSG00000174574	hsa-miR-224-5p	MIMAT0000281	0.950123070078336
2088	IKBKE	ENSG00000263528	hsa-miR-4695-5p	MIMAT0019788	0.950062171060552
2089	AMD1	ENSG00000123505	hsa-miR-661	MIMAT0003324	0.949991660961096
2090	WDR20	ENSG00000140153	hsa-miR-4465	MIMAT0018992	0.949969431179367
2091	CEP97	ENSG00000182504	hsa-miR-1252-3p	MIMAT0026744	0.949951789286903
2092	SPDYE11	ENSG00000286228	hsa-miR-765	MIMAT0003945	0.949942200179724
2093	NCOA4	ENSG00000266412	hsa-miR-940	MIMAT0004983	0.94991206663284
2094	CHRNA4	ENSG00000101204	hsa-miR-4685-5p	MIMAT0019771	0.94988293285762
2095	ZNF772	ENSG00000197128	hsa-miR-6783-5p	MIMAT0027466	0.949877714291437
2096	GRIN2B	ENSG00000273079	hsa-miR-6783-5p	MIMAT0027466	0.949861393986535
2097	APOL6	ENSG00000221963	hsa-miR-4695-5p	MIMAT0019788	0.949787520585605
2098	BZW2	ENSG00000136261	hsa-miR-4458	MIMAT0018980	0.949780633443204
2099	PCDHA4	ENSG00000204967	hsa-miR-4458	MIMAT0018980	0.949775623612013
2100	WSCD1	ENSG00000179314	hsa-miR-4685-5p	MIMAT0019771	0.949772616841397
2101	SF1	ENSG00000168066	hsa-miR-7855-5p	MIMAT0030430	0.949755275656742
2102	SPDYE8	ENSG00000273520	hsa-miR-765	MIMAT0003945	0.949740339345361
2103	C2orf72	ENSG00000204128	hsa-miR-224-5p	MIMAT0000281	0.949729625967101
2104	SLFN14	ENSG00000236320	hsa-miR-6758-5p	MIMAT0027416	0.949699303148722
2105	HIPK2	ENSG00000064393	hsa-miR-4685-5p	MIMAT0019771	0.949674595482199
2106	AC068547.1	ENSG00000283228	hsa-miR-7157-3p	MIMAT0028225	0.949672618128849
2107	IL10	ENSG00000136634	hsa-miR-4458	MIMAT0018980	0.949620408988817
2108	CTTNBP2NL	ENSG00000143079	hsa-miR-1252-3p	MIMAT0026744	0.949619125969326
2109	SMARCD1	ENSG00000066117	hsa-miR-940	MIMAT0004983	0.94959803387684
2110	BTF3L4	ENSG00000134717	hsa-miR-1252-3p	MIMAT0026744	0.949557656347256
2111	KIF21B	ENSG00000116852	hsa-miR-6783-5p	MIMAT0027466	0.949501915526741
2112	DDN	ENSG00000181418	hsa-miR-4458	MIMAT0018980	0.949456246057493
2113	SUPT4H1	ENSG00000213246	hsa-miR-6127	MIMAT0024610	0.949439887020001
2114	REV3L	ENSG00000009413	hsa-miR-765	MIMAT0003945	0.949432480750835
2115	TASOR2	ENSG00000108021	hsa-miR-1252-3p	MIMAT0026744	0.949415266589452
2116	PPP1R13L	ENSG00000104881	hsa-miR-940	MIMAT0004983	0.949401321357154
2117	IDH2	ENSG00000182054	hsa-miR-183-5p	MIMAT0000261	0.949375850431242
2118	FAM83F	ENSG00000133477	hsa-miR-940	MIMAT0004983	0.949346002521182
2119	TET3	ENSG00000187605	hsa-miR-6127	MIMAT0024610	0.949285412520421
2120	SAMD12	ENSG00000177570	hsa-miR-4465	MIMAT0018992	0.949238137918466
2121	TUBA4B	ENSG00000243910	hsa-miR-4685-5p	MIMAT0019771	0.949231154786134
2122	ZNF746	ENSG00000181220	hsa-miR-1252-3p	MIMAT0026744	0.949226503022814
2123	ARHGAP42	ENSG00000165895	hsa-miR-4695-5p	MIMAT0019788	0.949212259731388
2124	AGO2	ENSG00000123908	hsa-miR-4687-3p	MIMAT0019775	0.949198707261244
2125	ZNF850	ENSG00000267041	hsa-miR-4695-5p	MIMAT0019788	0.949194866179024
2126	RASA2	ENSG00000155903	hsa-miR-1911-5p	MIMAT0007885	0.949182459348929
2127	IKBKE	ENSG00000263528	hsa-miR-6127	MIMAT0024610	0.949173520960252
2128	CSF2RA	ENSG00000198223	hsa-miR-4695-5p	MIMAT0019788	0.949125706367035
2129	TKFC	ENSG00000149476	hsa-miR-661	MIMAT0003324	0.94910192836957
2130	NANP	ENSG00000170191	hsa-miR-92a-1-5p	MIMAT0004507	0.949067090715916
2131	CCDC71	ENSG00000177352	hsa-miR-224-5p	MIMAT0000281	0.949059390848385
2132	VSNL1	ENSG00000163032	hsa-miR-1252-3p	MIMAT0026744	0.949056593529638
2133	ARHGAP24	ENSG00000138639	hsa-miR-21-5p	MIMAT0000076	0.949036800942198
2134	FLRT2	ENSG00000185070	hsa-miR-130a-5p	MIMAT0004593	0.949000806127549
2135	CYSRT1	ENSG00000197191	hsa-miR-661	MIMAT0003324	0.948937681726281
2136	SAA2	ENSG00000134339	hsa-miR-661	MIMAT0003324	0.948885692565919
2137	SMAD4	ENSG00000141646	hsa-miR-6822-3p	MIMAT0027545	0.948819151512948
2138	ANKS6	ENSG00000165138	hsa-miR-4695-5p	MIMAT0019788	0.948818906453416
2139	PPP2CA	ENSG00000113575	hsa-miR-4687-3p	MIMAT0019775	0.94881358851883
2140	PTCH1	ENSG00000185920	hsa-miR-183-5p	MIMAT0000261	0.948805404071945
2141	GFRA1	ENSG00000151892	hsa-miR-3682-5p	MIMAT0019222	0.948794149240515
2142	CCDC50	ENSG00000152492	hsa-miR-1252-3p	MIMAT0026744	0.948786237569474
2143	TMEM211	ENSG00000206069	hsa-miR-4458	MIMAT0018980	0.948785714203403
2144	ASB8	ENSG00000177981	hsa-miR-6127	MIMAT0024610	0.948784104771202
2145	OARD1	ENSG00000124596	hsa-miR-6758-5p	MIMAT0027416	0.948762744526706
2146	ANKRD52	ENSG00000139645	hsa-miR-4685-5p	MIMAT0019771	0.948760685509749
2147	GRAMD1B	ENSG00000023171	hsa-miR-130a-5p	MIMAT0004593	0.948753047321822
2148	ATXN7L3	ENSG00000087152	hsa-miR-4292	MIMAT0016919	0.948743926611452
2149	RANBP10	ENSG00000141084	hsa-miR-940	MIMAT0004983	0.948728063400671
2150	RIMKLA	ENSG00000177181	hsa-miR-1252-3p	MIMAT0026744	0.948720375342796
2151	CD209	ENSG00000090659	hsa-miR-4695-5p	MIMAT0019788	0.948701339447846
2152	AGPAT5	ENSG00000155189	hsa-miR-183-5p	MIMAT0000261	0.948688237882759
2153	STRIP1	ENSG00000143093	hsa-miR-7157-3p	MIMAT0028225	0.948676584741893
2154	NCDN	ENSG00000020129	hsa-miR-4292	MIMAT0016919	0.948669501464856
2155	ZFYVE26	ENSG00000072121	hsa-miR-183-5p	MIMAT0000261	0.948656134934769
2156	ARID4B	ENSG00000054267	hsa-miR-183-5p	MIMAT0000261	0.948647566654177
2157	DLGAP1	ENSG00000170579	hsa-miR-6783-5p	MIMAT0027466	0.948632098585664
2158	CLDN12	ENSG00000157224	hsa-miR-6783-5p	MIMAT0027466	0.948592450956955
2159	NRXN2	ENSG00000110076	hsa-miR-4685-5p	MIMAT0019771	0.948591662845266
2160	ZDHHC22	ENSG00000177108	hsa-miR-4695-5p	MIMAT0019788	0.94854486132259
2161	MRRF	ENSG00000148187	hsa-miR-6783-5p	MIMAT0027466	0.948502649049444
2162	INTS6	ENSG00000102786	hsa-miR-1252-3p	MIMAT0026744	0.948474413235344
2163	ZBTB37	ENSG00000185278	hsa-miR-1252-3p	MIMAT0026744	0.948436755088288
2164	ST3GAL6	ENSG00000064225	hsa-miR-21-5p	MIMAT0000076	0.94842330561852
2165	SKP2	ENSG00000145604	hsa-miR-4465	MIMAT0018992	0.948401176434526
2166	FUT8	ENSG00000033170	hsa-miR-1911-5p	MIMAT0007885	0.948373189205501
2167	NUDT4	ENSG00000173598	hsa-miR-1252-3p	MIMAT0026744	0.948346310324899
2168	SNN	ENSG00000184602	hsa-miR-4465	MIMAT0018992	0.948314857218109
2169	ZNF587	ENSG00000198466	hsa-miR-4695-5p	MIMAT0019788	0.948311025852104
2170	ATXN2L	ENSG00000168488	hsa-miR-6783-5p	MIMAT0027466	0.948294884177715
2171	PPP1R12B	ENSG00000077157	hsa-miR-6127	MIMAT0024610	0.948292836402255
2172	ABCC5	ENSG00000114770	hsa-miR-940	MIMAT0004983	0.948248173846062
2173	CCPG1	ENSG00000260916	hsa-miR-224-5p	MIMAT0000281	0.948247159281989
2174	SLC39A10	ENSG00000196950	hsa-miR-765	MIMAT0003945	0.948206126806416
2175	MCU	ENSG00000156026	hsa-miR-1252-3p	MIMAT0026744	0.948152642848522
2176	YAF2	ENSG00000015153	hsa-miR-4465	MIMAT0018992	0.948151573081328
2177	PHACTR2	ENSG00000112419	hsa-miR-130a-5p	MIMAT0004593	0.948139317709506
2178	JPH2	ENSG00000149596	hsa-miR-765	MIMAT0003945	0.94813697822002
2179	URM1	ENSG00000167118	hsa-miR-765	MIMAT0003945	0.948091563623487
2180	PFDN6	ENSG00000204220	hsa-miR-7855-5p	MIMAT0030430	0.94808246282993
2181	MBD2	ENSG00000134046	hsa-miR-4458	MIMAT0018980	0.948074696577251
2182	SCD	ENSG00000099194	hsa-miR-661	MIMAT0003324	0.94805382558583
2183	CNTD1	ENSG00000176563	hsa-miR-6783-5p	MIMAT0027466	0.948034124581265
2184	NUDC	ENSG00000090273	hsa-miR-5008-5p	MIMAT0021039	0.948027760180369
2185	RPL34	ENSG00000109475	hsa-miR-224-5p	MIMAT0000281	0.948020067939155
2186	STRADA	ENSG00000266173	hsa-miR-940	MIMAT0004983	0.948007843376842
2187	STRN	ENSG00000115808	hsa-miR-940	MIMAT0004983	0.948001052847965
2188	NPAT	ENSG00000149308	hsa-miR-6783-5p	MIMAT0027466	0.947990300157855
2189	ARMC2	ENSG00000118690	hsa-miR-6127	MIMAT0024610	0.947969219966701
2190	BACE1	ENSG00000186318	hsa-miR-4446-3p	MIMAT0018965	0.947952864497569
2191	SLC4A4	ENSG00000080493	hsa-miR-1252-3p	MIMAT0026744	0.947830663537427
2192	HNRNPA0	ENSG00000177733	hsa-miR-224-5p	MIMAT0000281	0.947813387286145
2193	CDH23	ENSG00000107736	hsa-miR-6127	MIMAT0024610	0.947798771155992
2194	ELF2	ENSG00000109381	hsa-miR-21-5p	MIMAT0000076	0.947791880471559
2195	DGKH	ENSG00000102780	hsa-miR-130a-5p	MIMAT0004593	0.947777260356329
2196	FNDC3A	ENSG00000102531	hsa-miR-1252-3p	MIMAT0026744	0.947725014040928
2197	AP2M1	ENSG00000161203	hsa-miR-765	MIMAT0003945	0.947715559257364
2198	SLC9A6	ENSG00000198689	hsa-miR-7157-3p	MIMAT0028225	0.947714439584936
2199	CUL1	ENSG00000055130	hsa-miR-4458	MIMAT0018980	0.947696839932323
2200	TOP3B	ENSG00000100038	hsa-miR-4685-5p	MIMAT0019771	0.947663204772135
2201	KLK4	ENSG00000167749	hsa-miR-765	MIMAT0003945	0.947656263754179
2202	STXBP4	ENSG00000166263	hsa-miR-1252-3p	MIMAT0026744	0.947633106781001
2203	METRN	ENSG00000103260	hsa-miR-4685-5p	MIMAT0019771	0.947618458886269
2204	CHAF1A	ENSG00000167670	hsa-miR-4465	MIMAT0018992	0.947610170713587
2205	RBM24	ENSG00000112183	hsa-miR-4465	MIMAT0018992	0.947603408000764
2206	SCN2A	ENSG00000136531	hsa-miR-130a-5p	MIMAT0004593	0.947531683446461
2207	ABCG4	ENSG00000172350	hsa-miR-765	MIMAT0003945	0.947523360131418
2208	HDX	ENSG00000165259	hsa-miR-4458	MIMAT0018980	0.947506660515793
2209	ZBTB37	ENSG00000185278	hsa-miR-765	MIMAT0003945	0.947483591409382
2210	CADM4	ENSG00000105767	hsa-miR-765	MIMAT0003945	0.947480601343104
2211	NME6	ENSG00000172113	hsa-miR-4458	MIMAT0018980	0.947461565772458
2212	PHF8	ENSG00000172943	hsa-miR-940	MIMAT0004983	0.947458002055291
2213	MTM1	ENSG00000171100	hsa-miR-4465	MIMAT0018992	0.947450697624844
2214	KNG1	ENSG00000113889	hsa-miR-7157-3p	MIMAT0028225	0.947450332788208
2215	RORA	ENSG00000069667	hsa-miR-1252-3p	MIMAT0026744	0.947443170470778
2216	ZNF385D	ENSG00000151789	hsa-miR-6758-5p	MIMAT0027416	0.947385213276258
2217	HEMK1	ENSG00000114735	hsa-miR-940	MIMAT0004983	0.947377591061718
2218	C2orf68	ENSG00000168887	hsa-miR-1252-3p	MIMAT0026744	0.947358511320787
2219	OR2T11	ENSG00000279301	hsa-miR-7157-3p	MIMAT0028225	0.947351088296463
2220	PBX3	ENSG00000167081	hsa-miR-4458	MIMAT0018980	0.947341112114905
2221	URB2	ENSG00000135763	hsa-miR-4446-3p	MIMAT0018965	0.947335278238962
2222	KIN	ENSG00000151657	hsa-miR-7157-3p	MIMAT0028225	0.947309663412832
2223	CNTFR	ENSG00000122756	hsa-miR-4695-5p	MIMAT0019788	0.947308030281772
2224	PYGO2	ENSG00000163348	hsa-miR-6783-5p	MIMAT0027466	0.94729342348173
2225	AL139353.1	ENSG00000203546	hsa-miR-4695-5p	MIMAT0019788	0.947291842366953
2226	ONECUT3	ENSG00000205922	hsa-miR-224-5p	MIMAT0000281	0.947282932214296
2227	POU6F2	ENSG00000106536	hsa-miR-661	MIMAT0003324	0.947273741174913
2228	PLXNA4	ENSG00000221866	hsa-miR-6127	MIMAT0024610	0.947272052907558
2229	PURA	ENSG00000185129	hsa-miR-21-5p	MIMAT0000076	0.947264176757937
2230	HS3ST3B1	ENSG00000125430	hsa-miR-940	MIMAT0004983	0.947260375494435
2231	FAM161A	ENSG00000170264	hsa-miR-130a-5p	MIMAT0004593	0.947248978741077
2232	TMED3	ENSG00000166557	hsa-miR-940	MIMAT0004983	0.947196624331275
2233	DCAF12L1	ENSG00000198889	hsa-miR-765	MIMAT0003945	0.947188686143902
2234	COL6A5	ENSG00000172752	hsa-miR-7157-3p	MIMAT0028225	0.947178743074281
2235	BSND	ENSG00000162399	hsa-miR-4695-5p	MIMAT0019788	0.947150903196538
2236	ACVR1C	ENSG00000123612	hsa-miR-4465	MIMAT0018992	0.947138176211387
2237	CACNB4	ENSG00000182389	hsa-miR-1252-3p	MIMAT0026744	0.947104688824651
2238	ENOSF1	ENSG00000132199	hsa-miR-4687-3p	MIMAT0019775	0.947037812329613
2239	PYHIN1	ENSG00000163564	hsa-miR-7157-3p	MIMAT0028225	0.946998696695958
2240	CCDC80	ENSG00000091986	hsa-miR-940	MIMAT0004983	0.946955995147614
2241	ERO1A	ENSG00000197930	hsa-miR-4458	MIMAT0018980	0.946954313306171
2242	RNF182	ENSG00000180537	hsa-miR-224-5p	MIMAT0000281	0.946951721716623
2243	FKBP14	ENSG00000106080	hsa-miR-183-5p	MIMAT0000261	0.946941766883575
2244	SEMA3E	ENSG00000170381	hsa-miR-183-5p	MIMAT0000261	0.946856980398573
2245	NLRX1	ENSG00000160703	hsa-miR-4695-5p	MIMAT0019788	0.946844919079819
2246	ABCG8	ENSG00000143921	hsa-miR-4685-5p	MIMAT0019771	0.946825616586709
2247	ATRIP	ENSG00000164053	hsa-miR-4685-5p	MIMAT0019771	0.946795788486376
2248	MAP4K3	ENSG00000011566	hsa-miR-4458	MIMAT0018980	0.946772558391837
2249	MESP2	ENSG00000188095	hsa-miR-4695-5p	MIMAT0019788	0.946749792831926
2250	PLGRKT	ENSG00000107020	hsa-miR-7157-3p	MIMAT0028225	0.946737060515396
2251	GRIN2B	ENSG00000273079	hsa-miR-6127	MIMAT0024610	0.946732822264823
2252	ZIC5	ENSG00000139800	hsa-miR-4465	MIMAT0018992	0.946658509930524
2253	GRM4	ENSG00000124493	hsa-miR-657	MIMAT0003335	0.946656045731495
2254	ECHDC1	ENSG00000093144	hsa-miR-1252-3p	MIMAT0026744	0.946655409190407
2255	CPLX1	ENSG00000168993	hsa-miR-765	MIMAT0003945	0.94658868239502
2256	MYRIP	ENSG00000170011	hsa-miR-4292	MIMAT0016919	0.946551729351302
2257	UBR5	ENSG00000104517	hsa-miR-1252-3p	MIMAT0026744	0.946549386340196
2258	SYNE3	ENSG00000176438	hsa-miR-661	MIMAT0003324	0.946548306827011
2259	KCNMB3	ENSG00000171121	hsa-miR-625-3p	MIMAT0004808	0.946538324598744
2260	MAN1A2	ENSG00000198162	hsa-miR-21-5p	MIMAT0000076	0.946530178650833
2261	AP1M1	ENSG00000072958	hsa-miR-940	MIMAT0004983	0.946473064221966
2262	SPATA32	ENSG00000184361	hsa-miR-765	MIMAT0003945	0.946469038592492
2263	CHST9	ENSG00000154080	hsa-miR-765	MIMAT0003945	0.946454320779989
2264	SGCB	ENSG00000163069	hsa-miR-224-5p	MIMAT0000281	0.946445330650563
2265	CBX5	ENSG00000094916	hsa-miR-940	MIMAT0004983	0.946435351673479
2266	SZRD1	ENSG00000055070	hsa-miR-4292	MIMAT0016919	0.946418284540052
2267	BTG2	ENSG00000159388	hsa-miR-4695-5p	MIMAT0019788	0.946400651288269
2268	INSRR	ENSG00000027644	hsa-miR-4685-5p	MIMAT0019771	0.946391646565515
2269	ZFP62	ENSG00000196670	hsa-miR-5008-5p	MIMAT0021039	0.946387101465022
2270	PLCD3	ENSG00000161714	hsa-miR-4685-5p	MIMAT0019771	0.946362147473379
2271	CDC25A	ENSG00000164045	hsa-miR-4292	MIMAT0016919	0.94630972281979
2272	BMPR1B	ENSG00000138696	hsa-miR-6783-5p	MIMAT0027466	0.946305638397974
2273	GRAMD1B	ENSG00000023171	hsa-miR-4687-3p	MIMAT0019775	0.946220558099836
2274	COPS2	ENSG00000166200	hsa-miR-657	MIMAT0003335	0.946213256802158
2275	PHF14	ENSG00000106443	hsa-miR-21-5p	MIMAT0000076	0.94620447940597
2276	GOLGA6L1	ENSG00000273976	hsa-miR-6127	MIMAT0024610	0.946192804331947
2277	CACNG5	ENSG00000075429	hsa-miR-661	MIMAT0003324	0.946099282466243
2278	CCDC201	ENSG00000283247	hsa-miR-4687-3p	MIMAT0019775	0.946065770744627
2279	MED1	ENSG00000125686	hsa-miR-1252-3p	MIMAT0026744	0.946050355752697
2280	ABCC9	ENSG00000069431	hsa-miR-1911-5p	MIMAT0007885	0.94603214350266
2281	RELCH	ENSG00000134444	hsa-miR-4465	MIMAT0018992	0.946023331909897
2282	TLCD5	ENSG00000181264	hsa-miR-1252-3p	MIMAT0026744	0.94601344649226
2283	MTRNR2L10	ENSG00000256045	hsa-miR-6783-5p	MIMAT0027466	0.946011366035728
2284	OXCT1	ENSG00000083720	hsa-miR-1252-3p	MIMAT0026744	0.945994146693154
2285	SLC22A7	ENSG00000137204	hsa-miR-4685-5p	MIMAT0019771	0.945929730361434
2286	KMT2D	ENSG00000167548	hsa-miR-6783-5p	MIMAT0027466	0.945920568889922
2287	HS3ST3A1	ENSG00000153976	hsa-miR-1252-3p	MIMAT0026744	0.945903090979954
2288	TMEM158	ENSG00000249992	hsa-miR-765	MIMAT0003945	0.945871907491366
2289	CDIN1	ENSG00000186073	hsa-miR-765	MIMAT0003945	0.945862402929347
2290	NFYB	ENSG00000120837	hsa-miR-224-5p	MIMAT0000281	0.945849245889012
2291	TENM1	ENSG00000009694	hsa-miR-1252-3p	MIMAT0026744	0.945837297413728
2292	PURA	ENSG00000185129	hsa-miR-4695-5p	MIMAT0019788	0.945824260964854
2293	PRR3	ENSG00000204576	hsa-miR-4695-5p	MIMAT0019788	0.945814441471048
2294	LIN7A	ENSG00000111052	hsa-miR-7157-3p	MIMAT0028225	0.945780889857116
2295	SYCE2	ENSG00000161860	hsa-miR-6822-3p	MIMAT0027545	0.945770759247114
2296	ANXA4	ENSG00000196975	hsa-miR-4695-5p	MIMAT0019788	0.945727130602005
2297	APEX2	ENSG00000169188	hsa-miR-6127	MIMAT0024610	0.945690050129337
2298	C1orf226	ENSG00000239887	hsa-miR-765	MIMAT0003945	0.945613467697254
2299	P2RY1	ENSG00000169860	hsa-miR-6783-5p	MIMAT0027466	0.945609050491806
2300	QKI	ENSG00000112531	hsa-miR-940	MIMAT0004983	0.945600448715566
2301	ATXN7L2	ENSG00000162650	hsa-miR-4446-3p	MIMAT0018965	0.945584078935689
2302	UQCC3	ENSG00000204922	hsa-miR-4446-3p	MIMAT0018965	0.945564412596319
2303	PLLP	ENSG00000102934	hsa-miR-661	MIMAT0003324	0.945478047745297
2304	MB	ENSG00000198125	hsa-miR-92a-1-5p	MIMAT0004507	0.9454747281867
2305	SMAD2	ENSG00000175387	hsa-miR-4695-5p	MIMAT0019788	0.945449848789133
2306	ULK2	ENSG00000083290	hsa-miR-4695-5p	MIMAT0019788	0.945424659096675
2307	ENAH	ENSG00000154380	hsa-miR-183-5p	MIMAT0000261	0.945409915124604
2308	ARSD	ENSG00000006756	hsa-miR-4695-5p	MIMAT0019788	0.945385150198908
2309	ABI2	ENSG00000138443	hsa-miR-7157-3p	MIMAT0028225	0.945381308120111
2310	ACSM6	ENSG00000173124	hsa-miR-183-5p	MIMAT0000261	0.945380557417676
2311	TTC33	ENSG00000113638	hsa-miR-6127	MIMAT0024610	0.945370847452819
2312	C15orf40	ENSG00000169609	hsa-miR-4465	MIMAT0018992	0.945351672865112
2313	FAM83F	ENSG00000133477	hsa-miR-657	MIMAT0003335	0.945343858887055
2314	TVP23A	ENSG00000166676	hsa-miR-92a-1-5p	MIMAT0004507	0.945343418833342
2315	MEX3B	ENSG00000183496	hsa-miR-1252-3p	MIMAT0026744	0.945335010394077
2316	PAQR3	ENSG00000163291	hsa-miR-1252-3p	MIMAT0026744	0.945322344514681
2317	FAM204A	ENSG00000165669	hsa-miR-1252-3p	MIMAT0026744	0.945276544147688
2318	TIAL1	ENSG00000151923	hsa-miR-7157-3p	MIMAT0028225	0.945264050070812
2319	AL049839.2	ENSG00000273259	hsa-miR-4685-5p	MIMAT0019771	0.945242746671852
2320	SRGAP3	ENSG00000196220	hsa-miR-7855-5p	MIMAT0030430	0.945170776623109
2321	NRN1	ENSG00000124785	hsa-miR-130a-5p	MIMAT0004593	0.9451121822804
2322	NDEL1	ENSG00000166579	hsa-miR-765	MIMAT0003945	0.94508827300091
2323	CPPED1	ENSG00000103381	hsa-miR-765	MIMAT0003945	0.945087982129643
2324	PEA15	ENSG00000162734	hsa-miR-940	MIMAT0004983	0.945064368675839
2325	RSBN1	ENSG00000081019	hsa-miR-130a-5p	MIMAT0004593	0.945004270717583
2326	FAR1	ENSG00000197601	hsa-miR-765	MIMAT0003945	0.9449884824374
2327	MEIS1	ENSG00000143995	hsa-miR-1252-3p	MIMAT0026744	0.944973694675301
2328	ZNF26	ENSG00000198393	hsa-miR-661	MIMAT0003324	0.94496623625182
2329	ACIN1	ENSG00000100813	hsa-miR-765	MIMAT0003945	0.94494649835068
2330	ZNF148	ENSG00000163848	hsa-miR-1252-3p	MIMAT0026744	0.944870483579074
2331	PLEKHG4	ENSG00000196155	hsa-miR-224-5p	MIMAT0000281	0.944851100208295
2332	RNF149	ENSG00000163162	hsa-miR-4687-3p	MIMAT0019775	0.94482490144234
2333	SLC6A1	ENSG00000157103	hsa-miR-4458	MIMAT0018980	0.944824436247442
2334	SORT1	ENSG00000134243	hsa-miR-6758-5p	MIMAT0027416	0.944815933169154
2335	ZHX3	ENSG00000174306	hsa-miR-183-5p	MIMAT0000261	0.944790670958984
2336	THAP2	ENSG00000173451	hsa-miR-4465	MIMAT0018992	0.944736262214839
2337	OR6B1	ENSG00000221813	hsa-miR-4685-5p	MIMAT0019771	0.944717591829135
2338	TEX9	ENSG00000151575	hsa-miR-6783-5p	MIMAT0027466	0.944648474574128
2339	DCP1A	ENSG00000272886	hsa-miR-1252-3p	MIMAT0026744	0.944646360758682
2340	VPS13D	ENSG00000048707	hsa-miR-5008-5p	MIMAT0021039	0.944643442430489
2341	XPR1	ENSG00000143324	hsa-miR-7157-3p	MIMAT0028225	0.944538013831058
2342	TMC8	ENSG00000167895	hsa-miR-4695-5p	MIMAT0019788	0.944527772233917
2343	GSPT1	ENSG00000103342	hsa-miR-661	MIMAT0003324	0.944512746690781
2344	FGFRL1	ENSG00000127418	hsa-miR-7157-3p	MIMAT0028225	0.944488718472972
2345	WDR36	ENSG00000134987	hsa-miR-1252-3p	MIMAT0026744	0.944447574411032
2346	CAMK2A	ENSG00000070808	hsa-miR-765	MIMAT0003945	0.944443787550434
2347	BMP3	ENSG00000152785	hsa-miR-1252-3p	MIMAT0026744	0.944420121003172
2348	SLC1A1	ENSG00000106688	hsa-miR-130a-5p	MIMAT0004593	0.944408229682286
2349	PUM1	ENSG00000134644	hsa-miR-765	MIMAT0003945	0.944398037509187
2350	ANKRD52	ENSG00000139645	hsa-miR-6783-5p	MIMAT0027466	0.944342899579156
2351	EDEM3	ENSG00000116406	hsa-miR-224-5p	MIMAT0000281	0.94429143410727
2352	OCM2	ENSG00000135175	hsa-miR-4685-5p	MIMAT0019771	0.94426544265192
2353	EIF3M	ENSG00000149100	hsa-miR-6783-5p	MIMAT0027466	0.944215202142023
2354	BTN1A1	ENSG00000124557	hsa-miR-765	MIMAT0003945	0.94418968643941
2355	GRIN3A	ENSG00000198785	hsa-miR-6822-3p	MIMAT0027545	0.944149248612099
2356	DMRTA1	ENSG00000176399	hsa-miR-183-5p	MIMAT0000261	0.944127896467815
2357	ZNF750	ENSG00000141579	hsa-miR-183-5p	MIMAT0000261	0.944088548395287
2358	TRPS1	ENSG00000104447	hsa-miR-4695-5p	MIMAT0019788	0.944077482833964
2359	CD4	ENSG00000010610	hsa-miR-4695-5p	MIMAT0019788	0.944076023337459
2360	CHCHD5	ENSG00000125611	hsa-miR-4695-5p	MIMAT0019788	0.94402571306662
2361	DLX3	ENSG00000064195	hsa-miR-765	MIMAT0003945	0.944023642621384
2362	KCTD16	ENSG00000183775	hsa-miR-1252-3p	MIMAT0026744	0.943949086617468
2363	TRPS1	ENSG00000104447	hsa-miR-6822-3p	MIMAT0027545	0.943943881990678
2364	EPHB1	ENSG00000154928	hsa-miR-7855-5p	MIMAT0030430	0.943931625547383
2365	NANOGNB	ENSG00000205857	hsa-miR-7855-5p	MIMAT0030430	0.943919573457953
2366	CASC3	ENSG00000108349	hsa-miR-940	MIMAT0004983	0.943837021133547
2367	VPS50	ENSG00000004766	hsa-miR-1252-3p	MIMAT0026744	0.943824432387144
2368	NAB1	ENSG00000138386	hsa-miR-3682-5p	MIMAT0019222	0.943799759053233
2369	ATP6AP2	ENSG00000182220	hsa-miR-4695-5p	MIMAT0019788	0.9437955632963
2370	ALG10B	ENSG00000175548	hsa-miR-1252-3p	MIMAT0026744	0.943706427673818
2371	LGALS8	ENSG00000116977	hsa-miR-7157-3p	MIMAT0028225	0.943681582960599
2372	PIKFYVE	ENSG00000115020	hsa-miR-21-5p	MIMAT0000076	0.943667180692672
2373	IL13	ENSG00000169194	hsa-miR-4458	MIMAT0018980	0.943665727760528
2374	USP44	ENSG00000136014	hsa-miR-4458	MIMAT0018980	0.943634166783823
2375	GPC4	ENSG00000076716	hsa-miR-1252-3p	MIMAT0026744	0.943626214074431
2376	ARL5B	ENSG00000165997	hsa-miR-1252-3p	MIMAT0026744	0.94356315162372
2377	PLPPR5	ENSG00000117598	hsa-miR-130a-5p	MIMAT0004593	0.943540752054714
2378	SART3	ENSG00000075856	hsa-miR-6127	MIMAT0024610	0.943531809199667
2379	ATP2B1	ENSG00000070961	hsa-miR-1252-3p	MIMAT0026744	0.943508845748189
2380	SMCP	ENSG00000163206	hsa-miR-7157-3p	MIMAT0028225	0.94350633406996
2381	ARIH1	ENSG00000166233	hsa-miR-92a-1-5p	MIMAT0004507	0.943477674355253
2382	CAND2	ENSG00000144712	hsa-miR-4685-5p	MIMAT0019771	0.943469238899175
2383	ZNF660	ENSG00000144792	hsa-miR-3682-5p	MIMAT0019222	0.94340857761867
2384	FUT9	ENSG00000172461	hsa-miR-765	MIMAT0003945	0.943402382140954
2385	ERMN	ENSG00000136541	hsa-miR-7157-3p	MIMAT0028225	0.943387176101518
2386	SAMD8	ENSG00000156671	hsa-miR-4465	MIMAT0018992	0.94337843788217
2387	VKORC1L1	ENSG00000196715	hsa-miR-1252-3p	MIMAT0026744	0.943355794810125
2388	PIGT	ENSG00000124155	hsa-miR-661	MIMAT0003324	0.943351053443895
2389	TOB2	ENSG00000183864	hsa-miR-130a-5p	MIMAT0004593	0.943349473614065
2390	MLH1	ENSG00000076242	hsa-miR-657	MIMAT0003335	0.94334830646331
2391	CD300LG	ENSG00000161649	hsa-miR-940	MIMAT0004983	0.943322219024372
2392	LASP1	ENSG00000002834	hsa-miR-4695-5p	MIMAT0019788	0.943316251916291
2393	PBX1	ENSG00000185630	hsa-miR-4458	MIMAT0018980	0.943315930504669
2394	HOXD10	ENSG00000128710	hsa-miR-3682-5p	MIMAT0019222	0.943303484603263
2395	FAM71D	ENSG00000172717	hsa-miR-6783-5p	MIMAT0027466	0.943276141404259
2396	PPM1L	ENSG00000163590	hsa-miR-1252-3p	MIMAT0026744	0.943233749340784
2397	FBXL20	ENSG00000108306	hsa-miR-6783-5p	MIMAT0027466	0.943232416366634
2398	KHNYN	ENSG00000100441	hsa-miR-4685-5p	MIMAT0019771	0.943200401740534
2399	CNST	ENSG00000162852	hsa-miR-4695-5p	MIMAT0019788	0.94317176988498
2400	PTPN14	ENSG00000152104	hsa-miR-6783-5p	MIMAT0027466	0.943162408909809
2401	SPATA16	ENSG00000144962	hsa-miR-224-5p	MIMAT0000281	0.943156545793564
2402	ALS2CL	ENSG00000178038	hsa-miR-940	MIMAT0004983	0.943141577644971
2403	PHEX	ENSG00000102174	hsa-miR-4685-5p	MIMAT0019771	0.943135299050106
2404	PRELID3B	ENSG00000101166	hsa-miR-224-5p	MIMAT0000281	0.943119574570887
2405	KPNA1	ENSG00000114030	hsa-miR-1252-3p	MIMAT0026744	0.943004418227619
2406	SYN3	ENSG00000185666	hsa-miR-940	MIMAT0004983	0.942975967921999
2407	TCTA	ENSG00000145022	hsa-miR-661	MIMAT0003324	0.942960200041465
2408	CDKL5	ENSG00000008086	hsa-miR-6822-3p	MIMAT0027545	0.942903863368478
2409	TFDP2	ENSG00000114126	hsa-miR-940	MIMAT0004983	0.942903681677926
2410	SF1	ENSG00000168066	hsa-miR-4804-5p	MIMAT0019984	0.942890921785981
2411	POLR2J3	ENSG00000285437	hsa-miR-6758-5p	MIMAT0027416	0.942865428179097
2412	PATE4	ENSG00000237353	hsa-miR-6758-5p	MIMAT0027416	0.942842195804344
2413	PIK3R1	ENSG00000145675	hsa-miR-1252-3p	MIMAT0026744	0.942835530125881
2414	PPP2R2A	ENSG00000221914	hsa-miR-765	MIMAT0003945	0.942829109963247
2415	NRAS	ENSG00000213281	hsa-miR-224-5p	MIMAT0000281	0.942828866635962
2416	CYCS	ENSG00000172115	hsa-miR-4687-3p	MIMAT0019775	0.942824755625361
2417	MAPKAPK5	ENSG00000089022	hsa-miR-1252-3p	MIMAT0026744	0.942751970437897
2418	PAN3	ENSG00000152520	hsa-miR-4465	MIMAT0018992	0.942735075937844
2419	TENT5A	ENSG00000112773	hsa-miR-4685-5p	MIMAT0019771	0.942728326624381
2420	EIF3F	ENSG00000175390	hsa-miR-7157-3p	MIMAT0028225	0.942726750173653
2421	IMPACT	ENSG00000154059	hsa-miR-3682-5p	MIMAT0019222	0.942707852512468
2422	PCDH9	ENSG00000184226	hsa-miR-183-5p	MIMAT0000261	0.94268674625371
2423	IGSF10	ENSG00000152580	hsa-miR-6783-5p	MIMAT0027466	0.942683448598893
2424	RAB4B-EGLN2	ENSG00000171570	hsa-miR-661	MIMAT0003324	0.942643390065895
2425	FAM78B	ENSG00000188859	hsa-miR-765	MIMAT0003945	0.942637098192966
2426	ONECUT2	ENSG00000119547	hsa-miR-130a-5p	MIMAT0004593	0.942601532078305
2427	EIF4G2	ENSG00000110321	hsa-miR-4458	MIMAT0018980	0.942598691292823
2428	DDX5	ENSG00000108654	hsa-miR-657	MIMAT0003335	0.942593763795168
2429	CEP20	ENSG00000133393	hsa-miR-224-5p	MIMAT0000281	0.94254624967063
2430	HGF	ENSG00000019991	hsa-miR-224-5p	MIMAT0000281	0.942545152102244
2431	HMGA1	ENSG00000137309	hsa-miR-4695-5p	MIMAT0019788	0.942536915049498
2432	ST6GAL1	ENSG00000073849	hsa-miR-21-5p	MIMAT0000076	0.94251679271876
2433	ERN1	ENSG00000178607	hsa-miR-4695-5p	MIMAT0019788	0.942493651568664
2434	MGME1	ENSG00000125871	hsa-miR-3682-5p	MIMAT0019222	0.942457606053549
2435	DUSP8	ENSG00000184545	hsa-miR-21-5p	MIMAT0000076	0.9424517544919
2436	SOGA1	ENSG00000149639	hsa-miR-4292	MIMAT0016919	0.942448955875163
2437	HARS2	ENSG00000112855	hsa-miR-765	MIMAT0003945	0.942437156462018
2438	AC012531.3	ENSG00000273049	hsa-miR-6758-5p	MIMAT0027416	0.942426373483328
2439	MIP	ENSG00000135517	hsa-miR-6127	MIMAT0024610	0.942401585664941
2440	PTPN11	ENSG00000179295	hsa-miR-1252-3p	MIMAT0026744	0.942369900626477
2441	GCNT7	ENSG00000124091	hsa-miR-224-5p	MIMAT0000281	0.94234190456677
2442	PPP2R3A	ENSG00000073711	hsa-miR-765	MIMAT0003945	0.942338389798467
2443	OPN5	ENSG00000124818	hsa-miR-6758-5p	MIMAT0027416	0.942302496898652
2444	FBXW2	ENSG00000119402	hsa-miR-1252-3p	MIMAT0026744	0.94228008538967
2445	PCDHB2	ENSG00000112852	hsa-miR-6127	MIMAT0024610	0.942275329655971
2446	VASP	ENSG00000125753	hsa-miR-940	MIMAT0004983	0.942270937526645
2447	AC010197.2	ENSG00000285854	hsa-miR-130a-5p	MIMAT0004593	0.942240436743927
2448	IRAK4	ENSG00000198001	hsa-miR-6822-3p	MIMAT0027545	0.942227666119906
2449	EFNB3	ENSG00000108947	hsa-miR-765	MIMAT0003945	0.942218501351464
2450	AC139491.7	ENSG00000285476	hsa-miR-1252-3p	MIMAT0026744	0.942177315691062
2451	ZCCHC3	ENSG00000247315	hsa-miR-5008-5p	MIMAT0021039	0.942162864142477
2452	ZEB1	ENSG00000148516	hsa-miR-183-5p	MIMAT0000261	0.942160141895423
2453	TMEM250	ENSG00000238227	hsa-miR-5008-5p	MIMAT0021039	0.942148201387781
2454	ATP6V1G2-DDX39B	ENSG00000254870	hsa-miR-765	MIMAT0003945	0.94211500265718
2455	SALL2	ENSG00000165821	hsa-miR-4685-5p	MIMAT0019771	0.942114807182366
2456	OCM	ENSG00000122543	hsa-miR-4685-5p	MIMAT0019771	0.942081903361457
2457	TBC1D9B	ENSG00000197226	hsa-miR-940	MIMAT0004983	0.942035492954392
2458	SFR1	ENSG00000156384	hsa-miR-4695-5p	MIMAT0019788	0.942035371557778
2459	ARPC5	ENSG00000162704	hsa-miR-4695-5p	MIMAT0019788	0.942018935351208
2460	CTDSPL2	ENSG00000137770	hsa-miR-1252-3p	MIMAT0026744	0.942006625518982
2461	SLC1A2	ENSG00000110436	hsa-miR-4292	MIMAT0016919	0.941990840732776
2462	GGA2	ENSG00000103365	hsa-miR-661	MIMAT0003324	0.941959462107861
2463	PHLDB1	ENSG00000019144	hsa-miR-4695-5p	MIMAT0019788	0.941931869199987
2464	TTC36	ENSG00000172425	hsa-miR-4685-5p	MIMAT0019771	0.941924177197479
2465	FAM171B	ENSG00000144369	hsa-miR-1252-3p	MIMAT0026744	0.941877974556117
2466	MAZ	ENSG00000103495	hsa-miR-4685-5p	MIMAT0019771	0.941853927365968
2467	IL17REL	ENSG00000188263	hsa-miR-4292	MIMAT0016919	0.941821088988687
2468	SLC30A1	ENSG00000170385	hsa-miR-4458	MIMAT0018980	0.941810071475752
2469	ETV6	ENSG00000139083	hsa-miR-940	MIMAT0004983	0.941772313486718
2470	TTC23L	ENSG00000205838	hsa-miR-765	MIMAT0003945	0.941759640258443
2471	PPM1K	ENSG00000163644	hsa-miR-1252-3p	MIMAT0026744	0.941758783616053
2472	SMAD4	ENSG00000141646	hsa-miR-6783-5p	MIMAT0027466	0.941745187362519
2473	CALN1	ENSG00000183166	hsa-miR-130a-5p	MIMAT0004593	0.94173976807856
2474	LSAMP	ENSG00000185565	hsa-miR-183-5p	MIMAT0000261	0.941713985491848
2475	DIAPH1	ENSG00000131504	hsa-miR-4446-3p	MIMAT0018965	0.941713672075964
2476	PCSK2	ENSG00000125851	hsa-miR-6783-5p	MIMAT0027466	0.941698703420603
2477	CHST9	ENSG00000154080	hsa-miR-6127	MIMAT0024610	0.941698122528807
2478	ADAM19	ENSG00000135074	hsa-miR-765	MIMAT0003945	0.941668621838732
2479	YPEL2	ENSG00000175155	hsa-miR-1252-3p	MIMAT0026744	0.941644179384366
2480	KCNH5	ENSG00000140015	hsa-miR-657	MIMAT0003335	0.941626154065223
2481	GOLGA6L22	ENSG00000277865	hsa-miR-6127	MIMAT0024610	0.941626004513999
2482	NEPRO	ENSG00000163608	hsa-miR-4685-5p	MIMAT0019771	0.941593617577087
2483	UTY	ENSG00000183878	hsa-miR-1252-3p	MIMAT0026744	0.941564770786752
2484	E2F7	ENSG00000165891	hsa-miR-224-5p	MIMAT0000281	0.941554257303106
2485	LRRC57	ENSG00000180979	hsa-miR-4695-5p	MIMAT0019788	0.941547705001963
2486	ESD	ENSG00000139684	hsa-miR-657	MIMAT0003335	0.941513543346542
2487	DTWD1	ENSG00000104047	hsa-miR-1252-3p	MIMAT0026744	0.941482134676879
2488	NAP1L5	ENSG00000177432	hsa-miR-4465	MIMAT0018992	0.941472534317164
2489	ACVR2A	ENSG00000121989	hsa-miR-1252-3p	MIMAT0026744	0.941435483471999
2490	CAPRIN2	ENSG00000110888	hsa-miR-3682-5p	MIMAT0019222	0.941426096164956
2491	CACNG7	ENSG00000105605	hsa-miR-765	MIMAT0003945	0.941418114616591
2492	RNPEPL1	ENSG00000142327	hsa-miR-661	MIMAT0003324	0.941359488118682
2493	LRP11	ENSG00000120256	hsa-miR-6783-5p	MIMAT0027466	0.941322630111724
2494	FOXO1	ENSG00000150907	hsa-miR-5008-5p	MIMAT0021039	0.941315989605301
2495	NPS	ENSG00000214285	hsa-miR-7157-3p	MIMAT0028225	0.941313266109363
2496	IP6K1	ENSG00000176095	hsa-miR-4685-5p	MIMAT0019771	0.941299364279387
2497	ZBED6	ENSG00000257315	hsa-miR-4695-5p	MIMAT0019788	0.941292111267885
2498	AQR	ENSG00000021776	hsa-miR-1252-3p	MIMAT0026744	0.941288058162308
2499	PPP1R3A	ENSG00000154415	hsa-miR-1252-3p	MIMAT0026744	0.941284310636839
2500	NR3C2	ENSG00000151623	hsa-miR-7855-5p	MIMAT0030430	0.941257130020179
2501	HRH4	ENSG00000134489	hsa-miR-224-5p	MIMAT0000281	0.941255542013933
2502	PRKCD	ENSG00000163932	hsa-miR-4465	MIMAT0018992	0.941235480610178
2503	SPOPL	ENSG00000144228	hsa-miR-765	MIMAT0003945	0.941222871863777
2504	LRRN1	ENSG00000175928	hsa-miR-7855-5p	MIMAT0030430	0.941195722988529
2505	PLEKHA3	ENSG00000116095	hsa-miR-1252-3p	MIMAT0026744	0.941192689048501
2506	DAAM1	ENSG00000100592	hsa-miR-6783-5p	MIMAT0027466	0.941154147652646
2507	KDM7A	ENSG00000006459	hsa-miR-130a-5p	MIMAT0004593	0.941151924310266
2508	HGF	ENSG00000019991	hsa-miR-7855-5p	MIMAT0030430	0.941118901303779
2509	PORCN	ENSG00000102312	hsa-miR-4458	MIMAT0018980	0.941109797023965
2510	ITM2B	ENSG00000136156	hsa-miR-6758-5p	MIMAT0027416	0.941085704286877
2511	PAQR9	ENSG00000188582	hsa-miR-1252-3p	MIMAT0026744	0.941079690843806
2512	MRPL42	ENSG00000198015	hsa-miR-4695-5p	MIMAT0019788	0.941040925922374
2513	SEPTIN10	ENSG00000186522	hsa-miR-21-5p	MIMAT0000076	0.941040107010432
2514	REEP3	ENSG00000165476	hsa-miR-1252-3p	MIMAT0026744	0.941020530831225
2515	PCGF5	ENSG00000180628	hsa-miR-183-5p	MIMAT0000261	0.941004277868534
2516	SLC41A2	ENSG00000136052	hsa-miR-661	MIMAT0003324	0.940970533461591
2517	YIPF3	ENSG00000137207	hsa-miR-4458	MIMAT0018980	0.940967040921996
2518	PALM2AKAP2	ENSG00000157654	hsa-miR-1252-3p	MIMAT0026744	0.940914556883293
2519	EDIL3	ENSG00000164176	hsa-miR-940	MIMAT0004983	0.94090556572972
2520	TET3	ENSG00000187605	hsa-miR-4695-5p	MIMAT0019788	0.940899650838137
2521	POLE3	ENSG00000148229	hsa-miR-4695-5p	MIMAT0019788	0.940881330378251
2522	TMPRSS11F	ENSG00000198092	hsa-miR-224-5p	MIMAT0000281	0.94083617590641
2523	SNX12	ENSG00000147164	hsa-miR-940	MIMAT0004983	0.940824586006536
2524	PLLP	ENSG00000102934	hsa-miR-4695-5p	MIMAT0019788	0.940708988039319
2525	ACOT2	ENSG00000119673	hsa-miR-6783-5p	MIMAT0027466	0.940698979337305
2526	MDFI	ENSG00000112559	hsa-miR-765	MIMAT0003945	0.940686614738909
2527	C2orf50	ENSG00000150873	hsa-miR-940	MIMAT0004983	0.940675522574303
2528	KCNMB3	ENSG00000171121	hsa-miR-224-5p	MIMAT0000281	0.940666227376439
2529	THEM5	ENSG00000196407	hsa-miR-657	MIMAT0003335	0.940653548721398
2530	PAPPA	ENSG00000182752	hsa-miR-4458	MIMAT0018980	0.940561442542686
2531	TIMP3	ENSG00000100234	hsa-miR-21-5p	MIMAT0000076	0.940559907957491
2532	CCDC190	ENSG00000185860	hsa-miR-6127	MIMAT0024610	0.940502392182331
2533	HEBP2	ENSG00000051620	hsa-miR-765	MIMAT0003945	0.940492250927508
2534	SLITRK5	ENSG00000165300	hsa-miR-3682-5p	MIMAT0019222	0.940443837716423
2535	PIK3R2	ENSG00000105647	hsa-miR-4685-5p	MIMAT0019771	0.940431944579301
2536	ENY2	ENSG00000120533	hsa-miR-4685-5p	MIMAT0019771	0.940389397303003
2537	HERC3	ENSG00000138641	hsa-miR-4446-3p	MIMAT0018965	0.940342986538765
2538	ABHD15	ENSG00000168792	hsa-miR-765	MIMAT0003945	0.940339579904513
2539	TBC1D22B	ENSG00000065491	hsa-miR-765	MIMAT0003945	0.940327391433828
2540	CREB5	ENSG00000146592	hsa-miR-21-5p	MIMAT0000076	0.940325792348837
2541	FAM83F	ENSG00000133477	hsa-miR-661	MIMAT0003324	0.940319853922835
2542	CENPS	ENSG00000175279	hsa-miR-7157-3p	MIMAT0028225	0.940317737634697
2543	MLLT6	ENSG00000275023	hsa-miR-4292	MIMAT0016919	0.9403104569537
2544	GBP4	ENSG00000162654	hsa-miR-92a-1-5p	MIMAT0004507	0.940278820238736
2545	CRNKL1	ENSG00000101343	hsa-miR-6783-5p	MIMAT0027466	0.940275419749669
2546	ILDR2	ENSG00000143195	hsa-miR-6758-5p	MIMAT0027416	0.940265192692354
2547	SUPT16H	ENSG00000092201	hsa-miR-224-5p	MIMAT0000281	0.940236117179756
2548	SLITRK5	ENSG00000165300	hsa-miR-940	MIMAT0004983	0.940234134694157
2549	FNDC3A	ENSG00000102531	hsa-miR-4458	MIMAT0018980	0.940223409542583
2550	C1orf116	ENSG00000182795	hsa-miR-224-5p	MIMAT0000281	0.94020573168401
2551	TMEM182	ENSG00000170417	hsa-miR-1252-3p	MIMAT0026744	0.940202991324344
2552	RGS5	ENSG00000143248	hsa-miR-765	MIMAT0003945	0.940189619656552
2553	PPP1R16B	ENSG00000101445	hsa-miR-4446-3p	MIMAT0018965	0.940184878776673
2554	SEMA3E	ENSG00000170381	hsa-miR-1252-3p	MIMAT0026744	0.940179558212652
2555	SYVN1	ENSG00000162298	hsa-miR-4446-3p	MIMAT0018965	0.940153474960063
2556	RHOG	ENSG00000177105	hsa-miR-940	MIMAT0004983	0.940144755712961
2557	MBTD1	ENSG00000011258	hsa-miR-1252-3p	MIMAT0026744	0.940122303818088
2558	DNAJC10	ENSG00000077232	hsa-miR-1252-3p	MIMAT0026744	0.940098702410325
2559	HTR2C	ENSG00000147246	hsa-miR-1252-3p	MIMAT0026744	0.940093331396339
2560	SMAD2	ENSG00000175387	hsa-miR-1252-3p	MIMAT0026744	0.94006261640134
2561	ANKRD49	ENSG00000168876	hsa-miR-224-5p	MIMAT0000281	0.940047578052474
2562	ITM2B	ENSG00000136156	hsa-miR-1252-3p	MIMAT0026744	0.939984805336541
2563	POLE	ENSG00000177084	hsa-miR-7855-5p	MIMAT0030430	0.939951068500976
2564	AL662899.2	ENSG00000263020	hsa-miR-940	MIMAT0004983	0.93993669362975
2565	Z83844.1	ENSG00000100101	hsa-miR-6822-3p	MIMAT0027545	0.939928512231249
2566	PRRT2	ENSG00000167371	hsa-miR-4695-5p	MIMAT0019788	0.939906616319867
2567	FRAS1	ENSG00000138759	hsa-miR-4458	MIMAT0018980	0.939895899540101
2568	B3GALT5	ENSG00000183778	hsa-miR-4695-5p	MIMAT0019788	0.939882261303812
2569	NAA30	ENSG00000139977	hsa-miR-1252-3p	MIMAT0026744	0.939844009097099
2570	VTI1A	ENSG00000151532	hsa-miR-940	MIMAT0004983	0.939824099305586
2571	ABI2	ENSG00000138443	hsa-miR-1252-3p	MIMAT0026744	0.939800655799691
2572	SLC25A12	ENSG00000115840	hsa-miR-4446-3p	MIMAT0018965	0.939751418402482
2573	MMACHC	ENSG00000132763	hsa-miR-92a-1-5p	MIMAT0004507	0.939742071203779
2574	AGAP1	ENSG00000157985	hsa-miR-7157-3p	MIMAT0028225	0.939732937611454
2575	STOML1	ENSG00000067221	hsa-miR-661	MIMAT0003324	0.939704216567378
2576	ARL15	ENSG00000185305	hsa-miR-183-5p	MIMAT0000261	0.93969863548463
2577	KDM5B	ENSG00000117139	hsa-miR-765	MIMAT0003945	0.939686350515486
2578	TAF4	ENSG00000130699	hsa-miR-4687-3p	MIMAT0019775	0.939666474361305
2579	SIPA1L3	ENSG00000105738	hsa-miR-765	MIMAT0003945	0.939647742442726
2580	PSG11	ENSG00000243130	hsa-miR-765	MIMAT0003945	0.939583423326729
2581	METTL14	ENSG00000145388	hsa-miR-940	MIMAT0004983	0.939549277473979
2582	MSANTD2	ENSG00000120458	hsa-miR-6822-3p	MIMAT0027545	0.939501544886815
2583	CACNA2D1	ENSG00000153956	hsa-miR-1252-3p	MIMAT0026744	0.939476716710857
2584	PARP16	ENSG00000138617	hsa-miR-940	MIMAT0004983	0.939457370631759
2585	SRP14	ENSG00000140319	hsa-miR-92a-1-5p	MIMAT0004507	0.939419929860846
2586	POLR3G	ENSG00000113356	hsa-miR-4465	MIMAT0018992	0.939395877365842
2587	P2RY6	ENSG00000171631	hsa-miR-7855-5p	MIMAT0030430	0.939388789520232
2588	PRKACB	ENSG00000142875	hsa-miR-183-5p	MIMAT0000261	0.93938317400656
2589	ATL3	ENSG00000184743	hsa-miR-224-5p	MIMAT0000281	0.939327853170155
2590	TOP2A	ENSG00000131747	hsa-miR-224-5p	MIMAT0000281	0.93932219873851
2591	NXPH3	ENSG00000182575	hsa-miR-4695-5p	MIMAT0019788	0.939314039812938
2592	RPAP2	ENSG00000122484	hsa-miR-92a-1-5p	MIMAT0004507	0.939274291927528
2593	NGFR	ENSG00000064300	hsa-miR-4695-5p	MIMAT0019788	0.939255728767299
2594	YPEL5	ENSG00000119801	hsa-miR-183-5p	MIMAT0000261	0.939252908595266
2595	HSD17B6	ENSG00000025423	hsa-miR-661	MIMAT0003324	0.939249905917848
2596	ITCH	ENSG00000078747	hsa-miR-1252-3p	MIMAT0026744	0.939212113775954
2597	STX16-NPEPL1	ENSG00000254995	hsa-miR-92a-1-5p	MIMAT0004507	0.939199332164723
2598	RGS17	ENSG00000091844	hsa-miR-130a-5p	MIMAT0004593	0.939191466173301
2599	CCNI	ENSG00000118816	hsa-miR-1252-3p	MIMAT0026744	0.939186510341599
2600	LAPTM5	ENSG00000162511	hsa-miR-4446-3p	MIMAT0018965	0.939142828637454
2601	ZKSCAN3	ENSG00000189298	hsa-miR-4695-5p	MIMAT0019788	0.939089371703131
2602	NDFIP2	ENSG00000102471	hsa-miR-1252-3p	MIMAT0026744	0.939073458427456
2603	GALK2	ENSG00000156958	hsa-miR-6758-5p	MIMAT0027416	0.93906227343647
2604	CLIP1	ENSG00000130779	hsa-miR-6783-5p	MIMAT0027466	0.939023274218732
2605	TBC1D28	ENSG00000189375	hsa-miR-224-5p	MIMAT0000281	0.939019067500727
2606	TOP3A	ENSG00000177302	hsa-miR-661	MIMAT0003324	0.938949392646077
2607	EHD4	ENSG00000103966	hsa-miR-661	MIMAT0003324	0.938896175048509
2608	C1orf74	ENSG00000162757	hsa-miR-1911-5p	MIMAT0007885	0.938835921042765
2609	XK	ENSG00000047597	hsa-miR-4458	MIMAT0018980	0.938799752414963
2610	GRIN1	ENSG00000176884	hsa-miR-657	MIMAT0003335	0.938797605406625
2611	CNTRL	ENSG00000119397	hsa-miR-4458	MIMAT0018980	0.938763873260319
2612	ZNF420	ENSG00000197050	hsa-miR-4695-5p	MIMAT0019788	0.938722693262937
2613	PRRG1	ENSG00000130962	hsa-miR-1252-3p	MIMAT0026744	0.938694814267107
2614	RBM23	ENSG00000100461	hsa-miR-657	MIMAT0003335	0.938661316316051
2615	CNOT6L	ENSG00000138767	hsa-miR-1252-3p	MIMAT0026744	0.938627761056633
2616	UQCRB	ENSG00000156467	hsa-miR-6127	MIMAT0024610	0.938615929709121
2617	PRRG2	ENSG00000126460	hsa-miR-6783-5p	MIMAT0027466	0.938606486480496
2618	PIK3CD	ENSG00000171608	hsa-miR-4687-3p	MIMAT0019775	0.938553363865678
2619	TNPO1	ENSG00000083312	hsa-miR-4465	MIMAT0018992	0.938552970931305
2620	C1orf94	ENSG00000142698	hsa-miR-3682-5p	MIMAT0019222	0.938549810100074
2621	LRRC2	ENSG00000163827	hsa-miR-4465	MIMAT0018992	0.938546136550368
2622	QKI	ENSG00000112531	hsa-miR-765	MIMAT0003945	0.938534393324625
2623	DTL	ENSG00000143476	hsa-miR-940	MIMAT0004983	0.938526822262097
2624	RFK	ENSG00000135002	hsa-miR-6783-5p	MIMAT0027466	0.938503508823257
2625	MTCH2	ENSG00000109919	hsa-miR-7157-3p	MIMAT0028225	0.938448230881226
2626	MFAP5	ENSG00000197614	hsa-miR-1252-3p	MIMAT0026744	0.938432416887255
2627	TMC6	ENSG00000141524	hsa-miR-661	MIMAT0003324	0.938389602770179
2628	CADM2	ENSG00000175161	hsa-miR-6783-5p	MIMAT0027466	0.938353040272697
2629	ZNF652	ENSG00000198740	hsa-miR-6127	MIMAT0024610	0.938351775630289
2630	GNB1L	ENSG00000185838	hsa-miR-661	MIMAT0003324	0.938337938931505
2631	ZFP28	ENSG00000196867	hsa-miR-224-5p	MIMAT0000281	0.938314319627074
2632	TUG1	ENSG00000253352	hsa-miR-224-5p	MIMAT0000281	0.938281144993679
2633	ZNF117	ENSG00000152926	hsa-miR-1252-3p	MIMAT0026744	0.938255335177171
2634	ZNF319	ENSG00000166188	hsa-miR-3682-5p	MIMAT0019222	0.93824364371484
2635	TENT5A	ENSG00000112773	hsa-miR-6758-5p	MIMAT0027416	0.938236049414265
2636	MAML2	ENSG00000184384	hsa-miR-765	MIMAT0003945	0.938167497043103
2637	SLC1A2	ENSG00000110436	hsa-miR-7157-3p	MIMAT0028225	0.938135380370085
2638	IL1RN	ENSG00000136689	hsa-miR-4695-5p	MIMAT0019788	0.938121871764824
2639	KIRREL1	ENSG00000183853	hsa-miR-4685-5p	MIMAT0019771	0.938108079664412
2640	RGP1	ENSG00000107185	hsa-miR-6783-5p	MIMAT0027466	0.938076436114208
2641	GNPAT	ENSG00000116906	hsa-miR-661	MIMAT0003324	0.938058769862361
2642	GAPVD1	ENSG00000165219	hsa-miR-765	MIMAT0003945	0.938037563316269
2643	ZBTB20	ENSG00000181722	hsa-miR-4685-5p	MIMAT0019771	0.93802488857145
2644	PLEKHA3	ENSG00000116095	hsa-miR-4292	MIMAT0016919	0.938020626698403
2645	TUG1	ENSG00000253352	hsa-miR-4465	MIMAT0018992	0.938007548332802
2646	ZNF214	ENSG00000149050	hsa-miR-6783-5p	MIMAT0027466	0.937999375876872
2647	FAM13A	ENSG00000138640	hsa-miR-21-5p	MIMAT0000076	0.937955403907123
2648	LPIN1	ENSG00000134324	hsa-miR-940	MIMAT0004983	0.937930421318553
2649	TFAP2A	ENSG00000137203	hsa-miR-6127	MIMAT0024610	0.937929880381886
2650	DIAPH2	ENSG00000147202	hsa-miR-224-5p	MIMAT0000281	0.937914699366389
2651	FLVCR1	ENSG00000162769	hsa-miR-4465	MIMAT0018992	0.93789729355823
2652	UCHL1	ENSG00000154277	hsa-miR-6783-5p	MIMAT0027466	0.937894014520181
2653	SLC25A35	ENSG00000125434	hsa-miR-7157-3p	MIMAT0028225	0.937888870302018
2654	SSR1	ENSG00000124783	hsa-miR-657	MIMAT0003335	0.937883525609222
2655	FAM237B	ENSG00000283267	hsa-miR-1252-3p	MIMAT0026744	0.937879778371902
2656	RERE	ENSG00000142599	hsa-miR-765	MIMAT0003945	0.937869880876589
2657	BMP1	ENSG00000168487	hsa-miR-765	MIMAT0003945	0.937827170329984
2658	AGO1	ENSG00000092847	hsa-miR-4695-5p	MIMAT0019788	0.937819451482685
2659	CDH13	ENSG00000140945	hsa-miR-5008-5p	MIMAT0021039	0.937808723173453
2660	MEX3A	ENSG00000254726	hsa-miR-765	MIMAT0003945	0.937784705867725
2661	THRAP3	ENSG00000054118	hsa-miR-4465	MIMAT0018992	0.937781273668042
2662	C7orf25	ENSG00000136197	hsa-miR-625-3p	MIMAT0004808	0.937777755881131
2663	WDFY1	ENSG00000085449	hsa-miR-183-5p	MIMAT0000261	0.937760629437423
2664	BUB3	ENSG00000154473	hsa-miR-130a-5p	MIMAT0004593	0.937604311978195
2665	ZNF615	ENSG00000197619	hsa-miR-6127	MIMAT0024610	0.937601487581418
2666	NUS1	ENSG00000153989	hsa-miR-224-5p	MIMAT0000281	0.937535029561413
2667	TMEM155	ENSG00000164112	hsa-miR-4685-5p	MIMAT0019771	0.937489544038439
2668	TBL1XR1	ENSG00000177565	hsa-miR-4687-3p	MIMAT0019775	0.937423982087002
2669	SYT7	ENSG00000011347	hsa-miR-4685-5p	MIMAT0019771	0.937396974356032
2670	TGFBRAP1	ENSG00000135966	hsa-miR-6783-5p	MIMAT0027466	0.937375726342623
2671	NOL7	ENSG00000225921	hsa-miR-1252-3p	MIMAT0026744	0.937365379107969
2672	TCF12	ENSG00000140262	hsa-miR-1252-3p	MIMAT0026744	0.93733995565502
2673	ADAMTS17	ENSG00000140470	hsa-miR-4687-3p	MIMAT0019775	0.937256861851157
2674	SV2C	ENSG00000122012	hsa-miR-130a-5p	MIMAT0004593	0.937222473600256
2675	PRKAR1B	ENSG00000188191	hsa-miR-4292	MIMAT0016919	0.937163886240026
2676	VPS37D	ENSG00000176428	hsa-miR-4685-5p	MIMAT0019771	0.937131416937858
2677	TBC1D15	ENSG00000121749	hsa-miR-4465	MIMAT0018992	0.937130418132939
2678	ZNF43	ENSG00000198521	hsa-miR-3682-5p	MIMAT0019222	0.937100468248292
2679	TTN	ENSG00000155657	hsa-miR-224-5p	MIMAT0000281	0.937099230099613
2680	SLC30A1	ENSG00000170385	hsa-miR-7855-5p	MIMAT0030430	0.937097759566841
2681	LINGO1	ENSG00000169783	hsa-miR-5008-5p	MIMAT0021039	0.937060752025502
2682	RBM23	ENSG00000100461	hsa-miR-940	MIMAT0004983	0.937058914723626
2683	KDM2B	ENSG00000089094	hsa-miR-183-5p	MIMAT0000261	0.936965781805341
2684	PHF24	ENSG00000122733	hsa-miR-4685-5p	MIMAT0019771	0.936959751877592
2685	ARL10	ENSG00000175414	hsa-miR-6783-5p	MIMAT0027466	0.936910890191833
2686	GOLPH3L	ENSG00000143457	hsa-miR-1252-3p	MIMAT0026744	0.936894507096458
2687	C1orf43	ENSG00000143612	hsa-miR-6783-5p	MIMAT0027466	0.936880888614979
2688	SGPP1	ENSG00000126821	hsa-miR-7855-5p	MIMAT0030430	0.936782489087056
2689	DOCK10	ENSG00000135905	hsa-miR-4458	MIMAT0018980	0.936773191384556
2690	BTN2A2	ENSG00000124508	hsa-miR-4685-5p	MIMAT0019771	0.936754893227952
2691	MED13	ENSG00000108510	hsa-miR-224-5p	MIMAT0000281	0.936747503203457
2692	PLCXD2	ENSG00000240891	hsa-miR-1252-3p	MIMAT0026744	0.936733831185773
2693	AC073283.3	ENSG00000273269	hsa-miR-4695-5p	MIMAT0019788	0.936693541303778
2694	ST8SIA5	ENSG00000101638	hsa-miR-4695-5p	MIMAT0019788	0.936681221634231
2695	CHORDC1	ENSG00000110172	hsa-miR-4465	MIMAT0018992	0.936635719041755
2696	MDM2	ENSG00000135679	hsa-miR-4695-5p	MIMAT0019788	0.936628832599372
2697	YTHDF3	ENSG00000185728	hsa-miR-7855-5p	MIMAT0030430	0.936622155879318
2698	CTDNEP1	ENSG00000175826	hsa-miR-4685-5p	MIMAT0019771	0.936563004670175
2699	IKZF4	ENSG00000123411	hsa-miR-6783-5p	MIMAT0027466	0.93654652960041
2700	NR4A3	ENSG00000119508	hsa-miR-4687-3p	MIMAT0019775	0.936508016614331
2701	CTSL	ENSG00000135047	hsa-miR-661	MIMAT0003324	0.936479786415647
2702	KIAA1614	ENSG00000135835	hsa-miR-661	MIMAT0003324	0.936477082648842
2703	LRIG2	ENSG00000198799	hsa-miR-4458	MIMAT0018980	0.936424541039108
2704	LRRIQ3	ENSG00000162620	hsa-miR-21-5p	MIMAT0000076	0.936402422763516
2705	TSHZ3	ENSG00000121297	hsa-miR-7157-3p	MIMAT0028225	0.936392878374414
2706	ZNF483	ENSG00000173258	hsa-miR-1252-3p	MIMAT0026744	0.936368651540648
2707	CEP43	ENSG00000213066	hsa-miR-1252-3p	MIMAT0026744	0.936350161285797
2708	VANGL1	ENSG00000173218	hsa-miR-940	MIMAT0004983	0.936317888259205
2709	LIN7C	ENSG00000148943	hsa-miR-1252-3p	MIMAT0026744	0.936201148289911
2710	EPHB2	ENSG00000133216	hsa-miR-7855-5p	MIMAT0030430	0.936198156888589
2711	PCDH7	ENSG00000169851	hsa-miR-1252-3p	MIMAT0026744	0.936163566567509
2712	TRDMT1	ENSG00000107614	hsa-miR-1252-3p	MIMAT0026744	0.936139762158297
2713	NUDT16	ENSG00000198585	hsa-miR-765	MIMAT0003945	0.936136233519302
2714	SET	ENSG00000119335	hsa-miR-224-5p	MIMAT0000281	0.936130190712135
2715	TFEC	ENSG00000105967	hsa-miR-1252-3p	MIMAT0026744	0.936125111286872
2716	MKLN1	ENSG00000128585	hsa-miR-1252-3p	MIMAT0026744	0.936042840163461
2717	ASTN1	ENSG00000152092	hsa-miR-130a-5p	MIMAT0004593	0.936029818606107
2718	GFRA2	ENSG00000168546	hsa-miR-765	MIMAT0003945	0.936021817360292
2719	XKR4	ENSG00000206579	hsa-miR-4458	MIMAT0018980	0.936009860682956
2720	STX1B	ENSG00000099365	hsa-miR-661	MIMAT0003324	0.935982475888689
2721	TMED8	ENSG00000100580	hsa-miR-6783-5p	MIMAT0027466	0.935964852745769
2722	EPYC	ENSG00000083782	hsa-miR-6783-5p	MIMAT0027466	0.935961905005796
2723	PCIF1	ENSG00000100982	hsa-miR-6127	MIMAT0024610	0.935956333088791
2724	SLITRK1	ENSG00000178235	hsa-miR-183-5p	MIMAT0000261	0.935954731631168
2725	NRDE2	ENSG00000119720	hsa-miR-1252-3p	MIMAT0026744	0.935948188877926
2726	FLRT2	ENSG00000185070	hsa-miR-4695-5p	MIMAT0019788	0.935943812547835
2727	FAT3	ENSG00000165323	hsa-miR-4687-3p	MIMAT0019775	0.935943471122191
2728	ACKR2	ENSG00000144648	hsa-miR-765	MIMAT0003945	0.935913926328188
2729	KLHDC10	ENSG00000128607	hsa-miR-7157-3p	MIMAT0028225	0.935894099410458
2730	UBE2D2	ENSG00000131508	hsa-miR-4695-5p	MIMAT0019788	0.935887322149603
2731	ZDHHC16	ENSG00000171307	hsa-miR-5008-5p	MIMAT0021039	0.935848721748226
2732	STX17	ENSG00000136874	hsa-miR-1252-3p	MIMAT0026744	0.935840479844629
2733	REST	ENSG00000084093	hsa-miR-1252-3p	MIMAT0026744	0.935805211066932
2734	EPB41L3	ENSG00000082397	hsa-miR-130a-5p	MIMAT0004593	0.93573609909802
2735	CCDC121	ENSG00000176714	hsa-miR-183-5p	MIMAT0000261	0.935730224166091
2736	FAM126A	ENSG00000122591	hsa-miR-4446-3p	MIMAT0018965	0.935684709942319
2737	SYNJ2	ENSG00000078269	hsa-miR-7855-5p	MIMAT0030430	0.935666077735371
2738	RASSF1	ENSG00000068028	hsa-miR-4695-5p	MIMAT0019788	0.935650687439294
2739	NFIB	ENSG00000147862	hsa-miR-6783-5p	MIMAT0027466	0.935649943737812
2740	NTRK3	ENSG00000140538	hsa-miR-661	MIMAT0003324	0.93564757135192
2741	MREG	ENSG00000118242	hsa-miR-224-5p	MIMAT0000281	0.935631751893754
2742	CTNNBIP1	ENSG00000178585	hsa-miR-4685-5p	MIMAT0019771	0.935621220229808
2743	SLC5A10	ENSG00000154025	hsa-miR-6127	MIMAT0024610	0.93561068066419
2744	ADRB2	ENSG00000169252	hsa-miR-4458	MIMAT0018980	0.935592048204559
2745	FBXL17	ENSG00000145743	hsa-miR-130a-5p	MIMAT0004593	0.935581419803302
2746	TTC7B	ENSG00000165914	hsa-miR-4695-5p	MIMAT0019788	0.935560214863386
2747	UBR3	ENSG00000144357	hsa-miR-4465	MIMAT0018992	0.935524462456686
2748	MIB1	ENSG00000101752	hsa-miR-4458	MIMAT0018980	0.935496745229257
2749	GOLT1B	ENSG00000111711	hsa-miR-6783-5p	MIMAT0027466	0.93548442436147
2750	AL158151.3	ENSG00000235007	hsa-miR-4695-5p	MIMAT0019788	0.93546985084089
2751	GPR88	ENSG00000181656	hsa-miR-130a-5p	MIMAT0004593	0.935447170862697
2752	SDC4	ENSG00000124145	hsa-miR-5008-5p	MIMAT0021039	0.935441605232093
2753	TOM1L2	ENSG00000175662	hsa-miR-6758-5p	MIMAT0027416	0.935409772683473
2754	ZNF672	ENSG00000171161	hsa-miR-940	MIMAT0004983	0.935387198205627
2755	NPEPPS	ENSG00000141279	hsa-miR-4687-3p	MIMAT0019775	0.935379648299088
2756	CORO2B	ENSG00000103647	hsa-miR-765	MIMAT0003945	0.935375250159873
2757	DCUN1D5	ENSG00000137692	hsa-miR-940	MIMAT0004983	0.935369254358569
2758	NDUFA11	ENSG00000174886	hsa-miR-661	MIMAT0003324	0.935341262423762
2759	ACOT11	ENSG00000162390	hsa-miR-940	MIMAT0004983	0.935333099035623
2760	SLC16A10	ENSG00000112394	hsa-miR-21-5p	MIMAT0000076	0.935276389669761
2761	OPRM1	ENSG00000112038	hsa-miR-4458	MIMAT0018980	0.935235206840048
2762	PRORP	ENSG00000100890	hsa-miR-6783-5p	MIMAT0027466	0.935181189623028
2763	PPME1	ENSG00000214517	hsa-miR-661	MIMAT0003324	0.935166016563515
2764	EIF5A2	ENSG00000163577	hsa-miR-7855-5p	MIMAT0030430	0.935148476879633
2765	CFL2	ENSG00000165410	hsa-miR-940	MIMAT0004983	0.935145283627616
2766	SFXN2	ENSG00000156398	hsa-miR-4695-5p	MIMAT0019788	0.93512699902989
2767	NECAP1	ENSG00000089818	hsa-miR-4695-5p	MIMAT0019788	0.935110569057463
2768	BTC	ENSG00000174808	hsa-miR-1252-3p	MIMAT0026744	0.935104682473407
2769	DCUN1D3	ENSG00000188215	hsa-miR-940	MIMAT0004983	0.935101987857322
2770	ITIH4	ENSG00000055955	hsa-miR-5008-5p	MIMAT0021039	0.935081230171837
2771	RNMT	ENSG00000101654	hsa-miR-1252-3p	MIMAT0026744	0.935070273832984
2772	PCARE	ENSG00000179270	hsa-miR-5008-5p	MIMAT0021039	0.935053365979368
2773	MFSD4A	ENSG00000174514	hsa-miR-4458	MIMAT0018980	0.935041091980074
2774	PIF1	ENSG00000140451	hsa-miR-4685-5p	MIMAT0019771	0.935030160249097
2775	CXCL8	ENSG00000169429	hsa-miR-4687-3p	MIMAT0019775	0.93500778109158
2776	CAMKK2	ENSG00000110931	hsa-miR-6822-3p	MIMAT0027545	0.93500498142861
2777	SLITRK5	ENSG00000165300	hsa-miR-6783-5p	MIMAT0027466	0.934992524845802
2778	RNF4	ENSG00000063978	hsa-miR-7157-3p	MIMAT0028225	0.934953444476516
2779	AMMECR1	ENSG00000101935	hsa-miR-1252-3p	MIMAT0026744	0.934938226825426
2780	ULK2	ENSG00000083290	hsa-miR-4465	MIMAT0018992	0.934927719163708
2781	FARSB	ENSG00000116120	hsa-miR-4695-5p	MIMAT0019788	0.934918465229939
2782	ACSL3	ENSG00000123983	hsa-miR-224-5p	MIMAT0000281	0.934907743041237
2783	CDK8	ENSG00000132964	hsa-miR-7157-3p	MIMAT0028225	0.934900247995948
2784	ZNF99	ENSG00000213973	hsa-miR-21-5p	MIMAT0000076	0.934896471789874
2785	SPEN	ENSG00000065526	hsa-miR-1252-3p	MIMAT0026744	0.934882131529858
2786	FAM135B	ENSG00000147724	hsa-miR-1252-3p	MIMAT0026744	0.934798204519585
2787	SCAMP2	ENSG00000140497	hsa-miR-4292	MIMAT0016919	0.934788400707552
2788	JCAD	ENSG00000165757	hsa-miR-7157-3p	MIMAT0028225	0.934780690942306
2789	HUS1	ENSG00000136273	hsa-miR-6758-5p	MIMAT0027416	0.934777040986511
2790	RHOT1	ENSG00000126858	hsa-miR-4687-3p	MIMAT0019775	0.934766107283867
2791	MID2	ENSG00000080561	hsa-miR-6783-5p	MIMAT0027466	0.934752236736941
2792	PSMC4	ENSG00000013275	hsa-miR-6127	MIMAT0024610	0.934735272246202
2793	RNF130	ENSG00000113269	hsa-miR-661	MIMAT0003324	0.934715624342331
2794	MAP3K7	ENSG00000135341	hsa-miR-224-5p	MIMAT0000281	0.934711821384512
2795	FKBP6	ENSG00000077800	hsa-miR-6758-5p	MIMAT0027416	0.934632223448036
2796	BIRC6	ENSG00000115760	hsa-miR-183-5p	MIMAT0000261	0.934576090405799
2797	NFIA	ENSG00000162599	hsa-miR-21-5p	MIMAT0000076	0.934554538023098
2798	KCNMB3	ENSG00000171121	hsa-miR-1252-3p	MIMAT0026744	0.93455405922748
2799	LRRC7	ENSG00000033122	hsa-miR-3682-5p	MIMAT0019222	0.934552679904485
2800	FAM204A	ENSG00000165669	hsa-miR-3682-5p	MIMAT0019222	0.934530067123854
2801	GOLGA8F	ENSG00000153684	hsa-miR-1252-3p	MIMAT0026744	0.934523491316367
2802	SLC36A1	ENSG00000123643	hsa-miR-4695-5p	MIMAT0019788	0.934501948720085
2803	APLN	ENSG00000171388	hsa-miR-940	MIMAT0004983	0.93447084731209
2804	UBR3	ENSG00000144357	hsa-miR-1252-3p	MIMAT0026744	0.934431037749001
2805	STRN	ENSG00000115808	hsa-miR-1252-3p	MIMAT0026744	0.934402184828209
2806	ST8SIA3	ENSG00000177511	hsa-miR-1252-3p	MIMAT0026744	0.934377338420034
2807	RGS17	ENSG00000091844	hsa-miR-1252-3p	MIMAT0026744	0.934371205931377
2808	AURKC	ENSG00000105146	hsa-miR-6127	MIMAT0024610	0.93435662684015
2809	ATP1B2	ENSG00000129244	hsa-miR-6758-5p	MIMAT0027416	0.934351524401229
2810	TANC2	ENSG00000170921	hsa-miR-940	MIMAT0004983	0.934347978638968
2811	FARP2	ENSG00000006607	hsa-miR-7157-3p	MIMAT0028225	0.934335736432521
2812	UBE2Q1	ENSG00000160714	hsa-miR-4695-5p	MIMAT0019788	0.93432817484858
2813	ERFE	ENSG00000178752	hsa-miR-7157-3p	MIMAT0028225	0.934320866678722
2814	ACVR1C	ENSG00000123612	hsa-miR-4458	MIMAT0018980	0.934291066848802
2815	CEMIP2	ENSG00000135048	hsa-miR-4458	MIMAT0018980	0.934243436243751
2816	DIAPH2	ENSG00000147202	hsa-miR-1252-3p	MIMAT0026744	0.934240701579766
2817	STK4	ENSG00000101109	hsa-miR-224-5p	MIMAT0000281	0.934228940699815
2818	KIAA0232	ENSG00000170871	hsa-miR-6783-5p	MIMAT0027466	0.934194363314578
2819	ZNF648	ENSG00000179930	hsa-miR-4687-3p	MIMAT0019775	0.934189511413125
2820	GUCY1A1	ENSG00000164116	hsa-miR-1252-3p	MIMAT0026744	0.934180939479159
2821	PSORS1C2	ENSG00000204538	hsa-miR-661	MIMAT0003324	0.934119075456338
2822	KCNIP2	ENSG00000120049	hsa-miR-6783-5p	MIMAT0027466	0.934108626317048
2823	FASLG	ENSG00000117560	hsa-miR-21-5p	MIMAT0000076	0.934083710950171
2824	RPL37A	ENSG00000197756	hsa-miR-940	MIMAT0004983	0.934073823741762
2825	CBLIF	ENSG00000134812	hsa-miR-4687-3p	MIMAT0019775	0.93407178166578
2826	PEX26	ENSG00000215193	hsa-miR-5008-5p	MIMAT0021039	0.934050278067271
2827	USP37	ENSG00000135913	hsa-miR-4465	MIMAT0018992	0.93403211949606
2828	GNA11	ENSG00000088256	hsa-miR-6783-5p	MIMAT0027466	0.934024908173699
2829	MEIS3	ENSG00000105419	hsa-miR-4458	MIMAT0018980	0.934023168258784
2830	SPIN1	ENSG00000106723	hsa-miR-3682-5p	MIMAT0019222	0.933987067532514
2831	PRKAR2A	ENSG00000114302	hsa-miR-4458	MIMAT0018980	0.933940822998765
2832	ABLIM3	ENSG00000173210	hsa-miR-6758-5p	MIMAT0027416	0.93388757721442
2833	CCDC34	ENSG00000109881	hsa-miR-765	MIMAT0003945	0.933842590814538
2834	OLR1	ENSG00000173391	hsa-miR-21-5p	MIMAT0000076	0.933823522306096
2835	OAS2	ENSG00000111335	hsa-miR-6783-5p	MIMAT0027466	0.933806002461784
2836	NARS2	ENSG00000137513	hsa-miR-183-5p	MIMAT0000261	0.933790712254479
2837	MAT2A	ENSG00000168906	hsa-miR-7855-5p	MIMAT0030430	0.933771183483496
2838	HPSE	ENSG00000173083	hsa-miR-7157-3p	MIMAT0028225	0.933755227709429
2839	ITGAL	ENSG00000005844	hsa-miR-661	MIMAT0003324	0.933749926362441
2840	FAM81A	ENSG00000157470	hsa-miR-7855-5p	MIMAT0030430	0.933715708592299
2841	ARHGEF2	ENSG00000116584	hsa-miR-4685-5p	MIMAT0019771	0.9337138208489
2842	LCOR	ENSG00000196233	hsa-miR-1252-3p	MIMAT0026744	0.933696238236097
2843	SGK2	ENSG00000101049	hsa-miR-5008-5p	MIMAT0021039	0.933678926198117
2844	POU3F1	ENSG00000185668	hsa-miR-6783-5p	MIMAT0027466	0.933665462697692
2845	SLC39A9	ENSG00000029364	hsa-miR-940	MIMAT0004983	0.933661867304772
2846	FOXP1	ENSG00000114861	hsa-miR-6758-5p	MIMAT0027416	0.933653221987122
2847	COA5	ENSG00000183513	hsa-miR-7157-3p	MIMAT0028225	0.933634130341301
2848	POMGNT1	ENSG00000085998	hsa-miR-4446-3p	MIMAT0018965	0.933623006806806
2849	KCTD17	ENSG00000100379	hsa-miR-4458	MIMAT0018980	0.933615179125024
2850	WAPL	ENSG00000062650	hsa-miR-1252-3p	MIMAT0026744	0.933596452668172
2851	ZBTB8B	ENSG00000273274	hsa-miR-1252-3p	MIMAT0026744	0.933552134628762
2852	MCTP1	ENSG00000175471	hsa-miR-6127	MIMAT0024610	0.933542718331737
2853	SARM1	ENSG00000004139	hsa-miR-4695-5p	MIMAT0019788	0.933526105771836
2854	AURKC	ENSG00000105146	hsa-miR-765	MIMAT0003945	0.933519225230416
2855	GTPBP10	ENSG00000105793	hsa-miR-21-5p	MIMAT0000076	0.933470541285725
2856	ZFAND5	ENSG00000107372	hsa-miR-4446-3p	MIMAT0018965	0.933441615183008
2857	RGPD1	ENSG00000187627	hsa-miR-224-5p	MIMAT0000281	0.933440994858323
2858	CBL	ENSG00000110395	hsa-miR-1252-3p	MIMAT0026744	0.933438124457478
2859	PDP2	ENSG00000172840	hsa-miR-4695-5p	MIMAT0019788	0.933420930269109
2860	RAB30	ENSG00000137502	hsa-miR-1252-3p	MIMAT0026744	0.933411436357057
2861	ELFN2	ENSG00000166897	hsa-miR-4292	MIMAT0016919	0.93336789467873
2862	GPX2	ENSG00000176153	hsa-miR-92a-1-5p	MIMAT0004507	0.933328661860112
2863	FAM83G	ENSG00000188522	hsa-miR-661	MIMAT0003324	0.93332780229297
2864	RRAGC	ENSG00000116954	hsa-miR-224-5p	MIMAT0000281	0.933323213085724
2865	F8	ENSG00000185010	hsa-miR-6127	MIMAT0024610	0.933297305928196
2866	RAB11FIP5	ENSG00000135631	hsa-miR-940	MIMAT0004983	0.933282425120514
2867	TIFA	ENSG00000145365	hsa-miR-4687-3p	MIMAT0019775	0.933278309477861
2868	MED17	ENSG00000042429	hsa-miR-224-5p	MIMAT0000281	0.933238208080758
2869	TUBG1	ENSG00000131462	hsa-miR-7157-3p	MIMAT0028225	0.933229020704921
2870	WNT11	ENSG00000085741	hsa-miR-661	MIMAT0003324	0.93322505367998
2871	FARSB	ENSG00000116120	hsa-miR-765	MIMAT0003945	0.933221709467216
2872	BCL11B	ENSG00000127152	hsa-miR-5008-5p	MIMAT0021039	0.933173442114912
2873	GNAI1	ENSG00000127955	hsa-miR-661	MIMAT0003324	0.933138196965797
2874	PGLYRP4	ENSG00000163218	hsa-miR-4695-5p	MIMAT0019788	0.933128138025161
2875	ZMAT3	ENSG00000172667	hsa-miR-940	MIMAT0004983	0.933088635024074
2876	AP1M2	ENSG00000129354	hsa-miR-940	MIMAT0004983	0.933038319326601
2877	FGF13	ENSG00000129682	hsa-miR-183-5p	MIMAT0000261	0.932868941474138
2878	LATS1	ENSG00000131023	hsa-miR-21-5p	MIMAT0000076	0.932864012533609
2879	ERVV-2	ENSG00000268964	hsa-miR-4687-3p	MIMAT0019775	0.93284046647321
2880	CASK	ENSG00000147044	hsa-miR-4292	MIMAT0016919	0.932788539552863
2881	TMEM127	ENSG00000135956	hsa-miR-5008-5p	MIMAT0021039	0.932786169539176
2882	ULK3	ENSG00000140474	hsa-miR-4458	MIMAT0018980	0.932715418629268
2883	ZDHHC20	ENSG00000180776	hsa-miR-4465	MIMAT0018992	0.932708979800602
2884	ANOS1	ENSG00000011201	hsa-miR-1252-3p	MIMAT0026744	0.932697707766133
2885	NEU3	ENSG00000162139	hsa-miR-765	MIMAT0003945	0.932690375899773
2886	LEMD3	ENSG00000174106	hsa-miR-4687-3p	MIMAT0019775	0.932628824719606
2887	FRY	ENSG00000073910	hsa-miR-183-5p	MIMAT0000261	0.932621274797405
2888	SBK2	ENSG00000187550	hsa-miR-4695-5p	MIMAT0019788	0.932603259667111
2889	CACUL1	ENSG00000151893	hsa-miR-130a-5p	MIMAT0004593	0.932544437998151
2890	SCG3	ENSG00000104112	hsa-miR-4685-5p	MIMAT0019771	0.932535894324111
2891	ACVR2A	ENSG00000121989	hsa-miR-21-5p	MIMAT0000076	0.932520532204448
2892	SRGAP1	ENSG00000196935	hsa-miR-661	MIMAT0003324	0.932492344005654
2893	PRKCQ	ENSG00000065675	hsa-miR-4465	MIMAT0018992	0.932484031710952
2894	EP400	ENSG00000183495	hsa-miR-4465	MIMAT0018992	0.932483035244559
2895	NFAT5	ENSG00000102908	hsa-miR-765	MIMAT0003945	0.932475750727976
2896	SLF2	ENSG00000119906	hsa-miR-4695-5p	MIMAT0019788	0.932436771417334
2897	IKBKE	ENSG00000263528	hsa-miR-4458	MIMAT0018980	0.93243134709757
2898	IL2RB	ENSG00000100385	hsa-miR-6127	MIMAT0024610	0.932419728038131
2899	RPS3	ENSG00000149273	hsa-miR-6758-5p	MIMAT0027416	0.932404060040323
2900	SLC2A3	ENSG00000059804	hsa-miR-4465	MIMAT0018992	0.93239424092438
2901	NEGR1	ENSG00000172260	hsa-miR-130a-5p	MIMAT0004593	0.932370511836427
2902	ATP10B	ENSG00000118322	hsa-miR-6783-5p	MIMAT0027466	0.932340539050315
2903	CPSF7	ENSG00000149532	hsa-miR-4292	MIMAT0016919	0.932320806975238
2904	GLP1R	ENSG00000112164	hsa-miR-4695-5p	MIMAT0019788	0.932297149680428
2905	CADM3	ENSG00000162706	hsa-miR-4695-5p	MIMAT0019788	0.932272242695887
2906	PTPA	ENSG00000119383	hsa-miR-661	MIMAT0003324	0.932233887721593
2907	AKAP6	ENSG00000151320	hsa-miR-4458	MIMAT0018980	0.932231219915899
2908	ZNF451	ENSG00000112200	hsa-miR-7855-5p	MIMAT0030430	0.932217868190245
2909	SHCBP1	ENSG00000171241	hsa-miR-6127	MIMAT0024610	0.932214026676383
2910	FRS2	ENSG00000166225	hsa-miR-21-5p	MIMAT0000076	0.932213157777943
2911	RPAP2	ENSG00000122484	hsa-miR-661	MIMAT0003324	0.932178294259885
2912	NUDT11	ENSG00000196368	hsa-miR-4465	MIMAT0018992	0.932153037343573
2913	TMEM201	ENSG00000188807	hsa-miR-940	MIMAT0004983	0.932088102355673
2914	MMS22L	ENSG00000146263	hsa-miR-7855-5p	MIMAT0030430	0.932084282189518
2915	RASSF9	ENSG00000198774	hsa-miR-3682-5p	MIMAT0019222	0.932042354928584
2916	CST2	ENSG00000170369	hsa-miR-4685-5p	MIMAT0019771	0.932041435082982
2917	SCAI	ENSG00000173611	hsa-miR-7157-3p	MIMAT0028225	0.932000759299126
2918	TUG1	ENSG00000253352	hsa-miR-4695-5p	MIMAT0019788	0.931890759028178
2919	C17orf58	ENSG00000186665	hsa-miR-224-5p	MIMAT0000281	0.931871421983512
2920	TMEM239	ENSG00000198326	hsa-miR-4685-5p	MIMAT0019771	0.931834241277675
2921	KCTD10	ENSG00000110906	hsa-miR-661	MIMAT0003324	0.931816890512808
2922	PTEN	ENSG00000171862	hsa-miR-4465	MIMAT0018992	0.931791295306015
2923	RSBN1L	ENSG00000187257	hsa-miR-1252-3p	MIMAT0026744	0.931748322160742
2924	F8	ENSG00000185010	hsa-miR-4695-5p	MIMAT0019788	0.931702674621222
2925	SLC12A4	ENSG00000124067	hsa-miR-5008-5p	MIMAT0021039	0.931651395671992
2926	DMWD	ENSG00000185800	hsa-miR-4695-5p	MIMAT0019788	0.931574055374513
2927	ZNF609	ENSG00000180357	hsa-miR-940	MIMAT0004983	0.931568498695723
2928	CYB5RL	ENSG00000215883	hsa-miR-4695-5p	MIMAT0019788	0.931537095665361
2929	SGTA	ENSG00000104969	hsa-miR-6783-5p	MIMAT0027466	0.931498142984255
2930	LBH	ENSG00000213626	hsa-miR-4695-5p	MIMAT0019788	0.931485112097693
2931	STAC	ENSG00000144681	hsa-miR-940	MIMAT0004983	0.931456288001547
2932	SON	ENSG00000159140	hsa-miR-4446-3p	MIMAT0018965	0.931436075840445
2933	HIKESHI	ENSG00000149196	hsa-miR-6758-5p	MIMAT0027416	0.931420221496889
2934	AL096711.2	ENSG00000255330	hsa-miR-3682-5p	MIMAT0019222	0.931341246994238
2935	KANK1	ENSG00000107104	hsa-miR-183-5p	MIMAT0000261	0.931337398642545
2936	FUBP1	ENSG00000162613	hsa-miR-4465	MIMAT0018992	0.931301985847677
2937	NFAM1	ENSG00000235568	hsa-miR-4685-5p	MIMAT0019771	0.931288588456831
2938	CSRP2	ENSG00000175183	hsa-miR-7157-3p	MIMAT0028225	0.93126016307249
2939	TMOD1	ENSG00000136842	hsa-miR-661	MIMAT0003324	0.931236785024066
2940	TRAM1L1	ENSG00000174599	hsa-miR-7855-5p	MIMAT0030430	0.931207457017259
2941	XRN1	ENSG00000114127	hsa-miR-5008-5p	MIMAT0021039	0.931169834679942
2942	KLHDC8A	ENSG00000162873	hsa-miR-1252-3p	MIMAT0026744	0.931113932680545
2943	IRS2	ENSG00000185950	hsa-miR-4458	MIMAT0018980	0.931093688539319
2944	SGK2	ENSG00000101049	hsa-miR-224-5p	MIMAT0000281	0.931078619202978
2945	CISH	ENSG00000114737	hsa-miR-4458	MIMAT0018980	0.931039073665794
2946	ZNF79	ENSG00000196152	hsa-miR-4687-3p	MIMAT0019775	0.931032534535527
2947	CAND2	ENSG00000144712	hsa-miR-661	MIMAT0003324	0.931019067559871
2948	ZIC5	ENSG00000139800	hsa-miR-4695-5p	MIMAT0019788	0.931006653167921
2949	CORO1C	ENSG00000110880	hsa-miR-224-5p	MIMAT0000281	0.930996680108108
2950	HNRNPR	ENSG00000125944	hsa-miR-1252-3p	MIMAT0026744	0.930921496350798
2951	NHEJ1	ENSG00000187736	hsa-miR-4695-5p	MIMAT0019788	0.930916953763698
2952	ACSS3	ENSG00000111058	hsa-miR-1252-3p	MIMAT0026744	0.930900769083827
2953	ADPRHL1	ENSG00000153531	hsa-miR-765	MIMAT0003945	0.930900469183741
2954	SCN7A	ENSG00000136546	hsa-miR-6758-5p	MIMAT0027416	0.930888454249249
2955	ZBTB41	ENSG00000177888	hsa-miR-92a-1-5p	MIMAT0004507	0.930858992071701
2956	ETV6	ENSG00000139083	hsa-miR-657	MIMAT0003335	0.930848320767919
2957	MTARC1	ENSG00000186205	hsa-miR-130a-5p	MIMAT0004593	0.930811392406107
2958	ALG2	ENSG00000119523	hsa-miR-4687-3p	MIMAT0019775	0.930808242630814
2959	GLI3	ENSG00000106571	hsa-miR-765	MIMAT0003945	0.930747390261069
2960	VCAN	ENSG00000038427	hsa-miR-7157-3p	MIMAT0028225	0.930744808516081
2961	AC005520.1	ENSG00000258653	hsa-miR-4687-3p	MIMAT0019775	0.930735371736931
2962	EXPH5	ENSG00000110723	hsa-miR-21-5p	MIMAT0000076	0.930729868722551
2963	HAS2	ENSG00000170961	hsa-miR-940	MIMAT0004983	0.930727050727541
2964	TMEM200B	ENSG00000253304	hsa-miR-4465	MIMAT0018992	0.930722173471742
2965	OR2L2	ENSG00000203663	hsa-miR-4695-5p	MIMAT0019788	0.930684271130038
2966	ERBB4	ENSG00000178568	hsa-miR-940	MIMAT0004983	0.930674429928035
2967	CDH8	ENSG00000150394	hsa-miR-6822-3p	MIMAT0027545	0.930667106324663
2968	KRAS	ENSG00000133703	hsa-miR-1252-3p	MIMAT0026744	0.930583736259397
2969	RERG	ENSG00000134533	hsa-miR-7855-5p	MIMAT0030430	0.930576026538035
2970	RIMS1	ENSG00000079841	hsa-miR-130a-5p	MIMAT0004593	0.930560788193341
2971	FAM104A	ENSG00000133193	hsa-miR-4458	MIMAT0018980	0.930473143211743
2972	ZNF800	ENSG00000048405	hsa-miR-1252-3p	MIMAT0026744	0.930462760854252
2973	FRS2	ENSG00000166225	hsa-miR-1252-3p	MIMAT0026744	0.93038623526554
2974	SNTG1	ENSG00000147481	hsa-miR-1252-3p	MIMAT0026744	0.930375765931834
2975	ANKRD44	ENSG00000065413	hsa-miR-1252-3p	MIMAT0026744	0.930369399355201
2976	RBM3	ENSG00000102317	hsa-miR-4685-5p	MIMAT0019771	0.930357587455722
2977	CSKMT	ENSG00000214756	hsa-miR-4685-5p	MIMAT0019771	0.930341184926829
2978	MGAT4C	ENSG00000182050	hsa-miR-625-3p	MIMAT0004808	0.930313622953551
2979	BDH2	ENSG00000164039	hsa-miR-7855-5p	MIMAT0030430	0.930289621950193
2980	STC1	ENSG00000159167	hsa-miR-6127	MIMAT0024610	0.93028262947509
2981	ESR2	ENSG00000140009	hsa-miR-6783-5p	MIMAT0027466	0.930258513853827
2982	ADO	ENSG00000181915	hsa-miR-4804-5p	MIMAT0019984	0.930192659781619
2983	ZNF641	ENSG00000167528	hsa-miR-7855-5p	MIMAT0030430	0.930189474191553
2984	ZBTB37	ENSG00000185278	hsa-miR-4687-3p	MIMAT0019775	0.930177283875192
2985	USP9Y	ENSG00000114374	hsa-miR-130a-5p	MIMAT0004593	0.930174871240429
2986	STAU1	ENSG00000124214	hsa-miR-6783-5p	MIMAT0027466	0.930171370172337
2987	SUDS3	ENSG00000111707	hsa-miR-224-5p	MIMAT0000281	0.930162532340468
2988	TNNI1	ENSG00000159173	hsa-miR-4685-5p	MIMAT0019771	0.930148265003708
2989	CLASP2	ENSG00000163539	hsa-miR-4465	MIMAT0018992	0.930137629291607
2990	VSIG10	ENSG00000176834	hsa-miR-224-5p	MIMAT0000281	0.930130490854189
2991	PWWP2A	ENSG00000170234	hsa-miR-224-5p	MIMAT0000281	0.930102119477896
2992	CDKN1B	ENSG00000111276	hsa-miR-6783-5p	MIMAT0027466	0.93007796199087
2993	OR8D1	ENSG00000196341	hsa-miR-1252-3p	MIMAT0026744	0.930064005270698
2994	OSBPL8	ENSG00000091039	hsa-miR-657	MIMAT0003335	0.930061773034285
2995	VPS53	ENSG00000141252	hsa-miR-657	MIMAT0003335	0.930040041336311
2996	FLRT2	ENSG00000185070	hsa-miR-657	MIMAT0003335	0.930000194044288
2997	CNKSR3	ENSG00000153721	hsa-miR-940	MIMAT0004983	0.929992910406365
2998	IRAK2	ENSG00000134070	hsa-miR-625-3p	MIMAT0004808	0.929992152483436
2999	SMOX	ENSG00000088826	hsa-miR-940	MIMAT0004983	0.929955432579503
3000	PDE6D	ENSG00000156973	hsa-miR-765	MIMAT0003945	0.929908545887402
3001	COL5A2	ENSG00000204262	hsa-miR-6783-5p	MIMAT0027466	0.929906192103813
3002	TSPAN18	ENSG00000157570	hsa-miR-4292	MIMAT0016919	0.929883519874413
3003	BSN	ENSG00000164061	hsa-miR-224-5p	MIMAT0000281	0.929873016270554
3004	CELF4	ENSG00000101489	hsa-miR-7157-3p	MIMAT0028225	0.929856930529873
3005	NRXN3	ENSG00000021645	hsa-miR-183-5p	MIMAT0000261	0.929799614687997
3006	KLHDC8B	ENSG00000185909	hsa-miR-4458	MIMAT0018980	0.929781726712742
3007	FAM83F	ENSG00000133477	hsa-miR-4695-5p	MIMAT0019788	0.929744851296453
3008	KCNE5	ENSG00000176076	hsa-miR-4446-3p	MIMAT0018965	0.92970442338155
3009	PDX1	ENSG00000139515	hsa-miR-4695-5p	MIMAT0019788	0.929702654843295
3010	ABI3BP	ENSG00000154175	hsa-miR-1252-3p	MIMAT0026744	0.929658207325575
3011	PTPN14	ENSG00000152104	hsa-miR-940	MIMAT0004983	0.929645667091433
3012	AMOTL2	ENSG00000114019	hsa-miR-6783-5p	MIMAT0027466	0.929629277415676
3013	NT5C2	ENSG00000076685	hsa-miR-940	MIMAT0004983	0.929623663362055
3014	OR51I2	ENSG00000187918	hsa-miR-130a-5p	MIMAT0004593	0.929620868457335
3015	OTUD4	ENSG00000164164	hsa-miR-1252-3p	MIMAT0026744	0.92961895149301
3016	PITPNC1	ENSG00000154217	hsa-miR-4465	MIMAT0018992	0.929609735891767
3017	UTP23	ENSG00000147679	hsa-miR-3682-5p	MIMAT0019222	0.929570213782695
3018	SLC38A2	ENSG00000134294	hsa-miR-4465	MIMAT0018992	0.929511434461307
3019	VAMP3	ENSG00000049245	hsa-miR-940	MIMAT0004983	0.929492559426447
3020	DIAPH1	ENSG00000131504	hsa-miR-6758-5p	MIMAT0027416	0.929487803399724
3021	INTS2	ENSG00000108506	hsa-miR-224-5p	MIMAT0000281	0.929460929978463
3022	SLC10A7	ENSG00000120519	hsa-miR-4458	MIMAT0018980	0.92942838682472
3023	ANKRD26	ENSG00000107890	hsa-miR-4687-3p	MIMAT0019775	0.929426725528396
3024	DNAI2	ENSG00000171595	hsa-miR-765	MIMAT0003945	0.92941901872771
3025	TNR	ENSG00000116147	hsa-miR-765	MIMAT0003945	0.929400213650524
3026	BAK1	ENSG00000030110	hsa-miR-4446-3p	MIMAT0018965	0.929341666585123
3027	TRPM3	ENSG00000083067	hsa-miR-1252-3p	MIMAT0026744	0.929332152476237
3028	IGSF9B	ENSG00000080854	hsa-miR-765	MIMAT0003945	0.929326870521918
3029	PARVA	ENSG00000197702	hsa-miR-1252-3p	MIMAT0026744	0.929323173059523
3030	RGL1	ENSG00000143344	hsa-miR-1252-3p	MIMAT0026744	0.929313602605968
3031	ZBTB20	ENSG00000181722	hsa-miR-5008-5p	MIMAT0021039	0.929301603771092
3032	HOXC8	ENSG00000037965	hsa-miR-657	MIMAT0003335	0.929260431337287
3033	USP27X	ENSG00000273820	hsa-miR-765	MIMAT0003945	0.929236785355135
3034	CADM2	ENSG00000175161	hsa-miR-21-5p	MIMAT0000076	0.929235211304459
3035	PALLD	ENSG00000129116	hsa-miR-92a-1-5p	MIMAT0004507	0.929212591353739
3036	CACUL1	ENSG00000151893	hsa-miR-765	MIMAT0003945	0.929177431297199
3037	BAZ2B	ENSG00000123636	hsa-miR-940	MIMAT0004983	0.929169044902746
3038	ADAMTS5	ENSG00000154736	hsa-miR-4458	MIMAT0018980	0.92916680905653
3039	SNX11	ENSG00000002919	hsa-miR-4685-5p	MIMAT0019771	0.929127520755008
3040	ID4	ENSG00000172201	hsa-miR-1252-3p	MIMAT0026744	0.929122478556648
3041	KDM5A	ENSG00000073614	hsa-miR-224-5p	MIMAT0000281	0.929094099394413
3042	ITPR3	ENSG00000096433	hsa-miR-940	MIMAT0004983	0.929046151793697
3043	TRIM33	ENSG00000197323	hsa-miR-1252-3p	MIMAT0026744	0.929027867249373
3044	ERCC8	ENSG00000049167	hsa-miR-6758-5p	MIMAT0027416	0.929020255882138
3045	KCNC4	ENSG00000116396	hsa-miR-5008-5p	MIMAT0021039	0.928967582847082
3046	CCDC43	ENSG00000180329	hsa-miR-6783-5p	MIMAT0027466	0.928963370632232
3047	RGS16	ENSG00000143333	hsa-miR-4458	MIMAT0018980	0.928958522268745
3048	ZBTB39	ENSG00000166860	hsa-miR-4446-3p	MIMAT0018965	0.928916207616424
3049	CD59	ENSG00000085063	hsa-miR-4695-5p	MIMAT0019788	0.928911301554555
3050	FSTL4	ENSG00000053108	hsa-miR-940	MIMAT0004983	0.928877066270156
3051	MUC16	ENSG00000181143	hsa-miR-765	MIMAT0003945	0.928836121371092
3052	ETV1	ENSG00000006468	hsa-miR-6783-5p	MIMAT0027466	0.928818928505737
3053	AL049697.1	ENSG00000213204	hsa-miR-4695-5p	MIMAT0019788	0.928790276715994
3054	GRIK3	ENSG00000163873	hsa-miR-4695-5p	MIMAT0019788	0.928778740970921
3055	RIMS3	ENSG00000117016	hsa-miR-5008-5p	MIMAT0021039	0.92875090580213
3056	UBQLN2	ENSG00000188021	hsa-miR-6127	MIMAT0024610	0.928679662071502
3057	FOXA2	ENSG00000125798	hsa-miR-765	MIMAT0003945	0.928601129524463
3058	DCHS2	ENSG00000197410	hsa-miR-1252-3p	MIMAT0026744	0.928549474565807
3059	FRG2B	ENSG00000225899	hsa-miR-130a-5p	MIMAT0004593	0.928529639854472
3060	SP1	ENSG00000185591	hsa-miR-6127	MIMAT0024610	0.928526069594586
3061	AL590560.2	ENSG00000256029	hsa-miR-657	MIMAT0003335	0.928503192111865
3062	MON1A	ENSG00000164077	hsa-miR-4685-5p	MIMAT0019771	0.928452060055696
3063	BTBD3	ENSG00000132640	hsa-miR-3682-5p	MIMAT0019222	0.928428569111761
3064	DGKH	ENSG00000102780	hsa-miR-940	MIMAT0004983	0.928413648840377
3065	PAK3	ENSG00000077264	hsa-miR-1252-3p	MIMAT0026744	0.928408007907122
3066	ATL3	ENSG00000184743	hsa-miR-940	MIMAT0004983	0.92840669176951
3067	FAM122B	ENSG00000156504	hsa-miR-940	MIMAT0004983	0.928339212504051
3068	FER	ENSG00000151422	hsa-miR-661	MIMAT0003324	0.928302380489748
3069	ZDHHC18	ENSG00000204160	hsa-miR-6758-5p	MIMAT0027416	0.928300746562141
3070	ZNF431	ENSG00000196705	hsa-miR-4685-5p	MIMAT0019771	0.928278993313852
3071	NHLH1	ENSG00000171786	hsa-miR-6127	MIMAT0024610	0.928247045931856
3072	FAM90A26	ENSG00000229924	hsa-miR-661	MIMAT0003324	0.928238835427311
3073	GJB1	ENSG00000169562	hsa-miR-6127	MIMAT0024610	0.928196713266596
3074	FRMD3	ENSG00000172159	hsa-miR-4687-3p	MIMAT0019775	0.928178821587028
3075	DEDD	ENSG00000158796	hsa-miR-6783-5p	MIMAT0027466	0.928176096071552
3076	AAK1	ENSG00000115977	hsa-miR-4458	MIMAT0018980	0.928129293824928
3077	DNA2	ENSG00000138346	hsa-miR-4458	MIMAT0018980	0.92811378475864
3078	FAM160A1	ENSG00000164142	hsa-miR-6758-5p	MIMAT0027416	0.928058010055306
3079	SOD2	ENSG00000112096	hsa-miR-940	MIMAT0004983	0.928048830505047
3080	CENPBD1	ENSG00000177946	hsa-miR-4446-3p	MIMAT0018965	0.927968774132731
3081	SOCS7	ENSG00000274211	hsa-miR-130a-5p	MIMAT0004593	0.927939378267272
3082	SLC4A8	ENSG00000050438	hsa-miR-4695-5p	MIMAT0019788	0.927899081806717
3083	NCAPG2	ENSG00000146918	hsa-miR-8056	MIMAT0030983	0.927892984965796
3084	MEDAG	ENSG00000102802	hsa-miR-6783-5p	MIMAT0027466	0.927866187467988
3085	MBLAC1	ENSG00000214309	hsa-miR-5008-5p	MIMAT0021039	0.927850984117089
3086	TPP1	ENSG00000166340	hsa-miR-940	MIMAT0004983	0.927822032921313
3087	PLPBP	ENSG00000147471	hsa-miR-765	MIMAT0003945	0.927819544997702
3088	DNAJC25	ENSG00000059769	hsa-miR-6758-5p	MIMAT0027416	0.927819073643852
3089	CACNA1B	ENSG00000148408	hsa-miR-92a-1-5p	MIMAT0004507	0.92779709924979
3090	EIF1AX	ENSG00000173674	hsa-miR-1252-3p	MIMAT0026744	0.927786897251382
3091	ZBTB20	ENSG00000181722	hsa-miR-3682-5p	MIMAT0019222	0.927783468298784
3092	B4GALT2	ENSG00000117411	hsa-miR-6822-3p	MIMAT0027545	0.927773998607806
3093	LPAR3	ENSG00000171517	hsa-miR-7157-3p	MIMAT0028225	0.927769591637497
3094	ADRA2C	ENSG00000184160	hsa-miR-4687-3p	MIMAT0019775	0.927756830059477
3095	ARHGEF37	ENSG00000183111	hsa-miR-183-5p	MIMAT0000261	0.927750207107858
3096	PGAP1	ENSG00000197121	hsa-miR-625-3p	MIMAT0004808	0.92774761805658
3097	NR1I2	ENSG00000144852	hsa-miR-4685-5p	MIMAT0019771	0.927737448638181
3098	FGF18	ENSG00000156427	hsa-miR-6758-5p	MIMAT0027416	0.927730846577758
3099	CD96	ENSG00000153283	hsa-miR-940	MIMAT0004983	0.927709761199202
3100	SSX2B	ENSG00000268447	hsa-miR-6783-5p	MIMAT0027466	0.927672414983844
3101	TMEM263	ENSG00000151135	hsa-miR-4465	MIMAT0018992	0.927612691568691
3102	TCEANC	ENSG00000176896	hsa-miR-661	MIMAT0003324	0.927609630750374
3103	REV3L	ENSG00000009413	hsa-miR-1252-3p	MIMAT0026744	0.927602010046817
3104	AGBL5	ENSG00000084693	hsa-miR-940	MIMAT0004983	0.927558896031424
3105	LRIF1	ENSG00000121931	hsa-miR-661	MIMAT0003324	0.92754562342053
3106	AASDHPPT	ENSG00000149313	hsa-miR-3682-5p	MIMAT0019222	0.927534398175987
3107	GLIS3	ENSG00000107249	hsa-miR-6127	MIMAT0024610	0.927531041085877
3108	DCAF11	ENSG00000100897	hsa-miR-6127	MIMAT0024610	0.927519582343208
3109	RBM20	ENSG00000203867	hsa-miR-765	MIMAT0003945	0.927484503958244
3110	HLCS	ENSG00000159267	hsa-miR-1252-3p	MIMAT0026744	0.92747030510235
3111	PRXL2A	ENSG00000122378	hsa-miR-6783-5p	MIMAT0027466	0.927422063074802
3112	GJB7	ENSG00000164411	hsa-miR-6127	MIMAT0024610	0.927399545425265
3113	PHC2	ENSG00000134686	hsa-miR-4687-3p	MIMAT0019775	0.927381930984503
3114	SPRY3	ENSG00000168939	hsa-miR-6758-5p	MIMAT0027416	0.927368611782747
3115	ERV3-1	ENSG00000213462	hsa-miR-130a-5p	MIMAT0004593	0.927361329356821
3116	LARP4	ENSG00000161813	hsa-miR-4465	MIMAT0018992	0.927345947755392
3117	ZZZ3	ENSG00000036549	hsa-miR-7157-3p	MIMAT0028225	0.927344378644688
3118	AC011330.3	ENSG00000284772	hsa-miR-5008-5p	MIMAT0021039	0.927341519785862
3119	EGFLAM	ENSG00000164318	hsa-miR-625-3p	MIMAT0004808	0.927330533516852
3120	IPO5	ENSG00000065150	hsa-miR-6783-5p	MIMAT0027466	0.927320424647452
3121	SCUBE3	ENSG00000146197	hsa-miR-6758-5p	MIMAT0027416	0.927309320444892
3122	CNTD1	ENSG00000176563	hsa-miR-4687-3p	MIMAT0019775	0.927302638308086
3123	FLRT3	ENSG00000125848	hsa-miR-183-5p	MIMAT0000261	0.927255536193986
3124	CALCOCO1	ENSG00000012822	hsa-miR-4685-5p	MIMAT0019771	0.927230426572167
3125	ARSB	ENSG00000113273	hsa-miR-1252-3p	MIMAT0026744	0.92719803497995
3126	PPM1B	ENSG00000138032	hsa-miR-625-3p	MIMAT0004808	0.927175070864004
3127	EFCAB2	ENSG00000203666	hsa-miR-4695-5p	MIMAT0019788	0.927116547385064
3128	TAFA1	ENSG00000183662	hsa-miR-4446-3p	MIMAT0018965	0.927058989427317
3129	CFAP44	ENSG00000206530	hsa-miR-5008-5p	MIMAT0021039	0.927058279344401
3130	ZNF99	ENSG00000213973	hsa-miR-4446-3p	MIMAT0018965	0.927053688317584
3131	SIGIRR	ENSG00000185187	hsa-miR-4685-5p	MIMAT0019771	0.927040152134664
3132	BCL6	ENSG00000113916	hsa-miR-224-5p	MIMAT0000281	0.927030263331122
3133	OR10H4	ENSG00000176231	hsa-miR-6783-5p	MIMAT0027466	0.92701511447044
3134	ABHD5	ENSG00000011198	hsa-miR-224-5p	MIMAT0000281	0.927013809832246
3135	TTN	ENSG00000155657	hsa-miR-657	MIMAT0003335	0.927009303466242
3136	PIP5K1B	ENSG00000107242	hsa-miR-130a-5p	MIMAT0004593	0.926954610272617
3137	DCAF11	ENSG00000100897	hsa-miR-4685-5p	MIMAT0019771	0.926945034332024
3138	ITPR3	ENSG00000096433	hsa-miR-661	MIMAT0003324	0.926910985947207
3139	HLA-DOA	ENSG00000204252	hsa-miR-4695-5p	MIMAT0019788	0.926910490245695
3140	LNPK	ENSG00000144320	hsa-miR-1252-3p	MIMAT0026744	0.926886697104158
3141	PRR29	ENSG00000224383	hsa-miR-6127	MIMAT0024610	0.926876516631353
3142	PLA2G2F	ENSG00000158786	hsa-miR-4695-5p	MIMAT0019788	0.926847123880155
3143	DGCR2	ENSG00000070413	hsa-miR-183-5p	MIMAT0000261	0.926832821317893
3144	CTDNEP1	ENSG00000175826	hsa-miR-6127	MIMAT0024610	0.926820846721085
3145	CLMN	ENSG00000165959	hsa-miR-1252-3p	MIMAT0026744	0.926791662455015
3146	CASC3	ENSG00000108349	hsa-miR-224-5p	MIMAT0000281	0.926753619490775
3147	SUGT1	ENSG00000165416	hsa-miR-6127	MIMAT0024610	0.926751437742634
3148	RLIM	ENSG00000131263	hsa-miR-1252-3p	MIMAT0026744	0.926708132584654
3149	STK35	ENSG00000125834	hsa-miR-7157-3p	MIMAT0028225	0.926706809384823
3150	MTM1	ENSG00000171100	hsa-miR-6783-5p	MIMAT0027466	0.926681935124569
3151	RCOR1	ENSG00000089902	hsa-miR-940	MIMAT0004983	0.926676223134919
3152	KCNMA1	ENSG00000156113	hsa-miR-1252-3p	MIMAT0026744	0.926659505240591
3153	G3BP1	ENSG00000145907	hsa-miR-3682-5p	MIMAT0019222	0.926648573545433
3154	INO80D	ENSG00000114933	hsa-miR-1252-3p	MIMAT0026744	0.926640245974033
3155	SULF1	ENSG00000137573	hsa-miR-4465	MIMAT0018992	0.926612116079002
3156	TBL3	ENSG00000183751	hsa-miR-4685-5p	MIMAT0019771	0.926582817436934
3157	SLC22A15	ENSG00000163393	hsa-miR-21-5p	MIMAT0000076	0.926560873194684
3158	B4GALNT2	ENSG00000167080	hsa-miR-940	MIMAT0004983	0.926556946654986
3159	ABL2	ENSG00000143322	hsa-miR-765	MIMAT0003945	0.926555038793381
3160	NEK9	ENSG00000119638	hsa-miR-183-5p	MIMAT0000261	0.926551918929984
3161	TACR1	ENSG00000115353	hsa-miR-765	MIMAT0003945	0.926537983422637
3162	SSH1	ENSG00000084112	hsa-miR-6783-5p	MIMAT0027466	0.926506454472346
3163	ZFPM2	ENSG00000169946	hsa-miR-625-3p	MIMAT0004808	0.926505038762156
3164	GADL1	ENSG00000144644	hsa-miR-4465	MIMAT0018992	0.926480244765449
3165	STX16	ENSG00000124222	hsa-miR-4695-5p	MIMAT0019788	0.926478332436304
3166	POU6F1	ENSG00000184271	hsa-miR-7855-5p	MIMAT0030430	0.926472441192951
3167	SCN4A	ENSG00000007314	hsa-miR-940	MIMAT0004983	0.926451352037149
3168	BTG2	ENSG00000159388	hsa-miR-940	MIMAT0004983	0.926430462447887
3169	PTAR1	ENSG00000188647	hsa-miR-3682-5p	MIMAT0019222	0.926418154582799
3170	PXMP4	ENSG00000101417	hsa-miR-6758-5p	MIMAT0027416	0.926404275776581
3171	DTNA	ENSG00000134769	hsa-miR-625-3p	MIMAT0004808	0.92640402537705
3172	ELAVL4	ENSG00000162374	hsa-miR-1252-3p	MIMAT0026744	0.926385666375197
3173	SFTPA2	ENSG00000185303	hsa-miR-6783-5p	MIMAT0027466	0.926382860083504
3174	PPM1B	ENSG00000138032	hsa-miR-940	MIMAT0004983	0.926369222654248
3175	PABPN1	ENSG00000100836	hsa-miR-940	MIMAT0004983	0.926354280535993
3176	FBXL20	ENSG00000108306	hsa-miR-940	MIMAT0004983	0.926321214154758
3177	ARID2	ENSG00000189079	hsa-miR-4465	MIMAT0018992	0.926307026643358
3178	C1QL3	ENSG00000165985	hsa-miR-4292	MIMAT0016919	0.926302774995231
3179	CEP250	ENSG00000126001	hsa-miR-4685-5p	MIMAT0019771	0.9262752717319
3180	NBPF3	ENSG00000142794	hsa-miR-940	MIMAT0004983	0.926269658019733
3181	KIF13A	ENSG00000137177	hsa-miR-625-3p	MIMAT0004808	0.926263394844799
3182	ZNF345	ENSG00000251247	hsa-miR-4446-3p	MIMAT0018965	0.926259896948587
3183	SLC30A7	ENSG00000162695	hsa-miR-4465	MIMAT0018992	0.92625460233839
3184	PCDHGB3	ENSG00000262209	hsa-miR-765	MIMAT0003945	0.926247642172354
3185	CDC42	ENSG00000070831	hsa-miR-1252-3p	MIMAT0026744	0.926225295081304
3186	SLC11A2	ENSG00000110911	hsa-miR-7157-3p	MIMAT0028225	0.926200758937497
3187	KCNA2	ENSG00000177301	hsa-miR-1252-3p	MIMAT0026744	0.926170305903604
3188	C12orf45	ENSG00000151131	hsa-miR-130a-5p	MIMAT0004593	0.926138702654255
3189	RBM17	ENSG00000134453	hsa-miR-4465	MIMAT0018992	0.926110761716267
3190	PLEKHG6	ENSG00000008323	hsa-miR-4458	MIMAT0018980	0.92610148822763
3191	PTPN4	ENSG00000088179	hsa-miR-3682-5p	MIMAT0019222	0.92609169412027
3192	MIER3	ENSG00000155545	hsa-miR-7157-3p	MIMAT0028225	0.926016251211519
3193	RAB3IP	ENSG00000127328	hsa-miR-4465	MIMAT0018992	0.925999025352487
3194	LRRC8A	ENSG00000136802	hsa-miR-765	MIMAT0003945	0.925996095000249
3195	XPO7	ENSG00000130227	hsa-miR-940	MIMAT0004983	0.925988495717398
3196	GSK3B	ENSG00000082701	hsa-miR-1252-3p	MIMAT0026744	0.925968159112758
3197	NTRK3	ENSG00000140538	hsa-miR-7855-5p	MIMAT0030430	0.925955518483498
3198	BTBD9	ENSG00000183826	hsa-miR-4685-5p	MIMAT0019771	0.925937478134212
3199	FBXL19	ENSG00000099364	hsa-miR-4465	MIMAT0018992	0.925914449782219
3200	NDUFA12	ENSG00000184752	hsa-miR-7855-5p	MIMAT0030430	0.925866191259561
3201	TANC2	ENSG00000170921	hsa-miR-4446-3p	MIMAT0018965	0.925842683113771
3202	SGCD	ENSG00000170624	hsa-miR-1252-3p	MIMAT0026744	0.925823297954193
3203	TF	ENSG00000091513	hsa-miR-130a-5p	MIMAT0004593	0.925821648078799
3204	CEACAM1	ENSG00000079385	hsa-miR-92a-1-5p	MIMAT0004507	0.925816243863464
3205	NOX5	ENSG00000255346	hsa-miR-4292	MIMAT0016919	0.925802222594609
3206	EIF4E	ENSG00000151247	hsa-miR-1252-3p	MIMAT0026744	0.925795618629193
3207	AL049839.2	ENSG00000273259	hsa-miR-6127	MIMAT0024610	0.925771334735307
3208	GLYCTK	ENSG00000168237	hsa-miR-5008-5p	MIMAT0021039	0.925755480006828
3209	OLR1	ENSG00000173391	hsa-miR-6783-5p	MIMAT0027466	0.925695719765878
3210	PCDHGA11	ENSG00000253873	hsa-miR-765	MIMAT0003945	0.925687661629553
3211	CAMK2A	ENSG00000070808	hsa-miR-4695-5p	MIMAT0019788	0.925659433780587
3212	CBLB	ENSG00000114423	hsa-miR-765	MIMAT0003945	0.925652438745886
3213	PCDHGC5	ENSG00000240764	hsa-miR-765	MIMAT0003945	0.925635076947838
3214	PLD5	ENSG00000180287	hsa-miR-1252-3p	MIMAT0026744	0.925630876096931
3215	IL17RA	ENSG00000177663	hsa-miR-661	MIMAT0003324	0.925626841627803
3216	GABRG2	ENSG00000113327	hsa-miR-1252-3p	MIMAT0026744	0.925604735520094
3217	PGBD5	ENSG00000177614	hsa-miR-4685-5p	MIMAT0019771	0.925567795397313
3218	ATP8B3	ENSG00000130270	hsa-miR-4695-5p	MIMAT0019788	0.925529556238385
3219	ANKRD26	ENSG00000107890	hsa-miR-765	MIMAT0003945	0.925528957962145
3220	ATRX	ENSG00000085224	hsa-miR-1252-3p	MIMAT0026744	0.92549133737308
3221	COL8A1	ENSG00000144810	hsa-miR-765	MIMAT0003945	0.925465105634346
3222	POU2AF1	ENSG00000110777	hsa-miR-6127	MIMAT0024610	0.925460746482418
3223	ZBTB7A	ENSG00000178951	hsa-miR-7157-3p	MIMAT0028225	0.925411006068948
3224	MSI2	ENSG00000153944	hsa-miR-92a-1-5p	MIMAT0004507	0.925409622089952
3225	PKNOX2	ENSG00000165495	hsa-miR-7855-5p	MIMAT0030430	0.925401854705994
3226	RIPK1	ENSG00000137275	hsa-miR-4695-5p	MIMAT0019788	0.925330346966484
3227	RAP2A	ENSG00000125249	hsa-miR-1252-3p	MIMAT0026744	0.92532492304413
3228	RGS6	ENSG00000182732	hsa-miR-4292	MIMAT0016919	0.925285876978892
3229	FUT9	ENSG00000172461	hsa-miR-3682-5p	MIMAT0019222	0.925251851209652
3230	MED8	ENSG00000159479	hsa-miR-4458	MIMAT0018980	0.925211421191065
3231	MC2R	ENSG00000185231	hsa-miR-4458	MIMAT0018980	0.925207830244048
3232	DCN	ENSG00000011465	hsa-miR-7157-3p	MIMAT0028225	0.92520505117944
3233	MAB21L1	ENSG00000180660	hsa-miR-4465	MIMAT0018992	0.925204397339439
3234	OXGR1	ENSG00000165621	hsa-miR-6127	MIMAT0024610	0.925203995103161
3235	HEMK1	ENSG00000114735	hsa-miR-765	MIMAT0003945	0.925194046483993
3236	EPHB2	ENSG00000133216	hsa-miR-661	MIMAT0003324	0.925160062385908
3237	SRCAP	ENSG00000080603	hsa-miR-765	MIMAT0003945	0.925158039035972
3238	GNA13	ENSG00000120063	hsa-miR-1252-3p	MIMAT0026744	0.925152829481666
3239	FAM107B	ENSG00000065809	hsa-miR-21-5p	MIMAT0000076	0.925138134037956
3240	CALCB	ENSG00000175868	hsa-miR-21-5p	MIMAT0000076	0.92513352714026
3241	SAMD5	ENSG00000203727	hsa-miR-7157-3p	MIMAT0028225	0.925129667190522
3242	KCNJ10	ENSG00000177807	hsa-miR-6127	MIMAT0024610	0.925117481238924
3243	BNC2	ENSG00000173068	hsa-miR-183-5p	MIMAT0000261	0.925083698159726
3244	BMF	ENSG00000104081	hsa-miR-5008-5p	MIMAT0021039	0.925068112054694
3245	SNX19	ENSG00000120451	hsa-miR-1252-3p	MIMAT0026744	0.925062571366662
3246	NOL4L	ENSG00000197183	hsa-miR-6127	MIMAT0024610	0.925055285210157
3247	CENPBD1	ENSG00000177946	hsa-miR-661	MIMAT0003324	0.92493367141977
3248	RELT	ENSG00000054967	hsa-miR-4685-5p	MIMAT0019771	0.924913553955105
3249	GARRE1	ENSG00000166398	hsa-miR-940	MIMAT0004983	0.924906637096612
3250	PLD3	ENSG00000105223	hsa-miR-4292	MIMAT0016919	0.924872742635129
3251	WNK3	ENSG00000196632	hsa-miR-1252-3p	MIMAT0026744	0.924867815544671
3252	RNLS	ENSG00000184719	hsa-miR-4687-3p	MIMAT0019775	0.924828800429678
3253	WDR27	ENSG00000184465	hsa-miR-6783-5p	MIMAT0027466	0.92480777871465
3254	C11orf45	ENSG00000174370	hsa-miR-765	MIMAT0003945	0.924706190009257
3255	PHF6	ENSG00000156531	hsa-miR-4465	MIMAT0018992	0.92469784368945
3256	CUX1	ENSG00000257923	hsa-miR-765	MIMAT0003945	0.924662891410237
3257	AMBN	ENSG00000178522	hsa-miR-1252-3p	MIMAT0026744	0.924608665592809
3258	MTHFR	ENSG00000177000	hsa-miR-4685-5p	MIMAT0019771	0.924605640976443
3259	TSC1	ENSG00000165699	hsa-miR-4458	MIMAT0018980	0.924602447250054
3260	PRPSAP1	ENSG00000161542	hsa-miR-4446-3p	MIMAT0018965	0.92459402227258
3261	PALM2AKAP2	ENSG00000157654	hsa-miR-4695-5p	MIMAT0019788	0.924589309757404
3262	LGSN	ENSG00000146166	hsa-miR-6783-5p	MIMAT0027466	0.924576773080137
3263	CDK16	ENSG00000102225	hsa-miR-940	MIMAT0004983	0.924472918891396
3264	MDM2	ENSG00000135679	hsa-miR-661	MIMAT0003324	0.92439520705993
3265	PCDHGA1	ENSG00000204956	hsa-miR-765	MIMAT0003945	0.92439334476391
3266	AAGAB	ENSG00000103591	hsa-miR-6758-5p	MIMAT0027416	0.924370853433435
3267	SPIN1	ENSG00000106723	hsa-miR-1252-3p	MIMAT0026744	0.924331434052023
3268	SLC30A7	ENSG00000162695	hsa-miR-940	MIMAT0004983	0.924328072034901
3269	YJU2	ENSG00000105248	hsa-miR-657	MIMAT0003335	0.924318173703274
3270	CD109	ENSG00000156535	hsa-miR-6783-5p	MIMAT0027466	0.924313861123759
3271	CHN2	ENSG00000106069	hsa-miR-4695-5p	MIMAT0019788	0.924293569065809
3272	ERVV-2	ENSG00000268964	hsa-miR-661	MIMAT0003324	0.92424230583919
3273	ZC3H12A	ENSG00000163874	hsa-miR-765	MIMAT0003945	0.924179731578493
3274	OPCML	ENSG00000183715	hsa-miR-224-5p	MIMAT0000281	0.924141501020543
3275	PCDHGB4	ENSG00000253953	hsa-miR-765	MIMAT0003945	0.924114667103856
3276	MBOAT2	ENSG00000143797	hsa-miR-1252-3p	MIMAT0026744	0.924030873062784
3277	MEGF11	ENSG00000157890	hsa-miR-4685-5p	MIMAT0019771	0.924027081314957
3278	AATK	ENSG00000181409	hsa-miR-4685-5p	MIMAT0019771	0.923965750507378
3279	KLHL11	ENSG00000178502	hsa-miR-661	MIMAT0003324	0.92395606620558
3280	AC242842.3	ENSG00000286185	hsa-miR-4446-3p	MIMAT0018965	0.923953893814313
3281	USP31	ENSG00000103404	hsa-miR-4695-5p	MIMAT0019788	0.923922485961996
3282	BMPR2	ENSG00000204217	hsa-miR-224-5p	MIMAT0000281	0.92392165466198
3283	MT1X	ENSG00000187193	hsa-miR-4292	MIMAT0016919	0.923903896607278
3284	SLC30A4	ENSG00000104154	hsa-miR-224-5p	MIMAT0000281	0.923896311245981
3285	FAM90A1	ENSG00000171847	hsa-miR-661	MIMAT0003324	0.923895726439791
3286	P2RX5-TAX1BP3	ENSG00000257950	hsa-miR-4695-5p	MIMAT0019788	0.923882834866424
3287	LSM5	ENSG00000106355	hsa-miR-1252-3p	MIMAT0026744	0.923834818069781
3288	MED28	ENSG00000118579	hsa-miR-765	MIMAT0003945	0.92383004764058
3289	SRSF10	ENSG00000188529	hsa-miR-224-5p	MIMAT0000281	0.923813012731648
3290	NBPF1	ENSG00000219481	hsa-miR-940	MIMAT0004983	0.923772041108655
3291	RAB22A	ENSG00000124209	hsa-miR-1252-3p	MIMAT0026744	0.923742210741239
3292	CCDC28A	ENSG00000024862	hsa-miR-4465	MIMAT0018992	0.923732902751071
3293	SPDYE8	ENSG00000273520	hsa-miR-1252-3p	MIMAT0026744	0.92369466210238
3294	NBPF20	ENSG00000162825	hsa-miR-661	MIMAT0003324	0.923675327524577
3295	VAX1	ENSG00000148704	hsa-miR-4695-5p	MIMAT0019788	0.92365345539
3296	KIF5A	ENSG00000155980	hsa-miR-6127	MIMAT0024610	0.923651891662489
3297	SERPINF1	ENSG00000132386	hsa-miR-130a-5p	MIMAT0004593	0.92365076769483
3298	RAD9A	ENSG00000172613	hsa-miR-4685-5p	MIMAT0019771	0.923637483368159
3299	RPS6KB2	ENSG00000175634	hsa-miR-4458	MIMAT0018980	0.923613614277444
3300	PDXK	ENSG00000160209	hsa-miR-940	MIMAT0004983	0.923613161537111
3301	HAUS5	ENSG00000249115	hsa-miR-4695-5p	MIMAT0019788	0.923608657643675
3302	PAFAH1B1	ENSG00000007168	hsa-miR-1252-3p	MIMAT0026744	0.923601314941924
3303	GRID2	ENSG00000152208	hsa-miR-1252-3p	MIMAT0026744	0.923583044669226
3304	RNF24	ENSG00000101236	hsa-miR-21-5p	MIMAT0000076	0.923531201561363
3305	SMARCD3	ENSG00000082014	hsa-miR-4685-5p	MIMAT0019771	0.923497248068354
3306	SPDYE9	ENSG00000262461	hsa-miR-1252-3p	MIMAT0026744	0.923482518756375
3307	SPDYE11	ENSG00000286228	hsa-miR-1252-3p	MIMAT0026744	0.923478328736558
3308	DENND4A	ENSG00000174485	hsa-miR-6783-5p	MIMAT0027466	0.923454929902064
3309	PHF14	ENSG00000106443	hsa-miR-1252-3p	MIMAT0026744	0.923448040277387
3310	OSBPL3	ENSG00000070882	hsa-miR-4458	MIMAT0018980	0.923446719675163
3311	ZNF264	ENSG00000083844	hsa-miR-6758-5p	MIMAT0027416	0.923435930596385
3312	SLC25A12	ENSG00000115840	hsa-miR-4292	MIMAT0016919	0.923428087863956
3313	EPHA2	ENSG00000142627	hsa-miR-4465	MIMAT0018992	0.923411345099415
3314	PTPRD	ENSG00000153707	hsa-miR-1252-3p	MIMAT0026744	0.923407969617718
3315	ACO1	ENSG00000122729	hsa-miR-1252-3p	MIMAT0026744	0.923354236969042
3316	SS18L2	ENSG00000008324	hsa-miR-1252-3p	MIMAT0026744	0.923350432504154
3317	MTAP	ENSG00000099810	hsa-miR-6127	MIMAT0024610	0.923349625710863
3318	VEGFB	ENSG00000173511	hsa-miR-661	MIMAT0003324	0.923343645124185
3319	LGI1	ENSG00000108231	hsa-miR-661	MIMAT0003324	0.923341799688398
3320	RNF165	ENSG00000141622	hsa-miR-940	MIMAT0004983	0.923304241231061
3321	RBM23	ENSG00000100461	hsa-miR-4465	MIMAT0018992	0.923302690340278
3322	NCOA1	ENSG00000084676	hsa-miR-661	MIMAT0003324	0.9233008388336
3323	RAP2B	ENSG00000181467	hsa-miR-1252-3p	MIMAT0026744	0.923300245877766
3324	WNT7A	ENSG00000154764	hsa-miR-5008-5p	MIMAT0021039	0.923261485578727
3325	PCDH8	ENSG00000136099	hsa-miR-1252-3p	MIMAT0026744	0.923254495004054
3326	ZNF624	ENSG00000197566	hsa-miR-1252-3p	MIMAT0026744	0.923235118805527
3327	CDIP1	ENSG00000089486	hsa-miR-4685-5p	MIMAT0019771	0.923199160263278
3328	RORA	ENSG00000069667	hsa-miR-183-5p	MIMAT0000261	0.92315661304873
3329	NMT2	ENSG00000152465	hsa-miR-1252-3p	MIMAT0026744	0.923153522860029
3330	KCNB1	ENSG00000158445	hsa-miR-6822-3p	MIMAT0027545	0.923145320582866
3331	IQANK1	ENSG00000203499	hsa-miR-661	MIMAT0003324	0.923129082363445
3332	SNX3	ENSG00000112335	hsa-miR-7157-3p	MIMAT0028225	0.923126168941244
3333	KPNA2	ENSG00000182481	hsa-miR-4465	MIMAT0018992	0.923100116586096
3334	PCDHGA4	ENSG00000262576	hsa-miR-765	MIMAT0003945	0.923091352305728
3335	KLHL15	ENSG00000174010	hsa-miR-7855-5p	MIMAT0030430	0.923086601491905
3336	TTC7B	ENSG00000165914	hsa-miR-661	MIMAT0003324	0.923064708178906
3337	KAT7	ENSG00000136504	hsa-miR-1252-3p	MIMAT0026744	0.923053145070622
3338	SGSM2	ENSG00000141258	hsa-miR-940	MIMAT0004983	0.923037504705975
3339	TSHZ2	ENSG00000182463	hsa-miR-1252-3p	MIMAT0026744	0.92301570859655
3340	PCDHGA7	ENSG00000253537	hsa-miR-765	MIMAT0003945	0.923003461852345
3341	AGO2	ENSG00000123908	hsa-miR-5008-5p	MIMAT0021039	0.922955304369598
3342	PCDHGC4	ENSG00000242419	hsa-miR-765	MIMAT0003945	0.922943400698546
3343	QSOX1	ENSG00000116260	hsa-miR-4685-5p	MIMAT0019771	0.922941736806985
3344	DNAJC10	ENSG00000077232	hsa-miR-3682-5p	MIMAT0019222	0.922921935433732
3345	PLA2G3	ENSG00000100078	hsa-miR-765	MIMAT0003945	0.922917093713648
3346	DNMT3A	ENSG00000119772	hsa-miR-4465	MIMAT0018992	0.922913739864255
3347	ARHGEF9	ENSG00000131089	hsa-miR-6783-5p	MIMAT0027466	0.922891500417373
3348	ADGRB2	ENSG00000121753	hsa-miR-6758-5p	MIMAT0027416	0.922823255278408
3349	PRKD1	ENSG00000184304	hsa-miR-940	MIMAT0004983	0.922807164812067
3350	ARAP2	ENSG00000047365	hsa-miR-940	MIMAT0004983	0.922800083050471
3351	BPTF	ENSG00000171634	hsa-miR-1252-3p	MIMAT0026744	0.922790434429452
3352	UPRT	ENSG00000094841	hsa-miR-1252-3p	MIMAT0026744	0.922743180926707
3353	HNF1B	ENSG00000275410	hsa-miR-3682-5p	MIMAT0019222	0.922668134413699
3354	ZNF704	ENSG00000164684	hsa-miR-21-5p	MIMAT0000076	0.922659472412523
3355	ATP7A	ENSG00000165240	hsa-miR-940	MIMAT0004983	0.922655701165754
3356	PCDHGB5	ENSG00000276547	hsa-miR-765	MIMAT0003945	0.922647841304997
3357	SSH1	ENSG00000084112	hsa-miR-6127	MIMAT0024610	0.922642855558143
3358	DRC3	ENSG00000171962	hsa-miR-6783-5p	MIMAT0027466	0.922617532533281
3359	PHLDB1	ENSG00000019144	hsa-miR-661	MIMAT0003324	0.922612197162103
3360	PRPH2	ENSG00000112619	hsa-miR-7157-3p	MIMAT0028225	0.922597318635118
3361	KMT2A	ENSG00000118058	hsa-miR-6783-5p	MIMAT0027466	0.922589397874314
3362	AC005520.1	ENSG00000258653	hsa-miR-765	MIMAT0003945	0.922571178137596
3363	BBC3	ENSG00000105327	hsa-miR-4695-5p	MIMAT0019788	0.922563991637772
3364	MEGF10	ENSG00000145794	hsa-miR-1252-3p	MIMAT0026744	0.922539524396324
3365	IFITM10	ENSG00000244242	hsa-miR-4458	MIMAT0018980	0.922536242314805
3366	SHBG	ENSG00000129214	hsa-miR-4685-5p	MIMAT0019771	0.922531827429143
3367	C2orf68	ENSG00000168887	hsa-miR-4292	MIMAT0016919	0.922526444681755
3368	ALG14	ENSG00000172339	hsa-miR-661	MIMAT0003324	0.922512567489155
3369	AKAP6	ENSG00000151320	hsa-miR-7855-5p	MIMAT0030430	0.922493913931253
3370	CCDC13	ENSG00000244607	hsa-miR-4685-5p	MIMAT0019771	0.922482188606918
3371	RHOU	ENSG00000116574	hsa-miR-4465	MIMAT0018992	0.922472304774638
3372	IPO7	ENSG00000205339	hsa-miR-1252-3p	MIMAT0026744	0.922469803859557
3373	OLFML2A	ENSG00000185585	hsa-miR-4685-5p	MIMAT0019771	0.922457207324483
3374	ZNF577	ENSG00000161551	hsa-miR-7855-5p	MIMAT0030430	0.922449912135307
3375	RNF144B	ENSG00000137393	hsa-miR-4695-5p	MIMAT0019788	0.922391033166451
3376	PCDHGB1	ENSG00000254221	hsa-miR-765	MIMAT0003945	0.92238175125427
3377	TAFA2	ENSG00000198673	hsa-miR-1252-3p	MIMAT0026744	0.922376841323501
3378	KCND2	ENSG00000184408	hsa-miR-4695-5p	MIMAT0019788	0.922374357270158
3379	OPRD1	ENSG00000116329	hsa-miR-661	MIMAT0003324	0.92235212394109
3380	PRR11	ENSG00000068489	hsa-miR-661	MIMAT0003324	0.922333975742191
3381	SERPINB13	ENSG00000197641	hsa-miR-1252-3p	MIMAT0026744	0.922290085941472
3382	ZNF445	ENSG00000185219	hsa-miR-6758-5p	MIMAT0027416	0.922267010555416
3383	PCDHGB7	ENSG00000254122	hsa-miR-765	MIMAT0003945	0.922266080182498
3384	PCDHGB2	ENSG00000253910	hsa-miR-765	MIMAT0003945	0.922233295548277
3385	NBPF12	ENSG00000268043	hsa-miR-1252-3p	MIMAT0026744	0.922223828367165
3386	CD109	ENSG00000156535	hsa-miR-1252-3p	MIMAT0026744	0.922200302734109
3387	LRIG2	ENSG00000198799	hsa-miR-1252-3p	MIMAT0026744	0.922199745742559
3388	ZNF503	ENSG00000165655	hsa-miR-1252-3p	MIMAT0026744	0.922177420078966
3389	CASP9	ENSG00000132906	hsa-miR-940	MIMAT0004983	0.922145792933892
3390	KAT7	ENSG00000136504	hsa-miR-765	MIMAT0003945	0.922138747668419
3391	VCAN	ENSG00000038427	hsa-miR-7855-5p	MIMAT0030430	0.922116101907884
3392	LYVE1	ENSG00000133800	hsa-miR-4458	MIMAT0018980	0.922102113366053
3393	GCN1	ENSG00000089154	hsa-miR-765	MIMAT0003945	0.922101460063987
3394	ADAMTS12	ENSG00000151388	hsa-miR-4458	MIMAT0018980	0.922062636408325
3395	ADAT1	ENSG00000065457	hsa-miR-4687-3p	MIMAT0019775	0.922058941727773
3396	MBNL2	ENSG00000139793	hsa-miR-7855-5p	MIMAT0030430	0.922054694644464
3397	RPAP2	ENSG00000122484	hsa-miR-130a-5p	MIMAT0004593	0.922044083472649
3398	PCDHGA5	ENSG00000253485	hsa-miR-765	MIMAT0003945	0.922038186516914
3399	ZNF746	ENSG00000181220	hsa-miR-765	MIMAT0003945	0.92201001076468
3400	TMEM119	ENSG00000183160	hsa-miR-4685-5p	MIMAT0019771	0.921998111111145
3401	KIAA1958	ENSG00000165185	hsa-miR-224-5p	MIMAT0000281	0.921906921375601
3402	TANC2	ENSG00000170921	hsa-miR-4292	MIMAT0016919	0.921885361176693
3403	PCDHGA10	ENSG00000253846	hsa-miR-765	MIMAT0003945	0.921885054719671
3404	ABHD4	ENSG00000100439	hsa-miR-7855-5p	MIMAT0030430	0.921879948065735
3405	MRGPRE	ENSG00000184350	hsa-miR-7157-3p	MIMAT0028225	0.921879461955708
3406	SLC28A3	ENSG00000197506	hsa-miR-7855-5p	MIMAT0030430	0.921822071578716
3407	BCL11B	ENSG00000127152	hsa-miR-183-5p	MIMAT0000261	0.921813225128503
3408	P2RY2	ENSG00000175591	hsa-miR-940	MIMAT0004983	0.921809318085408
3409	UNC13A	ENSG00000130477	hsa-miR-224-5p	MIMAT0000281	0.921802168663258
3410	KDM6A	ENSG00000147050	hsa-miR-4458	MIMAT0018980	0.921793486600232
3411	GABPB2	ENSG00000143458	hsa-miR-3682-5p	MIMAT0019222	0.921777552834921
3412	KRTAP11-1	ENSG00000182591	hsa-miR-657	MIMAT0003335	0.921754885057312
3413	CCDC127	ENSG00000164366	hsa-miR-661	MIMAT0003324	0.921731907152896
3414	CCDC6	ENSG00000108091	hsa-miR-4465	MIMAT0018992	0.921717819408828
3415	H4C5	ENSG00000276966	hsa-miR-6127	MIMAT0024610	0.921716247737336
3416	KPNB1	ENSG00000108424	hsa-miR-130a-5p	MIMAT0004593	0.921714286391949
3417	PDE12	ENSG00000174840	hsa-miR-1252-3p	MIMAT0026744	0.921704918094479
3418	CD164L2	ENSG00000174950	hsa-miR-765	MIMAT0003945	0.921695758177699
3419	BBX	ENSG00000114439	hsa-miR-940	MIMAT0004983	0.921663729722616
3420	RGS4	ENSG00000117152	hsa-miR-3682-5p	MIMAT0019222	0.921602265660751
3421	DEFB108B	ENSG00000184276	hsa-miR-6758-5p	MIMAT0027416	0.921599850652882
3422	GOLGA6L1	ENSG00000273976	hsa-miR-940	MIMAT0004983	0.921589204232516
3423	EMC10	ENSG00000161671	hsa-miR-4695-5p	MIMAT0019788	0.921573122919045
3424	PI4K2B	ENSG00000038210	hsa-miR-4465	MIMAT0018992	0.921515116913229
3425	LGSN	ENSG00000146166	hsa-miR-7855-5p	MIMAT0030430	0.921467209908632
3426	SATB1	ENSG00000182568	hsa-miR-130a-5p	MIMAT0004593	0.921461182677077
3427	GNAI1	ENSG00000127955	hsa-miR-7157-3p	MIMAT0028225	0.921460433369705
3428	SNRNP27	ENSG00000124380	hsa-miR-6783-5p	MIMAT0027466	0.921441723403466
3429	MFSD4B	ENSG00000173214	hsa-miR-1252-3p	MIMAT0026744	0.921411666555667
3430	PLEKHG7	ENSG00000187510	hsa-miR-4458	MIMAT0018980	0.921328359937475
3431	FBXO28	ENSG00000143756	hsa-miR-3682-5p	MIMAT0019222	0.921288275979086
3432	THAP11	ENSG00000168286	hsa-miR-765	MIMAT0003945	0.921280230121154
3433	PCDHGA3	ENSG00000254245	hsa-miR-765	MIMAT0003945	0.921277086624085
3434	CAMK1G	ENSG00000008118	hsa-miR-940	MIMAT0004983	0.921252193964001
3435	PRMT9	ENSG00000164169	hsa-miR-21-5p	MIMAT0000076	0.921247597558662
3436	CD46	ENSG00000117335	hsa-miR-1252-3p	MIMAT0026744	0.921245162026119
3437	ABCB11	ENSG00000073734	hsa-miR-130a-5p	MIMAT0004593	0.92124102739245
3438	ATXN7	ENSG00000163635	hsa-miR-4695-5p	MIMAT0019788	0.921237181277591
3439	FBXO42	ENSG00000037637	hsa-miR-92a-1-5p	MIMAT0004507	0.921207251909016
3440	ACY1	ENSG00000243989	hsa-miR-4685-5p	MIMAT0019771	0.921189694477748
3441	CERS3	ENSG00000154227	hsa-miR-6127	MIMAT0024610	0.921189033628711
3442	NCR3LG1	ENSG00000188211	hsa-miR-661	MIMAT0003324	0.921186719414975
3443	CPSF6	ENSG00000111605	hsa-miR-4446-3p	MIMAT0018965	0.921168151846028
3444	PAK5	ENSG00000101349	hsa-miR-3682-5p	MIMAT0019222	0.92108280417475
3445	FAM90A1	ENSG00000171847	hsa-miR-6758-5p	MIMAT0027416	0.921070214155567
3446	PCDHGC3	ENSG00000240184	hsa-miR-765	MIMAT0003945	0.921058899725361
3447	RBBP4	ENSG00000162521	hsa-miR-1252-3p	MIMAT0026744	0.921054200940466
3448	IKZF3	ENSG00000161405	hsa-miR-661	MIMAT0003324	0.921049988433184
3449	CYRIA	ENSG00000197872	hsa-miR-224-5p	MIMAT0000281	0.921007381368651
3450	NEXMIF	ENSG00000050030	hsa-miR-1252-3p	MIMAT0026744	0.921005700745239
3451	SP3	ENSG00000172845	hsa-miR-1252-3p	MIMAT0026744	0.921001548334733
3452	APPBP2	ENSG00000062725	hsa-miR-1252-3p	MIMAT0026744	0.92099709710378
3453	INTS7	ENSG00000143493	hsa-miR-224-5p	MIMAT0000281	0.920985196993696
3454	SETD1A	ENSG00000099381	hsa-miR-940	MIMAT0004983	0.920979919122769
3455	WIZ	ENSG00000011451	hsa-miR-4695-5p	MIMAT0019788	0.920963668514884
3456	CD38	ENSG00000004468	hsa-miR-6758-5p	MIMAT0027416	0.920960683294681
3457	GOLGA6L1	ENSG00000273976	hsa-miR-1252-3p	MIMAT0026744	0.920920640090484
3458	CAV1	ENSG00000105974	hsa-miR-940	MIMAT0004983	0.920917560688746
3459	TMED3	ENSG00000166557	hsa-miR-657	MIMAT0003335	0.920904046458133
3460	PIK3C2A	ENSG00000011405	hsa-miR-940	MIMAT0004983	0.920900132657248
3461	SMAD4	ENSG00000141646	hsa-miR-130a-5p	MIMAT0004593	0.920897712565939
3462	TBCEL	ENSG00000154114	hsa-miR-1252-3p	MIMAT0026744	0.920876007527343
3463	PCDHGA2	ENSG00000081853	hsa-miR-765	MIMAT0003945	0.920854129011666
3464	B3GALT5	ENSG00000183778	hsa-miR-1252-3p	MIMAT0026744	0.920847000071112
3465	AC091551.1	ENSG00000267699	hsa-miR-183-5p	MIMAT0000261	0.920844392866325
3466	MEGF10	ENSG00000145794	hsa-miR-7855-5p	MIMAT0030430	0.920796753790646
3467	DHX37	ENSG00000150990	hsa-miR-4685-5p	MIMAT0019771	0.920780911732871
3468	C8A	ENSG00000157131	hsa-miR-224-5p	MIMAT0000281	0.920774349192473
3469	CBFA2T3	ENSG00000129993	hsa-miR-6758-5p	MIMAT0027416	0.920770102204668
3470	ASF1A	ENSG00000111875	hsa-miR-1252-3p	MIMAT0026744	0.920746021139116
3471	PCDHGA9	ENSG00000261934	hsa-miR-765	MIMAT0003945	0.920738113601763
3472	ZNF891	ENSG00000214029	hsa-miR-940	MIMAT0004983	0.920726432633459
3473	TRIM36	ENSG00000152503	hsa-miR-1252-3p	MIMAT0026744	0.920711151328565
3474	ACVR2A	ENSG00000121989	hsa-miR-7157-3p	MIMAT0028225	0.92069380445277
3475	RPS25	ENSG00000118181	hsa-miR-7157-3p	MIMAT0028225	0.92068771836938
3476	CNR1	ENSG00000118432	hsa-miR-1911-5p	MIMAT0007885	0.920666849620385
3477	AC104389.5	ENSG00000239920	hsa-miR-224-5p	MIMAT0000281	0.920659353752016
3478	CLEC1B	ENSG00000165682	hsa-miR-7157-3p	MIMAT0028225	0.920603517279427
3479	NUTM2E	ENSG00000228570	hsa-miR-6758-5p	MIMAT0027416	0.920593095559521
3480	ZBTB37	ENSG00000185278	hsa-miR-6758-5p	MIMAT0027416	0.920592686706592
3481	LOX	ENSG00000113083	hsa-miR-183-5p	MIMAT0000261	0.920570825975101
3482	ABHD2	ENSG00000140526	hsa-miR-6127	MIMAT0024610	0.92054508539031
3483	EYA3	ENSG00000158161	hsa-miR-6758-5p	MIMAT0027416	0.920532055497815
3484	FUNDC2	ENSG00000165775	hsa-miR-183-5p	MIMAT0000261	0.920530422831742
3485	C15orf61	ENSG00000189227	hsa-miR-3682-5p	MIMAT0019222	0.92050422074687
3486	EVC	ENSG00000072840	hsa-miR-4685-5p	MIMAT0019771	0.920474175654652
3487	AP5M1	ENSG00000053770	hsa-miR-21-5p	MIMAT0000076	0.920471213430365
3488	CACNG1	ENSG00000108878	hsa-miR-4685-5p	MIMAT0019771	0.920445386747949
3489	SLC25A44	ENSG00000160785	hsa-miR-6127	MIMAT0024610	0.920438277469847
3490	TTC14	ENSG00000163728	hsa-miR-130a-5p	MIMAT0004593	0.920435924726821
3491	PTGES2	ENSG00000148334	hsa-miR-4685-5p	MIMAT0019771	0.92043111704374
3492	CASP2	ENSG00000106144	hsa-miR-6783-5p	MIMAT0027466	0.920425991152731
3493	CDC14A	ENSG00000079335	hsa-miR-1911-5p	MIMAT0007885	0.9203962296818
3494	CRTC3	ENSG00000140577	hsa-miR-4687-3p	MIMAT0019775	0.92037668182218
3495	INA	ENSG00000148798	hsa-miR-7855-5p	MIMAT0030430	0.920360914647212
3496	ZNF460	ENSG00000197714	hsa-miR-5008-5p	MIMAT0021039	0.92034275210555
3497	LIMD1	ENSG00000144791	hsa-miR-4695-5p	MIMAT0019788	0.920332661031351
3498	CCDC85C	ENSG00000205476	hsa-miR-6127	MIMAT0024610	0.920297118580019
3499	ADM2	ENSG00000128165	hsa-miR-7855-5p	MIMAT0030430	0.920296032037609
3500	GGA2	ENSG00000103365	hsa-miR-940	MIMAT0004983	0.920282379904715
3501	CDH20	ENSG00000101542	hsa-miR-4465	MIMAT0018992	0.920273809403952
3502	RSPH3	ENSG00000130363	hsa-miR-4687-3p	MIMAT0019775	0.92027281489727
3503	FAM126B	ENSG00000155744	hsa-miR-1252-3p	MIMAT0026744	0.920270957877327
3504	ADCYAP1R1	ENSG00000078549	hsa-miR-765	MIMAT0003945	0.92025245393552
3505	PURB	ENSG00000146676	hsa-miR-657	MIMAT0003335	0.920200016675188
3506	MAP2K6	ENSG00000108984	hsa-miR-1252-3p	MIMAT0026744	0.920194243914081
3507	KCNQ5	ENSG00000185760	hsa-miR-1252-3p	MIMAT0026744	0.920171903065721
3508	CEP89	ENSG00000121289	hsa-miR-661	MIMAT0003324	0.920157641110502
3509	TPD52L1	ENSG00000111907	hsa-miR-661	MIMAT0003324	0.920148875341768
3510	PEAK1	ENSG00000173517	hsa-miR-940	MIMAT0004983	0.920129611637761
3511	PTS	ENSG00000150787	hsa-miR-183-5p	MIMAT0000261	0.920102812868471
3512	ADCYAP1	ENSG00000141433	hsa-miR-7157-3p	MIMAT0028225	0.920099361085246
3513	SLC2A5	ENSG00000142583	hsa-miR-6822-3p	MIMAT0027545	0.920068674538939
3514	ZNF708	ENSG00000182141	hsa-miR-4465	MIMAT0018992	0.919963702408578
3515	TMEM268	ENSG00000157693	hsa-miR-4695-5p	MIMAT0019788	0.919933949122709
3516	S100A7A	ENSG00000184330	hsa-miR-765	MIMAT0003945	0.919928185823109
3517	COL12A1	ENSG00000111799	hsa-miR-940	MIMAT0004983	0.919910956311173
3518	SFMBT2	ENSG00000198879	hsa-miR-6758-5p	MIMAT0027416	0.91989196672607
3519	MAJIN	ENSG00000168070	hsa-miR-1252-3p	MIMAT0026744	0.919869147460802
3520	PPIP5K2	ENSG00000145725	hsa-miR-1252-3p	MIMAT0026744	0.919867176571861
3521	CREG1	ENSG00000143162	hsa-miR-661	MIMAT0003324	0.919862587323064
3522	HCAR3	ENSG00000255398	hsa-miR-661	MIMAT0003324	0.91985862845669
3523	ZBTB20	ENSG00000181722	hsa-miR-940	MIMAT0004983	0.919842259713652
3524	TINF2	ENSG00000092330	hsa-miR-4695-5p	MIMAT0019788	0.919833334176232
3525	SMIM23	ENSG00000185662	hsa-miR-6127	MIMAT0024610	0.919815496698565
3526	AKAP6	ENSG00000151320	hsa-miR-1252-3p	MIMAT0026744	0.919801680256992
3527	PNPLA8	ENSG00000135241	hsa-miR-7157-3p	MIMAT0028225	0.919788810588667
3528	SNX33	ENSG00000173548	hsa-miR-4685-5p	MIMAT0019771	0.91978762928329
3529	KCNMA1	ENSG00000156113	hsa-miR-765	MIMAT0003945	0.919770305605664
3530	IL10RA	ENSG00000110324	hsa-miR-5008-5p	MIMAT0021039	0.919756684973082
3531	POTEC	ENSG00000183206	hsa-miR-183-5p	MIMAT0000261	0.919706053406092
3532	ACSS1	ENSG00000154930	hsa-miR-4685-5p	MIMAT0019771	0.919687398996023
3533	FKTN	ENSG00000106692	hsa-miR-4458	MIMAT0018980	0.919685209012366
3534	NUFIP2	ENSG00000108256	hsa-miR-224-5p	MIMAT0000281	0.919683170543624
3535	ZNF774	ENSG00000196391	hsa-miR-661	MIMAT0003324	0.919667349009748
3536	MCUR1	ENSG00000050393	hsa-miR-940	MIMAT0004983	0.919666585208678
3537	LRRC3B	ENSG00000179796	hsa-miR-92a-1-5p	MIMAT0004507	0.919659179434576
3538	LTBP1	ENSG00000049323	hsa-miR-4465	MIMAT0018992	0.919637591255169
3539	CBFA2T2	ENSG00000078699	hsa-miR-1252-3p	MIMAT0026744	0.919626871586136
3540	EDA2R	ENSG00000131080	hsa-miR-4446-3p	MIMAT0018965	0.919593750002325
3541	BEND2	ENSG00000177324	hsa-miR-3682-5p	MIMAT0019222	0.919585867914884
3542	ABHD12B	ENSG00000131969	hsa-miR-21-5p	MIMAT0000076	0.919511527857042
3543	GOPC	ENSG00000047932	hsa-miR-1252-3p	MIMAT0026744	0.919442471272153
3544	C4orf50	ENSG00000181215	hsa-miR-1911-5p	MIMAT0007885	0.919372884013283
3545	ALS2CL	ENSG00000178038	hsa-miR-5008-5p	MIMAT0021039	0.919357901309398
3546	RASGEF1B	ENSG00000138670	hsa-miR-3682-5p	MIMAT0019222	0.919351750758941
3547	CREB5	ENSG00000146592	hsa-miR-1252-3p	MIMAT0026744	0.919308093688885
3548	UNC13C	ENSG00000137766	hsa-miR-4687-3p	MIMAT0019775	0.919288694434477
3549	NFATC4	ENSG00000100968	hsa-miR-6783-5p	MIMAT0027466	0.919274434151039
3550	LIMCH1	ENSG00000064042	hsa-miR-1252-3p	MIMAT0026744	0.919264074893881
3551	GDNF	ENSG00000168621	hsa-miR-1252-3p	MIMAT0026744	0.919258799591961
3552	ZNF776	ENSG00000152443	hsa-miR-5008-5p	MIMAT0021039	0.919231451410219
3553	RABL3	ENSG00000144840	hsa-miR-6758-5p	MIMAT0027416	0.919215459255656
3554	CDH9	ENSG00000113100	hsa-miR-183-5p	MIMAT0000261	0.91918131987673
3555	SLC4A4	ENSG00000080493	hsa-miR-3682-5p	MIMAT0019222	0.919095741011
3556	SRSF8	ENSG00000263465	hsa-miR-661	MIMAT0003324	0.919093726712803
3557	TENM1	ENSG00000009694	hsa-miR-940	MIMAT0004983	0.91905878958323
3558	TWF1	ENSG00000151239	hsa-miR-4292	MIMAT0016919	0.919056959879819
3559	EIF3E	ENSG00000104408	hsa-miR-130a-5p	MIMAT0004593	0.919054472471267
3560	BMP1	ENSG00000168487	hsa-miR-5008-5p	MIMAT0021039	0.919028142645775
3561	MAS1	ENSG00000130368	hsa-miR-1252-3p	MIMAT0026744	0.919025394076089
3562	OR10G4	ENSG00000254737	hsa-miR-6783-5p	MIMAT0027466	0.919020343324013
3563	PDHA2	ENSG00000163114	hsa-miR-130a-5p	MIMAT0004593	0.918991916034886
3564	ZNF287	ENSG00000141040	hsa-miR-21-5p	MIMAT0000076	0.918959845181516
3565	UTRN	ENSG00000152818	hsa-miR-4458	MIMAT0018980	0.918891783148878
3566	ZBTB37	ENSG00000185278	hsa-miR-4695-5p	MIMAT0019788	0.918891045932849
3567	PCDH9	ENSG00000184226	hsa-miR-3682-5p	MIMAT0019222	0.918867154906281
3568	DCAF8	ENSG00000132716	hsa-miR-4685-5p	MIMAT0019771	0.918856146972354
3569	CELF4	ENSG00000101489	hsa-miR-940	MIMAT0004983	0.918854904897969
3570	SHISA6	ENSG00000188803	hsa-miR-765	MIMAT0003945	0.918798149509251
3571	TRIM33	ENSG00000197323	hsa-miR-765	MIMAT0003945	0.918788708348422
3572	TTLL6	ENSG00000170703	hsa-miR-4458	MIMAT0018980	0.91878833534034
3573	RORA	ENSG00000069667	hsa-miR-6758-5p	MIMAT0027416	0.918787233107966
3574	VIPAS39	ENSG00000151445	hsa-miR-940	MIMAT0004983	0.91878200275637
3575	C10orf99	ENSG00000188373	hsa-miR-765	MIMAT0003945	0.918754480796421
3576	VAMP2	ENSG00000220205	hsa-miR-657	MIMAT0003335	0.918749427278853
3577	OR6C1	ENSG00000205330	hsa-miR-1252-3p	MIMAT0026744	0.918728075785438
3578	PLBD2	ENSG00000151176	hsa-miR-765	MIMAT0003945	0.918727448628524
3579	MSL3	ENSG00000005302	hsa-miR-130a-5p	MIMAT0004593	0.91871912263463
3580	NCOA2	ENSG00000140396	hsa-miR-940	MIMAT0004983	0.918694323853856
3581	PTPN9	ENSG00000169410	hsa-miR-765	MIMAT0003945	0.918669430631452
3582	SUPT6H	ENSG00000109111	hsa-miR-940	MIMAT0004983	0.918655888654713
3583	DUSP4	ENSG00000120875	hsa-miR-1252-3p	MIMAT0026744	0.918649974468943
3584	ELMOD1	ENSG00000110675	hsa-miR-940	MIMAT0004983	0.918601073899566
3585	DERL2	ENSG00000072849	hsa-miR-6822-3p	MIMAT0027545	0.918586351715862
3586	PRKCI	ENSG00000163558	hsa-miR-183-5p	MIMAT0000261	0.918562432265107
3587	FMN1	ENSG00000248905	hsa-miR-7855-5p	MIMAT0030430	0.918546791183811
3588	ZRANB2	ENSG00000132485	hsa-miR-7855-5p	MIMAT0030430	0.918512078173016
3589	FFAR2	ENSG00000126262	hsa-miR-6127	MIMAT0024610	0.918510766491597
3590	DTD2	ENSG00000129480	hsa-miR-4465	MIMAT0018992	0.918497598950533
3591	OSBPL8	ENSG00000091039	hsa-miR-1252-3p	MIMAT0026744	0.91849494747409
3592	RNMT	ENSG00000101654	hsa-miR-7855-5p	MIMAT0030430	0.918478834609922
3593	DUSP14	ENSG00000276023	hsa-miR-5008-5p	MIMAT0021039	0.918469542529448
3594	ZNF512B	ENSG00000196700	hsa-miR-4458	MIMAT0018980	0.91844593942181
3595	CEP250	ENSG00000126001	hsa-miR-5008-5p	MIMAT0021039	0.918444585337863
3596	BAG4	ENSG00000156735	hsa-miR-4465	MIMAT0018992	0.918432564003304
3597	VGLL3	ENSG00000206538	hsa-miR-1252-3p	MIMAT0026744	0.918432121142386
3598	KLC1	ENSG00000126214	hsa-miR-657	MIMAT0003335	0.918387523515599
3599	RPUSD3	ENSG00000156990	hsa-miR-4458	MIMAT0018980	0.918377432430442
3600	NDST1	ENSG00000070614	hsa-miR-4685-5p	MIMAT0019771	0.918354280889993
3601	BRWD1	ENSG00000185658	hsa-miR-1252-3p	MIMAT0026744	0.918347306634777
3602	KIF21B	ENSG00000116852	hsa-miR-765	MIMAT0003945	0.918319783226726
3603	CLDN10	ENSG00000134873	hsa-miR-4446-3p	MIMAT0018965	0.918315543638629
3604	ACVR2A	ENSG00000121989	hsa-miR-4458	MIMAT0018980	0.918313402779209
3605	PGRMC2	ENSG00000164040	hsa-miR-224-5p	MIMAT0000281	0.918265778372071
3606	RAB36	ENSG00000100228	hsa-miR-5008-5p	MIMAT0021039	0.918234473029575
3607	SCUBE1	ENSG00000159307	hsa-miR-4685-5p	MIMAT0019771	0.918216563378721
3608	TTC7B	ENSG00000165914	hsa-miR-7157-3p	MIMAT0028225	0.918212656330519
3609	NSG1	ENSG00000168824	hsa-miR-1252-3p	MIMAT0026744	0.918202499119998
3610	PLAT	ENSG00000104368	hsa-miR-5008-5p	MIMAT0021039	0.918198990924356
3611	AQP11	ENSG00000178301	hsa-miR-3682-5p	MIMAT0019222	0.918103212547651
3612	KCNA2	ENSG00000177301	hsa-miR-7157-3p	MIMAT0028225	0.918078251454954
3613	CD46	ENSG00000117335	hsa-miR-7157-3p	MIMAT0028225	0.918070333101239
3614	HIPK1	ENSG00000163349	hsa-miR-224-5p	MIMAT0000281	0.918056685838921
3615	OR5B2	ENSG00000172365	hsa-miR-6127	MIMAT0024610	0.918029857456378
3616	ILRUN	ENSG00000196821	hsa-miR-7855-5p	MIMAT0030430	0.918020357475552
3617	SPATA2	ENSG00000158480	hsa-miR-4685-5p	MIMAT0019771	0.91801042510215
3618	ZNF33A	ENSG00000189180	hsa-miR-7157-3p	MIMAT0028225	0.918006575093385
3619	NOTO	ENSG00000214513	hsa-miR-4695-5p	MIMAT0019788	0.918003878653673
3620	FCRL3	ENSG00000160856	hsa-miR-92a-1-5p	MIMAT0004507	0.917971930898339
3621	ZNF326	ENSG00000162664	hsa-miR-1252-3p	MIMAT0026744	0.917941152962096
3622	DSG2	ENSG00000046604	hsa-miR-224-5p	MIMAT0000281	0.917923699832718
3623	PLEKHA3	ENSG00000116095	hsa-miR-4465	MIMAT0018992	0.917892388264128
3624	SYNGAP1	ENSG00000197283	hsa-miR-6127	MIMAT0024610	0.917854510616296
3625	ABCG4	ENSG00000172350	hsa-miR-4446-3p	MIMAT0018965	0.917839665427019
3626	CD1C	ENSG00000158481	hsa-miR-6127	MIMAT0024610	0.917838079334612
3627	STEAP2	ENSG00000157214	hsa-miR-940	MIMAT0004983	0.917837057952465
3628	BNIP2	ENSG00000140299	hsa-miR-224-5p	MIMAT0000281	0.917833495179692
3629	C15orf61	ENSG00000189227	hsa-miR-625-3p	MIMAT0004808	0.917827851118474
3630	YTHDF3	ENSG00000185728	hsa-miR-1252-3p	MIMAT0026744	0.917822050428536
3631	RSRC1	ENSG00000174891	hsa-miR-1252-3p	MIMAT0026744	0.917821299294157
3632	SYNGR1	ENSG00000100321	hsa-miR-4685-5p	MIMAT0019771	0.917804558563499
3633	OAS3	ENSG00000111331	hsa-miR-4446-3p	MIMAT0018965	0.917797485180855
3634	WEE1	ENSG00000166483	hsa-miR-224-5p	MIMAT0000281	0.917789643607203
3635	MUC16	ENSG00000181143	hsa-miR-7855-5p	MIMAT0030430	0.917783119321595
3636	FAM153A	ENSG00000170074	hsa-miR-1252-3p	MIMAT0026744	0.917749513355566
3637	DHX40	ENSG00000108406	hsa-miR-6127	MIMAT0024610	0.917746890752862
3638	C11orf95	ENSG00000188070	hsa-miR-661	MIMAT0003324	0.917699715785249
3639	SLC25A2	ENSG00000120329	hsa-miR-5008-5p	MIMAT0021039	0.917691029367695
3640	PCDHGA12	ENSG00000253159	hsa-miR-4695-5p	MIMAT0019788	0.917662538096209
3641	WNK3	ENSG00000196632	hsa-miR-6127	MIMAT0024610	0.91763889825466
3642	RGS6	ENSG00000182732	hsa-miR-7855-5p	MIMAT0030430	0.917608095137617
3643	SULF2	ENSG00000196562	hsa-miR-7855-5p	MIMAT0030430	0.91759090792372
3644	HIRIP3	ENSG00000149929	hsa-miR-4687-3p	MIMAT0019775	0.917589577708282
3645	CNOT6	ENSG00000113300	hsa-miR-1252-3p	MIMAT0026744	0.917566794171425
3646	NDFIP1	ENSG00000131507	hsa-miR-6758-5p	MIMAT0027416	0.917541750543012
3647	NEXMIF	ENSG00000050030	hsa-miR-6127	MIMAT0024610	0.91751453929968
3648	ST8SIA6	ENSG00000148488	hsa-miR-1252-3p	MIMAT0026744	0.917513498150657
3649	TBC1D16	ENSG00000167291	hsa-miR-4292	MIMAT0016919	0.917489410378609
3650	ONECUT2	ENSG00000119547	hsa-miR-4458	MIMAT0018980	0.917441787078815
3651	DDX3Y	ENSG00000067048	hsa-miR-4465	MIMAT0018992	0.917428736540564
3652	PDE7A	ENSG00000205268	hsa-miR-940	MIMAT0004983	0.917410807589387
3653	PDS5A	ENSG00000121892	hsa-miR-940	MIMAT0004983	0.917409677040499
3654	GFPT2	ENSG00000131459	hsa-miR-4685-5p	MIMAT0019771	0.917359855472611
3655	KDM2A	ENSG00000173120	hsa-miR-940	MIMAT0004983	0.91735553873057
3656	EFCAB14	ENSG00000159658	hsa-miR-940	MIMAT0004983	0.917349660847886
3657	COL27A1	ENSG00000196739	hsa-miR-5008-5p	MIMAT0021039	0.917308662073106
3658	BCL2L2	ENSG00000129473	hsa-miR-6822-3p	MIMAT0027545	0.917302189931557
3659	OSBP	ENSG00000110048	hsa-miR-940	MIMAT0004983	0.917259212244385
3660	PARN	ENSG00000140694	hsa-miR-940	MIMAT0004983	0.917247443483397
3661	ADNP	ENSG00000101126	hsa-miR-21-5p	MIMAT0000076	0.917235272415643
3662	CRIP3	ENSG00000146215	hsa-miR-1911-5p	MIMAT0007885	0.917224960533246
3663	CHST9	ENSG00000154080	hsa-miR-6783-5p	MIMAT0027466	0.917181983748725
3664	ABI2	ENSG00000138443	hsa-miR-6822-3p	MIMAT0027545	0.91715678018297
3665	ARSA	ENSG00000100299	hsa-miR-940	MIMAT0004983	0.917151545924012
3666	AL136295.5	ENSG00000259529	hsa-miR-661	MIMAT0003324	0.917148743014591
3667	ZNF609	ENSG00000180357	hsa-miR-6127	MIMAT0024610	0.917147607233973
3668	FAM13A	ENSG00000138640	hsa-miR-940	MIMAT0004983	0.91714093822322
3669	FER	ENSG00000151422	hsa-miR-1252-3p	MIMAT0026744	0.917133960841908
3670	RAC1	ENSG00000136238	hsa-miR-4695-5p	MIMAT0019788	0.917131871184178
3671	GAN	ENSG00000261609	hsa-miR-765	MIMAT0003945	0.917130240095282
3672	ASB6	ENSG00000148331	hsa-miR-940	MIMAT0004983	0.91704833701678
3673	PEA15	ENSG00000162734	hsa-miR-657	MIMAT0003335	0.917042318883011
3674	PATJ	ENSG00000132849	hsa-miR-3682-5p	MIMAT0019222	0.917031835433626
3675	FUBP1	ENSG00000162613	hsa-miR-21-5p	MIMAT0000076	0.917018192540715
3676	SOS1	ENSG00000115904	hsa-miR-940	MIMAT0004983	0.916996385363721
3677	SCARB1	ENSG00000073060	hsa-miR-6783-5p	MIMAT0027466	0.916996339374212
3678	CBX5	ENSG00000094916	hsa-miR-4685-5p	MIMAT0019771	0.916982333114161
3679	EXOC6B	ENSG00000144036	hsa-miR-130a-5p	MIMAT0004593	0.916979313887104
3680	ST8SIA4	ENSG00000113532	hsa-miR-1252-3p	MIMAT0026744	0.916971194947657
3681	PHACTR2	ENSG00000112419	hsa-miR-7855-5p	MIMAT0030430	0.916963028554929
3682	HIPK2	ENSG00000064393	hsa-miR-1252-3p	MIMAT0026744	0.916949640472984
3683	TOR2A	ENSG00000160404	hsa-miR-765	MIMAT0003945	0.916940771466608
3684	SLCO5A1	ENSG00000137571	hsa-miR-4465	MIMAT0018992	0.916940324451959
3685	KLF11	ENSG00000172059	hsa-miR-7855-5p	MIMAT0030430	0.916904592200176
3686	BCL2L1	ENSG00000171552	hsa-miR-5008-5p	MIMAT0021039	0.916901870117595
3687	SIPA1L1	ENSG00000197555	hsa-miR-6127	MIMAT0024610	0.916839550363723
3688	ANKRD49	ENSG00000168876	hsa-miR-4458	MIMAT0018980	0.916812423190448
3689	TTC9	ENSG00000133985	hsa-miR-940	MIMAT0004983	0.916793285328071
3690	SPRYD4	ENSG00000176422	hsa-miR-4458	MIMAT0018980	0.916767585477179
3691	NPLOC4	ENSG00000182446	hsa-miR-4695-5p	MIMAT0019788	0.916767296704842
3692	TPM3	ENSG00000143549	hsa-miR-4695-5p	MIMAT0019788	0.916752358598267
3693	C19orf84	ENSG00000262874	hsa-miR-4446-3p	MIMAT0018965	0.916746585573445
3694	COL20A1	ENSG00000101203	hsa-miR-5008-5p	MIMAT0021039	0.916742446594772
3695	TMEM245	ENSG00000106771	hsa-miR-6783-5p	MIMAT0027466	0.916739822527313
3696	ESPL1	ENSG00000135476	hsa-miR-7157-3p	MIMAT0028225	0.916721309191563
3697	PLEKHG4B	ENSG00000153404	hsa-miR-7157-3p	MIMAT0028225	0.916711780281123
3698	MYB	ENSG00000118513	hsa-miR-940	MIMAT0004983	0.916694948936374
3699	MRAS	ENSG00000158186	hsa-miR-4465	MIMAT0018992	0.91666577199743
3700	CNTNAP5	ENSG00000155052	hsa-miR-4695-5p	MIMAT0019788	0.916639295582326
3701	FOXL2NB	ENSG00000206262	hsa-miR-6127	MIMAT0024610	0.916607171829295
3702	TBC1D3L	ENSG00000274512	hsa-miR-940	MIMAT0004983	0.916580334522821
3703	KITLG	ENSG00000049130	hsa-miR-1252-3p	MIMAT0026744	0.916574277653423
3704	PTBP3	ENSG00000119314	hsa-miR-183-5p	MIMAT0000261	0.916571189997802
3705	TPSD1	ENSG00000095917	hsa-miR-765	MIMAT0003945	0.916532880759397
3706	WDR11	ENSG00000120008	hsa-miR-1252-3p	MIMAT0026744	0.916513383866464
3707	USP9X	ENSG00000124486	hsa-miR-6127	MIMAT0024610	0.916503185971914
3708	RBM18	ENSG00000119446	hsa-miR-4695-5p	MIMAT0019788	0.916499859901319
3709	MRPL19	ENSG00000115364	hsa-miR-1252-3p	MIMAT0026744	0.91649363468351
3710	PROB1	ENSG00000228672	hsa-miR-661	MIMAT0003324	0.916493550410344
3711	PYGO1	ENSG00000171016	hsa-miR-625-3p	MIMAT0004808	0.916462594535123
3712	MDGA2	ENSG00000139915	hsa-miR-765	MIMAT0003945	0.916399047221207
3713	ARF3	ENSG00000134287	hsa-miR-6758-5p	MIMAT0027416	0.916394830496567
3714	KRBA2	ENSG00000184619	hsa-miR-4465	MIMAT0018992	0.916386495046824
3715	DPH1	ENSG00000108963	hsa-miR-4685-5p	MIMAT0019771	0.91636602048339
3716	ENPEP	ENSG00000138792	hsa-miR-4465	MIMAT0018992	0.91635833311686
3717	DYNC1LI2	ENSG00000135720	hsa-miR-4687-3p	MIMAT0019775	0.916352837719905
3718	ANKRD50	ENSG00000151458	hsa-miR-7855-5p	MIMAT0030430	0.916324393325373
3719	ALAS1	ENSG00000023330	hsa-miR-625-3p	MIMAT0004808	0.916303081165401
3720	KCNN1	ENSG00000105642	hsa-miR-4685-5p	MIMAT0019771	0.916291888828262
3721	NLK	ENSG00000087095	hsa-miR-130a-5p	MIMAT0004593	0.916226740994218
3722	SUPT4H1	ENSG00000213246	hsa-miR-940	MIMAT0004983	0.916199958748998
3723	TRIM58	ENSG00000162722	hsa-miR-6822-3p	MIMAT0027545	0.916199137306492
3724	PRKD3	ENSG00000115825	hsa-miR-1252-3p	MIMAT0026744	0.916189299087016
3725	FANCA	ENSG00000187741	hsa-miR-5008-5p	MIMAT0021039	0.916178177638646
3726	MCTS1	ENSG00000232119	hsa-miR-1252-3p	MIMAT0026744	0.916165698837838
3727	SNAI1	ENSG00000124216	hsa-miR-4695-5p	MIMAT0019788	0.916157162449779
3728	FITM2	ENSG00000197296	hsa-miR-661	MIMAT0003324	0.916141093400089
3729	ELMO1	ENSG00000155849	hsa-miR-4685-5p	MIMAT0019771	0.916119381495875
3730	LZTFL1	ENSG00000163818	hsa-miR-6758-5p	MIMAT0027416	0.916055621286459
3731	CDC37L1	ENSG00000106993	hsa-miR-4465	MIMAT0018992	0.915992301199042
3732	ABITRAM	ENSG00000119328	hsa-miR-6758-5p	MIMAT0027416	0.91598708681318
3733	PPARGC1B	ENSG00000155846	hsa-miR-625-3p	MIMAT0004808	0.915983714642418
3734	PSME2	ENSG00000100911	hsa-miR-6127	MIMAT0024610	0.915962920402762
3735	SAMD1	ENSG00000141858	hsa-miR-765	MIMAT0003945	0.915939976024474
3736	AP1S1	ENSG00000106367	hsa-miR-4458	MIMAT0018980	0.915927631141892
3737	EEF1AKMT2	ENSG00000203791	hsa-miR-4292	MIMAT0016919	0.915921290754954
3738	LAMP2	ENSG00000005893	hsa-miR-4458	MIMAT0018980	0.915916146300128
3739	PTPN14	ENSG00000152104	hsa-miR-21-5p	MIMAT0000076	0.915884329242505
3740	CACNA1I	ENSG00000100346	hsa-miR-765	MIMAT0003945	0.915883391395392
3741	SLC6A17	ENSG00000197106	hsa-miR-4685-5p	MIMAT0019771	0.91587274311046
3742	PATL1	ENSG00000166889	hsa-miR-4446-3p	MIMAT0018965	0.91586671093475
3743	MAPK8IP1	ENSG00000121653	hsa-miR-183-5p	MIMAT0000261	0.915858497495802
3744	FOXP2	ENSG00000128573	hsa-miR-6783-5p	MIMAT0027466	0.915853815575915
3745	CDIPT	ENSG00000103502	hsa-miR-4685-5p	MIMAT0019771	0.915820752387544
3746	USP31	ENSG00000103404	hsa-miR-1252-3p	MIMAT0026744	0.915813408938103
3747	SCAMP2	ENSG00000140497	hsa-miR-940	MIMAT0004983	0.915809409873124
3748	SEPTIN3	ENSG00000100167	hsa-miR-765	MIMAT0003945	0.915750838239416
3749	MYLK3	ENSG00000140795	hsa-miR-765	MIMAT0003945	0.915743878247826
3750	RPL13A	ENSG00000142541	hsa-miR-4685-5p	MIMAT0019771	0.915731708138923
3751	ABCA7	ENSG00000064687	hsa-miR-4685-5p	MIMAT0019771	0.915728006538582
3752	TMEM213	ENSG00000214128	hsa-miR-7855-5p	MIMAT0030430	0.915715239115542
3753	ZNF385D	ENSG00000151789	hsa-miR-130a-5p	MIMAT0004593	0.915711735670912
3754	MAB21L4	ENSG00000172478	hsa-miR-6783-5p	MIMAT0027466	0.915708965850593
3755	HMGB3	ENSG00000029993	hsa-miR-6127	MIMAT0024610	0.915688304565756
3756	AC069544.2	ENSG00000284024	hsa-miR-940	MIMAT0004983	0.915679755956917
3757	THAP11	ENSG00000168286	hsa-miR-4695-5p	MIMAT0019788	0.915661274612715
3758	GPR37L1	ENSG00000170075	hsa-miR-661	MIMAT0003324	0.915624882340753
3759	BFAR	ENSG00000103429	hsa-miR-4465	MIMAT0018992	0.915619638348203
3760	CENPE	ENSG00000138778	hsa-miR-4458	MIMAT0018980	0.915577618962834
3761	ARMC8	ENSG00000114098	hsa-miR-1252-3p	MIMAT0026744	0.915563096822454
3762	KLHL33	ENSG00000185271	hsa-miR-130a-5p	MIMAT0004593	0.91555471933707
3763	KDM6B	ENSG00000132510	hsa-miR-4292	MIMAT0016919	0.915521587665477
3764	SLC8A2	ENSG00000118160	hsa-miR-1268a	MIMAT0005922	0.915491367169294
3765	C15orf40	ENSG00000169609	hsa-miR-224-5p	MIMAT0000281	0.915455444747949
3766	CD164	ENSG00000135535	hsa-miR-6783-5p	MIMAT0027466	0.915454746039284
3767	ERBIN	ENSG00000112851	hsa-miR-183-5p	MIMAT0000261	0.915432428200384
3768	SPTLC2	ENSG00000100596	hsa-miR-6783-5p	MIMAT0027466	0.915425205937112
3769	UQCRQ	ENSG00000164405	hsa-miR-5008-5p	MIMAT0021039	0.915412445226761
3770	ATXN7	ENSG00000163635	hsa-miR-130a-5p	MIMAT0004593	0.915399204025737
3771	UBE2D3	ENSG00000109332	hsa-miR-183-5p	MIMAT0000261	0.915398648823304
3772	ZNF490	ENSG00000188033	hsa-miR-4695-5p	MIMAT0019788	0.915357631997773
3773	ATP12A	ENSG00000075673	hsa-miR-661	MIMAT0003324	0.915349199542361
3774	RPIA	ENSG00000153574	hsa-miR-224-5p	MIMAT0000281	0.915344611652624
3775	PLXNA2	ENSG00000076356	hsa-miR-5008-5p	MIMAT0021039	0.915339520476561
3776	OR2A5	ENSG00000221836	hsa-miR-183-5p	MIMAT0000261	0.915281254128596
3777	FAXC	ENSG00000146267	hsa-miR-4458	MIMAT0018980	0.915275898775695
3778	MECP2	ENSG00000169057	hsa-miR-3682-5p	MIMAT0019222	0.915241451374851
3779	PARP3	ENSG00000041880	hsa-miR-4695-5p	MIMAT0019788	0.915235858452591
3780	KIF1C	ENSG00000129250	hsa-miR-4695-5p	MIMAT0019788	0.915214317981752
3781	ZNF654	ENSG00000175105	hsa-miR-1252-3p	MIMAT0026744	0.915194778258814
3782	FAM102A	ENSG00000167106	hsa-miR-4695-5p	MIMAT0019788	0.91514159706006
3783	MEA1	ENSG00000124733	hsa-miR-4687-3p	MIMAT0019775	0.91508317152638
3784	INPP4B	ENSG00000109452	hsa-miR-1911-5p	MIMAT0007885	0.915081051530172
3785	DISP2	ENSG00000140323	hsa-miR-661	MIMAT0003324	0.915045478799801
3786	PLXNC1	ENSG00000136040	hsa-miR-4458	MIMAT0018980	0.915034199247247
3787	RP2	ENSG00000102218	hsa-miR-21-5p	MIMAT0000076	0.915017727737388
3788	CLIP2	ENSG00000106665	hsa-miR-661	MIMAT0003324	0.915005943571574
3789	BAZ2B	ENSG00000123636	hsa-miR-4465	MIMAT0018992	0.91500444444437
3790	TBKBP1	ENSG00000198933	hsa-miR-4292	MIMAT0016919	0.914998418675537
3791	Z84488.1	ENSG00000285446	hsa-miR-130a-5p	MIMAT0004593	0.914936622001192
3792	PIGV	ENSG00000060642	hsa-miR-4292	MIMAT0016919	0.914907685734199
3793	PRRG4	ENSG00000135378	hsa-miR-765	MIMAT0003945	0.914891888764789
3794	PEAK1	ENSG00000173517	hsa-miR-4695-5p	MIMAT0019788	0.914875744032058
3795	ZDHHC3	ENSG00000163812	hsa-miR-940	MIMAT0004983	0.914868146210359
3796	POLR2J2	ENSG00000228049	hsa-miR-130a-5p	MIMAT0004593	0.914850915247688
3797	NDST1	ENSG00000070614	hsa-miR-765	MIMAT0003945	0.914848120819769
3798	KIAA1586	ENSG00000168116	hsa-miR-4685-5p	MIMAT0019771	0.914835210527145
3799	CLVS2	ENSG00000146352	hsa-miR-1252-3p	MIMAT0026744	0.914819293245059
3800	MAB21L2	ENSG00000181541	hsa-miR-7855-5p	MIMAT0030430	0.9147843841035
3801	SMUG1	ENSG00000123415	hsa-miR-4695-5p	MIMAT0019788	0.914774617511253
3802	ANKRD12	ENSG00000101745	hsa-miR-940	MIMAT0004983	0.914774463482006
3803	PTGFRN	ENSG00000134247	hsa-miR-7855-5p	MIMAT0030430	0.914756120826143
3804	FNIP2	ENSG00000052795	hsa-miR-1252-3p	MIMAT0026744	0.914734458741139
3805	ZC3H12A	ENSG00000163874	hsa-miR-5008-5p	MIMAT0021039	0.914728637821168
3806	CASTOR2	ENSG00000274070	hsa-miR-4292	MIMAT0016919	0.914707647606447
3807	DCAF4L2	ENSG00000176566	hsa-miR-224-5p	MIMAT0000281	0.914702218958306
3808	TRIB2	ENSG00000071575	hsa-miR-6783-5p	MIMAT0027466	0.914700952202135
3809	ENTPD7	ENSG00000198018	hsa-miR-765	MIMAT0003945	0.914697271498689
3810	UBE2W	ENSG00000104343	hsa-miR-661	MIMAT0003324	0.914692758354625
3811	HSBP1	ENSG00000230989	hsa-miR-224-5p	MIMAT0000281	0.914671911137701
3812	ZNF770	ENSG00000198146	hsa-miR-183-5p	MIMAT0000261	0.914649203554104
3813	NCAPH	ENSG00000121152	hsa-miR-661	MIMAT0003324	0.914636833523672
3814	COL12A1	ENSG00000111799	hsa-miR-7855-5p	MIMAT0030430	0.91462979994291
3815	HEBP1	ENSG00000013583	hsa-miR-4685-5p	MIMAT0019771	0.914629453450266
3816	ARHGAP17	ENSG00000140750	hsa-miR-4465	MIMAT0018992	0.914624906091098
3817	STK32B	ENSG00000152953	hsa-miR-4446-3p	MIMAT0018965	0.914589513424174
3818	TMEM214	ENSG00000119777	hsa-miR-4695-5p	MIMAT0019788	0.914588758610101
3819	HIP1	ENSG00000127946	hsa-miR-4458	MIMAT0018980	0.914579911435695
3820	SLC8A1	ENSG00000183023	hsa-miR-940	MIMAT0004983	0.914570141748137
3821	FAM160A1	ENSG00000164142	hsa-miR-4465	MIMAT0018992	0.914554405828492
3822	PDLIM3	ENSG00000154553	hsa-miR-765	MIMAT0003945	0.91455082778376
3823	SOBP	ENSG00000112320	hsa-miR-6783-5p	MIMAT0027466	0.914515119184657
3824	RAB21	ENSG00000080371	hsa-miR-3682-5p	MIMAT0019222	0.914482206377678
3825	ACOT11	ENSG00000162390	hsa-miR-7855-5p	MIMAT0030430	0.914458376540182
3826	ADGRG1	ENSG00000205336	hsa-miR-940	MIMAT0004983	0.914446991393788
3827	ARHGAP1	ENSG00000175220	hsa-miR-940	MIMAT0004983	0.914443812406562
3828	ZC2HC1A	ENSG00000104427	hsa-miR-6783-5p	MIMAT0027466	0.914379858138777
3829	UVSSA	ENSG00000163945	hsa-miR-4685-5p	MIMAT0019771	0.914371266350926
3830	ZNF470	ENSG00000197016	hsa-miR-4695-5p	MIMAT0019788	0.914353098924525
3831	FBXL3	ENSG00000005812	hsa-miR-7157-3p	MIMAT0028225	0.914320272363208
3832	TBCK	ENSG00000145348	hsa-miR-765	MIMAT0003945	0.91431101847112
3833	CHMP2B	ENSG00000083937	hsa-miR-7157-3p	MIMAT0028225	0.914274157655817
3834	ITGAL	ENSG00000005844	hsa-miR-6127	MIMAT0024610	0.914245514093239
3835	XYLT1	ENSG00000103489	hsa-miR-657	MIMAT0003335	0.914237158607722
3836	FNBP1L	ENSG00000137942	hsa-miR-940	MIMAT0004983	0.9141942765843
3837	NCR3LG1	ENSG00000188211	hsa-miR-6127	MIMAT0024610	0.914177328001545
3838	CELF3	ENSG00000159409	hsa-miR-765	MIMAT0003945	0.914170655322572
3839	CELSR2	ENSG00000143126	hsa-miR-4685-5p	MIMAT0019771	0.914132671679906
3840	BAZ2A	ENSG00000076108	hsa-miR-4685-5p	MIMAT0019771	0.914129034031856
3841	ADA2	ENSG00000093072	hsa-miR-6758-5p	MIMAT0027416	0.914057849449454
3842	PAPOLA	ENSG00000090060	hsa-miR-661	MIMAT0003324	0.914057364372153
3843	ARHGAP6	ENSG00000047648	hsa-miR-183-5p	MIMAT0000261	0.914049365141134
3844	C16orf87	ENSG00000155330	hsa-miR-6783-5p	MIMAT0027466	0.914047205799452
3845	CEMIP	ENSG00000103888	hsa-miR-4446-3p	MIMAT0018965	0.914016153873966
3846	LCOR	ENSG00000196233	hsa-miR-21-5p	MIMAT0000076	0.91400908110091
3847	PLA2G2D	ENSG00000117215	hsa-miR-661	MIMAT0003324	0.913994158208287
3848	PDZD2	ENSG00000133401	hsa-miR-8056	MIMAT0030983	0.913945773438962
3849	ARGFX	ENSG00000186103	hsa-miR-4695-5p	MIMAT0019788	0.913939337819073
3850	PGR	ENSG00000082175	hsa-miR-1252-3p	MIMAT0026744	0.913939041858317
3851	C14orf132	ENSG00000227051	hsa-miR-130a-5p	MIMAT0004593	0.913927698588088
3852	JPH2	ENSG00000149596	hsa-miR-6127	MIMAT0024610	0.913899845533934
3853	CTDSPL2	ENSG00000137770	hsa-miR-4458	MIMAT0018980	0.913897285034984
3854	G6PC2	ENSG00000152254	hsa-miR-661	MIMAT0003324	0.913875449947529
3855	GEMIN7	ENSG00000142252	hsa-miR-4695-5p	MIMAT0019788	0.913833152261164
3856	FO393400.1	ENSG00000285382	hsa-miR-940	MIMAT0004983	0.913820124186113
3857	ADAMTS6	ENSG00000049192	hsa-miR-224-5p	MIMAT0000281	0.913796245476371
3858	ZNF621	ENSG00000172888	hsa-miR-1252-3p	MIMAT0026744	0.913787792721492
3859	CYP11B2	ENSG00000179142	hsa-miR-5008-5p	MIMAT0021039	0.91369190483685
3860	CDC6	ENSG00000094804	hsa-miR-6783-5p	MIMAT0027466	0.913669321780366
3861	MAX	ENSG00000125952	hsa-miR-5008-5p	MIMAT0021039	0.91359136935173
3862	EIF2B2	ENSG00000119718	hsa-miR-765	MIMAT0003945	0.913590923427547
3863	BCL11B	ENSG00000127152	hsa-miR-1252-3p	MIMAT0026744	0.913580743517117
3864	TMF1	ENSG00000144747	hsa-miR-1252-3p	MIMAT0026744	0.913553731732184
3865	TMEM138	ENSG00000149483	hsa-miR-6127	MIMAT0024610	0.913540318843077
3866	KRBA2	ENSG00000184619	hsa-miR-940	MIMAT0004983	0.913529683761329
3867	FAM53A	ENSG00000174137	hsa-miR-4685-5p	MIMAT0019771	0.913518441929312
3868	ADAM12	ENSG00000148848	hsa-miR-661	MIMAT0003324	0.913510794090926
3869	ZEB1	ENSG00000148516	hsa-miR-1252-3p	MIMAT0026744	0.913485764005937
3870	SESN2	ENSG00000130766	hsa-miR-4695-5p	MIMAT0019788	0.913460388933005
3871	ANKRD13B	ENSG00000198720	hsa-miR-7157-3p	MIMAT0028225	0.913454039650368
3872	PRDM5	ENSG00000138738	hsa-miR-1252-3p	MIMAT0026744	0.913420026391945
3873	HEATR3	ENSG00000155393	hsa-miR-7157-3p	MIMAT0028225	0.913377943748593
3874	INSYN2A	ENSG00000188916	hsa-miR-1252-3p	MIMAT0026744	0.913368106124148
3875	YAF2	ENSG00000015153	hsa-miR-6758-5p	MIMAT0027416	0.913364382859669
3876	SMIM27	ENSG00000235453	hsa-miR-183-5p	MIMAT0000261	0.913362784926271
3877	SLC25A53	ENSG00000269743	hsa-miR-6127	MIMAT0024610	0.91333340849867
3878	SLC4A8	ENSG00000050438	hsa-miR-765	MIMAT0003945	0.913270015329525
3879	PRKRIP1	ENSG00000128563	hsa-miR-4446-3p	MIMAT0018965	0.913268091961043
3880	SLC25A14	ENSG00000102078	hsa-miR-5008-5p	MIMAT0021039	0.913242306595947
3881	CADM2	ENSG00000175161	hsa-miR-940	MIMAT0004983	0.913239898848772
3882	SPTLC2	ENSG00000100596	hsa-miR-6758-5p	MIMAT0027416	0.913211940755227
3883	ENAM	ENSG00000132464	hsa-miR-6127	MIMAT0024610	0.913211008234103
3884	TMA7	ENSG00000232112	hsa-miR-6758-5p	MIMAT0027416	0.913185360246493
3885	ZBTB16	ENSG00000109906	hsa-miR-4458	MIMAT0018980	0.913149519472486
3886	ZDHHC9	ENSG00000188706	hsa-miR-940	MIMAT0004983	0.913140592830254
3887	CREM	ENSG00000095794	hsa-miR-1252-3p	MIMAT0026744	0.913106971508035
3888	RYR2	ENSG00000198626	hsa-miR-6758-5p	MIMAT0027416	0.913063684830228
3889	PRKCA	ENSG00000154229	hsa-miR-4685-5p	MIMAT0019771	0.913055194706159
3890	BMPR2	ENSG00000204217	hsa-miR-1252-3p	MIMAT0026744	0.913055051449633
3891	TLR4	ENSG00000136869	hsa-miR-6758-5p	MIMAT0027416	0.913054589123451
3892	AKTIP	ENSG00000166971	hsa-miR-6127	MIMAT0024610	0.913037703547528
3893	COG5	ENSG00000164597	hsa-miR-6783-5p	MIMAT0027466	0.913033821013447
3894	ADAMTS3	ENSG00000156140	hsa-miR-7157-3p	MIMAT0028225	0.913018381421531
3895	ABI2	ENSG00000138443	hsa-miR-765	MIMAT0003945	0.91301044417767
3896	AC024598.1	ENSG00000285837	hsa-miR-765	MIMAT0003945	0.912994176780418
3897	TEP1	ENSG00000129566	hsa-miR-1911-5p	MIMAT0007885	0.912990900387662
3898	ABCC5	ENSG00000114770	hsa-miR-6127	MIMAT0024610	0.912984556733945
3899	CFAP36	ENSG00000163001	hsa-miR-1252-3p	MIMAT0026744	0.912980622277629
3900	TBC1D30	ENSG00000111490	hsa-miR-661	MIMAT0003324	0.912977734594354
3901	CDH11	ENSG00000140937	hsa-miR-1252-3p	MIMAT0026744	0.912957982686639
3902	CAMK4	ENSG00000152495	hsa-miR-625-3p	MIMAT0004808	0.912933706209836
3903	BZW1	ENSG00000082153	hsa-miR-1252-3p	MIMAT0026744	0.912905160466683
3904	ATXN7L2	ENSG00000162650	hsa-miR-4695-5p	MIMAT0019788	0.912885034052651
3905	PNKD	ENSG00000127838	hsa-miR-6783-5p	MIMAT0027466	0.912876391380043
3906	SOGA1	ENSG00000149639	hsa-miR-765	MIMAT0003945	0.912866564790816
3907	LRP2BP	ENSG00000109771	hsa-miR-1252-3p	MIMAT0026744	0.912852531149205
3908	ZNF720	ENSG00000197302	hsa-miR-4685-5p	MIMAT0019771	0.912845475213742
3909	VPS37C	ENSG00000167987	hsa-miR-183-5p	MIMAT0000261	0.912827148879734
3910	GYG2	ENSG00000056998	hsa-miR-4458	MIMAT0018980	0.912825233082012
3911	ATP6V0E1	ENSG00000113732	hsa-miR-940	MIMAT0004983	0.912811375771785
3912	PDZRN3	ENSG00000121440	hsa-miR-940	MIMAT0004983	0.912770567693872
3913	PI4KB	ENSG00000143393	hsa-miR-4292	MIMAT0016919	0.912766798743126
3914	APOOL	ENSG00000155008	hsa-miR-3682-5p	MIMAT0019222	0.912764695644328
3915	DCPS	ENSG00000110063	hsa-miR-4695-5p	MIMAT0019788	0.912738890468009
3916	MEF2C	ENSG00000081189	hsa-miR-183-5p	MIMAT0000261	0.912704240747542
3917	PLXDC1	ENSG00000161381	hsa-miR-4687-3p	MIMAT0019775	0.91270399854027
3918	CDK16	ENSG00000102225	hsa-miR-657	MIMAT0003335	0.912662030576953
3919	CCER1	ENSG00000197651	hsa-miR-6783-5p	MIMAT0027466	0.912657838023266
3920	IPPK	ENSG00000127080	hsa-miR-183-5p	MIMAT0000261	0.912653881496783
3921	CPOX	ENSG00000080819	hsa-miR-1252-3p	MIMAT0026744	0.912646917218902
3922	ZNF462	ENSG00000148143	hsa-miR-1252-3p	MIMAT0026744	0.912562870180891
3923	C18orf63	ENSG00000206043	hsa-miR-7157-3p	MIMAT0028225	0.912519555188171
3924	SP1	ENSG00000185591	hsa-miR-940	MIMAT0004983	0.91251757447381
3925	SPECC1	ENSG00000128487	hsa-miR-661	MIMAT0003324	0.912482393816024
3926	SPDYE17	ENSG00000186645	hsa-miR-1252-3p	MIMAT0026744	0.912471108829845
3927	HARS2	ENSG00000112855	hsa-miR-224-5p	MIMAT0000281	0.912443993725658
3928	IQCB1	ENSG00000173226	hsa-miR-6758-5p	MIMAT0027416	0.912402778274168
3929	IMPACT	ENSG00000154059	hsa-miR-4292	MIMAT0016919	0.912363777782991
3930	RAI14	ENSG00000039560	hsa-miR-4687-3p	MIMAT0019775	0.912351110372745
3931	GSTO2	ENSG00000065621	hsa-miR-4695-5p	MIMAT0019788	0.912338170846557
3932	UBE2H	ENSG00000186591	hsa-miR-4465	MIMAT0018992	0.912280695825781
3933	DACT1	ENSG00000165617	hsa-miR-3682-5p	MIMAT0019222	0.912278621102721
3934	MAVS	ENSG00000088888	hsa-miR-4685-5p	MIMAT0019771	0.91227468433025
3935	ATXN3	ENSG00000066427	hsa-miR-6127	MIMAT0024610	0.912228486580742
3936	ZNF316	ENSG00000205903	hsa-miR-7855-5p	MIMAT0030430	0.912210260500706
3937	PEG10	ENSG00000242265	hsa-miR-6758-5p	MIMAT0027416	0.91220667358579
3938	EID1	ENSG00000255302	hsa-miR-657	MIMAT0003335	0.91217505796857
3939	ULK1	ENSG00000177169	hsa-miR-4465	MIMAT0018992	0.912162417747743
3940	GNL3L	ENSG00000130119	hsa-miR-4695-5p	MIMAT0019788	0.912157783393152
3941	LRP1B	ENSG00000168702	hsa-miR-183-5p	MIMAT0000261	0.912126143780706
3942	OR5A2	ENSG00000172324	hsa-miR-6758-5p	MIMAT0027416	0.91210401459018
3943	GTF2F2	ENSG00000188342	hsa-miR-4523	MIMAT0019061	0.912101530833428
3944	PDE1A	ENSG00000115252	hsa-miR-6127	MIMAT0024610	0.91201582891925
3945	PTGS1	ENSG00000095303	hsa-miR-1252-3p	MIMAT0026744	0.911994010166995
3946	RRAGD	ENSG00000025039	hsa-miR-1252-3p	MIMAT0026744	0.911981467152242
3947	BCL6	ENSG00000113916	hsa-miR-657	MIMAT0003335	0.911961721424106
3948	ARPP19	ENSG00000128989	hsa-miR-183-5p	MIMAT0000261	0.911934063618795
3949	CYP20A1	ENSG00000119004	hsa-miR-940	MIMAT0004983	0.911929597574416
3950	REPIN1	ENSG00000214022	hsa-miR-4685-5p	MIMAT0019771	0.911929432783103
3951	MID2	ENSG00000080561	hsa-miR-6758-5p	MIMAT0027416	0.911911779679481
3952	ELMOD2	ENSG00000179387	hsa-miR-6758-5p	MIMAT0027416	0.911909684981618
3953	SMIM34B	ENSG00000278961	hsa-miR-130a-5p	MIMAT0004593	0.911894537343511
3954	PTGES2	ENSG00000148334	hsa-miR-765	MIMAT0003945	0.91185951771219
3955	PEX26	ENSG00000215193	hsa-miR-6127	MIMAT0024610	0.911858988218274
3956	KIAA0100	ENSG00000007202	hsa-miR-4292	MIMAT0016919	0.911850195622323
3957	CEP83	ENSG00000173588	hsa-miR-130a-5p	MIMAT0004593	0.911837040511175
3958	RAVER1	ENSG00000161847	hsa-miR-940	MIMAT0004983	0.911823607557665
3959	PCDHGA12	ENSG00000253159	hsa-miR-661	MIMAT0003324	0.911798628479411
3960	EIF4E	ENSG00000151247	hsa-miR-4465	MIMAT0018992	0.91179394455685
3961	ARF1	ENSG00000143761	hsa-miR-6127	MIMAT0024610	0.911769887991855
3962	RAB11FIP4	ENSG00000131242	hsa-miR-183-5p	MIMAT0000261	0.911753142418642
3963	ABHD18	ENSG00000164074	hsa-miR-224-5p	MIMAT0000281	0.911745484898962
3964	KLHDC10	ENSG00000128607	hsa-miR-6127	MIMAT0024610	0.911714924979036
3965	ZNF652	ENSG00000198740	hsa-miR-4458	MIMAT0018980	0.911708812401445
3966	LRRC7	ENSG00000033122	hsa-miR-4458	MIMAT0018980	0.911702393741047
3967	TRERF1	ENSG00000124496	hsa-miR-224-5p	MIMAT0000281	0.911679420144793
3968	FXR2	ENSG00000129245	hsa-miR-4292	MIMAT0016919	0.911674579493712
3969	CACNG2	ENSG00000166862	hsa-miR-130a-5p	MIMAT0004593	0.911670696807152
3970	SH3TC2	ENSG00000169247	hsa-miR-224-5p	MIMAT0000281	0.911666128899691
3971	MARCHF6	ENSG00000145495	hsa-miR-1252-3p	MIMAT0026744	0.911664021656759
3972	PXT1	ENSG00000179165	hsa-miR-4458	MIMAT0018980	0.911658889910316
3973	SNX33	ENSG00000173548	hsa-miR-6783-5p	MIMAT0027466	0.91165876307088
3974	FNTA	ENSG00000168522	hsa-miR-7157-3p	MIMAT0028225	0.911626784646194
3975	MARK2	ENSG00000072518	hsa-miR-661	MIMAT0003324	0.911599717075411
3976	LSAMP	ENSG00000185565	hsa-miR-4446-3p	MIMAT0018965	0.911571845229195
3977	AMMECR1	ENSG00000101935	hsa-miR-765	MIMAT0003945	0.911544606893504
3978	RESF1	ENSG00000174718	hsa-miR-4465	MIMAT0018992	0.911533604392216
3979	BOLL	ENSG00000152430	hsa-miR-7855-5p	MIMAT0030430	0.911482921767847
3980	CCDC85C	ENSG00000205476	hsa-miR-4695-5p	MIMAT0019788	0.91146781533257
3981	NOVA2	ENSG00000104967	hsa-miR-6127	MIMAT0024610	0.911410984533261
3982	FOXO3	ENSG00000118689	hsa-miR-130a-5p	MIMAT0004593	0.911402781116115
3983	DCTN2	ENSG00000175203	hsa-miR-6783-5p	MIMAT0027466	0.911383189923156
3984	NAA50	ENSG00000121579	hsa-miR-6127	MIMAT0024610	0.911366355858858
3985	TTLL7	ENSG00000137941	hsa-miR-1252-3p	MIMAT0026744	0.911344908696871
3986	ZFX	ENSG00000005889	hsa-miR-1252-3p	MIMAT0026744	0.911339191193496
3987	ERC2	ENSG00000187672	hsa-miR-4465	MIMAT0018992	0.911332471440093
3988	PHC2	ENSG00000134686	hsa-miR-765	MIMAT0003945	0.911308536391901
3989	TMPRSS12	ENSG00000186452	hsa-miR-1252-3p	MIMAT0026744	0.911295104258162
3990	FAM120C	ENSG00000184083	hsa-miR-6783-5p	MIMAT0027466	0.911290160485985
3991	DHX36	ENSG00000174953	hsa-miR-224-5p	MIMAT0000281	0.911244492392998
3992	BAAT	ENSG00000136881	hsa-miR-4695-5p	MIMAT0019788	0.911204435849672
3993	AC137834.1	ENSG00000258830	hsa-miR-4446-3p	MIMAT0018965	0.91120330757718
3994	WDTC1	ENSG00000142784	hsa-miR-4685-5p	MIMAT0019771	0.911195833309848
3995	PCDH9	ENSG00000184226	hsa-miR-4695-5p	MIMAT0019788	0.91118513097987
3996	KLHL36	ENSG00000135686	hsa-miR-5008-5p	MIMAT0021039	0.911178164997572
3997	TMEM178A	ENSG00000152154	hsa-miR-92a-1-5p	MIMAT0004507	0.911174387028172
3998	TOMM22	ENSG00000100216	hsa-miR-4687-3p	MIMAT0019775	0.911168717377589
3999	FAM8A1	ENSG00000137414	hsa-miR-4465	MIMAT0018992	0.911145273361073
4000	FAT3	ENSG00000165323	hsa-miR-1252-3p	MIMAT0026744	0.911121261875461
4001	TRIM59	ENSG00000213186	hsa-miR-765	MIMAT0003945	0.911112298789953
4002	POU3F4	ENSG00000196767	hsa-miR-6758-5p	MIMAT0027416	0.911107744288747
4003	ZC4H2	ENSG00000126970	hsa-miR-6758-5p	MIMAT0027416	0.911103446272085
4004	N4BP2	ENSG00000078177	hsa-miR-130a-5p	MIMAT0004593	0.911054364878725
4005	GATD3A	ENSG00000160221	hsa-miR-657	MIMAT0003335	0.910946310746305
4006	CHST11	ENSG00000171310	hsa-miR-765	MIMAT0003945	0.910944342599767
4007	TADA2A	ENSG00000276234	hsa-miR-21-5p	MIMAT0000076	0.910930121350494
4008	RAPGEF2	ENSG00000109756	hsa-miR-4695-5p	MIMAT0019788	0.910920836360132
4009	PPM1E	ENSG00000175175	hsa-miR-183-5p	MIMAT0000261	0.910916164800673
4010	CPLX2	ENSG00000145920	hsa-miR-4292	MIMAT0016919	0.910903662050048
4011	AL162377.3	ENSG00000285444	hsa-miR-224-5p	MIMAT0000281	0.910902744891791
4012	CD209	ENSG00000090659	hsa-miR-6758-5p	MIMAT0027416	0.910901370254878
4013	SHC4	ENSG00000185634	hsa-miR-1252-3p	MIMAT0026744	0.910889454047593
4014	RPAP2	ENSG00000122484	hsa-miR-4687-3p	MIMAT0019775	0.910887560995785
4015	AC093323.1	ENSG00000170846	hsa-miR-224-5p	MIMAT0000281	0.910865761148913
4016	SOX6	ENSG00000110693	hsa-miR-4465	MIMAT0018992	0.910823965567576
4017	UBXN4	ENSG00000144224	hsa-miR-6783-5p	MIMAT0027466	0.910791477475669
4018	SH3PXD2B	ENSG00000174705	hsa-miR-940	MIMAT0004983	0.910786179605153
4019	BACE1	ENSG00000186318	hsa-miR-6783-5p	MIMAT0027466	0.910785611761675
4020	DLGAP4	ENSG00000080845	hsa-miR-4458	MIMAT0018980	0.910783272498034
4021	MSS51	ENSG00000166343	hsa-miR-224-5p	MIMAT0000281	0.910778148729335
4022	SP4	ENSG00000105866	hsa-miR-1252-3p	MIMAT0026744	0.910765186498906
4023	PAQR9	ENSG00000188582	hsa-miR-4292	MIMAT0016919	0.910754209517847
4024	TSGA10	ENSG00000135951	hsa-miR-183-5p	MIMAT0000261	0.910754051138122
4025	PGPEP1	ENSG00000130517	hsa-miR-940	MIMAT0004983	0.910749010345472
4026	LRRC63	ENSG00000173988	hsa-miR-5008-5p	MIMAT0021039	0.91071523019415
4027	POU6F1	ENSG00000184271	hsa-miR-940	MIMAT0004983	0.910651931054958
4028	SIRPG	ENSG00000089012	hsa-miR-940	MIMAT0004983	0.910631237558939
4029	MAP1B	ENSG00000131711	hsa-miR-657	MIMAT0003335	0.910622878808155
4030	PAPSS1	ENSG00000138801	hsa-miR-6783-5p	MIMAT0027466	0.910600183676511
4031	AP1M1	ENSG00000072958	hsa-miR-661	MIMAT0003324	0.910550683391853
4032	RPGRIP1L	ENSG00000103494	hsa-miR-4687-3p	MIMAT0019775	0.910541584981658
4033	BOLA2	ENSG00000183336	hsa-miR-4687-3p	MIMAT0019775	0.910517954601591
4034	PEX13	ENSG00000162928	hsa-miR-4465	MIMAT0018992	0.910481641259033
4035	LRMDA	ENSG00000148655	hsa-miR-940	MIMAT0004983	0.910472224794621
4036	PDPR	ENSG00000090857	hsa-miR-765	MIMAT0003945	0.910443271032262
4037	SP7	ENSG00000170374	hsa-miR-4695-5p	MIMAT0019788	0.910439776805421
4038	CENPC	ENSG00000145241	hsa-miR-1252-3p	MIMAT0026744	0.910417468234658
4039	SDR42E2	ENSG00000183921	hsa-miR-1268a	MIMAT0005922	0.910364876172863
4040	RASGRP1	ENSG00000172575	hsa-miR-1252-3p	MIMAT0026744	0.910328125575431
4041	FKBP6	ENSG00000077800	hsa-miR-765	MIMAT0003945	0.910266770408954
4042	ZBED3	ENSG00000132846	hsa-miR-6127	MIMAT0024610	0.910257999001233
4043	FABP1	ENSG00000163586	hsa-miR-1911-5p	MIMAT0007885	0.910237199137263
4044	BACH2	ENSG00000112182	hsa-miR-4458	MIMAT0018980	0.910236962818553
4045	CHST11	ENSG00000171310	hsa-miR-4687-3p	MIMAT0019775	0.910227649056683
4046	CREBRF	ENSG00000164463	hsa-miR-7157-3p	MIMAT0028225	0.910222235770505
4047	SIGLEC1	ENSG00000088827	hsa-miR-765	MIMAT0003945	0.910202013983017
4048	SURF4	ENSG00000148248	hsa-miR-7157-3p	MIMAT0028225	0.910196829837266
4049	F13A1	ENSG00000124491	hsa-miR-661	MIMAT0003324	0.910130843823434
4050	ATRIP	ENSG00000164053	hsa-miR-4446-3p	MIMAT0018965	0.910114679270561
4051	LMBR1L	ENSG00000139636	hsa-miR-765	MIMAT0003945	0.910081908999891
4052	CLMP	ENSG00000166250	hsa-miR-940	MIMAT0004983	0.910035512673305
4053	DAGLA	ENSG00000134780	hsa-miR-4685-5p	MIMAT0019771	0.910016938758349
4054	ZBTB37	ENSG00000185278	hsa-miR-130a-5p	MIMAT0004593	0.910012514363988
4055	ICE2	ENSG00000128915	hsa-miR-940	MIMAT0004983	0.910009701298125
4056	ITGA10	ENSG00000143127	hsa-miR-224-5p	MIMAT0000281	0.910008352827705
4057	RAG1	ENSG00000166349	hsa-miR-1252-3p	MIMAT0026744	0.909970366005187
4058	LENG8	ENSG00000167615	hsa-miR-6783-5p	MIMAT0027466	0.909965548068561
4059	SLC12A2	ENSG00000064651	hsa-miR-4465	MIMAT0018992	0.909953570469427
4060	POU6F1	ENSG00000184271	hsa-miR-6127	MIMAT0024610	0.909937096963895
4061	ZNF862	ENSG00000106479	hsa-miR-4292	MIMAT0016919	0.909931888879178
4062	ADAM10	ENSG00000137845	hsa-miR-1252-3p	MIMAT0026744	0.909927665790758
4063	RBM27	ENSG00000091009	hsa-miR-7855-5p	MIMAT0030430	0.909922436523691
4064	PARN	ENSG00000140694	hsa-miR-6783-5p	MIMAT0027466	0.909910424326315
4065	AAK1	ENSG00000115977	hsa-miR-1252-3p	MIMAT0026744	0.909883831174539
4066	INHBA	ENSG00000122641	hsa-miR-130a-5p	MIMAT0004593	0.909876242172435
4067	TCF19	ENSG00000137310	hsa-miR-657	MIMAT0003335	0.909871008350812
4068	ARRB1	ENSG00000137486	hsa-miR-6783-5p	MIMAT0027466	0.909863085887894
4069	CHRD	ENSG00000090539	hsa-miR-657	MIMAT0003335	0.909852076124305
4070	RHOU	ENSG00000116574	hsa-miR-940	MIMAT0004983	0.909830290093289
4071	TIAL1	ENSG00000151923	hsa-miR-3682-5p	MIMAT0019222	0.909826320457206
4072	SCN1A	ENSG00000144285	hsa-miR-765	MIMAT0003945	0.909814711843466
4073	GNS	ENSG00000135677	hsa-miR-4695-5p	MIMAT0019788	0.909810988915337
4074	PALLD	ENSG00000129116	hsa-miR-183-5p	MIMAT0000261	0.909803799058944
4075	IL33	ENSG00000137033	hsa-miR-130a-5p	MIMAT0004593	0.90980032447703
4076	UBE2K	ENSG00000078140	hsa-miR-4465	MIMAT0018992	0.909786435053528
4077	VANGL1	ENSG00000173218	hsa-miR-7157-3p	MIMAT0028225	0.909733524678124
4078	SMAD2	ENSG00000175387	hsa-miR-130a-5p	MIMAT0004593	0.909712529202033
4079	SREBF2	ENSG00000198911	hsa-miR-4685-5p	MIMAT0019771	0.909708133116064
4080	COPS7B	ENSG00000144524	hsa-miR-6127	MIMAT0024610	0.909702020020183
4081	TSC22D2	ENSG00000196428	hsa-miR-130a-5p	MIMAT0004593	0.909683495050442
4082	COX16	ENSG00000133983	hsa-miR-765	MIMAT0003945	0.909675146694709
4083	NKAIN1	ENSG00000084628	hsa-miR-6758-5p	MIMAT0027416	0.909666514972961
4084	MYORG	ENSG00000164976	hsa-miR-4458	MIMAT0018980	0.909662513686448
4085	CDKN2A	ENSG00000147889	hsa-miR-940	MIMAT0004983	0.909652747316224
4086	ZBTB20	ENSG00000181722	hsa-miR-765	MIMAT0003945	0.909646133959942
4087	GXYLT1	ENSG00000151233	hsa-miR-940	MIMAT0004983	0.909622549754979
4088	LMX1B	ENSG00000136944	hsa-miR-4687-3p	MIMAT0019775	0.909611933746375
4089	JADE2	ENSG00000043143	hsa-miR-5008-5p	MIMAT0021039	0.909600089611883
4090	SLC6A17	ENSG00000197106	hsa-miR-5008-5p	MIMAT0021039	0.909594333464969
4091	SS18	ENSG00000141380	hsa-miR-4292	MIMAT0016919	0.909566462550803
4092	DICER1	ENSG00000100697	hsa-miR-7157-3p	MIMAT0028225	0.909564429135653
4093	DCX	ENSG00000077279	hsa-miR-4687-3p	MIMAT0019775	0.909563506823756
4094	NEU1	ENSG00000204386	hsa-miR-661	MIMAT0003324	0.90955934921591
4095	DCN	ENSG00000011465	hsa-miR-1252-3p	MIMAT0026744	0.909537689108393
4096	TUSC1	ENSG00000198680	hsa-miR-6783-5p	MIMAT0027466	0.909534204663153
4097	WDR55	ENSG00000120314	hsa-miR-661	MIMAT0003324	0.909523964865196
4098	NBPF19	ENSG00000271383	hsa-miR-4446-3p	MIMAT0018965	0.909520733175954
4099	OR4E2	ENSG00000221977	hsa-miR-4465	MIMAT0018992	0.909502117375504
4100	MDGA1	ENSG00000112139	hsa-miR-4292	MIMAT0016919	0.909494275109509
4101	KRT13	ENSG00000171401	hsa-miR-940	MIMAT0004983	0.909481247246558
4102	SETD6	ENSG00000103037	hsa-miR-130a-5p	MIMAT0004593	0.909475202807173
4103	KAT7	ENSG00000136504	hsa-miR-5008-5p	MIMAT0021039	0.909455991679899
4104	PPM1L	ENSG00000163590	hsa-miR-6758-5p	MIMAT0027416	0.909451028957422
4105	SLC1A2	ENSG00000110436	hsa-miR-4695-5p	MIMAT0019788	0.909442641335596
4106	SPOUT1	ENSG00000198917	hsa-miR-661	MIMAT0003324	0.909436912704899
4107	IRX2	ENSG00000170561	hsa-miR-6822-3p	MIMAT0027545	0.909434859469352
4108	OR2A7	ENSG00000243896	hsa-miR-625-3p	MIMAT0004808	0.909426614587648
4109	NOL8	ENSG00000198000	hsa-miR-1252-3p	MIMAT0026744	0.909407678866485
4110	ADAMTS3	ENSG00000156140	hsa-miR-6758-5p	MIMAT0027416	0.9093968746008
4111	DCTN4	ENSG00000132912	hsa-miR-6127	MIMAT0024610	0.90937129797847
4112	TOX4	ENSG00000092203	hsa-miR-4804-5p	MIMAT0019984	0.909350075987425
4113	LMLN	ENSG00000185621	hsa-miR-765	MIMAT0003945	0.909344135300526
4114	NIPSNAP2	ENSG00000146729	hsa-miR-130a-5p	MIMAT0004593	0.909335686712904
4115	AGBL4	ENSG00000186094	hsa-miR-6783-5p	MIMAT0027466	0.909335629372155
4116	NFASC	ENSG00000163531	hsa-miR-4695-5p	MIMAT0019788	0.909335382203403
4117	OR2A4	ENSG00000180658	hsa-miR-625-3p	MIMAT0004808	0.90933124761288
4118	ZG16	ENSG00000174992	hsa-miR-4695-5p	MIMAT0019788	0.909300729482515
4119	PROX1	ENSG00000117707	hsa-miR-6758-5p	MIMAT0027416	0.909299169788755
4120	PPCS	ENSG00000127125	hsa-miR-3682-5p	MIMAT0019222	0.90928721519271
4121	GAB4	ENSG00000215568	hsa-miR-661	MIMAT0003324	0.909271490642503
4122	MARS2	ENSG00000247626	hsa-miR-130a-5p	MIMAT0004593	0.909253835347246
4123	GYPE	ENSG00000197465	hsa-miR-6783-5p	MIMAT0027466	0.909237474044873
4124	HDAC5	ENSG00000108840	hsa-miR-765	MIMAT0003945	0.909235807302041
4125	CSF1R	ENSG00000182578	hsa-miR-765	MIMAT0003945	0.909235222775128
4126	USP47	ENSG00000170242	hsa-miR-183-5p	MIMAT0000261	0.909225660654317
4127	NEK9	ENSG00000119638	hsa-miR-661	MIMAT0003324	0.909223903201962
4128	SMAD2	ENSG00000175387	hsa-miR-765	MIMAT0003945	0.909184695821752
4129	PTAR1	ENSG00000188647	hsa-miR-4685-5p	MIMAT0019771	0.909170821343584
4130	UBE2Q1	ENSG00000160714	hsa-miR-661	MIMAT0003324	0.909155173383641
4131	NCOA2	ENSG00000140396	hsa-miR-1252-3p	MIMAT0026744	0.909141498425304
4132	WDR62	ENSG00000075702	hsa-miR-765	MIMAT0003945	0.909137821468196
4133	LYPLA1	ENSG00000120992	hsa-miR-1252-3p	MIMAT0026744	0.909126541206491
4134	THBS1	ENSG00000137801	hsa-miR-940	MIMAT0004983	0.909110655446416
4135	MED13	ENSG00000108510	hsa-miR-183-5p	MIMAT0000261	0.909104762703446
4136	SLC25A48	ENSG00000145832	hsa-miR-5008-5p	MIMAT0021039	0.909100144818592
4137	BOD1L2	ENSG00000228075	hsa-miR-4465	MIMAT0018992	0.909095969700002
4138	ELL	ENSG00000105656	hsa-miR-183-5p	MIMAT0000261	0.9090621742041
4139	POLR2J2	ENSG00000228049	hsa-miR-8056	MIMAT0030983	0.909039277875487
4140	MCHR2	ENSG00000152034	hsa-miR-7855-5p	MIMAT0030430	0.909022555870493
4141	SLC35E3	ENSG00000175782	hsa-miR-661	MIMAT0003324	0.909018590891442
4142	PDK1	ENSG00000152256	hsa-miR-6758-5p	MIMAT0027416	0.909005721261693
4143	FSIP2	ENSG00000188738	hsa-miR-130a-5p	MIMAT0004593	0.908997461039723
4144	DCHS2	ENSG00000197410	hsa-miR-21-5p	MIMAT0000076	0.9089149019856
4145	KSR1	ENSG00000141068	hsa-miR-4292	MIMAT0016919	0.908893873502724
4146	MT1H	ENSG00000205358	hsa-miR-4292	MIMAT0016919	0.908892973394266
4147	FHL2	ENSG00000115641	hsa-miR-765	MIMAT0003945	0.908883738585198
4148	GCH1	ENSG00000131979	hsa-miR-765	MIMAT0003945	0.908856882421307
4149	CSAG1	ENSG00000198930	hsa-miR-661	MIMAT0003324	0.908849834094684
4150	ICOSLG	ENSG00000160223	hsa-miR-4292	MIMAT0016919	0.908849468564717
4151	FOXN3	ENSG00000053254	hsa-miR-765	MIMAT0003945	0.908816018123683
4152	ZNF778	ENSG00000170100	hsa-miR-4465	MIMAT0018992	0.908805848784755
4153	ADAM10	ENSG00000137845	hsa-miR-4695-5p	MIMAT0019788	0.908796352752604
4154	STIM2	ENSG00000109689	hsa-miR-1252-3p	MIMAT0026744	0.908792452440855
4155	THEM4	ENSG00000159445	hsa-miR-661	MIMAT0003324	0.908789087282444
4156	MAPK6	ENSG00000069956	hsa-miR-1252-3p	MIMAT0026744	0.908771664492368
4157	CSRNP3	ENSG00000178662	hsa-miR-130a-5p	MIMAT0004593	0.908759384143407
4158	GSPT1	ENSG00000103342	hsa-miR-6783-5p	MIMAT0027466	0.90873127666979
4159	ALG1	ENSG00000033011	hsa-miR-6783-5p	MIMAT0027466	0.908725408808935
4160	RPS29	ENSG00000213741	hsa-miR-7157-3p	MIMAT0028225	0.908723685935048
4161	TRIB2	ENSG00000071575	hsa-miR-4465	MIMAT0018992	0.908710738104984
4162	TNPO3	ENSG00000064419	hsa-miR-224-5p	MIMAT0000281	0.908699580454827
4163	SSTR3	ENSG00000278195	hsa-miR-5008-5p	MIMAT0021039	0.908679764159633
4164	SLC24A4	ENSG00000140090	hsa-miR-5008-5p	MIMAT0021039	0.908637964614102
4165	ALG9	ENSG00000086848	hsa-miR-765	MIMAT0003945	0.908634061080668
4166	DVL3	ENSG00000161202	hsa-miR-657	MIMAT0003335	0.908633306932102
4167	CORO2A	ENSG00000106789	hsa-miR-661	MIMAT0003324	0.908632606283819
4168	POC1B	ENSG00000139323	hsa-miR-7157-3p	MIMAT0028225	0.908624241719989
4169	MAVS	ENSG00000088888	hsa-miR-940	MIMAT0004983	0.908619327174225
4170	ICE2	ENSG00000128915	hsa-miR-1252-3p	MIMAT0026744	0.908617018077328
4171	ALDH2	ENSG00000111275	hsa-miR-130a-5p	MIMAT0004593	0.908612781383966
4172	STARD9	ENSG00000159433	hsa-miR-4458	MIMAT0018980	0.908596675193844
4173	PBX2	ENSG00000204304	hsa-miR-4685-5p	MIMAT0019771	0.908593451507814
4174	PDK3	ENSG00000067992	hsa-miR-940	MIMAT0004983	0.908591423652239
4175	CRLS1	ENSG00000088766	hsa-miR-130a-5p	MIMAT0004593	0.908573154682628
4176	LMOD1	ENSG00000163431	hsa-miR-4292	MIMAT0016919	0.908550677923568
4177	ZNF782	ENSG00000196597	hsa-miR-6127	MIMAT0024610	0.908548405970115
4178	MAP3K1	ENSG00000095015	hsa-miR-4458	MIMAT0018980	0.908541126640616
4179	NR5A1	ENSG00000136931	hsa-miR-4446-3p	MIMAT0018965	0.908502983184021
4180	OPHN1	ENSG00000079482	hsa-miR-1252-3p	MIMAT0026744	0.908479620924626
4181	CENPF	ENSG00000117724	hsa-miR-130a-5p	MIMAT0004593	0.90847120082598
4182	NRG1	ENSG00000157168	hsa-miR-940	MIMAT0004983	0.908455789940353
4183	CDH24	ENSG00000139880	hsa-miR-5008-5p	MIMAT0021039	0.908439158890739
4184	AGPAT5	ENSG00000155189	hsa-miR-224-5p	MIMAT0000281	0.908437298124532
4185	KCNC4	ENSG00000116396	hsa-miR-657	MIMAT0003335	0.908417669046517
4186	HOOK3	ENSG00000168172	hsa-miR-6127	MIMAT0024610	0.908404015971356
4187	SPNS2	ENSG00000183018	hsa-miR-4695-5p	MIMAT0019788	0.908403239920422
4188	SMYD1	ENSG00000115593	hsa-miR-765	MIMAT0003945	0.908398406949526
4189	HOXA5	ENSG00000106004	hsa-miR-4465	MIMAT0018992	0.9083973676803
4190	PYGO1	ENSG00000171016	hsa-miR-224-5p	MIMAT0000281	0.908368103762045
4191	IKBKB	ENSG00000104365	hsa-miR-765	MIMAT0003945	0.908321118403823
4192	GALNT1	ENSG00000141429	hsa-miR-625-3p	MIMAT0004808	0.908288234222304
4193	BMPR1B	ENSG00000138696	hsa-miR-1252-3p	MIMAT0026744	0.908283341739911
4194	IMMP1L	ENSG00000148950	hsa-miR-224-5p	MIMAT0000281	0.908280078777175
4195	CEP350	ENSG00000135837	hsa-miR-130a-5p	MIMAT0004593	0.908235365375077
4196	MAX	ENSG00000125952	hsa-miR-4685-5p	MIMAT0019771	0.908233946884558
4197	CGN	ENSG00000143375	hsa-miR-4685-5p	MIMAT0019771	0.908201049303855
4198	G3BP1	ENSG00000145907	hsa-miR-1252-3p	MIMAT0026744	0.908173934861419
4199	RAB21	ENSG00000080371	hsa-miR-130a-5p	MIMAT0004593	0.908149966877944
4200	AGO2	ENSG00000123908	hsa-miR-21-5p	MIMAT0000076	0.908129071727721
4201	NRBF2	ENSG00000148572	hsa-miR-183-5p	MIMAT0000261	0.908121530730511
4202	RABGAP1L	ENSG00000152061	hsa-miR-183-5p	MIMAT0000261	0.908097662903462
4203	CEP128	ENSG00000100629	hsa-miR-92a-1-5p	MIMAT0004507	0.908068828237965
4204	IL2RG	ENSG00000147168	hsa-miR-6127	MIMAT0024610	0.908068637453828
4205	TBR1	ENSG00000136535	hsa-miR-6783-5p	MIMAT0027466	0.908043742876598
4206	FAM186B	ENSG00000135436	hsa-miR-4685-5p	MIMAT0019771	0.908039115315639
4207	ERBB4	ENSG00000178568	hsa-miR-1252-3p	MIMAT0026744	0.908031798141662
4208	ANKRD52	ENSG00000139645	hsa-miR-4292	MIMAT0016919	0.908029784886489
4209	C18orf25	ENSG00000152242	hsa-miR-1252-3p	MIMAT0026744	0.907843755677888
4210	ATXN7L2	ENSG00000162650	hsa-miR-661	MIMAT0003324	0.907772061549505
4211	ACSM2B	ENSG00000066813	hsa-miR-130a-5p	MIMAT0004593	0.907760931523427
4212	MYOCD	ENSG00000141052	hsa-miR-130a-5p	MIMAT0004593	0.907750386278808
4213	MAP1B	ENSG00000131711	hsa-miR-6758-5p	MIMAT0027416	0.907724613379696
4214	CAPN6	ENSG00000077274	hsa-miR-1252-3p	MIMAT0026744	0.907697182036321
4215	LSM12	ENSG00000161654	hsa-miR-224-5p	MIMAT0000281	0.907640497430447
4216	DICER1	ENSG00000100697	hsa-miR-4458	MIMAT0018980	0.907626452670663
4217	RNF227	ENSG00000179859	hsa-miR-6822-3p	MIMAT0027545	0.907612857920869
4218	RSL24D1	ENSG00000137876	hsa-miR-1252-3p	MIMAT0026744	0.907611345409866
4219	SLC39A10	ENSG00000196950	hsa-miR-1252-3p	MIMAT0026744	0.90761061919493
4220	AVPI1	ENSG00000119986	hsa-miR-7855-5p	MIMAT0030430	0.907604944781921
4221	ZNF704	ENSG00000164684	hsa-miR-1252-3p	MIMAT0026744	0.907592543161309
4222	HLCS	ENSG00000159267	hsa-miR-3682-5p	MIMAT0019222	0.907542588814282
4223	UBE2E2	ENSG00000182247	hsa-miR-1252-3p	MIMAT0026744	0.907516726925739
4224	ZFHX2	ENSG00000136367	hsa-miR-765	MIMAT0003945	0.907508712137105
4225	CAMK2A	ENSG00000070808	hsa-miR-657	MIMAT0003335	0.907506715083895
4226	CACNG3	ENSG00000006116	hsa-miR-6758-5p	MIMAT0027416	0.907504920445351
4227	ZHX3	ENSG00000174306	hsa-miR-4695-5p	MIMAT0019788	0.907490739209094
4228	FAM153A	ENSG00000170074	hsa-miR-3682-5p	MIMAT0019222	0.907439095074884
4229	CDKL5	ENSG00000008086	hsa-miR-1252-3p	MIMAT0026744	0.907432322206417
4230	MAPK6	ENSG00000069956	hsa-miR-4465	MIMAT0018992	0.907428542074248
4231	ATE1	ENSG00000107669	hsa-miR-6783-5p	MIMAT0027466	0.907427919159399
4232	KRT222	ENSG00000213424	hsa-miR-21-5p	MIMAT0000076	0.907419008090129
4233	TUBA1B	ENSG00000123416	hsa-miR-7855-5p	MIMAT0030430	0.907372501353207
4234	TUG1	ENSG00000253352	hsa-miR-4446-3p	MIMAT0018965	0.907345034075419
4235	C9orf40	ENSG00000135045	hsa-miR-4465	MIMAT0018992	0.907344708901087
4236	ACTR10	ENSG00000131966	hsa-miR-4458	MIMAT0018980	0.907343862338418
4237	ALG9	ENSG00000086848	hsa-miR-7157-3p	MIMAT0028225	0.90734009467026
4238	RAB5B	ENSG00000111540	hsa-miR-6783-5p	MIMAT0027466	0.907325371206912
4239	ZNF831	ENSG00000124203	hsa-miR-7157-3p	MIMAT0028225	0.907286776759784
4240	LLPH	ENSG00000139233	hsa-miR-1252-3p	MIMAT0026744	0.907277810193337
4241	TTC38	ENSG00000075234	hsa-miR-4292	MIMAT0016919	0.907262573117625
4242	ZSCAN29	ENSG00000140265	hsa-miR-657	MIMAT0003335	0.907245322072489
4243	MSH3	ENSG00000113318	hsa-miR-7157-3p	MIMAT0028225	0.907233435516775
4244	ZNF704	ENSG00000164684	hsa-miR-4685-5p	MIMAT0019771	0.907231984970901
4245	PPT2	ENSG00000221988	hsa-miR-765	MIMAT0003945	0.907201397539818
4246	GPR101	ENSG00000165370	hsa-miR-940	MIMAT0004983	0.907194989007533
4247	ZC3H14	ENSG00000100722	hsa-miR-8056	MIMAT0030983	0.907189006917381
4248	VAT1L	ENSG00000171724	hsa-miR-6783-5p	MIMAT0027466	0.907173573652602
4249	RAB5B	ENSG00000111540	hsa-miR-765	MIMAT0003945	0.907169606279097
4250	TRIP11	ENSG00000100815	hsa-miR-1252-3p	MIMAT0026744	0.907168139233257
4251	RSRC2	ENSG00000111011	hsa-miR-7157-3p	MIMAT0028225	0.907163156694073
4252	TRANK1	ENSG00000168016	hsa-miR-4446-3p	MIMAT0018965	0.907153986889713
4253	BHLHB9	ENSG00000198908	hsa-miR-661	MIMAT0003324	0.907125368176905
4254	CHM	ENSG00000188419	hsa-miR-224-5p	MIMAT0000281	0.907120632152188
4255	XKR4	ENSG00000206579	hsa-miR-130a-5p	MIMAT0004593	0.90709254694379
4256	PPM1B	ENSG00000138032	hsa-miR-1252-3p	MIMAT0026744	0.907084595261519
4257	TRAK2	ENSG00000115993	hsa-miR-6783-5p	MIMAT0027466	0.90707456525738
4258	NFAM1	ENSG00000235568	hsa-miR-661	MIMAT0003324	0.907023767471812
4259	SOX6	ENSG00000110693	hsa-miR-6783-5p	MIMAT0027466	0.907021522304996
4260	STAU1	ENSG00000124214	hsa-miR-7157-3p	MIMAT0028225	0.907010468833771
4261	PAX5	ENSG00000196092	hsa-miR-183-5p	MIMAT0000261	0.907004483902726
4262	DCSTAMP	ENSG00000164935	hsa-miR-4695-5p	MIMAT0019788	0.906986357139314
4263	CZIB	ENSG00000162384	hsa-miR-6127	MIMAT0024610	0.906981128979849
4264	FAM131B	ENSG00000159784	hsa-miR-4695-5p	MIMAT0019788	0.906975473162453
4265	TIAM1	ENSG00000156299	hsa-miR-21-5p	MIMAT0000076	0.906951586924824
4266	PCDHA10	ENSG00000250120	hsa-miR-765	MIMAT0003945	0.906894943399693
4267	FSD2	ENSG00000186628	hsa-miR-1252-3p	MIMAT0026744	0.906893358736424
4268	CYB5R4	ENSG00000065615	hsa-miR-130a-5p	MIMAT0004593	0.906849233225734
4269	GPR68	ENSG00000119714	hsa-miR-4695-5p	MIMAT0019788	0.90684568221734
4270	NOVA1	ENSG00000139910	hsa-miR-4687-3p	MIMAT0019775	0.906843228759161
4271	EXT1	ENSG00000182197	hsa-miR-7855-5p	MIMAT0030430	0.906837792057344
4272	SYNGAP1	ENSG00000197283	hsa-miR-6783-5p	MIMAT0027466	0.906819722369005
4273	PDE1C	ENSG00000154678	hsa-miR-7157-3p	MIMAT0028225	0.906819134517923
4274	RFT1	ENSG00000163933	hsa-miR-4695-5p	MIMAT0019788	0.906810082017878
4275	MAS1	ENSG00000130368	hsa-miR-6783-5p	MIMAT0027466	0.906797400309476
4276	DCHS1	ENSG00000166341	hsa-miR-4685-5p	MIMAT0019771	0.906796423996422
4277	KHNYN	ENSG00000100441	hsa-miR-6127	MIMAT0024610	0.906791927699971
4278	TRIM67	ENSG00000119283	hsa-miR-4458	MIMAT0018980	0.906779817387764
4279	NRG3	ENSG00000185737	hsa-miR-130a-5p	MIMAT0004593	0.906766185373578
4280	MACO1	ENSG00000204178	hsa-miR-3682-5p	MIMAT0019222	0.906740439497962
4281	ENTPD3	ENSG00000168032	hsa-miR-4687-3p	MIMAT0019775	0.906738837059138
4282	PPDPFL	ENSG00000168333	hsa-miR-1252-3p	MIMAT0026744	0.906710953952585
4283	ORC4	ENSG00000115947	hsa-miR-1911-5p	MIMAT0007885	0.906708492289272
4284	FOXK1	ENSG00000164916	hsa-miR-1252-3p	MIMAT0026744	0.906697661563327
4285	DNAJC10	ENSG00000077232	hsa-miR-130a-5p	MIMAT0004593	0.906685948208072
4286	INPP4A	ENSG00000040933	hsa-miR-765	MIMAT0003945	0.906682131918229
4287	SEMA6D	ENSG00000137872	hsa-miR-4465	MIMAT0018992	0.906660622401466
4288	TOP1	ENSG00000198900	hsa-miR-224-5p	MIMAT0000281	0.906659909163813
4289	MPLKIP	ENSG00000168303	hsa-miR-1252-3p	MIMAT0026744	0.906649179120912
4290	PTPN18	ENSG00000072135	hsa-miR-4687-3p	MIMAT0019775	0.906604646808595
4291	FAM161B	ENSG00000156050	hsa-miR-7855-5p	MIMAT0030430	0.906588657171251
4292	AK2	ENSG00000004455	hsa-miR-4695-5p	MIMAT0019788	0.906545141682557
4293	PSKH1	ENSG00000159792	hsa-miR-940	MIMAT0004983	0.9065272065577
4294	CSNK1A1	ENSG00000113712	hsa-miR-1252-3p	MIMAT0026744	0.906516023123526
4295	ESD	ENSG00000139684	hsa-miR-940	MIMAT0004983	0.906498257702113
4296	ENPEP	ENSG00000138792	hsa-miR-224-5p	MIMAT0000281	0.906491646138641
4297	ELF2	ENSG00000109381	hsa-miR-7157-3p	MIMAT0028225	0.906478217803045
4298	KIAA0232	ENSG00000170871	hsa-miR-7855-5p	MIMAT0030430	0.906406898479247
4299	RAB5B	ENSG00000111540	hsa-miR-4695-5p	MIMAT0019788	0.906386986748266
4300	ITGB8	ENSG00000105855	hsa-miR-183-5p	MIMAT0000261	0.906374210557809
4301	RBPJ	ENSG00000168214	hsa-miR-21-5p	MIMAT0000076	0.906345692675026
4302	SERTAD4	ENSG00000082497	hsa-miR-1252-3p	MIMAT0026744	0.90631490968789
4303	RAB2A	ENSG00000104388	hsa-miR-1252-3p	MIMAT0026744	0.906294400508236
4304	PIK3C2B	ENSG00000133056	hsa-miR-1252-3p	MIMAT0026744	0.90627102854618
4305	TMEM178B	ENSG00000261115	hsa-miR-7855-5p	MIMAT0030430	0.906266257765562
4306	CYP2R1	ENSG00000186104	hsa-miR-940	MIMAT0004983	0.906262271723528
4307	SLC35A4	ENSG00000176087	hsa-miR-4446-3p	MIMAT0018965	0.906187819226843
4308	ATL2	ENSG00000119787	hsa-miR-3682-5p	MIMAT0019222	0.906169598818144
4309	B3GNT5	ENSG00000176597	hsa-miR-4465	MIMAT0018992	0.906153043975325
4310	SMIM24	ENSG00000095932	hsa-miR-4685-5p	MIMAT0019771	0.906138681172697
4311	RASGRP1	ENSG00000172575	hsa-miR-21-5p	MIMAT0000076	0.906137249666714
4312	RRM2B	ENSG00000048392	hsa-miR-1252-3p	MIMAT0026744	0.906122359678149
4313	OR3A2	ENSG00000221882	hsa-miR-940	MIMAT0004983	0.906109459093434
4314	POU3F2	ENSG00000184486	hsa-miR-661	MIMAT0003324	0.906073784494011
4315	WDR26	ENSG00000162923	hsa-miR-1252-3p	MIMAT0026744	0.906062703091729
4316	ZDBF2	ENSG00000204186	hsa-miR-1252-3p	MIMAT0026744	0.906031640482653
4317	RIMKLA	ENSG00000177181	hsa-miR-7157-3p	MIMAT0028225	0.906014500449078
4318	KDM2A	ENSG00000173120	hsa-miR-765	MIMAT0003945	0.905983990513362
4319	MTDH	ENSG00000147649	hsa-miR-4465	MIMAT0018992	0.905982556578746
4320	EPB41L3	ENSG00000082397	hsa-miR-1252-3p	MIMAT0026744	0.905980132474102
4321	FXR1	ENSG00000114416	hsa-miR-765	MIMAT0003945	0.905978363045603
4322	AURKC	ENSG00000105146	hsa-miR-6783-5p	MIMAT0027466	0.905974496910853
4323	KIF6	ENSG00000164627	hsa-miR-7157-3p	MIMAT0028225	0.905956115434299
4324	SEC62	ENSG00000008952	hsa-miR-1252-3p	MIMAT0026744	0.905918833691613
4325	TNFSF11	ENSG00000120659	hsa-miR-657	MIMAT0003335	0.905906530173684
4326	TRIM51GP	ENSG00000220948	hsa-miR-1252-3p	MIMAT0026744	0.90588826391481
4327	UNC45A	ENSG00000140553	hsa-miR-4446-3p	MIMAT0018965	0.905884053515356
4328	PAQR3	ENSG00000163291	hsa-miR-130a-5p	MIMAT0004593	0.905849920847433
4329	PRSS22	ENSG00000005001	hsa-miR-765	MIMAT0003945	0.905821405454318
4330	KCNH1	ENSG00000143473	hsa-miR-765	MIMAT0003945	0.905804300222725
4331	SLK	ENSG00000065613	hsa-miR-130a-5p	MIMAT0004593	0.90578523908571
4332	SETD6	ENSG00000103037	hsa-miR-21-5p	MIMAT0000076	0.905763796699929
4333	TESMIN	ENSG00000132749	hsa-miR-765	MIMAT0003945	0.905758928137741
4334	OR56A1	ENSG00000180934	hsa-miR-4465	MIMAT0018992	0.905756655246975
4335	SPECC1L-ADORA2A	ENSG00000258555	hsa-miR-4687-3p	MIMAT0019775	0.90575352474594
4336	HIVEP2	ENSG00000010818	hsa-miR-130a-5p	MIMAT0004593	0.905716668403562
4337	REPS2	ENSG00000169891	hsa-miR-183-5p	MIMAT0000261	0.905697792589495
4338	TNS2	ENSG00000111077	hsa-miR-4695-5p	MIMAT0019788	0.905693399051181
4339	ANKRD40	ENSG00000154945	hsa-miR-7157-3p	MIMAT0028225	0.905654908318941
4340	KDM6A	ENSG00000147050	hsa-miR-940	MIMAT0004983	0.90564432156726
4341	IFT172	ENSG00000138002	hsa-miR-4458	MIMAT0018980	0.905612816251752
4342	ZMYM2	ENSG00000121741	hsa-miR-6783-5p	MIMAT0027466	0.905603692036494
4343	DPP10	ENSG00000175497	hsa-miR-1252-3p	MIMAT0026744	0.90559348612658
4344	C1GALT1	ENSG00000106392	hsa-miR-940	MIMAT0004983	0.905586768854697
4345	CHMP7	ENSG00000147457	hsa-miR-940	MIMAT0004983	0.905581796875718
4346	GCSAM	ENSG00000174500	hsa-miR-130a-5p	MIMAT0004593	0.905576427607517
4347	SCD	ENSG00000099194	hsa-miR-6783-5p	MIMAT0027466	0.905555688417037
4348	SC5D	ENSG00000109929	hsa-miR-224-5p	MIMAT0000281	0.905529230337156
4349	FBF1	ENSG00000188878	hsa-miR-940	MIMAT0004983	0.905504916964071
4350	AL049839.2	ENSG00000273259	hsa-miR-7157-3p	MIMAT0028225	0.905474168773511
4351	ARF1	ENSG00000143761	hsa-miR-1911-5p	MIMAT0007885	0.905449063568885
4352	DNAJA1	ENSG00000086061	hsa-miR-625-3p	MIMAT0004808	0.905383345384918
4353	FLRT2	ENSG00000185070	hsa-miR-6758-5p	MIMAT0027416	0.905369993850743
4354	DNAJC17	ENSG00000104129	hsa-miR-4446-3p	MIMAT0018965	0.905348005874594
4355	GGA3	ENSG00000125447	hsa-miR-4685-5p	MIMAT0019771	0.905345680955174
4356	ASTN2	ENSG00000148219	hsa-miR-7157-3p	MIMAT0028225	0.905343404901041
4357	PABPC1L2A	ENSG00000186288	hsa-miR-6758-5p	MIMAT0027416	0.905325689139344
4358	SLC35D1	ENSG00000116704	hsa-miR-940	MIMAT0004983	0.905306013379844
4359	FOXJ2	ENSG00000065970	hsa-miR-5008-5p	MIMAT0021039	0.905305004868946
4360	HIF3A	ENSG00000124440	hsa-miR-6127	MIMAT0024610	0.905295865293429
4361	ACBD5	ENSG00000107897	hsa-miR-1252-3p	MIMAT0026744	0.905294210034326
4362	PIAS1	ENSG00000033800	hsa-miR-661	MIMAT0003324	0.905249558589001
4363	RTL4	ENSG00000187823	hsa-miR-765	MIMAT0003945	0.905244759299002
4364	GTF3C4	ENSG00000125484	hsa-miR-1252-3p	MIMAT0026744	0.90523274325934
4365	GPC6	ENSG00000183098	hsa-miR-224-5p	MIMAT0000281	0.90520601789352
4366	FNBP1	ENSG00000187239	hsa-miR-4695-5p	MIMAT0019788	0.905191263596102
4367	ABHD16A	ENSG00000204427	hsa-miR-4465	MIMAT0018992	0.905186513287333
4368	PPT2-EGFL8	ENSG00000258388	hsa-miR-4687-3p	MIMAT0019775	0.905156414695086
4369	TTPAL	ENSG00000124120	hsa-miR-4685-5p	MIMAT0019771	0.905129521622113
4370	SEPSECS	ENSG00000109618	hsa-miR-1252-3p	MIMAT0026744	0.90511128186346
4371	PHF21A	ENSG00000135365	hsa-miR-4292	MIMAT0016919	0.905103160490185
4372	GALNT16	ENSG00000100626	hsa-miR-4695-5p	MIMAT0019788	0.905094325234889
4373	TMEM196	ENSG00000173452	hsa-miR-130a-5p	MIMAT0004593	0.90506923053554
4374	CEP128	ENSG00000100629	hsa-miR-7157-3p	MIMAT0028225	0.905066337767876
4375	ZNF407	ENSG00000215421	hsa-miR-765	MIMAT0003945	0.905060406788233
4376	TRHDE	ENSG00000072657	hsa-miR-940	MIMAT0004983	0.905059839010216
4377	NHLRC2	ENSG00000196865	hsa-miR-940	MIMAT0004983	0.905044883218785
4378	TOMM70	ENSG00000154174	hsa-miR-7855-5p	MIMAT0030430	0.905017280423175
4379	SF3B1	ENSG00000115524	hsa-miR-3682-5p	MIMAT0019222	0.905010042944115
4380	NKAIN3	ENSG00000185942	hsa-miR-6758-5p	MIMAT0027416	0.905001281205395
4381	HCN1	ENSG00000164588	hsa-miR-183-5p	MIMAT0000261	0.904997401086432
4382	CLIC4	ENSG00000169504	hsa-miR-7855-5p	MIMAT0030430	0.904988321887512
4383	DMAC1	ENSG00000137038	hsa-miR-3682-5p	MIMAT0019222	0.904953992241304
4384	ZNF592	ENSG00000166716	hsa-miR-6783-5p	MIMAT0027466	0.904949431937066
4385	SOCS2	ENSG00000120833	hsa-miR-940	MIMAT0004983	0.904947384194898
4386	TEKT2	ENSG00000092850	hsa-miR-657	MIMAT0003335	0.904861959508246
4387	FAM199X	ENSG00000123575	hsa-miR-1252-3p	MIMAT0026744	0.904852220577399
4388	NTRK2	ENSG00000148053	hsa-miR-940	MIMAT0004983	0.904828056318632
4389	NIPAL3	ENSG00000001461	hsa-miR-4685-5p	MIMAT0019771	0.904819206375012
4390	BRCA1	ENSG00000012048	hsa-miR-4446-3p	MIMAT0018965	0.904811510182604
4391	WDR59	ENSG00000103091	hsa-miR-765	MIMAT0003945	0.904807714534506
4392	EDN1	ENSG00000078401	hsa-miR-4458	MIMAT0018980	0.904766199772422
4393	RNF44	ENSG00000146083	hsa-miR-940	MIMAT0004983	0.904764622093827
4394	VAMP7	ENSG00000124333	hsa-miR-183-5p	MIMAT0000261	0.904758945360293
4395	MAP3K21	ENSG00000143674	hsa-miR-1252-3p	MIMAT0026744	0.904750032023854
4396	SUZ12	ENSG00000178691	hsa-miR-1252-3p	MIMAT0026744	0.904747486440382
4397	ZNF76	ENSG00000065029	hsa-miR-6758-5p	MIMAT0027416	0.904728779702606
4398	PAX8	ENSG00000125618	hsa-miR-4292	MIMAT0016919	0.904688241731989
4399	CD4	ENSG00000010610	hsa-miR-765	MIMAT0003945	0.904658325293827
4400	FBXL16	ENSG00000127585	hsa-miR-4687-3p	MIMAT0019775	0.904650894170411
4401	TTL	ENSG00000114999	hsa-miR-130a-5p	MIMAT0004593	0.904566271593689
4402	MTHFD2	ENSG00000065911	hsa-miR-1252-3p	MIMAT0026744	0.904561932890833
4403	STK3	ENSG00000104375	hsa-miR-1252-3p	MIMAT0026744	0.904549320218536
4404	WNT9A	ENSG00000143816	hsa-miR-4458	MIMAT0018980	0.904548276125279
4405	GABRG2	ENSG00000113327	hsa-miR-4446-3p	MIMAT0018965	0.904519311353584
4406	PPFIA4	ENSG00000143847	hsa-miR-4685-5p	MIMAT0019771	0.904517813265003
4407	NUDT3	ENSG00000272325	hsa-miR-6758-5p	MIMAT0027416	0.904513738973447
4408	PDCD1LG2	ENSG00000197646	hsa-miR-6783-5p	MIMAT0027466	0.904511770490682
4409	CALML3	ENSG00000178363	hsa-miR-661	MIMAT0003324	0.904508992882114
4410	NEGR1	ENSG00000172260	hsa-miR-940	MIMAT0004983	0.904504243108757
4411	EIF4H	ENSG00000106682	hsa-miR-7157-3p	MIMAT0028225	0.904474074173688
4412	EIF2S1	ENSG00000134001	hsa-miR-224-5p	MIMAT0000281	0.904462676618259
4413	FURIN	ENSG00000140564	hsa-miR-7855-5p	MIMAT0030430	0.904454807773937
4414	KDM2A	ENSG00000173120	hsa-miR-6758-5p	MIMAT0027416	0.904453822227543
4415	LDOC1	ENSG00000182195	hsa-miR-3682-5p	MIMAT0019222	0.904442166709632
4416	ARL3	ENSG00000138175	hsa-miR-6783-5p	MIMAT0027466	0.90442974320961
4417	ZACN	ENSG00000186919	hsa-miR-5008-5p	MIMAT0021039	0.904395092511558
4418	MLLT10	ENSG00000078403	hsa-miR-130a-5p	MIMAT0004593	0.904390809493685
4419	SLC2A14	ENSG00000173262	hsa-miR-6127	MIMAT0024610	0.904385503114641
4420	AC004687.2	ENSG00000285897	hsa-miR-6127	MIMAT0024610	0.904369109426941
4421	NOC3L	ENSG00000173145	hsa-miR-6783-5p	MIMAT0027466	0.904315127675848
4422	KRTAP4-4	ENSG00000171396	hsa-miR-6758-5p	MIMAT0027416	0.904305002358918
4423	SUPT3H	ENSG00000196284	hsa-miR-940	MIMAT0004983	0.904258997378978
4424	ARL5A	ENSG00000162980	hsa-miR-7157-3p	MIMAT0028225	0.904225407395373
4425	NLGN2	ENSG00000169992	hsa-miR-4687-3p	MIMAT0019775	0.904224127846483
4426	RPS6KA6	ENSG00000072133	hsa-miR-4465	MIMAT0018992	0.904218571665872
4427	UBE2D2	ENSG00000131508	hsa-miR-130a-5p	MIMAT0004593	0.904184886892262
4428	ADRA2A	ENSG00000150594	hsa-miR-4446-3p	MIMAT0018965	0.904183549909137
4429	C3orf56	ENSG00000214324	hsa-miR-765	MIMAT0003945	0.90418317500111
4430	FARP1	ENSG00000152767	hsa-miR-183-5p	MIMAT0000261	0.904170189302415
4431	TSPAN14	ENSG00000108219	hsa-miR-4695-5p	MIMAT0019788	0.904163788960097
4432	TMEM119	ENSG00000183160	hsa-miR-183-5p	MIMAT0000261	0.904132624021029
4433	CALN1	ENSG00000183166	hsa-miR-183-5p	MIMAT0000261	0.904108955347654
4434	SHROOM4	ENSG00000158352	hsa-miR-4446-3p	MIMAT0018965	0.904086339183962
4435	ALPK3	ENSG00000136383	hsa-miR-940	MIMAT0004983	0.904083636140622
4436	CLVS1	ENSG00000177182	hsa-miR-6783-5p	MIMAT0027466	0.904079414430495
4437	NR3C1	ENSG00000113580	hsa-miR-1252-3p	MIMAT0026744	0.904068774526936
4438	HAPLN1	ENSG00000145681	hsa-miR-130a-5p	MIMAT0004593	0.90404592722639
4439	NTRK2	ENSG00000148053	hsa-miR-6783-5p	MIMAT0027466	0.90404474137865
4440	OR51A4	ENSG00000205497	hsa-miR-940	MIMAT0004983	0.90402934494202
4441	PAPOLA	ENSG00000090060	hsa-miR-7157-3p	MIMAT0028225	0.904023614225198
4442	MEGF11	ENSG00000157890	hsa-miR-4687-3p	MIMAT0019775	0.90400827755368
4443	POP4	ENSG00000105171	hsa-miR-224-5p	MIMAT0000281	0.904003914720615
4444	RASSF9	ENSG00000198774	hsa-miR-1252-3p	MIMAT0026744	0.903956456581181
4445	WDR12	ENSG00000138442	hsa-miR-6783-5p	MIMAT0027466	0.903887600902466
4446	CACNB4	ENSG00000182389	hsa-miR-7157-3p	MIMAT0028225	0.903877685300967
4447	BNIP2	ENSG00000140299	hsa-miR-1252-3p	MIMAT0026744	0.90387305596937
4448	NAE1	ENSG00000159593	hsa-miR-1252-3p	MIMAT0026744	0.903866907473634
4449	HS3ST1	ENSG00000002587	hsa-miR-183-5p	MIMAT0000261	0.90383645740289
4450	IRAK3	ENSG00000090376	hsa-miR-1252-3p	MIMAT0026744	0.903793836434864
4451	MSTN	ENSG00000138379	hsa-miR-6783-5p	MIMAT0027466	0.903783071724377
4452	BCL7C	ENSG00000099385	hsa-miR-5008-5p	MIMAT0021039	0.903735975809055
4453	POU2F2	ENSG00000028277	hsa-miR-4292	MIMAT0016919	0.903730752598853
4454	RNF213	ENSG00000173821	hsa-miR-224-5p	MIMAT0000281	0.903704572306651
4455	F2R	ENSG00000181104	hsa-miR-130a-5p	MIMAT0004593	0.903684779311368
4456	MMP16	ENSG00000156103	hsa-miR-4465	MIMAT0018992	0.903642749746472
4457	PHC1	ENSG00000111752	hsa-miR-940	MIMAT0004983	0.903638524339102
4458	SHBG	ENSG00000129214	hsa-miR-6127	MIMAT0024610	0.903607020617939
4459	GMPS	ENSG00000163655	hsa-miR-130a-5p	MIMAT0004593	0.903546526719797
4460	PNRC1	ENSG00000146278	hsa-miR-4465	MIMAT0018992	0.903502717870998
4461	ADAMTS8	ENSG00000134917	hsa-miR-4458	MIMAT0018980	0.903492082310556
4462	BCL2L14	ENSG00000121380	hsa-miR-3682-5p	MIMAT0019222	0.903466167965364
4463	TMEM229B	ENSG00000198133	hsa-miR-657	MIMAT0003335	0.903435659056009
4464	ARIH1	ENSG00000166233	hsa-miR-4458	MIMAT0018980	0.903418339150521
4465	RNF144A	ENSG00000151692	hsa-miR-940	MIMAT0004983	0.903398637878661
4466	TBC1D12	ENSG00000108239	hsa-miR-4465	MIMAT0018992	0.903379376013781
4467	CEP63	ENSG00000182923	hsa-miR-7855-5p	MIMAT0030430	0.903364560763179
4468	SETDB2	ENSG00000136169	hsa-miR-6783-5p	MIMAT0027466	0.903343343437999
4469	ZNF285	ENSG00000267508	hsa-miR-661	MIMAT0003324	0.903322215244377
4470	LARS2	ENSG00000011376	hsa-miR-661	MIMAT0003324	0.903265152990581
4471	SPA17	ENSG00000064199	hsa-miR-6758-5p	MIMAT0027416	0.90326310375842
4472	MTMR2	ENSG00000087053	hsa-miR-1252-3p	MIMAT0026744	0.903244432442164
4473	RNF38	ENSG00000137075	hsa-miR-6822-3p	MIMAT0027545	0.903237948154488
4474	EMC10	ENSG00000161671	hsa-miR-4292	MIMAT0016919	0.903224396684642
4475	GAS7	ENSG00000007237	hsa-miR-4685-5p	MIMAT0019771	0.903158582188776
4476	HINT1	ENSG00000169567	hsa-miR-4695-5p	MIMAT0019788	0.903156187598907
4477	NPAP1	ENSG00000185823	hsa-miR-765	MIMAT0003945	0.903109505495699
4478	WDFY3	ENSG00000163625	hsa-miR-1252-3p	MIMAT0026744	0.903095618025111
4479	UPF2	ENSG00000151461	hsa-miR-765	MIMAT0003945	0.903080754998826
4480	LPAR3	ENSG00000171517	hsa-miR-130a-5p	MIMAT0004593	0.902999474746921
4481	FGD3	ENSG00000127084	hsa-miR-6127	MIMAT0024610	0.902990118960922
4482	NUDCD3	ENSG00000015676	hsa-miR-4695-5p	MIMAT0019788	0.902985937920397
4483	SH3D19	ENSG00000109686	hsa-miR-1252-3p	MIMAT0026744	0.902983929637765
4484	RIF1	ENSG00000080345	hsa-miR-4695-5p	MIMAT0019788	0.902972230451602
4485	KRTAP4-5	ENSG00000198271	hsa-miR-4687-3p	MIMAT0019775	0.902962759544054
4486	ERCC2	ENSG00000104884	hsa-miR-4695-5p	MIMAT0019788	0.902941593028137
4487	TJP1	ENSG00000104067	hsa-miR-1252-3p	MIMAT0026744	0.902935499637997
4488	TCTA	ENSG00000145022	hsa-miR-940	MIMAT0004983	0.902929842550888
4489	ROCK1	ENSG00000067900	hsa-miR-940	MIMAT0004983	0.902925492534007
4490	TTC30A	ENSG00000197557	hsa-miR-7855-5p	MIMAT0030430	0.902918954421281
4491	CILP	ENSG00000138615	hsa-miR-4687-3p	MIMAT0019775	0.902914954878479
4492	SOS1	ENSG00000115904	hsa-miR-6127	MIMAT0024610	0.902882089987975
4493	GDAP2	ENSG00000196505	hsa-miR-4458	MIMAT0018980	0.902853810380857
4494	ASH1L	ENSG00000116539	hsa-miR-6783-5p	MIMAT0027466	0.902852007233456
4495	RAB8B	ENSG00000166128	hsa-miR-183-5p	MIMAT0000261	0.902828864756277
4496	PABPN1	ENSG00000100836	hsa-miR-6783-5p	MIMAT0027466	0.902804649515973
4497	LIN28B	ENSG00000187772	hsa-miR-4465	MIMAT0018992	0.902791563519448
4498	NT5C1B-RDH14	ENSG00000250741	hsa-miR-224-5p	MIMAT0000281	0.902770528646675
4499	TARBP1	ENSG00000059588	hsa-miR-6783-5p	MIMAT0027466	0.902757002585589
4500	NUFIP2	ENSG00000108256	hsa-miR-4465	MIMAT0018992	0.902735316917491
4501	FMN1	ENSG00000248905	hsa-miR-130a-5p	MIMAT0004593	0.902688252054312
4502	ZPBP2	ENSG00000186075	hsa-miR-224-5p	MIMAT0000281	0.902686312106761
4503	TLR4	ENSG00000136869	hsa-miR-21-5p	MIMAT0000076	0.902683945437293
4504	ZBTB34	ENSG00000177125	hsa-miR-183-5p	MIMAT0000261	0.902664234227877
4505	SH3PXD2A	ENSG00000107957	hsa-miR-661	MIMAT0003324	0.902655616325088
4506	NKD1	ENSG00000140807	hsa-miR-661	MIMAT0003324	0.902650597951535
4507	CREBL2	ENSG00000111269	hsa-miR-4465	MIMAT0018992	0.902562078995332
4508	KSR1	ENSG00000141068	hsa-miR-4685-5p	MIMAT0019771	0.902503635741188
4509	AL121594.1	ENSG00000258790	hsa-miR-6783-5p	MIMAT0027466	0.902479223962313
4510	SNX13	ENSG00000071189	hsa-miR-1911-5p	MIMAT0007885	0.902475286148694
4511	CASP3	ENSG00000164305	hsa-miR-4458	MIMAT0018980	0.902469519845498
4512	SRRM4	ENSG00000139767	hsa-miR-765	MIMAT0003945	0.902467560308274
4513	YPEL4	ENSG00000166793	hsa-miR-4685-5p	MIMAT0019771	0.902457415091621
4514	EIF3J	ENSG00000104131	hsa-miR-6783-5p	MIMAT0027466	0.902413717870055
4515	EEF1B2	ENSG00000114942	hsa-miR-657	MIMAT0003335	0.902401652559856
4516	CENPBD1	ENSG00000177946	hsa-miR-7855-5p	MIMAT0030430	0.902346099242599
4517	SUGT1	ENSG00000165416	hsa-miR-765	MIMAT0003945	0.902305607020467
4518	HS2ST1	ENSG00000153936	hsa-miR-1252-3p	MIMAT0026744	0.902286417918555
4519	RFX3	ENSG00000080298	hsa-miR-940	MIMAT0004983	0.90228401371342
4520	CD59	ENSG00000085063	hsa-miR-224-5p	MIMAT0000281	0.902278182907537
4521	GJA3	ENSG00000121743	hsa-miR-183-5p	MIMAT0000261	0.902267238129033
4522	BMPR1A	ENSG00000107779	hsa-miR-940	MIMAT0004983	0.902244332085517
4523	JAM2	ENSG00000154721	hsa-miR-1252-3p	MIMAT0026744	0.902239483605411
4524	ILRUN	ENSG00000196821	hsa-miR-5008-5p	MIMAT0021039	0.902236788867825
4525	TGM3	ENSG00000125780	hsa-miR-224-5p	MIMAT0000281	0.902135533725055
4526	THTPA	ENSG00000259431	hsa-miR-7157-3p	MIMAT0028225	0.902135070105495
4527	RUFY4	ENSG00000188282	hsa-miR-4446-3p	MIMAT0018965	0.902126607317832
4528	SPRED1	ENSG00000166068	hsa-miR-3682-5p	MIMAT0019222	0.902124289351368
4529	CXXC4	ENSG00000168772	hsa-miR-1911-5p	MIMAT0007885	0.902110794947318
4530	ARID3A	ENSG00000116017	hsa-miR-4458	MIMAT0018980	0.902100546325438
4531	ANKRD44	ENSG00000065413	hsa-miR-7157-3p	MIMAT0028225	0.902096592266101
4532	CPEB4	ENSG00000113742	hsa-miR-1252-3p	MIMAT0026744	0.902092858185855
4533	MXI1	ENSG00000119950	hsa-miR-4465	MIMAT0018992	0.902090915186412
4534	G2E3	ENSG00000092140	hsa-miR-7855-5p	MIMAT0030430	0.902081786760621
4535	COPB2	ENSG00000184432	hsa-miR-1252-3p	MIMAT0026744	0.902081261329017
4536	GREM1	ENSG00000166923	hsa-miR-130a-5p	MIMAT0004593	0.902047027129929
4537	PLCG2	ENSG00000197943	hsa-miR-4458	MIMAT0018980	0.902043647137797
4538	KLF2	ENSG00000127528	hsa-miR-4685-5p	MIMAT0019771	0.902032815400649
4539	GOLGA6L22	ENSG00000277865	hsa-miR-940	MIMAT0004983	0.90202862352867
4540	DPF1	ENSG00000011332	hsa-miR-7157-3p	MIMAT0028225	0.901997690188693
4541	ITSN1	ENSG00000205726	hsa-miR-130a-5p	MIMAT0004593	0.901972947972595
4542	IP6K1	ENSG00000176095	hsa-miR-4446-3p	MIMAT0018965	0.901956420926841
4543	VPS37D	ENSG00000176428	hsa-miR-765	MIMAT0003945	0.901954244155255
4544	MTF1	ENSG00000188786	hsa-miR-4292	MIMAT0016919	0.901942374000501
4545	KDM5D	ENSG00000012817	hsa-miR-6127	MIMAT0024610	0.901908171970532
4546	C9orf72	ENSG00000147894	hsa-miR-6822-3p	MIMAT0027545	0.901863866964429
4547	PEX26	ENSG00000215193	hsa-miR-6758-5p	MIMAT0027416	0.901863836349879
4548	CD58	ENSG00000116815	hsa-miR-6127	MIMAT0024610	0.901842713802786
4549	KCNC4	ENSG00000116396	hsa-miR-940	MIMAT0004983	0.90182821829686
4550	ZIC3	ENSG00000156925	hsa-miR-1252-3p	MIMAT0026744	0.901822188319591
4551	TRIM46	ENSG00000163462	hsa-miR-661	MIMAT0003324	0.90181860460847
4552	PTCHD1	ENSG00000165186	hsa-miR-940	MIMAT0004983	0.901815172239822
4553	E2F2	ENSG00000007968	hsa-miR-4458	MIMAT0018980	0.901794715961506
4554	KDM4E	ENSG00000235268	hsa-miR-765	MIMAT0003945	0.901776547994223
4555	ANKMY2	ENSG00000106524	hsa-miR-183-5p	MIMAT0000261	0.901742934492544
4556	BPNT2	ENSG00000104331	hsa-miR-940	MIMAT0004983	0.90172986042041
4557	RGS5	ENSG00000143248	hsa-miR-4292	MIMAT0016919	0.901728549995958
4558	DENND1B	ENSG00000213047	hsa-miR-4465	MIMAT0018992	0.901713010387824
4559	DR1	ENSG00000117505	hsa-miR-940	MIMAT0004983	0.901708702887475
4560	STRA6	ENSG00000137868	hsa-miR-5008-5p	MIMAT0021039	0.901690553973347
4561	VAMP1	ENSG00000139190	hsa-miR-4465	MIMAT0018992	0.901666896834296
4562	STK40	ENSG00000196182	hsa-miR-765	MIMAT0003945	0.901666026933589
4563	TBC1D13	ENSG00000107021	hsa-miR-4695-5p	MIMAT0019788	0.901632495569641
4564	THPO	ENSG00000090534	hsa-miR-21-5p	MIMAT0000076	0.90162220704359
4565	BCL3	ENSG00000069399	hsa-miR-7157-3p	MIMAT0028225	0.901587888547692
4566	AC006254.1	ENSG00000243696	hsa-miR-7855-5p	MIMAT0030430	0.90158669912409
4567	EPHA7	ENSG00000135333	hsa-miR-224-5p	MIMAT0000281	0.901585267491538
4568	SH2B3	ENSG00000111252	hsa-miR-657	MIMAT0003335	0.901575644597618
4569	INTU	ENSG00000164066	hsa-miR-4465	MIMAT0018992	0.901559355091233
4570	FAM53A	ENSG00000174137	hsa-miR-7157-3p	MIMAT0028225	0.901542686918498
4571	SPDYE11	ENSG00000286228	hsa-miR-7157-3p	MIMAT0028225	0.901537910114464
4572	C17orf97	ENSG00000187624	hsa-miR-7855-5p	MIMAT0030430	0.901515733224127
4573	CEP68	ENSG00000011523	hsa-miR-7855-5p	MIMAT0030430	0.901507533331891
4574	NECAB1	ENSG00000123119	hsa-miR-1252-3p	MIMAT0026744	0.901481523256019
4575	CASK	ENSG00000147044	hsa-miR-1252-3p	MIMAT0026744	0.901465289551929
4576	SLCO4A1	ENSG00000101187	hsa-miR-4685-5p	MIMAT0019771	0.901458438782147
4577	CNKSR3	ENSG00000153721	hsa-miR-4687-3p	MIMAT0019775	0.901403963678659
4578	AZIN1	ENSG00000155096	hsa-miR-183-5p	MIMAT0000261	0.901397753633335
4579	RNF212	ENSG00000178222	hsa-miR-1252-3p	MIMAT0026744	0.901387814063941
4580	PDE4A	ENSG00000065989	hsa-miR-6783-5p	MIMAT0027466	0.901386045364195
4581	ELP2	ENSG00000134759	hsa-miR-6783-5p	MIMAT0027466	0.90136636119326
4582	GRK5	ENSG00000198873	hsa-miR-4695-5p	MIMAT0019788	0.901320404455476
4583	AFF2	ENSG00000155966	hsa-miR-1252-3p	MIMAT0026744	0.901318518971653
4584	CLEC1B	ENSG00000165682	hsa-miR-1252-3p	MIMAT0026744	0.901237202879796
4585	PSMA5	ENSG00000143106	hsa-miR-183-5p	MIMAT0000261	0.90123011657549
4586	SMARCA5	ENSG00000153147	hsa-miR-1252-3p	MIMAT0026744	0.901213796840246
4587	FARP1	ENSG00000152767	hsa-miR-940	MIMAT0004983	0.901176256533726
4588	MYPN	ENSG00000138347	hsa-miR-4685-5p	MIMAT0019771	0.901122600706807
4589	VANGL2	ENSG00000162738	hsa-miR-4465	MIMAT0018992	0.901095742574036
4590	FBXW7	ENSG00000109670	hsa-miR-3682-5p	MIMAT0019222	0.901089572160165
4591	ADAR	ENSG00000160710	hsa-miR-6783-5p	MIMAT0027466	0.901076575316224
4592	SMAD1	ENSG00000170365	hsa-miR-6822-3p	MIMAT0027545	0.901068259681179
4593	SLC30A8	ENSG00000164756	hsa-miR-661	MIMAT0003324	0.901066331880776
4594	KLC1	ENSG00000126214	hsa-miR-765	MIMAT0003945	0.901051441741938
4595	CSF1	ENSG00000184371	hsa-miR-657	MIMAT0003335	0.901025062084417
4596	QTRT2	ENSG00000151576	hsa-miR-6822-3p	MIMAT0027545	0.901021990961884
4597	HCN4	ENSG00000138622	hsa-miR-5008-5p	MIMAT0021039	0.90100933527844
4598	IKZF2	ENSG00000030419	hsa-miR-1252-3p	MIMAT0026744	0.901007423031673
4599	FHDC1	ENSG00000137460	hsa-miR-4446-3p	MIMAT0018965	0.901000276518515
4600	FGF12	ENSG00000114279	hsa-miR-1252-3p	MIMAT0026744	0.900980167270896
4601	ABCC2	ENSG00000023839	hsa-miR-224-5p	MIMAT0000281	0.90094797416987
4602	PRRC1	ENSG00000164244	hsa-miR-1252-3p	MIMAT0026744	0.900874842489412
4603	OCLN	ENSG00000197822	hsa-miR-224-5p	MIMAT0000281	0.900819439189891
4604	FAHD2A	ENSG00000115042	hsa-miR-7855-5p	MIMAT0030430	0.900805713206468
4605	PHKG2	ENSG00000156873	hsa-miR-4695-5p	MIMAT0019788	0.900784662920277
4606	RMND5A	ENSG00000153561	hsa-miR-625-3p	MIMAT0004808	0.900772826408272
4607	EFCC1	ENSG00000114654	hsa-miR-765	MIMAT0003945	0.900769173739928
4608	VASP	ENSG00000125753	hsa-miR-6783-5p	MIMAT0027466	0.900724101809063
4609	AL445989.1	ENSG00000237378	hsa-miR-4446-3p	MIMAT0018965	0.900721702929119
4610	GDAP2	ENSG00000196505	hsa-miR-6758-5p	MIMAT0027416	0.900662616618902
4611	FIGN	ENSG00000182263	hsa-miR-6783-5p	MIMAT0027466	0.900661718777303
4612	NCOA7	ENSG00000111912	hsa-miR-6127	MIMAT0024610	0.900647196329934
4613	SMAD2	ENSG00000175387	hsa-miR-6758-5p	MIMAT0027416	0.900608615638209
4614	EIF2B2	ENSG00000119718	hsa-miR-940	MIMAT0004983	0.900593802211954
4615	SPDYE8	ENSG00000273520	hsa-miR-7157-3p	MIMAT0028225	0.900579841802417
4616	TATDN2	ENSG00000157014	hsa-miR-6783-5p	MIMAT0027466	0.900566021616497
4617	VANGL2	ENSG00000162738	hsa-miR-765	MIMAT0003945	0.900511796113059
4618	LCP2	ENSG00000043462	hsa-miR-4687-3p	MIMAT0019775	0.900452357875393
4619	TNN	ENSG00000120332	hsa-miR-4685-5p	MIMAT0019771	0.900447630835818
4620	ZNF768	ENSG00000169957	hsa-miR-4685-5p	MIMAT0019771	0.900421395283335
4621	CAMSAP2	ENSG00000118200	hsa-miR-940	MIMAT0004983	0.900399090584778
4622	IL17RE	ENSG00000163701	hsa-miR-940	MIMAT0004983	0.900398483856387
4623	SNX22	ENSG00000157734	hsa-miR-4695-5p	MIMAT0019788	0.900397523758566
4624	OPRD1	ENSG00000116329	hsa-miR-4695-5p	MIMAT0019788	0.900395199373879
4625	AL360181.3	ENSG00000254536	hsa-miR-6127	MIMAT0024610	0.900356430018583
4626	OTX2	ENSG00000165588	hsa-miR-661	MIMAT0003324	0.900328711148636
4627	AGO3	ENSG00000126070	hsa-miR-940	MIMAT0004983	0.900327480855645
4628	GAN	ENSG00000261609	hsa-miR-4465	MIMAT0018992	0.900238016479944
4629	BAZ1A	ENSG00000198604	hsa-miR-7157-3p	MIMAT0028225	0.900219548251879
4630	RPS6KB1	ENSG00000108443	hsa-miR-940	MIMAT0004983	0.900199710874743
4631	ASXL2	ENSG00000143970	hsa-miR-661	MIMAT0003324	0.900184354791517
4632	ZNF704	ENSG00000164684	hsa-miR-130a-5p	MIMAT0004593	0.900173143796152
4633	PAWR	ENSG00000177425	hsa-miR-4465	MIMAT0018992	0.900166168861407
4634	SPOCK2	ENSG00000107742	hsa-miR-940	MIMAT0004983	0.900163828850465
4635	LOXL2	ENSG00000134013	hsa-miR-4465	MIMAT0018992	0.900160089922348
4636	SIVA1	ENSG00000184990	hsa-miR-6758-5p	MIMAT0027416	0.900149671804005
4637	CABP1	ENSG00000157782	hsa-miR-4446-3p	MIMAT0018965	0.900149301041991
4638	PRKAB2	ENSG00000131791	hsa-miR-1252-3p	MIMAT0026744	0.90013239278907
4639	LUZP2	ENSG00000187398	hsa-miR-92a-1-5p	MIMAT0004507	0.900123989003614
4640	COL11A2	ENSG00000204248	hsa-miR-765	MIMAT0003945	0.900111931990322
4641	XYLT1	ENSG00000103489	hsa-miR-4292	MIMAT0016919	0.900111019850444
4642	SERP1	ENSG00000120742	hsa-miR-940	MIMAT0004983	0.900109740359671
4643	HERC4	ENSG00000148634	hsa-miR-1252-3p	MIMAT0026744	0.900083629230348
4644	AC126283.2	ENSG00000285330	hsa-miR-130a-5p	MIMAT0004593	0.90005309722538
4645	ASXL1	ENSG00000171456	hsa-miR-1252-3p	MIMAT0026744	0.900049666391519
4646	IKZF2	ENSG00000030419	hsa-miR-6783-5p	MIMAT0027466	0.900044372713061
4647	ARHGAP28	ENSG00000088756	hsa-miR-4458	MIMAT0018980	0.900025760817766
4648	CAMTA1	ENSG00000171735	hsa-miR-1252-3p	MIMAT0026744	0.900015238966756
4649	TMEM119	ENSG00000183160	hsa-miR-4446-3p	MIMAT0018965	0.900005373648464
4650	LSM12	ENSG00000161654	hsa-miR-6758-5p	MIMAT0027416	0.899971644481553
4651	DVL3	ENSG00000161202	hsa-miR-940	MIMAT0004983	0.8999631027142
4652	RBM20	ENSG00000203867	hsa-miR-130a-5p	MIMAT0004593	0.899957494425842
4653	YIPF6	ENSG00000181704	hsa-miR-4695-5p	MIMAT0019788	0.899950198908144
4654	PFKFB3	ENSG00000170525	hsa-miR-4465	MIMAT0018992	0.899913544403635
4655	GSK3A	ENSG00000105723	hsa-miR-6127	MIMAT0024610	0.899879635929891
4656	Z83844.1	ENSG00000100101	hsa-miR-4446-3p	MIMAT0018965	0.899841501533739
4657	NLK	ENSG00000087095	hsa-miR-224-5p	MIMAT0000281	0.89984052566147
4658	MAP7	ENSG00000135525	hsa-miR-4465	MIMAT0018992	0.899830860720764
4659	C2CD4A	ENSG00000198535	hsa-miR-130a-5p	MIMAT0004593	0.899824921224854
4660	GUF1	ENSG00000151806	hsa-miR-940	MIMAT0004983	0.899816519013002
4661	FBXO31	ENSG00000103264	hsa-miR-183-5p	MIMAT0000261	0.899804663698641
4662	NHLRC2	ENSG00000196865	hsa-miR-1252-3p	MIMAT0026744	0.899786005133716
4663	NFATC1	ENSG00000131196	hsa-miR-940	MIMAT0004983	0.89976338638
4664	TRAPPC9	ENSG00000167632	hsa-miR-4695-5p	MIMAT0019788	0.899760448615731
4665	IKBKB	ENSG00000104365	hsa-miR-183-5p	MIMAT0000261	0.899710663871543
4666	SLC16A7	ENSG00000118596	hsa-miR-1252-3p	MIMAT0026744	0.899698758418041
4667	FAM107B	ENSG00000065809	hsa-miR-224-5p	MIMAT0000281	0.89968521700387
4668	DDX19B	ENSG00000157349	hsa-miR-4458	MIMAT0018980	0.899660970900867
4669	ZNF608	ENSG00000168916	hsa-miR-4465	MIMAT0018992	0.899630026771191
4670	PARP1	ENSG00000143799	hsa-miR-130a-5p	MIMAT0004593	0.899624785618589
4671	DCAF10	ENSG00000122741	hsa-miR-6758-5p	MIMAT0027416	0.899622889779995
4672	SLC6A3	ENSG00000142319	hsa-miR-7157-3p	MIMAT0028225	0.899580607450525
4673	PRTG	ENSG00000166450	hsa-miR-224-5p	MIMAT0000281	0.899562890788934
4674	SESTD1	ENSG00000187231	hsa-miR-4687-3p	MIMAT0019775	0.899557633759311
4675	FAM78A	ENSG00000126882	hsa-miR-7157-3p	MIMAT0028225	0.899494482723387
4676	MEIS1	ENSG00000143995	hsa-miR-7855-5p	MIMAT0030430	0.899494089718949
4677	AMOT	ENSG00000126016	hsa-miR-1252-3p	MIMAT0026744	0.899484409348507
4678	HOMER1	ENSG00000152413	hsa-miR-183-5p	MIMAT0000261	0.899484314840424
4679	NEDD4L	ENSG00000049759	hsa-miR-1252-3p	MIMAT0026744	0.899473837719326
4680	PIK3R1	ENSG00000145675	hsa-miR-21-5p	MIMAT0000076	0.899451059508732
4681	GHR	ENSG00000112964	hsa-miR-7157-3p	MIMAT0028225	0.899449320155638
4682	ATG10	ENSG00000152348	hsa-miR-7855-5p	MIMAT0030430	0.899442104081741
4683	KLRD1	ENSG00000134539	hsa-miR-183-5p	MIMAT0000261	0.899439550447151
4684	ZNF250	ENSG00000196150	hsa-miR-4687-3p	MIMAT0019775	0.899407022452568
4685	SH3TC2	ENSG00000169247	hsa-miR-130a-5p	MIMAT0004593	0.899398395431093
4686	CPXM2	ENSG00000121898	hsa-miR-4685-5p	MIMAT0019771	0.89937277783777
4687	ST8SIA5	ENSG00000101638	hsa-miR-4685-5p	MIMAT0019771	0.899351857010001
4688	DYRK1A	ENSG00000157540	hsa-miR-130a-5p	MIMAT0004593	0.899315055772953
4689	SLC13A1	ENSG00000081800	hsa-miR-1252-3p	MIMAT0026744	0.899311859337981
4690	TMEM181	ENSG00000146433	hsa-miR-4687-3p	MIMAT0019775	0.899303740005279
4691	PTPN4	ENSG00000088179	hsa-miR-940	MIMAT0004983	0.899296478042539
4692	THRAP3	ENSG00000054118	hsa-miR-765	MIMAT0003945	0.899293851912214
4693	SLK	ENSG00000065613	hsa-miR-21-5p	MIMAT0000076	0.899281151909348
4694	SCN1A	ENSG00000144285	hsa-miR-130a-5p	MIMAT0004593	0.89927728075911
4695	HMGB3	ENSG00000029993	hsa-miR-625-3p	MIMAT0004808	0.899260087563661
4696	TMEM192	ENSG00000170088	hsa-miR-661	MIMAT0003324	0.899252717621437
4697	FOXF1	ENSG00000103241	hsa-miR-765	MIMAT0003945	0.899251512685442
4698	IP6K1	ENSG00000176095	hsa-miR-6758-5p	MIMAT0027416	0.899240649925014
4699	AKAIN1	ENSG00000231824	hsa-miR-183-5p	MIMAT0000261	0.899236719534664
4700	PPP1R13L	ENSG00000104881	hsa-miR-7157-3p	MIMAT0028225	0.899231087985635
4701	HSBP1	ENSG00000230989	hsa-miR-1252-3p	MIMAT0026744	0.899225886871754
4702	AMER2	ENSG00000165566	hsa-miR-1252-3p	MIMAT0026744	0.899217209099206
4703	KCNJ6	ENSG00000157542	hsa-miR-6758-5p	MIMAT0027416	0.899210409092861
4704	TRARG1	ENSG00000184811	hsa-miR-7157-3p	MIMAT0028225	0.899206723825455
4705	OSBPL3	ENSG00000070882	hsa-miR-1252-3p	MIMAT0026744	0.899177411051392
4706	ZSCAN29	ENSG00000140265	hsa-miR-625-3p	MIMAT0004808	0.899157382067525
4707	COL9A2	ENSG00000049089	hsa-miR-661	MIMAT0003324	0.899148867675359
4708	NR2C2	ENSG00000177463	hsa-miR-4446-3p	MIMAT0018965	0.899143381837862
4709	ZNF805	ENSG00000204524	hsa-miR-1252-3p	MIMAT0026744	0.899136468027495
4710	PRKAA1	ENSG00000132356	hsa-miR-6783-5p	MIMAT0027466	0.899120048753265
4711	VEPH1	ENSG00000197415	hsa-miR-130a-5p	MIMAT0004593	0.899105535747986
4712	SYS1-DBNDD2	ENSG00000254806	hsa-miR-4695-5p	MIMAT0019788	0.899086004864787
4713	TGDS	ENSG00000088451	hsa-miR-4458	MIMAT0018980	0.899066210151802
4714	UBALD2	ENSG00000185262	hsa-miR-4687-3p	MIMAT0019775	0.899054618236732
4715	KCTD21	ENSG00000188997	hsa-miR-4458	MIMAT0018980	0.899047243239133
4716	NYNRIN	ENSG00000205978	hsa-miR-4458	MIMAT0018980	0.899032837619661
4717	HOMER2	ENSG00000103942	hsa-miR-4685-5p	MIMAT0019771	0.899030382477632
4718	SF3A3	ENSG00000183431	hsa-miR-92a-1-5p	MIMAT0004507	0.898990111189986
4719	PLPP6	ENSG00000205808	hsa-miR-4687-3p	MIMAT0019775	0.898979919654396
4720	MGAT4A	ENSG00000071073	hsa-miR-1252-3p	MIMAT0026744	0.898950529286552
4721	SLIT3	ENSG00000184347	hsa-miR-661	MIMAT0003324	0.89890052730614
4722	PDE4B	ENSG00000184588	hsa-miR-940	MIMAT0004983	0.898875055343006
4723	ZDHHC22	ENSG00000177108	hsa-miR-661	MIMAT0003324	0.898851688473749
4724	FAM155B	ENSG00000130054	hsa-miR-940	MIMAT0004983	0.898846271448562
4725	PORCN	ENSG00000102312	hsa-miR-4685-5p	MIMAT0019771	0.898828024195782
4726	FBXL16	ENSG00000127585	hsa-miR-92a-1-5p	MIMAT0004507	0.898810651717428
4727	HTR4	ENSG00000164270	hsa-miR-940	MIMAT0004983	0.898805465645152
4728	FRAT2	ENSG00000181274	hsa-miR-224-5p	MIMAT0000281	0.898804355276642
4729	LOXL3	ENSG00000115318	hsa-miR-4446-3p	MIMAT0018965	0.898803130833048
4730	P2RX3	ENSG00000109991	hsa-miR-1252-3p	MIMAT0026744	0.898774783357804
4731	ABCB8	ENSG00000197150	hsa-miR-6127	MIMAT0024610	0.898758054428479
4732	GALNT3	ENSG00000115339	hsa-miR-6783-5p	MIMAT0027466	0.89874469568078
4733	GLG1	ENSG00000090863	hsa-miR-940	MIMAT0004983	0.898736504726529
4734	UGT8	ENSG00000174607	hsa-miR-4465	MIMAT0018992	0.898727076943901
4735	SMC5	ENSG00000198887	hsa-miR-6822-3p	MIMAT0027545	0.898721839396554
4736	KATNB1	ENSG00000140854	hsa-miR-4446-3p	MIMAT0018965	0.898716453286359
4737	MUC3A	ENSG00000169894	hsa-miR-765	MIMAT0003945	0.898714603112952
4738	NAP1L1	ENSG00000187109	hsa-miR-657	MIMAT0003335	0.898704068404163
4739	GCN1	ENSG00000089154	hsa-miR-4695-5p	MIMAT0019788	0.898664919833324
4740	SLC35F6	ENSG00000213699	hsa-miR-940	MIMAT0004983	0.898586554653727
4741	FUT10	ENSG00000172728	hsa-miR-6783-5p	MIMAT0027466	0.898535657180036
4742	BIRC6	ENSG00000115760	hsa-miR-1252-3p	MIMAT0026744	0.898529515604603
4743	ICOS	ENSG00000163600	hsa-miR-4458	MIMAT0018980	0.898528873657925
4744	INSIG2	ENSG00000125629	hsa-miR-765	MIMAT0003945	0.898512429370784
4745	TNRC6C	ENSG00000078687	hsa-miR-4465	MIMAT0018992	0.898506741447248
4746	DIRAS1	ENSG00000176490	hsa-miR-4695-5p	MIMAT0019788	0.89850241012437
4747	SUSD5	ENSG00000173705	hsa-miR-4685-5p	MIMAT0019771	0.898488497999361
4748	CLEC4F	ENSG00000152672	hsa-miR-4446-3p	MIMAT0018965	0.898474264571649
4749	GLYR1	ENSG00000140632	hsa-miR-21-5p	MIMAT0000076	0.898394604393082
4750	LDLRAP1	ENSG00000157978	hsa-miR-4695-5p	MIMAT0019788	0.898387262646199
4751	CD200R1	ENSG00000163606	hsa-miR-4458	MIMAT0018980	0.898365525542425
4752	RPLP1	ENSG00000137818	hsa-miR-7855-5p	MIMAT0030430	0.898326294479515
4753	SECISBP2L	ENSG00000138593	hsa-miR-1252-3p	MIMAT0026744	0.898305022398855
4754	ILDR2	ENSG00000143195	hsa-miR-1252-3p	MIMAT0026744	0.898282101349269
4755	RNGTT	ENSG00000111880	hsa-miR-7157-3p	MIMAT0028225	0.898279968865112
4756	LDB1	ENSG00000198728	hsa-miR-765	MIMAT0003945	0.898269466446889
4757	RTL8B	ENSG00000212747	hsa-miR-4695-5p	MIMAT0019788	0.89826415371087
4758	NRCAM	ENSG00000091129	hsa-miR-6758-5p	MIMAT0027416	0.898254424062509
4759	ZNF618	ENSG00000157657	hsa-miR-224-5p	MIMAT0000281	0.898248210650318
4760	MMP2	ENSG00000087245	hsa-miR-4446-3p	MIMAT0018965	0.898235070156012
4761	HOXD13	ENSG00000128714	hsa-miR-224-5p	MIMAT0000281	0.898229247369049
4762	SPDYE17	ENSG00000186645	hsa-miR-7157-3p	MIMAT0028225	0.898204713808812
4763	G2E3	ENSG00000092140	hsa-miR-1252-3p	MIMAT0026744	0.898202945484895
4764	MIEN1	ENSG00000141741	hsa-miR-6783-5p	MIMAT0027466	0.898194313141747
4765	NTRK3	ENSG00000140538	hsa-miR-6127	MIMAT0024610	0.898186609608912
4766	JPH3	ENSG00000154118	hsa-miR-940	MIMAT0004983	0.898130015379936
4767	NSD2	ENSG00000109685	hsa-miR-1252-3p	MIMAT0026744	0.898093770224135
4768	AL451062.2	ENSG00000284989	hsa-miR-7855-5p	MIMAT0030430	0.898089086304298
4769	GXYLT1	ENSG00000151233	hsa-miR-4458	MIMAT0018980	0.89808823093965
4770	RTL9	ENSG00000243978	hsa-miR-4685-5p	MIMAT0019771	0.89806629859001
4771	KLF12	ENSG00000118922	hsa-miR-130a-5p	MIMAT0004593	0.898023663148615
4772	CDH2	ENSG00000170558	hsa-miR-7157-3p	MIMAT0028225	0.898019898253054
4773	GDA	ENSG00000119125	hsa-miR-224-5p	MIMAT0000281	0.897996517493403
4774	THAP2	ENSG00000173451	hsa-miR-224-5p	MIMAT0000281	0.897988687588489
4775	RAB27A	ENSG00000069974	hsa-miR-940	MIMAT0004983	0.897979420987203
4776	RBMS1	ENSG00000153250	hsa-miR-4465	MIMAT0018992	0.897965296096408
4777	GPR85	ENSG00000164604	hsa-miR-1252-3p	MIMAT0026744	0.897963276234943
4778	SLC17A6	ENSG00000091664	hsa-miR-1252-3p	MIMAT0026744	0.897946788855999
4779	DDHD1	ENSG00000100523	hsa-miR-183-5p	MIMAT0000261	0.897941331199101
4780	HTRA1	ENSG00000166033	hsa-miR-765	MIMAT0003945	0.897924212530388
4781	NCKAP1L	ENSG00000123338	hsa-miR-940	MIMAT0004983	0.897917531360505
4782	INO80C	ENSG00000153391	hsa-miR-4695-5p	MIMAT0019788	0.897886025514071
4783	PUS7L	ENSG00000129317	hsa-miR-1252-3p	MIMAT0026744	0.897861244752316
4784	PIM1	ENSG00000137193	hsa-miR-940	MIMAT0004983	0.897821830093386
4785	BAIAP2L1	ENSG00000006453	hsa-miR-4687-3p	MIMAT0019775	0.897818116611451
4786	PKD2L2	ENSG00000078795	hsa-miR-765	MIMAT0003945	0.897813159791923
4787	ADGRL2	ENSG00000117114	hsa-miR-224-5p	MIMAT0000281	0.897790995507557
4788	TSPAN5	ENSG00000168785	hsa-miR-4465	MIMAT0018992	0.897790815081464
4789	CACNG7	ENSG00000105605	hsa-miR-940	MIMAT0004983	0.897766772808612
4790	TNNI1	ENSG00000159173	hsa-miR-4446-3p	MIMAT0018965	0.897765986153414
4791	AC091167.2	ENSG00000261147	hsa-miR-4685-5p	MIMAT0019771	0.897740760488641
4792	PFKFB3	ENSG00000170525	hsa-miR-940	MIMAT0004983	0.897736881746183
4793	PHF23	ENSG00000040633	hsa-miR-6127	MIMAT0024610	0.89773265784219
4794	SIK3	ENSG00000160584	hsa-miR-183-5p	MIMAT0000261	0.897726119302897
4795	MEX3C	ENSG00000176624	hsa-miR-130a-5p	MIMAT0004593	0.897725146403697
4796	TF	ENSG00000091513	hsa-miR-4685-5p	MIMAT0019771	0.897724339675916
4797	PLEKHA1	ENSG00000107679	hsa-miR-1252-3p	MIMAT0026744	0.89770259658195
4798	MGAT4B	ENSG00000161013	hsa-miR-224-5p	MIMAT0000281	0.897687393287402
4799	SYT16	ENSG00000139973	hsa-miR-1252-3p	MIMAT0026744	0.897673374140874
4800	EBF1	ENSG00000164330	hsa-miR-6783-5p	MIMAT0027466	0.897652784891341
4801	ABHD1	ENSG00000143994	hsa-miR-940	MIMAT0004983	0.897646023012243
4802	ERC1	ENSG00000082805	hsa-miR-940	MIMAT0004983	0.897640555287125
4803	ST8SIA3	ENSG00000177511	hsa-miR-940	MIMAT0004983	0.897632225285276
4804	GALC	ENSG00000054983	hsa-miR-4458	MIMAT0018980	0.897625700702729
4805	LRRC7	ENSG00000033122	hsa-miR-6822-3p	MIMAT0027545	0.897623148767088
4806	EDDM13	ENSG00000267710	hsa-miR-661	MIMAT0003324	0.897591868434389
4807	DOCK9	ENSG00000088387	hsa-miR-7855-5p	MIMAT0030430	0.897581286185395
4808	CS	ENSG00000062485	hsa-miR-940	MIMAT0004983	0.897580198540885
4809	ATMIN	ENSG00000166454	hsa-miR-940	MIMAT0004983	0.897566597327077
4810	ATPAF1	ENSG00000123472	hsa-miR-224-5p	MIMAT0000281	0.897564112738773
4811	TMEM132B	ENSG00000139364	hsa-miR-1252-3p	MIMAT0026744	0.897560539340725
4812	FAM117A	ENSG00000121104	hsa-miR-4685-5p	MIMAT0019771	0.897538283729769
4813	TMPRSS15	ENSG00000154646	hsa-miR-92a-1-5p	MIMAT0004507	0.897511773884155
4814	CCER1	ENSG00000197651	hsa-miR-5008-5p	MIMAT0021039	0.897501489252151
4815	MAPRE3	ENSG00000084764	hsa-miR-6127	MIMAT0024610	0.897495749687198
4816	ZBTB20	ENSG00000181722	hsa-miR-4465	MIMAT0018992	0.897488345127318
4817	KCND2	ENSG00000184408	hsa-miR-183-5p	MIMAT0000261	0.897441490925936
4818	RBM28	ENSG00000106344	hsa-miR-1252-3p	MIMAT0026744	0.897437449616276
4819	DPY19L1	ENSG00000173852	hsa-miR-1252-3p	MIMAT0026744	0.897433399110722
4820	CES5A	ENSG00000159398	hsa-miR-765	MIMAT0003945	0.897426169093292
4821	PIGM	ENSG00000143315	hsa-miR-7855-5p	MIMAT0030430	0.897414062066564
4822	SPIN1	ENSG00000106723	hsa-miR-224-5p	MIMAT0000281	0.897411417987882
4823	DENND4A	ENSG00000174485	hsa-miR-1252-3p	MIMAT0026744	0.897399387332219
4824	BSND	ENSG00000162399	hsa-miR-940	MIMAT0004983	0.89739911456531
4825	KAT6A	ENSG00000083168	hsa-miR-224-5p	MIMAT0000281	0.897390496570753
4826	ADAMTS9	ENSG00000163638	hsa-miR-940	MIMAT0004983	0.897327464264389
4827	PHF21A	ENSG00000135365	hsa-miR-4687-3p	MIMAT0019775	0.897324354316456
4828	NFAT5	ENSG00000102908	hsa-miR-7855-5p	MIMAT0030430	0.897324223417019
4829	TRPS1	ENSG00000104447	hsa-miR-4465	MIMAT0018992	0.897305116770495
4830	GSPT1	ENSG00000103342	hsa-miR-1252-3p	MIMAT0026744	0.897304146567492
4831	GFPT2	ENSG00000131459	hsa-miR-6758-5p	MIMAT0027416	0.897283657174149
4832	TMEM131	ENSG00000075568	hsa-miR-4465	MIMAT0018992	0.897273618241637
4833	TLDC2	ENSG00000101342	hsa-miR-224-5p	MIMAT0000281	0.897265468195589
4834	N4BP1	ENSG00000102921	hsa-miR-4695-5p	MIMAT0019788	0.897252032398707
4835	HEMK1	ENSG00000114735	hsa-miR-4458	MIMAT0018980	0.897242097531956
4836	POLR2D	ENSG00000144231	hsa-miR-661	MIMAT0003324	0.897223679627088
4837	CHST9	ENSG00000154080	hsa-miR-1252-3p	MIMAT0026744	0.897217728345169
4838	LHX4	ENSG00000121454	hsa-miR-7157-3p	MIMAT0028225	0.897199645935934
4839	PHLDB1	ENSG00000019144	hsa-miR-4446-3p	MIMAT0018965	0.897189537707606
4840	BMP8A	ENSG00000183682	hsa-miR-7157-3p	MIMAT0028225	0.897179500890541
4841	SCUBE1	ENSG00000159307	hsa-miR-765	MIMAT0003945	0.897172115606255
4842	MLH1	ENSG00000076242	hsa-miR-940	MIMAT0004983	0.897138765210567
4843	TMEM214	ENSG00000119777	hsa-miR-4746-3p	MIMAT0019881	0.897119500783893
4844	CPEB2	ENSG00000137449	hsa-miR-130a-5p	MIMAT0004593	0.897111776053142
4845	CHIC1	ENSG00000204116	hsa-miR-1252-3p	MIMAT0026744	0.897064721737439
4846	FAM98B	ENSG00000171262	hsa-miR-4465	MIMAT0018992	0.897031406196997
4847	P2RY1	ENSG00000169860	hsa-miR-3682-5p	MIMAT0019222	0.897022502661373
4848	HTR1A	ENSG00000178394	hsa-miR-1252-3p	MIMAT0026744	0.897009599707828
4849	AOX1	ENSG00000138356	hsa-miR-224-5p	MIMAT0000281	0.897005118551486
4850	USP37	ENSG00000135913	hsa-miR-7157-3p	MIMAT0028225	0.897004421106625
4851	APLP2	ENSG00000084234	hsa-miR-7157-3p	MIMAT0028225	0.897001663020813
4852	SIX3	ENSG00000138083	hsa-miR-6758-5p	MIMAT0027416	0.896984424774733
4853	ARHGEF37	ENSG00000183111	hsa-miR-4695-5p	MIMAT0019788	0.89698174737789
4854	CDKN1B	ENSG00000111276	hsa-miR-1252-3p	MIMAT0026744	0.896979865708822
4855	MDM2	ENSG00000135679	hsa-miR-940	MIMAT0004983	0.896972446295723
4856	MTUS1	ENSG00000129422	hsa-miR-765	MIMAT0003945	0.89693986308292
4857	DSEL	ENSG00000171451	hsa-miR-4695-5p	MIMAT0019788	0.896938181786352
4858	LMX1B	ENSG00000136944	hsa-miR-6758-5p	MIMAT0027416	0.896934043988988
4859	CREB1	ENSG00000118260	hsa-miR-940	MIMAT0004983	0.896927803506781
4860	TTC9	ENSG00000133985	hsa-miR-765	MIMAT0003945	0.896918323316914
4861	CALCRL	ENSG00000064989	hsa-miR-1252-3p	MIMAT0026744	0.896912396415235
4862	KIF21B	ENSG00000116852	hsa-miR-6758-5p	MIMAT0027416	0.896902795789287
4863	ANXA2	ENSG00000182718	hsa-miR-4695-5p	MIMAT0019788	0.896880551811998
4864	UBN2	ENSG00000157741	hsa-miR-4687-3p	MIMAT0019775	0.896850053378011
4865	KLRD1	ENSG00000134539	hsa-miR-940	MIMAT0004983	0.896813890813244
4866	FAM120AOS	ENSG00000188938	hsa-miR-7855-5p	MIMAT0030430	0.8967616070253
4867	GSC2	ENSG00000063515	hsa-miR-661	MIMAT0003324	0.896739849935313
4868	HIF1AN	ENSG00000166135	hsa-miR-765	MIMAT0003945	0.896735086990668
4869	FOSL2	ENSG00000075426	hsa-miR-4292	MIMAT0016919	0.896731654795108
4870	FPGT	ENSG00000254685	hsa-miR-183-5p	MIMAT0000261	0.896716650324678
4871	GIMAP2	ENSG00000106560	hsa-miR-1252-3p	MIMAT0026744	0.896710284916084
4872	PRDM11	ENSG00000019485	hsa-miR-4695-5p	MIMAT0019788	0.896671979216544
4873	ANTXR2	ENSG00000163297	hsa-miR-940	MIMAT0004983	0.896668084113781
4874	FBXO41	ENSG00000163013	hsa-miR-4292	MIMAT0016919	0.896655385603466
4875	KIAA1671	ENSG00000197077	hsa-miR-7157-3p	MIMAT0028225	0.896652881894568
4876	CCSAP	ENSG00000154429	hsa-miR-4458	MIMAT0018980	0.89663872268281
4877	ATP1A2	ENSG00000018625	hsa-miR-4465	MIMAT0018992	0.896635949491651
4878	IFNLR1	ENSG00000185436	hsa-miR-4292	MIMAT0016919	0.896627736978669
4879	CCNJL	ENSG00000135083	hsa-miR-4458	MIMAT0018980	0.896587554641086
4880	TERB2	ENSG00000167014	hsa-miR-6783-5p	MIMAT0027466	0.896585986771527
4881	SV2C	ENSG00000122012	hsa-miR-7855-5p	MIMAT0030430	0.896555449294548
4882	KCNJ6	ENSG00000157542	hsa-miR-765	MIMAT0003945	0.896550745755983
4883	ARFIP2	ENSG00000132254	hsa-miR-4687-3p	MIMAT0019775	0.896548457713463
4884	ZNF613	ENSG00000176024	hsa-miR-92a-1-5p	MIMAT0004507	0.89650898116846
4885	INHBA	ENSG00000122641	hsa-miR-3682-5p	MIMAT0019222	0.896492631011795
4886	CLPB	ENSG00000162129	hsa-miR-4695-5p	MIMAT0019788	0.896480833031015
4887	ABCB10	ENSG00000135776	hsa-miR-3682-5p	MIMAT0019222	0.896470528660469
4888	GLYATL3	ENSG00000203972	hsa-miR-6783-5p	MIMAT0027466	0.896457214964961
4889	BNC2	ENSG00000173068	hsa-miR-1252-3p	MIMAT0026744	0.896444343491988
4890	TAB3	ENSG00000157625	hsa-miR-1252-3p	MIMAT0026744	0.896439205668499
4891	BRWD1	ENSG00000185658	hsa-miR-224-5p	MIMAT0000281	0.89642288370078
4892	RFX3	ENSG00000080298	hsa-miR-4465	MIMAT0018992	0.89640366542437
4893	UNC5D	ENSG00000156687	hsa-miR-1252-3p	MIMAT0026744	0.896375654946311
4894	EPHA4	ENSG00000116106	hsa-miR-1252-3p	MIMAT0026744	0.896362769232217
4895	FAT3	ENSG00000165323	hsa-miR-130a-5p	MIMAT0004593	0.896362644790828
4896	PPP1R12A	ENSG00000058272	hsa-miR-183-5p	MIMAT0000261	0.896298058324667
4897	NEGR1	ENSG00000172260	hsa-miR-8056	MIMAT0030983	0.896290253996738
4898	AC097104.1	ENSG00000285528	hsa-miR-6127	MIMAT0024610	0.896276582987974
4899	AAK1	ENSG00000115977	hsa-miR-661	MIMAT0003324	0.896275555128119
4900	HEXIM1	ENSG00000186834	hsa-miR-4695-5p	MIMAT0019788	0.896274920948804
4901	FNDC3A	ENSG00000102531	hsa-miR-6758-5p	MIMAT0027416	0.896244798903239
4902	STK4	ENSG00000101109	hsa-miR-661	MIMAT0003324	0.896240158936466
4903	DYSF	ENSG00000135636	hsa-miR-765	MIMAT0003945	0.896209012926495
4904	FAM222B	ENSG00000173065	hsa-miR-5008-5p	MIMAT0021039	0.896200306618593
4905	LONRF3	ENSG00000175556	hsa-miR-224-5p	MIMAT0000281	0.896190068584407
4906	IGF1R	ENSG00000140443	hsa-miR-1252-3p	MIMAT0026744	0.896163564205304
4907	MXI1	ENSG00000119950	hsa-miR-1252-3p	MIMAT0026744	0.896140301646454
4908	TNRC6B	ENSG00000100354	hsa-miR-4695-5p	MIMAT0019788	0.896133577264777
4909	CCDC141	ENSG00000163492	hsa-miR-4695-5p	MIMAT0019788	0.896100063861991
4910	MFSD4B	ENSG00000173214	hsa-miR-661	MIMAT0003324	0.896097002919714
4911	UBA2	ENSG00000126261	hsa-miR-224-5p	MIMAT0000281	0.89608670036271
4912	CLPX	ENSG00000166855	hsa-miR-1252-3p	MIMAT0026744	0.896080614380814
4913	ZNF217	ENSG00000171940	hsa-miR-1252-3p	MIMAT0026744	0.896071653784576
4914	ARL2	ENSG00000213465	hsa-miR-5008-5p	MIMAT0021039	0.896068080396052
4915	ADRB3	ENSG00000188778	hsa-miR-4458	MIMAT0018980	0.896053358761399
4916	NPRL2	ENSG00000114388	hsa-miR-4685-5p	MIMAT0019771	0.896023730142238
4917	ENOX1	ENSG00000120658	hsa-miR-7855-5p	MIMAT0030430	0.896022214279767
4918	RORB	ENSG00000198963	hsa-miR-7855-5p	MIMAT0030430	0.89597353929429
4919	CD93	ENSG00000125810	hsa-miR-765	MIMAT0003945	0.895965553059472
4920	PDIA3	ENSG00000167004	hsa-miR-1911-5p	MIMAT0007885	0.895952044646278
4921	ELAVL1	ENSG00000066044	hsa-miR-661	MIMAT0003324	0.895934497272835
4922	MCTS1	ENSG00000232119	hsa-miR-4695-5p	MIMAT0019788	0.895930614179853
4923	DLST	ENSG00000119689	hsa-miR-940	MIMAT0004983	0.895930177163334
4924	LRRC25	ENSG00000175489	hsa-miR-4695-5p	MIMAT0019788	0.89591745871472
4925	TCP10L	ENSG00000242220	hsa-miR-1911-5p	MIMAT0007885	0.895915642662936
4926	MRPS6	ENSG00000243927	hsa-miR-6783-5p	MIMAT0027466	0.895912175189583
4927	CFAP77	ENSG00000188523	hsa-miR-765	MIMAT0003945	0.895902762627235
4928	SGPP2	ENSG00000163082	hsa-miR-765	MIMAT0003945	0.895876612281439
4929	RRP15	ENSG00000067533	hsa-miR-6783-5p	MIMAT0027466	0.895872407917807
4930	DYNLL2	ENSG00000264364	hsa-miR-6127	MIMAT0024610	0.895853963326072
4931	MYB	ENSG00000118513	hsa-miR-1252-3p	MIMAT0026744	0.89584956491483
4932	ALG9	ENSG00000086848	hsa-miR-1252-3p	MIMAT0026744	0.895839358908093
4933	RNGTT	ENSG00000111880	hsa-miR-130a-5p	MIMAT0004593	0.895832929708162
4934	CDK6	ENSG00000105810	hsa-miR-1252-3p	MIMAT0026744	0.895831736403586
4935	PARVB	ENSG00000188677	hsa-miR-940	MIMAT0004983	0.895797562181813
4936	PLEKHG3	ENSG00000126822	hsa-miR-4292	MIMAT0016919	0.895796216878161
4937	SERBP1	ENSG00000142864	hsa-miR-1252-3p	MIMAT0026744	0.89578508861882
4938	TBC1D22A	ENSG00000054611	hsa-miR-4446-3p	MIMAT0018965	0.895761525825023
4939	SAXO1	ENSG00000155875	hsa-miR-4458	MIMAT0018980	0.895743215466618
4940	ENAH	ENSG00000154380	hsa-miR-4292	MIMAT0016919	0.895677308155957
4941	PAWR	ENSG00000177425	hsa-miR-625-3p	MIMAT0004808	0.895668205090196
4942	ME2	ENSG00000082212	hsa-miR-7855-5p	MIMAT0030430	0.895608178583346
4943	TSC22D2	ENSG00000196428	hsa-miR-183-5p	MIMAT0000261	0.89559535948703
4944	KCNE3	ENSG00000175538	hsa-miR-183-5p	MIMAT0000261	0.895588625289319
4945	CDRT4	ENSG00000239704	hsa-miR-765	MIMAT0003945	0.89550093651616
4946	ZNF142	ENSG00000115568	hsa-miR-4695-5p	MIMAT0019788	0.895500328280961
4947	ANXA2R	ENSG00000177721	hsa-miR-765	MIMAT0003945	0.895497493387911
4948	DDHD1	ENSG00000100523	hsa-miR-1252-3p	MIMAT0026744	0.895495868995956
4949	LPP	ENSG00000145012	hsa-miR-1252-3p	MIMAT0026744	0.895476193931445
4950	GOLGA7B	ENSG00000155265	hsa-miR-5008-5p	MIMAT0021039	0.89547582225572
4951	STRN	ENSG00000115808	hsa-miR-21-5p	MIMAT0000076	0.895432653600745
4952	ORMDL1	ENSG00000128699	hsa-miR-6758-5p	MIMAT0027416	0.895361775710013
4953	C16orf72	ENSG00000182831	hsa-miR-3682-5p	MIMAT0019222	0.895360122350385
4954	NRDE2	ENSG00000119720	hsa-miR-6127	MIMAT0024610	0.895359078530131
4955	GID8	ENSG00000101193	hsa-miR-5008-5p	MIMAT0021039	0.895357891608642
4956	PDE12	ENSG00000174840	hsa-miR-183-5p	MIMAT0000261	0.895342350144541
4957	SLC26A9	ENSG00000174502	hsa-miR-4695-5p	MIMAT0019788	0.895293534799429
4958	BICD1	ENSG00000151746	hsa-miR-1252-3p	MIMAT0026744	0.895286844741323
4959	SLC43A2	ENSG00000167703	hsa-miR-940	MIMAT0004983	0.89527358452595
4960	NPHP3-ACAD11	ENSG00000274810	hsa-miR-130a-5p	MIMAT0004593	0.895212682317467
4961	DDX59	ENSG00000118197	hsa-miR-130a-5p	MIMAT0004593	0.895211002199173
4962	STRBP	ENSG00000165209	hsa-miR-4446-3p	MIMAT0018965	0.895100195688945
4963	TTC7B	ENSG00000165914	hsa-miR-4685-5p	MIMAT0019771	0.895070192116673
4964	NBPF11	ENSG00000263956	hsa-miR-1252-3p	MIMAT0026744	0.895053293746645
4965	SOGA1	ENSG00000149639	hsa-miR-661	MIMAT0003324	0.895046221891648
4966	NUDT16	ENSG00000198585	hsa-miR-661	MIMAT0003324	0.89503160894837
4967	GPR26	ENSG00000154478	hsa-miR-4458	MIMAT0018980	0.895022501112658
4968	GRM1	ENSG00000152822	hsa-miR-940	MIMAT0004983	0.894991213251938
4969	CLPSL1	ENSG00000204140	hsa-miR-765	MIMAT0003945	0.894980783104833
4970	KLF6	ENSG00000067082	hsa-miR-1252-3p	MIMAT0026744	0.894950115945901
4971	AC013477.1	ENSG00000288637	hsa-miR-130a-5p	MIMAT0004593	0.894949817581603
4972	KPNA4	ENSG00000186432	hsa-miR-1911-5p	MIMAT0007885	0.894898260851913
4973	TRIM10	ENSG00000204613	hsa-miR-224-5p	MIMAT0000281	0.894859615835325
4974	ATPAF1	ENSG00000123472	hsa-miR-4465	MIMAT0018992	0.894852581822263
4975	RBM28	ENSG00000106344	hsa-miR-6783-5p	MIMAT0027466	0.894821580281098
4976	MON2	ENSG00000061987	hsa-miR-1252-3p	MIMAT0026744	0.894778567382247
4977	PDK3	ENSG00000067992	hsa-miR-4695-5p	MIMAT0019788	0.894764405819744
4978	RAP2C	ENSG00000123728	hsa-miR-224-5p	MIMAT0000281	0.894741282453277
4979	SUZ12	ENSG00000178691	hsa-miR-224-5p	MIMAT0000281	0.894722220783929
4980	ADD2	ENSG00000075340	hsa-miR-940	MIMAT0004983	0.894710163863358
4981	IFNG	ENSG00000111537	hsa-miR-1252-3p	MIMAT0026744	0.894643685500763
4982	IL1RL1	ENSG00000115602	hsa-miR-6127	MIMAT0024610	0.894634930470735
4983	PTCHD1	ENSG00000165186	hsa-miR-1252-3p	MIMAT0026744	0.89461902719096
4984	DMBX1	ENSG00000197587	hsa-miR-940	MIMAT0004983	0.894618068641995
4985	MPC1L	ENSG00000238205	hsa-miR-657	MIMAT0003335	0.894610276460892
4986	KDM5A	ENSG00000073614	hsa-miR-4687-3p	MIMAT0019775	0.894587979156862
4987	SKIL	ENSG00000136603	hsa-miR-7157-3p	MIMAT0028225	0.894580779695782
4988	FOXP2	ENSG00000128573	hsa-miR-765	MIMAT0003945	0.89457327523289
4989	SRGAP1	ENSG00000196935	hsa-miR-4695-5p	MIMAT0019788	0.894554307391856
4990	ALX4	ENSG00000052850	hsa-miR-21-5p	MIMAT0000076	0.894550246735394
4991	CEMIP2	ENSG00000135048	hsa-miR-4465	MIMAT0018992	0.894545916548263
4992	CEACAM1	ENSG00000079385	hsa-miR-6783-5p	MIMAT0027466	0.894513371592158
4993	KCNJ6	ENSG00000157542	hsa-miR-6127	MIMAT0024610	0.894485701070941
4994	WNT4	ENSG00000162552	hsa-miR-661	MIMAT0003324	0.894482630227711
4995	E2F6	ENSG00000169016	hsa-miR-3682-5p	MIMAT0019222	0.894479398847837
4996	CTDSP2	ENSG00000175215	hsa-miR-5008-5p	MIMAT0021039	0.894455835774662
4997	PLAGL2	ENSG00000126003	hsa-miR-4458	MIMAT0018980	0.894453479781682
4998	FAM120C	ENSG00000184083	hsa-miR-7855-5p	MIMAT0030430	0.894451818144853
4999	FHIT	ENSG00000189283	hsa-miR-6783-5p	MIMAT0027466	0.894442213919834
5000	GJA3	ENSG00000121743	hsa-miR-6783-5p	MIMAT0027466	0.89443365446662
5001	GNAI1	ENSG00000127955	hsa-miR-1252-3p	MIMAT0026744	0.894422465704877
5002	EXT2	ENSG00000151348	hsa-miR-4687-3p	MIMAT0019775	0.894409682496221
5003	ZNF737	ENSG00000237440	hsa-miR-7157-3p	MIMAT0028225	0.894406171749763
5004	PITPNA	ENSG00000174238	hsa-miR-940	MIMAT0004983	0.894397317486967
5005	SLC16A14	ENSG00000163053	hsa-miR-4458	MIMAT0018980	0.894384206257368
5006	MGA	ENSG00000174197	hsa-miR-4458	MIMAT0018980	0.894380365809208
5007	NAPEPLD	ENSG00000161048	hsa-miR-6127	MIMAT0024610	0.894366511684286
5008	ST8SIA3	ENSG00000177511	hsa-miR-183-5p	MIMAT0000261	0.894325551652368
5009	DNASE1	ENSG00000213918	hsa-miR-765	MIMAT0003945	0.89431105029606
5010	BMI1	ENSG00000168283	hsa-miR-183-5p	MIMAT0000261	0.89430965548721
5011	CXADR	ENSG00000154639	hsa-miR-1252-3p	MIMAT0026744	0.894305026658899
5012	RSRP1	ENSG00000117616	hsa-miR-7157-3p	MIMAT0028225	0.894277342526253
5013	POC1A	ENSG00000164087	hsa-miR-4685-5p	MIMAT0019771	0.894276902569697
5014	MAP3K9	ENSG00000006432	hsa-miR-224-5p	MIMAT0000281	0.894273513460161
5015	TMEM65	ENSG00000164983	hsa-miR-224-5p	MIMAT0000281	0.894260746848076
5016	PLEKHM3	ENSG00000178385	hsa-miR-4695-5p	MIMAT0019788	0.894256068883448
5017	LMNA	ENSG00000160789	hsa-miR-4685-5p	MIMAT0019771	0.89423845919378
5018	KCNB1	ENSG00000158445	hsa-miR-661	MIMAT0003324	0.894237879854527
5019	PALM2AKAP2	ENSG00000157654	hsa-miR-657	MIMAT0003335	0.894229804687943
5020	UBR1	ENSG00000159459	hsa-miR-1252-3p	MIMAT0026744	0.894218290027591
5021	TSC22D2	ENSG00000196428	hsa-miR-1252-3p	MIMAT0026744	0.894197989427204
5022	DAGLA	ENSG00000134780	hsa-miR-4458	MIMAT0018980	0.894172032516824
5023	EEF2	ENSG00000167658	hsa-miR-183-5p	MIMAT0000261	0.894165607645481
5024	TNR	ENSG00000116147	hsa-miR-4695-5p	MIMAT0019788	0.894155353827524
5025	YAP1	ENSG00000137693	hsa-miR-21-5p	MIMAT0000076	0.894123952395153
5026	OR56A3	ENSG00000184478	hsa-miR-7855-5p	MIMAT0030430	0.894093215806784
5027	CRTAP	ENSG00000170275	hsa-miR-940	MIMAT0004983	0.89408579577964
5028	PLPPR4	ENSG00000117600	hsa-miR-7855-5p	MIMAT0030430	0.89406618612156
5029	TMPRSS11B	ENSG00000185873	hsa-miR-1252-3p	MIMAT0026744	0.894063943809079
5030	KLHL8	ENSG00000145332	hsa-miR-6127	MIMAT0024610	0.894058611073439
5031	ASPN	ENSG00000106819	hsa-miR-4465	MIMAT0018992	0.893995500328115
5032	MSANTD3	ENSG00000066697	hsa-miR-4687-3p	MIMAT0019775	0.893962782022063
5033	TBL1X	ENSG00000101849	hsa-miR-1252-3p	MIMAT0026744	0.893950832144537
5034	ANGPTL3	ENSG00000132855	hsa-miR-6783-5p	MIMAT0027466	0.893938490559036
5035	CEP85L	ENSG00000111860	hsa-miR-3682-5p	MIMAT0019222	0.893910412917119
5036	ZBTB20	ENSG00000181722	hsa-miR-7855-5p	MIMAT0030430	0.893909340987924
5037	MDGA2	ENSG00000139915	hsa-miR-661	MIMAT0003324	0.893881369775238
5038	OR8G1	ENSG00000197849	hsa-miR-1252-3p	MIMAT0026744	0.893878243838044
5039	ARMS2	ENSG00000254636	hsa-miR-940	MIMAT0004983	0.893875272730639
5040	TULP4	ENSG00000130338	hsa-miR-1252-3p	MIMAT0026744	0.893871243356613
5041	PCGF6	ENSG00000156374	hsa-miR-183-5p	MIMAT0000261	0.893834027694092
5042	WDR62	ENSG00000075702	hsa-miR-4685-5p	MIMAT0019771	0.893735908336548
5043	IL18BP	ENSG00000137496	hsa-miR-4695-5p	MIMAT0019788	0.893727630999113
5044	NKRF	ENSG00000186416	hsa-miR-7157-3p	MIMAT0028225	0.893727357823678
5045	KCNJ12	ENSG00000184185	hsa-miR-4685-5p	MIMAT0019771	0.893723040742647
5046	ZFHX4	ENSG00000091656	hsa-miR-130a-5p	MIMAT0004593	0.893714134315057
5047	YPEL2	ENSG00000175155	hsa-miR-7855-5p	MIMAT0030430	0.893705253833315
5048	GPX6	ENSG00000198704	hsa-miR-4695-5p	MIMAT0019788	0.893687292461941
5049	SPRY3	ENSG00000168939	hsa-miR-183-5p	MIMAT0000261	0.893673660172523
5050	ADAMTS4	ENSG00000158859	hsa-miR-661	MIMAT0003324	0.893665402253016
5051	C11orf54	ENSG00000182919	hsa-miR-661	MIMAT0003324	0.893662351053651
5052	CX3CL1	ENSG00000006210	hsa-miR-661	MIMAT0003324	0.893645550468699
5053	KLHL20	ENSG00000076321	hsa-miR-1252-3p	MIMAT0026744	0.893641203154579
5054	LHFPL4	ENSG00000156959	hsa-miR-940	MIMAT0004983	0.893635691085385
5055	CNBP	ENSG00000169714	hsa-miR-661	MIMAT0003324	0.893632743412849
5056	TBC1D5	ENSG00000131374	hsa-miR-6127	MIMAT0024610	0.893629758877308
5057	THTPA	ENSG00000259431	hsa-miR-4695-5p	MIMAT0019788	0.893619334808599
5058	DNAJC14	ENSG00000135392	hsa-miR-7157-3p	MIMAT0028225	0.893567229323151
5059	CHST6	ENSG00000183196	hsa-miR-6783-5p	MIMAT0027466	0.893549947237633
5060	SLC1A2	ENSG00000110436	hsa-miR-3682-5p	MIMAT0019222	0.893543962002058
5061	KYNU	ENSG00000115919	hsa-miR-1252-3p	MIMAT0026744	0.893532989602204
5062	OTUD7A	ENSG00000169918	hsa-miR-4695-5p	MIMAT0019788	0.893526619780915
5063	PXN	ENSG00000089159	hsa-miR-4446-3p	MIMAT0018965	0.893514082519695
5064	SOX12	ENSG00000177732	hsa-miR-4695-5p	MIMAT0019788	0.893499639002655
5065	CDIN1	ENSG00000186073	hsa-miR-4458	MIMAT0018980	0.893424599388052
5066	RTCA	ENSG00000137996	hsa-miR-3682-5p	MIMAT0019222	0.893424046528724
5067	MAP3K9	ENSG00000006432	hsa-miR-940	MIMAT0004983	0.893411940814767
5068	TEAD1	ENSG00000187079	hsa-miR-7855-5p	MIMAT0030430	0.893411642770274
5069	HEATR5A	ENSG00000129493	hsa-miR-1252-3p	MIMAT0026744	0.893399927657934
5070	E2F7	ENSG00000165891	hsa-miR-6758-5p	MIMAT0027416	0.893395414877829
5071	GMPPB	ENSG00000173540	hsa-miR-6127	MIMAT0024610	0.893360890421526
5072	TFEB	ENSG00000112561	hsa-miR-940	MIMAT0004983	0.893354354539373
5073	AC099489.1	ENSG00000188897	hsa-miR-4687-3p	MIMAT0019775	0.893341201819321
5074	SLFN14	ENSG00000236320	hsa-miR-224-5p	MIMAT0000281	0.893325139947115
5075	SLC31A1	ENSG00000136868	hsa-miR-224-5p	MIMAT0000281	0.893278802396873
5076	ZNF736	ENSG00000234444	hsa-miR-940	MIMAT0004983	0.893278671835961
5077	MYDGF	ENSG00000074842	hsa-miR-4292	MIMAT0016919	0.89326992442384
5078	EBF4	ENSG00000088881	hsa-miR-4695-5p	MIMAT0019788	0.8932488516615
5079	ZNF37A	ENSG00000075407	hsa-miR-4685-5p	MIMAT0019771	0.89322180339208
5080	ZNF652	ENSG00000198740	hsa-miR-6758-5p	MIMAT0027416	0.893212535238242
5081	FAM181B	ENSG00000182103	hsa-miR-661	MIMAT0003324	0.893196477893961
5082	CNKSR2	ENSG00000149970	hsa-miR-7157-3p	MIMAT0028225	0.893184616435062
5083	ANXA8	ENSG00000265190	hsa-miR-92a-1-5p	MIMAT0004507	0.893155540856824
5084	AL132780.3	ENSG00000259132	hsa-miR-4446-3p	MIMAT0018965	0.893152402087826
5085	CREBRF	ENSG00000164463	hsa-miR-940	MIMAT0004983	0.893118535443264
5086	TPCN2	ENSG00000162341	hsa-miR-940	MIMAT0004983	0.893082521986956
5087	CEP250	ENSG00000126001	hsa-miR-6127	MIMAT0024610	0.893026049587224
5088	CLCN5	ENSG00000171365	hsa-miR-4446-3p	MIMAT0018965	0.893020401378512
5089	EFHC1	ENSG00000096093	hsa-miR-765	MIMAT0003945	0.892988226646081
5090	LRRC49	ENSG00000137821	hsa-miR-4695-5p	MIMAT0019788	0.892979000656042
5091	BCAM	ENSG00000187244	hsa-miR-765	MIMAT0003945	0.892917095904153
5092	OR6N2	ENSG00000188340	hsa-miR-1252-3p	MIMAT0026744	0.892912752660427
5093	JAZF1	ENSG00000153814	hsa-miR-7855-5p	MIMAT0030430	0.892905723216092
5094	KCNN3	ENSG00000143603	hsa-miR-661	MIMAT0003324	0.892893505883125
5095	SLC5A9	ENSG00000117834	hsa-miR-6758-5p	MIMAT0027416	0.892887399843067
5096	FGF9	ENSG00000102678	hsa-miR-7157-3p	MIMAT0028225	0.892859354135733
5097	EEF1A2	ENSG00000101210	hsa-miR-7855-5p	MIMAT0030430	0.892845137088215
5098	ATP2B2	ENSG00000157087	hsa-miR-4458	MIMAT0018980	0.892838219432402
5099	NFATC2	ENSG00000101096	hsa-miR-4446-3p	MIMAT0018965	0.892831064703532
5100	SFMBT1	ENSG00000163935	hsa-miR-4458	MIMAT0018980	0.892826378052196
5101	SFRP4	ENSG00000106483	hsa-miR-657	MIMAT0003335	0.89280465700345
5102	ATP6V0E2	ENSG00000171130	hsa-miR-7855-5p	MIMAT0030430	0.892770617412709
5103	DCDC2C	ENSG00000214866	hsa-miR-6783-5p	MIMAT0027466	0.892762738501081
5104	CADM1	ENSG00000182985	hsa-miR-4687-3p	MIMAT0019775	0.89276221791995
5105	MIPOL1	ENSG00000151338	hsa-miR-3682-5p	MIMAT0019222	0.892734253890284
5106	APC	ENSG00000134982	hsa-miR-3682-5p	MIMAT0019222	0.892709024686537
5107	ZBTB25	ENSG00000089775	hsa-miR-940	MIMAT0004983	0.892698499799429
5108	PPM1L	ENSG00000163590	hsa-miR-661	MIMAT0003324	0.892682026490683
5109	BTBD7	ENSG00000011114	hsa-miR-657	MIMAT0003335	0.892664112433576
5110	TRERF1	ENSG00000124496	hsa-miR-6783-5p	MIMAT0027466	0.892634990051966
5111	PRSS16	ENSG00000112812	hsa-miR-6758-5p	MIMAT0027416	0.892624179191556
5112	HECTD2	ENSG00000165338	hsa-miR-7855-5p	MIMAT0030430	0.892595241622127
5113	ATP2C1	ENSG00000017260	hsa-miR-1252-3p	MIMAT0026744	0.892561052334803
5114	FBXO25	ENSG00000147364	hsa-miR-1252-3p	MIMAT0026744	0.892540874790254
5115	PPP3CB	ENSG00000107758	hsa-miR-4465	MIMAT0018992	0.892536545839009
5116	KIF21B	ENSG00000116852	hsa-miR-4695-5p	MIMAT0019788	0.89253318099622
5117	KDM6B	ENSG00000132510	hsa-miR-92a-1-5p	MIMAT0004507	0.892472393200094
5118	CHD2	ENSG00000173575	hsa-miR-224-5p	MIMAT0000281	0.892416745053471
5119	MEF2C	ENSG00000081189	hsa-miR-21-5p	MIMAT0000076	0.892394612435653
5120	IKZF3	ENSG00000161405	hsa-miR-4687-3p	MIMAT0019775	0.892373686891373
5121	PRRG2	ENSG00000126460	hsa-miR-4292	MIMAT0016919	0.892366321726657
5122	HTR4	ENSG00000164270	hsa-miR-4687-3p	MIMAT0019775	0.892362592250771
5123	QKI	ENSG00000112531	hsa-miR-183-5p	MIMAT0000261	0.892358513079486
5124	PI15	ENSG00000137558	hsa-miR-183-5p	MIMAT0000261	0.892344551597996
5125	KLHL24	ENSG00000114796	hsa-miR-1252-3p	MIMAT0026744	0.892336675708155
5126	GALE	ENSG00000117308	hsa-miR-661	MIMAT0003324	0.892330945264222
5127	ZNF195	ENSG00000005801	hsa-miR-4695-5p	MIMAT0019788	0.892322051399827
5128	SAP30L	ENSG00000164576	hsa-miR-940	MIMAT0004983	0.892309776453285
5129	PHOX2B	ENSG00000109132	hsa-miR-224-5p	MIMAT0000281	0.892305674667906
5130	FZD1	ENSG00000157240	hsa-miR-1252-3p	MIMAT0026744	0.892277247074196
5131	NUP210	ENSG00000132182	hsa-miR-4465	MIMAT0018992	0.892273568210966
5132	AGO1	ENSG00000092847	hsa-miR-130a-5p	MIMAT0004593	0.892261629276865
5133	TRAF3	ENSG00000131323	hsa-miR-1252-3p	MIMAT0026744	0.892233590211681
5134	ZBTB33	ENSG00000177485	hsa-miR-1252-3p	MIMAT0026744	0.892227324717567
5135	CYP3A5	ENSG00000106258	hsa-miR-765	MIMAT0003945	0.892191299604539
5136	BTBD9	ENSG00000183826	hsa-miR-4458	MIMAT0018980	0.892173539523
5137	HMOX1	ENSG00000100292	hsa-miR-4685-5p	MIMAT0019771	0.892149031376263
5138	FCHO2	ENSG00000157107	hsa-miR-657	MIMAT0003335	0.892141316462731
5139	CD226	ENSG00000150637	hsa-miR-1252-3p	MIMAT0026744	0.892085087262458
5140	GREB1L	ENSG00000141449	hsa-miR-4458	MIMAT0018980	0.892062032623324
5141	SMO	ENSG00000128602	hsa-miR-661	MIMAT0003324	0.891997366085185
5142	FCRL4	ENSG00000163518	hsa-miR-130a-5p	MIMAT0004593	0.891968601847182
5143	ATP1A4	ENSG00000132681	hsa-miR-661	MIMAT0003324	0.891933609656976
5144	BORCS8	ENSG00000254901	hsa-miR-6758-5p	MIMAT0027416	0.891923980198443
5145	ACTR3C	ENSG00000106526	hsa-miR-1252-3p	MIMAT0026744	0.891922494565099
5146	SLC6A5	ENSG00000165970	hsa-miR-4695-5p	MIMAT0019788	0.891912590740528
5147	UBE2L5	ENSG00000236444	hsa-miR-765	MIMAT0003945	0.891907220344456
5148	METTL8	ENSG00000123600	hsa-miR-3682-5p	MIMAT0019222	0.891887226826243
5149	TLX1	ENSG00000107807	hsa-miR-4685-5p	MIMAT0019771	0.891840304746851
5150	RUNX2	ENSG00000124813	hsa-miR-6127	MIMAT0024610	0.891838090045926
5151	MRRF	ENSG00000148187	hsa-miR-224-5p	MIMAT0000281	0.891837399255601
5152	TINCR	ENSG00000223573	hsa-miR-765	MIMAT0003945	0.891815469009636
5153	ARL10	ENSG00000175414	hsa-miR-940	MIMAT0004983	0.891767215351487
5154	AC091167.7	ENSG00000284626	hsa-miR-4685-5p	MIMAT0019771	0.891760395941142
5155	TTC7B	ENSG00000165914	hsa-miR-6758-5p	MIMAT0027416	0.891747832230857
5156	CD300E	ENSG00000186407	hsa-miR-6783-5p	MIMAT0027466	0.891710110155542
5157	TK2	ENSG00000166548	hsa-miR-4685-5p	MIMAT0019771	0.891681099351301
5158	ABHD18	ENSG00000164074	hsa-miR-1252-3p	MIMAT0026744	0.891679602255878
5159	SMC6	ENSG00000163029	hsa-miR-3682-5p	MIMAT0019222	0.891674728896507
5160	SPTLC2	ENSG00000100596	hsa-miR-4465	MIMAT0018992	0.891655325289007
5161	FBXL18	ENSG00000155034	hsa-miR-224-5p	MIMAT0000281	0.891638237295085
5162	UCK2	ENSG00000143179	hsa-miR-4695-5p	MIMAT0019788	0.891630037852636
5163	SGSH	ENSG00000181523	hsa-miR-661	MIMAT0003324	0.891591014444135
5164	DNASE1L3	ENSG00000163687	hsa-miR-661	MIMAT0003324	0.89158296021788
5165	MORN1	ENSG00000116151	hsa-miR-661	MIMAT0003324	0.891554853014227
5166	BPNT2	ENSG00000104331	hsa-miR-183-5p	MIMAT0000261	0.891551745863434
5167	FAM47E	ENSG00000189157	hsa-miR-1252-3p	MIMAT0026744	0.891545737523236
5168	RB1CC1	ENSG00000023287	hsa-miR-1252-3p	MIMAT0026744	0.891526612037284
5169	C8orf58	ENSG00000241852	hsa-miR-4685-5p	MIMAT0019771	0.891514556026644
5170	TMUB2	ENSG00000168591	hsa-miR-765	MIMAT0003945	0.891514184830041
5171	P2RY8	ENSG00000182162	hsa-miR-661	MIMAT0003324	0.891511515306517
5172	TMPO	ENSG00000120802	hsa-miR-1252-3p	MIMAT0026744	0.891510328474632
5173	ZEB2	ENSG00000169554	hsa-miR-183-5p	MIMAT0000261	0.891452812104708
5174	ANXA8L1	ENSG00000264230	hsa-miR-92a-1-5p	MIMAT0004507	0.89143280522665
5175	GNB5	ENSG00000069966	hsa-miR-1252-3p	MIMAT0026744	0.891412763570117
5176	ZNF70	ENSG00000187792	hsa-miR-1252-3p	MIMAT0026744	0.89137726053942
5177	SPA17	ENSG00000064199	hsa-miR-4695-5p	MIMAT0019788	0.891375996057569
5178	DRGX	ENSG00000165606	hsa-miR-765	MIMAT0003945	0.891364052425745
5179	C6orf201	ENSG00000185689	hsa-miR-3682-5p	MIMAT0019222	0.891354424999059
5180	HCAR1	ENSG00000196917	hsa-miR-4695-5p	MIMAT0019788	0.891351060264449
5181	FGF5	ENSG00000138675	hsa-miR-6783-5p	MIMAT0027466	0.891344650022793
5182	GFRA1	ENSG00000151892	hsa-miR-1252-3p	MIMAT0026744	0.89134383241551
5183	VWC2	ENSG00000188730	hsa-miR-7157-3p	MIMAT0028225	0.891337762569
5184	EIF4A2	ENSG00000156976	hsa-miR-183-5p	MIMAT0000261	0.891332134918234
5185	APBA1	ENSG00000107282	hsa-miR-7157-3p	MIMAT0028225	0.891314319308276
5186	MMAB	ENSG00000139428	hsa-miR-1252-3p	MIMAT0026744	0.891299172458556
5187	ABHD17B	ENSG00000107362	hsa-miR-625-3p	MIMAT0004808	0.89127323769895
5188	DOCK10	ENSG00000135905	hsa-miR-4695-5p	MIMAT0019788	0.891267229724368
5189	CLRN3	ENSG00000180745	hsa-miR-4446-3p	MIMAT0018965	0.891252016576208
5190	PPP2R2C	ENSG00000074211	hsa-miR-4446-3p	MIMAT0018965	0.891250556282443
5191	MECP2	ENSG00000169057	hsa-miR-4292	MIMAT0016919	0.891246095279276
5192	EFNA3	ENSG00000143590	hsa-miR-765	MIMAT0003945	0.891236341772824
5193	TRIM44	ENSG00000166326	hsa-miR-4446-3p	MIMAT0018965	0.891235322549861
5194	NKD1	ENSG00000140807	hsa-miR-4687-3p	MIMAT0019775	0.891215173718852
5195	FAM163B	ENSG00000196990	hsa-miR-6758-5p	MIMAT0027416	0.891210142665774
5196	ELOVL6	ENSG00000170522	hsa-miR-224-5p	MIMAT0000281	0.891195830482274
5197	GAN	ENSG00000261609	hsa-miR-3682-5p	MIMAT0019222	0.891151337656292
5198	CNTNAP4	ENSG00000152910	hsa-miR-657	MIMAT0003335	0.891132150911272
5199	SNX29	ENSG00000048471	hsa-miR-21-5p	MIMAT0000076	0.891122097626732
5200	BMPR1B	ENSG00000138696	hsa-miR-3682-5p	MIMAT0019222	0.891090604758694
5201	NCKAP1	ENSG00000061676	hsa-miR-7157-3p	MIMAT0028225	0.8910874852225
5202	PTBP3	ENSG00000119314	hsa-miR-6758-5p	MIMAT0027416	0.891082827280363
5203	AC048338.1	ENSG00000256861	hsa-miR-7157-3p	MIMAT0028225	0.891075218004886
5204	ITFG1	ENSG00000129636	hsa-miR-224-5p	MIMAT0000281	0.891070530467063
5205	OSTN	ENSG00000188729	hsa-miR-1252-3p	MIMAT0026744	0.891055591428679
5206	SNX1	ENSG00000028528	hsa-miR-940	MIMAT0004983	0.890959358332693
5207	CERCAM	ENSG00000167123	hsa-miR-4458	MIMAT0018980	0.890957048234923
5208	ERLIN2	ENSG00000147475	hsa-miR-6758-5p	MIMAT0027416	0.890953557325255
5209	FGF13	ENSG00000129682	hsa-miR-6758-5p	MIMAT0027416	0.890902029221143
5210	TACR3	ENSG00000169836	hsa-miR-1252-3p	MIMAT0026744	0.890901713064641
5211	SLC30A10	ENSG00000196660	hsa-miR-130a-5p	MIMAT0004593	0.890886550518806
5212	DDO	ENSG00000203797	hsa-miR-7157-3p	MIMAT0028225	0.890787209241842
5213	GPCPD1	ENSG00000125772	hsa-miR-1252-3p	MIMAT0026744	0.890785582829164
5214	MARK2	ENSG00000072518	hsa-miR-130a-5p	MIMAT0004593	0.890780968527311
5215	CNTN2	ENSG00000184144	hsa-miR-765	MIMAT0003945	0.890709912924425
5216	EEPD1	ENSG00000122547	hsa-miR-4695-5p	MIMAT0019788	0.890697340217369
5217	TBCD	ENSG00000141556	hsa-miR-940	MIMAT0004983	0.8906805152869
5218	EPHA6	ENSG00000080224	hsa-miR-6758-5p	MIMAT0027416	0.890671913267631
5219	MAT2A	ENSG00000168906	hsa-miR-4465	MIMAT0018992	0.890666362137478
5220	DNAL1	ENSG00000119661	hsa-miR-1252-3p	MIMAT0026744	0.890635519876862
5221	DLG5	ENSG00000151208	hsa-miR-765	MIMAT0003945	0.890616381274087
5222	EFR3B	ENSG00000084710	hsa-miR-4685-5p	MIMAT0019771	0.890612811594054
5223	C5orf63	ENSG00000164241	hsa-miR-7855-5p	MIMAT0030430	0.89060956480879
5224	RPH3A	ENSG00000089169	hsa-miR-6127	MIMAT0024610	0.890604803363814
5225	TTC7B	ENSG00000165914	hsa-miR-4446-3p	MIMAT0018965	0.890595088417283
5226	ATXN7L2	ENSG00000162650	hsa-miR-657	MIMAT0003335	0.890593125794858
5227	AC093512.2	ENSG00000285043	hsa-miR-4685-5p	MIMAT0019771	0.890588059544024
5228	C1QTNF1	ENSG00000173918	hsa-miR-6758-5p	MIMAT0027416	0.890572982573804
5229	GATAD2B	ENSG00000143614	hsa-miR-6783-5p	MIMAT0027466	0.89057059534746
5230	TLK1	ENSG00000198586	hsa-miR-1252-3p	MIMAT0026744	0.890544623703548
5231	ERI1	ENSG00000104626	hsa-miR-940	MIMAT0004983	0.890536346381704
5232	CXXC4	ENSG00000168772	hsa-miR-1252-3p	MIMAT0026744	0.890474443766566
5233	TMEM184B	ENSG00000198792	hsa-miR-4695-5p	MIMAT0019788	0.89045892236577
5234	MAP3K20	ENSG00000091436	hsa-miR-1252-3p	MIMAT0026744	0.890445206149627
5235	ANKRD23	ENSG00000163126	hsa-miR-4685-5p	MIMAT0019771	0.890438220815957
5236	GPR182	ENSG00000166856	hsa-miR-4695-5p	MIMAT0019788	0.890413058713659
5237	TSHZ2	ENSG00000182463	hsa-miR-3682-5p	MIMAT0019222	0.890406469373364
5238	ZNF142	ENSG00000115568	hsa-miR-657	MIMAT0003335	0.89040415845178
5239	ARHGAP5	ENSG00000100852	hsa-miR-1252-3p	MIMAT0026744	0.890391384614135
5240	TAL1	ENSG00000162367	hsa-miR-4685-5p	MIMAT0019771	0.890370372005987
5241	C5orf49	ENSG00000215217	hsa-miR-224-5p	MIMAT0000281	0.890359991844591
5242	ATP12A	ENSG00000075673	hsa-miR-5008-5p	MIMAT0021039	0.890358084769131
5243	AKAP10	ENSG00000108599	hsa-miR-4687-3p	MIMAT0019775	0.890327767226647
5244	RRAGC	ENSG00000116954	hsa-miR-1252-3p	MIMAT0026744	0.890325719527608
5245	DNAJC17	ENSG00000104129	hsa-miR-661	MIMAT0003324	0.890308189173244
5246	TTC28	ENSG00000100154	hsa-miR-4685-5p	MIMAT0019771	0.890307722988861
5247	SGMS2	ENSG00000164023	hsa-miR-130a-5p	MIMAT0004593	0.890278972479292
5248	POU4F1	ENSG00000152192	hsa-miR-940	MIMAT0004983	0.890260157697426
5249	ZNF569	ENSG00000196437	hsa-miR-224-5p	MIMAT0000281	0.890254434612317
5250	PPM1F	ENSG00000100034	hsa-miR-7855-5p	MIMAT0030430	0.890185480127931
5251	TRIM67	ENSG00000119283	hsa-miR-6127	MIMAT0024610	0.890165582813689
5252	PATE4	ENSG00000237353	hsa-miR-7157-3p	MIMAT0028225	0.89012340338428
5253	TDRKH	ENSG00000182134	hsa-miR-765	MIMAT0003945	0.890117361886701
5254	MAP3K2	ENSG00000169967	hsa-miR-4465	MIMAT0018992	0.890112313207621
5255	PAX6	ENSG00000007372	hsa-miR-1252-3p	MIMAT0026744	0.890092508555417
5256	FANCE	ENSG00000112039	hsa-miR-224-5p	MIMAT0000281	0.890088035190266
5257	MICB	ENSG00000204516	hsa-miR-6822-3p	MIMAT0027545	0.890031225227904
5258	OPN5	ENSG00000124818	hsa-miR-6127	MIMAT0024610	0.890030210719857
5259	P2RY2	ENSG00000175591	hsa-miR-4685-5p	MIMAT0019771	0.890015735817325
5260	BMPR2	ENSG00000204217	hsa-miR-4695-5p	MIMAT0019788	0.890012648736021
5261	GPRIN3	ENSG00000185477	hsa-miR-130a-5p	MIMAT0004593	0.889983346607775
5262	BMPER	ENSG00000164619	hsa-miR-1252-3p	MIMAT0026744	0.889983040317701
5263	ARHGEF11	ENSG00000132694	hsa-miR-765	MIMAT0003945	0.889944795071033
5264	INO80D	ENSG00000114933	hsa-miR-6758-5p	MIMAT0027416	0.88993157570161
5265	C11orf87	ENSG00000185742	hsa-miR-7157-3p	MIMAT0028225	0.889929525607411
5266	NHSL2	ENSG00000204131	hsa-miR-940	MIMAT0004983	0.889905540137899
5267	SERPINA1	ENSG00000197249	hsa-miR-765	MIMAT0003945	0.889883051515065
5268	HCFC2	ENSG00000111727	hsa-miR-7157-3p	MIMAT0028225	0.889880770986128
5269	SMAD2	ENSG00000175387	hsa-miR-4685-5p	MIMAT0019771	0.889880000907431
5270	PCDHA10	ENSG00000250120	hsa-miR-224-5p	MIMAT0000281	0.889854788752598
5271	ZC3H8	ENSG00000144161	hsa-miR-1252-3p	MIMAT0026744	0.889796167573182
5272	AFF2	ENSG00000155966	hsa-miR-4458	MIMAT0018980	0.889747143835119
5273	CYYR1	ENSG00000166265	hsa-miR-183-5p	MIMAT0000261	0.889731695931234
5274	TBKBP1	ENSG00000198933	hsa-miR-4458	MIMAT0018980	0.889704294240811
5275	HNF4A	ENSG00000101076	hsa-miR-765	MIMAT0003945	0.889694151021249
5276	BLOC1S3	ENSG00000189114	hsa-miR-661	MIMAT0003324	0.889686917765026
5277	GNG5	ENSG00000174021	hsa-miR-6758-5p	MIMAT0027416	0.889679392570006
5278	GLCCI1	ENSG00000106415	hsa-miR-21-5p	MIMAT0000076	0.889678505608876
5279	PHF19	ENSG00000119403	hsa-miR-940	MIMAT0004983	0.889672472680844
5280	MPL	ENSG00000117400	hsa-miR-661	MIMAT0003324	0.889617628048783
5281	ACTR3C	ENSG00000106526	hsa-miR-765	MIMAT0003945	0.889606679522362
5282	NSUN3	ENSG00000178694	hsa-miR-4292	MIMAT0016919	0.889602551512094
5283	MED20	ENSG00000124641	hsa-miR-4695-5p	MIMAT0019788	0.88956293755207
5284	NCL	ENSG00000115053	hsa-miR-4446-3p	MIMAT0018965	0.88956235534161
5285	MDGA2	ENSG00000139915	hsa-miR-130a-5p	MIMAT0004593	0.889552766667479
5286	NOTCH3	ENSG00000074181	hsa-miR-4695-5p	MIMAT0019788	0.889535532102212
5287	WDFY3	ENSG00000163625	hsa-miR-4446-3p	MIMAT0018965	0.889534705111795
5288	SGIP1	ENSG00000118473	hsa-miR-1252-3p	MIMAT0026744	0.889517412166202
5289	DNM3	ENSG00000197959	hsa-miR-3682-5p	MIMAT0019222	0.889503353428799
5290	CPEB4	ENSG00000113742	hsa-miR-625-3p	MIMAT0004808	0.889477678017439
5291	DAPK2	ENSG00000035664	hsa-miR-940	MIMAT0004983	0.88945519800898
5292	ZFP36L2	ENSG00000152518	hsa-miR-3682-5p	MIMAT0019222	0.88944863584781
5293	GYPA	ENSG00000170180	hsa-miR-940	MIMAT0004983	0.889417145402674
5294	PKM	ENSG00000067225	hsa-miR-6822-3p	MIMAT0027545	0.889411746538656
5295	RPH3A	ENSG00000089169	hsa-miR-940	MIMAT0004983	0.889410831888404
5296	RNF217	ENSG00000146373	hsa-miR-1252-3p	MIMAT0026744	0.88939380601291
5297	LRRFIP2	ENSG00000093167	hsa-miR-4687-3p	MIMAT0019775	0.889390440287357
5298	BEND4	ENSG00000188848	hsa-miR-4458	MIMAT0018980	0.889384331761066
5299	TRIB3	ENSG00000101255	hsa-miR-940	MIMAT0004983	0.889369989126548
5300	PTCHD1	ENSG00000165186	hsa-miR-4465	MIMAT0018992	0.889325086090229
5301	CEP57L1	ENSG00000183137	hsa-miR-21-5p	MIMAT0000076	0.889324404008735
5302	DNMT3A	ENSG00000119772	hsa-miR-4446-3p	MIMAT0018965	0.88932416854172
5303	FGFR1	ENSG00000077782	hsa-miR-6127	MIMAT0024610	0.889284590670781
5304	RSF1	ENSG00000048649	hsa-miR-1252-3p	MIMAT0026744	0.889263341336253
5305	KCNK6	ENSG00000099337	hsa-miR-661	MIMAT0003324	0.889259133793735
5306	ZNF703	ENSG00000183779	hsa-miR-6127	MIMAT0024610	0.889209481179927
5307	USP9X	ENSG00000124486	hsa-miR-625-3p	MIMAT0004808	0.889184517265553
5308	TBC1D23	ENSG00000036054	hsa-miR-4687-3p	MIMAT0019775	0.889135313666997
5309	AGPAT5	ENSG00000155189	hsa-miR-4465	MIMAT0018992	0.889117727290786
5310	KHNYN	ENSG00000100441	hsa-miR-4458	MIMAT0018980	0.889083887765275
5311	CACFD1	ENSG00000160325	hsa-miR-4685-5p	MIMAT0019771	0.889071746514193
5312	TXLNA	ENSG00000084652	hsa-miR-224-5p	MIMAT0000281	0.889035364677633
5313	KIF2A	ENSG00000068796	hsa-miR-3682-5p	MIMAT0019222	0.889028546671347
5314	LAMA4	ENSG00000112769	hsa-miR-21-5p	MIMAT0000076	0.888995053109608
5315	CELF1	ENSG00000149187	hsa-miR-4685-5p	MIMAT0019771	0.888994336502036
5316	ATF7	ENSG00000170653	hsa-miR-6127	MIMAT0024610	0.888992156530532
5317	ATP10D	ENSG00000145246	hsa-miR-1252-3p	MIMAT0026744	0.888988329919829
5318	MGAT4C	ENSG00000182050	hsa-miR-224-5p	MIMAT0000281	0.888973897942253
5319	SEPTIN3	ENSG00000100167	hsa-miR-4695-5p	MIMAT0019788	0.888956318039715
5320	NABP1	ENSG00000173559	hsa-miR-1252-3p	MIMAT0026744	0.888943138811004
5321	CCDC13	ENSG00000244607	hsa-miR-4292	MIMAT0016919	0.888939906462732
5322	USP37	ENSG00000135913	hsa-miR-130a-5p	MIMAT0004593	0.888926948170495
5323	LARP1	ENSG00000155506	hsa-miR-4446-3p	MIMAT0018965	0.888925070597109
5324	MEF2B	ENSG00000213999	hsa-miR-6783-5p	MIMAT0027466	0.888923183168797
5325	EGLN1	ENSG00000135766	hsa-miR-21-5p	MIMAT0000076	0.888907459127529
5326	EPN1	ENSG00000063245	hsa-miR-6758-5p	MIMAT0027416	0.888839518667902
5327	TRIP12	ENSG00000153827	hsa-miR-1252-3p	MIMAT0026744	0.888829935410751
5328	ZNF148	ENSG00000163848	hsa-miR-183-5p	MIMAT0000261	0.888794441401367
5329	ENAH	ENSG00000154380	hsa-miR-4446-3p	MIMAT0018965	0.888788753082448
5330	SH2D7	ENSG00000183476	hsa-miR-661	MIMAT0003324	0.888776334566018
5331	BCL2	ENSG00000171791	hsa-miR-1252-3p	MIMAT0026744	0.888749467978564
5332	PTPN4	ENSG00000088179	hsa-miR-21-5p	MIMAT0000076	0.888746528909342
5333	LUZP1	ENSG00000169641	hsa-miR-4446-3p	MIMAT0018965	0.888709901438294
5334	MTARC1	ENSG00000186205	hsa-miR-1252-3p	MIMAT0026744	0.88870660283267
5335	CEP135	ENSG00000174799	hsa-miR-4458	MIMAT0018980	0.888699156342702
5336	TGFBR3	ENSG00000069702	hsa-miR-4458	MIMAT0018980	0.888697829146764
5337	NCR3LG1	ENSG00000188211	hsa-miR-224-5p	MIMAT0000281	0.888681544390536
5338	N4BP3	ENSG00000145911	hsa-miR-765	MIMAT0003945	0.888673762363175
5339	HECTD4	ENSG00000173064	hsa-miR-765	MIMAT0003945	0.888660354673839
5340	FAF1	ENSG00000185104	hsa-miR-940	MIMAT0004983	0.888627840971225
5341	RADX	ENSG00000147231	hsa-miR-1252-3p	MIMAT0026744	0.888571928998462
5342	KCTD5	ENSG00000167977	hsa-miR-6783-5p	MIMAT0027466	0.888560079376486
5343	SEPTIN7	ENSG00000122545	hsa-miR-1252-3p	MIMAT0026744	0.88855439606253
5344	FAM155B	ENSG00000130054	hsa-miR-5008-5p	MIMAT0021039	0.888520312879685
5345	ADAM10	ENSG00000137845	hsa-miR-130a-5p	MIMAT0004593	0.888498756861696
5346	SV2C	ENSG00000122012	hsa-miR-4695-5p	MIMAT0019788	0.888467326088552
5347	SLC16A14	ENSG00000163053	hsa-miR-6783-5p	MIMAT0027466	0.888460643746678
5348	SPRR2D	ENSG00000163216	hsa-miR-7855-5p	MIMAT0030430	0.888456462082951
5349	PRORP	ENSG00000100890	hsa-miR-4695-5p	MIMAT0019788	0.888455949765576
5350	WWC2	ENSG00000151718	hsa-miR-92a-1-5p	MIMAT0004507	0.888442957676223
5351	NBN	ENSG00000104320	hsa-miR-1252-3p	MIMAT0026744	0.88843348489813
5352	CBX2	ENSG00000173894	hsa-miR-940	MIMAT0004983	0.888430061002237
5353	RALGPS2	ENSG00000116191	hsa-miR-130a-5p	MIMAT0004593	0.888430044116266
5354	CEP120	ENSG00000168944	hsa-miR-1252-3p	MIMAT0026744	0.888426031450309
5355	DNM3	ENSG00000197959	hsa-miR-1252-3p	MIMAT0026744	0.888380862055965
5356	CBFB	ENSG00000067955	hsa-miR-1252-3p	MIMAT0026744	0.888377508448752
5357	TARDBP	ENSG00000120948	hsa-miR-1252-3p	MIMAT0026744	0.88831997418948
5358	CCDC152	ENSG00000198865	hsa-miR-6783-5p	MIMAT0027466	0.888305451436371
5359	ACP2	ENSG00000134575	hsa-miR-4695-5p	MIMAT0019788	0.888259918446955
5360	LRRC40	ENSG00000066557	hsa-miR-1252-3p	MIMAT0026744	0.888256692760714
5361	NCAPH	ENSG00000121152	hsa-miR-625-3p	MIMAT0004808	0.888239433380675
5362	ZFPL1	ENSG00000162300	hsa-miR-6127	MIMAT0024610	0.888204933955724
5363	SRSF1	ENSG00000136450	hsa-miR-4695-5p	MIMAT0019788	0.888185949999812
5364	PURB	ENSG00000146676	hsa-miR-21-5p	MIMAT0000076	0.888175021674093
5365	DFFA	ENSG00000160049	hsa-miR-4695-5p	MIMAT0019788	0.888131598578279
5366	DEFB132	ENSG00000186458	hsa-miR-1252-3p	MIMAT0026744	0.888111688614021
5367	PLXDC2	ENSG00000120594	hsa-miR-130a-5p	MIMAT0004593	0.888074326269211
5368	SMUG1	ENSG00000123415	hsa-miR-6758-5p	MIMAT0027416	0.888071138356645
5369	SYPL2	ENSG00000143028	hsa-miR-4695-5p	MIMAT0019788	0.888058517697582
5370	KLRC3	ENSG00000205810	hsa-miR-6758-5p	MIMAT0027416	0.888019950077481
5371	TLN2	ENSG00000171914	hsa-miR-6783-5p	MIMAT0027466	0.887975357428678
5372	ATF7	ENSG00000170653	hsa-miR-940	MIMAT0004983	0.887972555580439
5373	NDUFAF2	ENSG00000164182	hsa-miR-1252-3p	MIMAT0026744	0.887963244013722
5374	DPP8	ENSG00000074603	hsa-miR-4695-5p	MIMAT0019788	0.887954289233012
5375	PAG1	ENSG00000076641	hsa-miR-4458	MIMAT0018980	0.887891601831757
5376	SLC24A3	ENSG00000185052	hsa-miR-661	MIMAT0003324	0.88787686829346
5377	FOCAD	ENSG00000188352	hsa-miR-4695-5p	MIMAT0019788	0.887860659630584
5378	AR	ENSG00000169083	hsa-miR-4685-5p	MIMAT0019771	0.88783671360436
5379	SSH1	ENSG00000084112	hsa-miR-4695-5p	MIMAT0019788	0.8878308886214
5380	SPRY4	ENSG00000187678	hsa-miR-4695-5p	MIMAT0019788	0.887821674938422
5381	ELOC	ENSG00000154582	hsa-miR-4695-5p	MIMAT0019788	0.887812436566146
5382	MTAP	ENSG00000099810	hsa-miR-4458	MIMAT0018980	0.887808103644738
5383	SEC31B	ENSG00000075826	hsa-miR-4292	MIMAT0016919	0.887807218664033
5384	CIITA	ENSG00000179583	hsa-miR-657	MIMAT0003335	0.887805200038611
5385	A1BG	ENSG00000121410	hsa-miR-4695-5p	MIMAT0019788	0.887790585223597
5386	FO393400.1	ENSG00000285382	hsa-miR-661	MIMAT0003324	0.887774772311336
5387	STYX	ENSG00000198252	hsa-miR-3682-5p	MIMAT0019222	0.887751260938773
5388	BBIP1	ENSG00000214413	hsa-miR-940	MIMAT0004983	0.887747864183111
5389	UHRF1BP1	ENSG00000065060	hsa-miR-5008-5p	MIMAT0021039	0.88774722585119
5390	NFIB	ENSG00000147862	hsa-miR-130a-5p	MIMAT0004593	0.887697105666654
5391	RARB	ENSG00000077092	hsa-miR-1252-3p	MIMAT0026744	0.88768630763755
5392	BCL6B	ENSG00000161940	hsa-miR-6758-5p	MIMAT0027416	0.887682542072426
5393	CHMP4A	ENSG00000254505	hsa-miR-940	MIMAT0004983	0.887680879982806
5394	WASF1	ENSG00000112290	hsa-miR-765	MIMAT0003945	0.887667559290879
5395	TARM1	ENSG00000248385	hsa-miR-4292	MIMAT0016919	0.887661441029117
5396	NT5C2	ENSG00000076685	hsa-miR-1252-3p	MIMAT0026744	0.887660765548428
5397	ZC3H14	ENSG00000100722	hsa-miR-1252-3p	MIMAT0026744	0.887649453740715
5398	SMYD1	ENSG00000115593	hsa-miR-7855-5p	MIMAT0030430	0.88764350193131
5399	LRRC7	ENSG00000033122	hsa-miR-6758-5p	MIMAT0027416	0.887634780475735
5400	MEA1	ENSG00000124733	hsa-miR-4695-5p	MIMAT0019788	0.887634626012196
5401	BMP1	ENSG00000168487	hsa-miR-7855-5p	MIMAT0030430	0.887614348380175
5402	SLC35C2	ENSG00000080189	hsa-miR-4446-3p	MIMAT0018965	0.887613764201477
5403	RBM33	ENSG00000184863	hsa-miR-4446-3p	MIMAT0018965	0.887610231851494
5404	SPTY2D1	ENSG00000179119	hsa-miR-1252-3p	MIMAT0026744	0.887596052931253
5405	UBA52	ENSG00000221983	hsa-miR-4695-5p	MIMAT0019788	0.887595664195865
5406	CYP4A22	ENSG00000162365	hsa-miR-657	MIMAT0003335	0.887566872097898
5407	HSF5	ENSG00000176160	hsa-miR-130a-5p	MIMAT0004593	0.887545901946758
5408	TNS3	ENSG00000136205	hsa-miR-4685-5p	MIMAT0019771	0.887528109190858
5409	LRP8	ENSG00000157193	hsa-miR-1252-3p	MIMAT0026744	0.887511952727007
5410	EPN1	ENSG00000063245	hsa-miR-4685-5p	MIMAT0019771	0.887503286540132
5411	PRMT5	ENSG00000100462	hsa-miR-940	MIMAT0004983	0.88748039313279
5412	TMEM65	ENSG00000164983	hsa-miR-1252-3p	MIMAT0026744	0.88740942772516
5413	ZNF737	ENSG00000237440	hsa-miR-4695-5p	MIMAT0019788	0.887406289124396
5414	KDM6A	ENSG00000147050	hsa-miR-7157-3p	MIMAT0028225	0.887383043718593
5415	FAM120AOS	ENSG00000188938	hsa-miR-130a-5p	MIMAT0004593	0.887371651081971
5416	SUSD6	ENSG00000100647	hsa-miR-4685-5p	MIMAT0019771	0.887347785357821
5417	FEM1A	ENSG00000141965	hsa-miR-940	MIMAT0004983	0.887312260704649
5418	HNRNPUL1	ENSG00000105323	hsa-miR-4695-5p	MIMAT0019788	0.887306481274251
5419	C4orf50	ENSG00000181215	hsa-miR-7157-3p	MIMAT0028225	0.887306344417806
5420	MECOM	ENSG00000085276	hsa-miR-92a-1-5p	MIMAT0004507	0.887223162955006
5421	RPL14	ENSG00000188846	hsa-miR-940	MIMAT0004983	0.88721945996138
5422	TRIM39	ENSG00000204599	hsa-miR-4685-5p	MIMAT0019771	0.887189619304137
5423	HIVEP3	ENSG00000127124	hsa-miR-940	MIMAT0004983	0.887170006230377
5424	MIA3	ENSG00000154305	hsa-miR-6783-5p	MIMAT0027466	0.88716624690503
5425	PTGER3	ENSG00000050628	hsa-miR-4687-3p	MIMAT0019775	0.887162373124754
5426	MCM8	ENSG00000125885	hsa-miR-4465	MIMAT0018992	0.887140592735633
5427	C12orf42	ENSG00000179088	hsa-miR-940	MIMAT0004983	0.887129412294621
5428	CDH26	ENSG00000124215	hsa-miR-4695-5p	MIMAT0019788	0.887122138413722
5429	PCDH7	ENSG00000169851	hsa-miR-4687-3p	MIMAT0019775	0.887108432394456
5430	AGBL2	ENSG00000165923	hsa-miR-7157-3p	MIMAT0028225	0.887100533302851
5431	ZBTB10	ENSG00000205189	hsa-miR-3682-5p	MIMAT0019222	0.88709486061897
5432	FBRS	ENSG00000156860	hsa-miR-5008-5p	MIMAT0021039	0.88706333278753
5433	CDRT1	ENSG00000241322	hsa-miR-6758-5p	MIMAT0027416	0.887060870066027
5434	ALG2	ENSG00000119523	hsa-miR-6783-5p	MIMAT0027466	0.887051321429875
5435	BACH2	ENSG00000112182	hsa-miR-940	MIMAT0004983	0.887039232272405
5436	MEF2C	ENSG00000081189	hsa-miR-1252-3p	MIMAT0026744	0.887037494330996
5437	RAB11FIP5	ENSG00000135631	hsa-miR-4685-5p	MIMAT0019771	0.887036084755228
5438	DIRAS2	ENSG00000165023	hsa-miR-661	MIMAT0003324	0.887035760100732
5439	FLOT2	ENSG00000132589	hsa-miR-940	MIMAT0004983	0.887030056862084
5440	COL6A1	ENSG00000142156	hsa-miR-4446-3p	MIMAT0018965	0.887017552105614
5441	PLXNA3	ENSG00000130827	hsa-miR-4685-5p	MIMAT0019771	0.887001161447954
5442	MYH9	ENSG00000100345	hsa-miR-6783-5p	MIMAT0027466	0.886997496359943
5443	RC3H2	ENSG00000056586	hsa-miR-130a-5p	MIMAT0004593	0.886991038797964
5444	RRP7A	ENSG00000189306	hsa-miR-4685-5p	MIMAT0019771	0.886917222166474
5445	TMX2	ENSG00000213593	hsa-miR-7855-5p	MIMAT0030430	0.886897149150911
5446	MYO5B	ENSG00000167306	hsa-miR-21-5p	MIMAT0000076	0.886894418155271
5447	FHDC1	ENSG00000137460	hsa-miR-183-5p	MIMAT0000261	0.886879188918854
5448	BCAT1	ENSG00000060982	hsa-miR-4695-5p	MIMAT0019788	0.886877241720369
5449	SPN	ENSG00000197471	hsa-miR-4695-5p	MIMAT0019788	0.886875194637026
5450	NOL4L	ENSG00000197183	hsa-miR-7157-3p	MIMAT0028225	0.88685305706593
5451	MAPK6	ENSG00000069956	hsa-miR-4458	MIMAT0018980	0.88680321333104
5452	PJA1	ENSG00000181191	hsa-miR-8056	MIMAT0030983	0.886792908153956
5453	RNPEPL1	ENSG00000142327	hsa-miR-4695-5p	MIMAT0019788	0.886790793028432
5454	AC091551.1	ENSG00000267699	hsa-miR-130a-5p	MIMAT0004593	0.886789394154483
5455	SEC14L2	ENSG00000100003	hsa-miR-1252-3p	MIMAT0026744	0.886763425601847
5456	STIM1	ENSG00000167323	hsa-miR-4685-5p	MIMAT0019771	0.886763246843777
5457	YTHDF3	ENSG00000185728	hsa-miR-4465	MIMAT0018992	0.886752016921878
5458	TTC5	ENSG00000136319	hsa-miR-940	MIMAT0004983	0.886737827259401
5459	CREB3L2	ENSG00000182158	hsa-miR-765	MIMAT0003945	0.886733119915624
5460	UBR4	ENSG00000127481	hsa-miR-4465	MIMAT0018992	0.886696353002804
5461	SGSM1	ENSG00000167037	hsa-miR-4687-3p	MIMAT0019775	0.886689080251543
5462	BRAF	ENSG00000157764	hsa-miR-7855-5p	MIMAT0030430	0.886660395081731
5463	MRRF	ENSG00000148187	hsa-miR-4687-3p	MIMAT0019775	0.886652481766169
5464	DCUN1D5	ENSG00000137692	hsa-miR-1252-3p	MIMAT0026744	0.886636475903489
5465	RTP2	ENSG00000198471	hsa-miR-5008-5p	MIMAT0021039	0.886635212269311
5466	MBD5	ENSG00000204406	hsa-miR-7157-3p	MIMAT0028225	0.886632256840326
5467	CXXC4	ENSG00000168772	hsa-miR-224-5p	MIMAT0000281	0.886590400384078
5468	TCEANC	ENSG00000176896	hsa-miR-6758-5p	MIMAT0027416	0.886558989305575
5469	CYP2B6	ENSG00000197408	hsa-miR-940	MIMAT0004983	0.886549818607644
5470	ADAMTS12	ENSG00000151388	hsa-miR-765	MIMAT0003945	0.886529597015769
5471	LMBR1	ENSG00000105983	hsa-miR-224-5p	MIMAT0000281	0.886526604660035
5472	OGT	ENSG00000147162	hsa-miR-4687-3p	MIMAT0019775	0.886521529035099
5473	ARSD	ENSG00000006756	hsa-miR-940	MIMAT0004983	0.886468672689005
5474	ZNF185	ENSG00000147394	hsa-miR-7157-3p	MIMAT0028225	0.886442885728038
5475	FPGS	ENSG00000136877	hsa-miR-940	MIMAT0004983	0.886416224800887
5476	KPNA6	ENSG00000025800	hsa-miR-4685-5p	MIMAT0019771	0.886416008536388
5477	CLDN16	ENSG00000113946	hsa-miR-1252-3p	MIMAT0026744	0.886401190271434
5478	MUCL3	ENSG00000168631	hsa-miR-4687-3p	MIMAT0019775	0.886393672633406
5479	GMFB	ENSG00000197045	hsa-miR-183-5p	MIMAT0000261	0.886392808566275
5480	CCDC197	ENSG00000175699	hsa-miR-6783-5p	MIMAT0027466	0.886363415185928
5481	FBN2	ENSG00000138829	hsa-miR-1252-3p	MIMAT0026744	0.886360061143827
5482	RPS6KA6	ENSG00000072133	hsa-miR-1252-3p	MIMAT0026744	0.886346844435085
5483	IQGAP1	ENSG00000140575	hsa-miR-765	MIMAT0003945	0.88633664273536
5484	DESI1	ENSG00000100418	hsa-miR-940	MIMAT0004983	0.886329759982139
5485	PTGIS	ENSG00000124212	hsa-miR-940	MIMAT0004983	0.886327205006094
5486	AC009779.3	ENSG00000258311	hsa-miR-940	MIMAT0004983	0.886314102499156
5487	ZDHHC21	ENSG00000175893	hsa-miR-661	MIMAT0003324	0.886295696359907
5488	SEMA3A	ENSG00000075213	hsa-miR-1252-3p	MIMAT0026744	0.886293004040818
5489	PLXDC2	ENSG00000120594	hsa-miR-940	MIMAT0004983	0.886292495932537
5490	SERPIND1	ENSG00000099937	hsa-miR-7157-3p	MIMAT0028225	0.886285441294659
5491	CPEB3	ENSG00000107864	hsa-miR-1252-3p	MIMAT0026744	0.886250019760786
5492	ZNF100	ENSG00000197020	hsa-miR-940	MIMAT0004983	0.886225135984835
5493	FO681492.1	ENSG00000277758	hsa-miR-4446-3p	MIMAT0018965	0.886204249112766
5494	DCAF4L2	ENSG00000176566	hsa-miR-3682-5p	MIMAT0019222	0.886200713825633
5495	COL4A4	ENSG00000081052	hsa-miR-1252-3p	MIMAT0026744	0.886191034494274
5496	MARS2	ENSG00000247626	hsa-miR-4458	MIMAT0018980	0.886183457404038
5497	ZDHHC21	ENSG00000175893	hsa-miR-6783-5p	MIMAT0027466	0.88618261736151
5498	SIRT1	ENSG00000096717	hsa-miR-940	MIMAT0004983	0.886149493856586
5499	CHST3	ENSG00000122863	hsa-miR-4695-5p	MIMAT0019788	0.886142994274267
5500	EXOC8	ENSG00000116903	hsa-miR-625-3p	MIMAT0004808	0.886139696413205
5501	RALGPS1	ENSG00000136828	hsa-miR-7157-3p	MIMAT0028225	0.886124368530459
5502	RNF44	ENSG00000146083	hsa-miR-6127	MIMAT0024610	0.886117355614202
5503	ADAMTS6	ENSG00000049192	hsa-miR-7157-3p	MIMAT0028225	0.886109907370592
5504	PRR23A	ENSG00000206260	hsa-miR-4458	MIMAT0018980	0.886092058979338
5505	MUC20	ENSG00000176945	hsa-miR-4695-5p	MIMAT0019788	0.886065200034627
5506	DUSP14	ENSG00000276023	hsa-miR-6127	MIMAT0024610	0.886026795295585
5507	ZC3H6	ENSG00000188177	hsa-miR-6783-5p	MIMAT0027466	0.886026478076073
5508	GABRA3	ENSG00000011677	hsa-miR-765	MIMAT0003945	0.886026151419938
5509	S100A12	ENSG00000163221	hsa-miR-7855-5p	MIMAT0030430	0.886018925363651
5510	SESN3	ENSG00000149212	hsa-miR-224-5p	MIMAT0000281	0.886001970872493
5511	RBM12B	ENSG00000183808	hsa-miR-625-3p	MIMAT0004808	0.885977682401043
5512	PACRGL	ENSG00000163138	hsa-miR-1911-5p	MIMAT0007885	0.885975718784543
5513	YPEL3	ENSG00000090238	hsa-miR-661	MIMAT0003324	0.885954940834812
5514	AGO2	ENSG00000123908	hsa-miR-4458	MIMAT0018980	0.885949187044214
5515	EPHB2	ENSG00000133216	hsa-miR-6127	MIMAT0024610	0.885931061111364
5516	CCNJL	ENSG00000135083	hsa-miR-7855-5p	MIMAT0030430	0.885902561333112
5517	STX11	ENSG00000135604	hsa-miR-4695-5p	MIMAT0019788	0.885889589256529
5518	CD3G	ENSG00000160654	hsa-miR-4446-3p	MIMAT0018965	0.885844810191324
5519	RAD51B	ENSG00000182185	hsa-miR-4465	MIMAT0018992	0.885836057942049
5520	BTBD7	ENSG00000011114	hsa-miR-4465	MIMAT0018992	0.885819956450958
5521	SOD2	ENSG00000112096	hsa-miR-1252-3p	MIMAT0026744	0.885786268664405
5522	FBXO25	ENSG00000147364	hsa-miR-6758-5p	MIMAT0027416	0.88576240833583
5523	HOXD11	ENSG00000128713	hsa-miR-4695-5p	MIMAT0019788	0.885751100173578
5524	HELZ	ENSG00000198265	hsa-miR-4465	MIMAT0018992	0.885747504947082
5525	AC068775.1	ENSG00000255641	hsa-miR-6758-5p	MIMAT0027416	0.885731016248242
5526	RTL3	ENSG00000179300	hsa-miR-224-5p	MIMAT0000281	0.885710464264251
5527	SPRYD4	ENSG00000176422	hsa-miR-940	MIMAT0004983	0.88567492094596
5528	NKD1	ENSG00000140807	hsa-miR-6127	MIMAT0024610	0.885665353341637
5529	ONECUT1	ENSG00000169856	hsa-miR-657	MIMAT0003335	0.885625970846949
5530	MFSD4B	ENSG00000173214	hsa-miR-4695-5p	MIMAT0019788	0.885577480131994
5531	KIF3B	ENSG00000101350	hsa-miR-6127	MIMAT0024610	0.88556218645905
5532	TECR	ENSG00000099797	hsa-miR-4746-3p	MIMAT0019881	0.885556550001854
5533	RBM28	ENSG00000106344	hsa-miR-130a-5p	MIMAT0004593	0.885528204632956
5534	HMGN5	ENSG00000198157	hsa-miR-130a-5p	MIMAT0004593	0.885527271801415
5535	SNAP29	ENSG00000099940	hsa-miR-7157-3p	MIMAT0028225	0.885498601412149
5536	CYP19A1	ENSG00000137869	hsa-miR-4458	MIMAT0018980	0.8854970487135
5537	BACE1	ENSG00000186318	hsa-miR-130a-5p	MIMAT0004593	0.885473785573147
5538	KLHL3	ENSG00000146021	hsa-miR-183-5p	MIMAT0000261	0.885466354499821
5539	AL662899.2	ENSG00000263020	hsa-miR-6758-5p	MIMAT0027416	0.885460581315603
5540	CLCN4	ENSG00000073464	hsa-miR-1252-3p	MIMAT0026744	0.885454677895598
5541	RAVER2	ENSG00000162437	hsa-miR-21-5p	MIMAT0000076	0.885453256941986
5542	INO80D	ENSG00000114933	hsa-miR-7157-3p	MIMAT0028225	0.885437938094052
5543	IP6K1	ENSG00000176095	hsa-miR-661	MIMAT0003324	0.885429619591799
5544	KRR1	ENSG00000111615	hsa-miR-1252-3p	MIMAT0026744	0.88542399285457
5545	AL441992.2	ENSG00000286112	hsa-miR-4695-5p	MIMAT0019788	0.885414059982267
5546	ZDHHC15	ENSG00000102383	hsa-miR-6783-5p	MIMAT0027466	0.885383535768654
5547	PNPLA7	ENSG00000130653	hsa-miR-4446-3p	MIMAT0018965	0.885342063160701
5548	CYP11B1	ENSG00000160882	hsa-miR-5008-5p	MIMAT0021039	0.885296350164771
5549	FAM102A	ENSG00000167106	hsa-miR-765	MIMAT0003945	0.885291077439193
5550	KCTD7	ENSG00000243335	hsa-miR-4685-5p	MIMAT0019771	0.885288964132294
5551	TSPAN14	ENSG00000108219	hsa-miR-4446-3p	MIMAT0018965	0.885242097747777
5552	XAGE1B	ENSG00000204382	hsa-miR-7855-5p	MIMAT0030430	0.885215568438896
5553	TAF8	ENSG00000137413	hsa-miR-6127	MIMAT0024610	0.885209610115347
5554	AJAP1	ENSG00000196581	hsa-miR-4695-5p	MIMAT0019788	0.88519407984813
5555	RUBCNL	ENSG00000102445	hsa-miR-6822-3p	MIMAT0027545	0.885184421945773
5556	P2RX3	ENSG00000109991	hsa-miR-661	MIMAT0003324	0.885175483312419
5557	AC113348.2	ENSG00000285978	hsa-miR-4685-5p	MIMAT0019771	0.885173622046694
5558	BBX	ENSG00000114439	hsa-miR-6822-3p	MIMAT0027545	0.885156896263652
5559	TFAM	ENSG00000108064	hsa-miR-7157-3p	MIMAT0028225	0.8851493706212
5560	RND2	ENSG00000108830	hsa-miR-765	MIMAT0003945	0.885146827124624
5561	SIGLEC8	ENSG00000105366	hsa-miR-940	MIMAT0004983	0.885108860435612
5562	LRP6	ENSG00000070018	hsa-miR-21-5p	MIMAT0000076	0.885104340423024
5563	HMX3	ENSG00000188620	hsa-miR-6783-5p	MIMAT0027466	0.885076838805398
5564	TRIM4	ENSG00000146833	hsa-miR-92a-1-5p	MIMAT0004507	0.885076635440447
5565	PHF6	ENSG00000156531	hsa-miR-21-5p	MIMAT0000076	0.885043078042801
5566	RIPOR2	ENSG00000111913	hsa-miR-1252-3p	MIMAT0026744	0.885036128635676
5567	SCYL3	ENSG00000000457	hsa-miR-1252-3p	MIMAT0026744	0.885035743792434
5568	WDR48	ENSG00000114742	hsa-miR-4446-3p	MIMAT0018965	0.885017608266435
5569	KCNH7	ENSG00000184611	hsa-miR-4465	MIMAT0018992	0.884981330616482
5570	LANCL1	ENSG00000115365	hsa-miR-224-5p	MIMAT0000281	0.884944649469039
5571	BTN3A1	ENSG00000026950	hsa-miR-6783-5p	MIMAT0027466	0.884942046768018
5572	CADM2	ENSG00000175161	hsa-miR-625-3p	MIMAT0004808	0.884938516657339
5573	GABRG2	ENSG00000113327	hsa-miR-765	MIMAT0003945	0.884933554108164
5574	ZNF326	ENSG00000162664	hsa-miR-3682-5p	MIMAT0019222	0.884923983102932
5575	STRBP	ENSG00000165209	hsa-miR-1252-3p	MIMAT0026744	0.884900925166217
5576	ODF2L	ENSG00000122417	hsa-miR-1252-3p	MIMAT0026744	0.884899316605553
5577	POLR2G	ENSG00000168002	hsa-miR-5008-5p	MIMAT0021039	0.884881100509445
5578	HNRNPLL	ENSG00000143889	hsa-miR-4458	MIMAT0018980	0.884849467622819
5579	MT1G	ENSG00000125144	hsa-miR-4292	MIMAT0016919	0.88479262480687
5580	GREB1L	ENSG00000141449	hsa-miR-4465	MIMAT0018992	0.884778120490897
5581	FCGR1A	ENSG00000150337	hsa-miR-224-5p	MIMAT0000281	0.884774802938207
5582	KL	ENSG00000133116	hsa-miR-3682-5p	MIMAT0019222	0.884748943743323
5583	MAMLD1	ENSG00000013619	hsa-miR-4804-5p	MIMAT0019984	0.884723305186265
5584	HP1BP3	ENSG00000127483	hsa-miR-1252-3p	MIMAT0026744	0.884695635697035
5585	NCOA3	ENSG00000124151	hsa-miR-1252-3p	MIMAT0026744	0.884680586335074
5586	CEP85	ENSG00000130695	hsa-miR-4695-5p	MIMAT0019788	0.884663276595927
5587	AL590560.2	ENSG00000256029	hsa-miR-661	MIMAT0003324	0.884616241584333
5588	CNKSR3	ENSG00000153721	hsa-miR-224-5p	MIMAT0000281	0.884595131180405
5589	RNF115	ENSG00000265491	hsa-miR-1252-3p	MIMAT0026744	0.884566115401486
5590	TANC2	ENSG00000170921	hsa-miR-7157-3p	MIMAT0028225	0.884547972258086
5591	PURA	ENSG00000185129	hsa-miR-940	MIMAT0004983	0.884521217217042
5592	CEP68	ENSG00000011523	hsa-miR-765	MIMAT0003945	0.884498567521253
5593	MTO1	ENSG00000135297	hsa-miR-6127	MIMAT0024610	0.884495714098209
5594	LRRC59	ENSG00000108829	hsa-miR-4695-5p	MIMAT0019788	0.88443141971035
5595	CACNB2	ENSG00000165995	hsa-miR-7157-3p	MIMAT0028225	0.884419562241314
5596	BLACAT1	ENSG00000281406	hsa-miR-4292	MIMAT0016919	0.884419193255962
5597	BTD	ENSG00000169814	hsa-miR-4446-3p	MIMAT0018965	0.884416702663558
5598	ATP5MPL	ENSG00000156411	hsa-miR-940	MIMAT0004983	0.884414568793069
5599	RFX6	ENSG00000185002	hsa-miR-6783-5p	MIMAT0027466	0.884355025721643
5600	EN2	ENSG00000164778	hsa-miR-765	MIMAT0003945	0.884315150611118
5601	FXYD3	ENSG00000089356	hsa-miR-5008-5p	MIMAT0021039	0.884305084794644
5602	CNNM2	ENSG00000148842	hsa-miR-5008-5p	MIMAT0021039	0.884304852217887
5603	SMC1A	ENSG00000072501	hsa-miR-4687-3p	MIMAT0019775	0.884297770957183
5604	SERPINB1	ENSG00000021355	hsa-miR-4695-5p	MIMAT0019788	0.884288690179452
5605	MAP3K14	ENSG00000006062	hsa-miR-4292	MIMAT0016919	0.884258661660094
5606	MORC3	ENSG00000159256	hsa-miR-183-5p	MIMAT0000261	0.884197461706326
5607	RPS15A	ENSG00000134419	hsa-miR-5008-5p	MIMAT0021039	0.884174360213558
5608	DRICH1	ENSG00000189269	hsa-miR-183-5p	MIMAT0000261	0.884171502478755
5609	PBX1	ENSG00000185630	hsa-miR-657	MIMAT0003335	0.884165543156585
5610	TTC7B	ENSG00000165914	hsa-miR-940	MIMAT0004983	0.884140144153155
5611	ATRIP	ENSG00000164053	hsa-miR-940	MIMAT0004983	0.884124093929101
5612	PAAF1	ENSG00000175575	hsa-miR-224-5p	MIMAT0000281	0.884115263799409
5613	ITGB1	ENSG00000150093	hsa-miR-940	MIMAT0004983	0.884097638920628
5614	ATP2B2	ENSG00000157087	hsa-miR-6758-5p	MIMAT0027416	0.884072728611632
5615	KLC1	ENSG00000126214	hsa-miR-4685-5p	MIMAT0019771	0.884060237129716
5616	LIN7A	ENSG00000111052	hsa-miR-1252-3p	MIMAT0026744	0.884057219232894
5617	POU6F2	ENSG00000106536	hsa-miR-4458	MIMAT0018980	0.884052568110174
5618	CHRNB2	ENSG00000160716	hsa-miR-661	MIMAT0003324	0.88405255345776
5619	GLTP	ENSG00000139433	hsa-miR-130a-5p	MIMAT0004593	0.884050030003134
5620	IL1RL1	ENSG00000115602	hsa-miR-183-5p	MIMAT0000261	0.884048665529697
5621	ILDR2	ENSG00000143195	hsa-miR-7855-5p	MIMAT0030430	0.884030382917541
5622	PMAIP1	ENSG00000141682	hsa-miR-4465	MIMAT0018992	0.884027417590555
5623	ZNF580	ENSG00000213015	hsa-miR-6758-5p	MIMAT0027416	0.884020761515602
5624	GREM1	ENSG00000166923	hsa-miR-7157-3p	MIMAT0028225	0.884017204045208
5625	TSPAN14	ENSG00000108219	hsa-miR-6758-5p	MIMAT0027416	0.884006217165216
5626	P2RY2	ENSG00000175591	hsa-miR-4292	MIMAT0016919	0.883992713626442
5627	PCGF2	ENSG00000277258	hsa-miR-4685-5p	MIMAT0019771	0.883992107093807
5628	LRP6	ENSG00000070018	hsa-miR-224-5p	MIMAT0000281	0.883986948302379
5629	JAKMIP2	ENSG00000176049	hsa-miR-1252-3p	MIMAT0026744	0.883974483069227
5630	MROH7	ENSG00000184313	hsa-miR-4695-5p	MIMAT0019788	0.883966693235967
5631	AKT3	ENSG00000117020	hsa-miR-3682-5p	MIMAT0019222	0.883926593723932
5632	CHST12	ENSG00000136213	hsa-miR-4695-5p	MIMAT0019788	0.883917797218167
5633	IL22RA2	ENSG00000164485	hsa-miR-1252-3p	MIMAT0026744	0.883910141418858
5634	PLXNA2	ENSG00000076356	hsa-miR-4804-5p	MIMAT0019984	0.883883172402523
5635	FAM131C	ENSG00000185519	hsa-miR-6127	MIMAT0024610	0.883873432220006
5636	USH2A	ENSG00000042781	hsa-miR-7855-5p	MIMAT0030430	0.883866502613109
5637	CNNM4	ENSG00000158158	hsa-miR-4685-5p	MIMAT0019771	0.883862944074176
5638	DFFA	ENSG00000160049	hsa-miR-657	MIMAT0003335	0.883843074610955
5639	SMOC1	ENSG00000198732	hsa-miR-661	MIMAT0003324	0.883836864980133
5640	ARHGAP12	ENSG00000165322	hsa-miR-224-5p	MIMAT0000281	0.883809101858112
5641	NWD1	ENSG00000188039	hsa-miR-4292	MIMAT0016919	0.883805607205389
5642	THOC2	ENSG00000125676	hsa-miR-130a-5p	MIMAT0004593	0.883804185258432
5643	ASB16	ENSG00000161664	hsa-miR-765	MIMAT0003945	0.883802658301208
5644	GRAMD1B	ENSG00000023171	hsa-miR-661	MIMAT0003324	0.883774066553098
5645	ADAM22	ENSG00000008277	hsa-miR-661	MIMAT0003324	0.883746453516265
5646	PLAA	ENSG00000137055	hsa-miR-21-5p	MIMAT0000076	0.883745426067406
5647	PRPF4B	ENSG00000112739	hsa-miR-661	MIMAT0003324	0.883744987074528
5648	LUZP2	ENSG00000187398	hsa-miR-1252-3p	MIMAT0026744	0.883739264712589
5649	BAMBI	ENSG00000095739	hsa-miR-7157-3p	MIMAT0028225	0.883732631773756
5650	NIPAL1	ENSG00000163293	hsa-miR-1252-3p	MIMAT0026744	0.883720580047951
5651	CAPN5	ENSG00000149260	hsa-miR-4695-5p	MIMAT0019788	0.883701879611719
5652	KLRD1	ENSG00000134539	hsa-miR-224-5p	MIMAT0000281	0.883664266429128
5653	MROH7	ENSG00000184313	hsa-miR-657	MIMAT0003335	0.883657050490801
5654	EMX2	ENSG00000170370	hsa-miR-3682-5p	MIMAT0019222	0.883654724785273
5655	NCMAP	ENSG00000184454	hsa-miR-6783-5p	MIMAT0027466	0.883650776091552
5656	ZNF26	ENSG00000198393	hsa-miR-1252-3p	MIMAT0026744	0.883628030296128
5657	GLG1	ENSG00000090863	hsa-miR-4446-3p	MIMAT0018965	0.883619480651817
5658	TNR	ENSG00000116147	hsa-miR-6127	MIMAT0024610	0.883619357722482
5659	TRIM16	ENSG00000221926	hsa-miR-6127	MIMAT0024610	0.883610800649711
5660	NKD1	ENSG00000140807	hsa-miR-92a-1-5p	MIMAT0004507	0.883609562492944
5661	VDR	ENSG00000111424	hsa-miR-765	MIMAT0003945	0.883591028253433
5662	LCOR	ENSG00000196233	hsa-miR-6758-5p	MIMAT0027416	0.883560736173528
5663	ARID3B	ENSG00000179361	hsa-miR-4685-5p	MIMAT0019771	0.883553462866407
5664	CLN3	ENSG00000188603	hsa-miR-661	MIMAT0003324	0.883538478798728
5665	ANKRD13A	ENSG00000076513	hsa-miR-765	MIMAT0003945	0.883532726697168
5666	ANOS1	ENSG00000011201	hsa-miR-6783-5p	MIMAT0027466	0.883510358887669
5667	UBE4B	ENSG00000130939	hsa-miR-4687-3p	MIMAT0019775	0.88349800580943
5668	SCN2A	ENSG00000136531	hsa-miR-1252-3p	MIMAT0026744	0.883482323420527
5669	RGPD4	ENSG00000196862	hsa-miR-224-5p	MIMAT0000281	0.883476653232177
5670	SPOCK1	ENSG00000152377	hsa-miR-765	MIMAT0003945	0.883472952638563
5671	PDE10A	ENSG00000112541	hsa-miR-224-5p	MIMAT0000281	0.883446661323536
5672	LPP	ENSG00000145012	hsa-miR-224-5p	MIMAT0000281	0.883435957111932
5673	PIK3IP1	ENSG00000100100	hsa-miR-5008-5p	MIMAT0021039	0.883352834625845
5674	ITPRID2	ENSG00000138434	hsa-miR-4458	MIMAT0018980	0.883347367574762
5675	RAMP3	ENSG00000122679	hsa-miR-7157-3p	MIMAT0028225	0.883339877277358
5676	BMP6	ENSG00000153162	hsa-miR-940	MIMAT0004983	0.88333613486389
5677	SLC30A10	ENSG00000196660	hsa-miR-21-5p	MIMAT0000076	0.883333751134211
5678	TNC	ENSG00000041982	hsa-miR-224-5p	MIMAT0000281	0.883332241837676
5679	ARHGEF12	ENSG00000196914	hsa-miR-130a-5p	MIMAT0004593	0.883327330439819
5680	IL5RA	ENSG00000091181	hsa-miR-5008-5p	MIMAT0021039	0.883325228536877
5681	IQGAP1	ENSG00000140575	hsa-miR-940	MIMAT0004983	0.883325008682369
5682	TMEM200C	ENSG00000206432	hsa-miR-130a-5p	MIMAT0004593	0.883244153592246
5683	NTPCR	ENSG00000135778	hsa-miR-4695-5p	MIMAT0019788	0.883242094524577
5684	DDX6	ENSG00000110367	hsa-miR-4292	MIMAT0016919	0.883240231538981
5685	PDCD6IP	ENSG00000170248	hsa-miR-1252-3p	MIMAT0026744	0.883221771474356
5686	PRKAA2	ENSG00000162409	hsa-miR-1252-3p	MIMAT0026744	0.883221147736556
5687	ITGB3	ENSG00000259207	hsa-miR-4695-5p	MIMAT0019788	0.883219211203617
5688	CKAP2L	ENSG00000169607	hsa-miR-130a-5p	MIMAT0004593	0.883190405403355
5689	TRIM29	ENSG00000137699	hsa-miR-6783-5p	MIMAT0027466	0.883187293422111
5690	RAB11FIP1	ENSG00000156675	hsa-miR-6127	MIMAT0024610	0.883165385670974
5691	SYNC	ENSG00000162520	hsa-miR-224-5p	MIMAT0000281	0.883142135961027
5692	LSM8	ENSG00000128534	hsa-miR-625-3p	MIMAT0004808	0.883111518531802
5693	DDI2	ENSG00000197312	hsa-miR-7855-5p	MIMAT0030430	0.883105311375455
5694	KSR2	ENSG00000171435	hsa-miR-940	MIMAT0004983	0.883081898335731
5695	RORB	ENSG00000198963	hsa-miR-130a-5p	MIMAT0004593	0.883076651437256
5696	MGAT4A	ENSG00000071073	hsa-miR-6127	MIMAT0024610	0.883064075814342
5697	RALGAPB	ENSG00000170471	hsa-miR-4695-5p	MIMAT0019788	0.8830499580071
5698	KCNA2	ENSG00000177301	hsa-miR-6758-5p	MIMAT0027416	0.883038688313928
5699	ACKR4	ENSG00000129048	hsa-miR-6783-5p	MIMAT0027466	0.883031131726926
5700	ANKRD66	ENSG00000230062	hsa-miR-1252-3p	MIMAT0026744	0.882995946320993
5701	TMEM117	ENSG00000139173	hsa-miR-4465	MIMAT0018992	0.882987700989254
5702	ST8SIA3	ENSG00000177511	hsa-miR-657	MIMAT0003335	0.882984161799724
5703	RASSF6	ENSG00000169435	hsa-miR-4687-3p	MIMAT0019775	0.88296647688581
5704	KLK4	ENSG00000167749	hsa-miR-92a-1-5p	MIMAT0004507	0.882933018844654
5705	NDE1	ENSG00000072864	hsa-miR-4695-5p	MIMAT0019788	0.882932271857495
5706	OR2H2	ENSG00000204657	hsa-miR-6127	MIMAT0024610	0.882918223729094
5707	RPS6KA5	ENSG00000100784	hsa-miR-661	MIMAT0003324	0.882895819228032
5708	CXCL9	ENSG00000138755	hsa-miR-92a-1-5p	MIMAT0004507	0.882893205760249
5709	ZNF346	ENSG00000113761	hsa-miR-5008-5p	MIMAT0021039	0.88287894250579
5710	NRSN2	ENSG00000125841	hsa-miR-6822-3p	MIMAT0027545	0.88286727198793
5711	PPP1R3D	ENSG00000132825	hsa-miR-4695-5p	MIMAT0019788	0.882830469941556
5712	CEP78	ENSG00000148019	hsa-miR-8056	MIMAT0030983	0.882821711552588
5713	KIF15	ENSG00000163808	hsa-miR-130a-5p	MIMAT0004593	0.882803545810079
5714	ALDH5A1	ENSG00000112294	hsa-miR-183-5p	MIMAT0000261	0.882796848070338
5715	LRRC1	ENSG00000137269	hsa-miR-130a-5p	MIMAT0004593	0.882771930995456
5716	NRP1	ENSG00000099250	hsa-miR-1252-3p	MIMAT0026744	0.88274808984631
5717	SLC25A23	ENSG00000125648	hsa-miR-92a-1-5p	MIMAT0004507	0.88274450371124
5718	NOD2	ENSG00000167207	hsa-miR-661	MIMAT0003324	0.882715074708328
5719	SLC29A1	ENSG00000112759	hsa-miR-940	MIMAT0004983	0.882698652139827
5720	PTPRD	ENSG00000153707	hsa-miR-4465	MIMAT0018992	0.882691986940107
5721	CDH26	ENSG00000124215	hsa-miR-6783-5p	MIMAT0027466	0.882687015633027
5722	TANC2	ENSG00000170921	hsa-miR-4465	MIMAT0018992	0.88268074892153
5723	CCDC85C	ENSG00000205476	hsa-miR-4292	MIMAT0016919	0.882673063430456
5724	NAV1	ENSG00000134369	hsa-miR-7855-5p	MIMAT0030430	0.882665777368778
5725	DPT	ENSG00000143196	hsa-miR-8056	MIMAT0030983	0.882664558728187
5726	SEMA3F	ENSG00000001617	hsa-miR-940	MIMAT0004983	0.882655021293724
5727	PPARGC1B	ENSG00000155846	hsa-miR-4685-5p	MIMAT0019771	0.882632340309148
5728	SLC2A3	ENSG00000059804	hsa-miR-6127	MIMAT0024610	0.882626331193132
5729	MPV17L	ENSG00000156968	hsa-miR-1252-3p	MIMAT0026744	0.88262600040293
5730	CSF1	ENSG00000184371	hsa-miR-661	MIMAT0003324	0.882624199692195
5731	CTSC	ENSG00000109861	hsa-miR-4458	MIMAT0018980	0.882568233077446
5732	CHD9	ENSG00000177200	hsa-miR-1911-5p	MIMAT0007885	0.882563661792744
5733	PSD4	ENSG00000125637	hsa-miR-4695-5p	MIMAT0019788	0.882544518877146
5734	MCC	ENSG00000171444	hsa-miR-1252-3p	MIMAT0026744	0.882523710397649
5735	AC011473.4	ENSG00000269741	hsa-miR-6822-3p	MIMAT0027545	0.882519839423062
5736	RAB1A	ENSG00000138069	hsa-miR-4687-3p	MIMAT0019775	0.882511592614688
5737	TMC5	ENSG00000103534	hsa-miR-224-5p	MIMAT0000281	0.882485637896307
5738	SPOCK1	ENSG00000152377	hsa-miR-4687-3p	MIMAT0019775	0.882465791150328
5739	LARP1	ENSG00000155506	hsa-miR-6783-5p	MIMAT0027466	0.882435887423127
5740	BRPF3	ENSG00000096070	hsa-miR-3682-5p	MIMAT0019222	0.882435852306731
5741	ERVV-2	ENSG00000268964	hsa-miR-4695-5p	MIMAT0019788	0.882430527359929
5742	OSTN	ENSG00000188729	hsa-miR-6783-5p	MIMAT0027466	0.882427312935635
5743	AC098582.1	ENSG00000287542	hsa-miR-4446-3p	MIMAT0018965	0.882399389873996
5744	CYP4A22	ENSG00000162365	hsa-miR-940	MIMAT0004983	0.882389579632055
5745	SYTL4	ENSG00000102362	hsa-miR-661	MIMAT0003324	0.882312032752015
5746	SNRNP70	ENSG00000104852	hsa-miR-4746-3p	MIMAT0019881	0.88230357771827
5747	FGD3	ENSG00000127084	hsa-miR-4695-5p	MIMAT0019788	0.882259047582116
5748	POLG	ENSG00000140521	hsa-miR-7855-5p	MIMAT0030430	0.882247909460605
5749	STAT3	ENSG00000168610	hsa-miR-21-5p	MIMAT0000076	0.882247126822941
5750	XPR1	ENSG00000143324	hsa-miR-1252-3p	MIMAT0026744	0.882246283175474
5751	ACOX1	ENSG00000161533	hsa-miR-4685-5p	MIMAT0019771	0.882244425644313
5752	THSD7B	ENSG00000144229	hsa-miR-183-5p	MIMAT0000261	0.882202262933445
5753	LYPD1	ENSG00000150551	hsa-miR-4687-3p	MIMAT0019775	0.882198494193624
5754	KCNJ6	ENSG00000157542	hsa-miR-940	MIMAT0004983	0.882195159194492
5755	KSR2	ENSG00000171435	hsa-miR-4446-3p	MIMAT0018965	0.88219298781308
5756	UCK2	ENSG00000143179	hsa-miR-940	MIMAT0004983	0.882181909819189
5757	MICALL1	ENSG00000100139	hsa-miR-7855-5p	MIMAT0030430	0.882144789001824
5758	QSER1	ENSG00000060749	hsa-miR-92a-1-5p	MIMAT0004507	0.882116292329397
5759	NNT	ENSG00000112992	hsa-miR-7855-5p	MIMAT0030430	0.882085728821109
5760	ATP8A1	ENSG00000124406	hsa-miR-6758-5p	MIMAT0027416	0.88206989433695
5761	RNF220	ENSG00000187147	hsa-miR-4292	MIMAT0016919	0.882065537226875
5762	BNC2	ENSG00000173068	hsa-miR-7855-5p	MIMAT0030430	0.882056378554993
5763	IKZF4	ENSG00000123411	hsa-miR-765	MIMAT0003945	0.882048690617924
5764	TRAPPC3	ENSG00000054116	hsa-miR-6127	MIMAT0024610	0.882046368277994
5765	GRIN2B	ENSG00000273079	hsa-miR-940	MIMAT0004983	0.882000201606663
5766	RAD9A	ENSG00000172613	hsa-miR-4446-3p	MIMAT0018965	0.88195407568674
5767	SYT15	ENSG00000204176	hsa-miR-4446-3p	MIMAT0018965	0.88194302654253
5768	PAICS	ENSG00000128050	hsa-miR-6127	MIMAT0024610	0.881942532167217
5769	CHCHD5	ENSG00000125611	hsa-miR-940	MIMAT0004983	0.881923642505854
5770	ZHX2	ENSG00000178764	hsa-miR-1252-3p	MIMAT0026744	0.881900706921802
5771	NPAS3	ENSG00000151322	hsa-miR-1252-3p	MIMAT0026744	0.881898868750785
5772	ZNF680	ENSG00000173041	hsa-miR-4465	MIMAT0018992	0.881881374250606
5773	SCHIP1	ENSG00000151967	hsa-miR-940	MIMAT0004983	0.881863777576663
5774	NBPF10	ENSG00000271425	hsa-miR-4446-3p	MIMAT0018965	0.881844179793993
5775	ZDHHC18	ENSG00000204160	hsa-miR-4292	MIMAT0016919	0.881836551351358
5776	HDAC10	ENSG00000100429	hsa-miR-4685-5p	MIMAT0019771	0.881824954382916
5777	AC018362.3	ENSG00000285942	hsa-miR-7855-5p	MIMAT0030430	0.88181648273127
5778	ADAM15	ENSG00000143537	hsa-miR-4458	MIMAT0018980	0.881810865918624
5779	TRIM44	ENSG00000166326	hsa-miR-130a-5p	MIMAT0004593	0.881801582103416
5780	EPM2AIP1	ENSG00000178567	hsa-miR-940	MIMAT0004983	0.881779447713164
5781	FARSB	ENSG00000116120	hsa-miR-183-5p	MIMAT0000261	0.881766678146471
5782	ZADH2	ENSG00000180011	hsa-miR-1252-3p	MIMAT0026744	0.881749996361765
5783	C17orf100	ENSG00000256806	hsa-miR-4687-3p	MIMAT0019775	0.881749264210808
5784	SLK	ENSG00000065613	hsa-miR-4458	MIMAT0018980	0.881748781672364
5785	PIP5K1A	ENSG00000143398	hsa-miR-183-5p	MIMAT0000261	0.881707749729464
5786	RILPL1	ENSG00000188026	hsa-miR-4292	MIMAT0016919	0.881699802409979
5787	KCNK15	ENSG00000124249	hsa-miR-5008-5p	MIMAT0021039	0.881659263782388
5788	SOGA1	ENSG00000149639	hsa-miR-4446-3p	MIMAT0018965	0.881657508764974
5789	EIF2S3B	ENSG00000180574	hsa-miR-4687-3p	MIMAT0019775	0.881632974386828
5790	FAM117A	ENSG00000121104	hsa-miR-940	MIMAT0004983	0.881620538760332
5791	DCLK1	ENSG00000133083	hsa-miR-6758-5p	MIMAT0027416	0.88160560184984
5792	DENND1A	ENSG00000119522	hsa-miR-4292	MIMAT0016919	0.881598983925725
5793	CHTF8	ENSG00000168802	hsa-miR-4685-5p	MIMAT0019771	0.881573851246208
5794	B3GALT5	ENSG00000183778	hsa-miR-661	MIMAT0003324	0.881558318050654
5795	INHBC	ENSG00000175189	hsa-miR-661	MIMAT0003324	0.881552931098061
5796	OPCML	ENSG00000183715	hsa-miR-4465	MIMAT0018992	0.881530067635404
5797	NDFIP1	ENSG00000131507	hsa-miR-1252-3p	MIMAT0026744	0.881519980351399
5798	AL358113.1	ENSG00000285130	hsa-miR-7157-3p	MIMAT0028225	0.881509570537331
5799	ABRAXAS2	ENSG00000165660	hsa-miR-183-5p	MIMAT0000261	0.881506773963006
5800	TRAPPC1	ENSG00000170043	hsa-miR-7157-3p	MIMAT0028225	0.881500563098719
5801	UBE2W	ENSG00000104343	hsa-miR-625-3p	MIMAT0004808	0.881498745327714
5802	DNAJC10	ENSG00000077232	hsa-miR-7855-5p	MIMAT0030430	0.881496231629621
5803	ICA1L	ENSG00000163596	hsa-miR-1252-3p	MIMAT0026744	0.881467213656797
5804	SDC3	ENSG00000162512	hsa-miR-4695-5p	MIMAT0019788	0.881448400428799
5805	DOCK4	ENSG00000128512	hsa-miR-3682-5p	MIMAT0019222	0.881431707373316
5806	NEK9	ENSG00000119638	hsa-miR-940	MIMAT0004983	0.881335167849918
5807	C17orf113	ENSG00000267221	hsa-miR-4695-5p	MIMAT0019788	0.881317367174141
5808	ARHGAP29	ENSG00000137962	hsa-miR-5008-5p	MIMAT0021039	0.881306577733978
5809	AMMECR1L	ENSG00000144233	hsa-miR-765	MIMAT0003945	0.881285171182639
5810	INTS2	ENSG00000108506	hsa-miR-4458	MIMAT0018980	0.881260272784407
5811	PTBP3	ENSG00000119314	hsa-miR-1252-3p	MIMAT0026744	0.881238319584168
5812	CEP57	ENSG00000166037	hsa-miR-661	MIMAT0003324	0.881228078253039
5813	NFKB1	ENSG00000109320	hsa-miR-6758-5p	MIMAT0027416	0.881210406432397
5814	FAM47E	ENSG00000189157	hsa-miR-224-5p	MIMAT0000281	0.881191115010171
5815	ABCF2	ENSG00000033050	hsa-miR-940	MIMAT0004983	0.881170019686781
5816	TRIM44	ENSG00000166326	hsa-miR-4685-5p	MIMAT0019771	0.881149040025752
5817	SDK1	ENSG00000146555	hsa-miR-765	MIMAT0003945	0.881146601222824
5818	DLGAP2	ENSG00000198010	hsa-miR-765	MIMAT0003945	0.881138686120509
5819	MMP24	ENSG00000125966	hsa-miR-7157-3p	MIMAT0028225	0.881127882417198
5820	SP3	ENSG00000172845	hsa-miR-940	MIMAT0004983	0.881123821310085
5821	SNX19	ENSG00000120451	hsa-miR-4695-5p	MIMAT0019788	0.881115705047693
5822	SYNCRIP	ENSG00000135316	hsa-miR-4458	MIMAT0018980	0.881064841564599
5823	SMARCAD1	ENSG00000163104	hsa-miR-1252-3p	MIMAT0026744	0.881056265129521
5824	MARCHF7	ENSG00000136536	hsa-miR-183-5p	MIMAT0000261	0.881055708876812
5825	LRAT	ENSG00000121207	hsa-miR-224-5p	MIMAT0000281	0.881055235065324
5826	SEC61A2	ENSG00000065665	hsa-miR-765	MIMAT0003945	0.881037450883139
5827	ATXN10	ENSG00000130638	hsa-miR-21-5p	MIMAT0000076	0.881011176918105
5828	BEND3	ENSG00000178409	hsa-miR-7157-3p	MIMAT0028225	0.881008157888511
5829	B4GALNT1	ENSG00000135454	hsa-miR-4695-5p	MIMAT0019788	0.880991228474483
5830	CRCP	ENSG00000241258	hsa-miR-661	MIMAT0003324	0.880981697812543
5831	CALCOCO2	ENSG00000136436	hsa-miR-4446-3p	MIMAT0018965	0.880959200216676
5832	MLX	ENSG00000108788	hsa-miR-4687-3p	MIMAT0019775	0.880945761218905
5833	GSK3B	ENSG00000082701	hsa-miR-224-5p	MIMAT0000281	0.880913370624294
5834	CALCOCO2	ENSG00000136436	hsa-miR-940	MIMAT0004983	0.880908101845319
5835	RBM28	ENSG00000106344	hsa-miR-4446-3p	MIMAT0018965	0.880901800562747
5836	INHBB	ENSG00000163083	hsa-miR-4465	MIMAT0018992	0.880860325084225
5837	CCDC88A	ENSG00000115355	hsa-miR-3682-5p	MIMAT0019222	0.880826558934206
5838	USP2	ENSG00000036672	hsa-miR-4685-5p	MIMAT0019771	0.88082183375967
5839	FAM83F	ENSG00000133477	hsa-miR-1252-3p	MIMAT0026744	0.880815875998799
5840	FBXW7	ENSG00000109670	hsa-miR-92a-1-5p	MIMAT0004507	0.8807633916892
5841	CEP78	ENSG00000148019	hsa-miR-1252-3p	MIMAT0026744	0.880753312659291
5842	LIPG	ENSG00000101670	hsa-miR-1252-3p	MIMAT0026744	0.880744586427403
5843	GRPEL2	ENSG00000164284	hsa-miR-1252-3p	MIMAT0026744	0.88073274859125
5844	ZNF207	ENSG00000010244	hsa-miR-1252-3p	MIMAT0026744	0.880727984144364
5845	NR2C1	ENSG00000120798	hsa-miR-224-5p	MIMAT0000281	0.880723503913531
5846	KLRD1	ENSG00000134539	hsa-miR-21-5p	MIMAT0000076	0.880721407782934
5847	TNRC6B	ENSG00000100354	hsa-miR-7855-5p	MIMAT0030430	0.880711642959127
5848	ELF4	ENSG00000102034	hsa-miR-661	MIMAT0003324	0.880691293158983
5849	UBN2	ENSG00000157741	hsa-miR-130a-5p	MIMAT0004593	0.880681490688854
5850	KCTD9	ENSG00000104756	hsa-miR-1252-3p	MIMAT0026744	0.88067715018838
5851	CANT1	ENSG00000171302	hsa-miR-224-5p	MIMAT0000281	0.880643821232339
5852	ESPL1	ENSG00000135476	hsa-miR-765	MIMAT0003945	0.880642927149349
5853	NDUFB4	ENSG00000065518	hsa-miR-940	MIMAT0004983	0.880607352060812
5854	MTA3	ENSG00000057935	hsa-miR-765	MIMAT0003945	0.88059962726153
5855	CENPN	ENSG00000166451	hsa-miR-4695-5p	MIMAT0019788	0.880584579851459
5856	XPNPEP2	ENSG00000122121	hsa-miR-4687-3p	MIMAT0019775	0.88057477393412
5857	ZNF362	ENSG00000160094	hsa-miR-661	MIMAT0003324	0.880555899519091
5858	MSI2	ENSG00000153944	hsa-miR-183-5p	MIMAT0000261	0.880534133182888
5859	CNKSR3	ENSG00000153721	hsa-miR-1252-3p	MIMAT0026744	0.880529267176096
5860	FAXDC2	ENSG00000170271	hsa-miR-6783-5p	MIMAT0027466	0.880519914558408
5861	MFHAS1	ENSG00000147324	hsa-miR-765	MIMAT0003945	0.880510435065984
5862	GREM1	ENSG00000166923	hsa-miR-765	MIMAT0003945	0.880488353072881
5863	NBPF15	ENSG00000266338	hsa-miR-1252-3p	MIMAT0026744	0.880481651612448
5864	NUAK1	ENSG00000074590	hsa-miR-1252-3p	MIMAT0026744	0.880472783358154
5865	PCDH17	ENSG00000118946	hsa-miR-7157-3p	MIMAT0028225	0.880460019772671
5866	ATG7	ENSG00000197548	hsa-miR-765	MIMAT0003945	0.880442519057992
5867	PIGV	ENSG00000060642	hsa-miR-4695-5p	MIMAT0019788	0.880438175644995
5868	ELF3	ENSG00000163435	hsa-miR-4685-5p	MIMAT0019771	0.880416492741769
5869	ZBTB45	ENSG00000119574	hsa-miR-6127	MIMAT0024610	0.880394905172838
5870	ATP6V0B	ENSG00000117410	hsa-miR-940	MIMAT0004983	0.8803932852018
5871	AC242842.3	ENSG00000286185	hsa-miR-661	MIMAT0003324	0.880389871082195
5872	CAP1	ENSG00000131236	hsa-miR-940	MIMAT0004983	0.880379667358374
5873	CLTCL1	ENSG00000070371	hsa-miR-661	MIMAT0003324	0.88036559022997
5874	MTO1	ENSG00000135297	hsa-miR-130a-5p	MIMAT0004593	0.880356303888095
5875	NUP98	ENSG00000110713	hsa-miR-940	MIMAT0004983	0.880350468996835
5876	SRSF4	ENSG00000116350	hsa-miR-7157-3p	MIMAT0028225	0.880336719680311
5877	AKTIP	ENSG00000166971	hsa-miR-224-5p	MIMAT0000281	0.880316497433528
5878	KAAG1	ENSG00000146049	hsa-miR-4687-3p	MIMAT0019775	0.880308467299254
5879	PHLPP2	ENSG00000040199	hsa-miR-657	MIMAT0003335	0.880285796347992
5880	KCNK10	ENSG00000100433	hsa-miR-21-5p	MIMAT0000076	0.880280986290679
5881	VGLL3	ENSG00000206538	hsa-miR-6783-5p	MIMAT0027466	0.880256109993037
5882	SERTAD1	ENSG00000197019	hsa-miR-4687-3p	MIMAT0019775	0.880254834764756
5883	AC022384.1	ENSG00000272410	hsa-miR-1252-3p	MIMAT0026744	0.880244651991673
5884	ENOSF1	ENSG00000132199	hsa-miR-6127	MIMAT0024610	0.880242983223731
5885	PRKAB2	ENSG00000131791	hsa-miR-4695-5p	MIMAT0019788	0.880216875389177
5886	FGF14	ENSG00000102466	hsa-miR-6758-5p	MIMAT0027416	0.880213032869104
5887	AL583836.1	ENSG00000276490	hsa-miR-92a-1-5p	MIMAT0004507	0.880209002666482
5888	KMT2A	ENSG00000118058	hsa-miR-6758-5p	MIMAT0027416	0.88019493081851
5889	PTPN14	ENSG00000152104	hsa-miR-1252-3p	MIMAT0026744	0.880179589381537
5890	PTPN18	ENSG00000072135	hsa-miR-661	MIMAT0003324	0.880141143837428
5891	TMEM59	ENSG00000116209	hsa-miR-7157-3p	MIMAT0028225	0.880116568601878
5892	ZZZ3	ENSG00000036549	hsa-miR-940	MIMAT0004983	0.88011297823362
5893	SMIM8	ENSG00000111850	hsa-miR-183-5p	MIMAT0000261	0.880110239416431
5894	RASA2	ENSG00000155903	hsa-miR-1252-3p	MIMAT0026744	0.880108421457034
5895	DENND1B	ENSG00000213047	hsa-miR-940	MIMAT0004983	0.880108155936455
5896	LSM8	ENSG00000128534	hsa-miR-224-5p	MIMAT0000281	0.880106300745343
5897	GPRIN3	ENSG00000185477	hsa-miR-940	MIMAT0004983	0.880090603747314
5898	CCNJ	ENSG00000107443	hsa-miR-4458	MIMAT0018980	0.880085151687794
5899	STK24	ENSG00000102572	hsa-miR-1252-3p	MIMAT0026744	0.880083606146173
5900	SYS1-DBNDD2	ENSG00000254806	hsa-miR-765	MIMAT0003945	0.880077366441152
5901	SPINDOC	ENSG00000168005	hsa-miR-4458	MIMAT0018980	0.880070626665723
5902	HBP1	ENSG00000105856	hsa-miR-21-5p	MIMAT0000076	0.88006902452577
5903	ATP5F1A	ENSG00000152234	hsa-miR-4465	MIMAT0018992	0.880032852378397
5904	SEMA6A	ENSG00000092421	hsa-miR-765	MIMAT0003945	0.880027342999832
5905	LMLN	ENSG00000185621	hsa-miR-4687-3p	MIMAT0019775	0.880007945219629
5906	SFRP2	ENSG00000145423	hsa-miR-224-5p	MIMAT0000281	0.880003961575905
5907	ZNF778	ENSG00000170100	hsa-miR-765	MIMAT0003945	0.879973896369082
5908	BLACAT1	ENSG00000281406	hsa-miR-6127	MIMAT0024610	0.879970284329956
5909	ZNF710	ENSG00000140548	hsa-miR-4695-5p	MIMAT0019788	0.879921207354805
5910	CDR2	ENSG00000140743	hsa-miR-5008-5p	MIMAT0021039	0.879914025009578
5911	HEMK1	ENSG00000114735	hsa-miR-4695-5p	MIMAT0019788	0.87991144421824
5912	SHANK3	ENSG00000251322	hsa-miR-4695-5p	MIMAT0019788	0.879901023360794
5913	MYRIP	ENSG00000170011	hsa-miR-940	MIMAT0004983	0.879889024881324
5914	YAF2	ENSG00000015153	hsa-miR-1252-3p	MIMAT0026744	0.879884849714797
5915	RAB11FIP5	ENSG00000135631	hsa-miR-6127	MIMAT0024610	0.879837707525
5916	STING1	ENSG00000184584	hsa-miR-6127	MIMAT0024610	0.879820743815611
5917	SPOPL	ENSG00000144228	hsa-miR-1252-3p	MIMAT0026744	0.879817858287751
5918	CSF2RA	ENSG00000198223	hsa-miR-765	MIMAT0003945	0.879779252848936
5919	SMARCD1	ENSG00000066117	hsa-miR-4685-5p	MIMAT0019771	0.879777301789686
5920	SOWAHA	ENSG00000198944	hsa-miR-92a-1-5p	MIMAT0004507	0.879750787832608
5921	STIM1	ENSG00000167323	hsa-miR-6783-5p	MIMAT0027466	0.879747543060664
5922	ZXDA	ENSG00000198205	hsa-miR-130a-5p	MIMAT0004593	0.879730909588921
5923	HTR1B	ENSG00000135312	hsa-miR-224-5p	MIMAT0000281	0.879691223442972
5924	RUFY3	ENSG00000018189	hsa-miR-1252-3p	MIMAT0026744	0.879680353411071
5925	KHDC4	ENSG00000132680	hsa-miR-1252-3p	MIMAT0026744	0.879678810161028
5926	VASH2	ENSG00000143494	hsa-miR-21-5p	MIMAT0000076	0.879669591266264
5927	APCDD1L	ENSG00000198768	hsa-miR-5008-5p	MIMAT0021039	0.879633320245276
5928	GPR153	ENSG00000158292	hsa-miR-765	MIMAT0003945	0.879618620502062
5929	CAST	ENSG00000153113	hsa-miR-224-5p	MIMAT0000281	0.879614034883213
5930	SYT10	ENSG00000110975	hsa-miR-4465	MIMAT0018992	0.879613717403881
5931	PHLPP2	ENSG00000040199	hsa-miR-4292	MIMAT0016919	0.879534612888068
5932	NACA	ENSG00000196531	hsa-miR-765	MIMAT0003945	0.879515326550985
5933	FAT4	ENSG00000196159	hsa-miR-1252-3p	MIMAT0026744	0.879514960478363
5934	IQCG	ENSG00000114473	hsa-miR-940	MIMAT0004983	0.879512954228151
5935	ZNF875	ENSG00000181666	hsa-miR-6783-5p	MIMAT0027466	0.879510061178361
5936	CNOT4	ENSG00000080802	hsa-miR-4465	MIMAT0018992	0.879509962193521
5937	CFL2	ENSG00000165410	hsa-miR-130a-5p	MIMAT0004593	0.879506486907343
5938	TRANK1	ENSG00000168016	hsa-miR-4458	MIMAT0018980	0.87950083989242
5939	CPD	ENSG00000108582	hsa-miR-4458	MIMAT0018980	0.879454008066742
5940	ZC3H10	ENSG00000135482	hsa-miR-6127	MIMAT0024610	0.879436448357912
5941	CD84	ENSG00000066294	hsa-miR-1252-3p	MIMAT0026744	0.879412629162269
5942	TRIM13	ENSG00000204977	hsa-miR-6783-5p	MIMAT0027466	0.879409875335847
5943	NNT	ENSG00000112992	hsa-miR-1252-3p	MIMAT0026744	0.879389668942594
5944	MMP16	ENSG00000156103	hsa-miR-661	MIMAT0003324	0.879322359293061
5945	MRPS11	ENSG00000181991	hsa-miR-4695-5p	MIMAT0019788	0.879321718967551
5946	SRSF11	ENSG00000116754	hsa-miR-625-3p	MIMAT0004808	0.879321306728135
5947	ATE1	ENSG00000107669	hsa-miR-940	MIMAT0004983	0.879320940375061
5948	BCAS4	ENSG00000124243	hsa-miR-940	MIMAT0004983	0.879304837738095
5949	ST3GAL2	ENSG00000157350	hsa-miR-765	MIMAT0003945	0.879284711490562
5950	GPR101	ENSG00000165370	hsa-miR-5008-5p	MIMAT0021039	0.879282048421559
5951	TMEM101	ENSG00000091947	hsa-miR-765	MIMAT0003945	0.87927456113905
5952	SLC1A7	ENSG00000162383	hsa-miR-765	MIMAT0003945	0.879253258918001
5953	BOD1	ENSG00000145919	hsa-miR-4465	MIMAT0018992	0.879242713561104
5954	STK40	ENSG00000196182	hsa-miR-4446-3p	MIMAT0018965	0.879232477760653
5955	STXBP4	ENSG00000166263	hsa-miR-183-5p	MIMAT0000261	0.879231678961769
5956	IL17RA	ENSG00000177663	hsa-miR-4446-3p	MIMAT0018965	0.879230480925296
5957	KLF16	ENSG00000129911	hsa-miR-1911-5p	MIMAT0007885	0.879141619560436
5958	PPAT	ENSG00000128059	hsa-miR-4685-5p	MIMAT0019771	0.879123881729813
5959	GNAI3	ENSG00000065135	hsa-miR-1252-3p	MIMAT0026744	0.879108248626594
5960	PLAGL2	ENSG00000126003	hsa-miR-657	MIMAT0003335	0.879077482528125
5961	PMEPA1	ENSG00000124225	hsa-miR-940	MIMAT0004983	0.879072949216752
5962	NRIP2	ENSG00000053702	hsa-miR-5008-5p	MIMAT0021039	0.879025260909388
5963	CHD4	ENSG00000111642	hsa-miR-4458	MIMAT0018980	0.879018260042136
5964	CASTOR2	ENSG00000274070	hsa-miR-657	MIMAT0003335	0.879007930160973
5965	THBS2	ENSG00000186340	hsa-miR-6783-5p	MIMAT0027466	0.879004581893367
5966	MAF	ENSG00000178573	hsa-miR-6783-5p	MIMAT0027466	0.878998881102162
5967	KLF13	ENSG00000169926	hsa-miR-4685-5p	MIMAT0019771	0.878997144623177
5968	DOCK9	ENSG00000088387	hsa-miR-183-5p	MIMAT0000261	0.87896129002097
5969	FZD3	ENSG00000104290	hsa-miR-4458	MIMAT0018980	0.878959158240232
5970	MACROD2	ENSG00000172264	hsa-miR-1252-3p	MIMAT0026744	0.878945897064988
5971	PGR	ENSG00000082175	hsa-miR-765	MIMAT0003945	0.878939900168437
5972	FAM53C	ENSG00000120709	hsa-miR-4695-5p	MIMAT0019788	0.878937768308928
5973	PDE2A	ENSG00000186642	hsa-miR-5008-5p	MIMAT0021039	0.878926829098441
5974	EID1	ENSG00000255302	hsa-miR-765	MIMAT0003945	0.878925999206151
5975	LANCL3	ENSG00000147036	hsa-miR-940	MIMAT0004983	0.87890210416997
5976	NIFK	ENSG00000155438	hsa-miR-6783-5p	MIMAT0027466	0.878844332615407
5977	ABHD13	ENSG00000139826	hsa-miR-1252-3p	MIMAT0026744	0.878817162231887
5978	RGPD3	ENSG00000153165	hsa-miR-224-5p	MIMAT0000281	0.878804547884617
5979	XK	ENSG00000047597	hsa-miR-1252-3p	MIMAT0026744	0.878803635112909
5980	HADHA	ENSG00000084754	hsa-miR-4695-5p	MIMAT0019788	0.878765938839231
5981	IDS	ENSG00000010404	hsa-miR-4687-3p	MIMAT0019775	0.878757882348539
5982	CIITA	ENSG00000179583	hsa-miR-940	MIMAT0004983	0.878735966460148
5983	GUCY1A2	ENSG00000152402	hsa-miR-4687-3p	MIMAT0019775	0.878700343467137
5984	DMTF1	ENSG00000135164	hsa-miR-130a-5p	MIMAT0004593	0.878686557197917
5985	DIP2C	ENSG00000151240	hsa-miR-130a-5p	MIMAT0004593	0.878680620601458
5986	RBM12	ENSG00000244462	hsa-miR-4695-5p	MIMAT0019788	0.878658653833355
5987	TF	ENSG00000091513	hsa-miR-1252-3p	MIMAT0026744	0.878645404158083
5988	FICD	ENSG00000198855	hsa-miR-7157-3p	MIMAT0028225	0.878631949414422
5989	MXRA7	ENSG00000182534	hsa-miR-940	MIMAT0004983	0.878588836503405
5990	H3C14	ENSG00000203811	hsa-miR-4523	MIMAT0019061	0.878552640942499
5991	SERTAD3	ENSG00000167565	hsa-miR-5008-5p	MIMAT0021039	0.878474840989524
5992	ELAPOR2	ENSG00000164659	hsa-miR-6783-5p	MIMAT0027466	0.878459593682006
5993	ADAMTS14	ENSG00000138316	hsa-miR-7157-3p	MIMAT0028225	0.878431844176588
5994	RHOA	ENSG00000067560	hsa-miR-4446-3p	MIMAT0018965	0.878423463858794
5995	GPR158	ENSG00000151025	hsa-miR-1252-3p	MIMAT0026744	0.878420107709337
5996	RCC1	ENSG00000180198	hsa-miR-940	MIMAT0004983	0.878401193622857
5997	NRIP3	ENSG00000175352	hsa-miR-6127	MIMAT0024610	0.878385179805399
5998	ZDHHC23	ENSG00000184307	hsa-miR-6822-3p	MIMAT0027545	0.878383169851243
5999	CREBRF	ENSG00000164463	hsa-miR-4465	MIMAT0018992	0.878361923273857
6000	CDH7	ENSG00000081138	hsa-miR-940	MIMAT0004983	0.878348610162541
6001	TASOR	ENSG00000163946	hsa-miR-4465	MIMAT0018992	0.878344969863398
6002	PFKFB3	ENSG00000170525	hsa-miR-765	MIMAT0003945	0.87834202215957
6003	RC3H2	ENSG00000056586	hsa-miR-4465	MIMAT0018992	0.878312626529776
6004	C1GALT1	ENSG00000106392	hsa-miR-6758-5p	MIMAT0027416	0.878305439530278
6005	FRK	ENSG00000111816	hsa-miR-6758-5p	MIMAT0027416	0.878298909889032
6006	GDF5	ENSG00000125965	hsa-miR-4695-5p	MIMAT0019788	0.878296331500056
6007	ZNF718	ENSG00000250312	hsa-miR-4465	MIMAT0018992	0.878268652310918
6008	DCAF7	ENSG00000136485	hsa-miR-21-5p	MIMAT0000076	0.878256358294994
6009	TFF1	ENSG00000160182	hsa-miR-130a-5p	MIMAT0004593	0.878225760185649
6010	ZFYVE16	ENSG00000039319	hsa-miR-4458	MIMAT0018980	0.8781767789481
6011	KCNJ6	ENSG00000157542	hsa-miR-7855-5p	MIMAT0030430	0.87816652603013
6012	AP1S2	ENSG00000182287	hsa-miR-183-5p	MIMAT0000261	0.87814727863441
6013	NETO2	ENSG00000171208	hsa-miR-1252-3p	MIMAT0026744	0.878145263526674
6014	BCAT1	ENSG00000060982	hsa-miR-1252-3p	MIMAT0026744	0.878139075152861
6015	MGAT3	ENSG00000128268	hsa-miR-1252-3p	MIMAT0026744	0.878137301961637
6016	CARD17	ENSG00000255221	hsa-miR-7157-3p	MIMAT0028225	0.878111915299623
6017	SPANXN5	ENSG00000204363	hsa-miR-7855-5p	MIMAT0030430	0.878101186569414
6018	COPS5	ENSG00000121022	hsa-miR-3682-5p	MIMAT0019222	0.878087580501234
6019	EGFLAM	ENSG00000164318	hsa-miR-6822-3p	MIMAT0027545	0.878059655837282
6020	TMEM87A	ENSG00000103978	hsa-miR-1252-3p	MIMAT0026744	0.878052356563807
6021	KCNH1	ENSG00000143473	hsa-miR-7855-5p	MIMAT0030430	0.878049069786273
6022	KLHL25	ENSG00000183655	hsa-miR-4292	MIMAT0016919	0.878048962592802
6023	MICA	ENSG00000204520	hsa-miR-183-5p	MIMAT0000261	0.878040783707575
6024	MASP1	ENSG00000127241	hsa-miR-6758-5p	MIMAT0027416	0.878020774400745
6025	PLXNA3	ENSG00000130827	hsa-miR-765	MIMAT0003945	0.878011384844493
6026	PEX19	ENSG00000162735	hsa-miR-6127	MIMAT0024610	0.877995769179508
6027	GLYATL3	ENSG00000203972	hsa-miR-4685-5p	MIMAT0019771	0.877991023433324
6028	FGD1	ENSG00000102302	hsa-miR-6127	MIMAT0024610	0.877976901963349
6029	TLR4	ENSG00000136869	hsa-miR-661	MIMAT0003324	0.877972205733195
6030	HILPDA	ENSG00000135245	hsa-miR-765	MIMAT0003945	0.877954449707171
6031	MXD1	ENSG00000059728	hsa-miR-4458	MIMAT0018980	0.877954329796796
6032	SLC35F5	ENSG00000115084	hsa-miR-657	MIMAT0003335	0.877933962963918
6033	SHKBP1	ENSG00000160410	hsa-miR-5008-5p	MIMAT0021039	0.877890160810931
6034	BTG3	ENSG00000154640	hsa-miR-224-5p	MIMAT0000281	0.877880339267411
6035	DGKI	ENSG00000157680	hsa-miR-3682-5p	MIMAT0019222	0.877878873913078
6036	NONO	ENSG00000147140	hsa-miR-6822-3p	MIMAT0027545	0.877878815163725
6037	CEBPG	ENSG00000153879	hsa-miR-3682-5p	MIMAT0019222	0.877876565023859
6038	IGSF9B	ENSG00000080854	hsa-miR-940	MIMAT0004983	0.877871302267942
6039	SLC35A3	ENSG00000117620	hsa-miR-3682-5p	MIMAT0019222	0.87785286543495
6040	COL12A1	ENSG00000111799	hsa-miR-130a-5p	MIMAT0004593	0.877812274498157
6041	C15orf39	ENSG00000167173	hsa-miR-4458	MIMAT0018980	0.877798255914104
6042	GPATCH2L	ENSG00000089916	hsa-miR-1252-3p	MIMAT0026744	0.877739341345965
6043	RAB11FIP2	ENSG00000107560	hsa-miR-21-5p	MIMAT0000076	0.877736236477007
6044	COL14A1	ENSG00000187955	hsa-miR-4458	MIMAT0018980	0.877735198192917
6045	H3C15	ENSG00000203852	hsa-miR-4523	MIMAT0019061	0.877679628567233
6046	ZNF672	ENSG00000171161	hsa-miR-661	MIMAT0003324	0.877653589534534
6047	EVI5	ENSG00000067208	hsa-miR-1252-3p	MIMAT0026744	0.877608046681814
6048	YAF2	ENSG00000015153	hsa-miR-7855-5p	MIMAT0030430	0.877569075073856
6049	DYNC1I1	ENSG00000158560	hsa-miR-183-5p	MIMAT0000261	0.877563961101892
6050	PHLDB2	ENSG00000144824	hsa-miR-183-5p	MIMAT0000261	0.877546252624108
6051	LRFN3	ENSG00000126243	hsa-miR-4695-5p	MIMAT0019788	0.877540818154384
6052	TRIM21	ENSG00000132109	hsa-miR-940	MIMAT0004983	0.877514601652885
6053	TRUB2	ENSG00000167112	hsa-miR-940	MIMAT0004983	0.877509870123911
6054	DPF2	ENSG00000133884	hsa-miR-765	MIMAT0003945	0.877486001451236
6055	HIF3A	ENSG00000124440	hsa-miR-4458	MIMAT0018980	0.877448328934056
6056	TSN	ENSG00000211460	hsa-miR-661	MIMAT0003324	0.877413943200106
6057	DENND1C	ENSG00000205744	hsa-miR-6127	MIMAT0024610	0.877401016464498
6058	RALGPS2	ENSG00000116191	hsa-miR-6758-5p	MIMAT0027416	0.877376612833204
6059	NAT8L	ENSG00000185818	hsa-miR-7157-3p	MIMAT0028225	0.877370028174734
6060	IGSF9B	ENSG00000080854	hsa-miR-6758-5p	MIMAT0027416	0.877368655750174
6061	FAM162A	ENSG00000114023	hsa-miR-1252-3p	MIMAT0026744	0.877364102021234
6062	ST8SIA3	ENSG00000177511	hsa-miR-7855-5p	MIMAT0030430	0.87729975375407
6063	GAP43	ENSG00000172020	hsa-miR-6758-5p	MIMAT0027416	0.877292048782272
6064	TGFBR1	ENSG00000106799	hsa-miR-940	MIMAT0004983	0.877290890817322
6065	CANX	ENSG00000127022	hsa-miR-6127	MIMAT0024610	0.877274715806474
6066	MAPK6	ENSG00000069956	hsa-miR-224-5p	MIMAT0000281	0.87725795439348
6067	TMEM184B	ENSG00000198792	hsa-miR-7855-5p	MIMAT0030430	0.877232643609449
6068	ST8SIA3	ENSG00000177511	hsa-miR-92a-1-5p	MIMAT0004507	0.877224533827046
6069	SUMF2	ENSG00000129103	hsa-miR-4695-5p	MIMAT0019788	0.87721467541365
6070	VCL	ENSG00000035403	hsa-miR-940	MIMAT0004983	0.877212418801143
6071	DAB2	ENSG00000153071	hsa-miR-940	MIMAT0004983	0.877202056000449
6072	HDAC9	ENSG00000048052	hsa-miR-4687-3p	MIMAT0019775	0.877187514777862
6073	DMBX1	ENSG00000197587	hsa-miR-657	MIMAT0003335	0.877184409792435
6074	ZNHIT6	ENSG00000117174	hsa-miR-4465	MIMAT0018992	0.87717164023226
6075	TCF4	ENSG00000196628	hsa-miR-130a-5p	MIMAT0004593	0.877170751354113
6076	EDDM13	ENSG00000267710	hsa-miR-765	MIMAT0003945	0.877165780891489
6077	CELSR2	ENSG00000143126	hsa-miR-7855-5p	MIMAT0030430	0.877159546596332
6078	NAA50	ENSG00000121579	hsa-miR-6783-5p	MIMAT0027466	0.877157025313092
6079	PDE12	ENSG00000174840	hsa-miR-3682-5p	MIMAT0019222	0.877151805667565
6080	TTN	ENSG00000155657	hsa-miR-4465	MIMAT0018992	0.877150773925209
6081	GRAMD1B	ENSG00000023171	hsa-miR-6822-3p	MIMAT0027545	0.877115852352932
6082	ACTR3	ENSG00000115091	hsa-miR-1252-3p	MIMAT0026744	0.877101708562581
6083	MRPL20	ENSG00000242485	hsa-miR-4687-3p	MIMAT0019775	0.877081924819235
6084	GMFB	ENSG00000197045	hsa-miR-4465	MIMAT0018992	0.877076588458294
6085	SIX4	ENSG00000100625	hsa-miR-130a-5p	MIMAT0004593	0.877038725602623
6086	C4orf19	ENSG00000154274	hsa-miR-4292	MIMAT0016919	0.877035777640084
6087	NPAP1	ENSG00000185823	hsa-miR-4695-5p	MIMAT0019788	0.877016389348718
6088	TMEM184B	ENSG00000198792	hsa-miR-4465	MIMAT0018992	0.876995861609753
6089	SLMAP	ENSG00000163681	hsa-miR-130a-5p	MIMAT0004593	0.876993924006059
6090	AZIN2	ENSG00000142920	hsa-miR-5008-5p	MIMAT0021039	0.876961158458403
6091	MACROH2A2	ENSG00000099284	hsa-miR-765	MIMAT0003945	0.876949195632772
6092	SIK2	ENSG00000170145	hsa-miR-657	MIMAT0003335	0.876940347524514
6093	ALKBH8	ENSG00000137760	hsa-miR-130a-5p	MIMAT0004593	0.876936389224136
6094	AL133353.2	ENSG00000285932	hsa-miR-4685-5p	MIMAT0019771	0.876933427826304
6095	PLXNA3	ENSG00000130827	hsa-miR-4695-5p	MIMAT0019788	0.876921518224884
6096	FCGR1B	ENSG00000198019	hsa-miR-224-5p	MIMAT0000281	0.876912125919581
6097	ETS1	ENSG00000134954	hsa-miR-1252-3p	MIMAT0026744	0.876894458987633
6098	CUL3	ENSG00000036257	hsa-miR-1252-3p	MIMAT0026744	0.876889869608231
6099	PLEKHG4	ENSG00000196155	hsa-miR-940	MIMAT0004983	0.87687265352731
6100	TJAP1	ENSG00000137221	hsa-miR-92a-1-5p	MIMAT0004507	0.876868472819947
6101	PHLDA1	ENSG00000139289	hsa-miR-224-5p	MIMAT0000281	0.876866939568078
6102	RUFY3	ENSG00000018189	hsa-miR-4458	MIMAT0018980	0.876849695817027
6103	EPHA7	ENSG00000135333	hsa-miR-4695-5p	MIMAT0019788	0.876837721837856
6104	NFAT5	ENSG00000102908	hsa-miR-4685-5p	MIMAT0019771	0.876837004549006
6105	RBFOX2	ENSG00000100320	hsa-miR-3682-5p	MIMAT0019222	0.876819751293259
6106	TXLNA	ENSG00000084652	hsa-miR-940	MIMAT0004983	0.876763217810932
6107	GNB1L	ENSG00000185838	hsa-miR-5008-5p	MIMAT0021039	0.876759621286258
6108	RAB3IP	ENSG00000127328	hsa-miR-6783-5p	MIMAT0027466	0.876734467854705
6109	TANC2	ENSG00000170921	hsa-miR-4695-5p	MIMAT0019788	0.876712526463494
6110	PARN	ENSG00000140694	hsa-miR-6822-3p	MIMAT0027545	0.876671726947061
6111	PNMA8A	ENSG00000182013	hsa-miR-4292	MIMAT0016919	0.876660163593377
6112	DGKG	ENSG00000058866	hsa-miR-657	MIMAT0003335	0.87664944716585
6113	CTH	ENSG00000116761	hsa-miR-4465	MIMAT0018992	0.87664125822942
6114	PRR23D2	ENSG00000255378	hsa-miR-661	MIMAT0003324	0.876640049835906
6115	DROSHA	ENSG00000113360	hsa-miR-6758-5p	MIMAT0027416	0.876626009662779
6116	MAVS	ENSG00000088888	hsa-miR-765	MIMAT0003945	0.876607720136893
6117	GAS7	ENSG00000007237	hsa-miR-4458	MIMAT0018980	0.876596652054567
6118	DRAXIN	ENSG00000162490	hsa-miR-661	MIMAT0003324	0.876594248180191
6119	NSL1	ENSG00000117697	hsa-miR-183-5p	MIMAT0000261	0.876588407843566
6120	CIP2A	ENSG00000163507	hsa-miR-1252-3p	MIMAT0026744	0.876578371346577
6121	LMO3	ENSG00000048540	hsa-miR-183-5p	MIMAT0000261	0.876564884608182
6122	KIF21B	ENSG00000116852	hsa-miR-657	MIMAT0003335	0.876564860623285
6123	TTC31	ENSG00000115282	hsa-miR-4458	MIMAT0018980	0.876560587004613
6124	C14orf132	ENSG00000227051	hsa-miR-4446-3p	MIMAT0018965	0.876551467510179
6125	GABRG3	ENSG00000182256	hsa-miR-940	MIMAT0004983	0.876549244851715
6126	ACTN4	ENSG00000130402	hsa-miR-4685-5p	MIMAT0019771	0.876543277978865
6127	ELK3	ENSG00000111145	hsa-miR-4685-5p	MIMAT0019771	0.876534570660852
6128	PHC3	ENSG00000173889	hsa-miR-1252-3p	MIMAT0026744	0.87650997914368
6129	DEPTOR	ENSG00000155792	hsa-miR-940	MIMAT0004983	0.876506722262654
6130	KLK9	ENSG00000213022	hsa-miR-6822-3p	MIMAT0027545	0.876499457715869
6131	THEM6	ENSG00000130193	hsa-miR-4695-5p	MIMAT0019788	0.876495533191191
6132	TBL1XR1	ENSG00000177565	hsa-miR-625-3p	MIMAT0004808	0.876488723432316
6133	TMX1	ENSG00000139921	hsa-miR-1252-3p	MIMAT0026744	0.876488106163374
6134	CXCL3	ENSG00000163734	hsa-miR-130a-5p	MIMAT0004593	0.876461515512722
6135	GABPB2	ENSG00000143458	hsa-miR-1252-3p	MIMAT0026744	0.876445387285187
6136	CHCHD5	ENSG00000125611	hsa-miR-4685-5p	MIMAT0019771	0.876384868303214
6137	SLC2A4	ENSG00000181856	hsa-miR-6758-5p	MIMAT0027416	0.876371397780853
6138	SEPTIN8	ENSG00000164402	hsa-miR-1252-3p	MIMAT0026744	0.876343305240644
6139	JTB	ENSG00000143543	hsa-miR-6783-5p	MIMAT0027466	0.876338154541545
6140	KSR2	ENSG00000171435	hsa-miR-6127	MIMAT0024610	0.876337174749778
6141	DNAJC15	ENSG00000120675	hsa-miR-1252-3p	MIMAT0026744	0.876336529220815
6142	TSPAN2	ENSG00000134198	hsa-miR-1252-3p	MIMAT0026744	0.876333267776546
6143	AC069544.2	ENSG00000284024	hsa-miR-657	MIMAT0003335	0.876313321619158
6144	ANKRD52	ENSG00000139645	hsa-miR-661	MIMAT0003324	0.876303727395573
6145	ZSCAN22	ENSG00000182318	hsa-miR-940	MIMAT0004983	0.876268867730901
6146	ZNF181	ENSG00000197841	hsa-miR-1252-3p	MIMAT0026744	0.8762539309827
6147	ST6GALNAC1	ENSG00000070526	hsa-miR-7157-3p	MIMAT0028225	0.876232201905529
6148	ACHE	ENSG00000087085	hsa-miR-765	MIMAT0003945	0.876228854171578
6149	DSTYK	ENSG00000133059	hsa-miR-661	MIMAT0003324	0.876170216979683
6150	UBE2I	ENSG00000103275	hsa-miR-4685-5p	MIMAT0019771	0.876159260090433
6151	MGAT4A	ENSG00000071073	hsa-miR-3682-5p	MIMAT0019222	0.876158368828285
6152	ZBTB45	ENSG00000119574	hsa-miR-765	MIMAT0003945	0.876130668431767
6153	NLGN4X	ENSG00000146938	hsa-miR-130a-5p	MIMAT0004593	0.87612490147902
6154	SCN3B	ENSG00000166257	hsa-miR-6783-5p	MIMAT0027466	0.876121277364145
6155	OSBPL10	ENSG00000144645	hsa-miR-4695-5p	MIMAT0019788	0.87609430297014
6156	FBXO15	ENSG00000141665	hsa-miR-4458	MIMAT0018980	0.876092084066062
6157	GEN1	ENSG00000178295	hsa-miR-625-3p	MIMAT0004808	0.876090676979069
6158	EPB41L4B	ENSG00000095203	hsa-miR-1252-3p	MIMAT0026744	0.876085298693128
6159	UBE2D3	ENSG00000109332	hsa-miR-21-5p	MIMAT0000076	0.876070641415673
6160	CXCL12	ENSG00000107562	hsa-miR-765	MIMAT0003945	0.876066857197439
6161	NECAB1	ENSG00000123119	hsa-miR-4695-5p	MIMAT0019788	0.876062195192195
6162	GNB5	ENSG00000069966	hsa-miR-765	MIMAT0003945	0.876057421999731
6163	CPSF7	ENSG00000149532	hsa-miR-224-5p	MIMAT0000281	0.87605218860619
6164	ALG14	ENSG00000172339	hsa-miR-224-5p	MIMAT0000281	0.876036816033865
6165	SREBF1	ENSG00000072310	hsa-miR-4695-5p	MIMAT0019788	0.876013283691416
6166	PRRC2B	ENSG00000130723	hsa-miR-4804-5p	MIMAT0019984	0.876012382613557
6167	TNFRSF13C	ENSG00000159958	hsa-miR-4695-5p	MIMAT0019788	0.876008423389065
6168	DNAJC25	ENSG00000059769	hsa-miR-6783-5p	MIMAT0027466	0.876008171804979
6169	CBLN3	ENSG00000139899	hsa-miR-765	MIMAT0003945	0.876003037797447
6170	GRM4	ENSG00000124493	hsa-miR-940	MIMAT0004983	0.876000544471334
6171	PEX2	ENSG00000164751	hsa-miR-1252-3p	MIMAT0026744	0.875981578297784
6172	DUSP22	ENSG00000112679	hsa-miR-4458	MIMAT0018980	0.875960899254205
6173	ERVV-2	ENSG00000268964	hsa-miR-6758-5p	MIMAT0027416	0.875959786148037
6174	GCA	ENSG00000115271	hsa-miR-1252-3p	MIMAT0026744	0.875943468510605
6175	PRR23D1	ENSG00000255251	hsa-miR-661	MIMAT0003324	0.875932651029047
6176	ZMYM2	ENSG00000121741	hsa-miR-183-5p	MIMAT0000261	0.875887873526968
6177	SEZ6L	ENSG00000100095	hsa-miR-21-5p	MIMAT0000076	0.875872111028456
6178	DMD	ENSG00000198947	hsa-miR-4465	MIMAT0018992	0.875828203229546
6179	SHROOM2	ENSG00000146950	hsa-miR-6783-5p	MIMAT0027466	0.875820028129607
6180	HNF1B	ENSG00000275410	hsa-miR-6783-5p	MIMAT0027466	0.875818978291038
6181	SAXO1	ENSG00000155875	hsa-miR-6783-5p	MIMAT0027466	0.875804420327105
6182	GPR26	ENSG00000154478	hsa-miR-7855-5p	MIMAT0030430	0.875801101330449
6183	NMRK1	ENSG00000106733	hsa-miR-7157-3p	MIMAT0028225	0.87579895954745
6184	HADH	ENSG00000138796	hsa-miR-6758-5p	MIMAT0027416	0.875782794557703
6185	RBM46	ENSG00000151962	hsa-miR-4465	MIMAT0018992	0.875747500476037
6186	OR8J3	ENSG00000167822	hsa-miR-657	MIMAT0003335	0.875739904389861
6187	DLGAP1	ENSG00000170579	hsa-miR-21-5p	MIMAT0000076	0.875730445288308
6188	FBXL18	ENSG00000155034	hsa-miR-940	MIMAT0004983	0.875704863002353
6189	EBF2	ENSG00000221818	hsa-miR-7157-3p	MIMAT0028225	0.875697797064531
6190	GABRA4	ENSG00000109158	hsa-miR-1252-3p	MIMAT0026744	0.875690751794779
6191	MCMDC2	ENSG00000178460	hsa-miR-21-5p	MIMAT0000076	0.875670078426011
6192	ATM	ENSG00000149311	hsa-miR-657	MIMAT0003335	0.875656572135069
6193	DCPS	ENSG00000110063	hsa-miR-4465	MIMAT0018992	0.875651074931166
6194	ARMH1	ENSG00000198520	hsa-miR-5008-5p	MIMAT0021039	0.875631103462103
6195	C8orf37	ENSG00000156172	hsa-miR-940	MIMAT0004983	0.875630733010139
6196	ZMYM3	ENSG00000147130	hsa-miR-940	MIMAT0004983	0.875612357432997
6197	HDAC10	ENSG00000100429	hsa-miR-4746-3p	MIMAT0019881	0.875590695775555
6198	CDX2	ENSG00000165556	hsa-miR-5008-5p	MIMAT0021039	0.875548716828677
6199	GRAMD2A	ENSG00000175318	hsa-miR-4685-5p	MIMAT0019771	0.875524930665097
6200	CUX1	ENSG00000257923	hsa-miR-183-5p	MIMAT0000261	0.875514530306258
6201	ADAT2	ENSG00000189007	hsa-miR-1252-3p	MIMAT0026744	0.875506413012229
6202	GPR180	ENSG00000152749	hsa-miR-1252-3p	MIMAT0026744	0.875490344678595
6203	GOLGA6L6	ENSG00000277322	hsa-miR-940	MIMAT0004983	0.875481364935488
6204	SERINC5	ENSG00000164300	hsa-miR-183-5p	MIMAT0000261	0.875406009656078
6205	S100A16	ENSG00000188643	hsa-miR-6127	MIMAT0024610	0.875392178688281
6206	DLG5	ENSG00000151208	hsa-miR-4465	MIMAT0018992	0.87538998536262
6207	DYRK1A	ENSG00000157540	hsa-miR-224-5p	MIMAT0000281	0.875373024702132
6208	SCYL2	ENSG00000136021	hsa-miR-1252-3p	MIMAT0026744	0.875366567783466
6209	GAK	ENSG00000178950	hsa-miR-765	MIMAT0003945	0.875341875081071
6210	NSUN7	ENSG00000179299	hsa-miR-3682-5p	MIMAT0019222	0.875333016718753
6211	SPON1	ENSG00000262655	hsa-miR-92a-1-5p	MIMAT0004507	0.875296599700835
6212	PHF6	ENSG00000156531	hsa-miR-224-5p	MIMAT0000281	0.875256457979829
6213	XKR4	ENSG00000206579	hsa-miR-4465	MIMAT0018992	0.875256055454569
6214	OR2A1	ENSG00000221970	hsa-miR-6783-5p	MIMAT0027466	0.875252708834223
6215	TAGLN	ENSG00000149591	hsa-miR-765	MIMAT0003945	0.87522745760332
6216	OPRD1	ENSG00000116329	hsa-miR-5008-5p	MIMAT0021039	0.875209782960894
6217	PRLR	ENSG00000113494	hsa-miR-4695-5p	MIMAT0019788	0.875161657647224
6218	SH3BGRL3	ENSG00000142669	hsa-miR-6758-5p	MIMAT0027416	0.875153340262393
6219	FIG4	ENSG00000112367	hsa-miR-1252-3p	MIMAT0026744	0.875150133768123
6220	NET1	ENSG00000173848	hsa-miR-657	MIMAT0003335	0.875130494355959
6221	MTO1	ENSG00000135297	hsa-miR-4465	MIMAT0018992	0.875130345138801
6222	PTGFRN	ENSG00000134247	hsa-miR-765	MIMAT0003945	0.875111727953243
6223	SLC25A40	ENSG00000075303	hsa-miR-4458	MIMAT0018980	0.875100462652784
6224	SMIM15	ENSG00000188725	hsa-miR-1252-3p	MIMAT0026744	0.875097129966688
6225	CNDP1	ENSG00000150656	hsa-miR-1252-3p	MIMAT0026744	0.875078450071509
6226	SLC4A4	ENSG00000080493	hsa-miR-4458	MIMAT0018980	0.875049885593651
6227	SNTB2	ENSG00000168807	hsa-miR-1252-3p	MIMAT0026744	0.875019651470748
6228	OR9Q2	ENSG00000186513	hsa-miR-6127	MIMAT0024610	0.87500631241743
6229	HCN1	ENSG00000164588	hsa-miR-657	MIMAT0003335	0.874982358831964
6230	C2orf88	ENSG00000187699	hsa-miR-7855-5p	MIMAT0030430	0.874976747384899
6231	AC118553.2	ENSG00000283761	hsa-miR-625-3p	MIMAT0004808	0.874973691719898
6232	KLHL4	ENSG00000102271	hsa-miR-92a-1-5p	MIMAT0004507	0.874955431426238
6233	PGRMC1	ENSG00000101856	hsa-miR-1252-3p	MIMAT0026744	0.874950434721836
6234	BCL6	ENSG00000113916	hsa-miR-4687-3p	MIMAT0019775	0.874924150272964
6235	MCTP2	ENSG00000140563	hsa-miR-657	MIMAT0003335	0.874915453952146
6236	RAB2B	ENSG00000129472	hsa-miR-4685-5p	MIMAT0019771	0.874899431849643
6237	KIF5C	ENSG00000168280	hsa-miR-7855-5p	MIMAT0030430	0.874876420637298
6238	RPRD2	ENSG00000163125	hsa-miR-3682-5p	MIMAT0019222	0.874862256917772
6239	ICA1	ENSG00000003147	hsa-miR-183-5p	MIMAT0000261	0.874855735971844
6240	SLC36A1	ENSG00000123643	hsa-miR-4685-5p	MIMAT0019771	0.874822530812936
6241	ADAM19	ENSG00000135074	hsa-miR-6127	MIMAT0024610	0.874791200861532
6242	POLE	ENSG00000177084	hsa-miR-4695-5p	MIMAT0019788	0.874781029754802
6243	FP565260.3	ENSG00000277117	hsa-miR-4292	MIMAT0016919	0.874766883675054
6244	KLHL21	ENSG00000162413	hsa-miR-661	MIMAT0003324	0.874753788117273
6245	TMEM165	ENSG00000134851	hsa-miR-130a-5p	MIMAT0004593	0.874737284305005
6246	TMOD1	ENSG00000136842	hsa-miR-6783-5p	MIMAT0027466	0.874716367691395
6247	ZBTB6	ENSG00000186130	hsa-miR-1252-3p	MIMAT0026744	0.874677033188068
6248	ANLN	ENSG00000011426	hsa-miR-1252-3p	MIMAT0026744	0.874642561172288
6249	ERBIN	ENSG00000112851	hsa-miR-6783-5p	MIMAT0027466	0.87462015964254
6250	MAP1A	ENSG00000166963	hsa-miR-765	MIMAT0003945	0.874610324662858
6251	CCDC184	ENSG00000177875	hsa-miR-6127	MIMAT0024610	0.874590519641371
6252	PDZD9	ENSG00000155714	hsa-miR-7855-5p	MIMAT0030430	0.874558208661224
6253	C21orf62	ENSG00000205929	hsa-miR-4695-5p	MIMAT0019788	0.874546540763412
6254	NFAT5	ENSG00000102908	hsa-miR-940	MIMAT0004983	0.874503795092232
6255	KLF3	ENSG00000109787	hsa-miR-4687-3p	MIMAT0019775	0.874492138965642
6256	ANO6	ENSG00000177119	hsa-miR-6127	MIMAT0024610	0.87447687871589
6257	AFF2	ENSG00000155966	hsa-miR-4695-5p	MIMAT0019788	0.87441938240781
6258	HNRNPUL2-BSCL2	ENSG00000234857	hsa-miR-4695-5p	MIMAT0019788	0.874418851168013
6259	SLC66A1	ENSG00000040487	hsa-miR-4458	MIMAT0018980	0.874415254354004
6260	SV2C	ENSG00000122012	hsa-miR-4685-5p	MIMAT0019771	0.874397114184282
6261	MYO10	ENSG00000145555	hsa-miR-940	MIMAT0004983	0.87436842719558
6262	RBM28	ENSG00000106344	hsa-miR-661	MIMAT0003324	0.874344647606637
6263	RAB22A	ENSG00000124209	hsa-miR-940	MIMAT0004983	0.874343351418374
6264	USP12	ENSG00000152484	hsa-miR-130a-5p	MIMAT0004593	0.874329240459122
6265	ZSCAN9	ENSG00000137185	hsa-miR-8056	MIMAT0030983	0.874322692598042
6266	NUDCD2	ENSG00000170584	hsa-miR-1252-3p	MIMAT0026744	0.874293441512082
6267	FAR1	ENSG00000197601	hsa-miR-1252-3p	MIMAT0026744	0.874288066017315
6268	PCNX1	ENSG00000100731	hsa-miR-1252-3p	MIMAT0026744	0.874284235000701
6269	GIT2	ENSG00000139436	hsa-miR-940	MIMAT0004983	0.874241026627163
6270	SELENOM	ENSG00000198832	hsa-miR-940	MIMAT0004983	0.874229416275406
6271	ADAM12	ENSG00000148848	hsa-miR-765	MIMAT0003945	0.874215665644446
6272	DSTN	ENSG00000125868	hsa-miR-4446-3p	MIMAT0018965	0.874188686672588
6273	ZC3H12C	ENSG00000149289	hsa-miR-6822-3p	MIMAT0027545	0.874168580913992
6274	TFAP2A	ENSG00000137203	hsa-miR-4465	MIMAT0018992	0.874161040510252
6275	MS4A7	ENSG00000166927	hsa-miR-7157-3p	MIMAT0028225	0.874149170914942
6276	GATD3A	ENSG00000160221	hsa-miR-7157-3p	MIMAT0028225	0.874143954394193
6277	SLC22A2	ENSG00000112499	hsa-miR-661	MIMAT0003324	0.874141129470977
6278	MFAP3L	ENSG00000198948	hsa-miR-7157-3p	MIMAT0028225	0.874138093672994
6279	EEF1A1	ENSG00000156508	hsa-miR-661	MIMAT0003324	0.874118077387992
6280	DEFB112	ENSG00000180872	hsa-miR-6783-5p	MIMAT0027466	0.874117629896752
6281	SLC24A4	ENSG00000140090	hsa-miR-4465	MIMAT0018992	0.874116840840048
6282	SF3B1	ENSG00000115524	hsa-miR-4465	MIMAT0018992	0.874112074684312
6283	CXADR	ENSG00000154639	hsa-miR-4465	MIMAT0018992	0.874098939758202
6284	EPS8L2	ENSG00000177106	hsa-miR-6127	MIMAT0024610	0.874095912028213
6285	STC1	ENSG00000159167	hsa-miR-661	MIMAT0003324	0.874016597000649
6286	XKR7	ENSG00000260903	hsa-miR-5008-5p	MIMAT0021039	0.874013201109358
6287	SPRYD7	ENSG00000123178	hsa-miR-4465	MIMAT0018992	0.874007075811924
6288	UBN1	ENSG00000118900	hsa-miR-4687-3p	MIMAT0019775	0.873983515371532
6289	C1QTNF6	ENSG00000133466	hsa-miR-940	MIMAT0004983	0.873974448990537
6290	UBXN2B	ENSG00000215114	hsa-miR-1252-3p	MIMAT0026744	0.87395500554839
6291	FOXP1	ENSG00000114861	hsa-miR-4695-5p	MIMAT0019788	0.873948700002598
6292	GSE1	ENSG00000131149	hsa-miR-625-3p	MIMAT0004808	0.873945448522831
6293	NBEAL1	ENSG00000144426	hsa-miR-1252-3p	MIMAT0026744	0.873904061372537
6294	PPP1R12B	ENSG00000077157	hsa-miR-4685-5p	MIMAT0019771	0.873901535584784
6295	HDAC2	ENSG00000196591	hsa-miR-3682-5p	MIMAT0019222	0.873872306009684
6296	KSR2	ENSG00000171435	hsa-miR-4695-5p	MIMAT0019788	0.873867706237974
6297	MYCBP	ENSG00000214114	hsa-miR-4687-3p	MIMAT0019775	0.873861273018752
6298	NAP1L1	ENSG00000187109	hsa-miR-940	MIMAT0004983	0.873848973283049
6299	NSFL1C	ENSG00000088833	hsa-miR-765	MIMAT0003945	0.873843025018637
6300	RAD50	ENSG00000113522	hsa-miR-6758-5p	MIMAT0027416	0.873840950265214
6301	SLITRK5	ENSG00000165300	hsa-miR-7855-5p	MIMAT0030430	0.87383806053325
6302	PKDCC	ENSG00000162878	hsa-miR-1252-3p	MIMAT0026744	0.873826769168451
6303	SGCZ	ENSG00000185053	hsa-miR-1252-3p	MIMAT0026744	0.873798630217763
6304	EFCAB14	ENSG00000159658	hsa-miR-4465	MIMAT0018992	0.873789337158841
6305	ZMYM4	ENSG00000146463	hsa-miR-1252-3p	MIMAT0026744	0.873788334410944
6306	NES	ENSG00000132688	hsa-miR-940	MIMAT0004983	0.873773950258232
6307	STK35	ENSG00000125834	hsa-miR-661	MIMAT0003324	0.873758763084372
6308	FRS2	ENSG00000166225	hsa-miR-183-5p	MIMAT0000261	0.873749790653673
6309	MKNK2	ENSG00000099875	hsa-miR-661	MIMAT0003324	0.873736746895025
6310	UBR3	ENSG00000144357	hsa-miR-21-5p	MIMAT0000076	0.873735615555689
6311	MBNL1	ENSG00000152601	hsa-miR-130a-5p	MIMAT0004593	0.873725596431721
6312	GSK3B	ENSG00000082701	hsa-miR-940	MIMAT0004983	0.873722984021842
6313	TXNL4A	ENSG00000141759	hsa-miR-6783-5p	MIMAT0027466	0.873719181090652
6314	ABCC5	ENSG00000114770	hsa-miR-765	MIMAT0003945	0.873715574965452
6315	PPP2R1B	ENSG00000137713	hsa-miR-4695-5p	MIMAT0019788	0.873701070173857
6316	CD82	ENSG00000085117	hsa-miR-4685-5p	MIMAT0019771	0.873701060623743
6317	ONECUT2	ENSG00000119547	hsa-miR-4687-3p	MIMAT0019775	0.873691869718143
6318	ITPRID2	ENSG00000138434	hsa-miR-130a-5p	MIMAT0004593	0.873640137965958
6319	ZBTB25	ENSG00000089775	hsa-miR-1252-3p	MIMAT0026744	0.87357763873329
6320	MYNN	ENSG00000085274	hsa-miR-4695-5p	MIMAT0019788	0.873575368088208
6321	BCAT1	ENSG00000060982	hsa-miR-1911-5p	MIMAT0007885	0.873552361883529
6322	SYT7	ENSG00000011347	hsa-miR-6127	MIMAT0024610	0.873537382443751
6323	CCDC141	ENSG00000163492	hsa-miR-4446-3p	MIMAT0018965	0.873528547061157
6324	SREK1IP1	ENSG00000153006	hsa-miR-1252-3p	MIMAT0026744	0.873522280760748
6325	SV2B	ENSG00000185518	hsa-miR-940	MIMAT0004983	0.873521257766505
6326	KCNJ10	ENSG00000177807	hsa-miR-4685-5p	MIMAT0019771	0.873493769498689
6327	CIZ1	ENSG00000148337	hsa-miR-4695-5p	MIMAT0019788	0.873473674567704
6328	MBLAC2	ENSG00000176055	hsa-miR-3682-5p	MIMAT0019222	0.873473050803411
6329	C1orf198	ENSG00000119280	hsa-miR-4695-5p	MIMAT0019788	0.873459639944453
6330	ERCC4	ENSG00000175595	hsa-miR-1252-3p	MIMAT0026744	0.873457659240805
6331	ATE1	ENSG00000107669	hsa-miR-1252-3p	MIMAT0026744	0.873433303479976
6332	FGF12	ENSG00000114279	hsa-miR-5008-5p	MIMAT0021039	0.873413570488567
6333	KIF3B	ENSG00000101350	hsa-miR-940	MIMAT0004983	0.873410658577637
6334	CLEC2D	ENSG00000069493	hsa-miR-7855-5p	MIMAT0030430	0.87338075187054
6335	TBXA2R	ENSG00000006638	hsa-miR-4685-5p	MIMAT0019771	0.873322380254981
6336	RANBP10	ENSG00000141084	hsa-miR-4465	MIMAT0018992	0.873322317596286
6337	FAHD2A	ENSG00000115042	hsa-miR-4292	MIMAT0016919	0.873316481258503
6338	H2BC9	ENSG00000275713	hsa-miR-6822-3p	MIMAT0027545	0.873299474311242
6339	POU3F4	ENSG00000196767	hsa-miR-6783-5p	MIMAT0027466	0.873266747949273
6340	SKA2	ENSG00000182628	hsa-miR-1252-3p	MIMAT0026744	0.873263691953239
6341	SYNJ1	ENSG00000159082	hsa-miR-1252-3p	MIMAT0026744	0.873255872881405
6342	ZSWIM2	ENSG00000163012	hsa-miR-6822-3p	MIMAT0027545	0.873253798004255
6343	MMP11	ENSG00000099953	hsa-miR-4685-5p	MIMAT0019771	0.873247677044497
6344	DLG4	ENSG00000132535	hsa-miR-940	MIMAT0004983	0.873245979286659
6345	OR6P1	ENSG00000186440	hsa-miR-5008-5p	MIMAT0021039	0.873227210224173
6346	RPS6KA3	ENSG00000177189	hsa-miR-21-5p	MIMAT0000076	0.873224256027114
6347	CLHC1	ENSG00000162994	hsa-miR-1252-3p	MIMAT0026744	0.873214613754221
6348	C1QTNF7	ENSG00000163145	hsa-miR-4687-3p	MIMAT0019775	0.873177912901815
6349	EXOSC3	ENSG00000107371	hsa-miR-6783-5p	MIMAT0027466	0.873174302013574
6350	NDUFA5	ENSG00000128609	hsa-miR-1252-3p	MIMAT0026744	0.873168035361742
6351	GSTCD	ENSG00000138780	hsa-miR-6783-5p	MIMAT0027466	0.873100327131945
6352	OR2J3	ENSG00000204701	hsa-miR-625-3p	MIMAT0004808	0.873092466467603
6353	TM2D2	ENSG00000169490	hsa-miR-1252-3p	MIMAT0026744	0.873070781081265
6354	PBX1	ENSG00000185630	hsa-miR-6758-5p	MIMAT0027416	0.873044612419284
6355	GPR37L1	ENSG00000170075	hsa-miR-4685-5p	MIMAT0019771	0.87304194219449
6356	ABAT	ENSG00000183044	hsa-miR-4685-5p	MIMAT0019771	0.873021849688762
6357	TMEM216	ENSG00000187049	hsa-miR-7157-3p	MIMAT0028225	0.873014645788301
6358	DEAF1	ENSG00000177030	hsa-miR-4685-5p	MIMAT0019771	0.872950942126754
6359	AL162231.1	ENSG00000187186	hsa-miR-940	MIMAT0004983	0.872939132702865
6360	ZNF710	ENSG00000140548	hsa-miR-130a-5p	MIMAT0004593	0.872928854034886
6361	CYB561D1	ENSG00000174151	hsa-miR-4695-5p	MIMAT0019788	0.872925943882358
6362	C4orf46	ENSG00000205208	hsa-miR-224-5p	MIMAT0000281	0.872912219494631
6363	CA7	ENSG00000168748	hsa-miR-4685-5p	MIMAT0019771	0.87290035982725
6364	MDGA2	ENSG00000139915	hsa-miR-1252-3p	MIMAT0026744	0.872896556271053
6365	HMGB2	ENSG00000164104	hsa-miR-7157-3p	MIMAT0028225	0.8728745107685
6366	ASAH2	ENSG00000188611	hsa-miR-765	MIMAT0003945	0.87285192095115
6367	ZC3H6	ENSG00000188177	hsa-miR-625-3p	MIMAT0004808	0.872748732346802
6368	TMCO5A	ENSG00000166069	hsa-miR-130a-5p	MIMAT0004593	0.872741985669351
6369	SEZ6	ENSG00000063015	hsa-miR-4695-5p	MIMAT0019788	0.872733350273741
6370	COL3A1	ENSG00000168542	hsa-miR-4458	MIMAT0018980	0.872731481184084
6371	AL139011.2	ENSG00000258465	hsa-miR-7157-3p	MIMAT0028225	0.872725316076376
6372	CFAP221	ENSG00000163075	hsa-miR-657	MIMAT0003335	0.87272186960713
6373	ZBTB25	ENSG00000089775	hsa-miR-6127	MIMAT0024610	0.872719931856
6374	CLN6	ENSG00000128973	hsa-miR-4685-5p	MIMAT0019771	0.872716930830458
6375	FRG2	ENSG00000205097	hsa-miR-1252-3p	MIMAT0026744	0.872708526647138
6376	MTTP	ENSG00000138823	hsa-miR-6758-5p	MIMAT0027416	0.87270805845957
6377	ISM2	ENSG00000100593	hsa-miR-661	MIMAT0003324	0.872708004578933
6378	SLC6A4	ENSG00000108576	hsa-miR-765	MIMAT0003945	0.872681784276717
6379	ZNF431	ENSG00000196705	hsa-miR-940	MIMAT0004983	0.872653316538382
6380	CBX7	ENSG00000100307	hsa-miR-6783-5p	MIMAT0027466	0.872638389148921
6381	COQ10A	ENSG00000135469	hsa-miR-940	MIMAT0004983	0.872630238247899
6382	HAUS6	ENSG00000147874	hsa-miR-4695-5p	MIMAT0019788	0.872627127593332
6383	DLGAP1	ENSG00000170579	hsa-miR-940	MIMAT0004983	0.872597562171072
6384	TECTA	ENSG00000109927	hsa-miR-6127	MIMAT0024610	0.872594590022456
6385	GATC	ENSG00000257218	hsa-miR-4446-3p	MIMAT0018965	0.872560260426258
6386	EVC	ENSG00000072840	hsa-miR-4446-3p	MIMAT0018965	0.872547806354646
6387	GIMAP1	ENSG00000213203	hsa-miR-4695-5p	MIMAT0019788	0.872545947969201
6388	C22orf39	ENSG00000242259	hsa-miR-4687-3p	MIMAT0019775	0.872513247964861
6389	ACAA1	ENSG00000060971	hsa-miR-940	MIMAT0004983	0.87250180666659
6390	RAB21	ENSG00000080371	hsa-miR-625-3p	MIMAT0004808	0.872463123051574
6391	SEC62	ENSG00000008952	hsa-miR-661	MIMAT0003324	0.872435913460937
6392	ANKRD44	ENSG00000065413	hsa-miR-4458	MIMAT0018980	0.872433398898291
6393	NCOA6	ENSG00000198646	hsa-miR-130a-5p	MIMAT0004593	0.872423511006372
6394	SLC25A15	ENSG00000102743	hsa-miR-183-5p	MIMAT0000261	0.872415559065738
6395	GRIN2A	ENSG00000183454	hsa-miR-224-5p	MIMAT0000281	0.872404236909359
6396	MAP3K13	ENSG00000073803	hsa-miR-130a-5p	MIMAT0004593	0.872376062194627
6397	COL12A1	ENSG00000111799	hsa-miR-183-5p	MIMAT0000261	0.872372630667403
6398	XKR8	ENSG00000158156	hsa-miR-7157-3p	MIMAT0028225	0.87233406039987
6399	C4orf36	ENSG00000163633	hsa-miR-1252-3p	MIMAT0026744	0.87232737846928
6400	SNCAIP	ENSG00000064692	hsa-miR-7855-5p	MIMAT0030430	0.872285259118137
6401	TAF8	ENSG00000137413	hsa-miR-4695-5p	MIMAT0019788	0.872278443688935
6402	RGS17	ENSG00000091844	hsa-miR-765	MIMAT0003945	0.872254090339024
6403	FMN1	ENSG00000248905	hsa-miR-6783-5p	MIMAT0027466	0.872214964504071
6404	MOXD1	ENSG00000079931	hsa-miR-224-5p	MIMAT0000281	0.872213009994409
6405	FCRL3	ENSG00000160856	hsa-miR-765	MIMAT0003945	0.872212018467767
6406	RPS6KA5	ENSG00000100784	hsa-miR-7855-5p	MIMAT0030430	0.872211302647541
6407	ARIH1	ENSG00000166233	hsa-miR-4695-5p	MIMAT0019788	0.872210689503476
6408	ETS1	ENSG00000134954	hsa-miR-940	MIMAT0004983	0.872179474551351
6409	ZNF107	ENSG00000196247	hsa-miR-3682-5p	MIMAT0019222	0.872173043298743
6410	TIMM13	ENSG00000099800	hsa-miR-6783-5p	MIMAT0027466	0.872171684783315
6411	LRIG2	ENSG00000198799	hsa-miR-4446-3p	MIMAT0018965	0.872158733552128
6412	SUPT20H	ENSG00000102710	hsa-miR-661	MIMAT0003324	0.87215171435882
6413	CD34	ENSG00000174059	hsa-miR-6758-5p	MIMAT0027416	0.872150462455
6414	SHBG	ENSG00000129214	hsa-miR-7855-5p	MIMAT0030430	0.872147807496655
6415	VSIR	ENSG00000107738	hsa-miR-940	MIMAT0004983	0.872114534715401
6416	RHD	ENSG00000187010	hsa-miR-4465	MIMAT0018992	0.87207696497296
6417	MAPKAPK2	ENSG00000162889	hsa-miR-6758-5p	MIMAT0027416	0.872068635647398
6418	CELF1	ENSG00000149187	hsa-miR-4446-3p	MIMAT0018965	0.872066594586474
6419	ANKIB1	ENSG00000001629	hsa-miR-4465	MIMAT0018992	0.872059010735943
6420	LYZL4	ENSG00000157093	hsa-miR-7855-5p	MIMAT0030430	0.872016291910345
6421	BIRC6	ENSG00000115760	hsa-miR-6822-3p	MIMAT0027545	0.872014758625984
6422	AGO3	ENSG00000126070	hsa-miR-4458	MIMAT0018980	0.872008947075826
6423	NUDT12	ENSG00000112874	hsa-miR-661	MIMAT0003324	0.872008829653844
6424	MAN2B2	ENSG00000013288	hsa-miR-5008-5p	MIMAT0021039	0.871946946501554
6425	ZBTB44	ENSG00000196323	hsa-miR-625-3p	MIMAT0004808	0.871936842400784
6426	SHISA7	ENSG00000187902	hsa-miR-765	MIMAT0003945	0.871935242673623
6427	MIDEAS	ENSG00000156030	hsa-miR-765	MIMAT0003945	0.87193321411379
6428	LYPD5	ENSG00000159871	hsa-miR-4687-3p	MIMAT0019775	0.871863823518685
6429	PLCB1	ENSG00000182621	hsa-miR-4465	MIMAT0018992	0.871836525881995
6430	ALAD	ENSG00000148218	hsa-miR-4685-5p	MIMAT0019771	0.871805485800245
6431	XKR7	ENSG00000260903	hsa-miR-4292	MIMAT0016919	0.87180486178319
6432	DLG1	ENSG00000075711	hsa-miR-4695-5p	MIMAT0019788	0.871784581962238
6433	STK39	ENSG00000198648	hsa-miR-6822-3p	MIMAT0027545	0.871776667961191
6434	ERP44	ENSG00000023318	hsa-miR-1252-3p	MIMAT0026744	0.871769101000141
6435	ADGRF5	ENSG00000069122	hsa-miR-130a-5p	MIMAT0004593	0.871747564446418
6436	KCNE4	ENSG00000152049	hsa-miR-4685-5p	MIMAT0019771	0.87173760103183
6437	KMT2D	ENSG00000167548	hsa-miR-4446-3p	MIMAT0018965	0.871735247452371
6438	UBE2L3	ENSG00000185651	hsa-miR-4685-5p	MIMAT0019771	0.871731983097371
6439	FGFR1	ENSG00000077782	hsa-miR-4687-3p	MIMAT0019775	0.871708565209485
6440	SMARCC2	ENSG00000139613	hsa-miR-6127	MIMAT0024610	0.871638101358715
6441	ARPIN	ENSG00000242498	hsa-miR-6127	MIMAT0024610	0.871616492434083
6442	PROX1	ENSG00000117707	hsa-miR-1252-3p	MIMAT0026744	0.871608006134866
6443	CEACAM6	ENSG00000086548	hsa-miR-765	MIMAT0003945	0.871597316622781
6444	ABCC8	ENSG00000006071	hsa-miR-765	MIMAT0003945	0.871547182798862
6445	PITPNM2	ENSG00000090975	hsa-miR-940	MIMAT0004983	0.871534848484579
6446	FSCN3	ENSG00000106328	hsa-miR-765	MIMAT0003945	0.871523626459588
6447	GABRR2	ENSG00000111886	hsa-miR-7855-5p	MIMAT0030430	0.871517095415675
6448	NBPF20	ENSG00000162825	hsa-miR-1252-3p	MIMAT0026744	0.871507500185072
6449	GRIN2B	ENSG00000273079	hsa-miR-7157-3p	MIMAT0028225	0.871441137979309
6450	FLRT2	ENSG00000185070	hsa-miR-4458	MIMAT0018980	0.871432851491118
6451	NBPF14	ENSG00000270629	hsa-miR-1252-3p	MIMAT0026744	0.871402665919368
6452	CBX5	ENSG00000094916	hsa-miR-4458	MIMAT0018980	0.87139095160612
6453	ANKRD52	ENSG00000139645	hsa-miR-6758-5p	MIMAT0027416	0.871386533059897
6454	TMEM265	ENSG00000281991	hsa-miR-765	MIMAT0003945	0.871363768119545
6455	TRIM72	ENSG00000177238	hsa-miR-661	MIMAT0003324	0.871293790460425
6456	MOSPD3	ENSG00000106330	hsa-miR-4292	MIMAT0016919	0.87128928905201
6457	RAB8B	ENSG00000166128	hsa-miR-1252-3p	MIMAT0026744	0.871213666562035
6458	NTRK3	ENSG00000140538	hsa-miR-6783-5p	MIMAT0027466	0.871180336600101
6459	SYT1	ENSG00000067715	hsa-miR-1252-3p	MIMAT0026744	0.871161242000214
6460	AAK1	ENSG00000115977	hsa-miR-6783-5p	MIMAT0027466	0.871154965091889
6461	RIMS4	ENSG00000101098	hsa-miR-6127	MIMAT0024610	0.871139561407703
6462	HELZ	ENSG00000198265	hsa-miR-224-5p	MIMAT0000281	0.871137372927623
6463	GOLGA6L6	ENSG00000277322	hsa-miR-1252-3p	MIMAT0026744	0.871115391502521
6464	NEGR1	ENSG00000172260	hsa-miR-21-5p	MIMAT0000076	0.871105866675845
6465	EPCAM	ENSG00000119888	hsa-miR-4465	MIMAT0018992	0.871103162122903
6466	APRT	ENSG00000198931	hsa-miR-4292	MIMAT0016919	0.871085767774271
6467	CDYL2	ENSG00000166446	hsa-miR-4695-5p	MIMAT0019788	0.87107579686658
6468	PIFO	ENSG00000173947	hsa-miR-4292	MIMAT0016919	0.871071633228163
6469	SHC3	ENSG00000148082	hsa-miR-1252-3p	MIMAT0026744	0.871060547139066
6470	CDK6	ENSG00000105810	hsa-miR-6758-5p	MIMAT0027416	0.871042243022077
6471	NBPF26	ENSG00000273136	hsa-miR-940	MIMAT0004983	0.871007008740389
6472	DDX3X	ENSG00000215301	hsa-miR-5008-5p	MIMAT0021039	0.870980586468286
6473	STXBP5L	ENSG00000145087	hsa-miR-4685-5p	MIMAT0019771	0.870976052843398
6474	NEDD4	ENSG00000069869	hsa-miR-940	MIMAT0004983	0.870965566651826
6475	FAM114A2	ENSG00000055147	hsa-miR-4446-3p	MIMAT0018965	0.87095696220231
6476	SP2	ENSG00000167182	hsa-miR-765	MIMAT0003945	0.870937259811432
6477	LRRC57	ENSG00000180979	hsa-miR-6758-5p	MIMAT0027416	0.870933056203031
6478	EPHB2	ENSG00000133216	hsa-miR-765	MIMAT0003945	0.870926765443714
6479	TRIM35	ENSG00000104228	hsa-miR-1252-3p	MIMAT0026744	0.870900539138464
6480	RPAP2	ENSG00000122484	hsa-miR-1252-3p	MIMAT0026744	0.870897407221277
6481	IL6ST	ENSG00000134352	hsa-miR-1252-3p	MIMAT0026744	0.870887024295694
6482	ABL2	ENSG00000143322	hsa-miR-224-5p	MIMAT0000281	0.870859622344944
6483	NIN	ENSG00000100503	hsa-miR-4687-3p	MIMAT0019775	0.870842530630187
6484	LAT2	ENSG00000086730	hsa-miR-661	MIMAT0003324	0.870811280871123
6485	CYP2C19	ENSG00000165841	hsa-miR-940	MIMAT0004983	0.870803051190862
6486	HECW2	ENSG00000138411	hsa-miR-1252-3p	MIMAT0026744	0.870800736098989
6487	KIAA0040	ENSG00000235750	hsa-miR-661	MIMAT0003324	0.870799521813134
6488	PRR20A	ENSG00000204919	hsa-miR-6783-5p	MIMAT0027466	0.870786518853507
6489	SRF	ENSG00000112658	hsa-miR-4685-5p	MIMAT0019771	0.870785833719581
6490	AL031708.1	ENSG00000261732	hsa-miR-4458	MIMAT0018980	0.870775651128132
6491	KATNAL1	ENSG00000102781	hsa-miR-1252-3p	MIMAT0026744	0.870759083333048
6492	AGO3	ENSG00000126070	hsa-miR-7855-5p	MIMAT0030430	0.870753774349624
6493	OR5AU1	ENSG00000169327	hsa-miR-6758-5p	MIMAT0027416	0.870724696649801
6494	SGK3	ENSG00000104205	hsa-miR-21-5p	MIMAT0000076	0.870695666418561
6495	KCNAB2	ENSG00000069424	hsa-miR-4685-5p	MIMAT0019771	0.870689764171063
6496	EEF1E1	ENSG00000124802	hsa-miR-6783-5p	MIMAT0027466	0.870687341242563
6497	AASS	ENSG00000008311	hsa-miR-4446-3p	MIMAT0018965	0.87067679697053
6498	ZBTB8B	ENSG00000273274	hsa-miR-130a-5p	MIMAT0004593	0.870669967850313
6499	MAGEA1	ENSG00000198681	hsa-miR-224-5p	MIMAT0000281	0.870669600210216
6500	SLC25A16	ENSG00000122912	hsa-miR-6822-3p	MIMAT0027545	0.870663714947708
6501	TRAF1	ENSG00000056558	hsa-miR-7855-5p	MIMAT0030430	0.870663132365545
6502	RAB4B-EGLN2	ENSG00000171570	hsa-miR-6127	MIMAT0024610	0.870657556790495
6503	CHAF1B	ENSG00000159259	hsa-miR-130a-5p	MIMAT0004593	0.870643954771396
6504	VASH1	ENSG00000071246	hsa-miR-4292	MIMAT0016919	0.870639595697223
6505	TIA1	ENSG00000116001	hsa-miR-1252-3p	MIMAT0026744	0.870636730101421
6506	NR2E1	ENSG00000112333	hsa-miR-1911-5p	MIMAT0007885	0.870635506370095
6507	PRR20E	ENSG00000234278	hsa-miR-6783-5p	MIMAT0027466	0.870634334876937
6508	CCNC	ENSG00000112237	hsa-miR-4687-3p	MIMAT0019775	0.870630933365367
6509	PHETA2	ENSG00000177096	hsa-miR-4292	MIMAT0016919	0.870617742166102
6510	ELL	ENSG00000105656	hsa-miR-4695-5p	MIMAT0019788	0.870616250450581
6511	ZNF451	ENSG00000112200	hsa-miR-1252-3p	MIMAT0026744	0.87059806081974
6512	SEPTIN14	ENSG00000154997	hsa-miR-1252-3p	MIMAT0026744	0.870591120851522
6513	IGLON5	ENSG00000142549	hsa-miR-4292	MIMAT0016919	0.870590218101436
6514	PRRG3	ENSG00000130032	hsa-miR-4695-5p	MIMAT0019788	0.870584038181033
6515	PIFO	ENSG00000173947	hsa-miR-224-5p	MIMAT0000281	0.870575010899722
6516	PGRMC2	ENSG00000164040	hsa-miR-21-5p	MIMAT0000076	0.870568029132781
6517	FBXO30	ENSG00000118496	hsa-miR-3682-5p	MIMAT0019222	0.870566121186399
6518	BSND	ENSG00000162399	hsa-miR-765	MIMAT0003945	0.870558268381225
6519	AUTS2	ENSG00000158321	hsa-miR-7855-5p	MIMAT0030430	0.870554492467141
6520	ZNHIT6	ENSG00000117174	hsa-miR-1252-3p	MIMAT0026744	0.870513312782868
6521	ZNF514	ENSG00000144026	hsa-miR-4695-5p	MIMAT0019788	0.870496070689127
6522	CHL1	ENSG00000134121	hsa-miR-4687-3p	MIMAT0019775	0.870462713475663
6523	FIGNL2	ENSG00000261308	hsa-miR-6127	MIMAT0024610	0.870444670656753
6524	IMPDH1	ENSG00000106348	hsa-miR-940	MIMAT0004983	0.8704442474332
6525	GLG1	ENSG00000090863	hsa-miR-657	MIMAT0003335	0.870431623031574
6526	SLC18A2	ENSG00000165646	hsa-miR-4687-3p	MIMAT0019775	0.870411059323513
6527	TSC1	ENSG00000165699	hsa-miR-8056	MIMAT0030983	0.870408342503023
6528	SIK2	ENSG00000170145	hsa-miR-3682-5p	MIMAT0019222	0.87040526650277
6529	CYP46A1	ENSG00000036530	hsa-miR-661	MIMAT0003324	0.870384578088372
6530	EXD2	ENSG00000081177	hsa-miR-1252-3p	MIMAT0026744	0.870367992360635
6531	GREM2	ENSG00000180875	hsa-miR-183-5p	MIMAT0000261	0.870359541180454
6532	RNF169	ENSG00000166439	hsa-miR-661	MIMAT0003324	0.870313269341673
6533	ABCG8	ENSG00000143921	hsa-miR-7157-3p	MIMAT0028225	0.870303363089884
6534	TFG	ENSG00000114354	hsa-miR-940	MIMAT0004983	0.870243272905845
6535	SBNO1	ENSG00000139697	hsa-miR-1252-3p	MIMAT0026744	0.870212696575008
6536	SOX12	ENSG00000177732	hsa-miR-1268a	MIMAT0005922	0.870211528600574
6537	XKR8	ENSG00000158156	hsa-miR-4446-3p	MIMAT0018965	0.870207910381523
6538	B4GALNT3	ENSG00000139044	hsa-miR-940	MIMAT0004983	0.870196391508135
6539	MOXD1	ENSG00000079931	hsa-miR-4687-3p	MIMAT0019775	0.870151568910921
6540	SHISA7	ENSG00000187902	hsa-miR-6127	MIMAT0024610	0.870109730428698
6541	DGCR8	ENSG00000128191	hsa-miR-6783-5p	MIMAT0027466	0.870106293754881
6542	SPINK2	ENSG00000128040	hsa-miR-6783-5p	MIMAT0027466	0.870093520272068
6543	GPR37L1	ENSG00000170075	hsa-miR-4695-5p	MIMAT0019788	0.870086684852333
6544	EEF1A1	ENSG00000156508	hsa-miR-7157-3p	MIMAT0028225	0.870079917366444
6545	AMER1	ENSG00000184675	hsa-miR-7855-5p	MIMAT0030430	0.870070014263824
6546	ZYG11B	ENSG00000162378	hsa-miR-7157-3p	MIMAT0028225	0.870056183232511
6547	RBM7	ENSG00000076053	hsa-miR-3682-5p	MIMAT0019222	0.870040577367886
6548	KCNA1	ENSG00000111262	hsa-miR-940	MIMAT0004983	0.870035710546416
6549	FBXO36	ENSG00000153832	hsa-miR-661	MIMAT0003324	0.870035084789368
6550	PHF24	ENSG00000122733	hsa-miR-6127	MIMAT0024610	0.870025800414251
6551	DNER	ENSG00000187957	hsa-miR-1252-3p	MIMAT0026744	0.870011971641666
6552	RNF41	ENSG00000181852	hsa-miR-765	MIMAT0003945	0.870010891263173
6553	RBM17	ENSG00000134453	hsa-miR-21-5p	MIMAT0000076	0.870006100821571
6554	UMAD1	ENSG00000219545	hsa-miR-183-5p	MIMAT0000261	0.870000921784408
6555	RTP1	ENSG00000175077	hsa-miR-5008-5p	MIMAT0021039	0.869984139177869
6556	ZBTB39	ENSG00000166860	hsa-miR-4687-3p	MIMAT0019775	0.869979872877937
6557	ZFYVE27	ENSG00000155256	hsa-miR-661	MIMAT0003324	0.869963901914882
6558	CEP20	ENSG00000133393	hsa-miR-3682-5p	MIMAT0019222	0.869950196697764
6559	PRR20B	ENSG00000204918	hsa-miR-6783-5p	MIMAT0027466	0.869948600191733
6560	ADGRG3	ENSG00000182885	hsa-miR-6127	MIMAT0024610	0.869928748888195
6561	UPF3B	ENSG00000125351	hsa-miR-130a-5p	MIMAT0004593	0.869921944549497
6562	ZBTB20	ENSG00000181722	hsa-miR-657	MIMAT0003335	0.869907758955725
6563	CPNE4	ENSG00000196353	hsa-miR-4695-5p	MIMAT0019788	0.869883354246781
6564	RETREG2	ENSG00000144567	hsa-miR-657	MIMAT0003335	0.869854223253924
6565	C14orf28	ENSG00000179476	hsa-miR-657	MIMAT0003335	0.869835079576579
6566	NECTIN1	ENSG00000110400	hsa-miR-4292	MIMAT0016919	0.869822159654805
6567	BLOC1S1	ENSG00000135441	hsa-miR-765	MIMAT0003945	0.869815920584488
6568	CYB561D1	ENSG00000174151	hsa-miR-4685-5p	MIMAT0019771	0.869768938434518
6569	SHH	ENSG00000164690	hsa-miR-4687-3p	MIMAT0019775	0.869737661927259
6570	TPP1	ENSG00000166340	hsa-miR-92a-1-5p	MIMAT0004507	0.869727627556382
6571	KDM6B	ENSG00000132510	hsa-miR-6783-5p	MIMAT0027466	0.869717196364154
6572	SMIM10L2A	ENSG00000178947	hsa-miR-4685-5p	MIMAT0019771	0.869706699304549
6573	HIF3A	ENSG00000124440	hsa-miR-4695-5p	MIMAT0019788	0.869657154305019
6574	WDFY2	ENSG00000139668	hsa-miR-4685-5p	MIMAT0019771	0.869618401032903
6575	ETV1	ENSG00000006468	hsa-miR-1252-3p	MIMAT0026744	0.869614659283565
6576	UBE2H	ENSG00000186591	hsa-miR-765	MIMAT0003945	0.869605915683943
6577	TXLNG	ENSG00000086712	hsa-miR-4465	MIMAT0018992	0.869601199075826
6578	SMAD4	ENSG00000141646	hsa-miR-940	MIMAT0004983	0.869601119952562
6579	ATXN7L3	ENSG00000087152	hsa-miR-5008-5p	MIMAT0021039	0.869600487939617
6580	PDRG1	ENSG00000088356	hsa-miR-21-5p	MIMAT0000076	0.869588519425956
6581	CACNB4	ENSG00000182389	hsa-miR-4465	MIMAT0018992	0.869587921450983
6582	PRAMEF8	ENSG00000182330	hsa-miR-4695-5p	MIMAT0019788	0.869584455267279
6583	MACO1	ENSG00000204178	hsa-miR-1252-3p	MIMAT0026744	0.869554792528175
6584	HRH1	ENSG00000196639	hsa-miR-183-5p	MIMAT0000261	0.869532770487799
6585	MCF2L	ENSG00000126217	hsa-miR-130a-5p	MIMAT0004593	0.869516809855852
6586	ZFYVE26	ENSG00000072121	hsa-miR-4458	MIMAT0018980	0.869497983900644
6587	HGSNAT	ENSG00000165102	hsa-miR-765	MIMAT0003945	0.869449966376188
6588	ZNF562	ENSG00000171466	hsa-miR-765	MIMAT0003945	0.869445183642842
6589	COQ8B	ENSG00000123815	hsa-miR-765	MIMAT0003945	0.869442006212839
6590	CROT	ENSG00000005469	hsa-miR-6758-5p	MIMAT0027416	0.869441329840375
6591	ZIC2	ENSG00000043355	hsa-miR-1252-3p	MIMAT0026744	0.869400597806012
6592	SAP18	ENSG00000150459	hsa-miR-4687-3p	MIMAT0019775	0.869388966164895
6593	SORCS1	ENSG00000108018	hsa-miR-657	MIMAT0003335	0.869385295541446
6594	MAP7	ENSG00000135525	hsa-miR-130a-5p	MIMAT0004593	0.869382042921462
6595	ZBTB37	ENSG00000185278	hsa-miR-4458	MIMAT0018980	0.869378731876445
6596	THRAP3	ENSG00000054118	hsa-miR-625-3p	MIMAT0004808	0.869371502514715
6597	NEMP1	ENSG00000166881	hsa-miR-940	MIMAT0004983	0.869353947423813
6598	ELOC	ENSG00000154582	hsa-miR-5008-5p	MIMAT0021039	0.869333391104467
6599	PLA2G4A	ENSG00000116711	hsa-miR-7855-5p	MIMAT0030430	0.869297407263108
6600	PPP1R1A	ENSG00000135447	hsa-miR-4695-5p	MIMAT0019788	0.869292131695459
6601	SPTBN2	ENSG00000173898	hsa-miR-6127	MIMAT0024610	0.869285983809222
6602	SCN2A	ENSG00000136531	hsa-miR-657	MIMAT0003335	0.86928095019619
6603	SMARCC1	ENSG00000173473	hsa-miR-4458	MIMAT0018980	0.869280184916913
6604	PFKFB2	ENSG00000123836	hsa-miR-4685-5p	MIMAT0019771	0.86924583065856
6605	LRRC57	ENSG00000180979	hsa-miR-1252-3p	MIMAT0026744	0.869245438958899
6606	GPR52	ENSG00000203737	hsa-miR-4465	MIMAT0018992	0.86921770612555
6607	DCAF17	ENSG00000115827	hsa-miR-1252-3p	MIMAT0026744	0.869215803140137
6608	KLB	ENSG00000134962	hsa-miR-6783-5p	MIMAT0027466	0.869204021418442
6609	LIPH	ENSG00000163898	hsa-miR-4685-5p	MIMAT0019771	0.869200278839592
6610	SPN	ENSG00000197471	hsa-miR-4685-5p	MIMAT0019771	0.86919081203321
6611	PPDPFL	ENSG00000168333	hsa-miR-940	MIMAT0004983	0.869186990686165
6612	ARHGAP11B	ENSG00000285077	hsa-miR-6783-5p	MIMAT0027466	0.869172722513795
6613	ANKRD9	ENSG00000156381	hsa-miR-657	MIMAT0003335	0.869169598567508
6614	PRDX6	ENSG00000117592	hsa-miR-183-5p	MIMAT0000261	0.869159242927292
6615	NF2	ENSG00000186575	hsa-miR-661	MIMAT0003324	0.869159237494298
6616	TGM4	ENSG00000163810	hsa-miR-6758-5p	MIMAT0027416	0.869146552570579
6617	NF2	ENSG00000186575	hsa-miR-4695-5p	MIMAT0019788	0.869130322479943
6618	DTD2	ENSG00000129480	hsa-miR-224-5p	MIMAT0000281	0.86911950117538
6619	ZNF546	ENSG00000187187	hsa-miR-4687-3p	MIMAT0019775	0.869103092589236
6620	RBM3	ENSG00000102317	hsa-miR-657	MIMAT0003335	0.869089177477143
6621	FMOD	ENSG00000122176	hsa-miR-8056	MIMAT0030983	0.869082684102971
6622	SLC35A1	ENSG00000164414	hsa-miR-6822-3p	MIMAT0027545	0.869076127755905
6623	PHF12	ENSG00000109118	hsa-miR-765	MIMAT0003945	0.869061141669082
6624	ADRA1B	ENSG00000170214	hsa-miR-6758-5p	MIMAT0027416	0.869059852083478
6625	SGK3	ENSG00000104205	hsa-miR-7855-5p	MIMAT0030430	0.869053362228339
6626	CSF1	ENSG00000184371	hsa-miR-4695-5p	MIMAT0019788	0.869025080851776
6627	SENP8	ENSG00000166192	hsa-miR-1252-3p	MIMAT0026744	0.869008974560391
6628	TSPAN14	ENSG00000108219	hsa-miR-4292	MIMAT0016919	0.868994173017279
6629	PAPPA	ENSG00000182752	hsa-miR-4695-5p	MIMAT0019788	0.86895779871171
6630	P2RX1	ENSG00000108405	hsa-miR-4446-3p	MIMAT0018965	0.868953106169766
6631	AKAP13	ENSG00000170776	hsa-miR-1252-3p	MIMAT0026744	0.868944206946029
6632	CDC42BPA	ENSG00000143776	hsa-miR-7855-5p	MIMAT0030430	0.868934534646244
6633	ELAPOR2	ENSG00000164659	hsa-miR-6127	MIMAT0024610	0.868925117755094
6634	PSMB2	ENSG00000126067	hsa-miR-4695-5p	MIMAT0019788	0.868915312325157
6635	VPS28	ENSG00000160948	hsa-miR-4685-5p	MIMAT0019771	0.868907827374504
6636	MAP3K2	ENSG00000169967	hsa-miR-1252-3p	MIMAT0026744	0.868905870212989
6637	SPINDOC	ENSG00000168005	hsa-miR-765	MIMAT0003945	0.8688837837157
6638	TTC7B	ENSG00000165914	hsa-miR-6127	MIMAT0024610	0.86886498648146
6639	KLRD1	ENSG00000134539	hsa-miR-4465	MIMAT0018992	0.86885333602929
6640	METTL14	ENSG00000145388	hsa-miR-130a-5p	MIMAT0004593	0.868843004516489
6641	GLI3	ENSG00000106571	hsa-miR-6783-5p	MIMAT0027466	0.868820412804697
6642	ZNF765	ENSG00000196417	hsa-miR-4695-5p	MIMAT0019788	0.868795094702115
6643	QSOX1	ENSG00000116260	hsa-miR-4446-3p	MIMAT0018965	0.868794021403688
6644	FPGT-TNNI3K	ENSG00000259030	hsa-miR-1252-3p	MIMAT0026744	0.868762837743738
6645	CLPB	ENSG00000162129	hsa-miR-661	MIMAT0003324	0.868753789308624
6646	ADAMTS12	ENSG00000151388	hsa-miR-4292	MIMAT0016919	0.868741162805217
6647	SENP1	ENSG00000079387	hsa-miR-183-5p	MIMAT0000261	0.868737185256584
6648	CCDC71L	ENSG00000253276	hsa-miR-4458	MIMAT0018980	0.868690244412086
6649	PROX2	ENSG00000119608	hsa-miR-1252-3p	MIMAT0026744	0.868686524139735
6650	RADIL	ENSG00000157927	hsa-miR-661	MIMAT0003324	0.868673165635259
6651	TCEANC2	ENSG00000116205	hsa-miR-4292	MIMAT0016919	0.868672746809614
6652	NEDD4	ENSG00000069869	hsa-miR-1252-3p	MIMAT0026744	0.868659900149264
6653	ABCG5	ENSG00000138075	hsa-miR-183-5p	MIMAT0000261	0.868627083600298
6654	SLC25A45	ENSG00000162241	hsa-miR-765	MIMAT0003945	0.868614490353588
6655	GRPEL2	ENSG00000164284	hsa-miR-940	MIMAT0004983	0.868611678405072
6656	SCN2A	ENSG00000136531	hsa-miR-224-5p	MIMAT0000281	0.868586585406642
6657	HIPK3	ENSG00000110422	hsa-miR-6758-5p	MIMAT0027416	0.86858116386895
6658	PSMD11	ENSG00000108671	hsa-miR-1252-3p	MIMAT0026744	0.868553487354356
6659	MEX3B	ENSG00000183496	hsa-miR-1268a	MIMAT0005922	0.868535398175022
6660	CDC42BPA	ENSG00000143776	hsa-miR-7157-3p	MIMAT0028225	0.868531950246635
6661	TRIM33	ENSG00000197323	hsa-miR-940	MIMAT0004983	0.868525730866577
6662	MDGA1	ENSG00000112139	hsa-miR-7855-5p	MIMAT0030430	0.868521924836847
6663	EXOC5	ENSG00000070367	hsa-miR-6783-5p	MIMAT0027466	0.868520785759047
6664	TOM1L2	ENSG00000175662	hsa-miR-661	MIMAT0003324	0.868487449708104
6665	VAMP3	ENSG00000049245	hsa-miR-657	MIMAT0003335	0.868471306193096
6666	GRIN2B	ENSG00000273079	hsa-miR-4292	MIMAT0016919	0.86846743557261
6667	MINDY3	ENSG00000148481	hsa-miR-4446-3p	MIMAT0018965	0.868435276773138
6668	ZFPM2	ENSG00000169946	hsa-miR-183-5p	MIMAT0000261	0.868415779843536
6669	AKAP12	ENSG00000131016	hsa-miR-6822-3p	MIMAT0027545	0.868400033748543
6670	BIRC6	ENSG00000115760	hsa-miR-6127	MIMAT0024610	0.868386874286308
6671	CDKN1A	ENSG00000124762	hsa-miR-4695-5p	MIMAT0019788	0.868374414050532
6672	BEGAIN	ENSG00000183092	hsa-miR-4458	MIMAT0018980	0.868358075859612
6673	AFAP1L1	ENSG00000157510	hsa-miR-940	MIMAT0004983	0.86834552419675
6674	RIMS2	ENSG00000176406	hsa-miR-6127	MIMAT0024610	0.86833508389605
6675	BCAT2	ENSG00000105552	hsa-miR-661	MIMAT0003324	0.868319083327143
6676	KDSR	ENSG00000119537	hsa-miR-1252-3p	MIMAT0026744	0.868317494882592
6677	SKIL	ENSG00000136603	hsa-miR-1252-3p	MIMAT0026744	0.868301084991828
6678	KIAA1549	ENSG00000122778	hsa-miR-661	MIMAT0003324	0.868280619280586
6679	CDK15	ENSG00000138395	hsa-miR-1252-3p	MIMAT0026744	0.868264801010555
6680	ZNF317	ENSG00000130803	hsa-miR-4685-5p	MIMAT0019771	0.868257572174326
6681	LLPH	ENSG00000139233	hsa-miR-625-3p	MIMAT0004808	0.868242337818772
6682	MBD1	ENSG00000141644	hsa-miR-4446-3p	MIMAT0018965	0.868235539000834
6683	TENM2	ENSG00000145934	hsa-miR-5008-5p	MIMAT0021039	0.868235326001931
6684	ZDHHC9	ENSG00000188706	hsa-miR-4695-5p	MIMAT0019788	0.868228451727536
6685	XPOT	ENSG00000184575	hsa-miR-224-5p	MIMAT0000281	0.868222789379832
6686	PURB	ENSG00000146676	hsa-miR-130a-5p	MIMAT0004593	0.868217605866981
6687	THRAP3	ENSG00000054118	hsa-miR-1252-3p	MIMAT0026744	0.868206379607851
6688	DNAJB7	ENSG00000172404	hsa-miR-4292	MIMAT0016919	0.868133669936164
6689	FAM3C	ENSG00000196937	hsa-miR-21-5p	MIMAT0000076	0.868133374793527
6690	GLI3	ENSG00000106571	hsa-miR-1268a	MIMAT0005922	0.868121732770549
6691	PEX26	ENSG00000215193	hsa-miR-130a-5p	MIMAT0004593	0.868108930092093
6692	AK9	ENSG00000155085	hsa-miR-4695-5p	MIMAT0019788	0.868086659412362
6693	FBXO48	ENSG00000204923	hsa-miR-625-3p	MIMAT0004808	0.868052052759764
6694	HAT1	ENSG00000128708	hsa-miR-3682-5p	MIMAT0019222	0.868047550171521
6695	REG1B	ENSG00000172023	hsa-miR-765	MIMAT0003945	0.868040080593091
6696	SOCS3	ENSG00000184557	hsa-miR-765	MIMAT0003945	0.868029320775476
6697	ELAPOR1	ENSG00000116299	hsa-miR-657	MIMAT0003335	0.868028498935343
6698	FAM160B2	ENSG00000158863	hsa-miR-661	MIMAT0003324	0.868027731254876
6699	ATF6	ENSG00000118217	hsa-miR-6758-5p	MIMAT0027416	0.868026673468077
6700	MTMR4	ENSG00000108389	hsa-miR-4695-5p	MIMAT0019788	0.868023147222208
6701	ARHGEF7	ENSG00000102606	hsa-miR-21-5p	MIMAT0000076	0.86799908241046
6702	OTUD5	ENSG00000068308	hsa-miR-4695-5p	MIMAT0019788	0.867991112707817
6703	RALGAPA2	ENSG00000188559	hsa-miR-1252-3p	MIMAT0026744	0.867990460004883
6704	GRIN2B	ENSG00000273079	hsa-miR-4446-3p	MIMAT0018965	0.867971697478479
6705	ERO1B	ENSG00000086619	hsa-miR-7855-5p	MIMAT0030430	0.867940220311176
6706	CEP43	ENSG00000213066	hsa-miR-940	MIMAT0004983	0.867914414697112
6707	SLC5A5	ENSG00000105641	hsa-miR-6822-3p	MIMAT0027545	0.86784280789665
6708	NCKAP1	ENSG00000061676	hsa-miR-3682-5p	MIMAT0019222	0.867842272601526
6709	ZNF844	ENSG00000223547	hsa-miR-661	MIMAT0003324	0.867841080737667
6710	TICAM2	ENSG00000243414	hsa-miR-4695-5p	MIMAT0019788	0.867830212280528
6711	CD47	ENSG00000196776	hsa-miR-765	MIMAT0003945	0.867805562418115
6712	SLC35A3	ENSG00000117620	hsa-miR-183-5p	MIMAT0000261	0.867790991203162
6713	BHLHE22	ENSG00000180828	hsa-miR-4523	MIMAT0019061	0.867772142918565
6714	USP3	ENSG00000140455	hsa-miR-4465	MIMAT0018992	0.867766183249408
6715	NKD1	ENSG00000140807	hsa-miR-765	MIMAT0003945	0.867764086814246
6716	APLF	ENSG00000169621	hsa-miR-4687-3p	MIMAT0019775	0.867747321584149
6717	HHAT	ENSG00000054392	hsa-miR-4695-5p	MIMAT0019788	0.867703506776414
6718	ELOVL7	ENSG00000164181	hsa-miR-130a-5p	MIMAT0004593	0.867695889969379
6719	AZIN2	ENSG00000142920	hsa-miR-4685-5p	MIMAT0019771	0.867685860340078
6720	FGD6	ENSG00000180263	hsa-miR-1252-3p	MIMAT0026744	0.867680149227849
6721	CHCHD5	ENSG00000125611	hsa-miR-6758-5p	MIMAT0027416	0.867642598469074
6722	DISP2	ENSG00000140323	hsa-miR-4695-5p	MIMAT0019788	0.867635545114883
6723	CD44	ENSG00000026508	hsa-miR-4685-5p	MIMAT0019771	0.867632838832181
6724	LUC7L3	ENSG00000108848	hsa-miR-3682-5p	MIMAT0019222	0.867626777653768
6725	HMCN1	ENSG00000143341	hsa-miR-765	MIMAT0003945	0.867617546460207
6726	FBXL19	ENSG00000099364	hsa-miR-765	MIMAT0003945	0.867571054853938
6727	FAM90A26	ENSG00000229924	hsa-miR-6758-5p	MIMAT0027416	0.867550066408735
6728	NLK	ENSG00000087095	hsa-miR-4465	MIMAT0018992	0.867543312379056
6729	NT5C1B	ENSG00000185013	hsa-miR-1252-3p	MIMAT0026744	0.867526166526202
6730	EFCAB2	ENSG00000203666	hsa-miR-4685-5p	MIMAT0019771	0.867520214844194
6731	ZMYND10	ENSG00000004838	hsa-miR-7157-3p	MIMAT0028225	0.867514638581905
6732	FICD	ENSG00000198855	hsa-miR-765	MIMAT0003945	0.867513403860736
6733	AGL	ENSG00000162688	hsa-miR-1252-3p	MIMAT0026744	0.867499155163622
6734	HSBP1	ENSG00000230989	hsa-miR-6127	MIMAT0024610	0.867497455509486
6735	DYNC2LI1	ENSG00000138036	hsa-miR-1252-3p	MIMAT0026744	0.867491463495541
6736	POLR1A	ENSG00000068654	hsa-miR-661	MIMAT0003324	0.867490559335553
6737	HCLS1	ENSG00000180353	hsa-miR-6758-5p	MIMAT0027416	0.867484435936521
6738	C5	ENSG00000106804	hsa-miR-765	MIMAT0003945	0.867483021068265
6739	ZBTB34	ENSG00000177125	hsa-miR-4292	MIMAT0016919	0.867476634286978
6740	SHISA7	ENSG00000187902	hsa-miR-4695-5p	MIMAT0019788	0.867474956462568
6741	SIRT1	ENSG00000096717	hsa-miR-1252-3p	MIMAT0026744	0.867462217846623
6742	AC005324.2	ENSG00000251537	hsa-miR-6783-5p	MIMAT0027466	0.867453749419369
6743	DYRK1A	ENSG00000157540	hsa-miR-1252-3p	MIMAT0026744	0.867423071004037
6744	ATP2A2	ENSG00000174437	hsa-miR-7157-3p	MIMAT0028225	0.867416619202984
6745	RNFT2	ENSG00000135119	hsa-miR-940	MIMAT0004983	0.867411109088872
6746	PRM2	ENSG00000122304	hsa-miR-657	MIMAT0003335	0.867399178989618
6747	MRPL43	ENSG00000055950	hsa-miR-5008-5p	MIMAT0021039	0.867382042010067
6748	ZNF318	ENSG00000171467	hsa-miR-940	MIMAT0004983	0.867347908795479
6749	SPAG5	ENSG00000076382	hsa-miR-6822-3p	MIMAT0027545	0.867336395422037
6750	BRWD1	ENSG00000185658	hsa-miR-130a-5p	MIMAT0004593	0.86731245644059
6751	CNIH1	ENSG00000100528	hsa-miR-1252-3p	MIMAT0026744	0.867306340050665
6752	LYNX1	ENSG00000180155	hsa-miR-4292	MIMAT0016919	0.867301759135583
6753	FRG2B	ENSG00000225899	hsa-miR-1252-3p	MIMAT0026744	0.867299139965786
6754	NEGR1	ENSG00000172260	hsa-miR-1252-3p	MIMAT0026744	0.86729558576337
6755	CALM2	ENSG00000143933	hsa-miR-765	MIMAT0003945	0.867295109145462
6756	DNAJA2	ENSG00000069345	hsa-miR-625-3p	MIMAT0004808	0.867259281846176
6757	PABPC1	ENSG00000070756	hsa-miR-7855-5p	MIMAT0030430	0.867250863032464
6758	PCYT2	ENSG00000185813	hsa-miR-661	MIMAT0003324	0.867241450127261
6759	SEC24A	ENSG00000113615	hsa-miR-1252-3p	MIMAT0026744	0.867229730159011
6760	DPAGT1	ENSG00000172269	hsa-miR-765	MIMAT0003945	0.867218006954274
6761	CPEB4	ENSG00000113742	hsa-miR-5008-5p	MIMAT0021039	0.867210562344231
6762	PPP4R3A	ENSG00000100796	hsa-miR-4465	MIMAT0018992	0.867205488970188
6763	SV2A	ENSG00000159164	hsa-miR-940	MIMAT0004983	0.867202265453663
6764	ATP2B2	ENSG00000157087	hsa-miR-130a-5p	MIMAT0004593	0.867161800094401
6765	CLCN3	ENSG00000109572	hsa-miR-765	MIMAT0003945	0.867159256718948
6766	PDS5A	ENSG00000121892	hsa-miR-6783-5p	MIMAT0027466	0.867157666325647
6767	DGKQ	ENSG00000145214	hsa-miR-4446-3p	MIMAT0018965	0.867149070584018
6768	SMIM31	ENSG00000248771	hsa-miR-6758-5p	MIMAT0027416	0.867146577174874
6769	DHRS1	ENSG00000157379	hsa-miR-1252-3p	MIMAT0026744	0.867137341012306
6770	AKIRIN2	ENSG00000135334	hsa-miR-5008-5p	MIMAT0021039	0.867111649972675
6771	POLH	ENSG00000170734	hsa-miR-4685-5p	MIMAT0019771	0.867087347245377
6772	PPP1R12A	ENSG00000058272	hsa-miR-1252-3p	MIMAT0026744	0.86706750679455
6773	MXD3	ENSG00000213347	hsa-miR-661	MIMAT0003324	0.867028077500767
6774	PRXL2C	ENSG00000158122	hsa-miR-1252-3p	MIMAT0026744	0.867017054368886
6775	LPP	ENSG00000145012	hsa-miR-7855-5p	MIMAT0030430	0.867014536883791
6776	C5orf24	ENSG00000181904	hsa-miR-4465	MIMAT0018992	0.867000840812594
6777	LHX5	ENSG00000089116	hsa-miR-6127	MIMAT0024610	0.866987478488155
6778	KRT6A	ENSG00000205420	hsa-miR-6758-5p	MIMAT0027416	0.866971663914228
6779	ABCC4	ENSG00000125257	hsa-miR-1252-3p	MIMAT0026744	0.866958180234944
6780	UBE2N	ENSG00000177889	hsa-miR-3682-5p	MIMAT0019222	0.866953984528301
6781	NMT2	ENSG00000152465	hsa-miR-3682-5p	MIMAT0019222	0.866937649811716
6782	DEPTOR	ENSG00000155792	hsa-miR-7855-5p	MIMAT0030430	0.866935471160383
6783	COPS2	ENSG00000166200	hsa-miR-21-5p	MIMAT0000076	0.866929973871706
6784	HIF1AN	ENSG00000166135	hsa-miR-4695-5p	MIMAT0019788	0.86691919336655
6785	LRBA	ENSG00000198589	hsa-miR-7855-5p	MIMAT0030430	0.866898577520263
6786	VPS39	ENSG00000166887	hsa-miR-4685-5p	MIMAT0019771	0.866871434120272
6787	PLPPR2	ENSG00000105520	hsa-miR-657	MIMAT0003335	0.866811028429091
6788	ERCC1	ENSG00000012061	hsa-miR-4685-5p	MIMAT0019771	0.866809187726675
6789	ZNF609	ENSG00000180357	hsa-miR-4685-5p	MIMAT0019771	0.866807234423819
6790	PPARGC1B	ENSG00000155846	hsa-miR-4458	MIMAT0018980	0.86680558857925
6791	ZNF445	ENSG00000185219	hsa-miR-661	MIMAT0003324	0.866796187530243
6792	GVQW3	ENSG00000179240	hsa-miR-765	MIMAT0003945	0.866768031595472
6793	TEAD1	ENSG00000187079	hsa-miR-130a-5p	MIMAT0004593	0.866756714894866
6794	IL12RB1	ENSG00000096996	hsa-miR-4695-5p	MIMAT0019788	0.866753346242267
6795	STX3	ENSG00000166900	hsa-miR-4458	MIMAT0018980	0.86670914290752
6796	NKX3-1	ENSG00000167034	hsa-miR-224-5p	MIMAT0000281	0.86670010022592
6797	DCAF5	ENSG00000139990	hsa-miR-1252-3p	MIMAT0026744	0.866663093530347
6798	XKR4	ENSG00000206579	hsa-miR-21-5p	MIMAT0000076	0.866643028806944
6799	ESRRG	ENSG00000196482	hsa-miR-6758-5p	MIMAT0027416	0.86664101745135
6800	UNC79	ENSG00000133958	hsa-miR-1911-5p	MIMAT0007885	0.866631790796912
6801	FOXC2	ENSG00000176692	hsa-miR-92a-1-5p	MIMAT0004507	0.866617231759764
6802	TERB2	ENSG00000167014	hsa-miR-765	MIMAT0003945	0.866585590151745
6803	BNIP3L	ENSG00000104765	hsa-miR-183-5p	MIMAT0000261	0.866571271380836
6804	AGO3	ENSG00000126070	hsa-miR-3682-5p	MIMAT0019222	0.866568805836518
6805	POU2F1	ENSG00000143190	hsa-miR-4695-5p	MIMAT0019788	0.866558681163284
6806	TMEM8B	ENSG00000137103	hsa-miR-4446-3p	MIMAT0018965	0.866556430684664
6807	FMOD	ENSG00000122176	hsa-miR-1252-3p	MIMAT0026744	0.866554355823886
6808	OR52E4	ENSG00000180974	hsa-miR-6127	MIMAT0024610	0.866543836501559
6809	HSD3B2	ENSG00000203859	hsa-miR-6783-5p	MIMAT0027466	0.866515253007413
6810	KCNJ13	ENSG00000115474	hsa-miR-1252-3p	MIMAT0026744	0.866497187888674
6811	TNIK	ENSG00000154310	hsa-miR-940	MIMAT0004983	0.866496797023406
6812	RP2	ENSG00000102218	hsa-miR-1252-3p	MIMAT0026744	0.866453323865917
6813	GRHL3	ENSG00000158055	hsa-miR-4465	MIMAT0018992	0.866439999843647
6814	RAB14	ENSG00000119396	hsa-miR-6783-5p	MIMAT0027466	0.866399806898085
6815	ST8SIA5	ENSG00000101638	hsa-miR-765	MIMAT0003945	0.866362807860169
6816	PRMT3	ENSG00000185238	hsa-miR-1252-3p	MIMAT0026744	0.86636273120432
6817	GLDN	ENSG00000186417	hsa-miR-7157-3p	MIMAT0028225	0.866223316953782
6818	SC5D	ENSG00000109929	hsa-miR-1252-3p	MIMAT0026744	0.866214444399362
6819	ALG1	ENSG00000033011	hsa-miR-7157-3p	MIMAT0028225	0.86621272806734
6820	GNAO1	ENSG00000087258	hsa-miR-661	MIMAT0003324	0.866200915727267
6821	ZNF431	ENSG00000196705	hsa-miR-4465	MIMAT0018992	0.86616389396773
6822	MECP2	ENSG00000169057	hsa-miR-940	MIMAT0004983	0.866136520994822
6823	RASSF9	ENSG00000198774	hsa-miR-940	MIMAT0004983	0.866135901068983
6824	SFT2D2	ENSG00000213064	hsa-miR-6822-3p	MIMAT0027545	0.866121078468831
6825	INTS7	ENSG00000143493	hsa-miR-7157-3p	MIMAT0028225	0.866111146569885
6826	RAET1E	ENSG00000164520	hsa-miR-4695-5p	MIMAT0019788	0.866086930702519
6827	HDAC9	ENSG00000048052	hsa-miR-224-5p	MIMAT0000281	0.866084852609923
6828	CHD6	ENSG00000124177	hsa-miR-6758-5p	MIMAT0027416	0.866065189420364
6829	LDOC1	ENSG00000182195	hsa-miR-7855-5p	MIMAT0030430	0.866050702081673
6830	TM7SF3	ENSG00000064115	hsa-miR-4465	MIMAT0018992	0.866034537983101
6831	SOAT1	ENSG00000057252	hsa-miR-625-3p	MIMAT0004808	0.866000789256319
6832	CNOT7	ENSG00000198791	hsa-miR-1911-5p	MIMAT0007885	0.865961983737565
6833	CCDC174	ENSG00000154781	hsa-miR-3682-5p	MIMAT0019222	0.865938683420004
6834	ERCC8	ENSG00000049167	hsa-miR-1252-3p	MIMAT0026744	0.865935582692448
6835	MSH5-SAPCD1	ENSG00000255152	hsa-miR-6783-5p	MIMAT0027466	0.865928557609622
6836	PRTG	ENSG00000166450	hsa-miR-765	MIMAT0003945	0.865889468941825
6837	LPGAT1	ENSG00000123684	hsa-miR-1252-3p	MIMAT0026744	0.865883651224921
6838	NUDCD2	ENSG00000170584	hsa-miR-7157-3p	MIMAT0028225	0.865872892738682
6839	HDAC8	ENSG00000147099	hsa-miR-7855-5p	MIMAT0030430	0.865862644186051
6840	PFKFB2	ENSG00000123836	hsa-miR-4695-5p	MIMAT0019788	0.865859305531867
6841	PCDHGA6	ENSG00000253731	hsa-miR-1252-3p	MIMAT0026744	0.865856339398631
6842	NLE1	ENSG00000073536	hsa-miR-661	MIMAT0003324	0.865839879286634
6843	TAB3	ENSG00000157625	hsa-miR-92a-1-5p	MIMAT0004507	0.865824951290125
6844	CAMK2A	ENSG00000070808	hsa-miR-940	MIMAT0004983	0.865824544613593
6845	ADGRL3	ENSG00000150471	hsa-miR-1252-3p	MIMAT0026744	0.865822719076219
6846	NPL	ENSG00000135838	hsa-miR-1252-3p	MIMAT0026744	0.865800783652246
6847	TMC7	ENSG00000170537	hsa-miR-4465	MIMAT0018992	0.865743994634155
6848	SSU72	ENSG00000160075	hsa-miR-661	MIMAT0003324	0.865730419917095
6849	PDSS2	ENSG00000164494	hsa-miR-4446-3p	MIMAT0018965	0.865714043069475
6850	CCSER2	ENSG00000107771	hsa-miR-1252-3p	MIMAT0026744	0.865713869067028
6851	FLRT2	ENSG00000185070	hsa-miR-661	MIMAT0003324	0.865693258429089
6852	GRAMD1B	ENSG00000023171	hsa-miR-765	MIMAT0003945	0.865685650485724
6853	FAM227A	ENSG00000184949	hsa-miR-130a-5p	MIMAT0004593	0.865678092414248
6854	PCSK2	ENSG00000125851	hsa-miR-1252-3p	MIMAT0026744	0.865642713217001
6855	UBE2QL1	ENSG00000215218	hsa-miR-1252-3p	MIMAT0026744	0.865640086588936
6856	TGFBR2	ENSG00000163513	hsa-miR-4695-5p	MIMAT0019788	0.865607256704683
6857	REV3L	ENSG00000009413	hsa-miR-130a-5p	MIMAT0004593	0.865599877678835
6858	ERLIN2	ENSG00000147475	hsa-miR-1252-3p	MIMAT0026744	0.865599756730413
6859	VMP1	ENSG00000062716	hsa-miR-940	MIMAT0004983	0.865569745628548
6860	MTAP	ENSG00000099810	hsa-miR-4695-5p	MIMAT0019788	0.865531525794916
6861	SSTR4	ENSG00000132671	hsa-miR-6758-5p	MIMAT0027416	0.865526458878503
6862	HSPD1	ENSG00000144381	hsa-miR-7855-5p	MIMAT0030430	0.865513891696782
6863	CNIH4	ENSG00000143771	hsa-miR-6127	MIMAT0024610	0.86550299104355
6864	CNIH2	ENSG00000174871	hsa-miR-4446-3p	MIMAT0018965	0.865467942142872
6865	PAIP1	ENSG00000172239	hsa-miR-4446-3p	MIMAT0018965	0.865459002883679
6866	CHP1	ENSG00000187446	hsa-miR-657	MIMAT0003335	0.865446392154619
6867	LRRK1	ENSG00000154237	hsa-miR-7855-5p	MIMAT0030430	0.865422657342959
6868	THAP7	ENSG00000184436	hsa-miR-4446-3p	MIMAT0018965	0.865422250262593
6869	PDK1	ENSG00000152256	hsa-miR-4695-5p	MIMAT0019788	0.865407443223713
6870	EP400	ENSG00000183495	hsa-miR-1252-3p	MIMAT0026744	0.865401843844523
6871	NPTX2	ENSG00000106236	hsa-miR-4687-3p	MIMAT0019775	0.865350429993939
6872	SRGAP1	ENSG00000196935	hsa-miR-940	MIMAT0004983	0.865313392227442
6873	MGAT4C	ENSG00000182050	hsa-miR-21-5p	MIMAT0000076	0.865311483528869
6874	ARPC2	ENSG00000163466	hsa-miR-6127	MIMAT0024610	0.865289591974569
6875	HOMER2	ENSG00000103942	hsa-miR-4446-3p	MIMAT0018965	0.86526905779725
6876	EBF1	ENSG00000164330	hsa-miR-1911-5p	MIMAT0007885	0.865243427854121
6877	AK3	ENSG00000147853	hsa-miR-130a-5p	MIMAT0004593	0.865207621927213
6878	SHE	ENSG00000169291	hsa-miR-1252-3p	MIMAT0026744	0.865203830477473
6879	CLMN	ENSG00000165959	hsa-miR-6783-5p	MIMAT0027466	0.86518242806992
6880	RPL4	ENSG00000174444	hsa-miR-5008-5p	MIMAT0021039	0.865169861769274
6881	CYSLTR1	ENSG00000173198	hsa-miR-4687-3p	MIMAT0019775	0.865169660193456
6882	BBIP1	ENSG00000214413	hsa-miR-7157-3p	MIMAT0028225	0.86515910250214
6883	NCAM2	ENSG00000154654	hsa-miR-183-5p	MIMAT0000261	0.865152127240197
6884	GAS7	ENSG00000007237	hsa-miR-4446-3p	MIMAT0018965	0.865129717799312
6885	PDXDC1	ENSG00000179889	hsa-miR-1252-3p	MIMAT0026744	0.865100970338042
6886	NHS	ENSG00000188158	hsa-miR-4465	MIMAT0018992	0.865087524911961
6887	NSD3	ENSG00000147548	hsa-miR-4465	MIMAT0018992	0.865054979464777
6888	CELF2	ENSG00000048740	hsa-miR-3682-5p	MIMAT0019222	0.865028117254443
6889	DEXI	ENSG00000182108	hsa-miR-661	MIMAT0003324	0.865013382972906
6890	ELFN1	ENSG00000225968	hsa-miR-6758-5p	MIMAT0027416	0.864996494485253
6891	FRAS1	ENSG00000138759	hsa-miR-1252-3p	MIMAT0026744	0.864979816588462
6892	MAN2B2	ENSG00000013288	hsa-miR-4695-5p	MIMAT0019788	0.86495643335267
6893	DPF3	ENSG00000205683	hsa-miR-765	MIMAT0003945	0.864941823169781
6894	PRR9	ENSG00000203783	hsa-miR-4687-3p	MIMAT0019775	0.864938883265166
6895	SHISA7	ENSG00000187902	hsa-miR-6783-5p	MIMAT0027466	0.864938285978154
6896	RAB30	ENSG00000137502	hsa-miR-183-5p	MIMAT0000261	0.864931919953479
6897	AGMAT	ENSG00000116771	hsa-miR-4695-5p	MIMAT0019788	0.864927975517862
6898	RHOQ	ENSG00000119729	hsa-miR-4465	MIMAT0018992	0.864921057727599
6899	PSG4	ENSG00000243137	hsa-miR-940	MIMAT0004983	0.864913566688227
6900	RBFOX2	ENSG00000100320	hsa-miR-765	MIMAT0003945	0.8649039008459
6901	NCEH1	ENSG00000144959	hsa-miR-4465	MIMAT0018992	0.864858848515525
6902	PIAS2	ENSG00000078043	hsa-miR-1252-3p	MIMAT0026744	0.864856656903131
6903	RNF141	ENSG00000110315	hsa-miR-765	MIMAT0003945	0.864847130278005
6904	THAP2	ENSG00000173451	hsa-miR-3682-5p	MIMAT0019222	0.864837679796991
6905	TMOD3	ENSG00000138594	hsa-miR-1252-3p	MIMAT0026744	0.864793710471844
6906	ZNF527	ENSG00000189164	hsa-miR-1252-3p	MIMAT0026744	0.864775701702865
6907	BAK1	ENSG00000030110	hsa-miR-4465	MIMAT0018992	0.864771801152398
6908	HACE1	ENSG00000085382	hsa-miR-130a-5p	MIMAT0004593	0.864759908623597
6909	HECTD2	ENSG00000165338	hsa-miR-1252-3p	MIMAT0026744	0.864756905655618
6910	LHFPL5	ENSG00000197753	hsa-miR-940	MIMAT0004983	0.864754187482289
6911	NRIP3	ENSG00000175352	hsa-miR-1252-3p	MIMAT0026744	0.864749294288625
6912	ZNF445	ENSG00000185219	hsa-miR-183-5p	MIMAT0000261	0.864749013778594
6913	CLVS2	ENSG00000146352	hsa-miR-4695-5p	MIMAT0019788	0.864731217353583
6914	KLHL23	ENSG00000213160	hsa-miR-4458	MIMAT0018980	0.8647265100292
6915	RALGPS2	ENSG00000116191	hsa-miR-92a-1-5p	MIMAT0004507	0.864712646113253
6916	RPAP2	ENSG00000122484	hsa-miR-765	MIMAT0003945	0.864700300969574
6917	ZBTB38	ENSG00000177311	hsa-miR-1252-3p	MIMAT0026744	0.864674039522151
6918	ECE1	ENSG00000117298	hsa-miR-661	MIMAT0003324	0.86466742889321
6919	ESAM	ENSG00000149564	hsa-miR-7855-5p	MIMAT0030430	0.864652914819588
6920	PLEKHG4B	ENSG00000153404	hsa-miR-5008-5p	MIMAT0021039	0.864646475136226
6921	ADAL	ENSG00000168803	hsa-miR-1911-5p	MIMAT0007885	0.864640103550995
6922	RIMS2	ENSG00000176406	hsa-miR-4446-3p	MIMAT0018965	0.864638917458721
6923	EPN1	ENSG00000063245	hsa-miR-661	MIMAT0003324	0.864630523731828
6924	SLC22A25	ENSG00000196600	hsa-miR-7157-3p	MIMAT0028225	0.864626107514315
6925	IRF1	ENSG00000125347	hsa-miR-183-5p	MIMAT0000261	0.86461777388465
6926	RASSF3	ENSG00000153179	hsa-miR-3682-5p	MIMAT0019222	0.864597456055319
6927	LSAMP	ENSG00000185565	hsa-miR-6758-5p	MIMAT0027416	0.864570463140513
6928	ZNF689	ENSG00000156853	hsa-miR-4458	MIMAT0018980	0.864564608750412
6929	STRBP	ENSG00000165209	hsa-miR-4465	MIMAT0018992	0.864563155228102
6930	NEMF	ENSG00000165525	hsa-miR-7855-5p	MIMAT0030430	0.864516791985636
6931	TOR4A	ENSG00000198113	hsa-miR-661	MIMAT0003324	0.864485929493581
6932	MGAT1	ENSG00000131446	hsa-miR-4695-5p	MIMAT0019788	0.864476474389846
6933	PTPN13	ENSG00000163629	hsa-miR-4465	MIMAT0018992	0.864447459292908
6934	MAOB	ENSG00000069535	hsa-miR-765	MIMAT0003945	0.864435538412426
6935	PLCL1	ENSG00000115896	hsa-miR-1252-3p	MIMAT0026744	0.864428970035876
6936	CTNNA3	ENSG00000183230	hsa-miR-3682-5p	MIMAT0019222	0.864421534403108
6937	DOK2	ENSG00000147443	hsa-miR-4695-5p	MIMAT0019788	0.864415736038921
6938	CALM3	ENSG00000160014	hsa-miR-765	MIMAT0003945	0.864414687741431
6939	AP1M1	ENSG00000072958	hsa-miR-657	MIMAT0003335	0.864400654391539
6940	TTC38	ENSG00000075234	hsa-miR-661	MIMAT0003324	0.864383211340101
6941	RPS6KA5	ENSG00000100784	hsa-miR-4465	MIMAT0018992	0.864382925611223
6942	PRDM12	ENSG00000130711	hsa-miR-5008-5p	MIMAT0021039	0.864373151958266
6943	ZBED6	ENSG00000257315	hsa-miR-1252-3p	MIMAT0026744	0.864354079308371
6944	SNTA1	ENSG00000101400	hsa-miR-765	MIMAT0003945	0.864336917406357
6945	TAS2R4	ENSG00000127364	hsa-miR-6127	MIMAT0024610	0.864312257824633
6946	SUMO3	ENSG00000184900	hsa-miR-1252-3p	MIMAT0026744	0.86429172379248
6947	PCDH20	ENSG00000280165	hsa-miR-4687-3p	MIMAT0019775	0.864277803280616
6948	SLC28A2	ENSG00000137860	hsa-miR-7855-5p	MIMAT0030430	0.864239751487302
6949	CCDC97	ENSG00000142039	hsa-miR-940	MIMAT0004983	0.864235058703057
6950	SLC35D1	ENSG00000116704	hsa-miR-6758-5p	MIMAT0027416	0.864214118014601
6951	CCDC14	ENSG00000175455	hsa-miR-940	MIMAT0004983	0.864149437363382
6952	SLC1A2	ENSG00000110436	hsa-miR-1252-3p	MIMAT0026744	0.864133271175858
6953	ASF1A	ENSG00000111875	hsa-miR-21-5p	MIMAT0000076	0.864088200440965
6954	PPP2R2B	ENSG00000156475	hsa-miR-940	MIMAT0004983	0.864084847017406
6955	NR4A2	ENSG00000153234	hsa-miR-183-5p	MIMAT0000261	0.864038920474663
6956	KDM5B	ENSG00000117139	hsa-miR-1252-3p	MIMAT0026744	0.864000182581214
6957	GPD2	ENSG00000115159	hsa-miR-940	MIMAT0004983	0.863999270752236
6958	HEMK1	ENSG00000114735	hsa-miR-7157-3p	MIMAT0028225	0.863969083239373
6959	MINPP1	ENSG00000107789	hsa-miR-4465	MIMAT0018992	0.863968094967383
6960	LCE1E	ENSG00000186226	hsa-miR-765	MIMAT0003945	0.863932662319387
6961	TM9SF4	ENSG00000101337	hsa-miR-4695-5p	MIMAT0019788	0.863924036269196
6962	STYX	ENSG00000198252	hsa-miR-6758-5p	MIMAT0027416	0.86392225602809
6963	CALCOCO1	ENSG00000012822	hsa-miR-7855-5p	MIMAT0030430	0.863917924189309
6964	RCAN2	ENSG00000172348	hsa-miR-224-5p	MIMAT0000281	0.863903212307367
6965	CECR2	ENSG00000099954	hsa-miR-6783-5p	MIMAT0027466	0.86389513236405
6966	ERVH48-1	ENSG00000233056	hsa-miR-6783-5p	MIMAT0027466	0.863888620975677
6967	FCRL2	ENSG00000132704	hsa-miR-657	MIMAT0003335	0.863880707569943
6968	FRMD5	ENSG00000171877	hsa-miR-4458	MIMAT0018980	0.863880479004384
6969	LRRC2	ENSG00000163827	hsa-miR-130a-5p	MIMAT0004593	0.863879312754211
6970	ZNF652	ENSG00000198740	hsa-miR-1252-3p	MIMAT0026744	0.863865919984737
6971	KPNA5	ENSG00000196911	hsa-miR-1252-3p	MIMAT0026744	0.86385486401921
6972	MINAR1	ENSG00000169330	hsa-miR-183-5p	MIMAT0000261	0.863836255973463
6973	PPP1R3D	ENSG00000132825	hsa-miR-21-5p	MIMAT0000076	0.863832909479974
6974	BAZ2A	ENSG00000076108	hsa-miR-6127	MIMAT0024610	0.863827835930355
6975	SORCS1	ENSG00000108018	hsa-miR-1252-3p	MIMAT0026744	0.863815088534186
6976	TSPAN14	ENSG00000108219	hsa-miR-940	MIMAT0004983	0.863807204889691
6977	MARS1	ENSG00000166986	hsa-miR-4687-3p	MIMAT0019775	0.863803103703083
6978	ST8SIA5	ENSG00000101638	hsa-miR-661	MIMAT0003324	0.863802380444293
6979	ITGB3	ENSG00000259207	hsa-miR-940	MIMAT0004983	0.863791712537804
6980	EPHB2	ENSG00000133216	hsa-miR-4687-3p	MIMAT0019775	0.863775787711924
6981	ARID4B	ENSG00000054267	hsa-miR-1252-3p	MIMAT0026744	0.863767239280978
6982	ASXL3	ENSG00000141431	hsa-miR-183-5p	MIMAT0000261	0.863753162014529
6983	NCR3LG1	ENSG00000188211	hsa-miR-4458	MIMAT0018980	0.86374712069483
6984	SKIDA1	ENSG00000180592	hsa-miR-6758-5p	MIMAT0027416	0.863712986924475
6985	TP53TG3C	ENSG00000205457	hsa-miR-940	MIMAT0004983	0.863710772359995
6986	CA10	ENSG00000154975	hsa-miR-4685-5p	MIMAT0019771	0.863710346099336
6987	PTPN1	ENSG00000196396	hsa-miR-765	MIMAT0003945	0.863709528810615
6988	TMEM109	ENSG00000110108	hsa-miR-940	MIMAT0004983	0.863685741344002
6989	CRKL	ENSG00000099942	hsa-miR-940	MIMAT0004983	0.863649731772211
6990	EFNB2	ENSG00000125266	hsa-miR-7157-3p	MIMAT0028225	0.863642459561969
6991	NCAPD3	ENSG00000151503	hsa-miR-21-5p	MIMAT0000076	0.86362934234782
6992	TXNDC16	ENSG00000087301	hsa-miR-1252-3p	MIMAT0026744	0.863625503171691
6993	YIPF6	ENSG00000181704	hsa-miR-940	MIMAT0004983	0.863612684718065
6994	TSPAN6	ENSG00000000003	hsa-miR-6758-5p	MIMAT0027416	0.863600545108315
6995	PUM1	ENSG00000134644	hsa-miR-6127	MIMAT0024610	0.863584041107011
6996	RNMT	ENSG00000101654	hsa-miR-4465	MIMAT0018992	0.863581149021425
6997	YIPF6	ENSG00000181704	hsa-miR-1252-3p	MIMAT0026744	0.863576261164001
6998	STAT2	ENSG00000170581	hsa-miR-765	MIMAT0003945	0.86357616241668
6999	ZNF37A	ENSG00000075407	hsa-miR-3682-5p	MIMAT0019222	0.863571726742057
7000	KLF5	ENSG00000102554	hsa-miR-1252-3p	MIMAT0026744	0.863561926940145
7001	HS3ST1	ENSG00000002587	hsa-miR-130a-5p	MIMAT0004593	0.863531074015125
7002	NDUFA4	ENSG00000189043	hsa-miR-4465	MIMAT0018992	0.863514552864005
7003	TMED3	ENSG00000166557	hsa-miR-661	MIMAT0003324	0.863513763686436
7004	OR56A1	ENSG00000180934	hsa-miR-130a-5p	MIMAT0004593	0.863508260255683
7005	B4GAT1	ENSG00000174684	hsa-miR-4458	MIMAT0018980	0.863486954352513
7006	IPPK	ENSG00000127080	hsa-miR-4685-5p	MIMAT0019771	0.863455631748984
7007	GPATCH11	ENSG00000152133	hsa-miR-6783-5p	MIMAT0027466	0.863438271523281
7008	NKAIN3	ENSG00000185942	hsa-miR-4695-5p	MIMAT0019788	0.863437010763253
7009	CARMIL3	ENSG00000186648	hsa-miR-4292	MIMAT0016919	0.863436330166863
7010	AJAP1	ENSG00000196581	hsa-miR-183-5p	MIMAT0000261	0.863435870797181
7011	FOXP2	ENSG00000128573	hsa-miR-92a-1-5p	MIMAT0004507	0.863406326993908
7012	LRRC7	ENSG00000033122	hsa-miR-7157-3p	MIMAT0028225	0.863390624699967
7013	ZNF720	ENSG00000197302	hsa-miR-130a-5p	MIMAT0004593	0.86337366148341
7014	ERC1	ENSG00000082805	hsa-miR-130a-5p	MIMAT0004593	0.863373445130612
7015	ARGFX	ENSG00000186103	hsa-miR-661	MIMAT0003324	0.863368308920895
7016	HACD4	ENSG00000188921	hsa-miR-7855-5p	MIMAT0030430	0.863353376994255
7017	LASP1	ENSG00000002834	hsa-miR-6127	MIMAT0024610	0.863345736722806
7018	RGMA	ENSG00000182175	hsa-miR-661	MIMAT0003324	0.863316041444388
7019	EIF3I	ENSG00000084623	hsa-miR-661	MIMAT0003324	0.863309787642376
7020	ELAVL1	ENSG00000066044	hsa-miR-1252-3p	MIMAT0026744	0.863308532052146
7021	ADH4	ENSG00000198099	hsa-miR-130a-5p	MIMAT0004593	0.863295721294479
7022	VWC2L	ENSG00000174453	hsa-miR-765	MIMAT0003945	0.86329096409375
7023	B4GALT1	ENSG00000086062	hsa-miR-940	MIMAT0004983	0.863268020737159
7024	COL25A1	ENSG00000188517	hsa-miR-130a-5p	MIMAT0004593	0.863265903037046
7025	IRGQ	ENSG00000167378	hsa-miR-661	MIMAT0003324	0.863263600484898
7026	NEURL1B	ENSG00000214357	hsa-miR-4685-5p	MIMAT0019771	0.863249050196435
7027	LAMC1	ENSG00000135862	hsa-miR-7855-5p	MIMAT0030430	0.863244141159429
7028	SLC39A9	ENSG00000029364	hsa-miR-4687-3p	MIMAT0019775	0.863223661756711
7029	CRYAB	ENSG00000109846	hsa-miR-7855-5p	MIMAT0030430	0.863213870313552
7030	TRIM5	ENSG00000132256	hsa-miR-183-5p	MIMAT0000261	0.863182282582466
7031	GNB1	ENSG00000078369	hsa-miR-4804-5p	MIMAT0019984	0.863166974531722
7032	SMIM35	ENSG00000255274	hsa-miR-4292	MIMAT0016919	0.863160299750553
7033	KNSTRN	ENSG00000128944	hsa-miR-4687-3p	MIMAT0019775	0.863147769064322
7034	OXSR1	ENSG00000172939	hsa-miR-6822-3p	MIMAT0027545	0.863130033409289
7035	TRUB1	ENSG00000165832	hsa-miR-1252-3p	MIMAT0026744	0.863129340563836
7036	VCP	ENSG00000165280	hsa-miR-4695-5p	MIMAT0019788	0.863094029289133
7037	SIM1	ENSG00000112246	hsa-miR-3682-5p	MIMAT0019222	0.863070559570368
7038	EIF5A2	ENSG00000163577	hsa-miR-1252-3p	MIMAT0026744	0.863051319048595
7039	OGT	ENSG00000147162	hsa-miR-7157-3p	MIMAT0028225	0.863041264304461
7040	CELSR3	ENSG00000008300	hsa-miR-4695-5p	MIMAT0019788	0.862998766082347
7041	HIPK2	ENSG00000064393	hsa-miR-6127	MIMAT0024610	0.862997102094915
7042	CHD9	ENSG00000177200	hsa-miR-21-5p	MIMAT0000076	0.862976749071621
7043	KCNJ6	ENSG00000157542	hsa-miR-130a-5p	MIMAT0004593	0.862972726811209
7044	NOTCH3	ENSG00000074181	hsa-miR-4292	MIMAT0016919	0.862962185494125
7045	BEND4	ENSG00000188848	hsa-miR-6822-3p	MIMAT0027545	0.86294401748911
7046	OR2T11	ENSG00000279301	hsa-miR-21-5p	MIMAT0000076	0.862941296295717
7047	IGLON5	ENSG00000142549	hsa-miR-4687-3p	MIMAT0019775	0.862930677240264
7048	FBXL12	ENSG00000127452	hsa-miR-4458	MIMAT0018980	0.862899615712782
7049	FAM78B	ENSG00000188859	hsa-miR-940	MIMAT0004983	0.862885314916818
7050	GEMIN6	ENSG00000152147	hsa-miR-4695-5p	MIMAT0019788	0.862882555623371
7051	F8A1	ENSG00000277203	hsa-miR-4446-3p	MIMAT0018965	0.862864033104491
7052	TRIM72	ENSG00000177238	hsa-miR-6758-5p	MIMAT0027416	0.86285827080631
7053	ST8SIA1	ENSG00000111728	hsa-miR-4458	MIMAT0018980	0.862856081502738
7054	TMCO1	ENSG00000143183	hsa-miR-4687-3p	MIMAT0019775	0.862813146943615
7055	UBE2D2	ENSG00000131508	hsa-miR-1252-3p	MIMAT0026744	0.862782205793966
7056	BBX	ENSG00000114439	hsa-miR-6127	MIMAT0024610	0.862774219119257
7057	GMEB1	ENSG00000162419	hsa-miR-4465	MIMAT0018992	0.862769772345069
7058	SRSF1	ENSG00000136450	hsa-miR-1252-3p	MIMAT0026744	0.862746848697065
7059	TBC1D4	ENSG00000136111	hsa-miR-4465	MIMAT0018992	0.862720355798388
7060	ETS2	ENSG00000157557	hsa-miR-7157-3p	MIMAT0028225	0.862711812672979
7061	CDC14A	ENSG00000079335	hsa-miR-224-5p	MIMAT0000281	0.862707410585208
7062	CDV3	ENSG00000091527	hsa-miR-224-5p	MIMAT0000281	0.86270193136376
7063	SAMD14	ENSG00000167100	hsa-miR-7157-3p	MIMAT0028225	0.86269888524703
7064	RABIF	ENSG00000183155	hsa-miR-4685-5p	MIMAT0019771	0.862696995865026
7065	PAK2	ENSG00000180370	hsa-miR-4465	MIMAT0018992	0.862684383241498
7066	ZNF703	ENSG00000183779	hsa-miR-765	MIMAT0003945	0.862671371132278
7067	DVL3	ENSG00000161202	hsa-miR-6783-5p	MIMAT0027466	0.862667726290086
7068	ANKRD17	ENSG00000132466	hsa-miR-1252-3p	MIMAT0026744	0.862654867880306
7069	AC093827.5	ENSG00000285458	hsa-miR-1252-3p	MIMAT0026744	0.862631373641362
7070	BRD4	ENSG00000141867	hsa-miR-1252-3p	MIMAT0026744	0.862622103804463
7071	CDC25A	ENSG00000164045	hsa-miR-21-5p	MIMAT0000076	0.862617925857461
7072	ZFHX2	ENSG00000136367	hsa-miR-4695-5p	MIMAT0019788	0.862511911180047
7073	GPATCH2	ENSG00000092978	hsa-miR-1252-3p	MIMAT0026744	0.86250942919361
7074	NRXN1	ENSG00000179915	hsa-miR-1252-3p	MIMAT0026744	0.862506761989957
7075	FBXW2	ENSG00000119402	hsa-miR-6758-5p	MIMAT0027416	0.862504037244803
7076	PUM2	ENSG00000055917	hsa-miR-4446-3p	MIMAT0018965	0.862490464716715
7077	TEAD1	ENSG00000187079	hsa-miR-4446-3p	MIMAT0018965	0.862489074295564
7078	GRM4	ENSG00000124493	hsa-miR-4685-5p	MIMAT0019771	0.862445294817939
7079	NOL7	ENSG00000225921	hsa-miR-1911-5p	MIMAT0007885	0.862427767187765
7080	SCN1B	ENSG00000105711	hsa-miR-7157-3p	MIMAT0028225	0.862415928400096
7081	SMIM12	ENSG00000163866	hsa-miR-940	MIMAT0004983	0.862391043217821
7082	DCAF7	ENSG00000136485	hsa-miR-3682-5p	MIMAT0019222	0.86235388802553
7083	DCBLD2	ENSG00000057019	hsa-miR-4465	MIMAT0018992	0.862333045585615
7084	DOCK4	ENSG00000128512	hsa-miR-4465	MIMAT0018992	0.862327467073268
7085	GPC4	ENSG00000076716	hsa-miR-3682-5p	MIMAT0019222	0.862318284238366
7086	MCL1	ENSG00000143384	hsa-miR-6758-5p	MIMAT0027416	0.862300145317254
7087	NIPSNAP3B	ENSG00000165028	hsa-miR-3682-5p	MIMAT0019222	0.8622830408023
7088	TBC1D23	ENSG00000036054	hsa-miR-1252-3p	MIMAT0026744	0.862265054844557
7089	ISLR	ENSG00000129009	hsa-miR-765	MIMAT0003945	0.862226995330859
7090	MTAP	ENSG00000099810	hsa-miR-7855-5p	MIMAT0030430	0.862208938996926
7091	ZBTB18	ENSG00000179456	hsa-miR-4465	MIMAT0018992	0.862194590540917
7092	TLR4	ENSG00000136869	hsa-miR-1252-3p	MIMAT0026744	0.862158032809951
7093	EFNA5	ENSG00000184349	hsa-miR-6758-5p	MIMAT0027416	0.862157063634732
7094	OR2A42	ENSG00000212807	hsa-miR-6783-5p	MIMAT0027466	0.862153606633267
7095	CCDC85C	ENSG00000205476	hsa-miR-1252-3p	MIMAT0026744	0.862139794320433
7096	IPO9	ENSG00000198700	hsa-miR-4446-3p	MIMAT0018965	0.862093011806002
7097	XRRA1	ENSG00000166435	hsa-miR-661	MIMAT0003324	0.862083650522166
7098	NUDT21	ENSG00000167005	hsa-miR-1252-3p	MIMAT0026744	0.862080677855991
7099	FAM114A1	ENSG00000197712	hsa-miR-1252-3p	MIMAT0026744	0.862076989153625
7100	MASP1	ENSG00000127241	hsa-miR-6127	MIMAT0024610	0.862074732918875
7101	OR2T33	ENSG00000177212	hsa-miR-5008-5p	MIMAT0021039	0.862071017063448
7102	BRWD3	ENSG00000165288	hsa-miR-3682-5p	MIMAT0019222	0.862042862798054
7103	MKX	ENSG00000150051	hsa-miR-1252-3p	MIMAT0026744	0.862009029975539
7104	DPY19L3	ENSG00000178904	hsa-miR-661	MIMAT0003324	0.86200348351352
7105	SKP2	ENSG00000145604	hsa-miR-224-5p	MIMAT0000281	0.86200146331077
7106	BRWD3	ENSG00000165288	hsa-miR-4458	MIMAT0018980	0.861994570048727
7107	STX18	ENSG00000168818	hsa-miR-765	MIMAT0003945	0.861988491245617
7108	LHX9	ENSG00000143355	hsa-miR-3682-5p	MIMAT0019222	0.861975999475017
7109	AC010542.3	ENSG00000260851	hsa-miR-4695-5p	MIMAT0019788	0.86194834937671
7110	GCNT1	ENSG00000187210	hsa-miR-1911-5p	MIMAT0007885	0.861942707404576
7111	ZRANB2	ENSG00000132485	hsa-miR-1252-3p	MIMAT0026744	0.861901671823549
7112	SREK1IP1	ENSG00000153006	hsa-miR-4695-5p	MIMAT0019788	0.861871256080812
7113	CCNF	ENSG00000162063	hsa-miR-4458	MIMAT0018980	0.861847451123973
7114	PREX2	ENSG00000046889	hsa-miR-4695-5p	MIMAT0019788	0.861809887447252
7115	RNF227	ENSG00000179859	hsa-miR-940	MIMAT0004983	0.861808403907362
7116	USP8	ENSG00000138592	hsa-miR-661	MIMAT0003324	0.861805902589771
7117	MYO1C	ENSG00000197879	hsa-miR-765	MIMAT0003945	0.861779613274945
7118	SRF	ENSG00000112658	hsa-miR-7157-3p	MIMAT0028225	0.861776201751757
7119	SLCO2B1	ENSG00000137491	hsa-miR-765	MIMAT0003945	0.861771501638951
7120	AJAP1	ENSG00000196581	hsa-miR-6127	MIMAT0024610	0.861752399324099
7121	HNRNPR	ENSG00000125944	hsa-miR-3682-5p	MIMAT0019222	0.861743756296989
7122	DNAH5	ENSG00000039139	hsa-miR-92a-1-5p	MIMAT0004507	0.861739525502212
7123	CALHM4	ENSG00000164451	hsa-miR-183-5p	MIMAT0000261	0.861726983042547
7124	C11orf65	ENSG00000166323	hsa-miR-7157-3p	MIMAT0028225	0.861726472078143
7125	FTO	ENSG00000140718	hsa-miR-1252-3p	MIMAT0026744	0.861710381120442
7126	C16orf54	ENSG00000185905	hsa-miR-661	MIMAT0003324	0.86170305868866
7127	C3orf33	ENSG00000174928	hsa-miR-130a-5p	MIMAT0004593	0.861669069388806
7128	FEZ1	ENSG00000149557	hsa-miR-4446-3p	MIMAT0018965	0.861668984675848
7129	TPD52	ENSG00000076554	hsa-miR-6783-5p	MIMAT0027466	0.861657236020477
7130	ZNF582	ENSG00000018869	hsa-miR-4687-3p	MIMAT0019775	0.861627910274845
7131	CCDC97	ENSG00000142039	hsa-miR-6758-5p	MIMAT0027416	0.861616780219752
7132	ZNF891	ENSG00000214029	hsa-miR-130a-5p	MIMAT0004593	0.861614530790843
7133	HOXD1	ENSG00000128645	hsa-miR-4458	MIMAT0018980	0.861580893256178
7134	WIPF2	ENSG00000171475	hsa-miR-940	MIMAT0004983	0.861542653563926
7135	TRHDE	ENSG00000072657	hsa-miR-6758-5p	MIMAT0027416	0.861477139871886
7136	GSK3B	ENSG00000082701	hsa-miR-130a-5p	MIMAT0004593	0.861466894722602
7137	STARD4	ENSG00000164211	hsa-miR-4695-5p	MIMAT0019788	0.861464752493423
7138	YTHDF3	ENSG00000185728	hsa-miR-183-5p	MIMAT0000261	0.861460498912469
7139	RPA1	ENSG00000132383	hsa-miR-6783-5p	MIMAT0027466	0.861447626882693
7140	MTO1	ENSG00000135297	hsa-miR-7855-5p	MIMAT0030430	0.86144702327763
7141	OLFM2	ENSG00000105088	hsa-miR-6783-5p	MIMAT0027466	0.86144406425803
7142	CALN1	ENSG00000183166	hsa-miR-4685-5p	MIMAT0019771	0.861397417137067
7143	ADAM2	ENSG00000104755	hsa-miR-657	MIMAT0003335	0.861384002996178
7144	NAA30	ENSG00000139977	hsa-miR-940	MIMAT0004983	0.861371892389869
7145	ELK4	ENSG00000158711	hsa-miR-7157-3p	MIMAT0028225	0.861355020539682
7146	WNT2B	ENSG00000134245	hsa-miR-183-5p	MIMAT0000261	0.861326728901221
7147	PRXL2A	ENSG00000122378	hsa-miR-224-5p	MIMAT0000281	0.861315842554101
7148	FOXO1	ENSG00000150907	hsa-miR-4465	MIMAT0018992	0.861300188696767
7149	MPLKIP	ENSG00000168303	hsa-miR-6822-3p	MIMAT0027545	0.861290331156456
7150	INKA2	ENSG00000197852	hsa-miR-765	MIMAT0003945	0.861274184668655
7151	SPRED3	ENSG00000188766	hsa-miR-4458	MIMAT0018980	0.861246308489805
7152	P2RY2	ENSG00000175591	hsa-miR-4446-3p	MIMAT0018965	0.861228031791065
7153	AC104452.1	ENSG00000283189	hsa-miR-224-5p	MIMAT0000281	0.861208213492373
7154	ATP11B	ENSG00000058063	hsa-miR-130a-5p	MIMAT0004593	0.861207653877301
7155	APOBEC3D	ENSG00000243811	hsa-miR-940	MIMAT0004983	0.861199891152226
7156	ZDHHC18	ENSG00000204160	hsa-miR-6783-5p	MIMAT0027466	0.861186490815849
7157	PHLDA1	ENSG00000139289	hsa-miR-7157-3p	MIMAT0028225	0.861146478918164
7158	STX7	ENSG00000079950	hsa-miR-7855-5p	MIMAT0030430	0.861144823802523
7159	SMPD3	ENSG00000103056	hsa-miR-5008-5p	MIMAT0021039	0.861130000908213
7160	FNBP4	ENSG00000109920	hsa-miR-765	MIMAT0003945	0.861127798242794
7161	ACP6	ENSG00000162836	hsa-miR-4695-5p	MIMAT0019788	0.861126673135706
7162	KPNA3	ENSG00000102753	hsa-miR-130a-5p	MIMAT0004593	0.861125550885009
7163	ADAMTSL4	ENSG00000143382	hsa-miR-130a-5p	MIMAT0004593	0.861117924158942
7164	MID2	ENSG00000080561	hsa-miR-6127	MIMAT0024610	0.861112336321877
7165	SPDYE3	ENSG00000214300	hsa-miR-4292	MIMAT0016919	0.861111160799482
7166	SKAP1	ENSG00000141293	hsa-miR-940	MIMAT0004983	0.861108857991512
7167	SV2C	ENSG00000122012	hsa-miR-1252-3p	MIMAT0026744	0.861103004816563
7168	DCAF12	ENSG00000198876	hsa-miR-224-5p	MIMAT0000281	0.861091315893862
7169	WNK1	ENSG00000060237	hsa-miR-4695-5p	MIMAT0019788	0.861089031257553
7170	NHEJ1	ENSG00000187736	hsa-miR-6758-5p	MIMAT0027416	0.86107459225467
7171	MAMLD1	ENSG00000013619	hsa-miR-7855-5p	MIMAT0030430	0.861070407113858
7172	MGAT4C	ENSG00000182050	hsa-miR-4465	MIMAT0018992	0.861056106195306
7173	SALL4	ENSG00000101115	hsa-miR-940	MIMAT0004983	0.861046067213659
7174	CLEC6A	ENSG00000205846	hsa-miR-1252-3p	MIMAT0026744	0.861017772788316
7175	ARID2	ENSG00000189079	hsa-miR-130a-5p	MIMAT0004593	0.861002335068965
7176	FBXO22	ENSG00000167196	hsa-miR-940	MIMAT0004983	0.860965839806694
7177	NKD1	ENSG00000140807	hsa-miR-5008-5p	MIMAT0021039	0.860965321658876
7178	LCORL	ENSG00000178177	hsa-miR-4458	MIMAT0018980	0.860962555319971
7179	FBLN7	ENSG00000144152	hsa-miR-940	MIMAT0004983	0.860932876427662
7180	ZNF200	ENSG00000010539	hsa-miR-4465	MIMAT0018992	0.860919465338518
7181	BNC2	ENSG00000173068	hsa-miR-6783-5p	MIMAT0027466	0.860909845580605
7182	ZBTB5	ENSG00000168795	hsa-miR-4458	MIMAT0018980	0.860879212656451
7183	ANKRD50	ENSG00000151458	hsa-miR-765	MIMAT0003945	0.860828083269173
7184	ANK2	ENSG00000145362	hsa-miR-224-5p	MIMAT0000281	0.860826222548641
7185	RYBP	ENSG00000163602	hsa-miR-1252-3p	MIMAT0026744	0.860811702315018
7186	RIDA	ENSG00000132541	hsa-miR-4465	MIMAT0018992	0.860798620209779
7187	TRIP11	ENSG00000100815	hsa-miR-130a-5p	MIMAT0004593	0.860783147065738
7188	ESPL1	ENSG00000135476	hsa-miR-4446-3p	MIMAT0018965	0.860722533305053
7189	KRTAP10-7	ENSG00000272804	hsa-miR-765	MIMAT0003945	0.860690148727358
7190	TMEM74	ENSG00000164841	hsa-miR-940	MIMAT0004983	0.860647323638893
7191	ITPR2	ENSG00000123104	hsa-miR-224-5p	MIMAT0000281	0.860614839020929
7192	NUP58	ENSG00000139496	hsa-miR-130a-5p	MIMAT0004593	0.860612610071594
7193	DARS2	ENSG00000117593	hsa-miR-224-5p	MIMAT0000281	0.860604859701715
7194	TMEM161B	ENSG00000164180	hsa-miR-1252-3p	MIMAT0026744	0.860601251392682
7195	LHPP	ENSG00000107902	hsa-miR-940	MIMAT0004983	0.860586588712941
7196	TRPS1	ENSG00000104447	hsa-miR-6758-5p	MIMAT0027416	0.860558160007904
7197	CCN4	ENSG00000104415	hsa-miR-1252-3p	MIMAT0026744	0.860555287488402
7198	KCNC1	ENSG00000129159	hsa-miR-5008-5p	MIMAT0021039	0.860524603945576
7199	RTL4	ENSG00000187823	hsa-miR-657	MIMAT0003335	0.860500543726955
7200	DPF1	ENSG00000011332	hsa-miR-940	MIMAT0004983	0.860487033165771
7201	UNC13B	ENSG00000198722	hsa-miR-183-5p	MIMAT0000261	0.860479585805392
7202	DDHD2	ENSG00000085788	hsa-miR-657	MIMAT0003335	0.860458996108387
7203	SVIP	ENSG00000198168	hsa-miR-6127	MIMAT0024610	0.860451689173123
7204	PRKAA2	ENSG00000162409	hsa-miR-940	MIMAT0004983	0.860439241444379
7205	MIDEAS	ENSG00000156030	hsa-miR-940	MIMAT0004983	0.860407964614443
7206	NPTXR	ENSG00000221890	hsa-miR-4446-3p	MIMAT0018965	0.860405037342105
7207	AL928654.3	ENSG00000257341	hsa-miR-4292	MIMAT0016919	0.860395260726182
7208	GDAP2	ENSG00000196505	hsa-miR-130a-5p	MIMAT0004593	0.860390710813496
7209	SRGAP1	ENSG00000196935	hsa-miR-625-3p	MIMAT0004808	0.86038215990588
7210	IL3	ENSG00000164399	hsa-miR-1252-3p	MIMAT0026744	0.860376288220345
7211	SPDYE3	ENSG00000214300	hsa-miR-7157-3p	MIMAT0028225	0.860364048117798
7212	ZNF71	ENSG00000197951	hsa-miR-5008-5p	MIMAT0021039	0.860355080301266
7213	PLD5	ENSG00000180287	hsa-miR-4687-3p	MIMAT0019775	0.860343790991052
7214	COL26A1	ENSG00000160963	hsa-miR-4685-5p	MIMAT0019771	0.860342324057716
7215	CBX7	ENSG00000100307	hsa-miR-7157-3p	MIMAT0028225	0.860319929188334
7216	RNMT	ENSG00000101654	hsa-miR-183-5p	MIMAT0000261	0.860311829052983
7217	STYXL1	ENSG00000127952	hsa-miR-1252-3p	MIMAT0026744	0.860284206613282
7218	RPL37	ENSG00000145592	hsa-miR-7157-3p	MIMAT0028225	0.860236749819193
7219	BRWD3	ENSG00000165288	hsa-miR-4465	MIMAT0018992	0.860141009339764
7220	NLGN4Y	ENSG00000165246	hsa-miR-1252-3p	MIMAT0026744	0.860129609068015
7221	EDA2R	ENSG00000131080	hsa-miR-765	MIMAT0003945	0.860125169951014
7222	PIP5K1A	ENSG00000143398	hsa-miR-765	MIMAT0003945	0.86010515183946
7223	ZNF148	ENSG00000163848	hsa-miR-625-3p	MIMAT0004808	0.860065633207449
7224	HHIP	ENSG00000164161	hsa-miR-7855-5p	MIMAT0030430	0.860064281888597
7225	OSBPL6	ENSG00000079156	hsa-miR-1252-3p	MIMAT0026744	0.86005443032089
7226	ELK1	ENSG00000126767	hsa-miR-765	MIMAT0003945	0.860052560476717
7227	DERL1	ENSG00000136986	hsa-miR-224-5p	MIMAT0000281	0.859999787609134
7228	NFAM1	ENSG00000235568	hsa-miR-4292	MIMAT0016919	0.859996078820742
7229	PPIL4	ENSG00000131013	hsa-miR-1252-3p	MIMAT0026744	0.859969323430459
7230	CELSR2	ENSG00000143126	hsa-miR-1252-3p	MIMAT0026744	0.859950396791826
7231	KCNQ4	ENSG00000117013	hsa-miR-4685-5p	MIMAT0019771	0.85994232058565
7232	CBFA2T2	ENSG00000078699	hsa-miR-4695-5p	MIMAT0019788	0.859911990354527
7233	LMAN2L	ENSG00000114988	hsa-miR-6127	MIMAT0024610	0.859910480414087
7234	DCAF4L1	ENSG00000182308	hsa-miR-224-5p	MIMAT0000281	0.859900955392517
7235	NENF	ENSG00000117691	hsa-miR-4695-5p	MIMAT0019788	0.859895052142265
7236	PTCD2	ENSG00000049883	hsa-miR-1252-3p	MIMAT0026744	0.859890314993341
7237	FMR1	ENSG00000102081	hsa-miR-1252-3p	MIMAT0026744	0.859877456988336
7238	MYEF2	ENSG00000104177	hsa-miR-1252-3p	MIMAT0026744	0.859861621880065
7239	ZNF615	ENSG00000197619	hsa-miR-183-5p	MIMAT0000261	0.859856803680116
7240	ZNF81	ENSG00000197779	hsa-miR-4465	MIMAT0018992	0.859847854253449
7241	JAG1	ENSG00000101384	hsa-miR-940	MIMAT0004983	0.859843191577239
7242	RAG1	ENSG00000166349	hsa-miR-130a-5p	MIMAT0004593	0.859841756711811
7243	COL10A1	ENSG00000123500	hsa-miR-4465	MIMAT0018992	0.859800875895898
7244	NEXMIF	ENSG00000050030	hsa-miR-940	MIMAT0004983	0.859788646019219
7245	FO393400.1	ENSG00000285382	hsa-miR-183-5p	MIMAT0000261	0.859754966941346
7246	SLAIN2	ENSG00000109171	hsa-miR-6758-5p	MIMAT0027416	0.859742302181888
7247	C10orf82	ENSG00000165863	hsa-miR-657	MIMAT0003335	0.859741376129916
7248	SCAMP5	ENSG00000198794	hsa-miR-4685-5p	MIMAT0019771	0.859722345343127
7249	NIPA1	ENSG00000170113	hsa-miR-4458	MIMAT0018980	0.859713633579611
7250	NAPEPLD	ENSG00000161048	hsa-miR-1252-3p	MIMAT0026744	0.859634600724123
7251	TRIM66	ENSG00000166436	hsa-miR-765	MIMAT0003945	0.859633750717777
7252	ZNRF3	ENSG00000183579	hsa-miR-4685-5p	MIMAT0019771	0.859618338704898
7253	EIF3L	ENSG00000100129	hsa-miR-4695-5p	MIMAT0019788	0.859613458517545
7254	AP3M1	ENSG00000185009	hsa-miR-21-5p	MIMAT0000076	0.859611708728933
7255	DPP3	ENSG00000254986	hsa-miR-4458	MIMAT0018980	0.859608302616026
7256	POLH	ENSG00000170734	hsa-miR-661	MIMAT0003324	0.859596336722467
7257	ZNF594	ENSG00000180626	hsa-miR-4465	MIMAT0018992	0.85958651629014
7258	PRR12	ENSG00000126464	hsa-miR-765	MIMAT0003945	0.859586147098965
7259	RAB43	ENSG00000172780	hsa-miR-4685-5p	MIMAT0019771	0.859576635137015
7260	PNMA8C	ENSG00000277531	hsa-miR-1252-3p	MIMAT0026744	0.859553675686596
7261	IGSF9B	ENSG00000080854	hsa-miR-4685-5p	MIMAT0019771	0.85952346331748
7262	POLDIP3	ENSG00000100227	hsa-miR-765	MIMAT0003945	0.859514625715146
7263	CRYBG2	ENSG00000176092	hsa-miR-21-5p	MIMAT0000076	0.85948912656275
7264	KCND2	ENSG00000184408	hsa-miR-4685-5p	MIMAT0019771	0.859477479538376
7265	CDH6	ENSG00000113361	hsa-miR-130a-5p	MIMAT0004593	0.859463932542877
7266	ARHGDIA	ENSG00000141522	hsa-miR-940	MIMAT0004983	0.859449754838967
7267	AC018809.3	ENSG00000288550	hsa-miR-4685-5p	MIMAT0019771	0.859428444412538
7268	VAMP2	ENSG00000220205	hsa-miR-765	MIMAT0003945	0.85941563797666
7269	LNPEP	ENSG00000113441	hsa-miR-183-5p	MIMAT0000261	0.859400572033354
7270	MGAT3	ENSG00000128268	hsa-miR-4292	MIMAT0016919	0.859399237686672
7271	MGAT4A	ENSG00000071073	hsa-miR-224-5p	MIMAT0000281	0.859390022630884
7272	SLC13A5	ENSG00000141485	hsa-miR-4695-5p	MIMAT0019788	0.8593869847119
7273	CDCA8	ENSG00000134690	hsa-miR-4695-5p	MIMAT0019788	0.859376895280827
7274	HDAC7	ENSG00000061273	hsa-miR-4685-5p	MIMAT0019771	0.859372406442753
7275	FAR2	ENSG00000064763	hsa-miR-4458	MIMAT0018980	0.85935561918971
7276	SEC31B	ENSG00000075826	hsa-miR-4695-5p	MIMAT0019788	0.859342649262203
7277	LIN7C	ENSG00000148943	hsa-miR-6783-5p	MIMAT0027466	0.859320260799055
7278	FIGNL2	ENSG00000261308	hsa-miR-4695-5p	MIMAT0019788	0.85931011721852
7279	RTL9	ENSG00000243978	hsa-miR-661	MIMAT0003324	0.859307361784273
7280	GPR180	ENSG00000152749	hsa-miR-3682-5p	MIMAT0019222	0.859293954469648
7281	PPP1R16B	ENSG00000101445	hsa-miR-4292	MIMAT0016919	0.859293934622111
7282	MGA	ENSG00000174197	hsa-miR-4695-5p	MIMAT0019788	0.859289756032011
7283	TMEM59	ENSG00000116209	hsa-miR-92a-1-5p	MIMAT0004507	0.859289646764526
7284	AR	ENSG00000169083	hsa-miR-940	MIMAT0004983	0.859275674547947
7285	YBX3	ENSG00000060138	hsa-miR-92a-1-5p	MIMAT0004507	0.859269543196257
7286	RAD51D	ENSG00000185379	hsa-miR-940	MIMAT0004983	0.859267064085643
7287	RBM12B	ENSG00000183808	hsa-miR-4458	MIMAT0018980	0.859266332626741
7288	WASHC4	ENSG00000136051	hsa-miR-7855-5p	MIMAT0030430	0.859262978517541
7289	PURB	ENSG00000146676	hsa-miR-1252-3p	MIMAT0026744	0.859252741727278
7290	ELF3	ENSG00000163435	hsa-miR-4695-5p	MIMAT0019788	0.859235904025677
7291	CDH16	ENSG00000166589	hsa-miR-4685-5p	MIMAT0019771	0.859214735307067
7292	TMEM181	ENSG00000146433	hsa-miR-4685-5p	MIMAT0019771	0.859209155623549
7293	TMEM179	ENSG00000258986	hsa-miR-4446-3p	MIMAT0018965	0.859204312320693
7294	MPHOSPH8	ENSG00000196199	hsa-miR-4685-5p	MIMAT0019771	0.859194250515666
7295	SLC4A7	ENSG00000033867	hsa-miR-1252-3p	MIMAT0026744	0.859182547268923
7296	CHMP2B	ENSG00000083937	hsa-miR-940	MIMAT0004983	0.859172130728239
7297	CD209	ENSG00000090659	hsa-miR-4685-5p	MIMAT0019771	0.859161079549852
7298	XKR4	ENSG00000206579	hsa-miR-661	MIMAT0003324	0.859159492473596
7299	USB1	ENSG00000103005	hsa-miR-765	MIMAT0003945	0.859154495533362
7300	SFT2D2	ENSG00000213064	hsa-miR-1252-3p	MIMAT0026744	0.859133312325384
7301	C1orf21	ENSG00000116667	hsa-miR-6822-3p	MIMAT0027545	0.859130773492304
7302	MAFG	ENSG00000197063	hsa-miR-130a-5p	MIMAT0004593	0.85911830951927
7303	FABP1	ENSG00000163586	hsa-miR-661	MIMAT0003324	0.859092208997977
7304	TMEM170B	ENSG00000205269	hsa-miR-7855-5p	MIMAT0030430	0.859090077838152
7305	NIPAL2	ENSG00000104361	hsa-miR-183-5p	MIMAT0000261	0.859074704805945
7306	CNTNAP1	ENSG00000108797	hsa-miR-765	MIMAT0003945	0.859067506827426
7307	TRERF1	ENSG00000124496	hsa-miR-4292	MIMAT0016919	0.859005302437283
7308	ITGA6	ENSG00000091409	hsa-miR-4687-3p	MIMAT0019775	0.859005039703174
7309	HIPK2	ENSG00000064393	hsa-miR-625-3p	MIMAT0004808	0.859001438913311
7310	SMARCA2	ENSG00000080503	hsa-miR-4292	MIMAT0016919	0.858997809935338
7311	AMMECR1L	ENSG00000144233	hsa-miR-6127	MIMAT0024610	0.858986149741322
7312	PRR20C	ENSG00000229665	hsa-miR-4804-5p	MIMAT0019984	0.858974843047275
7313	FXR1	ENSG00000114416	hsa-miR-1252-3p	MIMAT0026744	0.858941760042218
7314	PPP1R11	ENSG00000204619	hsa-miR-1252-3p	MIMAT0026744	0.858927035663225
7315	ERRFI1	ENSG00000116285	hsa-miR-7157-3p	MIMAT0028225	0.858925540888741
7316	SP6	ENSG00000189120	hsa-miR-765	MIMAT0003945	0.858918502529005
7317	WT1	ENSG00000184937	hsa-miR-657	MIMAT0003335	0.858913189923123
7318	DIP2B	ENSG00000066084	hsa-miR-661	MIMAT0003324	0.85889904939652
7319	AP1S2	ENSG00000182287	hsa-miR-1252-3p	MIMAT0026744	0.858894560275216
7320	CNOT6	ENSG00000113300	hsa-miR-7855-5p	MIMAT0030430	0.858892330631267
7321	TACR1	ENSG00000115353	hsa-miR-4695-5p	MIMAT0019788	0.858882441717099
7322	ZNF605	ENSG00000196458	hsa-miR-130a-5p	MIMAT0004593	0.858878136032918
7323	CYP3A7	ENSG00000160870	hsa-miR-625-3p	MIMAT0004808	0.858871021799624
7324	TRIM4	ENSG00000146833	hsa-miR-1911-5p	MIMAT0007885	0.85887047448887
7325	HIF1AN	ENSG00000166135	hsa-miR-940	MIMAT0004983	0.858862836873442
7326	SH3BP2	ENSG00000087266	hsa-miR-5008-5p	MIMAT0021039	0.858861278047699
7327	WDFY2	ENSG00000139668	hsa-miR-3682-5p	MIMAT0019222	0.858858748884316
7328	BMP8B	ENSG00000116985	hsa-miR-7157-3p	MIMAT0028225	0.858857419230264
7329	POLR2J2	ENSG00000228049	hsa-miR-4446-3p	MIMAT0018965	0.858839070098419
7330	FAM114A1	ENSG00000197712	hsa-miR-7157-3p	MIMAT0028225	0.858836474742066
7331	TMEM154	ENSG00000170006	hsa-miR-3682-5p	MIMAT0019222	0.858819814079909
7332	KCTD20	ENSG00000112078	hsa-miR-661	MIMAT0003324	0.858817073323208
7333	AC005324.3	ENSG00000255104	hsa-miR-661	MIMAT0003324	0.858810961332946
7334	KRTAP5-7	ENSG00000244411	hsa-miR-4695-5p	MIMAT0019788	0.858791894826725
7335	ZNF268	ENSG00000090612	hsa-miR-130a-5p	MIMAT0004593	0.85877939688028
7336	IL7R	ENSG00000168685	hsa-miR-6127	MIMAT0024610	0.858778943641512
7337	XRCC2	ENSG00000196584	hsa-miR-7157-3p	MIMAT0028225	0.858766967946723
7338	HEATR5B	ENSG00000008869	hsa-miR-1252-3p	MIMAT0026744	0.858764968548597
7339	XRN1	ENSG00000114127	hsa-miR-224-5p	MIMAT0000281	0.85875093034189
7340	XKR4	ENSG00000206579	hsa-miR-7855-5p	MIMAT0030430	0.85874722340269
7341	TMEM200B	ENSG00000253304	hsa-miR-224-5p	MIMAT0000281	0.858733640557312
7342	RS1	ENSG00000102104	hsa-miR-1252-3p	MIMAT0026744	0.858709688955792
7343	SLC43A2	ENSG00000167703	hsa-miR-657	MIMAT0003335	0.858696227063526
7344	SPOCK1	ENSG00000152377	hsa-miR-6822-3p	MIMAT0027545	0.858684836594645
7345	SREBF2	ENSG00000198911	hsa-miR-657	MIMAT0003335	0.858683757012083
7346	ABLIM1	ENSG00000099204	hsa-miR-130a-5p	MIMAT0004593	0.858670842079622
7347	WDR37	ENSG00000047056	hsa-miR-1252-3p	MIMAT0026744	0.85865914035562
7348	GRIN2B	ENSG00000273079	hsa-miR-183-5p	MIMAT0000261	0.858608970351506
7349	ELL2	ENSG00000118985	hsa-miR-224-5p	MIMAT0000281	0.858596147221565
7350	TRIM40	ENSG00000204614	hsa-miR-765	MIMAT0003945	0.858538701104174
7351	PRR20B	ENSG00000204918	hsa-miR-4804-5p	MIMAT0019984	0.85853633936936
7352	RBMS1	ENSG00000153250	hsa-miR-4458	MIMAT0018980	0.858535071935259
7353	PLEKHH1	ENSG00000054690	hsa-miR-4465	MIMAT0018992	0.858528569533127
7354	NFATC2IP	ENSG00000176953	hsa-miR-8056	MIMAT0030983	0.858522873132402
7355	BRAF	ENSG00000157764	hsa-miR-6758-5p	MIMAT0027416	0.858518398132136
7356	TRAF6	ENSG00000175104	hsa-miR-4446-3p	MIMAT0018965	0.85848463931771
7357	CHST12	ENSG00000136213	hsa-miR-940	MIMAT0004983	0.858484204641682
7358	FBXL17	ENSG00000145743	hsa-miR-1252-3p	MIMAT0026744	0.858479840153482
7359	ZNF765	ENSG00000196417	hsa-miR-661	MIMAT0003324	0.858459753016821
7360	ELOC	ENSG00000154582	hsa-miR-940	MIMAT0004983	0.858436780207786
7361	VTI1A	ENSG00000151532	hsa-miR-4446-3p	MIMAT0018965	0.858423426493414
7362	IGF2R	ENSG00000197081	hsa-miR-765	MIMAT0003945	0.858409621971892
7363	AMMECR1	ENSG00000101935	hsa-miR-940	MIMAT0004983	0.858406089270349
7364	FAM120AOS	ENSG00000188938	hsa-miR-6758-5p	MIMAT0027416	0.858404490920212
7365	MSH6	ENSG00000116062	hsa-miR-3682-5p	MIMAT0019222	0.858380573321206
7366	BMPR2	ENSG00000204217	hsa-miR-7157-3p	MIMAT0028225	0.858377804117811
7367	CLTA	ENSG00000122705	hsa-miR-661	MIMAT0003324	0.858337356233678
7368	MLEC	ENSG00000110917	hsa-miR-130a-5p	MIMAT0004593	0.858335031988105
7369	PRR20D	ENSG00000227151	hsa-miR-4804-5p	MIMAT0019984	0.858296944263684
7370	TMPPE	ENSG00000188167	hsa-miR-4458	MIMAT0018980	0.858280642791568
7371	CRKL	ENSG00000099942	hsa-miR-4695-5p	MIMAT0019788	0.858272858943342
7372	PCLO	ENSG00000186472	hsa-miR-1252-3p	MIMAT0026744	0.858258681833415
7373	RBM14-RBM4	ENSG00000248643	hsa-miR-6822-3p	MIMAT0027545	0.858232064261905
7374	ST6GALNAC1	ENSG00000070526	hsa-miR-4687-3p	MIMAT0019775	0.858196286123074
7375	TRDMT1	ENSG00000107614	hsa-miR-765	MIMAT0003945	0.858189745261089
7376	TGFBR2	ENSG00000163513	hsa-miR-21-5p	MIMAT0000076	0.858175513064354
7377	UGGT1	ENSG00000136731	hsa-miR-1252-3p	MIMAT0026744	0.858155916439725
7378	TAF5L	ENSG00000135801	hsa-miR-5008-5p	MIMAT0021039	0.858153494817484
7379	SPATA5L1	ENSG00000171763	hsa-miR-21-5p	MIMAT0000076	0.85811343834049
7380	TIMM17B	ENSG00000126768	hsa-miR-4685-5p	MIMAT0019771	0.858089441760784
7381	SLC4A10	ENSG00000144290	hsa-miR-1252-3p	MIMAT0026744	0.858078513889961
7382	PEAK1	ENSG00000173517	hsa-miR-4446-3p	MIMAT0018965	0.858073921629197
7383	C12orf73	ENSG00000204954	hsa-miR-6783-5p	MIMAT0027466	0.858056839770249
7384	APOOL	ENSG00000155008	hsa-miR-6127	MIMAT0024610	0.858054153732681
7385	AGO1	ENSG00000092847	hsa-miR-1252-3p	MIMAT0026744	0.858041347089989
7386	POU2F1	ENSG00000143190	hsa-miR-224-5p	MIMAT0000281	0.858040773319191
7387	GSTO2	ENSG00000065621	hsa-miR-940	MIMAT0004983	0.858040447353781
7388	TAF5	ENSG00000148835	hsa-miR-21-5p	MIMAT0000076	0.858032779233082
7389	PRKN	ENSG00000185345	hsa-miR-625-3p	MIMAT0004808	0.858015810264205
7390	UBE2D4	ENSG00000078967	hsa-miR-183-5p	MIMAT0000261	0.857995568217613
7391	DOCK4	ENSG00000128512	hsa-miR-1252-3p	MIMAT0026744	0.857991071628289
7392	DEFB125	ENSG00000178591	hsa-miR-4687-3p	MIMAT0019775	0.85799098007773
7393	PAPPA	ENSG00000182752	hsa-miR-940	MIMAT0004983	0.857980035087609
7394	RC3H1	ENSG00000135870	hsa-miR-1252-3p	MIMAT0026744	0.85797016474498
7395	DSE	ENSG00000111817	hsa-miR-3682-5p	MIMAT0019222	0.857969807857734
7396	SERTM2	ENSG00000260802	hsa-miR-6127	MIMAT0024610	0.857967777153919
7397	FBXO32	ENSG00000156804	hsa-miR-4458	MIMAT0018980	0.857958852531636
7398	KLHL15	ENSG00000174010	hsa-miR-5008-5p	MIMAT0021039	0.857942298868577
7399	P2RY2	ENSG00000175591	hsa-miR-657	MIMAT0003335	0.857925745295061
7400	FHL2	ENSG00000115641	hsa-miR-224-5p	MIMAT0000281	0.857922167130255
7401	ARHGAP29	ENSG00000137962	hsa-miR-1252-3p	MIMAT0026744	0.857921652534891
7402	ALOXE3	ENSG00000179148	hsa-miR-6127	MIMAT0024610	0.857899391189438
7403	COL27A1	ENSG00000196739	hsa-miR-6783-5p	MIMAT0027466	0.857897484308837
7404	TRIM16L	ENSG00000108448	hsa-miR-6127	MIMAT0024610	0.857863625691948
7405	CYP8B1	ENSG00000180432	hsa-miR-940	MIMAT0004983	0.857863558639089
7406	C6orf62	ENSG00000112308	hsa-miR-1252-3p	MIMAT0026744	0.857847797948857
7407	NXPH3	ENSG00000182575	hsa-miR-5008-5p	MIMAT0021039	0.85784631914169
7408	CRCT1	ENSG00000169509	hsa-miR-4458	MIMAT0018980	0.857846093595536
7409	ASB12	ENSG00000198881	hsa-miR-765	MIMAT0003945	0.857823272785548
7410	CDIN1	ENSG00000186073	hsa-miR-4687-3p	MIMAT0019775	0.857783364641141
7411	TECR	ENSG00000099797	hsa-miR-6758-5p	MIMAT0027416	0.857780625840685
7412	KMT5B	ENSG00000110066	hsa-miR-1252-3p	MIMAT0026744	0.857770628460275
7413	SRC	ENSG00000197122	hsa-miR-6127	MIMAT0024610	0.857770206302326
7414	CACNB3	ENSG00000167535	hsa-miR-5008-5p	MIMAT0021039	0.857759111348459
7415	IGHMBP2	ENSG00000132740	hsa-miR-4292	MIMAT0016919	0.857756571645852
7416	CYSLTR1	ENSG00000173198	hsa-miR-3682-5p	MIMAT0019222	0.857726801440651
7417	UBE2W	ENSG00000104343	hsa-miR-224-5p	MIMAT0000281	0.857717482236161
7418	ZDHHC21	ENSG00000175893	hsa-miR-7855-5p	MIMAT0030430	0.857714362666104
7419	OR2V2	ENSG00000182613	hsa-miR-661	MIMAT0003324	0.85769022065628
7420	INTU	ENSG00000164066	hsa-miR-1252-3p	MIMAT0026744	0.857643431159292
7421	HS3ST5	ENSG00000249853	hsa-miR-6783-5p	MIMAT0027466	0.857641714144442
7422	SPRING1	ENSG00000111412	hsa-miR-661	MIMAT0003324	0.857637730968502
7423	IL17RA	ENSG00000177663	hsa-miR-4292	MIMAT0016919	0.857624928796569
7424	TRIM55	ENSG00000147573	hsa-miR-4695-5p	MIMAT0019788	0.857598299620669
7425	CLSTN2	ENSG00000158258	hsa-miR-940	MIMAT0004983	0.857590081189862
7426	STUM	ENSG00000203685	hsa-miR-661	MIMAT0003324	0.857580552598768
7427	SNIP1	ENSG00000163877	hsa-miR-940	MIMAT0004983	0.857571676637923
7428	CLIP1	ENSG00000130779	hsa-miR-1252-3p	MIMAT0026744	0.857558490152353
7429	XKR9	ENSG00000221947	hsa-miR-1252-3p	MIMAT0026744	0.857549690242412
7430	CYB5D2	ENSG00000167740	hsa-miR-4685-5p	MIMAT0019771	0.857539763126849
7431	LOXL2	ENSG00000134013	hsa-miR-765	MIMAT0003945	0.857535679654134
7432	REPS2	ENSG00000169891	hsa-miR-940	MIMAT0004983	0.857518045084071
7433	ANKRD49	ENSG00000168876	hsa-miR-1252-3p	MIMAT0026744	0.857513006003418
7434	SLC50A1	ENSG00000169241	hsa-miR-7855-5p	MIMAT0030430	0.857489922813261
7435	FBXO45	ENSG00000174013	hsa-miR-940	MIMAT0004983	0.857445346407915
7436	GPR157	ENSG00000180758	hsa-miR-4458	MIMAT0018980	0.857437413315413
7437	PPP1R3C	ENSG00000119938	hsa-miR-224-5p	MIMAT0000281	0.85741899875304
7438	ZNF215	ENSG00000149054	hsa-miR-4687-3p	MIMAT0019775	0.857414861235779
7439	ANGEL1	ENSG00000013523	hsa-miR-4685-5p	MIMAT0019771	0.857406948740762
7440	KCTD15	ENSG00000153885	hsa-miR-7157-3p	MIMAT0028225	0.857404519641513
7441	PLXNA3	ENSG00000130827	hsa-miR-940	MIMAT0004983	0.857401975925291
7442	TENM1	ENSG00000009694	hsa-miR-7855-5p	MIMAT0030430	0.857399073975768
7443	DCLK2	ENSG00000170390	hsa-miR-657	MIMAT0003335	0.857357274308506
7444	OAS2	ENSG00000111335	hsa-miR-940	MIMAT0004983	0.857344413807807
7445	QSOX1	ENSG00000116260	hsa-miR-940	MIMAT0004983	0.857316247004423
7446	ELOF1	ENSG00000130165	hsa-miR-4685-5p	MIMAT0019771	0.857306943667936
7447	RPRD2	ENSG00000163125	hsa-miR-5008-5p	MIMAT0021039	0.857292156362283
7448	COL4A6	ENSG00000197565	hsa-miR-661	MIMAT0003324	0.857285381871497
7449	NAA40	ENSG00000110583	hsa-miR-4695-5p	MIMAT0019788	0.857280247768492
7450	SLC40A1	ENSG00000138449	hsa-miR-6783-5p	MIMAT0027466	0.857267891180978
7451	ITSN1	ENSG00000205726	hsa-miR-765	MIMAT0003945	0.857263784416021
7452	DMRTA1	ENSG00000176399	hsa-miR-1252-3p	MIMAT0026744	0.857246231183667
7453	CACNA1E	ENSG00000198216	hsa-miR-6783-5p	MIMAT0027466	0.857242057894384
7454	MTARC1	ENSG00000186205	hsa-miR-183-5p	MIMAT0000261	0.85722161831414
7455	ADGB	ENSG00000118492	hsa-miR-3682-5p	MIMAT0019222	0.857210749550224
7456	PLAUR	ENSG00000011422	hsa-miR-5008-5p	MIMAT0021039	0.857150509578665
7457	BCL2	ENSG00000171791	hsa-miR-4685-5p	MIMAT0019771	0.857125736826364
7458	ZNF26	ENSG00000198393	hsa-miR-4695-5p	MIMAT0019788	0.857112925062708
7459	TRAF6	ENSG00000175104	hsa-miR-1252-3p	MIMAT0026744	0.857097676280375
7460	CDS1	ENSG00000163624	hsa-miR-130a-5p	MIMAT0004593	0.857095750213889
7461	ARL6IP6	ENSG00000177917	hsa-miR-183-5p	MIMAT0000261	0.857091657423689
7462	OR7D4	ENSG00000174667	hsa-miR-6127	MIMAT0024610	0.857086885870152
7463	RAB11FIP4	ENSG00000131242	hsa-miR-4458	MIMAT0018980	0.85707832336601
7464	DUSP22	ENSG00000112679	hsa-miR-6783-5p	MIMAT0027466	0.857015062889201
7465	GPAM	ENSG00000119927	hsa-miR-183-5p	MIMAT0000261	0.856941437249196
7466	S1PR2	ENSG00000267534	hsa-miR-6783-5p	MIMAT0027466	0.856936816613521
7467	GDAP1	ENSG00000104381	hsa-miR-4465	MIMAT0018992	0.856921175507279
7468	UBL4A	ENSG00000102178	hsa-miR-6127	MIMAT0024610	0.856900227664815
7469	ENAH	ENSG00000154380	hsa-miR-1252-3p	MIMAT0026744	0.856895738787109
7470	SLC24A2	ENSG00000155886	hsa-miR-940	MIMAT0004983	0.856872121992737
7471	AGFG1	ENSG00000173744	hsa-miR-1252-3p	MIMAT0026744	0.856868549125887
7472	HIPK2	ENSG00000064393	hsa-miR-4446-3p	MIMAT0018965	0.856862064747462
7473	SLC25A36	ENSG00000114120	hsa-miR-1911-5p	MIMAT0007885	0.856836624677
7474	RXRG	ENSG00000143171	hsa-miR-4685-5p	MIMAT0019771	0.856834249418692
7475	NETO1	ENSG00000166342	hsa-miR-6758-5p	MIMAT0027416	0.85682820421289
7476	RBM4	ENSG00000173933	hsa-miR-6783-5p	MIMAT0027466	0.856800043214549
7477	SPATA6	ENSG00000132122	hsa-miR-7855-5p	MIMAT0030430	0.85679038555419
7478	TMEM192	ENSG00000170088	hsa-miR-4695-5p	MIMAT0019788	0.856789859232047
7479	ZDHHC3	ENSG00000163812	hsa-miR-130a-5p	MIMAT0004593	0.856772423829774
7480	DCAF12	ENSG00000198876	hsa-miR-6783-5p	MIMAT0027466	0.856768850860009
7481	RAP1B	ENSG00000127314	hsa-miR-1252-3p	MIMAT0026744	0.856744923557497
7482	RNF213	ENSG00000173821	hsa-miR-130a-5p	MIMAT0004593	0.856713908725762
7483	FKBP15	ENSG00000119321	hsa-miR-4687-3p	MIMAT0019775	0.8566981369338
7484	ASPA	ENSG00000108381	hsa-miR-183-5p	MIMAT0000261	0.856683304629793
7485	SOGA1	ENSG00000149639	hsa-miR-940	MIMAT0004983	0.856667522817426
7486	KATNAL2	ENSG00000167216	hsa-miR-130a-5p	MIMAT0004593	0.856666547350912
7487	DERPC	ENSG00000286140	hsa-miR-6127	MIMAT0024610	0.856648966926571
7488	SPRY1	ENSG00000164056	hsa-miR-7855-5p	MIMAT0030430	0.856610569522651
7489	NPY1R	ENSG00000164128	hsa-miR-1252-3p	MIMAT0026744	0.856609529876854
7490	SHANK1	ENSG00000161681	hsa-miR-6783-5p	MIMAT0027466	0.856596658935726
7491	HIP1	ENSG00000127946	hsa-miR-4292	MIMAT0016919	0.856567803319162
7492	POU5F1B	ENSG00000212993	hsa-miR-765	MIMAT0003945	0.856565008072135
7493	MORF4L2	ENSG00000123562	hsa-miR-1252-3p	MIMAT0026744	0.85656182693379
7494	SFXN1	ENSG00000164466	hsa-miR-7157-3p	MIMAT0028225	0.856539143842438
7495	CEP43	ENSG00000213066	hsa-miR-4695-5p	MIMAT0019788	0.856524304474663
7496	KIF6	ENSG00000164627	hsa-miR-661	MIMAT0003324	0.856483173071169
7497	SMARCD3	ENSG00000082014	hsa-miR-4695-5p	MIMAT0019788	0.856480524306115
7498	MED21	ENSG00000152944	hsa-miR-183-5p	MIMAT0000261	0.856465140819719
7499	SPRED2	ENSG00000198369	hsa-miR-4458	MIMAT0018980	0.856423675826635
7500	NCMAP	ENSG00000184454	hsa-miR-940	MIMAT0004983	0.85641792770751
7501	EPHA10	ENSG00000183317	hsa-miR-4685-5p	MIMAT0019771	0.856402808108344
7502	BEST1	ENSG00000167995	hsa-miR-7855-5p	MIMAT0030430	0.856398408614278
7503	IL15RA	ENSG00000134470	hsa-miR-183-5p	MIMAT0000261	0.856368806626888
7504	SEPTIN11	ENSG00000138758	hsa-miR-940	MIMAT0004983	0.856365041098988
7505	ADCYAP1	ENSG00000141433	hsa-miR-4446-3p	MIMAT0018965	0.856339262196199
7506	SEMA3D	ENSG00000153993	hsa-miR-1252-3p	MIMAT0026744	0.856327619497614
7507	COL20A1	ENSG00000101203	hsa-miR-661	MIMAT0003324	0.856326256642321
7508	WWC3	ENSG00000047644	hsa-miR-6758-5p	MIMAT0027416	0.856304764501911
7509	AIPL1	ENSG00000129221	hsa-miR-661	MIMAT0003324	0.856285584861101
7510	ZNF26	ENSG00000198393	hsa-miR-657	MIMAT0003335	0.856282979902778
7511	ZNF879	ENSG00000234284	hsa-miR-4687-3p	MIMAT0019775	0.856278381533713
7512	PHF14	ENSG00000106443	hsa-miR-6783-5p	MIMAT0027466	0.856247586560629
7513	GGTA1	ENSG00000204136	hsa-miR-4695-5p	MIMAT0019788	0.856218836156343
7514	ESM1	ENSG00000164283	hsa-miR-3682-5p	MIMAT0019222	0.856214249483146
7515	SNX30	ENSG00000148158	hsa-miR-7855-5p	MIMAT0030430	0.856205773977454
7516	SAMD4A	ENSG00000020577	hsa-miR-183-5p	MIMAT0000261	0.856178002664943
7517	BZW1	ENSG00000082153	hsa-miR-4685-5p	MIMAT0019771	0.856129400471508
7518	SMURF2	ENSG00000108854	hsa-miR-1252-3p	MIMAT0026744	0.856120762584561
7519	MBOAT1	ENSG00000172197	hsa-miR-6127	MIMAT0024610	0.856117340390024
7520	TTL	ENSG00000114999	hsa-miR-4458	MIMAT0018980	0.856108662592174
7521	APPBP2	ENSG00000062725	hsa-miR-7855-5p	MIMAT0030430	0.856090673734573
7522	UBASH3B	ENSG00000154127	hsa-miR-224-5p	MIMAT0000281	0.856082253275397
7523	RABL3	ENSG00000144840	hsa-miR-4685-5p	MIMAT0019771	0.856080626937166
7524	WWP1	ENSG00000123124	hsa-miR-4687-3p	MIMAT0019775	0.856068147213685
7525	IGSF9B	ENSG00000080854	hsa-miR-6127	MIMAT0024610	0.85600717030941
7526	LANCL3	ENSG00000147036	hsa-miR-21-5p	MIMAT0000076	0.855987905366917
7527	FAM110C	ENSG00000184731	hsa-miR-1252-3p	MIMAT0026744	0.855965653980157
7528	FNTB	ENSG00000257365	hsa-miR-765	MIMAT0003945	0.855956576328871
7529	ABCG8	ENSG00000143921	hsa-miR-1252-3p	MIMAT0026744	0.855954807775162
7530	SMIM34B	ENSG00000278961	hsa-miR-1252-3p	MIMAT0026744	0.85590614314489
7531	SLC16A12	ENSG00000152779	hsa-miR-1252-3p	MIMAT0026744	0.855858434521324
7532	PLXDC1	ENSG00000161381	hsa-miR-4685-5p	MIMAT0019771	0.855847178667732
7533	ZBTB9	ENSG00000213588	hsa-miR-7855-5p	MIMAT0030430	0.855836097432324
7534	OTOR	ENSG00000125879	hsa-miR-130a-5p	MIMAT0004593	0.855771874414127
7535	SLC5A9	ENSG00000117834	hsa-miR-4458	MIMAT0018980	0.855767562474462
7536	WDR35	ENSG00000118965	hsa-miR-1252-3p	MIMAT0026744	0.855759036776536
7537	CRACR2A	ENSG00000130038	hsa-miR-940	MIMAT0004983	0.855754840559996
7538	RPAP2	ENSG00000122484	hsa-miR-4685-5p	MIMAT0019771	0.855742806084511
7539	AP3B2	ENSG00000103723	hsa-miR-6758-5p	MIMAT0027416	0.855735427162327
7540	TJAP1	ENSG00000137221	hsa-miR-661	MIMAT0003324	0.855732444970933
7541	HGF	ENSG00000019991	hsa-miR-7157-3p	MIMAT0028225	0.855729709994924
7542	FRMD4A	ENSG00000151474	hsa-miR-1252-3p	MIMAT0026744	0.855721571394157
7543	NAMPT	ENSG00000105835	hsa-miR-4687-3p	MIMAT0019775	0.855715717292467
7544	WDR48	ENSG00000114742	hsa-miR-4695-5p	MIMAT0019788	0.855712398316304
7545	PIAS2	ENSG00000078043	hsa-miR-7855-5p	MIMAT0030430	0.855683408398896
7546	CELF6	ENSG00000140488	hsa-miR-940	MIMAT0004983	0.855659105764047
7547	A1BG	ENSG00000121410	hsa-miR-5008-5p	MIMAT0021039	0.855632775427943
7548	MDGA1	ENSG00000112139	hsa-miR-4446-3p	MIMAT0018965	0.855625847989035
7549	BBX	ENSG00000114439	hsa-miR-4465	MIMAT0018992	0.855610251968202
7550	SEPHS2	ENSG00000179918	hsa-miR-6822-3p	MIMAT0027545	0.855600986666247
7551	CAND2	ENSG00000144712	hsa-miR-4695-5p	MIMAT0019788	0.855589985206022
7552	FZD10	ENSG00000111432	hsa-miR-130a-5p	MIMAT0004593	0.855585049427162
7553	SYT16	ENSG00000139973	hsa-miR-4458	MIMAT0018980	0.855574627476315
7554	FAM219A	ENSG00000164970	hsa-miR-6127	MIMAT0024610	0.855569177941407
7555	FRAS1	ENSG00000138759	hsa-miR-6127	MIMAT0024610	0.855530266212838
7556	DTWD1	ENSG00000104047	hsa-miR-130a-5p	MIMAT0004593	0.85551591633126
7557	CLOCK	ENSG00000134852	hsa-miR-1252-3p	MIMAT0026744	0.85550244908941
7558	PLEKHM3	ENSG00000178385	hsa-miR-6127	MIMAT0024610	0.855501238787423
7559	GCOM1	ENSG00000137878	hsa-miR-1252-3p	MIMAT0026744	0.855498991867156
7560	NOL6	ENSG00000165271	hsa-miR-4695-5p	MIMAT0019788	0.855477114572467
7561	AC010326.2	ENSG00000269476	hsa-miR-6783-5p	MIMAT0027466	0.855465280439122
7562	XCR1	ENSG00000173578	hsa-miR-5008-5p	MIMAT0021039	0.855439767586242
7563	ST8SIA2	ENSG00000140557	hsa-miR-657	MIMAT0003335	0.855416254718504
7564	FOXP2	ENSG00000128573	hsa-miR-3682-5p	MIMAT0019222	0.855400411024634
7565	RNF152	ENSG00000176641	hsa-miR-224-5p	MIMAT0000281	0.855395780853037
7566	LRRC6	ENSG00000129295	hsa-miR-765	MIMAT0003945	0.8553835560302
7567	DUSP7	ENSG00000164086	hsa-miR-5008-5p	MIMAT0021039	0.855336803072132
7568	STXBP5L	ENSG00000145087	hsa-miR-130a-5p	MIMAT0004593	0.855334305752245
7569	CELF3	ENSG00000159409	hsa-miR-4446-3p	MIMAT0018965	0.855299279831082
7570	UBTD2	ENSG00000168246	hsa-miR-130a-5p	MIMAT0004593	0.855287341461605
7571	ATG2A	ENSG00000110046	hsa-miR-4685-5p	MIMAT0019771	0.855283315172805
7572	A1CF	ENSG00000148584	hsa-miR-130a-5p	MIMAT0004593	0.855257034282232
7573	RPH3A	ENSG00000089169	hsa-miR-765	MIMAT0003945	0.855202277375489
7574	ATOX1	ENSG00000177556	hsa-miR-940	MIMAT0004983	0.855175302605747
7575	HFE	ENSG00000010704	hsa-miR-1252-3p	MIMAT0026744	0.855161369896105
7576	TAT	ENSG00000198650	hsa-miR-5008-5p	MIMAT0021039	0.855148422075569
7577	SLC9A4	ENSG00000180251	hsa-miR-4687-3p	MIMAT0019775	0.855114538968505
7578	SMAD2	ENSG00000175387	hsa-miR-6127	MIMAT0024610	0.855101382097501
7579	TBL1XR1	ENSG00000177565	hsa-miR-1252-3p	MIMAT0026744	0.855090338227592
7580	SBF1	ENSG00000100241	hsa-miR-4292	MIMAT0016919	0.855082135674518
7581	RAPGEF3	ENSG00000079337	hsa-miR-6758-5p	MIMAT0027416	0.855080489373744
7582	MGAT5	ENSG00000152127	hsa-miR-6127	MIMAT0024610	0.855066635581248
7583	VANGL1	ENSG00000173218	hsa-miR-183-5p	MIMAT0000261	0.855057818739939
7584	NACC1	ENSG00000160877	hsa-miR-4292	MIMAT0016919	0.85505629408983
7585	TCAIM	ENSG00000179152	hsa-miR-21-5p	MIMAT0000076	0.85505549091047
7586	MTG1	ENSG00000148824	hsa-miR-661	MIMAT0003324	0.855036983220333
7587	EMID1	ENSG00000186998	hsa-miR-5008-5p	MIMAT0021039	0.855032183117311
7588	CHN1	ENSG00000128656	hsa-miR-4746-3p	MIMAT0019881	0.855018646946253
7589	TULP4	ENSG00000130338	hsa-miR-4687-3p	MIMAT0019775	0.854996848284915
7590	NFATC4	ENSG00000100968	hsa-miR-940	MIMAT0004983	0.854993904947032
7591	PRKN	ENSG00000185345	hsa-miR-661	MIMAT0003324	0.854980544463135
7592	RIMS1	ENSG00000079841	hsa-miR-7157-3p	MIMAT0028225	0.854973109167389
7593	SAMD7	ENSG00000187033	hsa-miR-130a-5p	MIMAT0004593	0.854965691737847
7594	KHNYN	ENSG00000100441	hsa-miR-6783-5p	MIMAT0027466	0.854937182392261
7595	MAGT1	ENSG00000102158	hsa-miR-765	MIMAT0003945	0.854931181793528
7596	ZDHHC3	ENSG00000163812	hsa-miR-6758-5p	MIMAT0027416	0.85492238838
7597	CHPF	ENSG00000123989	hsa-miR-940	MIMAT0004983	0.854907441847853
7598	TMEM229B	ENSG00000198133	hsa-miR-4685-5p	MIMAT0019771	0.854890966093706
7599	USP15	ENSG00000135655	hsa-miR-940	MIMAT0004983	0.854888527153625
7600	CSTB	ENSG00000160213	hsa-miR-4695-5p	MIMAT0019788	0.85487637798026
7601	AFAP1L1	ENSG00000157510	hsa-miR-4465	MIMAT0018992	0.854863791746866
7602	PSME3IP1	ENSG00000172775	hsa-miR-6127	MIMAT0024610	0.85483459701954
7603	ZIC3	ENSG00000156925	hsa-miR-183-5p	MIMAT0000261	0.85481413020835
7604	FBXO44	ENSG00000132879	hsa-miR-4685-5p	MIMAT0019771	0.854809577237471
7605	SELENON	ENSG00000162430	hsa-miR-940	MIMAT0004983	0.854803805240579
7606	GJC1	ENSG00000182963	hsa-miR-6783-5p	MIMAT0027466	0.85480227497265
7607	KREMEN1	ENSG00000183762	hsa-miR-4695-5p	MIMAT0019788	0.854789608398564
7608	IGF1	ENSG00000017427	hsa-miR-130a-5p	MIMAT0004593	0.854787145693416
7609	ST8SIA2	ENSG00000140557	hsa-miR-6783-5p	MIMAT0027466	0.854775895363014
7610	PAQR8	ENSG00000170915	hsa-miR-765	MIMAT0003945	0.854772480218033
7611	GNAI1	ENSG00000127955	hsa-miR-940	MIMAT0004983	0.854767289278715
7612	NOTCH1	ENSG00000148400	hsa-miR-940	MIMAT0004983	0.854757933842994
7613	SIK2	ENSG00000170145	hsa-miR-940	MIMAT0004983	0.854743043021154
7614	ELOC	ENSG00000154582	hsa-miR-661	MIMAT0003324	0.854717358178624
7615	HMOX1	ENSG00000100292	hsa-miR-4446-3p	MIMAT0018965	0.854713967552939
7616	TTN	ENSG00000155657	hsa-miR-5008-5p	MIMAT0021039	0.854695276637497
7617	TBX2	ENSG00000121068	hsa-miR-5008-5p	MIMAT0021039	0.854672488051168
7618	PPIP5K2	ENSG00000145725	hsa-miR-6127	MIMAT0024610	0.85466974217615
7619	KCNH5	ENSG00000140015	hsa-miR-1911-5p	MIMAT0007885	0.854663972956305
7620	MSL1	ENSG00000188895	hsa-miR-21-5p	MIMAT0000076	0.854639063344305
7621	RBM39	ENSG00000131051	hsa-miR-940	MIMAT0004983	0.854636472732702
7622	FAM118A	ENSG00000100376	hsa-miR-4446-3p	MIMAT0018965	0.854630578673987
7623	CDH16	ENSG00000166589	hsa-miR-661	MIMAT0003324	0.854613598605496
7624	MPL	ENSG00000117400	hsa-miR-940	MIMAT0004983	0.854600592536713
7625	FAM160B1	ENSG00000151553	hsa-miR-4695-5p	MIMAT0019788	0.854584787908907
7626	ZMAT4	ENSG00000165061	hsa-miR-7157-3p	MIMAT0028225	0.854576125590085
7627	KIF1B	ENSG00000054523	hsa-miR-1252-3p	MIMAT0026744	0.854553033170968
7628	RGS6	ENSG00000182732	hsa-miR-4695-5p	MIMAT0019788	0.854541074011797
7629	NEMF	ENSG00000165525	hsa-miR-1252-3p	MIMAT0026744	0.854534207153125
7630	TSPY2	ENSG00000168757	hsa-miR-1911-5p	MIMAT0007885	0.854532588943795
7631	FER	ENSG00000151422	hsa-miR-7157-3p	MIMAT0028225	0.854532028688973
7632	CTSC	ENSG00000109861	hsa-miR-6758-5p	MIMAT0027416	0.854529336531572
7633	KCNK5	ENSG00000164626	hsa-miR-5008-5p	MIMAT0021039	0.85449544606824
7634	LRPPRC	ENSG00000138095	hsa-miR-1252-3p	MIMAT0026744	0.854460376579542
7635	NSMCE3	ENSG00000185115	hsa-miR-4695-5p	MIMAT0019788	0.85445901367725
7636	CELF3	ENSG00000159409	hsa-miR-940	MIMAT0004983	0.854435524420548
7637	ABCC8	ENSG00000006071	hsa-miR-4446-3p	MIMAT0018965	0.854430292145949
7638	SLC8A3	ENSG00000100678	hsa-miR-4685-5p	MIMAT0019771	0.854420485420383
7639	SRSF3	ENSG00000112081	hsa-miR-1252-3p	MIMAT0026744	0.854417894633926
7640	SEPTIN8	ENSG00000164402	hsa-miR-6758-5p	MIMAT0027416	0.854414451665469
7641	ARHGAP26	ENSG00000145819	hsa-miR-92a-1-5p	MIMAT0004507	0.854410477940367
7642	RAB8B	ENSG00000166128	hsa-miR-130a-5p	MIMAT0004593	0.854397959883007
7643	CRYBB2	ENSG00000244752	hsa-miR-224-5p	MIMAT0000281	0.85439108309233
7644	ZNF385D	ENSG00000151789	hsa-miR-1252-3p	MIMAT0026744	0.854373758168907
7645	SARM1	ENSG00000004139	hsa-miR-4685-5p	MIMAT0019771	0.854365492732302
7646	ZNF704	ENSG00000164684	hsa-miR-7855-5p	MIMAT0030430	0.854358533322607
7647	SSBP2	ENSG00000145687	hsa-miR-3682-5p	MIMAT0019222	0.854317537562563
7648	RAB30	ENSG00000137502	hsa-miR-6758-5p	MIMAT0027416	0.854299867864185
7649	MOB1B	ENSG00000173542	hsa-miR-4465	MIMAT0018992	0.854288209867356
7650	MLN	ENSG00000096395	hsa-miR-4685-5p	MIMAT0019771	0.854260040321609
7651	ZBTB21	ENSG00000173276	hsa-miR-1252-3p	MIMAT0026744	0.854251717359375
7652	MYLK	ENSG00000065534	hsa-miR-625-3p	MIMAT0004808	0.854246701102988
7653	EIF1	ENSG00000173812	hsa-miR-130a-5p	MIMAT0004593	0.854243949885642
7654	RASSF7	ENSG00000099849	hsa-miR-4685-5p	MIMAT0019771	0.854209595948465
7655	TREML4	ENSG00000188056	hsa-miR-6783-5p	MIMAT0027466	0.85420558386601
7656	SCAMP4	ENSG00000227500	hsa-miR-661	MIMAT0003324	0.854193265692189
7657	ARHGAP11A	ENSG00000198826	hsa-miR-224-5p	MIMAT0000281	0.854187899739646
7658	RELL1	ENSG00000181826	hsa-miR-183-5p	MIMAT0000261	0.854101821157346
7659	C12orf45	ENSG00000151131	hsa-miR-6758-5p	MIMAT0027416	0.854100556527854
7660	RNF169	ENSG00000166439	hsa-miR-940	MIMAT0004983	0.854078451429562
7661	SCFD1	ENSG00000092108	hsa-miR-1252-3p	MIMAT0026744	0.854058462874235
7662	SUPT7L	ENSG00000119760	hsa-miR-7855-5p	MIMAT0030430	0.854054634034186
7663	TCF4	ENSG00000196628	hsa-miR-183-5p	MIMAT0000261	0.854033801880123
7664	ANKRD33B	ENSG00000164236	hsa-miR-1252-3p	MIMAT0026744	0.854000236876577
7665	KCNJ13	ENSG00000115474	hsa-miR-92a-1-5p	MIMAT0004507	0.853984488022625
7666	KCNC1	ENSG00000129159	hsa-miR-4685-5p	MIMAT0019771	0.853976541743893
7667	DNAJC2	ENSG00000105821	hsa-miR-765	MIMAT0003945	0.853933340179335
7668	GPR183	ENSG00000169508	hsa-miR-6127	MIMAT0024610	0.853930834219716
7669	TOB2	ENSG00000183864	hsa-miR-661	MIMAT0003324	0.853917750378747
7670	CSN2	ENSG00000135222	hsa-miR-1252-3p	MIMAT0026744	0.853917138273293
7671	ATL1	ENSG00000198513	hsa-miR-1252-3p	MIMAT0026744	0.853915684951646
7672	C12orf42	ENSG00000179088	hsa-miR-657	MIMAT0003335	0.853915335220111
7673	STAT3	ENSG00000168610	hsa-miR-4695-5p	MIMAT0019788	0.853909491263592
7674	ATXN3	ENSG00000066427	hsa-miR-130a-5p	MIMAT0004593	0.853899580877365
7675	KHDC1	ENSG00000135314	hsa-miR-21-5p	MIMAT0000076	0.853880425900276
7676	ADAMTS15	ENSG00000166106	hsa-miR-4458	MIMAT0018980	0.853844888424018
7677	GNAO1	ENSG00000087258	hsa-miR-765	MIMAT0003945	0.853837043236662
7678	CYP1A2	ENSG00000140505	hsa-miR-4685-5p	MIMAT0019771	0.853830405509322
7679	CPSF6	ENSG00000111605	hsa-miR-130a-5p	MIMAT0004593	0.85382623612607
7680	C20orf203	ENSG00000198547	hsa-miR-661	MIMAT0003324	0.853807036557784
7681	MAP4K4	ENSG00000071054	hsa-miR-4458	MIMAT0018980	0.853806206037484
7682	FBRS	ENSG00000156860	hsa-miR-7855-5p	MIMAT0030430	0.853797841980238
7683	RELN	ENSG00000189056	hsa-miR-7157-3p	MIMAT0028225	0.853756359491689
7684	WNK3	ENSG00000196632	hsa-miR-940	MIMAT0004983	0.853751740536134
7685	C16orf87	ENSG00000155330	hsa-miR-765	MIMAT0003945	0.853736533080029
7686	ZNF518B	ENSG00000178163	hsa-miR-6127	MIMAT0024610	0.853725741533844
7687	RNF215	ENSG00000099999	hsa-miR-5008-5p	MIMAT0021039	0.853709610169386
7688	CYP2R1	ENSG00000186104	hsa-miR-4458	MIMAT0018980	0.853693809418756
7689	ZDHHC14	ENSG00000175048	hsa-miR-1252-3p	MIMAT0026744	0.853682494640865
7690	LUZP1	ENSG00000169641	hsa-miR-6127	MIMAT0024610	0.853682106586029
7691	PADI3	ENSG00000142619	hsa-miR-8056	MIMAT0030983	0.853681839005742
7692	POU6F1	ENSG00000184271	hsa-miR-4292	MIMAT0016919	0.853627450059101
7693	FARP1	ENSG00000152767	hsa-miR-661	MIMAT0003324	0.853606354773327
7694	MUSK	ENSG00000030304	hsa-miR-4695-5p	MIMAT0019788	0.853597548054106
7695	RALGPS1	ENSG00000136828	hsa-miR-5008-5p	MIMAT0021039	0.853588384328493
7696	ZNF740	ENSG00000139651	hsa-miR-4446-3p	MIMAT0018965	0.853585519827746
7697	ZNF37A	ENSG00000075407	hsa-miR-1911-5p	MIMAT0007885	0.853581540730136
7698	PTEN	ENSG00000171862	hsa-miR-7855-5p	MIMAT0030430	0.853570937734838
7699	PARP14	ENSG00000173193	hsa-miR-4465	MIMAT0018992	0.853556775974752
7700	ELOVL1	ENSG00000066322	hsa-miR-940	MIMAT0004983	0.853553217265526
7701	SLC9A1	ENSG00000090020	hsa-miR-940	MIMAT0004983	0.853541911956617
7702	AL133352.1	ENSG00000255339	hsa-miR-224-5p	MIMAT0000281	0.853530601852761
7703	PAIP2B	ENSG00000124374	hsa-miR-940	MIMAT0004983	0.853530564865397
7704	MAVS	ENSG00000088888	hsa-miR-5008-5p	MIMAT0021039	0.853468228170419
7705	PCGF3	ENSG00000185619	hsa-miR-1252-3p	MIMAT0026744	0.853444016862533
7706	LILRA2	ENSG00000239998	hsa-miR-1252-3p	MIMAT0026744	0.853389243377495
7707	AMIGO1	ENSG00000181754	hsa-miR-6127	MIMAT0024610	0.85337842445596
7708	HECTD4	ENSG00000173064	hsa-miR-5008-5p	MIMAT0021039	0.85335869959111
7709	INSL3	ENSG00000248099	hsa-miR-4685-5p	MIMAT0019771	0.853356587455545
7710	SALL3	ENSG00000256463	hsa-miR-4695-5p	MIMAT0019788	0.853353368873698
7711	ANO3	ENSG00000134343	hsa-miR-765	MIMAT0003945	0.853349747995053
7712	ZDHHC21	ENSG00000175893	hsa-miR-765	MIMAT0003945	0.853346615831982
7713	PMP22	ENSG00000109099	hsa-miR-765	MIMAT0003945	0.853334644345382
7714	BCL6	ENSG00000113916	hsa-miR-5008-5p	MIMAT0021039	0.85331544624779
7715	FAM227A	ENSG00000184949	hsa-miR-765	MIMAT0003945	0.853303744732774
7716	MRPL42	ENSG00000198015	hsa-miR-940	MIMAT0004983	0.853241568202922
7717	KIF2A	ENSG00000068796	hsa-miR-1252-3p	MIMAT0026744	0.853219888081253
7718	AC113554.1	ENSG00000264813	hsa-miR-4685-5p	MIMAT0019771	0.853212433946831
7719	CHL1	ENSG00000134121	hsa-miR-130a-5p	MIMAT0004593	0.853210874632739
7720	TMEM134	ENSG00000172663	hsa-miR-4446-3p	MIMAT0018965	0.853173707140611
7721	ASXL1	ENSG00000171456	hsa-miR-940	MIMAT0004983	0.853171246929112
7722	TCF7L2	ENSG00000148737	hsa-miR-6783-5p	MIMAT0027466	0.853162576763248
7723	MARCKSL1	ENSG00000175130	hsa-miR-4695-5p	MIMAT0019788	0.85315954299051
7724	POLG	ENSG00000140521	hsa-miR-4685-5p	MIMAT0019771	0.853123136093137
7725	BRD4	ENSG00000141867	hsa-miR-765	MIMAT0003945	0.853112759726866
7726	CALHM3	ENSG00000183128	hsa-miR-4695-5p	MIMAT0019788	0.853111958524178
7727	CLSTN2	ENSG00000158258	hsa-miR-6758-5p	MIMAT0027416	0.853092348522261
7728	ARHGAP32	ENSG00000134909	hsa-miR-4446-3p	MIMAT0018965	0.853087817690303
7729	DSC2	ENSG00000134755	hsa-miR-4687-3p	MIMAT0019775	0.853055102113691
7730	PALD1	ENSG00000107719	hsa-miR-4458	MIMAT0018980	0.853013146231459
7731	AP1S1	ENSG00000106367	hsa-miR-940	MIMAT0004983	0.853012933946148
7732	PRPH	ENSG00000135406	hsa-miR-4695-5p	MIMAT0019788	0.85296313826965
7733	NOTCH2	ENSG00000134250	hsa-miR-4446-3p	MIMAT0018965	0.85294103735724
7734	KCNMA1	ENSG00000156113	hsa-miR-657	MIMAT0003335	0.852932517152305
7735	BCLAF3	ENSG00000173681	hsa-miR-4465	MIMAT0018992	0.852902848814141
7736	HRH2	ENSG00000113749	hsa-miR-4695-5p	MIMAT0019788	0.852898139661051
7737	SPRYD4	ENSG00000176422	hsa-miR-6127	MIMAT0024610	0.852855638587243
7738	ZMAT3	ENSG00000172667	hsa-miR-4292	MIMAT0016919	0.852820078518274
7739	ADGRL2	ENSG00000117114	hsa-miR-1252-3p	MIMAT0026744	0.852803290311291
7740	RGS6	ENSG00000182732	hsa-miR-6127	MIMAT0024610	0.852790498940846
7741	NTAQ1	ENSG00000156795	hsa-miR-5008-5p	MIMAT0021039	0.8527861694424
7742	LGR5	ENSG00000139292	hsa-miR-7855-5p	MIMAT0030430	0.852783483458538
7743	AC018809.3	ENSG00000288550	hsa-miR-657	MIMAT0003335	0.852782666596176
7744	PIM1	ENSG00000137193	hsa-miR-130a-5p	MIMAT0004593	0.85277081803131
7745	EHD4	ENSG00000103966	hsa-miR-130a-5p	MIMAT0004593	0.8527574353531
7746	XCR1	ENSG00000173578	hsa-miR-6127	MIMAT0024610	0.85274590029453
7747	TCP11X1	ENSG00000268235	hsa-miR-5008-5p	MIMAT0021039	0.852740299510834
7748	RMND5A	ENSG00000153561	hsa-miR-1252-3p	MIMAT0026744	0.85273694626773
7749	CHSY1	ENSG00000131873	hsa-miR-1252-3p	MIMAT0026744	0.852733993492137
7750	KITLG	ENSG00000049130	hsa-miR-92a-1-5p	MIMAT0004507	0.852726135787153
7751	IFNAR1	ENSG00000142166	hsa-miR-6822-3p	MIMAT0027545	0.852713988076631
7752	NLGN2	ENSG00000169992	hsa-miR-940	MIMAT0004983	0.852699082704164
7753	BTG1	ENSG00000133639	hsa-miR-6758-5p	MIMAT0027416	0.852662549516893
7754	GLIS3	ENSG00000107249	hsa-miR-940	MIMAT0004983	0.852648385826652
7755	NAA15	ENSG00000164134	hsa-miR-4465	MIMAT0018992	0.852643270795577
7756	GLP2R	ENSG00000065325	hsa-miR-1911-5p	MIMAT0007885	0.85263698253275
7757	NSA2	ENSG00000164346	hsa-miR-4687-3p	MIMAT0019775	0.852615069479268
7758	MACC1	ENSG00000183742	hsa-miR-940	MIMAT0004983	0.852590277893651
7759	EPC1	ENSG00000120616	hsa-miR-4292	MIMAT0016919	0.852586586036101
7760	PDE4A	ENSG00000065989	hsa-miR-4695-5p	MIMAT0019788	0.852540817422404
7761	MSRB3	ENSG00000174099	hsa-miR-4685-5p	MIMAT0019771	0.852539634257711
7762	FOXN3	ENSG00000053254	hsa-miR-7157-3p	MIMAT0028225	0.852532922277301
7763	METTL22	ENSG00000067365	hsa-miR-7855-5p	MIMAT0030430	0.852524054412155
7764	WWC2	ENSG00000151718	hsa-miR-1252-3p	MIMAT0026744	0.852520207203718
7765	REELD1	ENSG00000250673	hsa-miR-4695-5p	MIMAT0019788	0.852511024240688
7766	ASXL2	ENSG00000143970	hsa-miR-940	MIMAT0004983	0.85250305716954
7767	NRAS	ENSG00000213281	hsa-miR-183-5p	MIMAT0000261	0.85249412434012
7768	BLOC1S3	ENSG00000189114	hsa-miR-6127	MIMAT0024610	0.852465472373921
7769	CLEC14A	ENSG00000176435	hsa-miR-4292	MIMAT0016919	0.852458782467384
7770	SLC39A8	ENSG00000138821	hsa-miR-130a-5p	MIMAT0004593	0.852440846100444
7771	NKTR	ENSG00000114857	hsa-miR-765	MIMAT0003945	0.852433740032094
7772	LSMEM2	ENSG00000179564	hsa-miR-4292	MIMAT0016919	0.852426181003773
7773	AKT3	ENSG00000117020	hsa-miR-1252-3p	MIMAT0026744	0.852419531070498
7774	NAMPT	ENSG00000105835	hsa-miR-4465	MIMAT0018992	0.852418708632747
7775	ZSCAN29	ENSG00000140265	hsa-miR-940	MIMAT0004983	0.852410140855267
7776	HMGCS2	ENSG00000134240	hsa-miR-4446-3p	MIMAT0018965	0.852392456776383
7777	A4GNT	ENSG00000118017	hsa-miR-130a-5p	MIMAT0004593	0.85238941370287
7778	RTF1	ENSG00000137815	hsa-miR-4687-3p	MIMAT0019775	0.85238578041946
7779	ZC3H6	ENSG00000188177	hsa-miR-940	MIMAT0004983	0.852355391161743
7780	NDST1	ENSG00000070614	hsa-miR-6127	MIMAT0024610	0.85233743035552
7781	PKNOX1	ENSG00000160199	hsa-miR-21-5p	MIMAT0000076	0.852266626378905
7782	ABHD15	ENSG00000168792	hsa-miR-6758-5p	MIMAT0027416	0.852238132503767
7783	GOLM2	ENSG00000166734	hsa-miR-657	MIMAT0003335	0.852234894440319
7784	G2E3	ENSG00000092140	hsa-miR-21-5p	MIMAT0000076	0.852220110424682
7785	SLC39A11	ENSG00000133195	hsa-miR-6783-5p	MIMAT0027466	0.852193656195765
7786	PPP2R2A	ENSG00000221914	hsa-miR-1252-3p	MIMAT0026744	0.852166779008682
7787	OSBPL5	ENSG00000021762	hsa-miR-661	MIMAT0003324	0.852164873575149
7788	COL1A1	ENSG00000108821	hsa-miR-92a-1-5p	MIMAT0004507	0.852153534324124
7789	PEX26	ENSG00000215193	hsa-miR-1252-3p	MIMAT0026744	0.852146857591788
7790	SEPTIN6	ENSG00000125354	hsa-miR-4446-3p	MIMAT0018965	0.852145759105848
7791	SETX	ENSG00000107290	hsa-miR-4446-3p	MIMAT0018965	0.85214561790331
7792	EBF4	ENSG00000088881	hsa-miR-5008-5p	MIMAT0021039	0.852143150423276
7793	MYEF2	ENSG00000104177	hsa-miR-7157-3p	MIMAT0028225	0.852138360145047
7794	TET2	ENSG00000168769	hsa-miR-1252-3p	MIMAT0026744	0.852123624255839
7795	ZBTB38	ENSG00000177311	hsa-miR-765	MIMAT0003945	0.852121102491019
7796	RGS7BP	ENSG00000186479	hsa-miR-1252-3p	MIMAT0026744	0.852114296639481
7797	RIF1	ENSG00000080345	hsa-miR-7157-3p	MIMAT0028225	0.852113451732391
7798	EPB41L5	ENSG00000115109	hsa-miR-4687-3p	MIMAT0019775	0.852092357456361
7799	FKBP5	ENSG00000096060	hsa-miR-661	MIMAT0003324	0.852088415964318
7800	SOGA1	ENSG00000149639	hsa-miR-7855-5p	MIMAT0030430	0.852053263436679
7801	GRK6	ENSG00000198055	hsa-miR-4685-5p	MIMAT0019771	0.85204011182777
7802	CHST6	ENSG00000183196	hsa-miR-940	MIMAT0004983	0.852034066060559
7803	LRRC7	ENSG00000033122	hsa-miR-1911-5p	MIMAT0007885	0.852002217192206
7804	MARVELD2	ENSG00000152939	hsa-miR-940	MIMAT0004983	0.851996558393779
7805	MMRN2	ENSG00000173269	hsa-miR-765	MIMAT0003945	0.851957703517996
7806	TYR	ENSG00000077498	hsa-miR-6783-5p	MIMAT0027466	0.851938016579255
7807	MUC5AC	ENSG00000215182	hsa-miR-4446-3p	MIMAT0018965	0.851931674042969
7808	CNN2	ENSG00000064666	hsa-miR-6783-5p	MIMAT0027466	0.851926240416264
7809	UQCRB	ENSG00000156467	hsa-miR-4458	MIMAT0018980	0.851909784739025
7810	ISM2	ENSG00000100593	hsa-miR-4446-3p	MIMAT0018965	0.851871060565568
7811	ZNF275	ENSG00000063587	hsa-miR-4465	MIMAT0018992	0.85186931002617
7812	SLF2	ENSG00000119906	hsa-miR-1252-3p	MIMAT0026744	0.851865472956805
7813	MACF1	ENSG00000127603	hsa-miR-4685-5p	MIMAT0019771	0.851848338896009
7814	TMEM120B	ENSG00000188735	hsa-miR-940	MIMAT0004983	0.851847011531911
7815	STX2	ENSG00000111450	hsa-miR-940	MIMAT0004983	0.851839907807191
7816	SDHC	ENSG00000143252	hsa-miR-6783-5p	MIMAT0027466	0.851830044913671
7817	BLACAT1	ENSG00000281406	hsa-miR-765	MIMAT0003945	0.851815810139001
7818	NKAIN2	ENSG00000188580	hsa-miR-7855-5p	MIMAT0030430	0.851813183942406
7819	PDGFRB	ENSG00000113721	hsa-miR-4292	MIMAT0016919	0.851800038680885
7820	LCA5	ENSG00000135338	hsa-miR-3682-5p	MIMAT0019222	0.851747076725938
7821	PCDH9	ENSG00000184226	hsa-miR-7157-3p	MIMAT0028225	0.851747041204276
7822	TMA16	ENSG00000198498	hsa-miR-130a-5p	MIMAT0004593	0.851736579652267
7823	SLC8A3	ENSG00000100678	hsa-miR-6758-5p	MIMAT0027416	0.851733486964987
7824	KCTD7	ENSG00000243335	hsa-miR-4446-3p	MIMAT0018965	0.851724150082281
7825	OPA3	ENSG00000125741	hsa-miR-661	MIMAT0003324	0.851716241897739
7826	C11orf58	ENSG00000110696	hsa-miR-7855-5p	MIMAT0030430	0.851714991673199
7827	CLCN4	ENSG00000073464	hsa-miR-7157-3p	MIMAT0028225	0.851712872286219
7828	PLEKHH2	ENSG00000152527	hsa-miR-1252-3p	MIMAT0026744	0.851698301268029
7829	DPP8	ENSG00000074603	hsa-miR-224-5p	MIMAT0000281	0.851695676240326
7830	TMEM104	ENSG00000109066	hsa-miR-6127	MIMAT0024610	0.851665276969787
7831	SALL4	ENSG00000101115	hsa-miR-6783-5p	MIMAT0027466	0.851644941698847
7832	SGIP1	ENSG00000118473	hsa-miR-6758-5p	MIMAT0027416	0.851632359336211
7833	SCN1B	ENSG00000105711	hsa-miR-4695-5p	MIMAT0019788	0.851624230899499
7834	KLHDC8B	ENSG00000185909	hsa-miR-4685-5p	MIMAT0019771	0.851622000624323
7835	RBM27	ENSG00000091009	hsa-miR-6127	MIMAT0024610	0.851576818792285
7836	SLC38A1	ENSG00000111371	hsa-miR-7157-3p	MIMAT0028225	0.8515700054051
7837	VEGFB	ENSG00000173511	hsa-miR-4687-3p	MIMAT0019775	0.851565514027246
7838	REPS2	ENSG00000169891	hsa-miR-1252-3p	MIMAT0026744	0.851563681414008
7839	NRP2	ENSG00000118257	hsa-miR-183-5p	MIMAT0000261	0.851554021096961
7840	ZRANB1	ENSG00000019995	hsa-miR-4687-3p	MIMAT0019775	0.851551689693128
7841	ARRB1	ENSG00000137486	hsa-miR-940	MIMAT0004983	0.851550120462306
7842	FBXL7	ENSG00000183580	hsa-miR-1252-3p	MIMAT0026744	0.851541207659713
7843	MED21	ENSG00000152944	hsa-miR-21-5p	MIMAT0000076	0.851526177441914
7844	AC006064.6	ENSG00000285238	hsa-miR-4687-3p	MIMAT0019775	0.851519977319054
7845	CCNDBP1	ENSG00000166946	hsa-miR-1252-3p	MIMAT0026744	0.851518151233444
7846	AC116366.2	ENSG00000283782	hsa-miR-6758-5p	MIMAT0027416	0.851487786351955
7847	DYNC2LI1	ENSG00000138036	hsa-miR-224-5p	MIMAT0000281	0.85148150499265
7848	AC004593.2	ENSG00000285162	hsa-miR-4695-5p	MIMAT0019788	0.85146533821714
7849	HAP1	ENSG00000173805	hsa-miR-657	MIMAT0003335	0.851461570728454
7850	ZNF529	ENSG00000186020	hsa-miR-657	MIMAT0003335	0.851446739433858
7851	C2orf50	ENSG00000150873	hsa-miR-4695-5p	MIMAT0019788	0.851446170790831
7852	GFI1	ENSG00000162676	hsa-miR-765	MIMAT0003945	0.851435070047021
7853	IMP3	ENSG00000177971	hsa-miR-765	MIMAT0003945	0.851413915053123
7854	ONECUT3	ENSG00000205922	hsa-miR-940	MIMAT0004983	0.851390853074059
7855	RBMS1	ENSG00000153250	hsa-miR-4687-3p	MIMAT0019775	0.851381487651823
7856	GPR149	ENSG00000174948	hsa-miR-130a-5p	MIMAT0004593	0.851342588577397
7857	TRMT11	ENSG00000066651	hsa-miR-1252-3p	MIMAT0026744	0.851335357758413
7858	CCDC170	ENSG00000120262	hsa-miR-1252-3p	MIMAT0026744	0.851323443322562
7859	INHBA	ENSG00000122641	hsa-miR-4465	MIMAT0018992	0.851315900444895
7860	FAM227A	ENSG00000184949	hsa-miR-940	MIMAT0004983	0.851301873706339
7861	H2AC20	ENSG00000184260	hsa-miR-6822-3p	MIMAT0027545	0.851272141240605
7862	AXL	ENSG00000167601	hsa-miR-4695-5p	MIMAT0019788	0.851261566407469
7863	KLC1	ENSG00000126214	hsa-miR-940	MIMAT0004983	0.851249846055809
7864	NBEA	ENSG00000172915	hsa-miR-21-5p	MIMAT0000076	0.851208244608586
7865	LYPD3	ENSG00000124466	hsa-miR-4685-5p	MIMAT0019771	0.851197798234531
7866	ATXN7L1	ENSG00000146776	hsa-miR-4687-3p	MIMAT0019775	0.851190493423089
7867	CAVIN1	ENSG00000177469	hsa-miR-657	MIMAT0003335	0.851181935353727
7868	WSB1	ENSG00000109046	hsa-miR-3682-5p	MIMAT0019222	0.851165683570001
7869	ACVR1C	ENSG00000123612	hsa-miR-130a-5p	MIMAT0004593	0.851161179808037
7870	HIVEP3	ENSG00000127124	hsa-miR-4695-5p	MIMAT0019788	0.851153106483912
7871	UPF2	ENSG00000151461	hsa-miR-4465	MIMAT0018992	0.851101387237369
7872	SAMD4A	ENSG00000020577	hsa-miR-765	MIMAT0003945	0.85107314851815
7873	DHX8	ENSG00000067596	hsa-miR-4695-5p	MIMAT0019788	0.85106043082898
7874	TSC1	ENSG00000165699	hsa-miR-183-5p	MIMAT0000261	0.851023240853915
7875	ARHGAP26	ENSG00000145819	hsa-miR-4465	MIMAT0018992	0.851014545260431
7876	POU3F2	ENSG00000184486	hsa-miR-1252-3p	MIMAT0026744	0.850993977712674
7877	MGAT4C	ENSG00000182050	hsa-miR-130a-5p	MIMAT0004593	0.850956904702767
7878	RAB3B	ENSG00000169213	hsa-miR-130a-5p	MIMAT0004593	0.850935600035547
7879	CHST9	ENSG00000154080	hsa-miR-5008-5p	MIMAT0021039	0.850913803001547
7880	B4GALNT3	ENSG00000139044	hsa-miR-7157-3p	MIMAT0028225	0.850858701770188
7881	LIN7B	ENSG00000104863	hsa-miR-4292	MIMAT0016919	0.85085766846223
7882	FOXL2NB	ENSG00000206262	hsa-miR-940	MIMAT0004983	0.85084255957878
7883	OSBPL2	ENSG00000130703	hsa-miR-661	MIMAT0003324	0.850835910362424
7884	NRDE2	ENSG00000119720	hsa-miR-183-5p	MIMAT0000261	0.85081920779086
7885	GDAP1L1	ENSG00000124194	hsa-miR-3682-5p	MIMAT0019222	0.850815484628008
7886	HSH2D	ENSG00000196684	hsa-miR-4687-3p	MIMAT0019775	0.850808926993621
7887	TCERG1	ENSG00000113649	hsa-miR-224-5p	MIMAT0000281	0.850763537527577
7888	PARP16	ENSG00000138617	hsa-miR-4695-5p	MIMAT0019788	0.850750875135799
7889	KRBA2	ENSG00000184619	hsa-miR-661	MIMAT0003324	0.850743721663913
7890	SHISA6	ENSG00000188803	hsa-miR-6127	MIMAT0024610	0.850737786436527
7891	CHPT1	ENSG00000111666	hsa-miR-1252-3p	MIMAT0026744	0.850706553651279
7892	SDR16C5	ENSG00000170786	hsa-miR-4446-3p	MIMAT0018965	0.85070503414243
7893	BMP10	ENSG00000163217	hsa-miR-4465	MIMAT0018992	0.850702973834056
7894	NBPF10	ENSG00000271425	hsa-miR-940	MIMAT0004983	0.850667408277211
7895	CXCL17	ENSG00000189377	hsa-miR-661	MIMAT0003324	0.850661905631222
7896	TBC1D16	ENSG00000167291	hsa-miR-4695-5p	MIMAT0019788	0.850653295492293
7897	HOOK3	ENSG00000168172	hsa-miR-4687-3p	MIMAT0019775	0.850646993055981
7898	ADAM12	ENSG00000148848	hsa-miR-7157-3p	MIMAT0028225	0.850643464104158
7899	EPB41L4B	ENSG00000095203	hsa-miR-940	MIMAT0004983	0.85064293945744
7900	KIAA1586	ENSG00000168116	hsa-miR-130a-5p	MIMAT0004593	0.850639930404248
7901	ARHGAP11A	ENSG00000198826	hsa-miR-183-5p	MIMAT0000261	0.85063922918284
7902	TSPAN31	ENSG00000135452	hsa-miR-765	MIMAT0003945	0.850635546430516
7903	STAP1	ENSG00000035720	hsa-miR-4687-3p	MIMAT0019775	0.850583759364781
7904	CCDC134	ENSG00000100147	hsa-miR-940	MIMAT0004983	0.850583261517761
7905	STIM2	ENSG00000109689	hsa-miR-3682-5p	MIMAT0019222	0.85057039047411
7906	DNASE2	ENSG00000105612	hsa-miR-224-5p	MIMAT0000281	0.850563149513031
7907	ZMYM3	ENSG00000147130	hsa-miR-6783-5p	MIMAT0027466	0.850533893567678
7908	SDK1	ENSG00000146555	hsa-miR-4685-5p	MIMAT0019771	0.850527370884575
7909	AGPS	ENSG00000018510	hsa-miR-1252-3p	MIMAT0026744	0.850524515281297
7910	TRMT6	ENSG00000089195	hsa-miR-21-5p	MIMAT0000076	0.850514010086185
7911	ARMC7	ENSG00000125449	hsa-miR-4685-5p	MIMAT0019771	0.850500497944307
7912	KCNG4	ENSG00000168418	hsa-miR-940	MIMAT0004983	0.850497306968169
7913	SCN3B	ENSG00000166257	hsa-miR-765	MIMAT0003945	0.850490891726416
7914	EMX2	ENSG00000170370	hsa-miR-130a-5p	MIMAT0004593	0.850485567367951
7915	TNR	ENSG00000116147	hsa-miR-661	MIMAT0003324	0.85047535867906
7916	TF	ENSG00000091513	hsa-miR-6758-5p	MIMAT0027416	0.850471090214379
7917	ZMYM2	ENSG00000121741	hsa-miR-1252-3p	MIMAT0026744	0.850420875465074
7918	CRAMP1	ENSG00000007545	hsa-miR-940	MIMAT0004983	0.850383007260088
7919	MTPN	ENSG00000105887	hsa-miR-5008-5p	MIMAT0021039	0.850382108717156
7920	NOL4L	ENSG00000197183	hsa-miR-661	MIMAT0003324	0.850370986061323
7921	IRF1	ENSG00000125347	hsa-miR-4292	MIMAT0016919	0.850367360458023
7922	VPS25	ENSG00000131475	hsa-miR-661	MIMAT0003324	0.850320404182323
7923	RSBN1	ENSG00000081019	hsa-miR-625-3p	MIMAT0004808	0.850315128691082
7924	NLRC3	ENSG00000167984	hsa-miR-765	MIMAT0003945	0.850302913758622
7925	ZNF506	ENSG00000081665	hsa-miR-4685-5p	MIMAT0019771	0.850289806724339
7926	PAIP2	ENSG00000120727	hsa-miR-183-5p	MIMAT0000261	0.850286293495207
7927	NHSL2	ENSG00000204131	hsa-miR-4292	MIMAT0016919	0.850247539668462
7928	FRMD8	ENSG00000126391	hsa-miR-940	MIMAT0004983	0.850236119204902
7929	HNRNPUL2-BSCL2	ENSG00000234857	hsa-miR-940	MIMAT0004983	0.850222995999097
7930	LHX8	ENSG00000162624	hsa-miR-130a-5p	MIMAT0004593	0.850217875719565
7931	PCBP2	ENSG00000197111	hsa-miR-6127	MIMAT0024610	0.850214876576432
7932	PNMA8C	ENSG00000277531	hsa-miR-7157-3p	MIMAT0028225	0.850213872782362
7933	PCDH19	ENSG00000165194	hsa-miR-940	MIMAT0004983	0.850188365249499
7934	NTRK3	ENSG00000140538	hsa-miR-940	MIMAT0004983	0.85018821201462
7935	COG8	ENSG00000213380	hsa-miR-3682-5p	MIMAT0019222	0.850168792314576
7936	PALLD	ENSG00000129116	hsa-miR-7157-3p	MIMAT0028225	0.850148444733441
7937	MAP3K13	ENSG00000073803	hsa-miR-224-5p	MIMAT0000281	0.850135587351074
7938	PPP1R16B	ENSG00000101445	hsa-miR-4685-5p	MIMAT0019771	0.850125144002397
7939	PDE1C	ENSG00000154678	hsa-miR-765	MIMAT0003945	0.850121780543044
7940	CDKAL1	ENSG00000145996	hsa-miR-4695-5p	MIMAT0019788	0.850120479766647
7941	ATP11C	ENSG00000101974	hsa-miR-224-5p	MIMAT0000281	0.850114694462814
7942	MECP2	ENSG00000169057	hsa-miR-7157-3p	MIMAT0028225	0.850113016845341
7943	KBTBD6	ENSG00000165572	hsa-miR-21-5p	MIMAT0000076	0.850074302572829
7944	CLEC17A	ENSG00000187912	hsa-miR-4695-5p	MIMAT0019788	0.850046470078397
7945	PPP1R36	ENSG00000165807	hsa-miR-3682-5p	MIMAT0019222	0.850045593136876
7946	CMPK1	ENSG00000162368	hsa-miR-7855-5p	MIMAT0030430	0.850034478395757
7947	AZGP1	ENSG00000160862	hsa-miR-4685-5p	MIMAT0019771	0.850034322305294
7948	KLHL42	ENSG00000087448	hsa-miR-130a-5p	MIMAT0004593	0.850016613598174
7949	RRP9	ENSG00000114767	hsa-miR-4695-5p	MIMAT0019788	0.850010973065876
7950	MUL1	ENSG00000090432	hsa-miR-4695-5p	MIMAT0019788	0.850010762086894
7951	CCDC32	ENSG00000128891	hsa-miR-6127	MIMAT0024610	0.849992805426208
7952	HES2	ENSG00000069812	hsa-miR-4685-5p	MIMAT0019771	0.849970970700145
7953	FAM186A	ENSG00000185958	hsa-miR-940	MIMAT0004983	0.849966357119713
7954	LASP1	ENSG00000002834	hsa-miR-657	MIMAT0003335	0.849960233477531
7955	GFPT1	ENSG00000198380	hsa-miR-6783-5p	MIMAT0027466	0.849951246428291
7956	SULT4A1	ENSG00000130540	hsa-miR-92a-1-5p	MIMAT0004507	0.849946072024426
7957	BPIFB6	ENSG00000167104	hsa-miR-657	MIMAT0003335	0.849943069092019
7958	ARMH3	ENSG00000120029	hsa-miR-940	MIMAT0004983	0.849939705636123
7959	INPP5K	ENSG00000132376	hsa-miR-661	MIMAT0003324	0.84990735740497
7960	GFRA1	ENSG00000151892	hsa-miR-4687-3p	MIMAT0019775	0.84990530083513
7961	KDR	ENSG00000128052	hsa-miR-1252-3p	MIMAT0026744	0.849867332098082
7962	TUBA1B	ENSG00000123416	hsa-miR-765	MIMAT0003945	0.849817366319272
7963	EIF3E	ENSG00000104408	hsa-miR-1252-3p	MIMAT0026744	0.849808856801502
7964	JPH2	ENSG00000149596	hsa-miR-4292	MIMAT0016919	0.849785421281295
7965	PSMD11	ENSG00000108671	hsa-miR-4695-5p	MIMAT0019788	0.849742209035291
7966	AAK1	ENSG00000115977	hsa-miR-4687-3p	MIMAT0019775	0.849696389574626
7967	ZKSCAN4	ENSG00000187626	hsa-miR-1252-3p	MIMAT0026744	0.849690534849384
7968	CFAP300	ENSG00000137691	hsa-miR-21-5p	MIMAT0000076	0.849690001425787
7969	UBR5	ENSG00000104517	hsa-miR-4687-3p	MIMAT0019775	0.849679511711638
7970	SIN3B	ENSG00000127511	hsa-miR-4685-5p	MIMAT0019771	0.849656357478511
7971	ARHGAP32	ENSG00000134909	hsa-miR-1252-3p	MIMAT0026744	0.849647524230667
7972	CBL	ENSG00000110395	hsa-miR-661	MIMAT0003324	0.849645500534981
7973	AC137834.1	ENSG00000258830	hsa-miR-7855-5p	MIMAT0030430	0.849640659997443
7974	ERBB4	ENSG00000178568	hsa-miR-6758-5p	MIMAT0027416	0.849583574736185
7975	HNRNPUL2	ENSG00000214753	hsa-miR-661	MIMAT0003324	0.849580769563886
7976	FAM136A	ENSG00000035141	hsa-miR-4465	MIMAT0018992	0.849579778223247
7977	RBPJL	ENSG00000124232	hsa-miR-661	MIMAT0003324	0.849568014093996
7978	GABRA2	ENSG00000151834	hsa-miR-4687-3p	MIMAT0019775	0.849545396635137
7979	FRG2C	ENSG00000172969	hsa-miR-130a-5p	MIMAT0004593	0.849538200428772
7980	PNMA2	ENSG00000240694	hsa-miR-661	MIMAT0003324	0.849533218093596
7981	MICOS10	ENSG00000173436	hsa-miR-4685-5p	MIMAT0019771	0.849531132440507
7982	FRK	ENSG00000111816	hsa-miR-1252-3p	MIMAT0026744	0.849528575270575
7983	TRAM1	ENSG00000067167	hsa-miR-657	MIMAT0003335	0.849520074368358
7984	AL022238.3	ENSG00000284431	hsa-miR-4446-3p	MIMAT0018965	0.849518379782095
7985	PRELID3B	ENSG00000101166	hsa-miR-5008-5p	MIMAT0021039	0.849516874690481
7986	LAMC1	ENSG00000135862	hsa-miR-4687-3p	MIMAT0019775	0.849473844551028
7987	CDK2	ENSG00000123374	hsa-miR-4685-5p	MIMAT0019771	0.849470918534476
7988	SNX6	ENSG00000129515	hsa-miR-940	MIMAT0004983	0.849397900303243
7989	LAMC1	ENSG00000135862	hsa-miR-765	MIMAT0003945	0.849392794487362
7990	FKTN	ENSG00000106692	hsa-miR-4695-5p	MIMAT0019788	0.849390465636489
7991	MGRN1	ENSG00000102858	hsa-miR-4292	MIMAT0016919	0.849385490199338
7992	ZNF365	ENSG00000138311	hsa-miR-4695-5p	MIMAT0019788	0.849345649462722
7993	TRIM8	ENSG00000171206	hsa-miR-4446-3p	MIMAT0018965	0.849339567956036
7994	SPA17	ENSG00000064199	hsa-miR-1252-3p	MIMAT0026744	0.849313601008439
7995	SLITRK5	ENSG00000165300	hsa-miR-6758-5p	MIMAT0027416	0.849250829725469
7996	PPIL6	ENSG00000185250	hsa-miR-1911-5p	MIMAT0007885	0.849245260896924
7997	IKZF4	ENSG00000123411	hsa-miR-6127	MIMAT0024610	0.849240684980225
7998	GSE1	ENSG00000131149	hsa-miR-183-5p	MIMAT0000261	0.849231342222727
7999	AL158151.3	ENSG00000235007	hsa-miR-765	MIMAT0003945	0.84921401637118
8000	HSPA12B	ENSG00000132622	hsa-miR-5008-5p	MIMAT0021039	0.849211962854301
8001	CYTH2	ENSG00000105443	hsa-miR-4687-3p	MIMAT0019775	0.849205744735049
8002	LIMD2	ENSG00000136490	hsa-miR-4446-3p	MIMAT0018965	0.849183451623918
8003	PTS	ENSG00000150787	hsa-miR-4446-3p	MIMAT0018965	0.849170791060929
8004	CASP9	ENSG00000132906	hsa-miR-765	MIMAT0003945	0.849157068310147
8005	DNAL1	ENSG00000119661	hsa-miR-4465	MIMAT0018992	0.84914978798321
8006	TMEM129	ENSG00000168936	hsa-miR-4685-5p	MIMAT0019771	0.849149633484127
8007	SETX	ENSG00000107290	hsa-miR-4687-3p	MIMAT0019775	0.849139438919173
8008	FBXO40	ENSG00000163833	hsa-miR-940	MIMAT0004983	0.849092913315881
8009	MAP3K20	ENSG00000091436	hsa-miR-3682-5p	MIMAT0019222	0.8490900443595
8010	GPAT4	ENSG00000158669	hsa-miR-1252-3p	MIMAT0026744	0.849083163597283
8011	AAK1	ENSG00000115977	hsa-miR-92a-1-5p	MIMAT0004507	0.849062021657374
8012	SRF	ENSG00000112658	hsa-miR-940	MIMAT0004983	0.849060426421152
8013	N4BP2	ENSG00000078177	hsa-miR-1252-3p	MIMAT0026744	0.849058071458746
8014	RCE1	ENSG00000173653	hsa-miR-4292	MIMAT0016919	0.849029473740405
8015	IPO8	ENSG00000133704	hsa-miR-6127	MIMAT0024610	0.848988851575349
8016	LYNX1	ENSG00000180155	hsa-miR-940	MIMAT0004983	0.848985717793771
8017	RNF170	ENSG00000120925	hsa-miR-1252-3p	MIMAT0026744	0.848983281059993
8018	RPRD1B	ENSG00000101413	hsa-miR-3682-5p	MIMAT0019222	0.848953466613574
8019	CTTNBP2NL	ENSG00000143079	hsa-miR-4465	MIMAT0018992	0.848950050485872
8020	SUGT1	ENSG00000165416	hsa-miR-940	MIMAT0004983	0.848946916269848
8021	PRTG	ENSG00000166450	hsa-miR-4465	MIMAT0018992	0.8489415812066
8022	AL136295.5	ENSG00000259529	hsa-miR-4695-5p	MIMAT0019788	0.84894079710848
8023	MANBA	ENSG00000109323	hsa-miR-4292	MIMAT0016919	0.848934274769396
8024	SMU1	ENSG00000122692	hsa-miR-6127	MIMAT0024610	0.848930052016634
8025	KCTD16	ENSG00000183775	hsa-miR-8056	MIMAT0030983	0.848921663845777
8026	STX16-NPEPL1	ENSG00000254995	hsa-miR-4687-3p	MIMAT0019775	0.848915719081112
8027	RALGAPA1	ENSG00000174373	hsa-miR-183-5p	MIMAT0000261	0.848914383132926
8028	PLEKHG3	ENSG00000126822	hsa-miR-4685-5p	MIMAT0019771	0.848914378954957
8029	ZDHHC18	ENSG00000204160	hsa-miR-4695-5p	MIMAT0019788	0.848900306761303
8030	SCAI	ENSG00000173611	hsa-miR-8056	MIMAT0030983	0.848882807092926
8031	KCNH5	ENSG00000140015	hsa-miR-1252-3p	MIMAT0026744	0.848861595480723
8032	REL	ENSG00000162924	hsa-miR-1252-3p	MIMAT0026744	0.848840002393823
8033	RNF135	ENSG00000181481	hsa-miR-4685-5p	MIMAT0019771	0.848820491998338
8034	LRRC14B	ENSG00000185028	hsa-miR-7855-5p	MIMAT0030430	0.848809838685705
8035	ELK4	ENSG00000158711	hsa-miR-1252-3p	MIMAT0026744	0.848800139739744
8036	USP14	ENSG00000101557	hsa-miR-1252-3p	MIMAT0026744	0.848796479127996
8037	SH2B1	ENSG00000178188	hsa-miR-130a-5p	MIMAT0004593	0.848783544702186
8038	IGHMBP2	ENSG00000132740	hsa-miR-765	MIMAT0003945	0.848773414057626
8039	BTRC	ENSG00000166167	hsa-miR-4695-5p	MIMAT0019788	0.848763924788771
8040	HIC1	ENSG00000177374	hsa-miR-5008-5p	MIMAT0021039	0.848759392017315
8041	AD000671.2	ENSG00000267120	hsa-miR-4695-5p	MIMAT0019788	0.848751791683064
8042	ASCC3	ENSG00000112249	hsa-miR-3682-5p	MIMAT0019222	0.848717590719361
8043	NCR3LG1	ENSG00000188211	hsa-miR-1252-3p	MIMAT0026744	0.848712437619129
8044	STX6	ENSG00000135823	hsa-miR-1252-3p	MIMAT0026744	0.848711944133085
8045	AC006059.2	ENSG00000280571	hsa-miR-4685-5p	MIMAT0019771	0.848708391093946
8046	SEH1L	ENSG00000085415	hsa-miR-1252-3p	MIMAT0026744	0.848702600835218
8047	GLI2	ENSG00000074047	hsa-miR-7157-3p	MIMAT0028225	0.848632357036796
8048	TEAD1	ENSG00000187079	hsa-miR-1252-3p	MIMAT0026744	0.848630253083306
8049	PDGFA	ENSG00000197461	hsa-miR-6822-3p	MIMAT0027545	0.848601478239721
8050	CCDC80	ENSG00000091986	hsa-miR-5008-5p	MIMAT0021039	0.848597297614951
8051	FAHD2A	ENSG00000115042	hsa-miR-6758-5p	MIMAT0027416	0.848566225665076
8052	FOXP2	ENSG00000128573	hsa-miR-4458	MIMAT0018980	0.848535181936061
8053	DCUN1D5	ENSG00000137692	hsa-miR-3682-5p	MIMAT0019222	0.848484646615713
8054	ZBTB16	ENSG00000109906	hsa-miR-940	MIMAT0004983	0.848471452649208
8055	DEDD	ENSG00000158796	hsa-miR-4446-3p	MIMAT0018965	0.848464355553933
8056	PDCD2	ENSG00000071994	hsa-miR-661	MIMAT0003324	0.848460373459296
8057	LINS1	ENSG00000140471	hsa-miR-940	MIMAT0004983	0.848456220639275
8058	MOBP	ENSG00000168314	hsa-miR-21-5p	MIMAT0000076	0.848455951003318
8059	EYA3	ENSG00000158161	hsa-miR-6127	MIMAT0024610	0.84844911883566
8060	USH2A	ENSG00000042781	hsa-miR-3682-5p	MIMAT0019222	0.848448642452691
8061	EIF3H	ENSG00000147677	hsa-miR-1252-3p	MIMAT0026744	0.848440944624484
8062	STK4	ENSG00000101109	hsa-miR-7157-3p	MIMAT0028225	0.848431762541588
8063	ADAM23	ENSG00000114948	hsa-miR-657	MIMAT0003335	0.848421154197506
8064	CARNS1	ENSG00000172508	hsa-miR-940	MIMAT0004983	0.848417480344701
8065	ABCA1	ENSG00000165029	hsa-miR-130a-5p	MIMAT0004593	0.848400286948442
8066	KY	ENSG00000174611	hsa-miR-1252-3p	MIMAT0026744	0.8483957047588
8067	TRAF4	ENSG00000076604	hsa-miR-4446-3p	MIMAT0018965	0.848384752277072
8068	GOLT1B	ENSG00000111711	hsa-miR-1252-3p	MIMAT0026744	0.848377936546609
8069	BMERB1	ENSG00000166780	hsa-miR-6127	MIMAT0024610	0.848349805258992
8070	OXSR1	ENSG00000172939	hsa-miR-130a-5p	MIMAT0004593	0.848342389956425
8071	KCNA2	ENSG00000177301	hsa-miR-6783-5p	MIMAT0027466	0.848310719188829
8072	TNC	ENSG00000041982	hsa-miR-1252-3p	MIMAT0026744	0.848283718706631
8073	OR4D2	ENSG00000255713	hsa-miR-6758-5p	MIMAT0027416	0.84828312785107
8074	PDGFRA	ENSG00000134853	hsa-miR-224-5p	MIMAT0000281	0.848281195175079
8075	ANLN	ENSG00000011426	hsa-miR-3682-5p	MIMAT0019222	0.848263279124183
8076	BCAN	ENSG00000132692	hsa-miR-661	MIMAT0003324	0.848255564315248
8077	GRIN2A	ENSG00000183454	hsa-miR-1252-3p	MIMAT0026744	0.848247287495772
8078	EIF2B1	ENSG00000111361	hsa-miR-661	MIMAT0003324	0.848241179322993
8079	PLEKHA3	ENSG00000116095	hsa-miR-940	MIMAT0004983	0.848224369030777
8080	ZDHHC9	ENSG00000188706	hsa-miR-4292	MIMAT0016919	0.84821716285008
8081	LONRF1	ENSG00000154359	hsa-miR-940	MIMAT0004983	0.848213336018306
8082	NR1H4	ENSG00000012504	hsa-miR-1252-3p	MIMAT0026744	0.848205862583793
8083	MLEC	ENSG00000110917	hsa-miR-1252-3p	MIMAT0026744	0.848201458063017
8084	APBB2	ENSG00000163697	hsa-miR-7855-5p	MIMAT0030430	0.84819683697157
8085	NOTCH2	ENSG00000134250	hsa-miR-4685-5p	MIMAT0019771	0.848190582451475
8086	NKAIN3	ENSG00000185942	hsa-miR-6783-5p	MIMAT0027466	0.848181889237658
8087	HOOK3	ENSG00000168172	hsa-miR-4695-5p	MIMAT0019788	0.848170669883499
8088	TSPAN11	ENSG00000110900	hsa-miR-4685-5p	MIMAT0019771	0.848161546185739
8089	NHSL2	ENSG00000204131	hsa-miR-6127	MIMAT0024610	0.848150322965358
8090	SMAD2	ENSG00000175387	hsa-miR-224-5p	MIMAT0000281	0.848145971806039
8091	REEP4	ENSG00000168476	hsa-miR-4465	MIMAT0018992	0.84814499071593
8092	ATG10	ENSG00000152348	hsa-miR-4685-5p	MIMAT0019771	0.848125546417274
8093	CASK	ENSG00000147044	hsa-miR-940	MIMAT0004983	0.848123956222595
8094	KCNA2	ENSG00000177301	hsa-miR-940	MIMAT0004983	0.848123018189318
8095	TOMM34	ENSG00000025772	hsa-miR-940	MIMAT0004983	0.848117402024874
8096	CNTN2	ENSG00000184144	hsa-miR-4685-5p	MIMAT0019771	0.848049892401941
8097	HOXC6	ENSG00000197757	hsa-miR-661	MIMAT0003324	0.847997126184893
8098	PTP4A2	ENSG00000184007	hsa-miR-130a-5p	MIMAT0004593	0.847993474975647
8099	KDR	ENSG00000128052	hsa-miR-3682-5p	MIMAT0019222	0.847964949005735
8100	GDAP1L1	ENSG00000124194	hsa-miR-4292	MIMAT0016919	0.847964553487971
8101	C4orf50	ENSG00000181215	hsa-miR-765	MIMAT0003945	0.847950366001014
8102	ZPR1	ENSG00000109917	hsa-miR-4695-5p	MIMAT0019788	0.847950066900823
8103	PLSCR4	ENSG00000114698	hsa-miR-1252-3p	MIMAT0026744	0.847942044580802
8104	ASIC2	ENSG00000108684	hsa-miR-657	MIMAT0003335	0.847919428668111
8105	SCML4	ENSG00000146285	hsa-miR-1252-3p	MIMAT0026744	0.84791010228951
8106	SLC1A3	ENSG00000079215	hsa-miR-765	MIMAT0003945	0.847900773683245
8107	PHLDB1	ENSG00000019144	hsa-miR-6822-3p	MIMAT0027545	0.847893581480543
8108	TFRC	ENSG00000072274	hsa-miR-6783-5p	MIMAT0027466	0.847887799791023
8109	MDM2	ENSG00000135679	hsa-miR-4465	MIMAT0018992	0.847878753325929
8110	LIN54	ENSG00000189308	hsa-miR-661	MIMAT0003324	0.847820130039113
8111	FGD6	ENSG00000180263	hsa-miR-92a-1-5p	MIMAT0004507	0.847812276900813
8112	GNPDA2	ENSG00000163281	hsa-miR-5008-5p	MIMAT0021039	0.847810057796765
8113	TSPAN14	ENSG00000108219	hsa-miR-6822-3p	MIMAT0027545	0.847808138933316
8114	OTUB1	ENSG00000167770	hsa-miR-940	MIMAT0004983	0.847806560259001
8115	PIK3AP1	ENSG00000155629	hsa-miR-6127	MIMAT0024610	0.847803075928526
8116	SFT2D2	ENSG00000213064	hsa-miR-940	MIMAT0004983	0.847798212553624
8117	MEOX2	ENSG00000106511	hsa-miR-130a-5p	MIMAT0004593	0.847724248588745
8118	HEYL	ENSG00000163909	hsa-miR-765	MIMAT0003945	0.847706282754932
8119	RBM28	ENSG00000106344	hsa-miR-4685-5p	MIMAT0019771	0.8477018904596
8120	MYSM1	ENSG00000162601	hsa-miR-1252-3p	MIMAT0026744	0.847695396301997
8121	SLC7A11	ENSG00000151012	hsa-miR-1252-3p	MIMAT0026744	0.847689637568898
8122	MDM4	ENSG00000198625	hsa-miR-183-5p	MIMAT0000261	0.847683125879394
8123	ALDH6A1	ENSG00000119711	hsa-miR-940	MIMAT0004983	0.8476828570891
8124	FEZF2	ENSG00000153266	hsa-miR-4687-3p	MIMAT0019775	0.847674589905758
8125	EEPD1	ENSG00000122547	hsa-miR-940	MIMAT0004983	0.847654710202001
8126	IGDCC4	ENSG00000103742	hsa-miR-940	MIMAT0004983	0.847635793017806
8127	CHCHD3	ENSG00000106554	hsa-miR-130a-5p	MIMAT0004593	0.847603549885644
8128	POU2F2	ENSG00000028277	hsa-miR-130a-5p	MIMAT0004593	0.84759705084117
8129	TMC6	ENSG00000141524	hsa-miR-4687-3p	MIMAT0019775	0.847582222844576
8130	SEC14L5	ENSG00000103184	hsa-miR-661	MIMAT0003324	0.84757782951416
8131	MRPL42	ENSG00000198015	hsa-miR-130a-5p	MIMAT0004593	0.84756294969392
8132	ETV3	ENSG00000117036	hsa-miR-4292	MIMAT0016919	0.847562427031598
8133	NCBP3	ENSG00000074356	hsa-miR-4446-3p	MIMAT0018965	0.847543877583684
8134	JMJD8	ENSG00000161999	hsa-miR-765	MIMAT0003945	0.847527896219388
8135	SCN8A	ENSG00000196876	hsa-miR-6758-5p	MIMAT0027416	0.84749103554235
8136	YJEFN3	ENSG00000250067	hsa-miR-4687-3p	MIMAT0019775	0.847489923592016
8137	SPRING1	ENSG00000111412	hsa-miR-4446-3p	MIMAT0018965	0.847442624981989
8138	PLPP6	ENSG00000205808	hsa-miR-4458	MIMAT0018980	0.847434926499313
8139	AGL	ENSG00000162688	hsa-miR-7157-3p	MIMAT0028225	0.847427452709675
8140	HBP1	ENSG00000105856	hsa-miR-765	MIMAT0003945	0.847425516595281
8141	FEM1C	ENSG00000145780	hsa-miR-1252-3p	MIMAT0026744	0.847401748807336
8142	RBM27	ENSG00000091009	hsa-miR-765	MIMAT0003945	0.847390711458943
8143	DVL3	ENSG00000161202	hsa-miR-4458	MIMAT0018980	0.84734926342671
8144	SESN3	ENSG00000149212	hsa-miR-130a-5p	MIMAT0004593	0.847337428932856
8145	VPS25	ENSG00000131475	hsa-miR-4685-5p	MIMAT0019771	0.847337248172802
8146	EFNB3	ENSG00000108947	hsa-miR-661	MIMAT0003324	0.847320207511639
8147	PPP1R1C	ENSG00000150722	hsa-miR-6758-5p	MIMAT0027416	0.847314000413853
8148	PNMA8B	ENSG00000204851	hsa-miR-4685-5p	MIMAT0019771	0.84728695167824
8149	KLC4	ENSG00000137171	hsa-miR-6127	MIMAT0024610	0.847256044628352
8150	RTTN	ENSG00000176225	hsa-miR-3682-5p	MIMAT0019222	0.847235586162132
8151	SMAD2	ENSG00000175387	hsa-miR-4446-3p	MIMAT0018965	0.847219803722203
8152	SLC9B2	ENSG00000164038	hsa-miR-940	MIMAT0004983	0.847215570371412
8153	FKBP5	ENSG00000096060	hsa-miR-1252-3p	MIMAT0026744	0.847211114849286
8154	SZT2	ENSG00000198198	hsa-miR-4685-5p	MIMAT0019771	0.847205543549561
8155	ELAPOR2	ENSG00000164659	hsa-miR-3682-5p	MIMAT0019222	0.847179558851481
8156	AP000356.5	ENSG00000286070	hsa-miR-7855-5p	MIMAT0030430	0.847163481493612
8157	RAP2B	ENSG00000181467	hsa-miR-130a-5p	MIMAT0004593	0.847139409385182
8158	CDK9	ENSG00000136807	hsa-miR-224-5p	MIMAT0000281	0.847136397764418
8159	RASAL2	ENSG00000075391	hsa-miR-4292	MIMAT0016919	0.847125077068503
8160	DMBX1	ENSG00000197587	hsa-miR-6127	MIMAT0024610	0.847120350063358
8161	KIR2DL3	ENSG00000243772	hsa-miR-4446-3p	MIMAT0018965	0.847118827612653
8162	KMT2D	ENSG00000167548	hsa-miR-6127	MIMAT0024610	0.847111492228349
8163	ARPP19	ENSG00000128989	hsa-miR-1252-3p	MIMAT0026744	0.84710726583622
8164	UBA2	ENSG00000126261	hsa-miR-940	MIMAT0004983	0.847087725968935
8165	SLITRK5	ENSG00000165300	hsa-miR-224-5p	MIMAT0000281	0.847085797288824
8166	F5	ENSG00000198734	hsa-miR-4687-3p	MIMAT0019775	0.84708506357892
8167	TOLLIP	ENSG00000078902	hsa-miR-6127	MIMAT0024610	0.846967504499723
8168	OR9I1	ENSG00000172377	hsa-miR-7855-5p	MIMAT0030430	0.846926265628841
8169	ZNF407	ENSG00000215421	hsa-miR-6127	MIMAT0024610	0.846916052471049
8170	FAM83F	ENSG00000133477	hsa-miR-4446-3p	MIMAT0018965	0.846914488174736
8171	TENT5A	ENSG00000112773	hsa-miR-4446-3p	MIMAT0018965	0.84688755961735
8172	NEU3	ENSG00000162139	hsa-miR-130a-5p	MIMAT0004593	0.846866419113915
8173	CDK6	ENSG00000105810	hsa-miR-130a-5p	MIMAT0004593	0.846851814551419
8174	DDX21	ENSG00000165732	hsa-miR-4695-5p	MIMAT0019788	0.846847085425085
8175	LPIN1	ENSG00000134324	hsa-miR-4685-5p	MIMAT0019771	0.846813548765473
8176	FRMD8	ENSG00000126391	hsa-miR-4695-5p	MIMAT0019788	0.846811705366126
8177	FAM241A	ENSG00000174749	hsa-miR-1252-3p	MIMAT0026744	0.846809649503428
8178	SLC12A3	ENSG00000070915	hsa-miR-661	MIMAT0003324	0.846808819014968
8179	PRX	ENSG00000105227	hsa-miR-5008-5p	MIMAT0021039	0.846808231998728
8180	FBXO28	ENSG00000143756	hsa-miR-7157-3p	MIMAT0028225	0.846804596326057
8181	ZNF530	ENSG00000183647	hsa-miR-4695-5p	MIMAT0019788	0.846782719632117
8182	HDGFL3	ENSG00000166503	hsa-miR-1252-3p	MIMAT0026744	0.846779137723279
8183	HIPK2	ENSG00000064393	hsa-miR-661	MIMAT0003324	0.846771307514886
8184	GPCPD1	ENSG00000125772	hsa-miR-183-5p	MIMAT0000261	0.846761724850982
8185	DPH3	ENSG00000154813	hsa-miR-4458	MIMAT0018980	0.846758356448753
8186	EPB41L1	ENSG00000088367	hsa-miR-6758-5p	MIMAT0027416	0.846756403733009
8187	GSKIP	ENSG00000100744	hsa-miR-1252-3p	MIMAT0026744	0.846755878677349
8188	TMEM138	ENSG00000149483	hsa-miR-4695-5p	MIMAT0019788	0.846742495210455
8189	SPEN	ENSG00000065526	hsa-miR-224-5p	MIMAT0000281	0.84673772192108
8190	HELZ	ENSG00000198265	hsa-miR-940	MIMAT0004983	0.84673593409758
8191	DEGS1	ENSG00000143753	hsa-miR-1252-3p	MIMAT0026744	0.846730132860137
8192	DNAJB2	ENSG00000135924	hsa-miR-4292	MIMAT0016919	0.846663136533121
8193	ARL5A	ENSG00000162980	hsa-miR-6127	MIMAT0024610	0.846654844908869
8194	MATR3	ENSG00000280987	hsa-miR-21-5p	MIMAT0000076	0.84664488226925
8195	RUNX1T1	ENSG00000079102	hsa-miR-765	MIMAT0003945	0.846627980080407
8196	NUDT3	ENSG00000272325	hsa-miR-4695-5p	MIMAT0019788	0.846626860172963
8197	GSG1L	ENSG00000169181	hsa-miR-7157-3p	MIMAT0028225	0.846621807500502
8198	MALT1	ENSG00000172175	hsa-miR-3682-5p	MIMAT0019222	0.846613074558042
8199	NTN1	ENSG00000065320	hsa-miR-765	MIMAT0003945	0.846601771573548
8200	GPR139	ENSG00000180269	hsa-miR-940	MIMAT0004983	0.846560453747612
8201	GPR3	ENSG00000181773	hsa-miR-183-5p	MIMAT0000261	0.846556444230261
8202	ERVH48-1	ENSG00000233056	hsa-miR-765	MIMAT0003945	0.846523256585474
8203	FBXO30	ENSG00000118496	hsa-miR-1252-3p	MIMAT0026744	0.84650948046002
8204	NMNAT3	ENSG00000163864	hsa-miR-92a-1-5p	MIMAT0004507	0.846496511669614
8205	PFN2	ENSG00000070087	hsa-miR-4465	MIMAT0018992	0.846469337100411
8206	HOXB3	ENSG00000120093	hsa-miR-130a-5p	MIMAT0004593	0.846455085374801
8207	CCR7	ENSG00000126353	hsa-miR-4458	MIMAT0018980	0.846445200975143
8208	KSR2	ENSG00000171435	hsa-miR-6758-5p	MIMAT0027416	0.846439491300126
8209	PLEC	ENSG00000178209	hsa-miR-92a-1-5p	MIMAT0004507	0.846413392766596
8210	WDR47	ENSG00000085433	hsa-miR-4292	MIMAT0016919	0.846395365723336
8211	TPRN	ENSG00000176058	hsa-miR-940	MIMAT0004983	0.846394515250039
8212	PPP4R4	ENSG00000119698	hsa-miR-21-5p	MIMAT0000076	0.846384734010458
8213	TLR4	ENSG00000136869	hsa-miR-4458	MIMAT0018980	0.846378361782616
8214	RIN3	ENSG00000100599	hsa-miR-661	MIMAT0003324	0.84637770077515
8215	MDM1	ENSG00000111554	hsa-miR-6783-5p	MIMAT0027466	0.846372862267704
8216	FCER1G	ENSG00000158869	hsa-miR-4446-3p	MIMAT0018965	0.846357379400731
8217	HR	ENSG00000168453	hsa-miR-4446-3p	MIMAT0018965	0.846349156186145
8218	NT5C2	ENSG00000076685	hsa-miR-4458	MIMAT0018980	0.846347924310698
8219	DDX43	ENSG00000080007	hsa-miR-3682-5p	MIMAT0019222	0.84632224843914
8220	MTHFD1	ENSG00000100714	hsa-miR-661	MIMAT0003324	0.846301211467598
8221	PEDS1	ENSG00000240849	hsa-miR-4465	MIMAT0018992	0.846299212725564
8222	DLD	ENSG00000091140	hsa-miR-4695-5p	MIMAT0019788	0.84629425502782
8223	PDLIM5	ENSG00000163110	hsa-miR-1252-3p	MIMAT0026744	0.846285613665202
8224	PRIMA1	ENSG00000175785	hsa-miR-765	MIMAT0003945	0.846276331168073
8225	SPATA31D3	ENSG00000186788	hsa-miR-1268a	MIMAT0005922	0.846264453321275
8226	MNT	ENSG00000070444	hsa-miR-661	MIMAT0003324	0.846204211221745
8227	ZNF562	ENSG00000171466	hsa-miR-4687-3p	MIMAT0019775	0.846202238312038
8228	PDK1	ENSG00000152256	hsa-miR-1252-3p	MIMAT0026744	0.846192307484863
8229	ZFYVE27	ENSG00000155256	hsa-miR-5008-5p	MIMAT0021039	0.846184402380225
8230	MTTP	ENSG00000138823	hsa-miR-7157-3p	MIMAT0028225	0.846179693577182
8231	PLCXD3	ENSG00000182836	hsa-miR-224-5p	MIMAT0000281	0.846125965228408
8232	KIFBP	ENSG00000198954	hsa-miR-4695-5p	MIMAT0019788	0.846103806849376
8233	BBOF1	ENSG00000119636	hsa-miR-183-5p	MIMAT0000261	0.846093145827729
8234	CLEC17A	ENSG00000187912	hsa-miR-661	MIMAT0003324	0.846091238208777
8235	NYNRIN	ENSG00000205978	hsa-miR-6127	MIMAT0024610	0.846077080931518
8236	IGFBP4	ENSG00000141753	hsa-miR-4685-5p	MIMAT0019771	0.846060037625509
8237	GHR	ENSG00000112964	hsa-miR-1252-3p	MIMAT0026744	0.846026395856998
8238	FAT1	ENSG00000083857	hsa-miR-183-5p	MIMAT0000261	0.845987791273677
8239	SLC41A1	ENSG00000133065	hsa-miR-6127	MIMAT0024610	0.845973711600709
8240	IKZF4	ENSG00000123411	hsa-miR-130a-5p	MIMAT0004593	0.845964569664009
8241	HOOK1	ENSG00000134709	hsa-miR-4458	MIMAT0018980	0.845956788371302
8242	CDK6	ENSG00000105810	hsa-miR-4465	MIMAT0018992	0.845955304322786
8243	SAFB	ENSG00000160633	hsa-miR-183-5p	MIMAT0000261	0.845954453505836
8244	EVI5	ENSG00000067208	hsa-miR-183-5p	MIMAT0000261	0.845949089203091
8245	ZFAND5	ENSG00000107372	hsa-miR-6783-5p	MIMAT0027466	0.845936486549257
8246	MON1B	ENSG00000103111	hsa-miR-765	MIMAT0003945	0.84592457275552
8247	CELF2	ENSG00000048740	hsa-miR-1252-3p	MIMAT0026744	0.845915637691171
8248	BEND7	ENSG00000165626	hsa-miR-7157-3p	MIMAT0028225	0.845911026948769
8249	CDK18	ENSG00000117266	hsa-miR-657	MIMAT0003335	0.845908109413476
8250	HDGFL3	ENSG00000166503	hsa-miR-940	MIMAT0004983	0.845906298062957
8251	DNAJC15	ENSG00000120675	hsa-miR-183-5p	MIMAT0000261	0.845899026650202
8252	KPNA3	ENSG00000102753	hsa-miR-5008-5p	MIMAT0021039	0.845894530264882
8253	NUTF2	ENSG00000102898	hsa-miR-6127	MIMAT0024610	0.845888464043048
8254	SLC10A3	ENSG00000126903	hsa-miR-130a-5p	MIMAT0004593	0.845881982718852
8255	DNAJA2	ENSG00000069345	hsa-miR-4458	MIMAT0018980	0.845838456874137
8256	SRD5A2	ENSG00000277893	hsa-miR-1252-3p	MIMAT0026744	0.8458185366066
8257	TAF9B	ENSG00000187325	hsa-miR-940	MIMAT0004983	0.845804734474231
8258	LMNB1	ENSG00000113368	hsa-miR-4685-5p	MIMAT0019771	0.845745073941451
8259	TAOK1	ENSG00000160551	hsa-miR-940	MIMAT0004983	0.845743110131692
8260	GABRB2	ENSG00000145864	hsa-miR-183-5p	MIMAT0000261	0.84573077566972
8261	MPHOSPH6	ENSG00000135698	hsa-miR-625-3p	MIMAT0004808	0.845721866432095
8262	LRRTM2	ENSG00000146006	hsa-miR-130a-5p	MIMAT0004593	0.845712703981698
8263	MYO18B	ENSG00000133454	hsa-miR-765	MIMAT0003945	0.845700744916112
8264	NMNAT3	ENSG00000163864	hsa-miR-940	MIMAT0004983	0.845696321696667
8265	HYKK	ENSG00000188266	hsa-miR-4695-5p	MIMAT0019788	0.845696077567405
8266	TNFRSF1B	ENSG00000028137	hsa-miR-4685-5p	MIMAT0019771	0.84569414206319
8267	UHRF1BP1	ENSG00000065060	hsa-miR-6127	MIMAT0024610	0.845692042371217
8268	USP42	ENSG00000106346	hsa-miR-625-3p	MIMAT0004808	0.845688048705012
8269	PTCH1	ENSG00000185920	hsa-miR-661	MIMAT0003324	0.845687335173715
8270	SRSF5	ENSG00000100650	hsa-miR-130a-5p	MIMAT0004593	0.845674068259659
8271	FAM104B	ENSG00000182518	hsa-miR-6758-5p	MIMAT0027416	0.845669027710014
8272	PTPRD	ENSG00000153707	hsa-miR-5008-5p	MIMAT0021039	0.845656581325266
8273	DLX3	ENSG00000064195	hsa-miR-661	MIMAT0003324	0.845648153862149
8274	SLC12A1	ENSG00000074803	hsa-miR-4685-5p	MIMAT0019771	0.845646690453616
8275	PLAG1	ENSG00000181690	hsa-miR-4446-3p	MIMAT0018965	0.845637463938995
8276	CNNM2	ENSG00000148842	hsa-miR-940	MIMAT0004983	0.845619474623908
8277	PHF24	ENSG00000122733	hsa-miR-4695-5p	MIMAT0019788	0.845609005369295
8278	TIGD6	ENSG00000164296	hsa-miR-661	MIMAT0003324	0.845569977451347
8279	BRAF	ENSG00000157764	hsa-miR-130a-5p	MIMAT0004593	0.845567381165479
8280	TRIO	ENSG00000038382	hsa-miR-657	MIMAT0003335	0.845540228057035
8281	HAPLN4	ENSG00000187664	hsa-miR-4685-5p	MIMAT0019771	0.845528142113461
8282	ZIC2	ENSG00000043355	hsa-miR-765	MIMAT0003945	0.845507126606999
8283	ZFAND5	ENSG00000107372	hsa-miR-4687-3p	MIMAT0019775	0.845499988445325
8284	PRELP	ENSG00000188783	hsa-miR-4687-3p	MIMAT0019775	0.845499298843607
8285	KMT2D	ENSG00000167548	hsa-miR-940	MIMAT0004983	0.845454408188138
8286	CWC15	ENSG00000150316	hsa-miR-6783-5p	MIMAT0027466	0.845410850200117
8287	CCDC9B	ENSG00000188549	hsa-miR-661	MIMAT0003324	0.845386904535326
8288	FAM122B	ENSG00000156504	hsa-miR-4687-3p	MIMAT0019775	0.845379707138568
8289	PEAK1	ENSG00000173517	hsa-miR-765	MIMAT0003945	0.845357323925855
8290	NCKAP1L	ENSG00000123338	hsa-miR-4695-5p	MIMAT0019788	0.845330798287655
8291	PABPN1	ENSG00000100836	hsa-miR-1252-3p	MIMAT0026744	0.845327199497328
8292	EXOC5	ENSG00000070367	hsa-miR-1252-3p	MIMAT0026744	0.845321312440594
8293	ANKRD45	ENSG00000183831	hsa-miR-765	MIMAT0003945	0.845311458964313
8294	ABHD17B	ENSG00000107362	hsa-miR-940	MIMAT0004983	0.845260314556518
8295	SSPN	ENSG00000123096	hsa-miR-1252-3p	MIMAT0026744	0.845258731374961
8296	SPIB	ENSG00000269404	hsa-miR-661	MIMAT0003324	0.845256263327147
8297	ZNF283	ENSG00000167637	hsa-miR-6758-5p	MIMAT0027416	0.845247822814651
8298	RALGPS2	ENSG00000116191	hsa-miR-5008-5p	MIMAT0021039	0.845240576372788
8299	KCNC4	ENSG00000116396	hsa-miR-1252-3p	MIMAT0026744	0.845207728545822
8300	C17orf75	ENSG00000108666	hsa-miR-21-5p	MIMAT0000076	0.845197431257052
8301	FBXO17	ENSG00000269190	hsa-miR-661	MIMAT0003324	0.845191931791465
8302	RHOJ	ENSG00000126785	hsa-miR-4292	MIMAT0016919	0.845145731760912
8303	SYT5	ENSG00000129990	hsa-miR-4695-5p	MIMAT0019788	0.845124418054106
8304	DAZ2	ENSG00000205944	hsa-miR-130a-5p	MIMAT0004593	0.845111662034683
8305	MDM4	ENSG00000198625	hsa-miR-3682-5p	MIMAT0019222	0.845086151048575
8306	DVL3	ENSG00000161202	hsa-miR-92a-1-5p	MIMAT0004507	0.845070420947373
8307	ADAM17	ENSG00000151694	hsa-miR-6783-5p	MIMAT0027466	0.845062583329706
8308	GINS4	ENSG00000147536	hsa-miR-661	MIMAT0003324	0.845041480485699
8309	SHH	ENSG00000164690	hsa-miR-6127	MIMAT0024610	0.845038131200634
8310	DCUN1D3	ENSG00000188215	hsa-miR-1252-3p	MIMAT0026744	0.845032053679155
8311	DAZ4	ENSG00000205916	hsa-miR-130a-5p	MIMAT0004593	0.845023950787385
8312	WDR62	ENSG00000075702	hsa-miR-4446-3p	MIMAT0018965	0.845020958190184
8313	NUP107	ENSG00000111581	hsa-miR-1252-3p	MIMAT0026744	0.845019633380987
8314	SIRT2	ENSG00000068903	hsa-miR-6127	MIMAT0024610	0.845009229155851
8315	AC008397.2	ENSG00000285188	hsa-miR-130a-5p	MIMAT0004593	0.844998780780772
8316	MIER3	ENSG00000155545	hsa-miR-4465	MIMAT0018992	0.844989096497002
8317	BARD1	ENSG00000138376	hsa-miR-5008-5p	MIMAT0021039	0.844981112407796
8318	CXXC4	ENSG00000168772	hsa-miR-4465	MIMAT0018992	0.844969565378531
8319	METTL1	ENSG00000037897	hsa-miR-4292	MIMAT0016919	0.844961388281961
8320	SORL1	ENSG00000137642	hsa-miR-183-5p	MIMAT0000261	0.844937137560953
8321	ZCCHC12	ENSG00000174460	hsa-miR-8056	MIMAT0030983	0.844914316939349
8322	HPD	ENSG00000158104	hsa-miR-1268a	MIMAT0005922	0.84488690803222
8323	NAV3	ENSG00000067798	hsa-miR-765	MIMAT0003945	0.844873570148217
8324	CPPED1	ENSG00000103381	hsa-miR-661	MIMAT0003324	0.844843734333854
8325	CEP68	ENSG00000011523	hsa-miR-130a-5p	MIMAT0004593	0.844840402864867
8326	ODF2L	ENSG00000122417	hsa-miR-7157-3p	MIMAT0028225	0.844811994663406
8327	EXOC6B	ENSG00000144036	hsa-miR-5008-5p	MIMAT0021039	0.844807647855681
8328	MUC5B	ENSG00000117983	hsa-miR-4687-3p	MIMAT0019775	0.844806082254461
8329	NF2	ENSG00000186575	hsa-miR-940	MIMAT0004983	0.844787599613771
8330	FRY	ENSG00000073910	hsa-miR-3682-5p	MIMAT0019222	0.844786689606116
8331	SLC39A1	ENSG00000143570	hsa-miR-7157-3p	MIMAT0028225	0.844761405601343
8332	KCND2	ENSG00000184408	hsa-miR-940	MIMAT0004983	0.844735340284192
8333	DAZ3	ENSG00000187191	hsa-miR-130a-5p	MIMAT0004593	0.844711351066433
8334	ADCY1	ENSG00000164742	hsa-miR-4292	MIMAT0016919	0.844708907990497
8335	ZC3H14	ENSG00000100722	hsa-miR-6758-5p	MIMAT0027416	0.844695292023564
8336	ERI2	ENSG00000196678	hsa-miR-224-5p	MIMAT0000281	0.844673745999297
8337	ZNF608	ENSG00000168916	hsa-miR-1252-3p	MIMAT0026744	0.844661198786598
8338	MICU3	ENSG00000155970	hsa-miR-3682-5p	MIMAT0019222	0.844656576034293
8339	TP53INP1	ENSG00000164938	hsa-miR-4465	MIMAT0018992	0.844653492956112
8340	HID1	ENSG00000167861	hsa-miR-6127	MIMAT0024610	0.844648561543078
8341	NBPF9	ENSG00000269713	hsa-miR-940	MIMAT0004983	0.844648523233646
8342	MPPED2	ENSG00000066382	hsa-miR-661	MIMAT0003324	0.844627167458853
8343	TRMT10A	ENSG00000145331	hsa-miR-4458	MIMAT0018980	0.844598863864139
8344	ZNF770	ENSG00000198146	hsa-miR-4687-3p	MIMAT0019775	0.844596702370783
8345	NANOS2	ENSG00000188425	hsa-miR-4446-3p	MIMAT0018965	0.844585157302431
8346	TULP3	ENSG00000078246	hsa-miR-130a-5p	MIMAT0004593	0.844578256757645
8347	XPO4	ENSG00000132953	hsa-miR-4465	MIMAT0018992	0.844573980493103
8348	PSD2	ENSG00000146005	hsa-miR-4695-5p	MIMAT0019788	0.84455596983201
8349	RTTN	ENSG00000176225	hsa-miR-6758-5p	MIMAT0027416	0.844545556464004
8350	SLC8A1	ENSG00000183023	hsa-miR-92a-1-5p	MIMAT0004507	0.844536716938479
8351	ZNF76	ENSG00000065029	hsa-miR-4804-5p	MIMAT0019984	0.844498280484272
8352	PHAX	ENSG00000164902	hsa-miR-7157-3p	MIMAT0028225	0.84449272691827
8353	NAALADL2	ENSG00000177694	hsa-miR-130a-5p	MIMAT0004593	0.84447540551423
8354	PTPMT1	ENSG00000110536	hsa-miR-130a-5p	MIMAT0004593	0.844433442714268
8355	XK	ENSG00000047597	hsa-miR-4685-5p	MIMAT0019771	0.844410827403521
8356	FASLG	ENSG00000117560	hsa-miR-4458	MIMAT0018980	0.844397122254172
8357	BPNT2	ENSG00000104331	hsa-miR-661	MIMAT0003324	0.844349259489385
8358	DNAI3	ENSG00000162643	hsa-miR-4695-5p	MIMAT0019788	0.844339499151083
8359	BORCS8	ENSG00000254901	hsa-miR-661	MIMAT0003324	0.844325103134753
8360	HAP1	ENSG00000173805	hsa-miR-4695-5p	MIMAT0019788	0.844296756062011
8361	CD164	ENSG00000135535	hsa-miR-1252-3p	MIMAT0026744	0.844296255488784
8362	GSK3A	ENSG00000105723	hsa-miR-4695-5p	MIMAT0019788	0.844291800294748
8363	DIS3	ENSG00000083520	hsa-miR-661	MIMAT0003324	0.844276455273546
8364	FLRT2	ENSG00000185070	hsa-miR-183-5p	MIMAT0000261	0.844274516913787
8365	ZNF385D	ENSG00000151789	hsa-miR-7157-3p	MIMAT0028225	0.844274325233132
8366	PLPP4	ENSG00000203805	hsa-miR-6783-5p	MIMAT0027466	0.844272527013208
8367	DCLRE1B	ENSG00000118655	hsa-miR-4458	MIMAT0018980	0.844271567644956
8368	NRG1	ENSG00000157168	hsa-miR-1252-3p	MIMAT0026744	0.844271499352794
8369	GAB1	ENSG00000109458	hsa-miR-1252-3p	MIMAT0026744	0.844265954034916
8370	TTC14	ENSG00000163728	hsa-miR-183-5p	MIMAT0000261	0.844258241800469
8371	WASHC3	ENSG00000120860	hsa-miR-657	MIMAT0003335	0.844241046072983
8372	MEF2A	ENSG00000068305	hsa-miR-130a-5p	MIMAT0004593	0.844226640427834
8373	FRY	ENSG00000073910	hsa-miR-4685-5p	MIMAT0019771	0.844226309145009
8374	TREML2	ENSG00000112195	hsa-miR-4695-5p	MIMAT0019788	0.844207716511156
8375	POLR1D	ENSG00000186184	hsa-miR-4695-5p	MIMAT0019788	0.844180561792084
8376	PTAFR	ENSG00000169403	hsa-miR-4458	MIMAT0018980	0.844175560172528
8377	C3orf62	ENSG00000188315	hsa-miR-4465	MIMAT0018992	0.844154199123268
8378	LPP	ENSG00000145012	hsa-miR-6758-5p	MIMAT0027416	0.84415323774034
8379	ZC3H14	ENSG00000100722	hsa-miR-940	MIMAT0004983	0.844151063269985
8380	SLAIN2	ENSG00000109171	hsa-miR-4695-5p	MIMAT0019788	0.844123956893456
8381	NDUFC2	ENSG00000151366	hsa-miR-4685-5p	MIMAT0019771	0.84408626543848
8382	ATG9B	ENSG00000181652	hsa-miR-4446-3p	MIMAT0018965	0.844075282827318
8383	SCAI	ENSG00000173611	hsa-miR-765	MIMAT0003945	0.844070491893996
8384	PHLDB2	ENSG00000144824	hsa-miR-4465	MIMAT0018992	0.844070282528262
8385	SDK2	ENSG00000069188	hsa-miR-7855-5p	MIMAT0030430	0.84405846334951
8386	CLIP3	ENSG00000105270	hsa-miR-4446-3p	MIMAT0018965	0.844050747608991
8387	SOX5	ENSG00000134532	hsa-miR-1252-3p	MIMAT0026744	0.844039848340162
8388	MYD88	ENSG00000172936	hsa-miR-4695-5p	MIMAT0019788	0.844004772446358
8389	C5AR2	ENSG00000134830	hsa-miR-765	MIMAT0003945	0.843981930073659
8390	FAM83F	ENSG00000133477	hsa-miR-224-5p	MIMAT0000281	0.843965908736269
8391	DAZ1	ENSG00000188120	hsa-miR-130a-5p	MIMAT0004593	0.843959337145543
8392	TRIM9	ENSG00000100505	hsa-miR-224-5p	MIMAT0000281	0.843954381203522
8393	USP47	ENSG00000170242	hsa-miR-625-3p	MIMAT0004808	0.843953182026766
8394	HTR1A	ENSG00000178394	hsa-miR-7855-5p	MIMAT0030430	0.843945024905576
8395	SNX18	ENSG00000178996	hsa-miR-940	MIMAT0004983	0.843934495266907
8396	RASSF4	ENSG00000107551	hsa-miR-4685-5p	MIMAT0019771	0.843929930511078
8397	ZNF233	ENSG00000159915	hsa-miR-7157-3p	MIMAT0028225	0.843925749615643
8398	IP6K2	ENSG00000068745	hsa-miR-6783-5p	MIMAT0027466	0.843897119777342
8399	CD47	ENSG00000196776	hsa-miR-940	MIMAT0004983	0.843870371199707
8400	NKD1	ENSG00000140807	hsa-miR-4685-5p	MIMAT0019771	0.843870156760291
8401	SLC12A6	ENSG00000140199	hsa-miR-940	MIMAT0004983	0.84385468066416
8402	SLC6A5	ENSG00000165970	hsa-miR-224-5p	MIMAT0000281	0.843837147090267
8403	RIC8B	ENSG00000111785	hsa-miR-7855-5p	MIMAT0030430	0.843798400679589
8404	ERICH1	ENSG00000104714	hsa-miR-765	MIMAT0003945	0.843796518321945
8405	TNFSF18	ENSG00000120337	hsa-miR-92a-1-5p	MIMAT0004507	0.843769628811682
8406	SLC44A1	ENSG00000070214	hsa-miR-4687-3p	MIMAT0019775	0.843769206205811
8407	ZBTB10	ENSG00000205189	hsa-miR-4465	MIMAT0018992	0.843754010117219
8408	CCDC85C	ENSG00000205476	hsa-miR-765	MIMAT0003945	0.843737317765575
8409	SLC4A11	ENSG00000088836	hsa-miR-130a-5p	MIMAT0004593	0.843737084960366
8410	SDR42E1	ENSG00000184860	hsa-miR-940	MIMAT0004983	0.843717801934535
8411	BRWD1	ENSG00000185658	hsa-miR-7157-3p	MIMAT0028225	0.843716882452618
8412	TRIM44	ENSG00000166326	hsa-miR-1252-3p	MIMAT0026744	0.843675314955775
8413	CREB3L1	ENSG00000157613	hsa-miR-6127	MIMAT0024610	0.843634123076843
8414	EGFLAM	ENSG00000164318	hsa-miR-940	MIMAT0004983	0.843602432841339
8415	PDS5A	ENSG00000121892	hsa-miR-130a-5p	MIMAT0004593	0.843597367357855
8416	FABP3	ENSG00000121769	hsa-miR-8056	MIMAT0030983	0.8435790546489
8417	B3GAT2	ENSG00000112309	hsa-miR-183-5p	MIMAT0000261	0.843515327187818
8418	LYPD6	ENSG00000187123	hsa-miR-4687-3p	MIMAT0019775	0.843514338517159
8419	PIANP	ENSG00000139200	hsa-miR-5008-5p	MIMAT0021039	0.84345253970139
8420	GGA1	ENSG00000100083	hsa-miR-765	MIMAT0003945	0.843446812546869
8421	ENAH	ENSG00000154380	hsa-miR-940	MIMAT0004983	0.843431125622116
8422	TAL1	ENSG00000162367	hsa-miR-661	MIMAT0003324	0.843427853437132
8423	CLEC9A	ENSG00000197992	hsa-miR-4804-5p	MIMAT0019984	0.843370030018859
8424	TBKBP1	ENSG00000198933	hsa-miR-661	MIMAT0003324	0.84336670320515
8425	MANSC1	ENSG00000111261	hsa-miR-661	MIMAT0003324	0.843352369046472
8426	VCL	ENSG00000035403	hsa-miR-21-5p	MIMAT0000076	0.843352209415823
8427	MARK2	ENSG00000072518	hsa-miR-6127	MIMAT0024610	0.843341012082084
8428	MPZL1	ENSG00000197965	hsa-miR-7157-3p	MIMAT0028225	0.843326969256615
8429	LY6K	ENSG00000160886	hsa-miR-940	MIMAT0004983	0.843325995124657
8430	TTC36	ENSG00000172425	hsa-miR-4446-3p	MIMAT0018965	0.843319669964012
8431	DCAF4L1	ENSG00000182308	hsa-miR-661	MIMAT0003324	0.84330111082553
8432	DNAJC21	ENSG00000168724	hsa-miR-4465	MIMAT0018992	0.843292580835957
8433	PFDN1	ENSG00000113068	hsa-miR-4687-3p	MIMAT0019775	0.843261782398141
8434	PPP1R9A	ENSG00000158528	hsa-miR-1252-3p	MIMAT0026744	0.843251547751806
8435	ACSL6	ENSG00000164398	hsa-miR-1252-3p	MIMAT0026744	0.84323470640108
8436	AR	ENSG00000169083	hsa-miR-130a-5p	MIMAT0004593	0.843231041847173
8437	CACNA1C	ENSG00000151067	hsa-miR-1252-3p	MIMAT0026744	0.843190730363107
8438	NADSYN1	ENSG00000172890	hsa-miR-4446-3p	MIMAT0018965	0.843186635922076
8439	AP1B1	ENSG00000100280	hsa-miR-6783-5p	MIMAT0027466	0.84317075767217
8440	CCDC24	ENSG00000159214	hsa-miR-4292	MIMAT0016919	0.84312893894945
8441	SIPA1L1	ENSG00000197555	hsa-miR-940	MIMAT0004983	0.843070530752918
8442	AURKC	ENSG00000105146	hsa-miR-6758-5p	MIMAT0027416	0.84305704414422
8443	PTBP2	ENSG00000117569	hsa-miR-1252-3p	MIMAT0026744	0.842989678715255
8444	RBBP4	ENSG00000162521	hsa-miR-6822-3p	MIMAT0027545	0.842989302601238
8445	LRP3	ENSG00000130881	hsa-miR-4446-3p	MIMAT0018965	0.842966926297369
8446	TLCD4	ENSG00000152078	hsa-miR-7157-3p	MIMAT0028225	0.842953489113891
8447	STYX	ENSG00000198252	hsa-miR-183-5p	MIMAT0000261	0.842951571367341
8448	GALNT16	ENSG00000100626	hsa-miR-4446-3p	MIMAT0018965	0.842938885427956
8449	TRPM6	ENSG00000119121	hsa-miR-1911-5p	MIMAT0007885	0.842936980258372
8450	HHIP	ENSG00000164161	hsa-miR-4687-3p	MIMAT0019775	0.842930396002377
8451	FIGN	ENSG00000182263	hsa-miR-130a-5p	MIMAT0004593	0.842917980789907
8452	CRYAB	ENSG00000109846	hsa-miR-661	MIMAT0003324	0.842901396653797
8453	GAN	ENSG00000261609	hsa-miR-1252-3p	MIMAT0026744	0.842896321648483
8454	TUBA1B	ENSG00000123416	hsa-miR-92a-1-5p	MIMAT0004507	0.842884106227757
8455	RNF43	ENSG00000108375	hsa-miR-6127	MIMAT0024610	0.842880042264236
8456	EEF2K	ENSG00000103319	hsa-miR-661	MIMAT0003324	0.842871996496383
8457	PPOX	ENSG00000143224	hsa-miR-183-5p	MIMAT0000261	0.842857512629221
8458	BZW1	ENSG00000082153	hsa-miR-4695-5p	MIMAT0019788	0.842856557407223
8459	SUFU	ENSG00000107882	hsa-miR-940	MIMAT0004983	0.842844973220938
8460	SFMBT1	ENSG00000163935	hsa-miR-7157-3p	MIMAT0028225	0.842831988356597
8461	WNT16	ENSG00000002745	hsa-miR-130a-5p	MIMAT0004593	0.842816388919646
8462	XKR4	ENSG00000206579	hsa-miR-940	MIMAT0004983	0.842812947468581
8463	CCDC39	ENSG00000284862	hsa-miR-1252-3p	MIMAT0026744	0.842811327278864
8464	LPL	ENSG00000175445	hsa-miR-6758-5p	MIMAT0027416	0.842754228572192
8465	ATXN7L2	ENSG00000162650	hsa-miR-4687-3p	MIMAT0019775	0.842745362761698
8466	SLCO2A1	ENSG00000174640	hsa-miR-1252-3p	MIMAT0026744	0.842742247219767
8467	FAM53C	ENSG00000120709	hsa-miR-657	MIMAT0003335	0.842732078700384
8468	RWDD1	ENSG00000111832	hsa-miR-130a-5p	MIMAT0004593	0.842731427581953
8469	MGAT4C	ENSG00000182050	hsa-miR-183-5p	MIMAT0000261	0.84273019205999
8470	OR10A3	ENSG00000170683	hsa-miR-1252-3p	MIMAT0026744	0.842698651419638
8471	NDEL1	ENSG00000166579	hsa-miR-661	MIMAT0003324	0.842692965614726
8472	SLC6A7	ENSG00000011083	hsa-miR-4446-3p	MIMAT0018965	0.842681767056272
8473	C2orf66	ENSG00000187944	hsa-miR-4746-3p	MIMAT0019881	0.842664138735148
8474	VAMP7	ENSG00000124333	hsa-miR-1252-3p	MIMAT0026744	0.84265867158233
8475	CKS2	ENSG00000123975	hsa-miR-4465	MIMAT0018992	0.842655978822631
8476	BCL2L13	ENSG00000099968	hsa-miR-4446-3p	MIMAT0018965	0.842603702693882
8477	RHOBTB1	ENSG00000072422	hsa-miR-4292	MIMAT0016919	0.842594750143596
8478	C11orf87	ENSG00000185742	hsa-miR-21-5p	MIMAT0000076	0.842584971610538
8479	DCUN1D1	ENSG00000043093	hsa-miR-1252-3p	MIMAT0026744	0.842555802090388
8480	CCDC91	ENSG00000123106	hsa-miR-130a-5p	MIMAT0004593	0.84254624864924
8481	FAM53C	ENSG00000120709	hsa-miR-765	MIMAT0003945	0.84253948877236
8482	ERF	ENSG00000105722	hsa-miR-940	MIMAT0004983	0.84253768004276
8483	NCOA1	ENSG00000084676	hsa-miR-1252-3p	MIMAT0026744	0.842519974544256
8484	MIGA2	ENSG00000148343	hsa-miR-765	MIMAT0003945	0.842512852395539
8485	ZNF599	ENSG00000153896	hsa-miR-183-5p	MIMAT0000261	0.842502603909919
8486	WBP1L	ENSG00000166272	hsa-miR-4687-3p	MIMAT0019775	0.842491536351261
8487	VAT1	ENSG00000108828	hsa-miR-940	MIMAT0004983	0.842490948823574
8488	GNAI1	ENSG00000127955	hsa-miR-4465	MIMAT0018992	0.842488800941504
8489	KCNS1	ENSG00000124134	hsa-miR-657	MIMAT0003335	0.842484704791303
8490	PRKCA	ENSG00000154229	hsa-miR-4292	MIMAT0016919	0.842478810070508
8491	USP24	ENSG00000162402	hsa-miR-130a-5p	MIMAT0004593	0.842444252514799
8492	SSH2	ENSG00000141298	hsa-miR-4465	MIMAT0018992	0.842437516728961
8493	APPBP2	ENSG00000062725	hsa-miR-183-5p	MIMAT0000261	0.842420061380455
8494	RNASEH2C	ENSG00000172922	hsa-miR-4446-3p	MIMAT0018965	0.842398480088321
8495	EZH2	ENSG00000106462	hsa-miR-7855-5p	MIMAT0030430	0.84238536005651
8496	CRYBG2	ENSG00000176092	hsa-miR-4685-5p	MIMAT0019771	0.842368011456964
8497	MAP3K13	ENSG00000073803	hsa-miR-6758-5p	MIMAT0027416	0.842361654828045
8498	RAD54L	ENSG00000085999	hsa-miR-5008-5p	MIMAT0021039	0.842357737796401
8499	RAB33B	ENSG00000172007	hsa-miR-6822-3p	MIMAT0027545	0.842353397385355
8500	FBXO41	ENSG00000163013	hsa-miR-765	MIMAT0003945	0.842345346665768
8501	NDFIP1	ENSG00000131507	hsa-miR-6127	MIMAT0024610	0.842337847779335
8502	SYNJ1	ENSG00000159082	hsa-miR-6822-3p	MIMAT0027545	0.842337773483804
8503	PHF3	ENSG00000118482	hsa-miR-183-5p	MIMAT0000261	0.84232435062721
8504	PURA	ENSG00000185129	hsa-miR-224-5p	MIMAT0000281	0.842312155261259
8505	NOL4L	ENSG00000197183	hsa-miR-4458	MIMAT0018980	0.842305226673467
8506	DENND2C	ENSG00000175984	hsa-miR-765	MIMAT0003945	0.84230088467257
8507	WBP2	ENSG00000132471	hsa-miR-6127	MIMAT0024610	0.842298850730908
8508	OAS3	ENSG00000111331	hsa-miR-183-5p	MIMAT0000261	0.842255539121719
8509	SHMT2	ENSG00000182199	hsa-miR-4446-3p	MIMAT0018965	0.842253925774153
8510	PLA2G2D	ENSG00000117215	hsa-miR-6127	MIMAT0024610	0.842233223496132
8511	SELENOO	ENSG00000073169	hsa-miR-6127	MIMAT0024610	0.84222344676723
8512	KMO	ENSG00000117009	hsa-miR-6758-5p	MIMAT0027416	0.842184308135609
8513	EIF3A	ENSG00000107581	hsa-miR-183-5p	MIMAT0000261	0.842182231600568
8514	NKIRAS2	ENSG00000168256	hsa-miR-6127	MIMAT0024610	0.842159020528854
8515	SHMT2	ENSG00000182199	hsa-miR-5008-5p	MIMAT0021039	0.842138620375463
8516	AL138752.2	ENSG00000255872	hsa-miR-4687-3p	MIMAT0019775	0.842124718599351
8517	RIOK3	ENSG00000101782	hsa-miR-4458	MIMAT0018980	0.842123707091721
8518	GFPT1	ENSG00000198380	hsa-miR-224-5p	MIMAT0000281	0.842108949028532
8519	SOCS4	ENSG00000180008	hsa-miR-3682-5p	MIMAT0019222	0.842105067555245
8520	MS4A1	ENSG00000156738	hsa-miR-1252-3p	MIMAT0026744	0.842101672447917
8521	MYLIP	ENSG00000007944	hsa-miR-7157-3p	MIMAT0028225	0.842100016629472
8522	REPS2	ENSG00000169891	hsa-miR-224-5p	MIMAT0000281	0.842080392711594
8523	RHPN1	ENSG00000158106	hsa-miR-4685-5p	MIMAT0019771	0.842028398320257
8524	SYT14	ENSG00000143469	hsa-miR-130a-5p	MIMAT0004593	0.842022915348678
8525	ZBTB37	ENSG00000185278	hsa-miR-6822-3p	MIMAT0027545	0.842011120372735
8526	ASXL2	ENSG00000143970	hsa-miR-130a-5p	MIMAT0004593	0.842005570370877
8527	ADCY1	ENSG00000164742	hsa-miR-940	MIMAT0004983	0.842002533485815
8528	SREK1	ENSG00000153914	hsa-miR-130a-5p	MIMAT0004593	0.841996913652984
8529	FAM120A	ENSG00000048828	hsa-miR-4465	MIMAT0018992	0.841991897021242
8530	RECK	ENSG00000122707	hsa-miR-3682-5p	MIMAT0019222	0.841991274133312
8531	LRATD2	ENSG00000168672	hsa-miR-6127	MIMAT0024610	0.841980151278322
8532	MTPN	ENSG00000105887	hsa-miR-940	MIMAT0004983	0.841977265160216
8533	PLEKHA6	ENSG00000143850	hsa-miR-661	MIMAT0003324	0.841952368780639
8534	PATE4	ENSG00000237353	hsa-miR-765	MIMAT0003945	0.841951090900924
8535	GPM6A	ENSG00000150625	hsa-miR-1252-3p	MIMAT0026744	0.841937731249505
8536	DCUN1D5	ENSG00000137692	hsa-miR-7157-3p	MIMAT0028225	0.841928032375556
8537	SKIDA1	ENSG00000180592	hsa-miR-4685-5p	MIMAT0019771	0.841922252001431
8538	MYOG	ENSG00000122180	hsa-miR-4695-5p	MIMAT0019788	0.841915505503944
8539	TCF7L2	ENSG00000148737	hsa-miR-1252-3p	MIMAT0026744	0.84191419196886
8540	PXN	ENSG00000089159	hsa-miR-4695-5p	MIMAT0019788	0.841901303436051
8541	SH2D1B	ENSG00000198574	hsa-miR-5008-5p	MIMAT0021039	0.841895995432325
8542	PERCC1	ENSG00000284395	hsa-miR-765	MIMAT0003945	0.841886507124882
8543	VCPIP1	ENSG00000175073	hsa-miR-6783-5p	MIMAT0027466	0.841879279995467
8544	SPRING1	ENSG00000111412	hsa-miR-940	MIMAT0004983	0.841878315675986
8545	PHACTR1	ENSG00000112137	hsa-miR-940	MIMAT0004983	0.841877434736944
8546	GRIK3	ENSG00000163873	hsa-miR-940	MIMAT0004983	0.841874869471665
8547	AKAP5	ENSG00000179841	hsa-miR-7157-3p	MIMAT0028225	0.841853516112612
8548	FAM162A	ENSG00000114023	hsa-miR-3682-5p	MIMAT0019222	0.841803674474842
8549	LPP	ENSG00000145012	hsa-miR-625-3p	MIMAT0004808	0.841803063936006
8550	HDGFL2	ENSG00000167674	hsa-miR-940	MIMAT0004983	0.841781413362754
8551	COX7B	ENSG00000131174	hsa-miR-4695-5p	MIMAT0019788	0.84178126140675
8552	SH3BP2	ENSG00000087266	hsa-miR-661	MIMAT0003324	0.841775502636612
8553	ITCH	ENSG00000078747	hsa-miR-21-5p	MIMAT0000076	0.841773497451952
8554	TENM3	ENSG00000218336	hsa-miR-3682-5p	MIMAT0019222	0.841750497734726
8555	CCDC34	ENSG00000109881	hsa-miR-21-5p	MIMAT0000076	0.841712640379487
8556	CHMP3	ENSG00000115561	hsa-miR-1252-3p	MIMAT0026744	0.841693525300623
8557	MECP2	ENSG00000169057	hsa-miR-4687-3p	MIMAT0019775	0.841678680837711
8558	OSBPL8	ENSG00000091039	hsa-miR-625-3p	MIMAT0004808	0.841654002409295
8559	MYCBP	ENSG00000214114	hsa-miR-6127	MIMAT0024610	0.841651423644289
8560	CFAP97	ENSG00000164323	hsa-miR-4695-5p	MIMAT0019788	0.84163995276468
8561	VSIR	ENSG00000107738	hsa-miR-4685-5p	MIMAT0019771	0.841632509500806
8562	ZNF25	ENSG00000175395	hsa-miR-657	MIMAT0003335	0.841618715544243
8563	DNMT3A	ENSG00000119772	hsa-miR-130a-5p	MIMAT0004593	0.841610518006014
8564	SUMO2	ENSG00000188612	hsa-miR-4687-3p	MIMAT0019775	0.841603162234564
8565	MAN1A1	ENSG00000111885	hsa-miR-1252-3p	MIMAT0026744	0.841599477704239
8566	SOX9	ENSG00000125398	hsa-miR-940	MIMAT0004983	0.841571020603129
8567	TMSB4Y	ENSG00000154620	hsa-miR-183-5p	MIMAT0000261	0.841562856242032
8568	CYB5B	ENSG00000103018	hsa-miR-657	MIMAT0003335	0.841559692898751
8569	AC011498.4	ENSG00000267385	hsa-miR-4687-3p	MIMAT0019775	0.841559086928995
8570	CCNI2	ENSG00000205089	hsa-miR-4695-5p	MIMAT0019788	0.841557928024477
8571	NR3C1	ENSG00000113580	hsa-miR-183-5p	MIMAT0000261	0.841548079076534
8572	COX6C	ENSG00000164919	hsa-miR-21-5p	MIMAT0000076	0.841512616456785
8573	GMDS	ENSG00000112699	hsa-miR-4465	MIMAT0018992	0.841510869671205
8574	EHD4	ENSG00000103966	hsa-miR-940	MIMAT0004983	0.841508588971752
8575	HOXD3	ENSG00000128652	hsa-miR-7855-5p	MIMAT0030430	0.841500289838171
8576	SLIT2	ENSG00000145147	hsa-miR-6127	MIMAT0024610	0.841498083626468
8577	ZNF592	ENSG00000166716	hsa-miR-940	MIMAT0004983	0.841445539230276
8578	OR4K2	ENSG00000165762	hsa-miR-765	MIMAT0003945	0.841427190003482
8579	CLIP3	ENSG00000105270	hsa-miR-4292	MIMAT0016919	0.841366767565613
8580	RSPH3	ENSG00000130363	hsa-miR-1252-3p	MIMAT0026744	0.841308885722381
8581	FAM133B	ENSG00000234545	hsa-miR-6783-5p	MIMAT0027466	0.841307088527429
8582	SCN3B	ENSG00000166257	hsa-miR-6127	MIMAT0024610	0.841292054850548
8583	SHOC2	ENSG00000108061	hsa-miR-6783-5p	MIMAT0027466	0.841263588998523
8584	PANK3	ENSG00000120137	hsa-miR-7855-5p	MIMAT0030430	0.84124085580822
8585	OLR1	ENSG00000173391	hsa-miR-1252-3p	MIMAT0026744	0.841220011235344
8586	SYT15	ENSG00000204176	hsa-miR-6127	MIMAT0024610	0.841214601027273
8587	GOLGA6L22	ENSG00000277865	hsa-miR-1252-3p	MIMAT0026744	0.841211604429728
8588	INTS6L	ENSG00000165359	hsa-miR-4458	MIMAT0018980	0.841211516394434
8589	ARFIP2	ENSG00000132254	hsa-miR-6822-3p	MIMAT0027545	0.84120803436641
8590	ABCC8	ENSG00000006071	hsa-miR-183-5p	MIMAT0000261	0.841186334303208
8591	GALNT17	ENSG00000185274	hsa-miR-1252-3p	MIMAT0026744	0.841169820880947
8592	AARS2	ENSG00000124608	hsa-miR-4687-3p	MIMAT0019775	0.84114446431224
8593	OR2J3	ENSG00000204701	hsa-miR-224-5p	MIMAT0000281	0.841110511636036
8594	RIC3	ENSG00000166405	hsa-miR-4446-3p	MIMAT0018965	0.841102773734208
8595	FO681492.1	ENSG00000277758	hsa-miR-6127	MIMAT0024610	0.841096006246181
8596	ADGRL1	ENSG00000072071	hsa-miR-765	MIMAT0003945	0.841082789630106
8597	OAZ2	ENSG00000180304	hsa-miR-7855-5p	MIMAT0030430	0.841078397578774
8598	GLO1	ENSG00000124767	hsa-miR-1252-3p	MIMAT0026744	0.841064554330421
8599	SCN2A	ENSG00000136531	hsa-miR-183-5p	MIMAT0000261	0.84106147081852
8600	C9orf40	ENSG00000135045	hsa-miR-224-5p	MIMAT0000281	0.841057787414617
8601	PCGF5	ENSG00000180628	hsa-miR-92a-1-5p	MIMAT0004507	0.841052359976275
8602	ITFG2	ENSG00000111203	hsa-miR-6127	MIMAT0024610	0.84104367074331
8603	TYW1B	ENSG00000277149	hsa-miR-5008-5p	MIMAT0021039	0.841043013255633
8604	VCPKMT	ENSG00000100483	hsa-miR-4687-3p	MIMAT0019775	0.841039797591375
8605	BLACAT1	ENSG00000281406	hsa-miR-4685-5p	MIMAT0019771	0.841015275044686
8606	MMP16	ENSG00000156103	hsa-miR-1252-3p	MIMAT0026744	0.841009643965225
8607	KLHL28	ENSG00000179454	hsa-miR-130a-5p	MIMAT0004593	0.841003293296856
8608	EMSY	ENSG00000158636	hsa-miR-7855-5p	MIMAT0030430	0.840981725977776
8609	PTCH1	ENSG00000185920	hsa-miR-4458	MIMAT0018980	0.840977890892048
8610	FKBP1A	ENSG00000088832	hsa-miR-765	MIMAT0003945	0.840970533409726
8611	SV2C	ENSG00000122012	hsa-miR-4687-3p	MIMAT0019775	0.840966628090108
8612	GIMAP1	ENSG00000213203	hsa-miR-1252-3p	MIMAT0026744	0.840956226923729
8613	PNKD	ENSG00000127838	hsa-miR-940	MIMAT0004983	0.840942864274959
8614	FASTKD2	ENSG00000118246	hsa-miR-1252-3p	MIMAT0026744	0.840921307379346
8615	PIK3CA	ENSG00000121879	hsa-miR-3682-5p	MIMAT0019222	0.840904935789743
8616	CCDC61	ENSG00000104983	hsa-miR-4685-5p	MIMAT0019771	0.840869857965301
8617	TBX2	ENSG00000121068	hsa-miR-4292	MIMAT0016919	0.840857073896652
8618	GALNT10	ENSG00000164574	hsa-miR-661	MIMAT0003324	0.840850741712936
8619	NTN4	ENSG00000074527	hsa-miR-4465	MIMAT0018992	0.840833908626307
8620	AL031708.1	ENSG00000261732	hsa-miR-657	MIMAT0003335	0.840830072384853
8621	NDUFA9	ENSG00000139180	hsa-miR-3682-5p	MIMAT0019222	0.840822001386298
8622	CD86	ENSG00000114013	hsa-miR-130a-5p	MIMAT0004593	0.840806568013908
8623	SOS2	ENSG00000100485	hsa-miR-224-5p	MIMAT0000281	0.840797609674129
8624	SERTAD2	ENSG00000179833	hsa-miR-130a-5p	MIMAT0004593	0.840793391074707
8625	LAS1L	ENSG00000001497	hsa-miR-4687-3p	MIMAT0019775	0.840776116217044
8626	TNS4	ENSG00000131746	hsa-miR-765	MIMAT0003945	0.840765117228758
8627	EDNRB	ENSG00000136160	hsa-miR-130a-5p	MIMAT0004593	0.840760966539599
8628	ASB6	ENSG00000148331	hsa-miR-5008-5p	MIMAT0021039	0.840760682939092
8629	NUTM2A	ENSG00000184923	hsa-miR-4685-5p	MIMAT0019771	0.840720284222521
8630	RBMS3	ENSG00000144642	hsa-miR-6127	MIMAT0024610	0.840707884746704
8631	LRRC32	ENSG00000137507	hsa-miR-661	MIMAT0003324	0.840645057299989
8632	ATP5F1A	ENSG00000152234	hsa-miR-661	MIMAT0003324	0.840634110559441
8633	PAG1	ENSG00000076641	hsa-miR-21-5p	MIMAT0000076	0.840632923087305
8634	ADGRL3	ENSG00000150471	hsa-miR-6127	MIMAT0024610	0.84059734406857
8635	FBXW11	ENSG00000072803	hsa-miR-4804-5p	MIMAT0019984	0.84057250348094
8636	PEX3	ENSG00000034693	hsa-miR-1252-3p	MIMAT0026744	0.840566706662578
8637	SLCO2A1	ENSG00000174640	hsa-miR-940	MIMAT0004983	0.840564576471869
8638	ARNTL	ENSG00000133794	hsa-miR-7157-3p	MIMAT0028225	0.840557923051893
8639	NDEL1	ENSG00000166579	hsa-miR-6127	MIMAT0024610	0.840495460210373
8640	ZDBF2	ENSG00000204186	hsa-miR-4695-5p	MIMAT0019788	0.840493207988498
8641	GRK1	ENSG00000185974	hsa-miR-6127	MIMAT0024610	0.840459604546592
8642	IL17REL	ENSG00000188263	hsa-miR-661	MIMAT0003324	0.840440359551624
8643	MACF1	ENSG00000127603	hsa-miR-4695-5p	MIMAT0019788	0.84043378207329
8644	SLC36A4	ENSG00000180773	hsa-miR-4465	MIMAT0018992	0.840407678473787
8645	STAG2	ENSG00000101972	hsa-miR-765	MIMAT0003945	0.840372456346155
8646	MEP1A	ENSG00000112818	hsa-miR-1252-3p	MIMAT0026744	0.840361034733908
8647	C12orf45	ENSG00000151131	hsa-miR-765	MIMAT0003945	0.840345503452212
8648	AL031681.2	ENSG00000288000	hsa-miR-6783-5p	MIMAT0027466	0.840341111988719
8649	GATAD2B	ENSG00000143614	hsa-miR-6127	MIMAT0024610	0.840340383990656
8650	INSM1	ENSG00000173404	hsa-miR-940	MIMAT0004983	0.840338420941202
8651	CHUK	ENSG00000213341	hsa-miR-1252-3p	MIMAT0026744	0.84033594064173
8652	ZBTB26	ENSG00000171448	hsa-miR-3682-5p	MIMAT0019222	0.840321876476976
8653	TINAG	ENSG00000137251	hsa-miR-6783-5p	MIMAT0027466	0.840310994871512
8654	OR4S2	ENSG00000174982	hsa-miR-5008-5p	MIMAT0021039	0.840300295020812
8655	KLC1	ENSG00000126214	hsa-miR-661	MIMAT0003324	0.840291545593025
8656	ABAT	ENSG00000183044	hsa-miR-4804-5p	MIMAT0019984	0.840283853366197
8657	SOGA1	ENSG00000149639	hsa-miR-4695-5p	MIMAT0019788	0.840260507790289
8658	ZBTB7C	ENSG00000184828	hsa-miR-4695-5p	MIMAT0019788	0.840256300664761
8659	TNIK	ENSG00000154310	hsa-miR-6783-5p	MIMAT0027466	0.8402184427168
8660	FMO1	ENSG00000010932	hsa-miR-92a-1-5p	MIMAT0004507	0.840209333168766
8661	ACP6	ENSG00000162836	hsa-miR-4458	MIMAT0018980	0.840197854062832
8662	HSD17B3	ENSG00000130948	hsa-miR-7855-5p	MIMAT0030430	0.840179205631922
8663	SLC35A3	ENSG00000117620	hsa-miR-7157-3p	MIMAT0028225	0.840160354692123
8664	LSM12	ENSG00000161654	hsa-miR-4465	MIMAT0018992	0.840153508466589
8665	CDK17	ENSG00000059758	hsa-miR-6822-3p	MIMAT0027545	0.840144820844628
8666	AC244197.3	ENSG00000241489	hsa-miR-4687-3p	MIMAT0019775	0.840111617484879
8667	APLN	ENSG00000171388	hsa-miR-1252-3p	MIMAT0026744	0.840107032479797
8668	ANKRD17	ENSG00000132466	hsa-miR-6783-5p	MIMAT0027466	0.840105361694199
8669	PALLD	ENSG00000129116	hsa-miR-4687-3p	MIMAT0019775	0.840103346026393
8670	LDLRAD2	ENSG00000187942	hsa-miR-940	MIMAT0004983	0.840083736892325
8671	UHMK1	ENSG00000152332	hsa-miR-940	MIMAT0004983	0.840083475765601
8672	CCDC88A	ENSG00000115355	hsa-miR-130a-5p	MIMAT0004593	0.8400831252711
8673	AOC3	ENSG00000131471	hsa-miR-4695-5p	MIMAT0019788	0.840079971441289
8674	CASTOR2	ENSG00000274070	hsa-miR-940	MIMAT0004983	0.840049963208169
8675	RBM15B	ENSG00000259956	hsa-miR-4685-5p	MIMAT0019771	0.840049430595483
8676	FAM219A	ENSG00000164970	hsa-miR-4695-5p	MIMAT0019788	0.840047377080138
8677	LOX	ENSG00000113083	hsa-miR-1252-3p	MIMAT0026744	0.840035326148467
8678	INO80D	ENSG00000114933	hsa-miR-4695-5p	MIMAT0019788	0.840034229004887
8679	MLEC	ENSG00000110917	hsa-miR-6758-5p	MIMAT0027416	0.840024274548989
8680	IGF2BP3	ENSG00000136231	hsa-miR-661	MIMAT0003324	0.840000853793331
8681	PRKRIP1	ENSG00000128563	hsa-miR-6822-3p	MIMAT0027545	0.839990740882692
8682	ACADSB	ENSG00000196177	hsa-miR-1252-3p	MIMAT0026744	0.839987940456722
8683	ESPL1	ENSG00000135476	hsa-miR-4685-5p	MIMAT0019771	0.839978531365506
8684	ZNF100	ENSG00000197020	hsa-miR-4465	MIMAT0018992	0.839974332949381
8685	PSME3IP1	ENSG00000172775	hsa-miR-765	MIMAT0003945	0.839950839153041
8686	NFIB	ENSG00000147862	hsa-miR-940	MIMAT0004983	0.839938145035169
8687	NFAT5	ENSG00000102908	hsa-miR-224-5p	MIMAT0000281	0.839924633040025
8688	ZCCHC3	ENSG00000247315	hsa-miR-6127	MIMAT0024610	0.839868758989069
8689	MKRN2	ENSG00000075975	hsa-miR-4446-3p	MIMAT0018965	0.839846252028016
8690	GVQW3	ENSG00000179240	hsa-miR-4292	MIMAT0016919	0.839841211063591
8691	CEACAM4	ENSG00000105352	hsa-miR-4685-5p	MIMAT0019771	0.839834351966046
8692	POLE	ENSG00000177084	hsa-miR-4446-3p	MIMAT0018965	0.839829788684991
8693	PDYN	ENSG00000101327	hsa-miR-661	MIMAT0003324	0.83982776047573
8694	WASF2	ENSG00000158195	hsa-miR-4695-5p	MIMAT0019788	0.839827759768252
8695	TMEM8B	ENSG00000137103	hsa-miR-661	MIMAT0003324	0.839825034695535
8696	PALM2AKAP2	ENSG00000157654	hsa-miR-6758-5p	MIMAT0027416	0.839793625873074
8697	WNT9A	ENSG00000143816	hsa-miR-657	MIMAT0003335	0.839788754662222
8698	SOX21	ENSG00000125285	hsa-miR-7157-3p	MIMAT0028225	0.839786773996812
8699	C2orf73	ENSG00000177994	hsa-miR-6758-5p	MIMAT0027416	0.839775897517709
8700	ORAI2	ENSG00000160991	hsa-miR-4685-5p	MIMAT0019771	0.839755232887492
8701	PTGS2	ENSG00000073756	hsa-miR-4465	MIMAT0018992	0.839755060775966
8702	OR2T5	ENSG00000203661	hsa-miR-1252-3p	MIMAT0026744	0.839733713956265
8703	HPSE2	ENSG00000172987	hsa-miR-130a-5p	MIMAT0004593	0.839694922356064
8704	TF	ENSG00000091513	hsa-miR-6127	MIMAT0024610	0.839681007801953
8705	GABRA4	ENSG00000109158	hsa-miR-6758-5p	MIMAT0027416	0.839679837737435
8706	CBX7	ENSG00000100307	hsa-miR-4292	MIMAT0016919	0.839667258469019
8707	MDN1	ENSG00000112159	hsa-miR-4465	MIMAT0018992	0.839663352744546
8708	SSH1	ENSG00000084112	hsa-miR-940	MIMAT0004983	0.839657226584781
8709	ANGPT4	ENSG00000101280	hsa-miR-4695-5p	MIMAT0019788	0.839610807395142
8710	PRELP	ENSG00000188783	hsa-miR-765	MIMAT0003945	0.839592442579645
8711	NLE1	ENSG00000073536	hsa-miR-4695-5p	MIMAT0019788	0.839528323790756
8712	ZNF490	ENSG00000188033	hsa-miR-940	MIMAT0004983	0.839523188682133
8713	HOXC10	ENSG00000180818	hsa-miR-765	MIMAT0003945	0.839513209906692
8714	HAP1	ENSG00000173805	hsa-miR-1252-3p	MIMAT0026744	0.839485853010513
8715	TSPAN14	ENSG00000108219	hsa-miR-765	MIMAT0003945	0.839462512569663
8716	C2orf68	ENSG00000168887	hsa-miR-940	MIMAT0004983	0.839451271906356
8717	GJB3	ENSG00000188910	hsa-miR-6127	MIMAT0024610	0.839448843518971
8718	GAGE1	ENSG00000205777	hsa-miR-5008-5p	MIMAT0021039	0.839434512744793
8719	ARL5A	ENSG00000162980	hsa-miR-183-5p	MIMAT0000261	0.839420580385581
8720	ZIC1	ENSG00000152977	hsa-miR-1252-3p	MIMAT0026744	0.839380633727896
8721	UBE2R2	ENSG00000107341	hsa-miR-6783-5p	MIMAT0027466	0.839377807803294
8722	TMEM167A	ENSG00000174695	hsa-miR-940	MIMAT0004983	0.839366488052685
8723	SPDYE9	ENSG00000262461	hsa-miR-7157-3p	MIMAT0028225	0.839340561624023
8724	MCOLN2	ENSG00000153898	hsa-miR-1252-3p	MIMAT0026744	0.839339668801777
8725	RUBCNL	ENSG00000102445	hsa-miR-4695-5p	MIMAT0019788	0.839315974918761
8726	PACS1	ENSG00000175115	hsa-miR-7157-3p	MIMAT0028225	0.839306033844039
8727	FGFRL1	ENSG00000127418	hsa-miR-940	MIMAT0004983	0.839294959206295
8728	GAS7	ENSG00000007237	hsa-miR-4292	MIMAT0016919	0.839223662340288
8729	WNT2B	ENSG00000134245	hsa-miR-3682-5p	MIMAT0019222	0.839211440086269
8730	IQGAP1	ENSG00000140575	hsa-miR-1252-3p	MIMAT0026744	0.839204644947313
8731	CTSC	ENSG00000109861	hsa-miR-4687-3p	MIMAT0019775	0.839179045604239
8732	MMRN1	ENSG00000138722	hsa-miR-4687-3p	MIMAT0019775	0.839178881456819
8733	GNG12	ENSG00000172380	hsa-miR-183-5p	MIMAT0000261	0.839154072865752
8734	ETNK2	ENSG00000143845	hsa-miR-1252-3p	MIMAT0026744	0.839108550687316
8735	CNOT3	ENSG00000088038	hsa-miR-765	MIMAT0003945	0.83910616211022
8736	CD48	ENSG00000117091	hsa-miR-130a-5p	MIMAT0004593	0.839068696269788
8737	SLC5A9	ENSG00000117834	hsa-miR-7855-5p	MIMAT0030430	0.839064938436105
8738	FTO	ENSG00000140718	hsa-miR-6127	MIMAT0024610	0.839052709748179
8739	SOS2	ENSG00000100485	hsa-miR-940	MIMAT0004983	0.839036908140466
8740	SDK2	ENSG00000069188	hsa-miR-4695-5p	MIMAT0019788	0.839014618612633
8741	NAA50	ENSG00000121579	hsa-miR-130a-5p	MIMAT0004593	0.838971612757346
8742	UBR1	ENSG00000159459	hsa-miR-4465	MIMAT0018992	0.838957043287742
8743	KIF13A	ENSG00000137177	hsa-miR-940	MIMAT0004983	0.838943737774029
8744	SIRPB2	ENSG00000196209	hsa-miR-940	MIMAT0004983	0.838942537619353
8745	MOB3B	ENSG00000120162	hsa-miR-4695-5p	MIMAT0019788	0.838938489927251
8746	DIMT1	ENSG00000086189	hsa-miR-8056	MIMAT0030983	0.838923708978291
8747	MSS51	ENSG00000166343	hsa-miR-4685-5p	MIMAT0019771	0.83890706213699
8748	AC090360.1	ENSG00000267127	hsa-miR-765	MIMAT0003945	0.838872787294869
8749	ZCWPW2	ENSG00000206559	hsa-miR-1252-3p	MIMAT0026744	0.838864519492712
8750	ZNF780B	ENSG00000128000	hsa-miR-1252-3p	MIMAT0026744	0.838858825740296
8751	CDC73	ENSG00000134371	hsa-miR-183-5p	MIMAT0000261	0.838822729743003
8752	PTGIR	ENSG00000160013	hsa-miR-4685-5p	MIMAT0019771	0.838758461882029
8753	ANKRD33B	ENSG00000164236	hsa-miR-21-5p	MIMAT0000076	0.838737626916962
8754	MT2A	ENSG00000125148	hsa-miR-4292	MIMAT0016919	0.838710305386487
8755	RAB21	ENSG00000080371	hsa-miR-6127	MIMAT0024610	0.838694301655567
8756	DEFB132	ENSG00000186458	hsa-miR-4292	MIMAT0016919	0.838693622269442
8757	BCL11B	ENSG00000127152	hsa-miR-21-5p	MIMAT0000076	0.838683683097947
8758	YME1L1	ENSG00000136758	hsa-miR-6127	MIMAT0024610	0.8386731119287
8759	KHNYN	ENSG00000100441	hsa-miR-6758-5p	MIMAT0027416	0.838670326485442
8760	COQ9	ENSG00000088682	hsa-miR-4695-5p	MIMAT0019788	0.838666747735376
8761	COL1A2	ENSG00000164692	hsa-miR-1252-3p	MIMAT0026744	0.838660985874286
8762	LNPEP	ENSG00000113441	hsa-miR-4465	MIMAT0018992	0.838648645047999
8763	LRRC55	ENSG00000183908	hsa-miR-6783-5p	MIMAT0027466	0.83862662204709
8764	SCAMP5	ENSG00000198794	hsa-miR-940	MIMAT0004983	0.838614236417268
8765	CRIPT	ENSG00000119878	hsa-miR-4695-5p	MIMAT0019788	0.838607150863917
8766	TMEM59	ENSG00000116209	hsa-miR-1252-3p	MIMAT0026744	0.838593271947564
8767	KCTD20	ENSG00000112078	hsa-miR-4446-3p	MIMAT0018965	0.838585524509187
8768	NCK2	ENSG00000071051	hsa-miR-183-5p	MIMAT0000261	0.83858229123887
8769	DEFB4A	ENSG00000171711	hsa-miR-6127	MIMAT0024610	0.838579011222297
8770	SEC16A	ENSG00000148396	hsa-miR-7157-3p	MIMAT0028225	0.8385772563667
8771	TOX	ENSG00000198846	hsa-miR-1252-3p	MIMAT0026744	0.8385356500542
8772	FKBP4	ENSG00000004478	hsa-miR-6783-5p	MIMAT0027466	0.838523832957491
8773	ZNF713	ENSG00000178665	hsa-miR-224-5p	MIMAT0000281	0.838502398731782
8774	AP2A1	ENSG00000196961	hsa-miR-7157-3p	MIMAT0028225	0.838482046725166
8775	EIF3E	ENSG00000104408	hsa-miR-21-5p	MIMAT0000076	0.838478685848604
8776	MCHR2	ENSG00000152034	hsa-miR-661	MIMAT0003324	0.838474562550832
8777	EXOSC3	ENSG00000107371	hsa-miR-4695-5p	MIMAT0019788	0.83842939094844
8778	AC090360.1	ENSG00000267127	hsa-miR-4292	MIMAT0016919	0.838426278387223
8779	GTSF1	ENSG00000170627	hsa-miR-1252-3p	MIMAT0026744	0.838409010026063
8780	CASK	ENSG00000147044	hsa-miR-4446-3p	MIMAT0018965	0.838392272876762
8781	FRMPD3	ENSG00000147234	hsa-miR-765	MIMAT0003945	0.838369349069222
8782	SSTR2	ENSG00000180616	hsa-miR-661	MIMAT0003324	0.838359251877877
8783	AHCYL2	ENSG00000158467	hsa-miR-940	MIMAT0004983	0.838349389700906
8784	AATK	ENSG00000181409	hsa-miR-661	MIMAT0003324	0.838348046721543
8785	CELF1	ENSG00000149187	hsa-miR-940	MIMAT0004983	0.83834691876712
8786	TENT5C	ENSG00000183508	hsa-miR-940	MIMAT0004983	0.838337206637751
8787	STAMBP	ENSG00000124356	hsa-miR-6758-5p	MIMAT0027416	0.838326270168442
8788	ZNF705D	ENSG00000215343	hsa-miR-224-5p	MIMAT0000281	0.838321901792068
8789	DIS3	ENSG00000083520	hsa-miR-4465	MIMAT0018992	0.838282364107116
8790	TMEM272	ENSG00000281106	hsa-miR-6758-5p	MIMAT0027416	0.838273102389164
8791	ZNF704	ENSG00000164684	hsa-miR-7157-3p	MIMAT0028225	0.838238207287161
8792	GALNT5	ENSG00000136542	hsa-miR-1252-3p	MIMAT0026744	0.838193747372545
8793	NFATC4	ENSG00000100968	hsa-miR-4695-5p	MIMAT0019788	0.838189087816645
8794	FBXO42	ENSG00000037637	hsa-miR-1252-3p	MIMAT0026744	0.838173667033674
8795	LONRF2	ENSG00000170500	hsa-miR-7157-3p	MIMAT0028225	0.838155046566938
8796	NOL4L	ENSG00000197183	hsa-miR-940	MIMAT0004983	0.838126028220241
8797	C7orf33	ENSG00000170279	hsa-miR-130a-5p	MIMAT0004593	0.838104046109795
8798	PTPDC1	ENSG00000158079	hsa-miR-183-5p	MIMAT0000261	0.838075705308423
8799	P2RX5-TAX1BP3	ENSG00000257950	hsa-miR-7855-5p	MIMAT0030430	0.838068204953951
8800	AIF1L	ENSG00000126878	hsa-miR-1252-3p	MIMAT0026744	0.838057988091266
8801	P2RX2	ENSG00000187848	hsa-miR-4687-3p	MIMAT0019775	0.838044854902004
8802	CLCF1	ENSG00000175505	hsa-miR-4446-3p	MIMAT0018965	0.838040198426898
8803	SMAD2	ENSG00000175387	hsa-miR-7157-3p	MIMAT0028225	0.838031807172209
8804	GLI3	ENSG00000106571	hsa-miR-940	MIMAT0004983	0.837999603979019
8805	PCK1	ENSG00000124253	hsa-miR-4465	MIMAT0018992	0.837973970953657
8806	EFR3B	ENSG00000084710	hsa-miR-661	MIMAT0003324	0.837972872752269
8807	KIAA1958	ENSG00000165185	hsa-miR-940	MIMAT0004983	0.83797283589081
8808	RGP1	ENSG00000107185	hsa-miR-4695-5p	MIMAT0019788	0.8379722806332
8809	NCBP2	ENSG00000114503	hsa-miR-1252-3p	MIMAT0026744	0.837956864534798
8810	POGLUT1	ENSG00000163389	hsa-miR-6758-5p	MIMAT0027416	0.837942763137011
8811	MYLK4	ENSG00000145949	hsa-miR-183-5p	MIMAT0000261	0.837931255474042
8812	GPR12	ENSG00000132975	hsa-miR-3682-5p	MIMAT0019222	0.837912774114824
8813	FAXC	ENSG00000146267	hsa-miR-1252-3p	MIMAT0026744	0.837909382812845
8814	DSTYK	ENSG00000133059	hsa-miR-6758-5p	MIMAT0027416	0.837909248530099
8815	LRRK2	ENSG00000188906	hsa-miR-1911-5p	MIMAT0007885	0.837879520843239
8816	C9orf152	ENSG00000188959	hsa-miR-940	MIMAT0004983	0.837878781561577
8817	TMEM95	ENSG00000182896	hsa-miR-661	MIMAT0003324	0.837869145155679
8818	USP53	ENSG00000145390	hsa-miR-1252-3p	MIMAT0026744	0.837868173653473
8819	MUC16	ENSG00000181143	hsa-miR-6127	MIMAT0024610	0.837865536384565
8820	RWDD2A	ENSG00000013392	hsa-miR-1252-3p	MIMAT0026744	0.837804209881141
8821	CYB5A	ENSG00000166347	hsa-miR-940	MIMAT0004983	0.83775167899155
8822	CCL4L2	ENSG00000276070	hsa-miR-765	MIMAT0003945	0.837739683546537
8823	ST6GALNAC5	ENSG00000117069	hsa-miR-940	MIMAT0004983	0.837726087941524
8824	ZNF644	ENSG00000122482	hsa-miR-4458	MIMAT0018980	0.83771926512274
8825	CNTNAP2	ENSG00000174469	hsa-miR-6822-3p	MIMAT0027545	0.837716012511944
8826	TRPC3	ENSG00000138741	hsa-miR-1252-3p	MIMAT0026744	0.837708967790467
8827	PTTG1IP	ENSG00000183255	hsa-miR-4446-3p	MIMAT0018965	0.837669543920738
8828	AQP1	ENSG00000240583	hsa-miR-1252-3p	MIMAT0026744	0.837666629214972
8829	RNF122	ENSG00000133874	hsa-miR-4695-5p	MIMAT0019788	0.83766298068399
8830	AC235565.2	ENSG00000284800	hsa-miR-5008-5p	MIMAT0021039	0.837646950252758
8831	SEMA4D	ENSG00000187764	hsa-miR-6758-5p	MIMAT0027416	0.837633555477632
8832	MSI1	ENSG00000135097	hsa-miR-130a-5p	MIMAT0004593	0.837629607545287
8833	KRTAP5-5	ENSG00000185940	hsa-miR-4685-5p	MIMAT0019771	0.837627184638126
8834	ACOT11	ENSG00000162390	hsa-miR-8056	MIMAT0030983	0.837625149182354
8835	GPR63	ENSG00000112218	hsa-miR-4458	MIMAT0018980	0.837624042622725
8836	CATSPER2	ENSG00000166762	hsa-miR-92a-1-5p	MIMAT0004507	0.837622446528441
8837	PPP1R13L	ENSG00000104881	hsa-miR-4804-5p	MIMAT0019984	0.837602511584665
8838	DDX10	ENSG00000178105	hsa-miR-1252-3p	MIMAT0026744	0.837602283545169
8839	FRRS1L	ENSG00000260230	hsa-miR-765	MIMAT0003945	0.837601769028873
8840	SMARCD3	ENSG00000082014	hsa-miR-4446-3p	MIMAT0018965	0.837599907954246
8841	XKR7	ENSG00000260903	hsa-miR-940	MIMAT0004983	0.837588371734751
8842	RBM27	ENSG00000091009	hsa-miR-625-3p	MIMAT0004808	0.837577533411065
8843	FBXO27	ENSG00000161243	hsa-miR-765	MIMAT0003945	0.83756745045647
8844	NPR3	ENSG00000113389	hsa-miR-4687-3p	MIMAT0019775	0.837564470379933
8845	CST9	ENSG00000173335	hsa-miR-4685-5p	MIMAT0019771	0.837561927092757
8846	CPNE3	ENSG00000085719	hsa-miR-183-5p	MIMAT0000261	0.837554845141065
8847	FMN1	ENSG00000248905	hsa-miR-1252-3p	MIMAT0026744	0.837551504763456
8848	ZNF783	ENSG00000204946	hsa-miR-4685-5p	MIMAT0019771	0.83753833008574
8849	SHPRH	ENSG00000146414	hsa-miR-661	MIMAT0003324	0.837535081027281
8850	GTDC1	ENSG00000121964	hsa-miR-4292	MIMAT0016919	0.837529650689804
8851	IGLON5	ENSG00000142549	hsa-miR-4685-5p	MIMAT0019771	0.837511076768059
8852	SLC6A15	ENSG00000072041	hsa-miR-4465	MIMAT0018992	0.837490015148356
8853	CSF1	ENSG00000184371	hsa-miR-940	MIMAT0004983	0.837488882409671
8854	RAD9B	ENSG00000151164	hsa-miR-4687-3p	MIMAT0019775	0.837474869912942
8855	KCNA5	ENSG00000130037	hsa-miR-765	MIMAT0003945	0.837470859068872
8856	ARL10	ENSG00000175414	hsa-miR-4695-5p	MIMAT0019788	0.837466484192648
8857	FAM155B	ENSG00000130054	hsa-miR-4292	MIMAT0016919	0.837461679040797
8858	WDTC1	ENSG00000142784	hsa-miR-940	MIMAT0004983	0.837438833033409
8859	FAM163A	ENSG00000143340	hsa-miR-4685-5p	MIMAT0019771	0.837421286346709
8860	ASXL1	ENSG00000171456	hsa-miR-657	MIMAT0003335	0.837416333255998
8861	AC107871.1	ENSG00000260007	hsa-miR-6783-5p	MIMAT0027466	0.83740094388934
8862	NSD1	ENSG00000165671	hsa-miR-1252-3p	MIMAT0026744	0.837400131832598
8863	NOVA1	ENSG00000139910	hsa-miR-6758-5p	MIMAT0027416	0.837399524756681
8864	BORCS8	ENSG00000254901	hsa-miR-4685-5p	MIMAT0019771	0.837382704614613
8865	MSI1	ENSG00000135097	hsa-miR-4446-3p	MIMAT0018965	0.837374996857146
8866	PTPRE	ENSG00000132334	hsa-miR-940	MIMAT0004983	0.837372009116777
8867	SNED1	ENSG00000162804	hsa-miR-6783-5p	MIMAT0027466	0.837371306760274
8868	NEIL2	ENSG00000154328	hsa-miR-6127	MIMAT0024610	0.837355976486723
8869	FCRL3	ENSG00000160856	hsa-miR-4687-3p	MIMAT0019775	0.837339013639364
8870	TM2D2	ENSG00000169490	hsa-miR-940	MIMAT0004983	0.837329191461276
8871	PDE4DIP	ENSG00000178104	hsa-miR-1252-3p	MIMAT0026744	0.837325140400216
8872	DCAF10	ENSG00000122741	hsa-miR-1252-3p	MIMAT0026744	0.83730774381939
8873	PTER	ENSG00000165983	hsa-miR-4465	MIMAT0018992	0.837285839313291
8874	CBL	ENSG00000110395	hsa-miR-6783-5p	MIMAT0027466	0.837277943981296
8875	KLRC4-KLRK1	ENSG00000255819	hsa-miR-6758-5p	MIMAT0027416	0.837275916871886
8876	ERVFRD-1	ENSG00000244476	hsa-miR-8056	MIMAT0030983	0.837274839670537
8877	AMOTL1	ENSG00000166025	hsa-miR-765	MIMAT0003945	0.837270246727642
8878	ITGA3	ENSG00000005884	hsa-miR-940	MIMAT0004983	0.837225635567687
8879	SENP3-EIF4A1	ENSG00000277957	hsa-miR-224-5p	MIMAT0000281	0.837210478386797
8880	USP14	ENSG00000101557	hsa-miR-940	MIMAT0004983	0.837205428117467
8881	BNC2	ENSG00000173068	hsa-miR-130a-5p	MIMAT0004593	0.83720464065586
8882	MTDH	ENSG00000147649	hsa-miR-4695-5p	MIMAT0019788	0.83720107792985
8883	MON2	ENSG00000061987	hsa-miR-4695-5p	MIMAT0019788	0.83719488260466
8884	TUFT1	ENSG00000143367	hsa-miR-4446-3p	MIMAT0018965	0.837193937296362
8885	CCDC32	ENSG00000128891	hsa-miR-4446-3p	MIMAT0018965	0.837193817824982
8886	ZBTB38	ENSG00000177311	hsa-miR-661	MIMAT0003324	0.837189482498079
8887	EZH2	ENSG00000106462	hsa-miR-940	MIMAT0004983	0.837184647868391
8888	GPX8	ENSG00000164294	hsa-miR-1252-3p	MIMAT0026744	0.837169779388069
8889	B4GALNT2	ENSG00000167080	hsa-miR-7157-3p	MIMAT0028225	0.837165315487372
8890	KNSTRN	ENSG00000128944	hsa-miR-92a-1-5p	MIMAT0004507	0.83715642387654
8891	SHOX2	ENSG00000168779	hsa-miR-130a-5p	MIMAT0004593	0.837150694888482
8892	PPP1R1A	ENSG00000135447	hsa-miR-7157-3p	MIMAT0028225	0.83714659926713
8893	TCF20	ENSG00000100207	hsa-miR-7157-3p	MIMAT0028225	0.837136058517994
8894	SLX4IP	ENSG00000149346	hsa-miR-4292	MIMAT0016919	0.837135595697666
8895	TNFAIP1	ENSG00000109079	hsa-miR-4446-3p	MIMAT0018965	0.837133907467844
8896	TIAL1	ENSG00000151923	hsa-miR-130a-5p	MIMAT0004593	0.837131207590133
8897	ADGRF3	ENSG00000173567	hsa-miR-1252-3p	MIMAT0026744	0.837123006439089
8898	MAP3K1	ENSG00000095015	hsa-miR-21-5p	MIMAT0000076	0.837118747164999
8899	MBOAT1	ENSG00000172197	hsa-miR-4685-5p	MIMAT0019771	0.837108595725215
8900	KCNJ5	ENSG00000120457	hsa-miR-661	MIMAT0003324	0.837105714706845
8901	DNAJB14	ENSG00000164031	hsa-miR-1252-3p	MIMAT0026744	0.837096675542679
8902	MACIR	ENSG00000181751	hsa-miR-4685-5p	MIMAT0019771	0.837084018675264
8903	CUX1	ENSG00000257923	hsa-miR-7157-3p	MIMAT0028225	0.837076196901986
8904	SRGAP1	ENSG00000196935	hsa-miR-21-5p	MIMAT0000076	0.837043541343952
8905	PAX2	ENSG00000075891	hsa-miR-130a-5p	MIMAT0004593	0.837035456977926
8906	ERBIN	ENSG00000112851	hsa-miR-4292	MIMAT0016919	0.83703522305282
8907	AP003071.5	ENSG00000287725	hsa-miR-7157-3p	MIMAT0028225	0.837021617287468
8908	PTPRD	ENSG00000153707	hsa-miR-183-5p	MIMAT0000261	0.83701874155524
8909	NBPF9	ENSG00000269713	hsa-miR-1252-3p	MIMAT0026744	0.836996616401741
8910	RAB9B	ENSG00000123570	hsa-miR-5008-5p	MIMAT0021039	0.83699122147936
8911	ARHGAP29	ENSG00000137962	hsa-miR-6783-5p	MIMAT0027466	0.836954111320794
8912	ARSB	ENSG00000113273	hsa-miR-940	MIMAT0004983	0.836949328234298
8913	SMIM19	ENSG00000176209	hsa-miR-3682-5p	MIMAT0019222	0.836936433577809
8914	VSIG4	ENSG00000155659	hsa-miR-4685-5p	MIMAT0019771	0.836931366105365
8915	DLX3	ENSG00000064195	hsa-miR-4695-5p	MIMAT0019788	0.836912136976287
8916	GPR135	ENSG00000181619	hsa-miR-3682-5p	MIMAT0019222	0.836882456194541
8917	CLEC4F	ENSG00000152672	hsa-miR-940	MIMAT0004983	0.836881774372304
8918	C1QTNF9	ENSG00000240654	hsa-miR-765	MIMAT0003945	0.836871465403998
8919	NAV2	ENSG00000166833	hsa-miR-130a-5p	MIMAT0004593	0.836870184243851
8920	DCP1A	ENSG00000272886	hsa-miR-5008-5p	MIMAT0021039	0.836851846490113
8921	STARD8	ENSG00000130052	hsa-miR-661	MIMAT0003324	0.836850097304915
8922	NOL12	ENSG00000273899	hsa-miR-4292	MIMAT0016919	0.836849029988409
8923	PRH2	ENSG00000134551	hsa-miR-224-5p	MIMAT0000281	0.836847453983315
8924	CYP1A2	ENSG00000140505	hsa-miR-940	MIMAT0004983	0.836833434094708
8925	FEM1A	ENSG00000141965	hsa-miR-4695-5p	MIMAT0019788	0.83683079760995
8926	RPL11	ENSG00000142676	hsa-miR-6822-3p	MIMAT0027545	0.83683028728721
8927	SMYD4	ENSG00000186532	hsa-miR-4695-5p	MIMAT0019788	0.836809193884203
8928	DNAAF6	ENSG00000080572	hsa-miR-4465	MIMAT0018992	0.836802534033405
8929	AP3B2	ENSG00000103723	hsa-miR-661	MIMAT0003324	0.836798847550584
8930	SRGAP3	ENSG00000196220	hsa-miR-661	MIMAT0003324	0.836795106296268
8931	NHEJ1	ENSG00000187736	hsa-miR-4687-3p	MIMAT0019775	0.836793695250807
8932	STRN	ENSG00000115808	hsa-miR-625-3p	MIMAT0004808	0.836759517717766
8933	CRACDL	ENSG00000196872	hsa-miR-4687-3p	MIMAT0019775	0.836755324114781
8934	TMC5	ENSG00000103534	hsa-miR-657	MIMAT0003335	0.836747228591844
8935	GSDMA	ENSG00000167914	hsa-miR-92a-1-5p	MIMAT0004507	0.836736520519249
8936	H6PD	ENSG00000049239	hsa-miR-765	MIMAT0003945	0.836724944829087
8937	NEXMIF	ENSG00000050030	hsa-miR-130a-5p	MIMAT0004593	0.836701719224322
8938	LRPAP1	ENSG00000163956	hsa-miR-1252-3p	MIMAT0026744	0.836676941126279
8939	GXYLT1	ENSG00000151233	hsa-miR-1911-5p	MIMAT0007885	0.836630730159697
8940	ARPC1B	ENSG00000130429	hsa-miR-6127	MIMAT0024610	0.836618097984205
8941	ENAH	ENSG00000154380	hsa-miR-21-5p	MIMAT0000076	0.836616245843556
8942	PANK1	ENSG00000152782	hsa-miR-1252-3p	MIMAT0026744	0.836614892669856
8943	SLC35E2B	ENSG00000189339	hsa-miR-4695-5p	MIMAT0019788	0.836591912598597
8944	AMOTL1	ENSG00000166025	hsa-miR-4695-5p	MIMAT0019788	0.836574116111819
8945	EFCAB2	ENSG00000203666	hsa-miR-7855-5p	MIMAT0030430	0.836517383048561
8946	PCDH9	ENSG00000184226	hsa-miR-4465	MIMAT0018992	0.836508788178091
8947	GPR179	ENSG00000277399	hsa-miR-6758-5p	MIMAT0027416	0.83648502806381
8948	MTDH	ENSG00000147649	hsa-miR-1252-3p	MIMAT0026744	0.836478812063974
8949	SLC17A8	ENSG00000179520	hsa-miR-130a-5p	MIMAT0004593	0.836478557367436
8950	MKX	ENSG00000150051	hsa-miR-183-5p	MIMAT0000261	0.836467565884669
8951	NLGN1	ENSG00000169760	hsa-miR-130a-5p	MIMAT0004593	0.836466292708852
8952	NSL1	ENSG00000117697	hsa-miR-4458	MIMAT0018980	0.836459510183498
8953	KIAA1958	ENSG00000165185	hsa-miR-1252-3p	MIMAT0026744	0.836451975978245
8954	TTL	ENSG00000114999	hsa-miR-4695-5p	MIMAT0019788	0.836441004238121
8955	RCOR1	ENSG00000089902	hsa-miR-1252-3p	MIMAT0026744	0.836440464039348
8956	ARHGEF6	ENSG00000129675	hsa-miR-7157-3p	MIMAT0028225	0.836425177195911
8957	PKP4	ENSG00000144283	hsa-miR-130a-5p	MIMAT0004593	0.836385349313564
8958	RAP1B	ENSG00000127314	hsa-miR-940	MIMAT0004983	0.836384901705655
8959	SATB1	ENSG00000182568	hsa-miR-21-5p	MIMAT0000076	0.836382388299407
8960	QSER1	ENSG00000060749	hsa-miR-657	MIMAT0003335	0.83637177911884
8961	ZFP3	ENSG00000180787	hsa-miR-6783-5p	MIMAT0027466	0.83635878395387
8962	FNBP1L	ENSG00000137942	hsa-miR-1252-3p	MIMAT0026744	0.836350711075299
8963	BRINP2	ENSG00000198797	hsa-miR-4695-5p	MIMAT0019788	0.836346574528478
8964	PLCB4	ENSG00000101333	hsa-miR-183-5p	MIMAT0000261	0.836337825285474
8965	OR4D10	ENSG00000254466	hsa-miR-21-5p	MIMAT0000076	0.836327650338591
8966	KDM6A	ENSG00000147050	hsa-miR-657	MIMAT0003335	0.836314044941101
8967	RTF1	ENSG00000137815	hsa-miR-4465	MIMAT0018992	0.836276183390659
8968	HSPA8	ENSG00000109971	hsa-miR-4465	MIMAT0018992	0.836268963474101
8969	NR6A1	ENSG00000148200	hsa-miR-1252-3p	MIMAT0026744	0.836262149262867
8970	WDHD1	ENSG00000198554	hsa-miR-1252-3p	MIMAT0026744	0.83626092927279
8971	CFAP92	ENSG00000114656	hsa-miR-661	MIMAT0003324	0.836259561406423
8972	MECOM	ENSG00000085276	hsa-miR-130a-5p	MIMAT0004593	0.836247002880344
8973	RBFOX2	ENSG00000100320	hsa-miR-625-3p	MIMAT0004808	0.836240326369105
8974	CCDC148	ENSG00000153237	hsa-miR-130a-5p	MIMAT0004593	0.836218143123471
8975	SUZ12	ENSG00000178691	hsa-miR-21-5p	MIMAT0000076	0.836211023004546
8976	FNDC5	ENSG00000160097	hsa-miR-6758-5p	MIMAT0027416	0.836186933855699
8977	BUB3	ENSG00000154473	hsa-miR-1252-3p	MIMAT0026744	0.836163122456449
8978	DLGAP4	ENSG00000080845	hsa-miR-4446-3p	MIMAT0018965	0.836158621551503
8979	SKAP2	ENSG00000005020	hsa-miR-4695-5p	MIMAT0019788	0.836158119222638
8980	CDH16	ENSG00000166589	hsa-miR-6822-3p	MIMAT0027545	0.836126811094971
8981	UTP15	ENSG00000164338	hsa-miR-4695-5p	MIMAT0019788	0.836101393278317
8982	AP5B1	ENSG00000254470	hsa-miR-4685-5p	MIMAT0019771	0.836096068370242
8983	KLHL28	ENSG00000179454	hsa-miR-3682-5p	MIMAT0019222	0.836094883581761
8984	MPL	ENSG00000117400	hsa-miR-6783-5p	MIMAT0027466	0.836062360104092
8985	HOXA9	ENSG00000078399	hsa-miR-4465	MIMAT0018992	0.836051866866398
8986	CENPB	ENSG00000125817	hsa-miR-4695-5p	MIMAT0019788	0.836049412429176
8987	PURB	ENSG00000146676	hsa-miR-940	MIMAT0004983	0.836027125952408
8988	TSPAN9	ENSG00000011105	hsa-miR-940	MIMAT0004983	0.836016718325861
8989	ADD2	ENSG00000075340	hsa-miR-6758-5p	MIMAT0027416	0.836015190793225
8990	RAB42	ENSG00000188060	hsa-miR-6783-5p	MIMAT0027466	0.836008033721207
8991	MS4A6A	ENSG00000110077	hsa-miR-940	MIMAT0004983	0.836006490281965
8992	LRRC57	ENSG00000180979	hsa-miR-4458	MIMAT0018980	0.835982997143447
8993	PRLR	ENSG00000113494	hsa-miR-183-5p	MIMAT0000261	0.835981374070362
8994	STX12	ENSG00000117758	hsa-miR-1252-3p	MIMAT0026744	0.835976638265249
8995	CHFR	ENSG00000072609	hsa-miR-4465	MIMAT0018992	0.835962640901541
8996	GPRIN3	ENSG00000185477	hsa-miR-4465	MIMAT0018992	0.835957232554231
8997	SNX33	ENSG00000173548	hsa-miR-4292	MIMAT0016919	0.835949667362877
8998	ARHGEF33	ENSG00000214694	hsa-miR-661	MIMAT0003324	0.835941173837024
8999	CES3	ENSG00000172828	hsa-miR-4446-3p	MIMAT0018965	0.835935980936222
9000	ZNF827	ENSG00000151612	hsa-miR-657	MIMAT0003335	0.835927330523208
9001	ING3	ENSG00000071243	hsa-miR-1252-3p	MIMAT0026744	0.835906581905016
9002	ZNF207	ENSG00000010244	hsa-miR-4446-3p	MIMAT0018965	0.835902970239065
9003	GOLGA7	ENSG00000147533	hsa-miR-6783-5p	MIMAT0027466	0.835891449153244
9004	DGCR8	ENSG00000128191	hsa-miR-4695-5p	MIMAT0019788	0.8358710339561
9005	RELCH	ENSG00000134444	hsa-miR-3682-5p	MIMAT0019222	0.83586505526965
9006	THAP2	ENSG00000173451	hsa-miR-1252-3p	MIMAT0026744	0.835861736553588
9007	VASH2	ENSG00000143494	hsa-miR-7855-5p	MIMAT0030430	0.835856128761611
9008	ALG11	ENSG00000253710	hsa-miR-1252-3p	MIMAT0026744	0.835849227065604
9009	ZNF587	ENSG00000198466	hsa-miR-940	MIMAT0004983	0.83582180157209
9010	MC1R	ENSG00000258839	hsa-miR-4685-5p	MIMAT0019771	0.835806061663384
9011	FYB2	ENSG00000187889	hsa-miR-1252-3p	MIMAT0026744	0.835801813506744
9012	AMIGO2	ENSG00000139211	hsa-miR-183-5p	MIMAT0000261	0.835767806071649
9013	TRAF6	ENSG00000175104	hsa-miR-940	MIMAT0004983	0.835767661027568
9014	TET1	ENSG00000138336	hsa-miR-183-5p	MIMAT0000261	0.835743702127878
9015	SUN1	ENSG00000164828	hsa-miR-7855-5p	MIMAT0030430	0.835698153091128
9016	FOXP1	ENSG00000114861	hsa-miR-1252-3p	MIMAT0026744	0.835661089678672
9017	EFHC1	ENSG00000096093	hsa-miR-4695-5p	MIMAT0019788	0.83565745333767
9018	SP140	ENSG00000079263	hsa-miR-4695-5p	MIMAT0019788	0.835653772832939
9019	TRAPPC2L	ENSG00000167515	hsa-miR-4685-5p	MIMAT0019771	0.835626662432752
9020	PGAP3	ENSG00000161395	hsa-miR-4685-5p	MIMAT0019771	0.835612366819441
9021	ACTL6B	ENSG00000077080	hsa-miR-3682-5p	MIMAT0019222	0.835603463041463
9022	SPCS3	ENSG00000129128	hsa-miR-4458	MIMAT0018980	0.835584954125244
9023	N4BP2L2	ENSG00000244754	hsa-miR-130a-5p	MIMAT0004593	0.835563504529288
9024	BLZF1	ENSG00000117475	hsa-miR-6822-3p	MIMAT0027545	0.835534804272697
9025	ZBTB20	ENSG00000181722	hsa-miR-4446-3p	MIMAT0018965	0.835534151130549
9026	NCSTN	ENSG00000162736	hsa-miR-6127	MIMAT0024610	0.835532280350883
9027	SHANK3	ENSG00000251322	hsa-miR-4685-5p	MIMAT0019771	0.83552813000602
9028	PCDH15	ENSG00000150275	hsa-miR-1252-3p	MIMAT0026744	0.835519568161909
9029	PDE1B	ENSG00000123360	hsa-miR-4685-5p	MIMAT0019771	0.835503736340973
9030	INPP5F	ENSG00000198825	hsa-miR-183-5p	MIMAT0000261	0.835485717991364
9031	KLRG1	ENSG00000139187	hsa-miR-5008-5p	MIMAT0021039	0.835472216972873
9032	SPTBN5	ENSG00000137877	hsa-miR-4687-3p	MIMAT0019775	0.835451334991384
9033	TRPC3	ENSG00000138741	hsa-miR-224-5p	MIMAT0000281	0.835440312382478
9034	TRMT5	ENSG00000126814	hsa-miR-7855-5p	MIMAT0030430	0.835426021549884
9035	ANKS4B	ENSG00000175311	hsa-miR-661	MIMAT0003324	0.835388797147449
9036	APOBEC3C	ENSG00000244509	hsa-miR-4695-5p	MIMAT0019788	0.835383206194167
9037	FAIM2	ENSG00000135472	hsa-miR-4695-5p	MIMAT0019788	0.835381376311192
9038	RC3H1	ENSG00000135870	hsa-miR-4695-5p	MIMAT0019788	0.835314090626929
9039	MAP2	ENSG00000078018	hsa-miR-4465	MIMAT0018992	0.835313021792941
9040	SRSF12	ENSG00000154548	hsa-miR-183-5p	MIMAT0000261	0.835305112863428
9041	AC068946.1	ENSG00000280537	hsa-miR-6127	MIMAT0024610	0.835303333059856
9042	POLE	ENSG00000177084	hsa-miR-4458	MIMAT0018980	0.835295511363835
9043	PSEN1	ENSG00000080815	hsa-miR-224-5p	MIMAT0000281	0.835283045853156
9044	PIGV	ENSG00000060642	hsa-miR-4685-5p	MIMAT0019771	0.835280512400804
9045	WEE2	ENSG00000214102	hsa-miR-7855-5p	MIMAT0030430	0.835270775353107
9046	PARD6B	ENSG00000124171	hsa-miR-6758-5p	MIMAT0027416	0.835261939689316
9047	SLC24A4	ENSG00000140090	hsa-miR-765	MIMAT0003945	0.835260884579799
9048	FRRS1L	ENSG00000260230	hsa-miR-7157-3p	MIMAT0028225	0.835259302419213
9049	ARHGEF9	ENSG00000131089	hsa-miR-6758-5p	MIMAT0027416	0.835254459965032
9050	FGFR1OP2	ENSG00000111790	hsa-miR-4465	MIMAT0018992	0.83524864885334
9051	NRAS	ENSG00000213281	hsa-miR-4458	MIMAT0018980	0.835237151243577
9052	CCDC127	ENSG00000164366	hsa-miR-940	MIMAT0004983	0.835223444101716
9053	HECTD1	ENSG00000092148	hsa-miR-3682-5p	MIMAT0019222	0.835222481808377
9054	AGO2	ENSG00000123908	hsa-miR-6758-5p	MIMAT0027416	0.835212651235151
9055	LYRM7	ENSG00000186687	hsa-miR-183-5p	MIMAT0000261	0.835191625382576
9056	KCTD20	ENSG00000112078	hsa-miR-6783-5p	MIMAT0027466	0.835184848548218
9057	LRRC10B	ENSG00000204950	hsa-miR-5008-5p	MIMAT0021039	0.835175341381392
9058	PLPP4	ENSG00000203805	hsa-miR-4685-5p	MIMAT0019771	0.835158923859316
9059	UNC119B	ENSG00000175970	hsa-miR-6783-5p	MIMAT0027466	0.835152995869643
9060	MTA1	ENSG00000182979	hsa-miR-183-5p	MIMAT0000261	0.835151211763216
9061	PUS7L	ENSG00000129317	hsa-miR-4458	MIMAT0018980	0.835127476819778
9062	SLC17A7	ENSG00000104888	hsa-miR-6127	MIMAT0024610	0.835122900136132
9063	SYNDIG1L	ENSG00000183379	hsa-miR-661	MIMAT0003324	0.835115568351484
9064	RNF144A	ENSG00000151692	hsa-miR-130a-5p	MIMAT0004593	0.83509683137014
9065	REV1	ENSG00000135945	hsa-miR-183-5p	MIMAT0000261	0.835085683756175
9066	MGME1	ENSG00000125871	hsa-miR-4685-5p	MIMAT0019771	0.835066463483114
9067	ZFHX2	ENSG00000136367	hsa-miR-6127	MIMAT0024610	0.835063003314196
9068	PLCD3	ENSG00000161714	hsa-miR-4695-5p	MIMAT0019788	0.835059862929022
9069	AMOT	ENSG00000126016	hsa-miR-7157-3p	MIMAT0028225	0.835057687460836
9070	PTPN18	ENSG00000072135	hsa-miR-4446-3p	MIMAT0018965	0.835043389733317
9071	CEP63	ENSG00000182923	hsa-miR-130a-5p	MIMAT0004593	0.835028487005618
9072	SEMA4F	ENSG00000135622	hsa-miR-4695-5p	MIMAT0019788	0.83502395399855
9073	KHDRBS2	ENSG00000112232	hsa-miR-183-5p	MIMAT0000261	0.83500806812953
9074	DDX42	ENSG00000198231	hsa-miR-661	MIMAT0003324	0.834977838152737
9075	ATP2B2	ENSG00000157087	hsa-miR-6127	MIMAT0024610	0.834974436058749
9076	SLC35E3	ENSG00000175782	hsa-miR-940	MIMAT0004983	0.83496282828358
9077	KLHL21	ENSG00000162413	hsa-miR-4695-5p	MIMAT0019788	0.83495148981034
9078	PDCD7	ENSG00000090470	hsa-miR-224-5p	MIMAT0000281	0.834947903452178
9079	HGF	ENSG00000019991	hsa-miR-1252-3p	MIMAT0026744	0.834945580491966
9080	ARHGEF26	ENSG00000114790	hsa-miR-940	MIMAT0004983	0.834936714789932
9081	RGS21	ENSG00000253148	hsa-miR-1252-3p	MIMAT0026744	0.834931541141701
9082	RBM28	ENSG00000106344	hsa-miR-6758-5p	MIMAT0027416	0.834928178118719
9083	BRCA1	ENSG00000012048	hsa-miR-224-5p	MIMAT0000281	0.834884048259317
9084	IKZF5	ENSG00000095574	hsa-miR-183-5p	MIMAT0000261	0.834880494509908
9085	HTR2C	ENSG00000147246	hsa-miR-92a-1-5p	MIMAT0004507	0.834840841834634
9086	SON	ENSG00000159140	hsa-miR-130a-5p	MIMAT0004593	0.834828238754546
9087	ST8SIA5	ENSG00000101638	hsa-miR-940	MIMAT0004983	0.834827045847432
9088	TAF12	ENSG00000120656	hsa-miR-4465	MIMAT0018992	0.834822442027149
9089	GLYR1	ENSG00000140632	hsa-miR-7157-3p	MIMAT0028225	0.834813947805255
9090	MRRF	ENSG00000148187	hsa-miR-7157-3p	MIMAT0028225	0.834783932823463
9091	TTC39B	ENSG00000155158	hsa-miR-1252-3p	MIMAT0026744	0.834774942354485
9092	AEBP2	ENSG00000139154	hsa-miR-1252-3p	MIMAT0026744	0.834758166055954
9093	CERS2	ENSG00000143418	hsa-miR-6127	MIMAT0024610	0.834756836651992
9094	FBXO48	ENSG00000204923	hsa-miR-6758-5p	MIMAT0027416	0.834747362764725
9095	VSTM4	ENSG00000165633	hsa-miR-6758-5p	MIMAT0027416	0.834728879756362
9096	PSMD11	ENSG00000108671	hsa-miR-6783-5p	MIMAT0027466	0.834710210034943
9097	ZIC4	ENSG00000174963	hsa-miR-1252-3p	MIMAT0026744	0.834709308017307
9098	SOX7	ENSG00000171056	hsa-miR-21-5p	MIMAT0000076	0.834698735165129
9099	SAMD14	ENSG00000167100	hsa-miR-4446-3p	MIMAT0018965	0.83468687710536
9100	DDHD1	ENSG00000100523	hsa-miR-4458	MIMAT0018980	0.834678468561692
9101	EIF3A	ENSG00000107581	hsa-miR-4465	MIMAT0018992	0.834677273727981
9102	ZNF746	ENSG00000181220	hsa-miR-940	MIMAT0004983	0.834667139262635
9103	RAP1GDS1	ENSG00000138698	hsa-miR-6783-5p	MIMAT0027466	0.834661723901879
9104	DNAJC2	ENSG00000105821	hsa-miR-940	MIMAT0004983	0.834655003715534
9105	TMED10	ENSG00000170348	hsa-miR-765	MIMAT0003945	0.834604703149832
9106	SAMD5	ENSG00000203727	hsa-miR-3682-5p	MIMAT0019222	0.834588819472138
9107	HBS1L	ENSG00000112339	hsa-miR-3682-5p	MIMAT0019222	0.834585985925766
9108	CNKSR3	ENSG00000153721	hsa-miR-661	MIMAT0003324	0.834555282299619
9109	ANGPT1	ENSG00000154188	hsa-miR-130a-5p	MIMAT0004593	0.834547211812906
9110	LHFPL3	ENSG00000187416	hsa-miR-183-5p	MIMAT0000261	0.834544707053708
9111	PCDH9	ENSG00000184226	hsa-miR-4687-3p	MIMAT0019775	0.834543838100479
9112	TGFBR2	ENSG00000163513	hsa-miR-940	MIMAT0004983	0.834529356962022
9113	AC027644.4	ENSG00000284461	hsa-miR-6127	MIMAT0024610	0.834521699169538
9114	CUX2	ENSG00000111249	hsa-miR-661	MIMAT0003324	0.834511447550542
9115	HRH2	ENSG00000113749	hsa-miR-4685-5p	MIMAT0019771	0.834466019089192
9116	N4BP2L2	ENSG00000244754	hsa-miR-224-5p	MIMAT0000281	0.834424218972953
9117	CRK	ENSG00000167193	hsa-miR-183-5p	MIMAT0000261	0.834390631377746
9118	SCN4A	ENSG00000007314	hsa-miR-657	MIMAT0003335	0.834332536671323
9119	PLEKHA1	ENSG00000107679	hsa-miR-940	MIMAT0004983	0.834316299840804
9120	ZNF780B	ENSG00000128000	hsa-miR-4685-5p	MIMAT0019771	0.834313974412155
9121	AQP6	ENSG00000086159	hsa-miR-765	MIMAT0003945	0.834304665490584
9122	PKNOX2	ENSG00000165495	hsa-miR-940	MIMAT0004983	0.83426840372622
9123	FNDC3B	ENSG00000075420	hsa-miR-183-5p	MIMAT0000261	0.834220545499879
9124	KSR1	ENSG00000141068	hsa-miR-4695-5p	MIMAT0019788	0.834194287212176
9125	CUL5	ENSG00000166266	hsa-miR-3682-5p	MIMAT0019222	0.834155517882772
9126	PLA2G4D	ENSG00000159337	hsa-miR-661	MIMAT0003324	0.834150778240135
9127	DCBLD1	ENSG00000164465	hsa-miR-4465	MIMAT0018992	0.834140975986533
9128	SLC17A3	ENSG00000124564	hsa-miR-765	MIMAT0003945	0.834134842754099
9129	SYPL2	ENSG00000143028	hsa-miR-6758-5p	MIMAT0027416	0.834131988771942
9130	HRK	ENSG00000135116	hsa-miR-21-5p	MIMAT0000076	0.834122338896282
9131	SLC16A14	ENSG00000163053	hsa-miR-1252-3p	MIMAT0026744	0.834120810473808
9132	LRRK1	ENSG00000154237	hsa-miR-4695-5p	MIMAT0019788	0.834112261368083
9133	DNAJC7	ENSG00000168259	hsa-miR-6127	MIMAT0024610	0.834093647591096
9134	RAB1B	ENSG00000174903	hsa-miR-4685-5p	MIMAT0019771	0.834083845716368
9135	SYT10	ENSG00000110975	hsa-miR-130a-5p	MIMAT0004593	0.834059364976715
9136	CDK17	ENSG00000059758	hsa-miR-1252-3p	MIMAT0026744	0.834046726743198
9137	TRPM2	ENSG00000142185	hsa-miR-5008-5p	MIMAT0021039	0.834040048225427
9138	ST7	ENSG00000004866	hsa-miR-765	MIMAT0003945	0.834009708498438
9139	ETNK1	ENSG00000139163	hsa-miR-1252-3p	MIMAT0026744	0.833997706252449
9140	SCN9A	ENSG00000169432	hsa-miR-4465	MIMAT0018992	0.833985276843808
9141	LY6G5B	ENSG00000240053	hsa-miR-6758-5p	MIMAT0027416	0.833985086409036
9142	ESRRG	ENSG00000196482	hsa-miR-130a-5p	MIMAT0004593	0.833956000931981
9143	ITFG1	ENSG00000129636	hsa-miR-7157-3p	MIMAT0028225	0.833953659278138
9144	FIGN	ENSG00000182263	hsa-miR-657	MIMAT0003335	0.833946892536164
9145	NSD3	ENSG00000147548	hsa-miR-7855-5p	MIMAT0030430	0.833939005170126
9146	TACR3	ENSG00000169836	hsa-miR-3682-5p	MIMAT0019222	0.833931308083131
9147	NUDCD2	ENSG00000170584	hsa-miR-940	MIMAT0004983	0.833921971539884
9148	ZNF585A	ENSG00000196967	hsa-miR-5008-5p	MIMAT0021039	0.833914975196933
9149	STK3	ENSG00000104375	hsa-miR-21-5p	MIMAT0000076	0.833911812227189
9150	UBA5	ENSG00000081307	hsa-miR-224-5p	MIMAT0000281	0.833886280933617
9151	TMC8	ENSG00000167895	hsa-miR-661	MIMAT0003324	0.833876691680568
9152	XPNPEP3	ENSG00000196236	hsa-miR-765	MIMAT0003945	0.833869619907491
9153	MEF2D	ENSG00000116604	hsa-miR-6127	MIMAT0024610	0.833868601914234
9154	MSN	ENSG00000147065	hsa-miR-940	MIMAT0004983	0.833856940897593
9155	PRLR	ENSG00000113494	hsa-miR-940	MIMAT0004983	0.833835334097621
9156	MYRF	ENSG00000124920	hsa-miR-4685-5p	MIMAT0019771	0.833834057477685
9157	POLR2J3	ENSG00000285437	hsa-miR-940	MIMAT0004983	0.833818323424445
9158	CACUL1	ENSG00000151893	hsa-miR-940	MIMAT0004983	0.833782469722948
9159	HMGXB4	ENSG00000100281	hsa-miR-6758-5p	MIMAT0027416	0.833775635288325
9160	SLC19A2	ENSG00000117479	hsa-miR-1252-3p	MIMAT0026744	0.83375074733625
9161	CUX1	ENSG00000257923	hsa-miR-6758-5p	MIMAT0027416	0.833744745674837
9162	SLITRK3	ENSG00000121871	hsa-miR-7157-3p	MIMAT0028225	0.833732261470563
9163	SLC48A1	ENSG00000211584	hsa-miR-4695-5p	MIMAT0019788	0.833728689142901
9164	DNM3	ENSG00000197959	hsa-miR-4446-3p	MIMAT0018965	0.833726827487908
9165	FILIP1	ENSG00000118407	hsa-miR-6783-5p	MIMAT0027466	0.833726545690506
9166	NYNRIN	ENSG00000205978	hsa-miR-1252-3p	MIMAT0026744	0.833718072767695
9167	BRD4	ENSG00000141867	hsa-miR-940	MIMAT0004983	0.833701818592885
9168	TSPAN11	ENSG00000110900	hsa-miR-765	MIMAT0003945	0.833694012216817
9169	ST8SIA5	ENSG00000101638	hsa-miR-1252-3p	MIMAT0026744	0.833692402240774
9170	ZDHHC5	ENSG00000156599	hsa-miR-4685-5p	MIMAT0019771	0.833689578525735
9171	NPFFR1	ENSG00000148734	hsa-miR-661	MIMAT0003324	0.833686266819248
9172	CDV3	ENSG00000091527	hsa-miR-4465	MIMAT0018992	0.833650924358939
9173	LANCL1	ENSG00000115365	hsa-miR-21-5p	MIMAT0000076	0.833650483457339
9174	RIMS2	ENSG00000176406	hsa-miR-1252-3p	MIMAT0026744	0.833645147362335
9175	CHD7	ENSG00000171316	hsa-miR-7157-3p	MIMAT0028225	0.833633226118778
9176	CDC25B	ENSG00000101224	hsa-miR-6783-5p	MIMAT0027466	0.833626775526494
9177	KCNN3	ENSG00000143603	hsa-miR-183-5p	MIMAT0000261	0.833591276442875
9178	EMCN	ENSG00000164035	hsa-miR-7855-5p	MIMAT0030430	0.833584359488694
9179	IRX4	ENSG00000113430	hsa-miR-7855-5p	MIMAT0030430	0.833583984855735
9180	PLEKHA8	ENSG00000106086	hsa-miR-4687-3p	MIMAT0019775	0.833569265905377
9181	TMED8	ENSG00000100580	hsa-miR-940	MIMAT0004983	0.833548383040892
9182	SHANK3	ENSG00000251322	hsa-miR-6127	MIMAT0024610	0.833547028857247
9183	BNIP3	ENSG00000176171	hsa-miR-1252-3p	MIMAT0026744	0.83354328875048
9184	KMO	ENSG00000117009	hsa-miR-765	MIMAT0003945	0.833524176334758
9185	TMED5	ENSG00000117500	hsa-miR-6127	MIMAT0024610	0.833523849688983
9186	SOX5	ENSG00000134532	hsa-miR-130a-5p	MIMAT0004593	0.833501453435934
9187	SPRYD4	ENSG00000176422	hsa-miR-4685-5p	MIMAT0019771	0.833484939353805
9188	PLAGL2	ENSG00000126003	hsa-miR-4695-5p	MIMAT0019788	0.833484220061573
9189	DBF4B	ENSG00000161692	hsa-miR-5008-5p	MIMAT0021039	0.833483445387338
9190	FAM71F1	ENSG00000135248	hsa-miR-7855-5p	MIMAT0030430	0.833459205350799
9191	BAX	ENSG00000087088	hsa-miR-224-5p	MIMAT0000281	0.833452735761839
9192	ALDH3B1	ENSG00000006534	hsa-miR-4695-5p	MIMAT0019788	0.833452001242837
9193	DMD	ENSG00000198947	hsa-miR-7855-5p	MIMAT0030430	0.833446590657179
9194	RSPO4	ENSG00000101282	hsa-miR-6127	MIMAT0024610	0.833441901938703
9195	LRRC19	ENSG00000184434	hsa-miR-5008-5p	MIMAT0021039	0.833430746857421
9196	PGBD4	ENSG00000182405	hsa-miR-5008-5p	MIMAT0021039	0.833428730394134
9197	ELOVL7	ENSG00000164181	hsa-miR-6822-3p	MIMAT0027545	0.833417869262663
9198	PLEKHG3	ENSG00000126822	hsa-miR-765	MIMAT0003945	0.833400829690471
9199	CHST9	ENSG00000154080	hsa-miR-4695-5p	MIMAT0019788	0.833400684666967
9200	MMP16	ENSG00000156103	hsa-miR-7855-5p	MIMAT0030430	0.833389430624871
9201	BCL2L1	ENSG00000171552	hsa-miR-6127	MIMAT0024610	0.833383029663259
9202	ZHX3	ENSG00000174306	hsa-miR-1252-3p	MIMAT0026744	0.833379296799017
9203	ZNF555	ENSG00000186300	hsa-miR-3682-5p	MIMAT0019222	0.83337217469512
9204	OTUD7B	ENSG00000264522	hsa-miR-224-5p	MIMAT0000281	0.833354058159911
9205	MAN2A2	ENSG00000196547	hsa-miR-940	MIMAT0004983	0.833348013595479
9206	KAT7	ENSG00000136504	hsa-miR-224-5p	MIMAT0000281	0.833347987950944
9207	TDRD6	ENSG00000180113	hsa-miR-1252-3p	MIMAT0026744	0.833347367477403
9208	HMGA1	ENSG00000137309	hsa-miR-4458	MIMAT0018980	0.833345597441904
9209	PRKAB2	ENSG00000131791	hsa-miR-92a-1-5p	MIMAT0004507	0.833341535049847
9210	ZFX	ENSG00000005889	hsa-miR-1911-5p	MIMAT0007885	0.833340068027106
9211	NGFR	ENSG00000064300	hsa-miR-4446-3p	MIMAT0018965	0.833336214538539
9212	FAM186B	ENSG00000135436	hsa-miR-183-5p	MIMAT0000261	0.83333106637052
9213	PARM1	ENSG00000169116	hsa-miR-1252-3p	MIMAT0026744	0.83332577138483
9214	LZTR1	ENSG00000099949	hsa-miR-765	MIMAT0003945	0.833321323852788
9215	FITM2	ENSG00000197296	hsa-miR-4695-5p	MIMAT0019788	0.833306813725456
9216	LYSMD3	ENSG00000176018	hsa-miR-1252-3p	MIMAT0026744	0.83330481735669
9217	PDCD6IP	ENSG00000170248	hsa-miR-130a-5p	MIMAT0004593	0.833300594811081
9218	MAPK1IP1L	ENSG00000168175	hsa-miR-183-5p	MIMAT0000261	0.833288662005392
9219	EGFR	ENSG00000146648	hsa-miR-4746-3p	MIMAT0019881	0.833284425971169
9220	PPP6C	ENSG00000119414	hsa-miR-4465	MIMAT0018992	0.833274045094403
9221	HPSE	ENSG00000173083	hsa-miR-6783-5p	MIMAT0027466	0.83325586022827
9222	SRPX2	ENSG00000102359	hsa-miR-6822-3p	MIMAT0027545	0.833242890378281
9223	LDLRAP1	ENSG00000157978	hsa-miR-4446-3p	MIMAT0018965	0.833232712131105
9224	ULK2	ENSG00000083290	hsa-miR-1252-3p	MIMAT0026744	0.833210478513524
9225	ZACN	ENSG00000186919	hsa-miR-765	MIMAT0003945	0.833209485463126
9226	DCAF11	ENSG00000100897	hsa-miR-4695-5p	MIMAT0019788	0.833199565377892
9227	FGF11	ENSG00000161958	hsa-miR-4292	MIMAT0016919	0.833180031593574
9228	SPPL3	ENSG00000157837	hsa-miR-8056	MIMAT0030983	0.833178159032703
9229	SPATS2L	ENSG00000196141	hsa-miR-661	MIMAT0003324	0.833177021637535
9230	KPNA6	ENSG00000025800	hsa-miR-4446-3p	MIMAT0018965	0.833174620964111
9231	SRP54	ENSG00000100883	hsa-miR-7157-3p	MIMAT0028225	0.833172316834592
9232	AFF4	ENSG00000072364	hsa-miR-183-5p	MIMAT0000261	0.833160204278029
9233	GJC1	ENSG00000182963	hsa-miR-1252-3p	MIMAT0026744	0.833137313355568
9234	APOBEC3C	ENSG00000244509	hsa-miR-940	MIMAT0004983	0.833100465236556
9235	UGT3A1	ENSG00000145626	hsa-miR-6758-5p	MIMAT0027416	0.833095504166556
9236	MPP2	ENSG00000108852	hsa-miR-6127	MIMAT0024610	0.833094944085078
9237	THAP6	ENSG00000174796	hsa-miR-1252-3p	MIMAT0026744	0.833060081326352
9238	ARX	ENSG00000004848	hsa-miR-92a-1-5p	MIMAT0004507	0.833055922315206
9239	ADGRG6	ENSG00000112414	hsa-miR-1252-3p	MIMAT0026744	0.833031928532473
9240	CHCHD5	ENSG00000125611	hsa-miR-6127	MIMAT0024610	0.833014830259543
9241	GATM	ENSG00000171766	hsa-miR-4458	MIMAT0018980	0.833012489125597
9242	IPO4	ENSG00000196497	hsa-miR-4446-3p	MIMAT0018965	0.833009051449081
9243	TFEC	ENSG00000105967	hsa-miR-4458	MIMAT0018980	0.83299807774932
9244	REST	ENSG00000084093	hsa-miR-4465	MIMAT0018992	0.83298935063995
9245	RBM27	ENSG00000091009	hsa-miR-6822-3p	MIMAT0027545	0.832982549181322
9246	CCDC50	ENSG00000152492	hsa-miR-183-5p	MIMAT0000261	0.832974063248543
9247	ISM2	ENSG00000100593	hsa-miR-4685-5p	MIMAT0019771	0.832972294056973
9248	C1QTNF9B	ENSG00000205863	hsa-miR-765	MIMAT0003945	0.832969622008414
9249	ANKS1A	ENSG00000064999	hsa-miR-224-5p	MIMAT0000281	0.832959369419315
9250	CSF3R	ENSG00000119535	hsa-miR-765	MIMAT0003945	0.832849636066748
9251	NOVA2	ENSG00000104967	hsa-miR-6783-5p	MIMAT0027466	0.832848797014962
9252	TCEANC2	ENSG00000116205	hsa-miR-5008-5p	MIMAT0021039	0.832846039388134
9253	HS2ST1	ENSG00000153936	hsa-miR-4695-5p	MIMAT0019788	0.832835627970143
9254	SGTB	ENSG00000197860	hsa-miR-1252-3p	MIMAT0026744	0.832821447771267
9255	GSK3B	ENSG00000082701	hsa-miR-7157-3p	MIMAT0028225	0.832821375580001
9256	ATG13	ENSG00000175224	hsa-miR-4685-5p	MIMAT0019771	0.832811371765834
9257	PTPMT1	ENSG00000110536	hsa-miR-765	MIMAT0003945	0.832810948953623
9258	CYCS	ENSG00000172115	hsa-miR-183-5p	MIMAT0000261	0.832797568055007
9259	AGXT2	ENSG00000113492	hsa-miR-5008-5p	MIMAT0021039	0.832778886603746
9260	ATP5F1A	ENSG00000152234	hsa-miR-4695-5p	MIMAT0019788	0.832777914002639
9261	TRAF7	ENSG00000131653	hsa-miR-5008-5p	MIMAT0021039	0.832751159179776
9262	SAMD12	ENSG00000177570	hsa-miR-1252-3p	MIMAT0026744	0.832749597755187
9263	HOXB13	ENSG00000159184	hsa-miR-661	MIMAT0003324	0.832744347854558
9264	RLIM	ENSG00000131263	hsa-miR-940	MIMAT0004983	0.832716008173435
9265	BBX	ENSG00000114439	hsa-miR-1252-3p	MIMAT0026744	0.832701591490978
9266	SRSF4	ENSG00000116350	hsa-miR-6783-5p	MIMAT0027466	0.832690482167446
9267	CCNC	ENSG00000112237	hsa-miR-130a-5p	MIMAT0004593	0.832688819051532
9268	CASKIN1	ENSG00000167971	hsa-miR-7157-3p	MIMAT0028225	0.83267163120994
9269	HPGD	ENSG00000164120	hsa-miR-4465	MIMAT0018992	0.83265751651568
9270	XPNPEP1	ENSG00000108039	hsa-miR-6783-5p	MIMAT0027466	0.832629883708919
9271	NEUROD2	ENSG00000171532	hsa-miR-4292	MIMAT0016919	0.832626581227387
9272	SLCO2B1	ENSG00000137491	hsa-miR-4446-3p	MIMAT0018965	0.832622929442566
9273	AFAP1L2	ENSG00000169129	hsa-miR-6758-5p	MIMAT0027416	0.832621966913856
9274	MEIOB	ENSG00000162039	hsa-miR-765	MIMAT0003945	0.832621073333676
9275	ERFE	ENSG00000178752	hsa-miR-4685-5p	MIMAT0019771	0.832620957268613
9276	TRIM66	ENSG00000166436	hsa-miR-940	MIMAT0004983	0.832620042123115
9277	TPST2	ENSG00000128294	hsa-miR-4695-5p	MIMAT0019788	0.832600548575738
9278	HSD17B2	ENSG00000086696	hsa-miR-7855-5p	MIMAT0030430	0.832590362229687
9279	PPP6R2	ENSG00000100239	hsa-miR-4695-5p	MIMAT0019788	0.832586187813481
9280	ARRB1	ENSG00000137486	hsa-miR-5008-5p	MIMAT0021039	0.832580262154461
9281	PDXK	ENSG00000160209	hsa-miR-6822-3p	MIMAT0027545	0.83257173643268
9282	OR56A1	ENSG00000180934	hsa-miR-7157-3p	MIMAT0028225	0.832562949340384
9283	NTPCR	ENSG00000135778	hsa-miR-7157-3p	MIMAT0028225	0.832541410822872
9284	SYNGR1	ENSG00000100321	hsa-miR-940	MIMAT0004983	0.832537801102055
9285	PRRC2B	ENSG00000130723	hsa-miR-6783-5p	MIMAT0027466	0.832459525858311
9286	SLC26A9	ENSG00000174502	hsa-miR-765	MIMAT0003945	0.832448644660865
9287	DEFB134	ENSG00000205882	hsa-miR-130a-5p	MIMAT0004593	0.832419379277577
9288	RELT	ENSG00000054967	hsa-miR-5008-5p	MIMAT0021039	0.832417913446734
9289	LRFN3	ENSG00000126243	hsa-miR-4685-5p	MIMAT0019771	0.832388028760344
9290	UQCRFS1	ENSG00000169021	hsa-miR-3682-5p	MIMAT0019222	0.832384766223669
9291	MBNL2	ENSG00000139793	hsa-miR-6127	MIMAT0024610	0.832378426244222
9292	LAPTM4B	ENSG00000104341	hsa-miR-6758-5p	MIMAT0027416	0.832361247040808
9293	NF2	ENSG00000186575	hsa-miR-6758-5p	MIMAT0027416	0.832358486624805
9294	SNX16	ENSG00000104497	hsa-miR-4458	MIMAT0018980	0.832351671123341
9295	SPIRE1	ENSG00000134278	hsa-miR-7157-3p	MIMAT0028225	0.832344493853732
9296	RHOBTB1	ENSG00000072422	hsa-miR-224-5p	MIMAT0000281	0.832319174824574
9297	SCN3A	ENSG00000153253	hsa-miR-183-5p	MIMAT0000261	0.832285517455195
9298	NIPA1	ENSG00000170113	hsa-miR-1252-3p	MIMAT0026744	0.832279967912423
9299	NEDD4L	ENSG00000049759	hsa-miR-224-5p	MIMAT0000281	0.832266620310576
9300	GPATCH2	ENSG00000092978	hsa-miR-6783-5p	MIMAT0027466	0.832249917209981
9301	TRAPPC9	ENSG00000167632	hsa-miR-765	MIMAT0003945	0.832243562134175
9302	SYT16	ENSG00000139973	hsa-miR-183-5p	MIMAT0000261	0.832237197547378
9303	KRT222	ENSG00000213424	hsa-miR-130a-5p	MIMAT0004593	0.832193341659807
9304	ZNF217	ENSG00000171940	hsa-miR-4465	MIMAT0018992	0.832183022171862
9305	RAB3C	ENSG00000152932	hsa-miR-224-5p	MIMAT0000281	0.832155498251142
9306	SH3TC2	ENSG00000169247	hsa-miR-4687-3p	MIMAT0019775	0.832134858002983
9307	OR56A1	ENSG00000180934	hsa-miR-6758-5p	MIMAT0027416	0.832119889690636
9308	KCNJ14	ENSG00000182324	hsa-miR-183-5p	MIMAT0000261	0.832099275454612
9309	AVPR1A	ENSG00000166148	hsa-miR-224-5p	MIMAT0000281	0.832069624643775
9310	BSN	ENSG00000164061	hsa-miR-765	MIMAT0003945	0.83206595129396
9311	AKAP12	ENSG00000131016	hsa-miR-6758-5p	MIMAT0027416	0.832064869337588
9312	GLT6D1	ENSG00000204007	hsa-miR-765	MIMAT0003945	0.832058217586708
9313	C16orf54	ENSG00000185905	hsa-miR-765	MIMAT0003945	0.832052961166431
9314	NRXN1	ENSG00000179915	hsa-miR-224-5p	MIMAT0000281	0.832026465580484
9315	CXXC1	ENSG00000154832	hsa-miR-4695-5p	MIMAT0019788	0.83201319186769
9316	CC2D2A	ENSG00000048342	hsa-miR-940	MIMAT0004983	0.832011711289606
9317	MEI4	ENSG00000269964	hsa-miR-3682-5p	MIMAT0019222	0.831994216905707
9318	TECPR2	ENSG00000196663	hsa-miR-7855-5p	MIMAT0030430	0.831945918988433
9319	FBXO41	ENSG00000163013	hsa-miR-4695-5p	MIMAT0019788	0.831898040077917
9320	SASH1	ENSG00000111961	hsa-miR-1252-3p	MIMAT0026744	0.831893000258336
9321	CDK13	ENSG00000065883	hsa-miR-224-5p	MIMAT0000281	0.831892892433124
9322	USP8	ENSG00000138592	hsa-miR-1252-3p	MIMAT0026744	0.831890634260515
9323	BLOC1S6	ENSG00000104164	hsa-miR-130a-5p	MIMAT0004593	0.831885706080343
9324	ZC3H14	ENSG00000100722	hsa-miR-661	MIMAT0003324	0.831876317238956
9325	MAP2K6	ENSG00000108984	hsa-miR-6127	MIMAT0024610	0.831867740527616
9326	MYO15B	ENSG00000266714	hsa-miR-661	MIMAT0003324	0.831855657210582
9327	BRD3OS	ENSG00000235106	hsa-miR-661	MIMAT0003324	0.831804595431441
9328	SSX2	ENSG00000241476	hsa-miR-6783-5p	MIMAT0027466	0.831788454237264
9329	SYT16	ENSG00000139973	hsa-miR-130a-5p	MIMAT0004593	0.831776495152112
9330	TAB2	ENSG00000055208	hsa-miR-224-5p	MIMAT0000281	0.831735143365005
9331	ERICH3	ENSG00000178965	hsa-miR-6758-5p	MIMAT0027416	0.831725922810174
9332	HDAC2	ENSG00000196591	hsa-miR-1252-3p	MIMAT0026744	0.831718170602175
9333	RBFOX2	ENSG00000100320	hsa-miR-940	MIMAT0004983	0.83171451998279
9334	DYNC2H1	ENSG00000187240	hsa-miR-130a-5p	MIMAT0004593	0.831713583134576
9335	TIGD3	ENSG00000173825	hsa-miR-6822-3p	MIMAT0027545	0.831684431265186
9336	APCDD1L	ENSG00000198768	hsa-miR-4687-3p	MIMAT0019775	0.831667959015118
9337	SLC16A2	ENSG00000147100	hsa-miR-7157-3p	MIMAT0028225	0.831652422385154
9338	MUC3A	ENSG00000169894	hsa-miR-6127	MIMAT0024610	0.831649931814708
9339	ATAD2B	ENSG00000119778	hsa-miR-1252-3p	MIMAT0026744	0.831649732351342
9340	IQANK1	ENSG00000203499	hsa-miR-5008-5p	MIMAT0021039	0.831648822252484
9341	NPTXR	ENSG00000221890	hsa-miR-6127	MIMAT0024610	0.831618086883841
9342	NBPF19	ENSG00000271383	hsa-miR-661	MIMAT0003324	0.831606930116018
9343	PRRC2B	ENSG00000130723	hsa-miR-4695-5p	MIMAT0019788	0.831606473207623
9344	SMAD2	ENSG00000175387	hsa-miR-4458	MIMAT0018980	0.831596033548292
9345	EXD2	ENSG00000081177	hsa-miR-6783-5p	MIMAT0027466	0.831589813045628
9346	ZNF891	ENSG00000214029	hsa-miR-4695-5p	MIMAT0019788	0.831579788009521
9347	AC013477.1	ENSG00000288637	hsa-miR-1252-3p	MIMAT0026744	0.831572759854955
9348	RALGDS	ENSG00000160271	hsa-miR-224-5p	MIMAT0000281	0.831564940779496
9349	ALG12	ENSG00000182858	hsa-miR-5008-5p	MIMAT0021039	0.831564886407633
9350	PLEKHA3	ENSG00000116095	hsa-miR-183-5p	MIMAT0000261	0.831561441661898
9351	SH3TC2	ENSG00000169247	hsa-miR-4292	MIMAT0016919	0.831518693219731
9352	SLC22A25	ENSG00000196600	hsa-miR-940	MIMAT0004983	0.831515616438231
9353	ACSBG2	ENSG00000130377	hsa-miR-657	MIMAT0003335	0.8315018035481
9354	TKFC	ENSG00000149476	hsa-miR-7157-3p	MIMAT0028225	0.831494594350251
9355	PDAP1	ENSG00000106244	hsa-miR-21-5p	MIMAT0000076	0.831492568472854
9356	TOP3B	ENSG00000100038	hsa-miR-4292	MIMAT0016919	0.831482520672993
9357	IL1R1	ENSG00000115594	hsa-miR-6758-5p	MIMAT0027416	0.831475277819727
9358	APBB2	ENSG00000163697	hsa-miR-6127	MIMAT0024610	0.831472548400622
9359	SIT1	ENSG00000137078	hsa-miR-92a-1-5p	MIMAT0004507	0.831471044087895
9360	KCNC1	ENSG00000129159	hsa-miR-4292	MIMAT0016919	0.831435861364579
9361	GOLGA6L9	ENSG00000197978	hsa-miR-6822-3p	MIMAT0027545	0.831422754950424
9362	TLCD3A	ENSG00000167695	hsa-miR-183-5p	MIMAT0000261	0.831420254167779
9363	GLDC	ENSG00000178445	hsa-miR-4292	MIMAT0016919	0.831420203107977
9364	ZNF618	ENSG00000157657	hsa-miR-6127	MIMAT0024610	0.83140471251326
9365	HAUS2	ENSG00000137814	hsa-miR-657	MIMAT0003335	0.831393047006761
9366	PIK3R1	ENSG00000145675	hsa-miR-4695-5p	MIMAT0019788	0.831354486890143
9367	AC026954.2	ENSG00000261915	hsa-miR-661	MIMAT0003324	0.83135231764549
9368	CNTNAP1	ENSG00000108797	hsa-miR-940	MIMAT0004983	0.831347384001757
9369	MRTFA	ENSG00000196588	hsa-miR-4685-5p	MIMAT0019771	0.83133897328503
9370	CD164L2	ENSG00000174950	hsa-miR-4695-5p	MIMAT0019788	0.831329345489374
9371	ITGB8	ENSG00000105855	hsa-miR-4465	MIMAT0018992	0.831316837320702
9372	OR5AS1	ENSG00000181785	hsa-miR-130a-5p	MIMAT0004593	0.831305015410369
9373	SPATS1	ENSG00000249481	hsa-miR-6783-5p	MIMAT0027466	0.831296050394382
9374	TRIM72	ENSG00000177238	hsa-miR-4695-5p	MIMAT0019788	0.831294973061623
9375	PDLIM2	ENSG00000120913	hsa-miR-5008-5p	MIMAT0021039	0.83128704691403
9376	KCTD16	ENSG00000183775	hsa-miR-6758-5p	MIMAT0027416	0.831282351525753
9377	VIL1	ENSG00000127831	hsa-miR-3682-5p	MIMAT0019222	0.831260066333257
9378	TBC1D12	ENSG00000108239	hsa-miR-224-5p	MIMAT0000281	0.831251605370869
9379	ANKRD34C	ENSG00000235711	hsa-miR-4685-5p	MIMAT0019771	0.83123821327257
9380	MDC1	ENSG00000137337	hsa-miR-4458	MIMAT0018980	0.831230853643185
9381	KLHL8	ENSG00000145332	hsa-miR-6758-5p	MIMAT0027416	0.831217450142797
9382	CILK1	ENSG00000112144	hsa-miR-1252-3p	MIMAT0026744	0.831195274875759
9383	PHF21A	ENSG00000135365	hsa-miR-7157-3p	MIMAT0028225	0.831192812752001
9384	KIF26B	ENSG00000162849	hsa-miR-1252-3p	MIMAT0026744	0.831176382568218
9385	GPR174	ENSG00000147138	hsa-miR-1252-3p	MIMAT0026744	0.831163424331433
9386	GPATCH2L	ENSG00000089916	hsa-miR-4685-5p	MIMAT0019771	0.831161041841789
9387	LSM8	ENSG00000128534	hsa-miR-130a-5p	MIMAT0004593	0.831156931246852
9388	RTL4	ENSG00000187823	hsa-miR-4446-3p	MIMAT0018965	0.831156009714246
9389	MRPS23	ENSG00000181610	hsa-miR-940	MIMAT0004983	0.831143413990443
9390	TMED3	ENSG00000166557	hsa-miR-4695-5p	MIMAT0019788	0.831132495977995
9391	ABHD14A-ACY1	ENSG00000114786	hsa-miR-661	MIMAT0003324	0.831122968394451
9392	RBIS	ENSG00000176731	hsa-miR-6783-5p	MIMAT0027466	0.831117389033787
9393	TIGD5	ENSG00000179886	hsa-miR-4685-5p	MIMAT0019771	0.831115157700155
9394	CIAO2A	ENSG00000166797	hsa-miR-940	MIMAT0004983	0.831100589125414
9395	AL662899.2	ENSG00000263020	hsa-miR-4695-5p	MIMAT0019788	0.83109222176922
9396	PRKD1	ENSG00000184304	hsa-miR-183-5p	MIMAT0000261	0.831082549798054
9397	GPATCH2L	ENSG00000089916	hsa-miR-224-5p	MIMAT0000281	0.831056195635424
9398	DCX	ENSG00000077279	hsa-miR-940	MIMAT0004983	0.83102174471732
9399	CDH22	ENSG00000149654	hsa-miR-4458	MIMAT0018980	0.831009774803134
9400	PCMTD1	ENSG00000168300	hsa-miR-1252-3p	MIMAT0026744	0.830998993370031
9401	SLC30A10	ENSG00000196660	hsa-miR-1252-3p	MIMAT0026744	0.830990602567304
9402	SYNPO2	ENSG00000172403	hsa-miR-765	MIMAT0003945	0.830975919410313
9403	ACAD10	ENSG00000111271	hsa-miR-7157-3p	MIMAT0028225	0.830956903127265
9404	CRISP1	ENSG00000124812	hsa-miR-940	MIMAT0004983	0.830938429262739
9405	JDP2	ENSG00000140044	hsa-miR-130a-5p	MIMAT0004593	0.830894716547664
9406	HEATR1	ENSG00000119285	hsa-miR-940	MIMAT0004983	0.830875071997605
9407	CALM2	ENSG00000143933	hsa-miR-1911-5p	MIMAT0007885	0.830874210426598
9408	GPCPD1	ENSG00000125772	hsa-miR-4458	MIMAT0018980	0.830872431421299
9409	ZNF615	ENSG00000197619	hsa-miR-1252-3p	MIMAT0026744	0.830844656213091
9410	TMEM248	ENSG00000106609	hsa-miR-4685-5p	MIMAT0019771	0.830842368846488
9411	BSN	ENSG00000164061	hsa-miR-4687-3p	MIMAT0019775	0.830822416948727
9412	WDFY4	ENSG00000128815	hsa-miR-5008-5p	MIMAT0021039	0.830820179391612
9413	TRIM46	ENSG00000163462	hsa-miR-940	MIMAT0004983	0.830799256283771
9414	PALLD	ENSG00000129116	hsa-miR-4465	MIMAT0018992	0.830779486821296
9415	DGLUCY	ENSG00000133943	hsa-miR-661	MIMAT0003324	0.83076241132211
9416	MAP2K6	ENSG00000108984	hsa-miR-4695-5p	MIMAT0019788	0.830682617679318
9417	ZSWIM6	ENSG00000130449	hsa-miR-4695-5p	MIMAT0019788	0.830653550548784
9418	RGS8	ENSG00000135824	hsa-miR-661	MIMAT0003324	0.830646136530349
9419	MON2	ENSG00000061987	hsa-miR-6783-5p	MIMAT0027466	0.830624456782757
9420	IGF2BP1	ENSG00000159217	hsa-miR-6783-5p	MIMAT0027466	0.830622893673148
9421	FARSB	ENSG00000116120	hsa-miR-4465	MIMAT0018992	0.830614748826754
9422	SLC35D3	ENSG00000182747	hsa-miR-130a-5p	MIMAT0004593	0.830610983636351
9423	MVB12B	ENSG00000196814	hsa-miR-765	MIMAT0003945	0.830609006693485
9424	RASA1	ENSG00000145715	hsa-miR-130a-5p	MIMAT0004593	0.830603731120911
9425	KCNC4	ENSG00000116396	hsa-miR-7157-3p	MIMAT0028225	0.830595867858564
9426	PLXNA2	ENSG00000076356	hsa-miR-1252-3p	MIMAT0026744	0.830582267045643
9427	ZNF589	ENSG00000164048	hsa-miR-765	MIMAT0003945	0.83055898856602
9428	KDR	ENSG00000128052	hsa-miR-661	MIMAT0003324	0.830541016162664
9429	PRSS23	ENSG00000150687	hsa-miR-6758-5p	MIMAT0027416	0.830526050192893
9430	IGF2BP1	ENSG00000159217	hsa-miR-92a-1-5p	MIMAT0004507	0.830520131990547
9431	WDR13	ENSG00000101940	hsa-miR-940	MIMAT0004983	0.830498723216257
9432	IRAK3	ENSG00000090376	hsa-miR-6822-3p	MIMAT0027545	0.830493772591092
9433	PLB1	ENSG00000163803	hsa-miR-4292	MIMAT0016919	0.830483078276976
9434	SIM1	ENSG00000112246	hsa-miR-6783-5p	MIMAT0027466	0.830479854914143
9435	TXNL1	ENSG00000091164	hsa-miR-4695-5p	MIMAT0019788	0.830473884037853
9436	MLH1	ENSG00000076242	hsa-miR-8056	MIMAT0030983	0.830465046437837
9437	CLPTM1L	ENSG00000049656	hsa-miR-130a-5p	MIMAT0004593	0.830461638565466
9438	MTMR6	ENSG00000139505	hsa-miR-3682-5p	MIMAT0019222	0.830452929650553
9439	HEPN1	ENSG00000221932	hsa-miR-4685-5p	MIMAT0019771	0.830452921653226
9440	GMNC	ENSG00000205835	hsa-miR-1252-3p	MIMAT0026744	0.830445781296872
9441	RORB	ENSG00000198963	hsa-miR-625-3p	MIMAT0004808	0.830439975525857
9442	RAD23A	ENSG00000179262	hsa-miR-765	MIMAT0003945	0.830390901603663
9443	NEFL	ENSG00000277586	hsa-miR-7855-5p	MIMAT0030430	0.830377319642741
9444	SIM1	ENSG00000112246	hsa-miR-183-5p	MIMAT0000261	0.830370500388661
9445	CCDC6	ENSG00000108091	hsa-miR-6822-3p	MIMAT0027545	0.83036313182125
9446	GNPAT	ENSG00000116906	hsa-miR-130a-5p	MIMAT0004593	0.830340878402826
9447	KATNAL2	ENSG00000167216	hsa-miR-1252-3p	MIMAT0026744	0.830331463354564
9448	PPAN-P2RY11	ENSG00000243207	hsa-miR-657	MIMAT0003335	0.830318496252601
9449	RPS6KA1	ENSG00000117676	hsa-miR-4687-3p	MIMAT0019775	0.830309040004446
9450	STUM	ENSG00000203685	hsa-miR-4446-3p	MIMAT0018965	0.830308204504222
9451	TSPAN14	ENSG00000108219	hsa-miR-6783-5p	MIMAT0027466	0.830276825932495
9452	BACH1	ENSG00000156273	hsa-miR-4695-5p	MIMAT0019788	0.830266147763582
9453	ZNF578	ENSG00000258405	hsa-miR-765	MIMAT0003945	0.8302605071444
9454	NUTM2E	ENSG00000228570	hsa-miR-4685-5p	MIMAT0019771	0.83025671947927
9455	TMCC1	ENSG00000172765	hsa-miR-4465	MIMAT0018992	0.83025266919961
9456	PRR29	ENSG00000224383	hsa-miR-4687-3p	MIMAT0019775	0.830148780057899
9457	ATP1B2	ENSG00000129244	hsa-miR-4695-5p	MIMAT0019788	0.830132946058058
9458	MTO1	ENSG00000135297	hsa-miR-1252-3p	MIMAT0026744	0.830131085820438
9459	CTDSPL	ENSG00000144677	hsa-miR-940	MIMAT0004983	0.830131030661793
9460	RRP15	ENSG00000067533	hsa-miR-1252-3p	MIMAT0026744	0.830106391566342
9461	ATG5	ENSG00000057663	hsa-miR-1252-3p	MIMAT0026744	0.830098241029854
9462	NRDE2	ENSG00000119720	hsa-miR-6783-5p	MIMAT0027466	0.830084665573316
9463	STRN	ENSG00000115808	hsa-miR-4687-3p	MIMAT0019775	0.830079213677262
9464	NDUFA4	ENSG00000189043	hsa-miR-4458	MIMAT0018980	0.83006018297296
9465	CHD7	ENSG00000171316	hsa-miR-21-5p	MIMAT0000076	0.830060079665464
9466	CLOCK	ENSG00000134852	hsa-miR-4458	MIMAT0018980	0.830034643567273
9467	ABT1	ENSG00000146109	hsa-miR-4458	MIMAT0018980	0.83001369651921
9468	FBXL18	ENSG00000155034	hsa-miR-657	MIMAT0003335	0.830004417840907
9469	FANCI	ENSG00000140525	hsa-miR-7157-3p	MIMAT0028225	0.829986797954528
9470	GUCY1B1	ENSG00000061918	hsa-miR-6822-3p	MIMAT0027545	0.829977410866003
9471	NKD1	ENSG00000140807	hsa-miR-4695-5p	MIMAT0019788	0.829970915108186
9472	TRERF1	ENSG00000124496	hsa-miR-765	MIMAT0003945	0.829969079921699
9473	SH3RF2	ENSG00000156463	hsa-miR-130a-5p	MIMAT0004593	0.829956893343512
9474	FIBIN	ENSG00000176971	hsa-miR-130a-5p	MIMAT0004593	0.829951229217129
9475	MRRF	ENSG00000148187	hsa-miR-6127	MIMAT0024610	0.829938149867573
9476	CCDC177	ENSG00000267909	hsa-miR-940	MIMAT0004983	0.829934683810129
9477	EXPH5	ENSG00000110723	hsa-miR-940	MIMAT0004983	0.829932539260621
9478	TXNDC16	ENSG00000087301	hsa-miR-183-5p	MIMAT0000261	0.829921936307065
9479	PHF3	ENSG00000118482	hsa-miR-92a-1-5p	MIMAT0004507	0.829914556514443
9480	ULK2	ENSG00000083290	hsa-miR-940	MIMAT0004983	0.829888147724851
9481	ETS1	ENSG00000134954	hsa-miR-224-5p	MIMAT0000281	0.829888040356256
9482	DSC2	ENSG00000134755	hsa-miR-1252-3p	MIMAT0026744	0.82988424667339
9483	PDS5B	ENSG00000083642	hsa-miR-1252-3p	MIMAT0026744	0.829880568380243
9484	SH3GLB1	ENSG00000097033	hsa-miR-1252-3p	MIMAT0026744	0.829864131260086
9485	MYO19	ENSG00000278259	hsa-miR-940	MIMAT0004983	0.829859407317294
9486	KAT6A	ENSG00000083168	hsa-miR-92a-1-5p	MIMAT0004507	0.829847308610824
9487	SALL3	ENSG00000256463	hsa-miR-1252-3p	MIMAT0026744	0.829807768839237
9488	SLC16A10	ENSG00000112394	hsa-miR-1252-3p	MIMAT0026744	0.829774299224348
9489	GOLGA8A	ENSG00000175265	hsa-miR-1252-3p	MIMAT0026744	0.829768154257759
9490	IL9R	ENSG00000124334	hsa-miR-6758-5p	MIMAT0027416	0.829753141952338
9491	TPRA1	ENSG00000163870	hsa-miR-765	MIMAT0003945	0.829730402576748
9492	FMO1	ENSG00000010932	hsa-miR-7157-3p	MIMAT0028225	0.829715952849928
9493	ROCK1	ENSG00000067900	hsa-miR-1252-3p	MIMAT0026744	0.82970649953076
9494	NCOA2	ENSG00000140396	hsa-miR-21-5p	MIMAT0000076	0.829682347464341
9495	MAP2K6	ENSG00000108984	hsa-miR-4446-3p	MIMAT0018965	0.829675868081783
9496	WARS2	ENSG00000116874	hsa-miR-6783-5p	MIMAT0027466	0.829675301170796
9497	ZNF557	ENSG00000130544	hsa-miR-130a-5p	MIMAT0004593	0.829669321178941
9498	PPP1R17	ENSG00000106341	hsa-miR-224-5p	MIMAT0000281	0.829647471122501
9499	ZNF705G	ENSG00000215372	hsa-miR-224-5p	MIMAT0000281	0.829645671095366
9500	ZMYM4	ENSG00000146463	hsa-miR-6127	MIMAT0024610	0.829639181848882
9501	MBNL3	ENSG00000076770	hsa-miR-1252-3p	MIMAT0026744	0.829613421489763
9502	CTBS	ENSG00000117151	hsa-miR-1252-3p	MIMAT0026744	0.829611066517238
9503	VPS26C	ENSG00000157538	hsa-miR-224-5p	MIMAT0000281	0.829607956883987
9504	CMTM4	ENSG00000183723	hsa-miR-940	MIMAT0004983	0.829583938674374
9505	GNLY	ENSG00000115523	hsa-miR-6127	MIMAT0024610	0.829567906084347
9506	AGO3	ENSG00000126070	hsa-miR-661	MIMAT0003324	0.829548511813906
9507	ABCA13	ENSG00000179869	hsa-miR-765	MIMAT0003945	0.829522549172518
9508	SRSF11	ENSG00000116754	hsa-miR-183-5p	MIMAT0000261	0.829479884021697
9509	CSNK2A1	ENSG00000101266	hsa-miR-6758-5p	MIMAT0027416	0.82946806105886
9510	RBBP6	ENSG00000122257	hsa-miR-130a-5p	MIMAT0004593	0.829457515621279
9511	C6orf132	ENSG00000188112	hsa-miR-130a-5p	MIMAT0004593	0.8294530480345
9512	IGF2BP1	ENSG00000159217	hsa-miR-8056	MIMAT0030983	0.829434632155132
9513	ARL13B	ENSG00000169379	hsa-miR-224-5p	MIMAT0000281	0.829431729214992
9514	ZC3H6	ENSG00000188177	hsa-miR-1252-3p	MIMAT0026744	0.829422249181318
9515	UBE2D3	ENSG00000109332	hsa-miR-224-5p	MIMAT0000281	0.82941302567829
9516	LIMD1	ENSG00000144791	hsa-miR-6127	MIMAT0024610	0.829411753162776
9517	STAT6	ENSG00000166888	hsa-miR-6127	MIMAT0024610	0.829407320419926
9518	RFFL	ENSG00000092871	hsa-miR-6822-3p	MIMAT0027545	0.829402368007201
9519	PNOC	ENSG00000168081	hsa-miR-130a-5p	MIMAT0004593	0.829387937628754
9520	NOS1	ENSG00000089250	hsa-miR-6127	MIMAT0024610	0.829383987929739
9521	KIF26B	ENSG00000162849	hsa-miR-765	MIMAT0003945	0.829357662255203
9522	LHFPL4	ENSG00000156959	hsa-miR-4292	MIMAT0016919	0.829332696906966
9523	IGF2R	ENSG00000197081	hsa-miR-4292	MIMAT0016919	0.829300733342528
9524	ADGB	ENSG00000118492	hsa-miR-7855-5p	MIMAT0030430	0.829297638069673
9525	GAL3ST1	ENSG00000128242	hsa-miR-3682-5p	MIMAT0019222	0.829294581740444
9526	OTUD4	ENSG00000164164	hsa-miR-224-5p	MIMAT0000281	0.829281225495623
9527	MTMR4	ENSG00000108389	hsa-miR-765	MIMAT0003945	0.829240580250756
9528	CNTNAP2	ENSG00000174469	hsa-miR-6758-5p	MIMAT0027416	0.829236315872782
9529	SEC31B	ENSG00000075826	hsa-miR-940	MIMAT0004983	0.829231148865118
9530	PGR	ENSG00000082175	hsa-miR-6783-5p	MIMAT0027466	0.829226149404137
9531	IKZF3	ENSG00000161405	hsa-miR-4685-5p	MIMAT0019771	0.82922443991542
9532	AGGF1	ENSG00000164252	hsa-miR-5008-5p	MIMAT0021039	0.829198941936784
9533	ENOPH1	ENSG00000145293	hsa-miR-7157-3p	MIMAT0028225	0.829197084397962
9534	SUV39H1	ENSG00000101945	hsa-miR-940	MIMAT0004983	0.829191255659731
9535	ZNF583	ENSG00000198440	hsa-miR-130a-5p	MIMAT0004593	0.82917319864852
9536	HARS2	ENSG00000112855	hsa-miR-4695-5p	MIMAT0019788	0.829170566135651
9537	YARS1	ENSG00000134684	hsa-miR-6783-5p	MIMAT0027466	0.829156943377363
9538	SPARC	ENSG00000113140	hsa-miR-6758-5p	MIMAT0027416	0.829142954102255
9539	WNT2	ENSG00000105989	hsa-miR-4446-3p	MIMAT0018965	0.829123334942793
9540	MYCN	ENSG00000134323	hsa-miR-4458	MIMAT0018980	0.829117131070943
9541	BRD4	ENSG00000141867	hsa-miR-92a-1-5p	MIMAT0004507	0.829080339520392
9542	ZFAND1	ENSG00000104231	hsa-miR-6783-5p	MIMAT0027466	0.829079805009293
9543	CHMP4C	ENSG00000164695	hsa-miR-4695-5p	MIMAT0019788	0.829071547980133
9544	IFT172	ENSG00000138002	hsa-miR-940	MIMAT0004983	0.829055898883022
9545	ANKIB1	ENSG00000001629	hsa-miR-224-5p	MIMAT0000281	0.829029925756177
9546	SOCS4	ENSG00000180008	hsa-miR-224-5p	MIMAT0000281	0.829015962867864
9547	CDC14A	ENSG00000079335	hsa-miR-92a-1-5p	MIMAT0004507	0.828995662410085
9548	COA3	ENSG00000183978	hsa-miR-765	MIMAT0003945	0.828979134725259
9549	RPAP2	ENSG00000122484	hsa-miR-6758-5p	MIMAT0027416	0.82897637961987
9550	OTUD7B	ENSG00000264522	hsa-miR-765	MIMAT0003945	0.828972096513297
9551	TPGS2	ENSG00000134779	hsa-miR-4685-5p	MIMAT0019771	0.828948932350315
9552	MFNG	ENSG00000100060	hsa-miR-6127	MIMAT0024610	0.828946463017222
9553	GPR45	ENSG00000135973	hsa-miR-1252-3p	MIMAT0026744	0.828942507347811
9554	XPO4	ENSG00000132953	hsa-miR-940	MIMAT0004983	0.828942053921598
9555	EPB41L1	ENSG00000088367	hsa-miR-5008-5p	MIMAT0021039	0.828941967098691
9556	WNT1	ENSG00000125084	hsa-miR-4458	MIMAT0018980	0.828940714996142
9557	MACC1	ENSG00000183742	hsa-miR-1252-3p	MIMAT0026744	0.828934147157749
9558	CNIH1	ENSG00000100528	hsa-miR-21-5p	MIMAT0000076	0.828933025386717
9559	SLC9A7	ENSG00000065923	hsa-miR-940	MIMAT0004983	0.8288986342811
9560	RALYL	ENSG00000184672	hsa-miR-130a-5p	MIMAT0004593	0.828897022663954
9561	PTPRG	ENSG00000144724	hsa-miR-940	MIMAT0004983	0.828894777404952
9562	CASP10	ENSG00000003400	hsa-miR-940	MIMAT0004983	0.828890486894002
9563	MOB1A	ENSG00000114978	hsa-miR-4687-3p	MIMAT0019775	0.82886679391773
9564	KHDC1L	ENSG00000256980	hsa-miR-21-5p	MIMAT0000076	0.828859934173039
9565	GRWD1	ENSG00000105447	hsa-miR-6783-5p	MIMAT0027466	0.828859383266628
9566	RAB5IF	ENSG00000101084	hsa-miR-7157-3p	MIMAT0028225	0.828858463684154
9567	NUCKS1	ENSG00000069275	hsa-miR-1252-3p	MIMAT0026744	0.828844477196542
9568	ZC3H4	ENSG00000130749	hsa-miR-940	MIMAT0004983	0.828818906210421
9569	SFT2D2	ENSG00000213064	hsa-miR-7157-3p	MIMAT0028225	0.828813344747653
9570	ACOT11	ENSG00000162390	hsa-miR-4695-5p	MIMAT0019788	0.828808895514264
9571	IVNS1ABP	ENSG00000116679	hsa-miR-765	MIMAT0003945	0.828805234164803
9572	PITPNM3	ENSG00000091622	hsa-miR-4685-5p	MIMAT0019771	0.828792749779628
9573	PTPN22	ENSG00000134242	hsa-miR-1252-3p	MIMAT0026744	0.828790663476062
9574	NKAIN3	ENSG00000185942	hsa-miR-224-5p	MIMAT0000281	0.828784720513241
9575	PARP9	ENSG00000138496	hsa-miR-6758-5p	MIMAT0027416	0.828779358518202
9576	SF1	ENSG00000168066	hsa-miR-130a-5p	MIMAT0004593	0.828757980568322
9577	KLF5	ENSG00000102554	hsa-miR-625-3p	MIMAT0004808	0.828744807525733
9578	CIITA	ENSG00000179583	hsa-miR-1252-3p	MIMAT0026744	0.828743526270379
9579	BRD9	ENSG00000028310	hsa-miR-661	MIMAT0003324	0.828716658305608
9580	ATXN7	ENSG00000163635	hsa-miR-224-5p	MIMAT0000281	0.828701187442598
9581	KIF3B	ENSG00000101350	hsa-miR-1252-3p	MIMAT0026744	0.828693700364379
9582	P2RX4	ENSG00000135124	hsa-miR-4695-5p	MIMAT0019788	0.828691213150731
9583	ZNF215	ENSG00000149054	hsa-miR-1252-3p	MIMAT0026744	0.828677872816201
9584	RASAL2	ENSG00000075391	hsa-miR-6783-5p	MIMAT0027466	0.828676981743537
9585	TMEM104	ENSG00000109066	hsa-miR-661	MIMAT0003324	0.828664543030259
9586	MICU2	ENSG00000165487	hsa-miR-3682-5p	MIMAT0019222	0.828634194922332
9587	FOXN3	ENSG00000053254	hsa-miR-1252-3p	MIMAT0026744	0.828633016250671
9588	RBFOX2	ENSG00000100320	hsa-miR-4458	MIMAT0018980	0.828631683340517
9589	CD86	ENSG00000114013	hsa-miR-6127	MIMAT0024610	0.828631257122035
9590	SPDYE16	ENSG00000185040	hsa-miR-940	MIMAT0004983	0.828584585662091
9591	OR10H5	ENSG00000172519	hsa-miR-4695-5p	MIMAT0019788	0.828576700208669
9592	MMS22L	ENSG00000146263	hsa-miR-657	MIMAT0003335	0.828571577795533
9593	TMC8	ENSG00000167895	hsa-miR-5008-5p	MIMAT0021039	0.828565799801561
9594	C12orf45	ENSG00000151131	hsa-miR-7157-3p	MIMAT0028225	0.828543452846772
9595	USP13	ENSG00000058056	hsa-miR-940	MIMAT0004983	0.828541850005317
9596	CBX6	ENSG00000183741	hsa-miR-661	MIMAT0003324	0.82853118565551
9597	ZHX2	ENSG00000178764	hsa-miR-183-5p	MIMAT0000261	0.828517189452115
9598	ADIPOR1	ENSG00000159346	hsa-miR-765	MIMAT0003945	0.828492470557592
9599	CASK	ENSG00000147044	hsa-miR-6127	MIMAT0024610	0.828484752490288
9600	IL36G	ENSG00000136688	hsa-miR-1252-3p	MIMAT0026744	0.828479842939722
9601	SLC16A12	ENSG00000152779	hsa-miR-4465	MIMAT0018992	0.828479726205941
9602	SYNCRIP	ENSG00000135316	hsa-miR-7855-5p	MIMAT0030430	0.828470302779178
9603	ATL2	ENSG00000119787	hsa-miR-183-5p	MIMAT0000261	0.828464261084007
9604	KCNJ6	ENSG00000157542	hsa-miR-657	MIMAT0003335	0.828452481880805
9605	MTUS2	ENSG00000132938	hsa-miR-657	MIMAT0003335	0.828441610057255
9606	HEMK1	ENSG00000114735	hsa-miR-4446-3p	MIMAT0018965	0.828429399186023
9607	ARID3B	ENSG00000179361	hsa-miR-7157-3p	MIMAT0028225	0.82841531305132
9608	PKIA	ENSG00000171033	hsa-miR-4465	MIMAT0018992	0.828408163133769
9609	RIOK1	ENSG00000124784	hsa-miR-21-5p	MIMAT0000076	0.828397125645869
9610	DGKH	ENSG00000102780	hsa-miR-7855-5p	MIMAT0030430	0.828384232403303
9611	ST8SIA2	ENSG00000140557	hsa-miR-5008-5p	MIMAT0021039	0.828383860674626
9612	GPR135	ENSG00000181619	hsa-miR-130a-5p	MIMAT0004593	0.828383334615004
9613	NAGA	ENSG00000198951	hsa-miR-661	MIMAT0003324	0.828369340702186
9614	STKLD1	ENSG00000198870	hsa-miR-940	MIMAT0004983	0.828354516474092
9615	KNDC1	ENSG00000171798	hsa-miR-765	MIMAT0003945	0.828351481876213
9616	AQR	ENSG00000021776	hsa-miR-4695-5p	MIMAT0019788	0.828344557935179
9617	ZBTB34	ENSG00000177125	hsa-miR-7855-5p	MIMAT0030430	0.828329593614779
9618	LNX2	ENSG00000139517	hsa-miR-1252-3p	MIMAT0026744	0.828317567468955
9619	ZBTB39	ENSG00000166860	hsa-miR-4695-5p	MIMAT0019788	0.82831333102358
9620	SNTB1	ENSG00000172164	hsa-miR-224-5p	MIMAT0000281	0.828313070234515
9621	CHD2	ENSG00000173575	hsa-miR-5008-5p	MIMAT0021039	0.828289504548504
9622	NIPBL	ENSG00000164190	hsa-miR-625-3p	MIMAT0004808	0.828281358057532
9623	ETF1	ENSG00000120705	hsa-miR-6127	MIMAT0024610	0.828277674878133
9624	CDNF	ENSG00000185267	hsa-miR-224-5p	MIMAT0000281	0.828276666837515
9625	FAM107A	ENSG00000168309	hsa-miR-4292	MIMAT0016919	0.828274225376378
9626	CELF4	ENSG00000101489	hsa-miR-765	MIMAT0003945	0.828269506469715
9627	PLA2G4F	ENSG00000168907	hsa-miR-661	MIMAT0003324	0.82823310398638
9628	RSAD1	ENSG00000136444	hsa-miR-4292	MIMAT0016919	0.828223751358226
9629	OSBPL3	ENSG00000070882	hsa-miR-940	MIMAT0004983	0.828218915210304
9630	GPR15	ENSG00000154165	hsa-miR-224-5p	MIMAT0000281	0.828218291709397
9631	NBPF3	ENSG00000142794	hsa-miR-1252-3p	MIMAT0026744	0.828209405630438
9632	GPR139	ENSG00000180269	hsa-miR-7855-5p	MIMAT0030430	0.828190186860321
9633	KDM6A	ENSG00000147050	hsa-miR-6758-5p	MIMAT0027416	0.828162175090374
9634	CPSF7	ENSG00000149532	hsa-miR-765	MIMAT0003945	0.828150827253705
9635	DSC2	ENSG00000134755	hsa-miR-3682-5p	MIMAT0019222	0.828145668023423
9636	ZNF774	ENSG00000196391	hsa-miR-940	MIMAT0004983	0.828119634993682
9637	FLRT2	ENSG00000185070	hsa-miR-224-5p	MIMAT0000281	0.828100428419812
9638	MSMO1	ENSG00000052802	hsa-miR-4465	MIMAT0018992	0.828084716753012
9639	ABTB2	ENSG00000166016	hsa-miR-5008-5p	MIMAT0021039	0.828083274895142
9640	SCIN	ENSG00000006747	hsa-miR-7157-3p	MIMAT0028225	0.828082956601897
9641	ZNF141	ENSG00000131127	hsa-miR-657	MIMAT0003335	0.82806678796456
9642	DDX4	ENSG00000152670	hsa-miR-4465	MIMAT0018992	0.828021041289518
9643	TTC21B	ENSG00000123607	hsa-miR-3682-5p	MIMAT0019222	0.828008976375093
9644	KRTAP1-1	ENSG00000188581	hsa-miR-130a-5p	MIMAT0004593	0.828007369837404
9645	KCNE5	ENSG00000176076	hsa-miR-6127	MIMAT0024610	0.827990911969078
9646	TMEM164	ENSG00000157600	hsa-miR-6127	MIMAT0024610	0.827966289143254
9647	KCNN3	ENSG00000143603	hsa-miR-940	MIMAT0004983	0.827959800531007
9648	MUC16	ENSG00000181143	hsa-miR-4687-3p	MIMAT0019775	0.827958063436452
9649	CDH10	ENSG00000040731	hsa-miR-1252-3p	MIMAT0026744	0.827939669674894
9650	BAZ2B	ENSG00000123636	hsa-miR-1252-3p	MIMAT0026744	0.827922770134882
9651	LEKR1	ENSG00000197980	hsa-miR-130a-5p	MIMAT0004593	0.827908380158102
9652	PDE7A	ENSG00000205268	hsa-miR-4465	MIMAT0018992	0.827870673518116
9653	C20orf203	ENSG00000198547	hsa-miR-6783-5p	MIMAT0027466	0.827867368185039
9654	FARP1	ENSG00000152767	hsa-miR-130a-5p	MIMAT0004593	0.827857924910515
9655	PRKX	ENSG00000183943	hsa-miR-7157-3p	MIMAT0028225	0.82783492471444
9656	BEND3	ENSG00000178409	hsa-miR-6758-5p	MIMAT0027416	0.827829709123258
9657	HNF1A	ENSG00000135100	hsa-miR-4685-5p	MIMAT0019771	0.827824707087421
9658	ETV5	ENSG00000244405	hsa-miR-6783-5p	MIMAT0027466	0.827805209295265
9659	PRKG1	ENSG00000185532	hsa-miR-1252-3p	MIMAT0026744	0.827785272236294
9660	MEF2C	ENSG00000081189	hsa-miR-4465	MIMAT0018992	0.827770938882824
9661	CREG2	ENSG00000175874	hsa-miR-21-5p	MIMAT0000076	0.827763766135235
9662	NF1	ENSG00000196712	hsa-miR-6783-5p	MIMAT0027466	0.827763224724838
9663	KLHL23	ENSG00000213160	hsa-miR-183-5p	MIMAT0000261	0.8277538722532
9664	TUG1	ENSG00000253352	hsa-miR-1252-3p	MIMAT0026744	0.827748830198825
9665	YOD1	ENSG00000180667	hsa-miR-183-5p	MIMAT0000261	0.827726846023589
9666	RAB6C	ENSG00000222014	hsa-miR-21-5p	MIMAT0000076	0.82771498439207
9667	TCAIM	ENSG00000179152	hsa-miR-7855-5p	MIMAT0030430	0.827686195948268
9668	CRTAP	ENSG00000170275	hsa-miR-4687-3p	MIMAT0019775	0.827680768753219
9669	ETV3L	ENSG00000253831	hsa-miR-661	MIMAT0003324	0.827672333753868
9670	CECR2	ENSG00000099954	hsa-miR-940	MIMAT0004983	0.827655898263629
9671	PIP5K1B	ENSG00000107242	hsa-miR-625-3p	MIMAT0004808	0.827653785209021
9672	TRPS1	ENSG00000104447	hsa-miR-1252-3p	MIMAT0026744	0.827653369995634
9673	MARK1	ENSG00000116141	hsa-miR-4465	MIMAT0018992	0.827637910146921
9674	DSEL	ENSG00000171451	hsa-miR-1252-3p	MIMAT0026744	0.82762905741799
9675	ZNF710	ENSG00000140548	hsa-miR-940	MIMAT0004983	0.827580691072596
9676	DENND1A	ENSG00000119522	hsa-miR-7157-3p	MIMAT0028225	0.827579659368797
9677	MAP3K8	ENSG00000107968	hsa-miR-1252-3p	MIMAT0026744	0.827568036181754
9678	SLC9A6	ENSG00000198689	hsa-miR-940	MIMAT0004983	0.827536682114002
9679	GCC1	ENSG00000179562	hsa-miR-224-5p	MIMAT0000281	0.827529725607132
9680	TMEM178B	ENSG00000261115	hsa-miR-765	MIMAT0003945	0.827529477419417
9681	ACTR10	ENSG00000131966	hsa-miR-1252-3p	MIMAT0026744	0.827504672954195
9682	NRN1	ENSG00000124785	hsa-miR-4687-3p	MIMAT0019775	0.82749908951451
9683	SLC38A6	ENSG00000139974	hsa-miR-6783-5p	MIMAT0027466	0.827489557551495
9684	KCNMB4	ENSG00000135643	hsa-miR-4685-5p	MIMAT0019771	0.827469279299901
9685	DOC2A	ENSG00000149927	hsa-miR-92a-1-5p	MIMAT0004507	0.827454223674454
9686	CYRIB	ENSG00000153310	hsa-miR-1252-3p	MIMAT0026744	0.827438595125985
9687	XCR1	ENSG00000173578	hsa-miR-4685-5p	MIMAT0019771	0.827428196812876
9688	SLC10A7	ENSG00000120519	hsa-miR-4687-3p	MIMAT0019775	0.827424886282721
9689	PABPC5	ENSG00000174740	hsa-miR-1252-3p	MIMAT0026744	0.827412761346046
9690	MOB1B	ENSG00000173542	hsa-miR-1252-3p	MIMAT0026744	0.827401045508894
9691	ARNTL2	ENSG00000029153	hsa-miR-130a-5p	MIMAT0004593	0.827395889664883
9692	HLF	ENSG00000108924	hsa-miR-940	MIMAT0004983	0.827387522546646
9693	ACADL	ENSG00000115361	hsa-miR-3682-5p	MIMAT0019222	0.827384796857467
9694	SOX6	ENSG00000110693	hsa-miR-940	MIMAT0004983	0.827373544317884
9695	NAP1L1	ENSG00000187109	hsa-miR-3682-5p	MIMAT0019222	0.827365749454269
9696	SIKE1	ENSG00000052723	hsa-miR-1252-3p	MIMAT0026744	0.82735322935211
9697	RTN4	ENSG00000115310	hsa-miR-7157-3p	MIMAT0028225	0.827352818161211
9698	SLC22A11	ENSG00000168065	hsa-miR-657	MIMAT0003335	0.827327599414168
9699	YIPF4	ENSG00000119820	hsa-miR-7157-3p	MIMAT0028225	0.827320601082433
9700	SLC35F2	ENSG00000110660	hsa-miR-7855-5p	MIMAT0030430	0.827316430033269
9701	SUFU	ENSG00000107882	hsa-miR-4446-3p	MIMAT0018965	0.827314646912407
9702	TMEM59L	ENSG00000105696	hsa-miR-765	MIMAT0003945	0.827305226704703
9703	GRIP2	ENSG00000144596	hsa-miR-7855-5p	MIMAT0030430	0.827280300177505
9704	ARRDC4	ENSG00000140450	hsa-miR-224-5p	MIMAT0000281	0.827269979733512
9705	TSPYL4	ENSG00000187189	hsa-miR-4465	MIMAT0018992	0.827269241672873
9706	ELOA	ENSG00000011007	hsa-miR-1252-3p	MIMAT0026744	0.827259648199202
9707	BRWD3	ENSG00000165288	hsa-miR-661	MIMAT0003324	0.827245313870937
9708	BCL6	ENSG00000113916	hsa-miR-4695-5p	MIMAT0019788	0.827238593954985
9709	AGO3	ENSG00000126070	hsa-miR-6822-3p	MIMAT0027545	0.827224111407768
9710	ARHGAP23	ENSG00000275832	hsa-miR-1252-3p	MIMAT0026744	0.827201676769409
9711	SSX7	ENSG00000187754	hsa-miR-6783-5p	MIMAT0027466	0.827165384333795
9712	ROBO2	ENSG00000185008	hsa-miR-4687-3p	MIMAT0019775	0.827158813374867
9713	STOML1	ENSG00000067221	hsa-miR-765	MIMAT0003945	0.827156007621421
9714	RAB14	ENSG00000119396	hsa-miR-7855-5p	MIMAT0030430	0.827143611137821
9715	VPS53	ENSG00000141252	hsa-miR-4695-5p	MIMAT0019788	0.827143140856896
9716	SAMD13	ENSG00000203943	hsa-miR-130a-5p	MIMAT0004593	0.827121351034945
9717	DPF3	ENSG00000205683	hsa-miR-4695-5p	MIMAT0019788	0.827101166527838
9718	SRGAP1	ENSG00000196935	hsa-miR-6783-5p	MIMAT0027466	0.827085965473894
9719	SLCO1A2	ENSG00000084453	hsa-miR-6127	MIMAT0024610	0.82708317908233
9720	KIN	ENSG00000151657	hsa-miR-1252-3p	MIMAT0026744	0.827074179888467
9721	OR2AT4	ENSG00000171561	hsa-miR-625-3p	MIMAT0004808	0.827061939675006
9722	ZNF300	ENSG00000145908	hsa-miR-1252-3p	MIMAT0026744	0.827061724243271
9723	SEMA3A	ENSG00000075213	hsa-miR-21-5p	MIMAT0000076	0.827051135399147
9724	CPT2	ENSG00000157184	hsa-miR-940	MIMAT0004983	0.827025597726606
9725	HIF1AN	ENSG00000166135	hsa-miR-4458	MIMAT0018980	0.827013938448735
9726	STARD13	ENSG00000133121	hsa-miR-92a-1-5p	MIMAT0004507	0.826990812172115
9727	RALGPS2	ENSG00000116191	hsa-miR-6783-5p	MIMAT0027466	0.826956430324482
9728	TLK2	ENSG00000146872	hsa-miR-224-5p	MIMAT0000281	0.826955278593963
9729	ZNF221	ENSG00000159905	hsa-miR-5008-5p	MIMAT0021039	0.826950825901697
9730	HAPLN1	ENSG00000145681	hsa-miR-1252-3p	MIMAT0026744	0.826944180291404
9731	CHST2	ENSG00000175040	hsa-miR-224-5p	MIMAT0000281	0.826943607905938
9732	GJD3	ENSG00000183153	hsa-miR-765	MIMAT0003945	0.826934737814693
9733	TRMT13	ENSG00000122435	hsa-miR-4458	MIMAT0018980	0.826920299615706
9734	ACE	ENSG00000159640	hsa-miR-5008-5p	MIMAT0021039	0.826917786509232
9735	SAMD5	ENSG00000203727	hsa-miR-1252-3p	MIMAT0026744	0.826908272048699
9736	SMC5	ENSG00000198887	hsa-miR-657	MIMAT0003335	0.82690199986993
9737	PAN3	ENSG00000152520	hsa-miR-1252-3p	MIMAT0026744	0.826891284700247
9738	YIPF6	ENSG00000181704	hsa-miR-5008-5p	MIMAT0021039	0.826875863143477
9739	ETV3	ENSG00000117036	hsa-miR-130a-5p	MIMAT0004593	0.826861770966699
9740	CASP2	ENSG00000106144	hsa-miR-940	MIMAT0004983	0.82681054385557
9741	CDCA7L	ENSG00000164649	hsa-miR-7157-3p	MIMAT0028225	0.826799351095266
9742	HECTD3	ENSG00000126107	hsa-miR-5008-5p	MIMAT0021039	0.82679860264079
9743	PLLP	ENSG00000102934	hsa-miR-940	MIMAT0004983	0.826765309591001
9744	MTURN	ENSG00000180354	hsa-miR-130a-5p	MIMAT0004593	0.826762055729365
9745	SIN3A	ENSG00000169375	hsa-miR-92a-1-5p	MIMAT0004507	0.826761453120363
9746	KIAA1671	ENSG00000197077	hsa-miR-940	MIMAT0004983	0.826759586554622
9747	NUP160	ENSG00000030066	hsa-miR-224-5p	MIMAT0000281	0.826757860247566
9748	ADAMTS3	ENSG00000156140	hsa-miR-130a-5p	MIMAT0004593	0.826757042683822
9749	BMPR1A	ENSG00000107779	hsa-miR-1252-3p	MIMAT0026744	0.826756310832387
9750	KCNK10	ENSG00000100433	hsa-miR-4695-5p	MIMAT0019788	0.826755247877561
9751	CDC34	ENSG00000099804	hsa-miR-4458	MIMAT0018980	0.826747346770571
9752	GPR65	ENSG00000140030	hsa-miR-1252-3p	MIMAT0026744	0.826734426565719
9753	MUC16	ENSG00000181143	hsa-miR-7157-3p	MIMAT0028225	0.826727985725475
9754	MLEC	ENSG00000110917	hsa-miR-4292	MIMAT0016919	0.826710698733969
9755	WNT5A	ENSG00000114251	hsa-miR-6758-5p	MIMAT0027416	0.826691614407678
9756	PEAR1	ENSG00000187800	hsa-miR-4446-3p	MIMAT0018965	0.826687254151704
9757	A1CF	ENSG00000148584	hsa-miR-6822-3p	MIMAT0027545	0.826673267651933
9758	DCLK3	ENSG00000163673	hsa-miR-4687-3p	MIMAT0019775	0.826643846115928
9759	KLF17	ENSG00000171872	hsa-miR-1911-5p	MIMAT0007885	0.826641130992896
9760	ZNF197	ENSG00000186448	hsa-miR-183-5p	MIMAT0000261	0.826628626987072
9761	DAB2IP	ENSG00000136848	hsa-miR-940	MIMAT0004983	0.826608837242227
9762	RNFT2	ENSG00000135119	hsa-miR-6783-5p	MIMAT0027466	0.826578739089776
9763	MASP1	ENSG00000127241	hsa-miR-661	MIMAT0003324	0.826563906469736
9764	MMACHC	ENSG00000132763	hsa-miR-4695-5p	MIMAT0019788	0.826558956363656
9765	CAMSAP1	ENSG00000130559	hsa-miR-4465	MIMAT0018992	0.826558674456927
9766	BOC	ENSG00000144857	hsa-miR-661	MIMAT0003324	0.82653161765244
9767	SGCE	ENSG00000127990	hsa-miR-4687-3p	MIMAT0019775	0.82652854891152
9768	GRAMD1C	ENSG00000178075	hsa-miR-1252-3p	MIMAT0026744	0.826524647991192
9769	ZNF41	ENSG00000147124	hsa-miR-1252-3p	MIMAT0026744	0.826516312168823
9770	ZNF697	ENSG00000143067	hsa-miR-4458	MIMAT0018980	0.826508329888273
9771	FBXO27	ENSG00000161243	hsa-miR-92a-1-5p	MIMAT0004507	0.826491596955744
9772	KLRD1	ENSG00000134539	hsa-miR-4695-5p	MIMAT0019788	0.826487328159952
9773	KCNMB1	ENSG00000145936	hsa-miR-765	MIMAT0003945	0.826483671771859
9774	AP000356.5	ENSG00000286070	hsa-miR-661	MIMAT0003324	0.826434860242678
9775	SLC7A14	ENSG00000013293	hsa-miR-3682-5p	MIMAT0019222	0.826433617884448
9776	MATN1	ENSG00000162510	hsa-miR-940	MIMAT0004983	0.826428503188142
9777	MNT	ENSG00000070444	hsa-miR-657	MIMAT0003335	0.826427037225154
9778	G6PC	ENSG00000131482	hsa-miR-6783-5p	MIMAT0027466	0.826405081926338
9779	AGO3	ENSG00000126070	hsa-miR-1252-3p	MIMAT0026744	0.826395473171754
9780	SAMD4B	ENSG00000179134	hsa-miR-940	MIMAT0004983	0.82639325236769
9781	KCNH2	ENSG00000055118	hsa-miR-4292	MIMAT0016919	0.826392004334445
9782	TTLL4	ENSG00000135912	hsa-miR-6127	MIMAT0024610	0.8263882980872
9783	CUX1	ENSG00000257923	hsa-miR-940	MIMAT0004983	0.82637813959658
9784	NAP1L1	ENSG00000187109	hsa-miR-4458	MIMAT0018980	0.826366665037162
9785	IL12B	ENSG00000113302	hsa-miR-6758-5p	MIMAT0027416	0.826361578171452
9786	ZNF506	ENSG00000081665	hsa-miR-661	MIMAT0003324	0.82634781861829
9787	SLC7A9	ENSG00000021488	hsa-miR-1252-3p	MIMAT0026744	0.826338438447129
9788	CRY2	ENSG00000121671	hsa-miR-940	MIMAT0004983	0.826337636506268
9789	MEIS1	ENSG00000143995	hsa-miR-4695-5p	MIMAT0019788	0.826337123913511
9790	ZFHX4	ENSG00000091656	hsa-miR-4465	MIMAT0018992	0.826327589186143
9791	PBX1	ENSG00000185630	hsa-miR-6783-5p	MIMAT0027466	0.826304396897975
9792	TIMMDC1	ENSG00000113845	hsa-miR-1252-3p	MIMAT0026744	0.826298079167704
9793	EXTL2	ENSG00000162694	hsa-miR-765	MIMAT0003945	0.826277108802851
9794	CASZ1	ENSG00000130940	hsa-miR-1252-3p	MIMAT0026744	0.826276652075555
9795	SH2D6	ENSG00000152292	hsa-miR-5008-5p	MIMAT0021039	0.826268458370492
9796	CCDC73	ENSG00000186714	hsa-miR-1252-3p	MIMAT0026744	0.826266184941503
9797	INHA	ENSG00000123999	hsa-miR-224-5p	MIMAT0000281	0.826255478063293
9798	OR2L3	ENSG00000198128	hsa-miR-1911-5p	MIMAT0007885	0.82624374695585
9799	NECTIN1	ENSG00000110400	hsa-miR-765	MIMAT0003945	0.82623563848021
9800	VANGL2	ENSG00000162738	hsa-miR-6783-5p	MIMAT0027466	0.826219192353239
9801	THBS3	ENSG00000169231	hsa-miR-183-5p	MIMAT0000261	0.826196082677994
9802	MAX	ENSG00000125952	hsa-miR-4446-3p	MIMAT0018965	0.826182190347142
9803	BID	ENSG00000015475	hsa-miR-4685-5p	MIMAT0019771	0.826177822796003
9804	HNRNPUL1	ENSG00000105323	hsa-miR-661	MIMAT0003324	0.826171337702071
9805	KMT2E	ENSG00000005483	hsa-miR-4458	MIMAT0018980	0.826164585771511
9806	ZCCHC18	ENSG00000166707	hsa-miR-8056	MIMAT0030983	0.826146866028301
9807	ING3	ENSG00000071243	hsa-miR-4458	MIMAT0018980	0.826129627353354
9808	MTR	ENSG00000116984	hsa-miR-940	MIMAT0004983	0.826105295814263
9809	AMOTL2	ENSG00000114019	hsa-miR-4695-5p	MIMAT0019788	0.826098044159757
9810	FKBP1A	ENSG00000088832	hsa-miR-183-5p	MIMAT0000261	0.826096901946025
9811	CEACAM1	ENSG00000079385	hsa-miR-7855-5p	MIMAT0030430	0.826095866215579
9812	ZXDA	ENSG00000198205	hsa-miR-4685-5p	MIMAT0019771	0.826090104599876
9813	MFGE8	ENSG00000140545	hsa-miR-4685-5p	MIMAT0019771	0.826085466914642
9814	OTUD7A	ENSG00000169918	hsa-miR-4685-5p	MIMAT0019771	0.826080786375549
9815	LRRC27	ENSG00000148814	hsa-miR-4695-5p	MIMAT0019788	0.826078569386844
9816	RGP1	ENSG00000107185	hsa-miR-4292	MIMAT0016919	0.826067295067998
9817	MPDZ	ENSG00000107186	hsa-miR-3682-5p	MIMAT0019222	0.826046329519478
9818	AMOT	ENSG00000126016	hsa-miR-4458	MIMAT0018980	0.826033276643664
9819	CTSH	ENSG00000103811	hsa-miR-5008-5p	MIMAT0021039	0.826007808479555
9820	MRE11	ENSG00000020922	hsa-miR-130a-5p	MIMAT0004593	0.826003652752582
9821	RANBP17	ENSG00000204764	hsa-miR-940	MIMAT0004983	0.82600220697748
9822	HNRNPD	ENSG00000138668	hsa-miR-1252-3p	MIMAT0026744	0.825996950724902
9823	PLEKHG4	ENSG00000196155	hsa-miR-4695-5p	MIMAT0019788	0.825982630100246
9824	SLC35G1	ENSG00000176273	hsa-miR-4465	MIMAT0018992	0.825968771828473
9825	NDUFA9	ENSG00000139180	hsa-miR-6783-5p	MIMAT0027466	0.825956917931374
9826	OPALIN	ENSG00000197430	hsa-miR-4292	MIMAT0016919	0.825952573390849
9827	TENM4	ENSG00000149256	hsa-miR-4685-5p	MIMAT0019771	0.82593923099683
9828	SPRY3	ENSG00000168939	hsa-miR-4292	MIMAT0016919	0.825928363345695
9829	GDAP2	ENSG00000196505	hsa-miR-6783-5p	MIMAT0027466	0.825916210159144
9830	TP53TG3E	ENSG00000275034	hsa-miR-1252-3p	MIMAT0026744	0.825907264259589
9831	AMER1	ENSG00000184675	hsa-miR-940	MIMAT0004983	0.825897439078165
9832	HIRA	ENSG00000100084	hsa-miR-130a-5p	MIMAT0004593	0.82588545517528
9833	CCNB1	ENSG00000134057	hsa-miR-183-5p	MIMAT0000261	0.825837572782286
9834	UBE2G1	ENSG00000132388	hsa-miR-4465	MIMAT0018992	0.825836150016272
9835	DOK3	ENSG00000146094	hsa-miR-765	MIMAT0003945	0.825833161229065
9836	ATAD3C	ENSG00000215915	hsa-miR-4687-3p	MIMAT0019775	0.825823826140495
9837	FAM111A	ENSG00000166801	hsa-miR-661	MIMAT0003324	0.825822689535792
9838	MEGF9	ENSG00000106780	hsa-miR-1252-3p	MIMAT0026744	0.82581651590331
9839	CPPED1	ENSG00000103381	hsa-miR-4687-3p	MIMAT0019775	0.825815604965169
9840	LRRC7	ENSG00000033122	hsa-miR-4695-5p	MIMAT0019788	0.825811358320905
9841	SNRPD1	ENSG00000167088	hsa-miR-4695-5p	MIMAT0019788	0.825810952520627
9842	MON1B	ENSG00000103111	hsa-miR-4446-3p	MIMAT0018965	0.825791955584437
9843	IGSF9B	ENSG00000080854	hsa-miR-657	MIMAT0003335	0.825789924456798
9844	MARCHF3	ENSG00000173926	hsa-miR-4446-3p	MIMAT0018965	0.82578981269388
9845	XRCC2	ENSG00000196584	hsa-miR-661	MIMAT0003324	0.825781154601939
9846	LDLRAD1	ENSG00000203985	hsa-miR-765	MIMAT0003945	0.825775759172397
9847	OR2AT4	ENSG00000171561	hsa-miR-7157-3p	MIMAT0028225	0.825774726711749
9848	TCAF1	ENSG00000198420	hsa-miR-130a-5p	MIMAT0004593	0.825759927173537
9849	SSX2B	ENSG00000268447	hsa-miR-4695-5p	MIMAT0019788	0.825747563248615
9850	RNF165	ENSG00000141622	hsa-miR-4695-5p	MIMAT0019788	0.825738550208112
9851	SERAC1	ENSG00000122335	hsa-miR-1252-3p	MIMAT0026744	0.825727796286815
9852	VPS53	ENSG00000141252	hsa-miR-7157-3p	MIMAT0028225	0.825715240816586
9853	EBF1	ENSG00000164330	hsa-miR-1252-3p	MIMAT0026744	0.825709699624912
9854	ARL5B	ENSG00000165997	hsa-miR-6127	MIMAT0024610	0.825699142515763
9855	C10orf67	ENSG00000179133	hsa-miR-6758-5p	MIMAT0027416	0.825692609116779
9856	ACTR1A	ENSG00000138107	hsa-miR-4685-5p	MIMAT0019771	0.825689387832038
9857	KAT14	ENSG00000149474	hsa-miR-92a-1-5p	MIMAT0004507	0.825682080956863
9858	ZNF774	ENSG00000196391	hsa-miR-625-3p	MIMAT0004808	0.825681401619488
9859	SYS1-DBNDD2	ENSG00000254806	hsa-miR-1911-5p	MIMAT0007885	0.825669904974282
9860	PDE10A	ENSG00000112541	hsa-miR-1252-3p	MIMAT0026744	0.825668074031896
9861	ZNF648	ENSG00000179930	hsa-miR-224-5p	MIMAT0000281	0.825666932694504
9862	FMNL3	ENSG00000161791	hsa-miR-4292	MIMAT0016919	0.82566345560255
9863	ILDR2	ENSG00000143195	hsa-miR-765	MIMAT0003945	0.82561607657236
9864	SNX27	ENSG00000143376	hsa-miR-6783-5p	MIMAT0027466	0.825606899591529
9865	PPIP5K2	ENSG00000145725	hsa-miR-224-5p	MIMAT0000281	0.82560652434844
9866	ATOH7	ENSG00000179774	hsa-miR-6783-5p	MIMAT0027466	0.825600566157178
9867	Z83844.1	ENSG00000100101	hsa-miR-765	MIMAT0003945	0.825583819663349
9868	PDIK1L	ENSG00000175087	hsa-miR-1252-3p	MIMAT0026744	0.825572159034696
9869	OR8B8	ENSG00000197125	hsa-miR-6127	MIMAT0024610	0.82552653828285
9870	TSHZ1	ENSG00000179981	hsa-miR-21-5p	MIMAT0000076	0.825507198387409
9871	SH2D1B	ENSG00000198574	hsa-miR-4695-5p	MIMAT0019788	0.825496346683428
9872	MAPK1IP1L	ENSG00000168175	hsa-miR-940	MIMAT0004983	0.825489029068475
9873	CDKL1	ENSG00000100490	hsa-miR-183-5p	MIMAT0000261	0.825476922099966
9874	SEC22B	ENSG00000265808	hsa-miR-940	MIMAT0004983	0.825471681949135
9875	TNIK	ENSG00000154310	hsa-miR-4458	MIMAT0018980	0.825464368370533
9876	LENG8	ENSG00000167615	hsa-miR-6127	MIMAT0024610	0.825456079422875
9877	NKAIN1	ENSG00000084628	hsa-miR-4685-5p	MIMAT0019771	0.825454441762628
9878	ERAP1	ENSG00000164307	hsa-miR-1252-3p	MIMAT0026744	0.825446906653626
9879	USF2	ENSG00000105698	hsa-miR-4446-3p	MIMAT0018965	0.825437284284533
9880	VCL	ENSG00000035403	hsa-miR-661	MIMAT0003324	0.82543270941172
9881	STPG2	ENSG00000163116	hsa-miR-765	MIMAT0003945	0.825427976106007
9882	TTC9	ENSG00000133985	hsa-miR-1252-3p	MIMAT0026744	0.825400140720711
9883	LONRF2	ENSG00000170500	hsa-miR-1252-3p	MIMAT0026744	0.825394848658578
9884	NCAPG	ENSG00000109805	hsa-miR-21-5p	MIMAT0000076	0.825394455831489
9885	LYRM9	ENSG00000232859	hsa-miR-765	MIMAT0003945	0.825372416413149
9886	CACNA1C	ENSG00000151067	hsa-miR-6127	MIMAT0024610	0.825371813630206
9887	TSPAN18	ENSG00000157570	hsa-miR-940	MIMAT0004983	0.825366242288524
9888	SLC35C2	ENSG00000080189	hsa-miR-4695-5p	MIMAT0019788	0.825340510743438
9889	KLF15	ENSG00000163884	hsa-miR-92a-1-5p	MIMAT0004507	0.825329128167627
9890	STUM	ENSG00000203685	hsa-miR-6127	MIMAT0024610	0.825320758578068
9891	MBNL3	ENSG00000076770	hsa-miR-657	MIMAT0003335	0.825316439028925
9892	RC3H1	ENSG00000135870	hsa-miR-3682-5p	MIMAT0019222	0.825315150795496
9893	AQP2	ENSG00000167580	hsa-miR-661	MIMAT0003324	0.825303207029247
9894	SLC13A3	ENSG00000158296	hsa-miR-6127	MIMAT0024610	0.825290302421425
9895	AFF2	ENSG00000155966	hsa-miR-4685-5p	MIMAT0019771	0.825290112597461
9896	PEX13	ENSG00000162928	hsa-miR-1252-3p	MIMAT0026744	0.825256650040787
9897	PLEKHS1	ENSG00000148735	hsa-miR-4695-5p	MIMAT0019788	0.825247329818191
9898	EHD1	ENSG00000110047	hsa-miR-21-5p	MIMAT0000076	0.825246722261943
9899	PLA2G3	ENSG00000100078	hsa-miR-5008-5p	MIMAT0021039	0.825227425726228
9900	AL109811.3	ENSG00000277726	hsa-miR-6783-5p	MIMAT0027466	0.825227346455532
9901	ADCY4	ENSG00000129467	hsa-miR-5008-5p	MIMAT0021039	0.825209501760338
9902	TNKS1BP1	ENSG00000149115	hsa-miR-765	MIMAT0003945	0.825204811720172
9903	TP53TG3	ENSG00000183632	hsa-miR-1252-3p	MIMAT0026744	0.82518836300065
9904	SYT10	ENSG00000110975	hsa-miR-224-5p	MIMAT0000281	0.825160979600968
9905	HS3ST4	ENSG00000182601	hsa-miR-765	MIMAT0003945	0.825123697549483
9906	UMAD1	ENSG00000219545	hsa-miR-4695-5p	MIMAT0019788	0.82512110654109
9907	SLAMF6	ENSG00000162739	hsa-miR-4458	MIMAT0018980	0.825120888984203
9908	CPD	ENSG00000108582	hsa-miR-6758-5p	MIMAT0027416	0.825119363261611
9909	GNL1	ENSG00000204590	hsa-miR-4687-3p	MIMAT0019775	0.825114199606831
9910	SEPTIN7	ENSG00000122545	hsa-miR-183-5p	MIMAT0000261	0.825101520682548
9911	ARFIP2	ENSG00000132254	hsa-miR-661	MIMAT0003324	0.825084265096006
9912	MUC3A	ENSG00000169894	hsa-miR-4687-3p	MIMAT0019775	0.82506679975768
9913	IVD	ENSG00000128928	hsa-miR-4446-3p	MIMAT0018965	0.825048294775926
9914	SRGAP2	ENSG00000266028	hsa-miR-940	MIMAT0004983	0.825023187215413
9915	KCNK12	ENSG00000184261	hsa-miR-4292	MIMAT0016919	0.825020559162328
9916	CDH12	ENSG00000154162	hsa-miR-183-5p	MIMAT0000261	0.824993985683047
9917	MRO	ENSG00000134042	hsa-miR-4695-5p	MIMAT0019788	0.824989245932479
9918	FKBP6	ENSG00000077800	hsa-miR-940	MIMAT0004983	0.824983228298963
9919	MAPK13	ENSG00000156711	hsa-miR-4695-5p	MIMAT0019788	0.824972520707907
9920	RPS6KA5	ENSG00000100784	hsa-miR-7157-3p	MIMAT0028225	0.824959829509574
9921	SMC1A	ENSG00000072501	hsa-miR-1252-3p	MIMAT0026744	0.824959728491841
9922	CCNJL	ENSG00000135083	hsa-miR-661	MIMAT0003324	0.824957201649692
9923	KIAA1549	ENSG00000122778	hsa-miR-224-5p	MIMAT0000281	0.824955039441966
9924	NBPF14	ENSG00000270629	hsa-miR-4446-3p	MIMAT0018965	0.824942837508776
9925	TBCD	ENSG00000141556	hsa-miR-4685-5p	MIMAT0019771	0.824939620280825
9926	STXBP5L	ENSG00000145087	hsa-miR-7157-3p	MIMAT0028225	0.824928356143128
9927	C15orf62	ENSG00000188277	hsa-miR-661	MIMAT0003324	0.824925682016522
9928	CNTN4	ENSG00000144619	hsa-miR-625-3p	MIMAT0004808	0.824918220085572
9929	CLINT1	ENSG00000113282	hsa-miR-1252-3p	MIMAT0026744	0.824903235107081
9930	EOGT	ENSG00000163378	hsa-miR-1252-3p	MIMAT0026744	0.82489456542424
9931	SERPINH1	ENSG00000149257	hsa-miR-7855-5p	MIMAT0030430	0.824883530318296
9932	MRRF	ENSG00000148187	hsa-miR-4695-5p	MIMAT0019788	0.824876500052793
9933	INKA2	ENSG00000197852	hsa-miR-92a-1-5p	MIMAT0004507	0.824851107757638
9934	ATXN10	ENSG00000130638	hsa-miR-1252-3p	MIMAT0026744	0.824833804535014
9935	TTC28	ENSG00000100154	hsa-miR-4687-3p	MIMAT0019775	0.824822768761837
9936	SPATS2L	ENSG00000196141	hsa-miR-6758-5p	MIMAT0027416	0.82481622813595
9937	WDR31	ENSG00000148225	hsa-miR-1252-3p	MIMAT0026744	0.82481108055833
9938	RICTOR	ENSG00000164327	hsa-miR-1252-3p	MIMAT0026744	0.824810953095564
9939	SAMD12	ENSG00000177570	hsa-miR-1911-5p	MIMAT0007885	0.82480379900214
9940	KRR1	ENSG00000111615	hsa-miR-765	MIMAT0003945	0.824777776757699
9941	RSF1	ENSG00000048649	hsa-miR-6758-5p	MIMAT0027416	0.824768595750147
9942	DTHD1	ENSG00000197057	hsa-miR-6758-5p	MIMAT0027416	0.824764068179727
9943	CSDC2	ENSG00000172346	hsa-miR-765	MIMAT0003945	0.82474139452952
9944	AC019117.3	ENSG00000283321	hsa-miR-6783-5p	MIMAT0027466	0.824737665296264
9945	STRIP1	ENSG00000143093	hsa-miR-4695-5p	MIMAT0019788	0.824720656302889
9946	TENT4B	ENSG00000121274	hsa-miR-1252-3p	MIMAT0026744	0.824711531291251
9947	TNIK	ENSG00000154310	hsa-miR-1252-3p	MIMAT0026744	0.824708193596165
9948	SDAD1	ENSG00000198301	hsa-miR-130a-5p	MIMAT0004593	0.82470802339052
9949	FLG2	ENSG00000143520	hsa-miR-625-3p	MIMAT0004808	0.824698941875278
9950	UHMK1	ENSG00000152332	hsa-miR-6127	MIMAT0024610	0.824689344945937
9951	HHLA1	ENSG00000132297	hsa-miR-661	MIMAT0003324	0.824684822177281
9952	ZNF727	ENSG00000214652	hsa-miR-1252-3p	MIMAT0026744	0.824675139147773
9953	TWNK	ENSG00000107815	hsa-miR-5008-5p	MIMAT0021039	0.82466787234334
9954	ELP4	ENSG00000109911	hsa-miR-1252-3p	MIMAT0026744	0.824658927992271
9955	SLC25A16	ENSG00000122912	hsa-miR-4687-3p	MIMAT0019775	0.824651066870023
9956	TP53TG3D	ENSG00000205456	hsa-miR-1252-3p	MIMAT0026744	0.824644171704238
9957	HAUS3	ENSG00000214367	hsa-miR-224-5p	MIMAT0000281	0.824637881229817
9958	GRIN2B	ENSG00000273079	hsa-miR-21-5p	MIMAT0000076	0.82463458268234
9959	PSMF1	ENSG00000125818	hsa-miR-6822-3p	MIMAT0027545	0.82462740983476
9960	DTNB	ENSG00000138101	hsa-miR-130a-5p	MIMAT0004593	0.824578494700035
9961	DDX24	ENSG00000089737	hsa-miR-6127	MIMAT0024610	0.824551128896466
9962	PHF6	ENSG00000156531	hsa-miR-3682-5p	MIMAT0019222	0.824540526886144
9963	ZNF576	ENSG00000124444	hsa-miR-4685-5p	MIMAT0019771	0.824540518499045
9964	MRPL42	ENSG00000198015	hsa-miR-7157-3p	MIMAT0028225	0.824533757727344
9965	DSC3	ENSG00000134762	hsa-miR-7157-3p	MIMAT0028225	0.824533037703925
9966	FAM95C	ENSG00000283486	hsa-miR-6127	MIMAT0024610	0.824528638231638
9967	KCNK12	ENSG00000184261	hsa-miR-765	MIMAT0003945	0.824520430127053
9968	TMEM98	ENSG00000006042	hsa-miR-661	MIMAT0003324	0.824519966849759
9969	ZNF488	ENSG00000265763	hsa-miR-4685-5p	MIMAT0019771	0.824501364660995
9970	SREK1IP1	ENSG00000153006	hsa-miR-4458	MIMAT0018980	0.824500526341072
9971	SLITRK2	ENSG00000185985	hsa-miR-1252-3p	MIMAT0026744	0.824496065674159
9972	GPD2	ENSG00000115159	hsa-miR-130a-5p	MIMAT0004593	0.824484230135349
9973	DNAJB2	ENSG00000135924	hsa-miR-5008-5p	MIMAT0021039	0.824481670743665
9974	KDM1A	ENSG00000004487	hsa-miR-4695-5p	MIMAT0019788	0.824480451750478
9975	MYZAP	ENSG00000263155	hsa-miR-6783-5p	MIMAT0027466	0.824455791129495
9976	MAB21L4	ENSG00000172478	hsa-miR-4695-5p	MIMAT0019788	0.824450287306965
9977	POLR2J2	ENSG00000228049	hsa-miR-4685-5p	MIMAT0019771	0.824447537919988
9978	PNKD	ENSG00000127838	hsa-miR-765	MIMAT0003945	0.824442374477957
9979	ZNF618	ENSG00000157657	hsa-miR-940	MIMAT0004983	0.824441405597388
9980	BBS9	ENSG00000122507	hsa-miR-224-5p	MIMAT0000281	0.824441270744186
9981	PNPLA8	ENSG00000135241	hsa-miR-1252-3p	MIMAT0026744	0.824414641498256
9982	NRIP3	ENSG00000175352	hsa-miR-4695-5p	MIMAT0019788	0.824412529555026
9983	PGK2	ENSG00000170950	hsa-miR-1252-3p	MIMAT0026744	0.824395611884798
9984	TMEM192	ENSG00000170088	hsa-miR-6783-5p	MIMAT0027466	0.824384461791741
9985	PDLIM2	ENSG00000120913	hsa-miR-4695-5p	MIMAT0019788	0.824367638378532
9986	SLC4A10	ENSG00000144290	hsa-miR-130a-5p	MIMAT0004593	0.824355726676483
9987	ZNF639	ENSG00000121864	hsa-miR-940	MIMAT0004983	0.824334772029294
9988	ADCY1	ENSG00000164742	hsa-miR-6822-3p	MIMAT0027545	0.824333295695982
9989	REV3L	ENSG00000009413	hsa-miR-6783-5p	MIMAT0027466	0.82433303896358
9990	YWHAG	ENSG00000170027	hsa-miR-4687-3p	MIMAT0019775	0.824331410085172
9991	GINS2	ENSG00000131153	hsa-miR-4446-3p	MIMAT0018965	0.824315699578045
9992	NIPA2	ENSG00000140157	hsa-miR-765	MIMAT0003945	0.824287682306064
9993	ASB16	ENSG00000161664	hsa-miR-4695-5p	MIMAT0019788	0.824284642261364
9994	LCORL	ENSG00000178177	hsa-miR-1252-3p	MIMAT0026744	0.82428233975684
9995	CDK5R1	ENSG00000176749	hsa-miR-183-5p	MIMAT0000261	0.824264228473769
9996	ZNF783	ENSG00000204946	hsa-miR-5008-5p	MIMAT0021039	0.824250267032381
9997	MUC4	ENSG00000145113	hsa-miR-6127	MIMAT0024610	0.82424916663873
9998	RNF121	ENSG00000137522	hsa-miR-5008-5p	MIMAT0021039	0.824246145963497
9999	TRPM6	ENSG00000119121	hsa-miR-6783-5p	MIMAT0027466	0.824244094789253
10000	LCE1B	ENSG00000196734	hsa-miR-7157-3p	MIMAT0028225	0.824236092216841
10001	ZFAND5	ENSG00000107372	hsa-miR-3682-5p	MIMAT0019222	0.8242218969807
10002	ZMIZ2	ENSG00000122515	hsa-miR-4446-3p	MIMAT0018965	0.824221319413855
10003	WASF2	ENSG00000158195	hsa-miR-765	MIMAT0003945	0.82421758393787
10004	CFAP299	ENSG00000197826	hsa-miR-1252-3p	MIMAT0026744	0.824214528631509
10005	PPP3CA	ENSG00000138814	hsa-miR-130a-5p	MIMAT0004593	0.824200522392793
10006	RPL37A	ENSG00000197756	hsa-miR-661	MIMAT0003324	0.824189854895495
10007	SLC12A5	ENSG00000124140	hsa-miR-6758-5p	MIMAT0027416	0.824189670779129
10008	SNX19	ENSG00000120451	hsa-miR-8056	MIMAT0030983	0.82417536408342
10009	CASTOR2	ENSG00000274070	hsa-miR-5008-5p	MIMAT0021039	0.824165134741238
10010	ZNF451	ENSG00000112200	hsa-miR-6783-5p	MIMAT0027466	0.824146262944493
10011	ADAMTS5	ENSG00000154736	hsa-miR-1252-3p	MIMAT0026744	0.824113455329124
10012	PPP6C	ENSG00000119414	hsa-miR-625-3p	MIMAT0004808	0.824097253449779
10013	RAB21	ENSG00000080371	hsa-miR-21-5p	MIMAT0000076	0.82407829951956
10014	WDR13	ENSG00000101940	hsa-miR-661	MIMAT0003324	0.824069469283042
10015	SAMD12	ENSG00000177570	hsa-miR-7157-3p	MIMAT0028225	0.824060883915232
10016	FRMD5	ENSG00000171877	hsa-miR-4687-3p	MIMAT0019775	0.824053758926799
10017	CHST9	ENSG00000154080	hsa-miR-6758-5p	MIMAT0027416	0.824047162033039
10018	GPR34	ENSG00000171659	hsa-miR-1252-3p	MIMAT0026744	0.824036502757845
10019	TUBG1	ENSG00000131462	hsa-miR-940	MIMAT0004983	0.824033778791069
10020	RB1	ENSG00000139687	hsa-miR-661	MIMAT0003324	0.824033341249012
10021	CASR	ENSG00000036828	hsa-miR-6783-5p	MIMAT0027466	0.824032279746845
10022	MLPH	ENSG00000115648	hsa-miR-4446-3p	MIMAT0018965	0.824024439537677
10023	SS18L1	ENSG00000184402	hsa-miR-1252-3p	MIMAT0026744	0.823991733344961
10024	KCNC1	ENSG00000129159	hsa-miR-657	MIMAT0003335	0.823987282226257
10025	RGMA	ENSG00000182175	hsa-miR-4292	MIMAT0016919	0.82398684759985
10026	SSR3	ENSG00000114850	hsa-miR-4292	MIMAT0016919	0.823962554923917
10027	USF3	ENSG00000176542	hsa-miR-625-3p	MIMAT0004808	0.823962505860556
10028	DTWD1	ENSG00000104047	hsa-miR-6822-3p	MIMAT0027545	0.823939638004939
10029	EXOSC9	ENSG00000123737	hsa-miR-4685-5p	MIMAT0019771	0.823938990791994
10030	CFAP43	ENSG00000197748	hsa-miR-1252-3p	MIMAT0026744	0.823934124329533
10031	GPR61	ENSG00000156097	hsa-miR-661	MIMAT0003324	0.823926159993304
10032	ZNF142	ENSG00000115568	hsa-miR-940	MIMAT0004983	0.823864966260373
10033	BAAT	ENSG00000136881	hsa-miR-130a-5p	MIMAT0004593	0.823859313559253
10034	VWA5A	ENSG00000110002	hsa-miR-765	MIMAT0003945	0.823853285967204
10035	GALNT15	ENSG00000131386	hsa-miR-4458	MIMAT0018980	0.82383981238663
10036	NHSL2	ENSG00000204131	hsa-miR-765	MIMAT0003945	0.82383160590672
10037	SPRED3	ENSG00000188766	hsa-miR-661	MIMAT0003324	0.823830032798532
10038	FAM229A	ENSG00000225828	hsa-miR-7157-3p	MIMAT0028225	0.823809204796771
10039	CKAP5	ENSG00000175216	hsa-miR-1252-3p	MIMAT0026744	0.823783071945862
10040	MYO1D	ENSG00000176658	hsa-miR-940	MIMAT0004983	0.823768903167957
10041	RBM14-RBM4	ENSG00000248643	hsa-miR-657	MIMAT0003335	0.823761581658451
10042	GABRB2	ENSG00000145864	hsa-miR-1252-3p	MIMAT0026744	0.82374986419741
10043	UNC80	ENSG00000144406	hsa-miR-21-5p	MIMAT0000076	0.823746958112692
10044	TCTE1	ENSG00000146221	hsa-miR-4292	MIMAT0016919	0.823741676014994
10045	GUCA1B	ENSG00000112599	hsa-miR-4685-5p	MIMAT0019771	0.823721228959569
10046	OSBPL9	ENSG00000117859	hsa-miR-4685-5p	MIMAT0019771	0.823713789022625
10047	SYT9	ENSG00000170743	hsa-miR-6127	MIMAT0024610	0.823713196972909
10048	MGAT4C	ENSG00000182050	hsa-miR-3682-5p	MIMAT0019222	0.823711487336252
10049	CAPN6	ENSG00000077274	hsa-miR-92a-1-5p	MIMAT0004507	0.823706823614023
10050	ANKS6	ENSG00000165138	hsa-miR-940	MIMAT0004983	0.823705941716927
10051	GATD1	ENSG00000177225	hsa-miR-4695-5p	MIMAT0019788	0.823691527321164
10052	IGSF9B	ENSG00000080854	hsa-miR-4695-5p	MIMAT0019788	0.823690071994522
10053	ATL1	ENSG00000198513	hsa-miR-7855-5p	MIMAT0030430	0.823677187612295
10054	SNTA1	ENSG00000101400	hsa-miR-5008-5p	MIMAT0021039	0.82363479621435
10055	ANKRD52	ENSG00000139645	hsa-miR-4446-3p	MIMAT0018965	0.823634272588661
10056	CSRNP3	ENSG00000178662	hsa-miR-224-5p	MIMAT0000281	0.823625676994758
10057	RLF	ENSG00000117000	hsa-miR-4465	MIMAT0018992	0.823618128179376
10058	PEX13	ENSG00000162928	hsa-miR-224-5p	MIMAT0000281	0.823616915934757
10059	CXCL16	ENSG00000161921	hsa-miR-4695-5p	MIMAT0019788	0.823614763903942
10060	MADCAM1	ENSG00000099866	hsa-miR-657	MIMAT0003335	0.823612456276475
10061	CFL2	ENSG00000165410	hsa-miR-1252-3p	MIMAT0026744	0.823604634346283
10062	YPEL2	ENSG00000175155	hsa-miR-4695-5p	MIMAT0019788	0.823585738728964
10063	JAK1	ENSG00000162434	hsa-miR-7855-5p	MIMAT0030430	0.823584935873498
10064	ZNF283	ENSG00000167637	hsa-miR-4695-5p	MIMAT0019788	0.823575649939925
10065	NBEA	ENSG00000172915	hsa-miR-7855-5p	MIMAT0030430	0.823562908163943
10066	ZC3H12B	ENSG00000102053	hsa-miR-4292	MIMAT0016919	0.823528275730599
10067	ATP2B4	ENSG00000058668	hsa-miR-21-5p	MIMAT0000076	0.823519566239651
10068	SLC25A37	ENSG00000147454	hsa-miR-940	MIMAT0004983	0.823518859835124
10069	VWA5B1	ENSG00000158816	hsa-miR-5008-5p	MIMAT0021039	0.823498577374044
10070	PROB1	ENSG00000228672	hsa-miR-4685-5p	MIMAT0019771	0.823496522113216
10071	EIF2S1	ENSG00000134001	hsa-miR-4465	MIMAT0018992	0.823478726674953
10072	ADGRL1	ENSG00000072071	hsa-miR-4695-5p	MIMAT0019788	0.823475237011196
10073	FRS2	ENSG00000166225	hsa-miR-6783-5p	MIMAT0027466	0.823470272894258
10074	IGF2R	ENSG00000197081	hsa-miR-657	MIMAT0003335	0.823469323637711
10075	SERPINH1	ENSG00000149257	hsa-miR-940	MIMAT0004983	0.823455672918497
10076	AKAP7	ENSG00000118507	hsa-miR-183-5p	MIMAT0000261	0.823436818088086
10077	CD200R1L	ENSG00000206531	hsa-miR-765	MIMAT0003945	0.823413852996227
10078	QKI	ENSG00000112531	hsa-miR-6127	MIMAT0024610	0.82340729585789
10079	AC010132.3	ENSG00000256646	hsa-miR-625-3p	MIMAT0004808	0.823406394306078
10080	ABCG2	ENSG00000118777	hsa-miR-4687-3p	MIMAT0019775	0.823403006845979
10081	POLR1F	ENSG00000105849	hsa-miR-625-3p	MIMAT0004808	0.823393931263927
10082	OAZ2	ENSG00000180304	hsa-miR-4685-5p	MIMAT0019771	0.823391694871665
10083	IL22RA2	ENSG00000164485	hsa-miR-6127	MIMAT0024610	0.823385119673966
10084	SMC2	ENSG00000136824	hsa-miR-1252-3p	MIMAT0026744	0.823370741761269
10085	LYN	ENSG00000254087	hsa-miR-1252-3p	MIMAT0026744	0.823366957459707
10086	HOXB6	ENSG00000108511	hsa-miR-3682-5p	MIMAT0019222	0.823365322534714
10087	CHRNA7	ENSG00000175344	hsa-miR-1252-3p	MIMAT0026744	0.823355407751492
10088	MED13	ENSG00000108510	hsa-miR-7157-3p	MIMAT0028225	0.823346199740722
10089	MTHFD1	ENSG00000100714	hsa-miR-21-5p	MIMAT0000076	0.823326111515247
10090	ATP7A	ENSG00000165240	hsa-miR-130a-5p	MIMAT0004593	0.823316200319232
10091	CPLANE1	ENSG00000197603	hsa-miR-4695-5p	MIMAT0019788	0.823315346714827
10092	LHX8	ENSG00000162624	hsa-miR-625-3p	MIMAT0004808	0.82331335450653
10093	TFCP2L1	ENSG00000115112	hsa-miR-4458	MIMAT0018980	0.823281937121828
10094	KCNE3	ENSG00000175538	hsa-miR-224-5p	MIMAT0000281	0.823261949475444
10095	DDX3X	ENSG00000215301	hsa-miR-4465	MIMAT0018992	0.823257769746476
10096	CERS2	ENSG00000143418	hsa-miR-940	MIMAT0004983	0.823253659499877
10097	GALNT1	ENSG00000141429	hsa-miR-3682-5p	MIMAT0019222	0.823245866279366
10098	CCSER1	ENSG00000184305	hsa-miR-130a-5p	MIMAT0004593	0.823234499290056
10099	ZDHHC15	ENSG00000102383	hsa-miR-1252-3p	MIMAT0026744	0.823228365811261
10100	CDC42	ENSG00000070831	hsa-miR-661	MIMAT0003324	0.823222973282288
10101	PDE11A	ENSG00000284741	hsa-miR-224-5p	MIMAT0000281	0.823214873668473
10102	DST	ENSG00000151914	hsa-miR-130a-5p	MIMAT0004593	0.823210630614892
10103	CEP120	ENSG00000168944	hsa-miR-7855-5p	MIMAT0030430	0.82320079657045
10104	MIPOL1	ENSG00000151338	hsa-miR-4687-3p	MIMAT0019775	0.823195953645761
10105	PSME3IP1	ENSG00000172775	hsa-miR-6783-5p	MIMAT0027466	0.823137225517679
10106	CACUL1	ENSG00000151893	hsa-miR-1252-3p	MIMAT0026744	0.823135652828048
10107	ATXN7L3B	ENSG00000253719	hsa-miR-21-5p	MIMAT0000076	0.823134124912397
10108	RASA2	ENSG00000155903	hsa-miR-21-5p	MIMAT0000076	0.823124858453045
10109	MTURN	ENSG00000180354	hsa-miR-940	MIMAT0004983	0.823122198511448
10110	MSH5	ENSG00000204410	hsa-miR-6127	MIMAT0024610	0.823068189187358
10111	PRDM2	ENSG00000116731	hsa-miR-765	MIMAT0003945	0.823053315867416
10112	LRRC3	ENSG00000160233	hsa-miR-4446-3p	MIMAT0018965	0.823041801356153
10113	ARHGAP31	ENSG00000031081	hsa-miR-1252-3p	MIMAT0026744	0.823036227537004
10114	CEP57L1	ENSG00000183137	hsa-miR-1252-3p	MIMAT0026744	0.823034505582563
10115	EML6	ENSG00000214595	hsa-miR-130a-5p	MIMAT0004593	0.823029762941242
10116	NANOG	ENSG00000111704	hsa-miR-4695-5p	MIMAT0019788	0.823024346041471
10117	ZNF207	ENSG00000010244	hsa-miR-92a-1-5p	MIMAT0004507	0.823007148451454
10118	ST3GAL4	ENSG00000110080	hsa-miR-4685-5p	MIMAT0019771	0.823001021823567
10119	RAB5IF	ENSG00000101084	hsa-miR-4465	MIMAT0018992	0.823000524386808
10120	SGIP1	ENSG00000118473	hsa-miR-224-5p	MIMAT0000281	0.822992709554229
10121	MAL2	ENSG00000147676	hsa-miR-7157-3p	MIMAT0028225	0.822989384306673
10122	PCSK5	ENSG00000099139	hsa-miR-130a-5p	MIMAT0004593	0.822972227125119
10123	DEUP1	ENSG00000165325	hsa-miR-224-5p	MIMAT0000281	0.822972032343267
10124	ENAM	ENSG00000132464	hsa-miR-765	MIMAT0003945	0.822957669917234
10125	C1orf141	ENSG00000203963	hsa-miR-6758-5p	MIMAT0027416	0.822932330179505
10126	KCTD16	ENSG00000183775	hsa-miR-625-3p	MIMAT0004808	0.822918900286281
10127	SPINT1	ENSG00000166145	hsa-miR-4685-5p	MIMAT0019771	0.822897645491611
10128	C5AR2	ENSG00000134830	hsa-miR-1252-3p	MIMAT0026744	0.822893850145721
10129	PRKCB	ENSG00000166501	hsa-miR-183-5p	MIMAT0000261	0.82288762206797
10130	MAFG	ENSG00000197063	hsa-miR-4446-3p	MIMAT0018965	0.822877474555311
10131	PHC2	ENSG00000134686	hsa-miR-7157-3p	MIMAT0028225	0.822876819576372
10132	NOS1	ENSG00000089250	hsa-miR-4695-5p	MIMAT0019788	0.822849111281502
10133	IPO4	ENSG00000196497	hsa-miR-940	MIMAT0004983	0.822837140684729
10134	PCSK9	ENSG00000169174	hsa-miR-661	MIMAT0003324	0.822833367199839
10135	LIN28A	ENSG00000131914	hsa-miR-4685-5p	MIMAT0019771	0.822821448282496
10136	SEC14L5	ENSG00000103184	hsa-miR-4685-5p	MIMAT0019771	0.822817192314166
10137	SMAP2	ENSG00000084070	hsa-miR-4458	MIMAT0018980	0.822815022418889
10138	CPSF6	ENSG00000111605	hsa-miR-765	MIMAT0003945	0.822807306758984
10139	PDPR	ENSG00000090857	hsa-miR-4695-5p	MIMAT0019788	0.822801429501817
10140	BPIFB2	ENSG00000078898	hsa-miR-6127	MIMAT0024610	0.822799643255758
10141	PARVA	ENSG00000197702	hsa-miR-4695-5p	MIMAT0019788	0.822794838238885
10142	RCOR1	ENSG00000089902	hsa-miR-8056	MIMAT0030983	0.822789771275281
10143	BVES	ENSG00000112276	hsa-miR-183-5p	MIMAT0000261	0.822782556471187
10144	SORCS2	ENSG00000184985	hsa-miR-4685-5p	MIMAT0019771	0.822781754249051
10145	FYCO1	ENSG00000163820	hsa-miR-4685-5p	MIMAT0019771	0.822758634285464
10146	ABCC11	ENSG00000121270	hsa-miR-183-5p	MIMAT0000261	0.822749820493662
10147	CADM1	ENSG00000182985	hsa-miR-7855-5p	MIMAT0030430	0.822735500069147
10148	PDX1	ENSG00000139515	hsa-miR-6127	MIMAT0024610	0.822735336501903
10149	CHST9	ENSG00000154080	hsa-miR-661	MIMAT0003324	0.822703979768911
10150	SAXO2	ENSG00000188659	hsa-miR-92a-1-5p	MIMAT0004507	0.822701111833827
10151	SERPINA1	ENSG00000197249	hsa-miR-940	MIMAT0004983	0.822695193548627
10152	SOX13	ENSG00000143842	hsa-miR-6127	MIMAT0024610	0.822691597100613
10153	ATM	ENSG00000149311	hsa-miR-4465	MIMAT0018992	0.822672350624525
10154	PPP2R2B	ENSG00000156475	hsa-miR-765	MIMAT0003945	0.822648672685485
10155	UBXN7	ENSG00000163960	hsa-miR-6758-5p	MIMAT0027416	0.82262407520178
10156	IRX5	ENSG00000176842	hsa-miR-130a-5p	MIMAT0004593	0.822619456780742
10157	ASAH1	ENSG00000104763	hsa-miR-1252-3p	MIMAT0026744	0.822608547561066
10158	SLC19A2	ENSG00000117479	hsa-miR-3682-5p	MIMAT0019222	0.822605717310345
10159	SBNO2	ENSG00000064932	hsa-miR-765	MIMAT0003945	0.822605471090906
10160	CCDC28A	ENSG00000024862	hsa-miR-7855-5p	MIMAT0030430	0.822600395535219
10161	KPNA6	ENSG00000025800	hsa-miR-4292	MIMAT0016919	0.822594759379234
10162	CFAP57	ENSG00000243710	hsa-miR-4685-5p	MIMAT0019771	0.822588855486401
10163	OOSP2	ENSG00000149507	hsa-miR-224-5p	MIMAT0000281	0.822560488232053
10164	GUCA1B	ENSG00000112599	hsa-miR-765	MIMAT0003945	0.822547458667494
10165	SHBG	ENSG00000129214	hsa-miR-661	MIMAT0003324	0.822536878545797
10166	BNC2	ENSG00000173068	hsa-miR-7157-3p	MIMAT0028225	0.822518869450574
10167	PEAK1	ENSG00000173517	hsa-miR-7855-5p	MIMAT0030430	0.822515497634978
10168	AFDN	ENSG00000130396	hsa-miR-130a-5p	MIMAT0004593	0.822480068897132
10169	ZDHHC3	ENSG00000163812	hsa-miR-1252-3p	MIMAT0026744	0.822478496268938
10170	ASB5	ENSG00000164122	hsa-miR-4292	MIMAT0016919	0.822473297627754
10171	NTF3	ENSG00000185652	hsa-miR-21-5p	MIMAT0000076	0.822469751186763
10172	PAX5	ENSG00000196092	hsa-miR-4685-5p	MIMAT0019771	0.822462163793932
10173	TMEM132D	ENSG00000151952	hsa-miR-765	MIMAT0003945	0.822459875038654
10174	MTMR9	ENSG00000104643	hsa-miR-6783-5p	MIMAT0027466	0.822450768073472
10175	CDKL5	ENSG00000008086	hsa-miR-6783-5p	MIMAT0027466	0.822440568159651
10176	KITLG	ENSG00000049130	hsa-miR-224-5p	MIMAT0000281	0.822436508493422
10177	BSDC1	ENSG00000160058	hsa-miR-5008-5p	MIMAT0021039	0.822429505129595
10178	RGP1	ENSG00000107185	hsa-miR-4685-5p	MIMAT0019771	0.822418115262333
10179	COPS2	ENSG00000166200	hsa-miR-1252-3p	MIMAT0026744	0.822392812848386
10180	IFIT1	ENSG00000185745	hsa-miR-1252-3p	MIMAT0026744	0.822371115625925
10181	GLRA2	ENSG00000101958	hsa-miR-4695-5p	MIMAT0019788	0.822359069591634
10182	ASAP1	ENSG00000153317	hsa-miR-6783-5p	MIMAT0027466	0.822348660906825
10183	KCNC4	ENSG00000116396	hsa-miR-7855-5p	MIMAT0030430	0.822321432052991
10184	LSM8	ENSG00000128534	hsa-miR-1252-3p	MIMAT0026744	0.822310655062776
10185	TOMM70	ENSG00000154174	hsa-miR-183-5p	MIMAT0000261	0.822289456570896
10186	TRAPPC8	ENSG00000153339	hsa-miR-6783-5p	MIMAT0027466	0.822282392205763
10187	LYRM7	ENSG00000186687	hsa-miR-21-5p	MIMAT0000076	0.822266030627901
10188	DIDO1	ENSG00000101191	hsa-miR-4465	MIMAT0018992	0.822246762919073
10189	AFTPH	ENSG00000119844	hsa-miR-130a-5p	MIMAT0004593	0.822235950640866
10190	OPHN1	ENSG00000079482	hsa-miR-6127	MIMAT0024610	0.822214414786785
10191	SYNE2	ENSG00000054654	hsa-miR-130a-5p	MIMAT0004593	0.822214075734489
10192	ARPC5	ENSG00000162704	hsa-miR-940	MIMAT0004983	0.822207508312857
10193	INPP5B	ENSG00000204084	hsa-miR-940	MIMAT0004983	0.822197858556993
10194	EPN1	ENSG00000063245	hsa-miR-4695-5p	MIMAT0019788	0.822192256808464
10195	TUT4	ENSG00000134744	hsa-miR-7855-5p	MIMAT0030430	0.822179800326601
10196	GPRIN3	ENSG00000185477	hsa-miR-1252-3p	MIMAT0026744	0.822177254680535
10197	ZNF462	ENSG00000148143	hsa-miR-130a-5p	MIMAT0004593	0.822170113206027
10198	CHRNB4	ENSG00000117971	hsa-miR-940	MIMAT0004983	0.822162160889262
10199	ZNF25	ENSG00000175395	hsa-miR-3682-5p	MIMAT0019222	0.822133639159521
10200	PXN	ENSG00000089159	hsa-miR-6127	MIMAT0024610	0.822100059287445
10201	NSMAF	ENSG00000035681	hsa-miR-765	MIMAT0003945	0.822087676225854
10202	DAAM1	ENSG00000100592	hsa-miR-183-5p	MIMAT0000261	0.822062965899849
10203	ASB7	ENSG00000183475	hsa-miR-1252-3p	MIMAT0026744	0.822039769820287
10204	MMP13	ENSG00000137745	hsa-miR-130a-5p	MIMAT0004593	0.822035372926768
10205	TCP10L	ENSG00000242220	hsa-miR-661	MIMAT0003324	0.82200587294086
10206	GFI1B	ENSG00000165702	hsa-miR-7157-3p	MIMAT0028225	0.821972704956693
10207	TMEM63C	ENSG00000165548	hsa-miR-940	MIMAT0004983	0.821965977771934
10208	NRSN2	ENSG00000125841	hsa-miR-5008-5p	MIMAT0021039	0.821952590894667
10209	USP12	ENSG00000152484	hsa-miR-4458	MIMAT0018980	0.821947432033641
10210	PPP1R12B	ENSG00000077157	hsa-miR-4446-3p	MIMAT0018965	0.82189251656164
10211	MON2	ENSG00000061987	hsa-miR-4458	MIMAT0018980	0.821873371392642
10212	AP1G1	ENSG00000166747	hsa-miR-130a-5p	MIMAT0004593	0.821845270178406
10213	ZFAND3	ENSG00000156639	hsa-miR-4687-3p	MIMAT0019775	0.821828880915504
10214	DCTN5	ENSG00000166847	hsa-miR-130a-5p	MIMAT0004593	0.821815464059168
10215	CKAP2L	ENSG00000169607	hsa-miR-7855-5p	MIMAT0030430	0.821802409616185
10216	KCNB1	ENSG00000158445	hsa-miR-183-5p	MIMAT0000261	0.821801288344266
10217	G3BP1	ENSG00000145907	hsa-miR-940	MIMAT0004983	0.821785777303912
10218	HUNK	ENSG00000142149	hsa-miR-7855-5p	MIMAT0030430	0.821773519979173
10219	AC118553.2	ENSG00000283761	hsa-miR-4465	MIMAT0018992	0.821733808222817
10220	SF3B1	ENSG00000115524	hsa-miR-7157-3p	MIMAT0028225	0.821722032679682
10221	BMS1	ENSG00000165733	hsa-miR-765	MIMAT0003945	0.821701719469467
10222	CACNB3	ENSG00000167535	hsa-miR-765	MIMAT0003945	0.821698147176122
10223	DMAC2L	ENSG00000125375	hsa-miR-1252-3p	MIMAT0026744	0.821695976117161
10224	LYRM1	ENSG00000102897	hsa-miR-21-5p	MIMAT0000076	0.821679696516382
10225	PRUNE2	ENSG00000106772	hsa-miR-6758-5p	MIMAT0027416	0.821679198829317
10226	SAP30L	ENSG00000164576	hsa-miR-1252-3p	MIMAT0026744	0.821637317724857
10227	GRID1	ENSG00000182771	hsa-miR-6758-5p	MIMAT0027416	0.821635805109558
10228	TRIM72	ENSG00000177238	hsa-miR-1252-3p	MIMAT0026744	0.821610562547322
10229	ZNF292	ENSG00000188994	hsa-miR-1252-3p	MIMAT0026744	0.821594042068084
10230	CDH19	ENSG00000071991	hsa-miR-7157-3p	MIMAT0028225	0.821593483371225
10231	RORB	ENSG00000198963	hsa-miR-4695-5p	MIMAT0019788	0.821582672429555
10232	TRIM40	ENSG00000204614	hsa-miR-4695-5p	MIMAT0019788	0.821572310669068
10233	PER3	ENSG00000049246	hsa-miR-6783-5p	MIMAT0027466	0.821569049277138
10234	ALDH1L2	ENSG00000136010	hsa-miR-5008-5p	MIMAT0021039	0.821531356506378
10235	FLG2	ENSG00000143520	hsa-miR-4687-3p	MIMAT0019775	0.8215312234084
10236	NEURL2	ENSG00000124257	hsa-miR-4687-3p	MIMAT0019775	0.821519139572109
10237	RALGPS2	ENSG00000116191	hsa-miR-940	MIMAT0004983	0.821511804791741
10238	H4C14	ENSG00000270882	hsa-miR-4695-5p	MIMAT0019788	0.821508014247907
10239	MON2	ENSG00000061987	hsa-miR-661	MIMAT0003324	0.821500853820829
10240	MDM4	ENSG00000198625	hsa-miR-661	MIMAT0003324	0.82149295894424
10241	UBAP1	ENSG00000165006	hsa-miR-6783-5p	MIMAT0027466	0.821475280317586
10242	CALCOCO2	ENSG00000136436	hsa-miR-661	MIMAT0003324	0.821469981524983
10243	SMO	ENSG00000128602	hsa-miR-4685-5p	MIMAT0019771	0.821461025514368
10244	CEP152	ENSG00000103995	hsa-miR-940	MIMAT0004983	0.821449275548551
10245	NSMAF	ENSG00000035681	hsa-miR-7157-3p	MIMAT0028225	0.821438270025808
10246	SCN8A	ENSG00000196876	hsa-miR-1252-3p	MIMAT0026744	0.82142963639833
10247	FUT6	ENSG00000156413	hsa-miR-657	MIMAT0003335	0.821409077237467
10248	PLA2R1	ENSG00000153246	hsa-miR-1252-3p	MIMAT0026744	0.821404382252388
10249	TTC5	ENSG00000136319	hsa-miR-4695-5p	MIMAT0019788	0.821402164309601
10250	GABRR2	ENSG00000111886	hsa-miR-4695-5p	MIMAT0019788	0.821400449229207
10251	GPD2	ENSG00000115159	hsa-miR-1252-3p	MIMAT0026744	0.821392157395241
10252	KCNN3	ENSG00000143603	hsa-miR-130a-5p	MIMAT0004593	0.821380783730622
10253	NCSTN	ENSG00000162736	hsa-miR-940	MIMAT0004983	0.821376399691733
10254	COL6A2	ENSG00000142173	hsa-miR-765	MIMAT0003945	0.821371631414738
10255	UGCG	ENSG00000148154	hsa-miR-3682-5p	MIMAT0019222	0.821358010216335
10256	NFIA	ENSG00000162599	hsa-miR-8056	MIMAT0030983	0.821325733829954
10257	UNC80	ENSG00000144406	hsa-miR-4687-3p	MIMAT0019775	0.821316495109888
10258	HSF2	ENSG00000025156	hsa-miR-1252-3p	MIMAT0026744	0.82131392095919
10259	PRR3	ENSG00000204576	hsa-miR-4685-5p	MIMAT0019771	0.821310422897563
10260	ANGPT4	ENSG00000101280	hsa-miR-661	MIMAT0003324	0.821308978955366
10261	INPP5F	ENSG00000198825	hsa-miR-1252-3p	MIMAT0026744	0.821299362032647
10262	PDE7A	ENSG00000205268	hsa-miR-1252-3p	MIMAT0026744	0.821298429970994
10263	POLR2J2	ENSG00000228049	hsa-miR-6127	MIMAT0024610	0.821282434191997
10264	THEMIS	ENSG00000172673	hsa-miR-4687-3p	MIMAT0019775	0.821277874437682
10265	IL1A	ENSG00000115008	hsa-miR-1252-3p	MIMAT0026744	0.821276458150519
10266	TRIM29	ENSG00000137699	hsa-miR-4695-5p	MIMAT0019788	0.821267309932308
10267	ST7	ENSG00000004866	hsa-miR-4695-5p	MIMAT0019788	0.821261961855539
10268	CCDC68	ENSG00000166510	hsa-miR-940	MIMAT0004983	0.821243478529383
10269	PRKACG	ENSG00000165059	hsa-miR-183-5p	MIMAT0000261	0.821233514342247
10270	CLK3	ENSG00000179335	hsa-miR-940	MIMAT0004983	0.821225281657542
10271	PRKN	ENSG00000185345	hsa-miR-940	MIMAT0004983	0.82121689750568
10272	CDC23	ENSG00000094880	hsa-miR-7157-3p	MIMAT0028225	0.821174184558958
10273	ALDH3B1	ENSG00000006534	hsa-miR-940	MIMAT0004983	0.821163596142352
10274	ENAH	ENSG00000154380	hsa-miR-6127	MIMAT0024610	0.821127822282451
10275	CUX1	ENSG00000257923	hsa-miR-4695-5p	MIMAT0019788	0.821124347546852
10276	PLPP7	ENSG00000160539	hsa-miR-661	MIMAT0003324	0.821113601853668
10277	SOWAHB	ENSG00000186212	hsa-miR-130a-5p	MIMAT0004593	0.821111953098037
10278	IRF2BP2	ENSG00000168264	hsa-miR-224-5p	MIMAT0000281	0.82110066721434
10279	SLC39A3	ENSG00000141873	hsa-miR-4446-3p	MIMAT0018965	0.821090001447597
10280	PEX19	ENSG00000162735	hsa-miR-92a-1-5p	MIMAT0004507	0.82108246776282
10281	ENDOV	ENSG00000173818	hsa-miR-765	MIMAT0003945	0.821060747345735
10282	SIGLEC8	ENSG00000105366	hsa-miR-1252-3p	MIMAT0026744	0.821049436047806
10283	GPR55	ENSG00000135898	hsa-miR-5008-5p	MIMAT0021039	0.821045816827856
10284	PTCD2	ENSG00000049883	hsa-miR-224-5p	MIMAT0000281	0.821018031360299
10285	WAPL	ENSG00000062650	hsa-miR-4465	MIMAT0018992	0.820984441341265
10286	GRK3	ENSG00000100077	hsa-miR-4695-5p	MIMAT0019788	0.820956912126404
10287	TRIM41	ENSG00000146063	hsa-miR-4458	MIMAT0018980	0.820943522637239
10288	KCMF1	ENSG00000176407	hsa-miR-1252-3p	MIMAT0026744	0.820934804567467
10289	PVR	ENSG00000073008	hsa-miR-661	MIMAT0003324	0.82093121368487
10290	NEMP1	ENSG00000166881	hsa-miR-6783-5p	MIMAT0027466	0.820898710569634
10291	EPAS1	ENSG00000116016	hsa-miR-4685-5p	MIMAT0019771	0.820880787412121
10292	EPGN	ENSG00000182585	hsa-miR-130a-5p	MIMAT0004593	0.820873292740189
10293	ZC3H6	ENSG00000188177	hsa-miR-4458	MIMAT0018980	0.820846287166965
10294	DDX1	ENSG00000079785	hsa-miR-21-5p	MIMAT0000076	0.820834695682071
10295	TBC1D32	ENSG00000146350	hsa-miR-765	MIMAT0003945	0.820821611684465
10296	KYNU	ENSG00000115919	hsa-miR-3682-5p	MIMAT0019222	0.820810152623229
10297	RGS7	ENSG00000182901	hsa-miR-7157-3p	MIMAT0028225	0.820794791281028
10298	ZNF660	ENSG00000144792	hsa-miR-4685-5p	MIMAT0019771	0.820794547133316
10299	C5orf51	ENSG00000205765	hsa-miR-130a-5p	MIMAT0004593	0.820753461264381
10300	AQR	ENSG00000021776	hsa-miR-6758-5p	MIMAT0027416	0.820738856700544
10301	ETV3	ENSG00000117036	hsa-miR-7855-5p	MIMAT0030430	0.820732430706788
10302	LDLRAD1	ENSG00000203985	hsa-miR-661	MIMAT0003324	0.820731777279249
10303	FRMD8	ENSG00000126391	hsa-miR-4685-5p	MIMAT0019771	0.820731544163473
10304	SMARCB1	ENSG00000099956	hsa-miR-765	MIMAT0003945	0.82069577682463
10305	KCNH5	ENSG00000140015	hsa-miR-6783-5p	MIMAT0027466	0.82067660943714
10306	PPARA	ENSG00000186951	hsa-miR-661	MIMAT0003324	0.820675966616395
10307	FBXL20	ENSG00000108306	hsa-miR-4695-5p	MIMAT0019788	0.820668465626115
10308	RASGEF1C	ENSG00000146090	hsa-miR-5008-5p	MIMAT0021039	0.820662769221065
10309	C3orf52	ENSG00000114529	hsa-miR-224-5p	MIMAT0000281	0.820658216887536
10310	RPS17	ENSG00000182774	hsa-miR-4685-5p	MIMAT0019771	0.820656251327846
10311	NPL	ENSG00000135838	hsa-miR-6758-5p	MIMAT0027416	0.820655548086464
10312	AL512785.2	ENSG00000254706	hsa-miR-4446-3p	MIMAT0018965	0.820641348905351
10313	NR4A2	ENSG00000153234	hsa-miR-765	MIMAT0003945	0.820636331383259
10314	USHBP1	ENSG00000130307	hsa-miR-4685-5p	MIMAT0019771	0.820635726506473
10315	RAB3B	ENSG00000169213	hsa-miR-4685-5p	MIMAT0019771	0.820635588868874
10316	SBK2	ENSG00000187550	hsa-miR-6758-5p	MIMAT0027416	0.820633265971864
10317	ARID4A	ENSG00000032219	hsa-miR-6758-5p	MIMAT0027416	0.820632999864748
10318	EIF5B	ENSG00000158417	hsa-miR-183-5p	MIMAT0000261	0.820584692559424
10319	EFR3B	ENSG00000084710	hsa-miR-6758-5p	MIMAT0027416	0.820558900596822
10320	CEP192	ENSG00000101639	hsa-miR-224-5p	MIMAT0000281	0.820557744487897
10321	SSPN	ENSG00000123096	hsa-miR-130a-5p	MIMAT0004593	0.820544839649039
10322	MANEAL	ENSG00000185090	hsa-miR-6822-3p	MIMAT0027545	0.820528271618101
10323	IDE	ENSG00000119912	hsa-miR-7157-3p	MIMAT0028225	0.820521129560779
10324	CDC37L1	ENSG00000106993	hsa-miR-1252-3p	MIMAT0026744	0.820512590696518
10325	KIF21B	ENSG00000116852	hsa-miR-940	MIMAT0004983	0.820509850845546
10326	NKRF	ENSG00000186416	hsa-miR-6758-5p	MIMAT0027416	0.820509658647487
10327	CHAMP1	ENSG00000198824	hsa-miR-1252-3p	MIMAT0026744	0.820495891636952
10328	PPP6C	ENSG00000119414	hsa-miR-224-5p	MIMAT0000281	0.820486324191434
10329	FAM126A	ENSG00000122591	hsa-miR-6758-5p	MIMAT0027416	0.820482002287978
10330	TCF12	ENSG00000140262	hsa-miR-183-5p	MIMAT0000261	0.820466580043568
10331	TTC26	ENSG00000105948	hsa-miR-625-3p	MIMAT0004808	0.820454736720896
10332	FGL2	ENSG00000127951	hsa-miR-4465	MIMAT0018992	0.820444623936884
10333	C16orf54	ENSG00000185905	hsa-miR-183-5p	MIMAT0000261	0.820431479241201
10334	AHNAK2	ENSG00000185567	hsa-miR-661	MIMAT0003324	0.820415606306908
10335	TEX261	ENSG00000144043	hsa-miR-4685-5p	MIMAT0019771	0.820342137651695
10336	KCNQ3	ENSG00000184156	hsa-miR-940	MIMAT0004983	0.8203308791453
10337	EXT2	ENSG00000151348	hsa-miR-4685-5p	MIMAT0019771	0.820330311209891
10338	P2RY1	ENSG00000169860	hsa-miR-183-5p	MIMAT0000261	0.820313726266792
10339	ATXN1L	ENSG00000224470	hsa-miR-661	MIMAT0003324	0.820308757759368
10340	PPP1R1A	ENSG00000135447	hsa-miR-4292	MIMAT0016919	0.820304124622629
10341	BMP2K	ENSG00000138756	hsa-miR-183-5p	MIMAT0000261	0.8203033498202
10342	LAPTM4A	ENSG00000068697	hsa-miR-183-5p	MIMAT0000261	0.820286499163425
10343	TERB2	ENSG00000167014	hsa-miR-6758-5p	MIMAT0027416	0.820279783512833
10344	INTS3	ENSG00000143624	hsa-miR-765	MIMAT0003945	0.820278377010889
10345	PXMP4	ENSG00000101417	hsa-miR-940	MIMAT0004983	0.820274671271394
10346	SNX29	ENSG00000048471	hsa-miR-6783-5p	MIMAT0027466	0.820261976629359
10347	APH1A	ENSG00000117362	hsa-miR-6127	MIMAT0024610	0.820252912508549
10348	RFTN2	ENSG00000162944	hsa-miR-1252-3p	MIMAT0026744	0.820251166822624
10349	ZNF561	ENSG00000171469	hsa-miR-765	MIMAT0003945	0.820228548658882
10350	HOXC4	ENSG00000198353	hsa-miR-4465	MIMAT0018992	0.820224973352704
10351	AGAP1	ENSG00000157985	hsa-miR-5008-5p	MIMAT0021039	0.820222881984845
10352	DLG3	ENSG00000082458	hsa-miR-7157-3p	MIMAT0028225	0.820212792869769
10353	FRRS1L	ENSG00000260230	hsa-miR-1252-3p	MIMAT0026744	0.820209924755586
10354	ANKRD13D	ENSG00000172932	hsa-miR-4685-5p	MIMAT0019771	0.820190968603921
10355	MMGT1	ENSG00000169446	hsa-miR-1252-3p	MIMAT0026744	0.82018857757679
10356	TEX13D	ENSG00000282419	hsa-miR-7855-5p	MIMAT0030430	0.820180040338457
10357	AL358472.7	ENSG00000285779	hsa-miR-6822-3p	MIMAT0027545	0.820178593606965
10358	DMD	ENSG00000198947	hsa-miR-4458	MIMAT0018980	0.82017359014162
10359	TRMT9B	ENSG00000250305	hsa-miR-4292	MIMAT0016919	0.820169683143305
10360	COQ8B	ENSG00000123815	hsa-miR-661	MIMAT0003324	0.820167575898814
10361	CDH8	ENSG00000150394	hsa-miR-6783-5p	MIMAT0027466	0.820159592678431
10362	TNFRSF8	ENSG00000120949	hsa-miR-661	MIMAT0003324	0.820154979289576
10363	GABBR1	ENSG00000204681	hsa-miR-765	MIMAT0003945	0.820125989194897
10364	MRTFB	ENSG00000186260	hsa-miR-183-5p	MIMAT0000261	0.820121505950974
10365	RPS6KA5	ENSG00000100784	hsa-miR-3682-5p	MIMAT0019222	0.820105029773879
10366	CAPRIN2	ENSG00000110888	hsa-miR-940	MIMAT0004983	0.820102166831991
10367	PROSER3	ENSG00000167595	hsa-miR-6758-5p	MIMAT0027416	0.820096638737572
10368	PGRMC2	ENSG00000164040	hsa-miR-1252-3p	MIMAT0026744	0.820080872134116
10369	FAM83F	ENSG00000133477	hsa-miR-7157-3p	MIMAT0028225	0.820080440077825
10370	SPIN1	ENSG00000106723	hsa-miR-21-5p	MIMAT0000076	0.820077725656708
10371	HUNK	ENSG00000142149	hsa-miR-6127	MIMAT0024610	0.820075349803547
10372	FAM120A	ENSG00000048828	hsa-miR-1252-3p	MIMAT0026744	0.820068232269153
10373	PTBP1	ENSG00000011304	hsa-miR-940	MIMAT0004983	0.820052980806691
10374	ZC3H6	ENSG00000188177	hsa-miR-7157-3p	MIMAT0028225	0.820033958660832
10375	CD59	ENSG00000085063	hsa-miR-1252-3p	MIMAT0026744	0.820032757756068
10376	GEMIN6	ENSG00000152147	hsa-miR-6127	MIMAT0024610	0.820030930657772
10377	GEN1	ENSG00000178295	hsa-miR-940	MIMAT0004983	0.820009782158113
10378	MYLK	ENSG00000065534	hsa-miR-1252-3p	MIMAT0026744	0.820006361818345
10379	BDH1	ENSG00000161267	hsa-miR-1252-3p	MIMAT0026744	0.819971832902937
10380	ABHD16A	ENSG00000204427	hsa-miR-6783-5p	MIMAT0027466	0.819964463211914
10381	ANKRD26	ENSG00000107890	hsa-miR-183-5p	MIMAT0000261	0.819936283699509
10382	CHCHD7	ENSG00000170791	hsa-miR-3682-5p	MIMAT0019222	0.819909546748442
10383	FOXJ2	ENSG00000065970	hsa-miR-92a-1-5p	MIMAT0004507	0.819877487633701
10384	RXRA	ENSG00000186350	hsa-miR-6127	MIMAT0024610	0.819874612342018
10385	TNRC6B	ENSG00000100354	hsa-miR-6758-5p	MIMAT0027416	0.819873680720966
10386	THAP3	ENSG00000041988	hsa-miR-4687-3p	MIMAT0019775	0.819827827463913
10387	ZIC5	ENSG00000139800	hsa-miR-130a-5p	MIMAT0004593	0.819821595332347
10388	ZNF225	ENSG00000256294	hsa-miR-92a-1-5p	MIMAT0004507	0.819811582428989
10389	TRMT61A	ENSG00000166166	hsa-miR-4685-5p	MIMAT0019771	0.819795675747509
10390	DYRK2	ENSG00000127334	hsa-miR-7157-3p	MIMAT0028225	0.819793437520689
10391	TTC28	ENSG00000100154	hsa-miR-7855-5p	MIMAT0030430	0.819772595095496
10392	ARHGEF40	ENSG00000165801	hsa-miR-4446-3p	MIMAT0018965	0.819760254290407
10393	TBKBP1	ENSG00000198933	hsa-miR-130a-5p	MIMAT0004593	0.819752628249473
10394	CEP43	ENSG00000213066	hsa-miR-4458	MIMAT0018980	0.819749087264664
10395	LRRC18	ENSG00000165383	hsa-miR-765	MIMAT0003945	0.819729410244811
10396	C12orf45	ENSG00000151131	hsa-miR-4695-5p	MIMAT0019788	0.819696303448946
10397	FGF9	ENSG00000102678	hsa-miR-4465	MIMAT0018992	0.819695751276113
10398	KCNA2	ENSG00000177301	hsa-miR-183-5p	MIMAT0000261	0.819683701160733
10399	ADD3	ENSG00000148700	hsa-miR-1252-3p	MIMAT0026744	0.81963751832337
10400	WDR55	ENSG00000120314	hsa-miR-940	MIMAT0004983	0.819629601373874
10401	ERI3	ENSG00000117419	hsa-miR-6127	MIMAT0024610	0.819605917403681
10402	NETO2	ENSG00000171208	hsa-miR-183-5p	MIMAT0000261	0.819599487997561
10403	PIGN	ENSG00000197563	hsa-miR-4695-5p	MIMAT0019788	0.819586536736585
10404	PLA2G6	ENSG00000184381	hsa-miR-661	MIMAT0003324	0.819569545893641
10405	FAT3	ENSG00000165323	hsa-miR-4685-5p	MIMAT0019771	0.819560989215504
10406	WNT4	ENSG00000162552	hsa-miR-4292	MIMAT0016919	0.819550426294298
10407	CCDC71L	ENSG00000253276	hsa-miR-1252-3p	MIMAT0026744	0.819541272061233
10408	RBM47	ENSG00000163694	hsa-miR-4746-3p	MIMAT0019881	0.819540483952163
10409	NBPF26	ENSG00000273136	hsa-miR-1252-3p	MIMAT0026744	0.819523876492277
10410	C18orf25	ENSG00000152242	hsa-miR-7157-3p	MIMAT0028225	0.819510478293294
10411	POLDIP3	ENSG00000100227	hsa-miR-4695-5p	MIMAT0019788	0.819494143728189
10412	TRIM56	ENSG00000169871	hsa-miR-940	MIMAT0004983	0.81948741820017
10413	SOGA1	ENSG00000149639	hsa-miR-6127	MIMAT0024610	0.819471622283074
10414	SH3PXD2A	ENSG00000107957	hsa-miR-765	MIMAT0003945	0.819434681460823
10415	MCRS1	ENSG00000187778	hsa-miR-6758-5p	MIMAT0027416	0.819432730974461
10416	CERT1	ENSG00000113163	hsa-miR-625-3p	MIMAT0004808	0.819422906337045
10417	LIF	ENSG00000128342	hsa-miR-940	MIMAT0004983	0.819422356959996
10418	CPSF2	ENSG00000165934	hsa-miR-661	MIMAT0003324	0.819415611208686
10419	ALG12	ENSG00000182858	hsa-miR-4695-5p	MIMAT0019788	0.819408693347402
10420	AGAP1	ENSG00000157985	hsa-miR-940	MIMAT0004983	0.819396048362284
10421	PIGG	ENSG00000174227	hsa-miR-21-5p	MIMAT0000076	0.819392517302758
10422	KMT2D	ENSG00000167548	hsa-miR-5008-5p	MIMAT0021039	0.819362214297115
10423	EGFL6	ENSG00000198759	hsa-miR-7157-3p	MIMAT0028225	0.819348376300006
10424	BTBD3	ENSG00000132640	hsa-miR-130a-5p	MIMAT0004593	0.819335817348194
10425	CALN1	ENSG00000183166	hsa-miR-940	MIMAT0004983	0.819318355016697
10426	USP9X	ENSG00000124486	hsa-miR-4465	MIMAT0018992	0.819316853630649
10427	EIF4A1	ENSG00000161960	hsa-miR-224-5p	MIMAT0000281	0.819305550930098
10428	PIK3CB	ENSG00000051382	hsa-miR-1252-3p	MIMAT0026744	0.819292548772711
10429	GLIPR1L2	ENSG00000180481	hsa-miR-7855-5p	MIMAT0030430	0.819282193500573
10430	EMC10	ENSG00000161671	hsa-miR-940	MIMAT0004983	0.819277101585255
10431	OR1D2	ENSG00000184166	hsa-miR-3682-5p	MIMAT0019222	0.819274193912957
10432	TMEM26	ENSG00000196932	hsa-miR-6758-5p	MIMAT0027416	0.819249913069363
10433	SLAMF1	ENSG00000117090	hsa-miR-4687-3p	MIMAT0019775	0.819245020455162
10434	FGF2	ENSG00000138685	hsa-miR-130a-5p	MIMAT0004593	0.819225050295791
10435	DNAJC3	ENSG00000102580	hsa-miR-1252-3p	MIMAT0026744	0.819206807987237
10436	RCBTB1	ENSG00000136144	hsa-miR-4465	MIMAT0018992	0.819205285433173
10437	SYT15	ENSG00000204176	hsa-miR-4685-5p	MIMAT0019771	0.8191895541023
10438	TBL2	ENSG00000106638	hsa-miR-5008-5p	MIMAT0021039	0.819187330030814
10439	TM9SF3	ENSG00000077147	hsa-miR-1252-3p	MIMAT0026744	0.819161518410633
10440	ACOT11	ENSG00000162390	hsa-miR-6783-5p	MIMAT0027466	0.81912813175568
10441	SFXN2	ENSG00000156398	hsa-miR-5008-5p	MIMAT0021039	0.819127701664391
10442	HOXB1	ENSG00000120094	hsa-miR-940	MIMAT0004983	0.819120402668208
10443	EMC1	ENSG00000127463	hsa-miR-1252-3p	MIMAT0026744	0.819118836038434
10444	PDE4DIP	ENSG00000178104	hsa-miR-3682-5p	MIMAT0019222	0.81911881495201
10445	NDST3	ENSG00000164100	hsa-miR-4458	MIMAT0018980	0.819105094208627
10446	ZNF148	ENSG00000163848	hsa-miR-4465	MIMAT0018992	0.81909470902887
10447	IL7R	ENSG00000168685	hsa-miR-130a-5p	MIMAT0004593	0.819086731620629
10448	HAND2	ENSG00000164107	hsa-miR-6758-5p	MIMAT0027416	0.81908625566197
10449	ARHGAP26	ENSG00000145819	hsa-miR-7855-5p	MIMAT0030430	0.819082044768382
10450	CFAP157	ENSG00000160401	hsa-miR-7855-5p	MIMAT0030430	0.819072075620465
10451	KIF13B	ENSG00000197892	hsa-miR-5008-5p	MIMAT0021039	0.819057653064506
10452	ASAH2B	ENSG00000204147	hsa-miR-4695-5p	MIMAT0019788	0.819055790410075
10453	AC105052.1	ENSG00000205236	hsa-miR-4685-5p	MIMAT0019771	0.819047819353008
10454	MCU	ENSG00000156026	hsa-miR-6127	MIMAT0024610	0.819043242401114
10455	FRMD8	ENSG00000126391	hsa-miR-5008-5p	MIMAT0021039	0.818992358269816
10456	DRD3	ENSG00000151577	hsa-miR-4458	MIMAT0018980	0.818990161923173
10457	ZNF639	ENSG00000121864	hsa-miR-224-5p	MIMAT0000281	0.818983711788395
10458	ABHD14B	ENSG00000114779	hsa-miR-4458	MIMAT0018980	0.818982038114589
10459	TMEM233	ENSG00000224982	hsa-miR-765	MIMAT0003945	0.818973491510276
10460	DISP1	ENSG00000154309	hsa-miR-765	MIMAT0003945	0.818951290677708
10461	POSTN	ENSG00000133110	hsa-miR-1911-5p	MIMAT0007885	0.818949601245465
10462	BMP8A	ENSG00000183682	hsa-miR-5008-5p	MIMAT0021039	0.818945508632419
10463	PTP4A2	ENSG00000184007	hsa-miR-6758-5p	MIMAT0027416	0.818944233725746
10464	TMEM217	ENSG00000172738	hsa-miR-4685-5p	MIMAT0019771	0.818915662862125
10465	CNTFR	ENSG00000122756	hsa-miR-765	MIMAT0003945	0.818912979321311
10466	IFNLR1	ENSG00000185436	hsa-miR-4695-5p	MIMAT0019788	0.818882767434758
10467	TMEM200C	ENSG00000206432	hsa-miR-4465	MIMAT0018992	0.818882076932468
10468	FBRS	ENSG00000156860	hsa-miR-224-5p	MIMAT0000281	0.818875678079319
10469	JAM2	ENSG00000154721	hsa-miR-4465	MIMAT0018992	0.818871811082119
10470	RETREG3	ENSG00000141699	hsa-miR-661	MIMAT0003324	0.818859357797854
10471	OSBPL7	ENSG00000006025	hsa-miR-765	MIMAT0003945	0.818857196598414
10472	RNASE4	ENSG00000258818	hsa-miR-940	MIMAT0004983	0.818855223455227
10473	LYST	ENSG00000143669	hsa-miR-6783-5p	MIMAT0027466	0.818838628129461
10474	GBP4	ENSG00000162654	hsa-miR-940	MIMAT0004983	0.818829830788952
10475	MAPK8	ENSG00000107643	hsa-miR-4458	MIMAT0018980	0.818827973596871
10476	ERBB3	ENSG00000065361	hsa-miR-92a-1-5p	MIMAT0004507	0.818822071828125
10477	RASSF5	ENSG00000266094	hsa-miR-6127	MIMAT0024610	0.818819852483423
10478	RSPRY1	ENSG00000159579	hsa-miR-224-5p	MIMAT0000281	0.818812828087471
10479	NRAS	ENSG00000213281	hsa-miR-7157-3p	MIMAT0028225	0.81878632606932
10480	JAK3	ENSG00000105639	hsa-miR-4695-5p	MIMAT0019788	0.818773748658603
10481	ADM	ENSG00000148926	hsa-miR-4465	MIMAT0018992	0.81876869040874
10482	SLC30A4	ENSG00000104154	hsa-miR-1252-3p	MIMAT0026744	0.818765762098079
10483	CENPE	ENSG00000138778	hsa-miR-130a-5p	MIMAT0004593	0.818763985776291
10484	NR6A1	ENSG00000148200	hsa-miR-4446-3p	MIMAT0018965	0.818762122960165
10485	SETX	ENSG00000107290	hsa-miR-21-5p	MIMAT0000076	0.818753847781174
10486	CEP170	ENSG00000143702	hsa-miR-1252-3p	MIMAT0026744	0.81871742088605
10487	STRADB	ENSG00000082146	hsa-miR-224-5p	MIMAT0000281	0.818714703979445
10488	NPM1	ENSG00000181163	hsa-miR-6783-5p	MIMAT0027466	0.818679446407202
10489	IFNLR1	ENSG00000185436	hsa-miR-940	MIMAT0004983	0.818644911614192
10490	ITGB8	ENSG00000105855	hsa-miR-130a-5p	MIMAT0004593	0.818620650972659
10491	SLC22A18AS	ENSG00000254827	hsa-miR-5008-5p	MIMAT0021039	0.818612166007521
10492	SLF2	ENSG00000119906	hsa-miR-4458	MIMAT0018980	0.818593407504113
10493	PLEKHG4B	ENSG00000153404	hsa-miR-4685-5p	MIMAT0019771	0.818578465707129
10494	SLC26A9	ENSG00000174502	hsa-miR-4292	MIMAT0016919	0.818564751162567
10495	TNRC6B	ENSG00000100354	hsa-miR-21-5p	MIMAT0000076	0.818521082710287
10496	PAPOLG	ENSG00000115421	hsa-miR-1252-3p	MIMAT0026744	0.81851066111969
10497	IL1R1	ENSG00000115594	hsa-miR-4695-5p	MIMAT0019788	0.818502995887924
10498	NCOA7	ENSG00000111912	hsa-miR-1252-3p	MIMAT0026744	0.818498136462174
10499	PRAF2	ENSG00000243279	hsa-miR-6127	MIMAT0024610	0.818491020337832
10500	AL035461.3	ENSG00000286235	hsa-miR-130a-5p	MIMAT0004593	0.818475810584087
10501	DLG2	ENSG00000150672	hsa-miR-765	MIMAT0003945	0.818458528771913
10502	WNK3	ENSG00000196632	hsa-miR-625-3p	MIMAT0004808	0.818439666402616
10503	MED17	ENSG00000042429	hsa-miR-4695-5p	MIMAT0019788	0.818436766856859
10504	ST8SIA2	ENSG00000140557	hsa-miR-4695-5p	MIMAT0019788	0.818426981420347
10505	ATG13	ENSG00000175224	hsa-miR-765	MIMAT0003945	0.818422545463828
10506	UNC5D	ENSG00000156687	hsa-miR-7157-3p	MIMAT0028225	0.818412622450958
10507	ERVW-1	ENSG00000242950	hsa-miR-7157-3p	MIMAT0028225	0.818404365725441
10508	PCDH9	ENSG00000184226	hsa-miR-21-5p	MIMAT0000076	0.818401686482675
10509	POLE4	ENSG00000115350	hsa-miR-7855-5p	MIMAT0030430	0.818396895936539
10510	ESRRG	ENSG00000196482	hsa-miR-4687-3p	MIMAT0019775	0.818340198798772
10511	FO681492.1	ENSG00000277758	hsa-miR-4685-5p	MIMAT0019771	0.81830013466237
10512	ASAP1	ENSG00000153317	hsa-miR-6758-5p	MIMAT0027416	0.818290147019306
10513	HMG20A	ENSG00000140382	hsa-miR-1252-3p	MIMAT0026744	0.818284924578678
10514	BICD1	ENSG00000151746	hsa-miR-224-5p	MIMAT0000281	0.818284280566174
10515	PDK3	ENSG00000067992	hsa-miR-4685-5p	MIMAT0019771	0.818280923348265
10516	SPTBN4	ENSG00000160460	hsa-miR-765	MIMAT0003945	0.818234979918574
10517	FRMPD3	ENSG00000147234	hsa-miR-6758-5p	MIMAT0027416	0.818213234477236
10518	OR52E4	ENSG00000180974	hsa-miR-625-3p	MIMAT0004808	0.818177189301294
10519	PLPPR5	ENSG00000117598	hsa-miR-625-3p	MIMAT0004808	0.81814324108246
10520	PAPSS2	ENSG00000198682	hsa-miR-940	MIMAT0004983	0.818134379431013
10521	ETV3	ENSG00000117036	hsa-miR-4458	MIMAT0018980	0.818130598753243
10522	BICD2	ENSG00000185963	hsa-miR-7157-3p	MIMAT0028225	0.818085529877324
10523	HCK	ENSG00000101336	hsa-miR-4292	MIMAT0016919	0.818070104284712
10524	CAMK2B	ENSG00000058404	hsa-miR-6783-5p	MIMAT0027466	0.818070001988321
10525	TFG	ENSG00000114354	hsa-miR-661	MIMAT0003324	0.818046156800336
10526	SLC7A6	ENSG00000103064	hsa-miR-6783-5p	MIMAT0027466	0.818028901331554
10527	NF2	ENSG00000186575	hsa-miR-5008-5p	MIMAT0021039	0.818027002551212
10528	PPIG	ENSG00000138398	hsa-miR-940	MIMAT0004983	0.818020888955201
10529	DRAM1	ENSG00000136048	hsa-miR-4695-5p	MIMAT0019788	0.817999269772633
10530	CCDC24	ENSG00000159214	hsa-miR-4685-5p	MIMAT0019771	0.817967869923689
10531	ATAD1	ENSG00000138138	hsa-miR-4465	MIMAT0018992	0.817966863081297
10532	XPR1	ENSG00000143324	hsa-miR-940	MIMAT0004983	0.8179484924168
10533	PPIP5K2	ENSG00000145725	hsa-miR-130a-5p	MIMAT0004593	0.817937586549796
10534	SCN2B	ENSG00000149575	hsa-miR-657	MIMAT0003335	0.817934205770327
10535	C1orf52	ENSG00000162642	hsa-miR-1252-3p	MIMAT0026744	0.817926640053512
10536	MLEC	ENSG00000110917	hsa-miR-661	MIMAT0003324	0.817920404580851
10537	HMGCS1	ENSG00000112972	hsa-miR-7157-3p	MIMAT0028225	0.817916237067319
10538	LIFR	ENSG00000113594	hsa-miR-1252-3p	MIMAT0026744	0.817894940237685
10539	ADO	ENSG00000181915	hsa-miR-7157-3p	MIMAT0028225	0.81789351079679
10540	NAGS	ENSG00000161653	hsa-miR-4685-5p	MIMAT0019771	0.817873551128257
10541	CDK6	ENSG00000105810	hsa-miR-661	MIMAT0003324	0.817871857849466
10542	SAE1	ENSG00000142230	hsa-miR-6127	MIMAT0024610	0.817864994477492
10543	TMEM127	ENSG00000135956	hsa-miR-661	MIMAT0003324	0.817864684876822
10544	SLN	ENSG00000170290	hsa-miR-657	MIMAT0003335	0.817856836046647
10545	CEP192	ENSG00000101639	hsa-miR-661	MIMAT0003324	0.817840505450659
10546	CACNB4	ENSG00000182389	hsa-miR-661	MIMAT0003324	0.817833637283886
10547	NTM	ENSG00000182667	hsa-miR-130a-5p	MIMAT0004593	0.817812517577874
10548	ARID2	ENSG00000189079	hsa-miR-1252-3p	MIMAT0026744	0.817802720945639
10549	RTL10	ENSG00000215012	hsa-miR-661	MIMAT0003324	0.817794195533921
10550	ZNF740	ENSG00000139651	hsa-miR-4695-5p	MIMAT0019788	0.817787813996259
10551	MSANTD1	ENSG00000188981	hsa-miR-6127	MIMAT0024610	0.81778182097159
10552	ATG5	ENSG00000057663	hsa-miR-130a-5p	MIMAT0004593	0.817757945251422
10553	RHOBTB1	ENSG00000072422	hsa-miR-1252-3p	MIMAT0026744	0.817749591793549
10554	BHLHB9	ENSG00000198908	hsa-miR-1252-3p	MIMAT0026744	0.817739759151165
10555	KCNMB2	ENSG00000197584	hsa-miR-7855-5p	MIMAT0030430	0.817717627144258
10556	TRAM1	ENSG00000067167	hsa-miR-7855-5p	MIMAT0030430	0.817669852648239
10557	DNAJC18	ENSG00000170464	hsa-miR-1252-3p	MIMAT0026744	0.817656803922857
10558	SEMA5A	ENSG00000112902	hsa-miR-765	MIMAT0003945	0.817656198972836
10559	KIF11	ENSG00000138160	hsa-miR-7855-5p	MIMAT0030430	0.817619585616457
10560	IQSEC3	ENSG00000120645	hsa-miR-6758-5p	MIMAT0027416	0.81759696875182
10561	SASH1	ENSG00000111961	hsa-miR-765	MIMAT0003945	0.817583103585907
10562	GTF3C4	ENSG00000125484	hsa-miR-765	MIMAT0003945	0.817558997266257
10563	IPMK	ENSG00000151151	hsa-miR-6783-5p	MIMAT0027466	0.817516502735829
10564	PEDS1	ENSG00000240849	hsa-miR-661	MIMAT0003324	0.817477577160224
10565	NLRP2B	ENSG00000215174	hsa-miR-7157-3p	MIMAT0028225	0.817471448790623
10566	TRIM33	ENSG00000197323	hsa-miR-3682-5p	MIMAT0019222	0.817435400324875
10567	HECA	ENSG00000112406	hsa-miR-1252-3p	MIMAT0026744	0.817432385884995
10568	NCKAP1	ENSG00000061676	hsa-miR-625-3p	MIMAT0004808	0.817429052131317
10569	STAU2	ENSG00000040341	hsa-miR-940	MIMAT0004983	0.817422082857426
10570	CAMK1D	ENSG00000183049	hsa-miR-940	MIMAT0004983	0.817412084364869
10571	ENTPD3	ENSG00000168032	hsa-miR-4446-3p	MIMAT0018965	0.817377618500521
10572	CNTNAP2	ENSG00000174469	hsa-miR-7855-5p	MIMAT0030430	0.817375695065391
10573	ABCC8	ENSG00000006071	hsa-miR-4695-5p	MIMAT0019788	0.817370926330597
10574	LCMT2	ENSG00000168806	hsa-miR-224-5p	MIMAT0000281	0.817368729618093
10575	RBMS2	ENSG00000076067	hsa-miR-661	MIMAT0003324	0.817364484607727
10576	SYNPO2	ENSG00000172403	hsa-miR-1252-3p	MIMAT0026744	0.817357590020485
10577	ZNF442	ENSG00000198342	hsa-miR-1252-3p	MIMAT0026744	0.817355500580592
10578	ZCCHC12	ENSG00000174460	hsa-miR-7855-5p	MIMAT0030430	0.8173487253585
10579	MARVELD3	ENSG00000140832	hsa-miR-4523	MIMAT0019061	0.817343806001124
10580	HP1BP3	ENSG00000127483	hsa-miR-4695-5p	MIMAT0019788	0.817285668529771
10581	PAX5	ENSG00000196092	hsa-miR-940	MIMAT0004983	0.817245473888737
10582	KANSL1L	ENSG00000144445	hsa-miR-661	MIMAT0003324	0.817216137525139
10583	DUSP5	ENSG00000138166	hsa-miR-4465	MIMAT0018992	0.817210822785996
10584	POLR2J3	ENSG00000285437	hsa-miR-130a-5p	MIMAT0004593	0.817193688556845
10585	OGFRL1	ENSG00000119900	hsa-miR-4695-5p	MIMAT0019788	0.81718424572245
10586	E2F3	ENSG00000112242	hsa-miR-765	MIMAT0003945	0.817174797325462
10587	WDR3	ENSG00000065183	hsa-miR-7157-3p	MIMAT0028225	0.817156698109844
10588	NEMF	ENSG00000165525	hsa-miR-224-5p	MIMAT0000281	0.817152607118081
10589	NHSL2	ENSG00000204131	hsa-miR-92a-1-5p	MIMAT0004507	0.8171493895147
10590	PHIP	ENSG00000146247	hsa-miR-3682-5p	MIMAT0019222	0.817139012461243
10591	CREBZF	ENSG00000137504	hsa-miR-657	MIMAT0003335	0.81712922871765
10592	SLAMF6	ENSG00000162739	hsa-miR-765	MIMAT0003945	0.817097123685907
10593	KDM2A	ENSG00000173120	hsa-miR-4292	MIMAT0016919	0.81709078503553
10594	C11orf86	ENSG00000173237	hsa-miR-4458	MIMAT0018980	0.817088192781462
10595	NFYC	ENSG00000066136	hsa-miR-4292	MIMAT0016919	0.817078201042698
10596	ACSL6	ENSG00000164398	hsa-miR-4458	MIMAT0018980	0.817049186154687
10597	NOL4L	ENSG00000197183	hsa-miR-765	MIMAT0003945	0.817046174959432
10598	LCP1	ENSG00000136167	hsa-miR-940	MIMAT0004983	0.817035906166728
10599	DUSP7	ENSG00000164086	hsa-miR-6758-5p	MIMAT0027416	0.817033788239229
10600	COPS7A	ENSG00000111652	hsa-miR-6822-3p	MIMAT0027545	0.817018437561515
10601	ARHGAP27	ENSG00000159314	hsa-miR-5008-5p	MIMAT0021039	0.817016430444707
10602	TGFBR1	ENSG00000106799	hsa-miR-625-3p	MIMAT0004808	0.817006205834998
10603	AC078815.1	ENSG00000288591	hsa-miR-1252-3p	MIMAT0026744	0.817004184842357
10604	MAP1LC3A	ENSG00000101460	hsa-miR-940	MIMAT0004983	0.817003190494855
10605	PPP3CB	ENSG00000107758	hsa-miR-1252-3p	MIMAT0026744	0.817001985436637
10606	HMSD	ENSG00000221887	hsa-miR-6127	MIMAT0024610	0.816972917101938
10607	RABIF	ENSG00000183155	hsa-miR-4695-5p	MIMAT0019788	0.81695954179263
10608	COA3	ENSG00000183978	hsa-miR-4687-3p	MIMAT0019775	0.816947178108102
10609	KMT2A	ENSG00000118058	hsa-miR-4695-5p	MIMAT0019788	0.816943448580126
10610	PCDH19	ENSG00000165194	hsa-miR-1252-3p	MIMAT0026744	0.816943231133908
10611	ZNF587	ENSG00000198466	hsa-miR-5008-5p	MIMAT0021039	0.816926543270708
10612	SREBF1	ENSG00000072310	hsa-miR-5008-5p	MIMAT0021039	0.816923601365521
10613	LDOC1	ENSG00000182195	hsa-miR-1252-3p	MIMAT0026744	0.816864138196457
10614	PHEX	ENSG00000102174	hsa-miR-1252-3p	MIMAT0026744	0.816860103287739
10615	MON1A	ENSG00000164077	hsa-miR-765	MIMAT0003945	0.816857995342889
10616	ADAMTS12	ENSG00000151388	hsa-miR-4685-5p	MIMAT0019771	0.816848247842814
10617	KCNA1	ENSG00000111262	hsa-miR-765	MIMAT0003945	0.816832247389709
10618	TMEM119	ENSG00000183160	hsa-miR-6127	MIMAT0024610	0.816810083442684
10619	FMNL3	ENSG00000161791	hsa-miR-6127	MIMAT0024610	0.816800603305003
10620	LRSAM1	ENSG00000148356	hsa-miR-4695-5p	MIMAT0019788	0.816783259099406
10621	SH2D2A	ENSG00000027869	hsa-miR-765	MIMAT0003945	0.816778984528595
10622	KLHDC8A	ENSG00000162873	hsa-miR-8056	MIMAT0030983	0.816771610056521
10623	TTC28	ENSG00000100154	hsa-miR-4695-5p	MIMAT0019788	0.816766241745735
10624	RGPD8	ENSG00000169629	hsa-miR-224-5p	MIMAT0000281	0.816759386557002
10625	DLG2	ENSG00000150672	hsa-miR-4695-5p	MIMAT0019788	0.816744828995383
10626	SLC35E4	ENSG00000100036	hsa-miR-4685-5p	MIMAT0019771	0.816730551366514
10627	CLOCK	ENSG00000134852	hsa-miR-130a-5p	MIMAT0004593	0.816727218235311
10628	KNOP1	ENSG00000103550	hsa-miR-4695-5p	MIMAT0019788	0.81672447019485
10629	ETS1	ENSG00000134954	hsa-miR-657	MIMAT0003335	0.816715555959131
10630	OAS1	ENSG00000089127	hsa-miR-4446-3p	MIMAT0018965	0.816702605925849
10631	HPS3	ENSG00000163755	hsa-miR-7855-5p	MIMAT0030430	0.816686737875402
10632	CPEB2	ENSG00000137449	hsa-miR-224-5p	MIMAT0000281	0.816683592484558
10633	TMEM47	ENSG00000147027	hsa-miR-6822-3p	MIMAT0027545	0.816652263585211
10634	ENPEP	ENSG00000138792	hsa-miR-661	MIMAT0003324	0.81665120335663
10635	SNPH	ENSG00000101298	hsa-miR-6758-5p	MIMAT0027416	0.816643409287486
10636	KIAA1671	ENSG00000197077	hsa-miR-765	MIMAT0003945	0.816620117625523
10637	TMEM35A	ENSG00000126950	hsa-miR-6758-5p	MIMAT0027416	0.816601239603199
10638	PFKM	ENSG00000152556	hsa-miR-224-5p	MIMAT0000281	0.816596353974557
10639	RSBN1	ENSG00000081019	hsa-miR-21-5p	MIMAT0000076	0.816595224680024
10640	POLI	ENSG00000101751	hsa-miR-765	MIMAT0003945	0.816585623677279
10641	CD3G	ENSG00000160654	hsa-miR-765	MIMAT0003945	0.816580106177948
10642	ACSM6	ENSG00000173124	hsa-miR-4292	MIMAT0016919	0.816579852958712
10643	FOXJ2	ENSG00000065970	hsa-miR-940	MIMAT0004983	0.816568179586392
10644	NELL2	ENSG00000184613	hsa-miR-21-5p	MIMAT0000076	0.816560360419873
10645	TRAF1	ENSG00000056558	hsa-miR-7157-3p	MIMAT0028225	0.816551303372991
10646	C16orf72	ENSG00000182831	hsa-miR-1252-3p	MIMAT0026744	0.816542774859104
10647	RAB3B	ENSG00000169213	hsa-miR-224-5p	MIMAT0000281	0.816510036540089
10648	XPO7	ENSG00000130227	hsa-miR-4292	MIMAT0016919	0.816508024336144
10649	EIF2A	ENSG00000144895	hsa-miR-7855-5p	MIMAT0030430	0.816479223846637
10650	IRF1	ENSG00000125347	hsa-miR-4685-5p	MIMAT0019771	0.816473540638177
10651	DOCK5	ENSG00000147459	hsa-miR-940	MIMAT0004983	0.816447855411438
10652	SOX6	ENSG00000110693	hsa-miR-183-5p	MIMAT0000261	0.816440593781022
10653	AC048338.2	ENSG00000284934	hsa-miR-7157-3p	MIMAT0028225	0.816410427651536
10654	IER5	ENSG00000162783	hsa-miR-657	MIMAT0003335	0.816400263695889
10655	PANK3	ENSG00000120137	hsa-miR-940	MIMAT0004983	0.816399335646035
10656	ITPKB	ENSG00000143772	hsa-miR-7157-3p	MIMAT0028225	0.816398062121169
10657	PIK3C2A	ENSG00000011405	hsa-miR-7855-5p	MIMAT0030430	0.81639200894264
10658	ITGAL	ENSG00000005844	hsa-miR-940	MIMAT0004983	0.816381946379471
10659	LRRC57	ENSG00000180979	hsa-miR-940	MIMAT0004983	0.816381001275195
10660	BARHL2	ENSG00000143032	hsa-miR-130a-5p	MIMAT0004593	0.816376959183485
10661	CDH6	ENSG00000113361	hsa-miR-1252-3p	MIMAT0026744	0.816365566159558
10662	PRSS37	ENSG00000165076	hsa-miR-6127	MIMAT0024610	0.816358334688802
10663	GAREM2	ENSG00000157833	hsa-miR-7157-3p	MIMAT0028225	0.816353930434508
10664	RFX1	ENSG00000132005	hsa-miR-765	MIMAT0003945	0.816339583796208
10665	RPS27L	ENSG00000185088	hsa-miR-21-5p	MIMAT0000076	0.816336781923955
10666	COL27A1	ENSG00000196739	hsa-miR-4458	MIMAT0018980	0.816332845450308
10667	NUDT3	ENSG00000272325	hsa-miR-1252-3p	MIMAT0026744	0.816322116271586
10668	NUDCD3	ENSG00000015676	hsa-miR-4685-5p	MIMAT0019771	0.81631035789669
10669	CPEB2	ENSG00000137449	hsa-miR-4458	MIMAT0018980	0.816268515348838
10670	ARSI	ENSG00000183876	hsa-miR-4695-5p	MIMAT0019788	0.816262887303161
10671	E2F2	ENSG00000007968	hsa-miR-4695-5p	MIMAT0019788	0.81625153028964
10672	SOAT1	ENSG00000057252	hsa-miR-21-5p	MIMAT0000076	0.816242335804576
10673	ZMYND11	ENSG00000015171	hsa-miR-130a-5p	MIMAT0004593	0.816239223560834
10674	LMAN2L	ENSG00000114988	hsa-miR-940	MIMAT0004983	0.816238072810069
10675	TEPSIN	ENSG00000167302	hsa-miR-224-5p	MIMAT0000281	0.816226948710525
10676	BVES	ENSG00000112276	hsa-miR-1252-3p	MIMAT0026744	0.816220661825838
10677	ZNF626	ENSG00000188171	hsa-miR-4446-3p	MIMAT0018965	0.816205538105687
10678	EDA	ENSG00000158813	hsa-miR-657	MIMAT0003335	0.816203369697412
10679	EDEM3	ENSG00000116406	hsa-miR-1252-3p	MIMAT0026744	0.816199928606669
10680	SPAAR	ENSG00000235387	hsa-miR-765	MIMAT0003945	0.816188514324118
10681	PHF3	ENSG00000118482	hsa-miR-224-5p	MIMAT0000281	0.816181921928937
10682	RMND5B	ENSG00000145916	hsa-miR-4695-5p	MIMAT0019788	0.816167783249615
10683	CILP	ENSG00000138615	hsa-miR-4465	MIMAT0018992	0.816166102670641
10684	PCDHA12	ENSG00000251664	hsa-miR-1252-3p	MIMAT0026744	0.816161509263087
10685	DEUP1	ENSG00000165325	hsa-miR-4465	MIMAT0018992	0.816133009133959
10686	KRT10	ENSG00000186395	hsa-miR-1252-3p	MIMAT0026744	0.816128142202016
10687	FBXO22	ENSG00000167196	hsa-miR-130a-5p	MIMAT0004593	0.816124188949959
10688	ZKSCAN1	ENSG00000106261	hsa-miR-765	MIMAT0003945	0.816123547007176
10689	HMGXB4	ENSG00000100281	hsa-miR-4446-3p	MIMAT0018965	0.816108432967746
10690	KCNN3	ENSG00000143603	hsa-miR-6783-5p	MIMAT0027466	0.816096088373995
10691	UBE2Q1	ENSG00000160714	hsa-miR-4685-5p	MIMAT0019771	0.816083004847556
10692	TMEM184A	ENSG00000164855	hsa-miR-4685-5p	MIMAT0019771	0.816077883451352
10693	ERVH48-1	ENSG00000233056	hsa-miR-4458	MIMAT0018980	0.816070843790936
10694	TIFAB	ENSG00000255833	hsa-miR-4446-3p	MIMAT0018965	0.816066846544412
10695	PSD4	ENSG00000125637	hsa-miR-6127	MIMAT0024610	0.816063555994068
10696	ZFX	ENSG00000005889	hsa-miR-130a-5p	MIMAT0004593	0.816057762254959
10697	PPP6R3	ENSG00000110075	hsa-miR-1252-3p	MIMAT0026744	0.816035869524797
10698	POLR3E	ENSG00000058600	hsa-miR-5008-5p	MIMAT0021039	0.816029657233027
10699	LCMT2	ENSG00000168806	hsa-miR-661	MIMAT0003324	0.816024373317521
10700	CBX1	ENSG00000108468	hsa-miR-940	MIMAT0004983	0.816010564296107
10701	KIF17	ENSG00000117245	hsa-miR-4446-3p	MIMAT0018965	0.815971985362865
10702	GALNT10	ENSG00000164574	hsa-miR-940	MIMAT0004983	0.815964951416047
10703	FABP3	ENSG00000121769	hsa-miR-661	MIMAT0003324	0.81596153098078
10704	GPR61	ENSG00000156097	hsa-miR-6758-5p	MIMAT0027416	0.815946131521507
10705	ZNF483	ENSG00000173258	hsa-miR-6783-5p	MIMAT0027466	0.815941858600272
10706	VTA1	ENSG00000009844	hsa-miR-130a-5p	MIMAT0004593	0.815932222774852
10707	ZXDB	ENSG00000198455	hsa-miR-1252-3p	MIMAT0026744	0.815926453386986
10708	KCNK15	ENSG00000124249	hsa-miR-4685-5p	MIMAT0019771	0.815901613825188
10709	TTC33	ENSG00000113638	hsa-miR-1252-3p	MIMAT0026744	0.815899033861481
10710	LRRC15	ENSG00000172061	hsa-miR-765	MIMAT0003945	0.815898273092934
10711	SOX21	ENSG00000125285	hsa-miR-1252-3p	MIMAT0026744	0.815891783600711
10712	RNF19B	ENSG00000116514	hsa-miR-4292	MIMAT0016919	0.815884334445855
10713	TNRC6B	ENSG00000100354	hsa-miR-183-5p	MIMAT0000261	0.815882215672082
10714	GIGYF1	ENSG00000146830	hsa-miR-4292	MIMAT0016919	0.815871537804081
10715	PAK4	ENSG00000130669	hsa-miR-4695-5p	MIMAT0019788	0.815853998275774
10716	LEP	ENSG00000174697	hsa-miR-4687-3p	MIMAT0019775	0.815830494816315
10717	CDH6	ENSG00000113361	hsa-miR-661	MIMAT0003324	0.815816453467653
10718	CASTOR1	ENSG00000239282	hsa-miR-21-5p	MIMAT0000076	0.815814505355076
10719	HOXC6	ENSG00000197757	hsa-miR-130a-5p	MIMAT0004593	0.815801222204378
10720	TAT	ENSG00000198650	hsa-miR-661	MIMAT0003324	0.815798203558107
10721	EZH2	ENSG00000106462	hsa-miR-765	MIMAT0003945	0.815773360151886
10722	ZNF492	ENSG00000229676	hsa-miR-4465	MIMAT0018992	0.815765541010826
10723	COQ8B	ENSG00000123815	hsa-miR-4695-5p	MIMAT0019788	0.815765222330191
10724	MR1	ENSG00000153029	hsa-miR-940	MIMAT0004983	0.815759815255064
10725	AL583836.1	ENSG00000276490	hsa-miR-6127	MIMAT0024610	0.815708232336823
10726	CBFA2T2	ENSG00000078699	hsa-miR-765	MIMAT0003945	0.815702903196422
10727	HTR2A	ENSG00000102468	hsa-miR-1252-3p	MIMAT0026744	0.815696379797777
10728	CCR7	ENSG00000126353	hsa-miR-6783-5p	MIMAT0027466	0.815664419111236
10729	GPANK1	ENSG00000204438	hsa-miR-92a-1-5p	MIMAT0004507	0.815664013957786
10730	DOCK9	ENSG00000088387	hsa-miR-4695-5p	MIMAT0019788	0.815662000443427
10731	GAS7	ENSG00000007237	hsa-miR-661	MIMAT0003324	0.815660890118548
10732	MTX3	ENSG00000177034	hsa-miR-940	MIMAT0004983	0.815648967909476
10733	RASSF8	ENSG00000123094	hsa-miR-21-5p	MIMAT0000076	0.815634174847646
10734	ADGRG4	ENSG00000156920	hsa-miR-765	MIMAT0003945	0.815615781122496
10735	ST3GAL6	ENSG00000064225	hsa-miR-6783-5p	MIMAT0027466	0.81560415293001
10736	CRK	ENSG00000167193	hsa-miR-4695-5p	MIMAT0019788	0.815581967633162
10737	NFIA	ENSG00000162599	hsa-miR-1252-3p	MIMAT0026744	0.815581143570861
10738	STC1	ENSG00000159167	hsa-miR-3682-5p	MIMAT0019222	0.815579035194663
10739	KLHDC8A	ENSG00000162873	hsa-miR-6758-5p	MIMAT0027416	0.815567946021406
10740	KDM6A	ENSG00000147050	hsa-miR-5008-5p	MIMAT0021039	0.815545536781859
10741	LPP	ENSG00000145012	hsa-miR-7157-3p	MIMAT0028225	0.815527912767877
10742	PYURF	ENSG00000145337	hsa-miR-4687-3p	MIMAT0019775	0.815504964098115
10743	GART	ENSG00000159131	hsa-miR-4685-5p	MIMAT0019771	0.815498127123652
10744	HELZ	ENSG00000198265	hsa-miR-1252-3p	MIMAT0026744	0.815497456217468
10745	RNF43	ENSG00000108375	hsa-miR-5008-5p	MIMAT0021039	0.815484251311306
10746	CHMP5	ENSG00000086065	hsa-miR-6758-5p	MIMAT0027416	0.815480404757101
10747	FYN	ENSG00000010810	hsa-miR-130a-5p	MIMAT0004593	0.81547679045356
10748	CMC2	ENSG00000103121	hsa-miR-4695-5p	MIMAT0019788	0.815465798012599
10749	RNPEPL1	ENSG00000142327	hsa-miR-4292	MIMAT0016919	0.815456288471505
10750	CCL18	ENSG00000275385	hsa-miR-183-5p	MIMAT0000261	0.815450664147665
10751	ACTR1A	ENSG00000138107	hsa-miR-4695-5p	MIMAT0019788	0.815427159000714
10752	ZNF365	ENSG00000138311	hsa-miR-7855-5p	MIMAT0030430	0.815426246377448
10753	TBX3	ENSG00000135111	hsa-miR-6127	MIMAT0024610	0.815380048200232
10754	GXYLT1	ENSG00000151233	hsa-miR-4687-3p	MIMAT0019775	0.815375434661116
10755	ICA1L	ENSG00000163596	hsa-miR-4687-3p	MIMAT0019775	0.815371868361889
10756	HM13	ENSG00000101294	hsa-miR-4458	MIMAT0018980	0.815362456198169
10757	SLC5A8	ENSG00000256870	hsa-miR-6758-5p	MIMAT0027416	0.815360784399154
10758	THRA	ENSG00000126351	hsa-miR-4804-5p	MIMAT0019984	0.815356301116619
10759	WTIP	ENSG00000142279	hsa-miR-4446-3p	MIMAT0018965	0.815352895668743
10760	HTR1B	ENSG00000135312	hsa-miR-4465	MIMAT0018992	0.81534614454085
10761	FAM102A	ENSG00000167106	hsa-miR-4446-3p	MIMAT0018965	0.81533746676898
10762	OSBPL10	ENSG00000144645	hsa-miR-1252-3p	MIMAT0026744	0.815335301541707
10763	DENND5B	ENSG00000170456	hsa-miR-1252-3p	MIMAT0026744	0.815301161772811
10764	STX16-NPEPL1	ENSG00000254995	hsa-miR-7855-5p	MIMAT0030430	0.815292588373411
10765	MYO9A	ENSG00000066933	hsa-miR-940	MIMAT0004983	0.815288824164445
10766	LRPAP1	ENSG00000163956	hsa-miR-661	MIMAT0003324	0.815269377779595
10767	SMIM24	ENSG00000095932	hsa-miR-4446-3p	MIMAT0018965	0.815264900627129
10768	FAM126A	ENSG00000122591	hsa-miR-1252-3p	MIMAT0026744	0.815236882181043
10769	FAM189B	ENSG00000160767	hsa-miR-6783-5p	MIMAT0027466	0.815233644469491
10770	CASP14	ENSG00000105141	hsa-miR-6127	MIMAT0024610	0.815232826742852
10771	DDX52	ENSG00000278053	hsa-miR-4695-5p	MIMAT0019788	0.815227612775206
10772	ACE	ENSG00000159640	hsa-miR-657	MIMAT0003335	0.815226573875887
10773	BCL6	ENSG00000113916	hsa-miR-6822-3p	MIMAT0027545	0.815226192242517
10774	PFKL	ENSG00000141959	hsa-miR-940	MIMAT0004983	0.815224488009679
10775	RSRC2	ENSG00000111011	hsa-miR-7855-5p	MIMAT0030430	0.815185089464738
10776	SFTA3	ENSG00000257520	hsa-miR-6758-5p	MIMAT0027416	0.815181740454752
10777	CALCOCO2	ENSG00000136436	hsa-miR-4685-5p	MIMAT0019771	0.815178486263866
10778	ZNF710	ENSG00000140548	hsa-miR-224-5p	MIMAT0000281	0.815169390626122
10779	TMEM199	ENSG00000244045	hsa-miR-940	MIMAT0004983	0.815163481417096
10780	ARHGEF28	ENSG00000214944	hsa-miR-6822-3p	MIMAT0027545	0.81516297356594
10781	C16orf89	ENSG00000153446	hsa-miR-4685-5p	MIMAT0019771	0.815130449105522
10782	TMEM132B	ENSG00000139364	hsa-miR-940	MIMAT0004983	0.815124287101215
10783	UBE2D1	ENSG00000072401	hsa-miR-1252-3p	MIMAT0026744	0.815116631694868
10784	SLC26A9	ENSG00000174502	hsa-miR-6822-3p	MIMAT0027545	0.815094574023279
10785	NIPBL	ENSG00000164190	hsa-miR-1252-3p	MIMAT0026744	0.815089898523964
10786	NFATC2IP	ENSG00000176953	hsa-miR-4685-5p	MIMAT0019771	0.815081752274759
10787	FUBP1	ENSG00000162613	hsa-miR-1252-3p	MIMAT0026744	0.815078376260979
10788	FAM204A	ENSG00000165669	hsa-miR-130a-5p	MIMAT0004593	0.815063859536345
10789	RBMS1	ENSG00000153250	hsa-miR-224-5p	MIMAT0000281	0.815046696526515
10790	TGM4	ENSG00000163810	hsa-miR-661	MIMAT0003324	0.815037051150907
10791	SLC14A1	ENSG00000141469	hsa-miR-1252-3p	MIMAT0026744	0.815035859673945
10792	E2F4	ENSG00000205250	hsa-miR-1252-3p	MIMAT0026744	0.815018668515613
10793	AGO2	ENSG00000123908	hsa-miR-7157-3p	MIMAT0028225	0.815008130491693
10794	CD2AP	ENSG00000198087	hsa-miR-625-3p	MIMAT0004808	0.815000496396794
10795	CCRL2	ENSG00000121797	hsa-miR-4685-5p	MIMAT0019771	0.814998101227735
10796	CUL4B	ENSG00000158290	hsa-miR-1252-3p	MIMAT0026744	0.814987064291998
10797	RPS29	ENSG00000213741	hsa-miR-7855-5p	MIMAT0030430	0.814985396441205
10798	ZDHHC20	ENSG00000180776	hsa-miR-1252-3p	MIMAT0026744	0.814972828870561
10799	CLK3	ENSG00000179335	hsa-miR-4687-3p	MIMAT0019775	0.81493472430861
10800	FAM120C	ENSG00000184083	hsa-miR-4695-5p	MIMAT0019788	0.814914354338639
10801	CCDC39	ENSG00000284862	hsa-miR-224-5p	MIMAT0000281	0.814909724859103
10802	SEPTIN2	ENSG00000168385	hsa-miR-4687-3p	MIMAT0019775	0.814892506792672
10803	ULK3	ENSG00000140474	hsa-miR-4446-3p	MIMAT0018965	0.81488546430666
10804	MUC6	ENSG00000184956	hsa-miR-661	MIMAT0003324	0.814883614073262
10805	PDK1	ENSG00000152256	hsa-miR-224-5p	MIMAT0000281	0.814879678214689
10806	PTPDC1	ENSG00000158079	hsa-miR-130a-5p	MIMAT0004593	0.81487051735669
10807	POLG	ENSG00000140521	hsa-miR-657	MIMAT0003335	0.814823350144841
10808	PDGFRB	ENSG00000113721	hsa-miR-4685-5p	MIMAT0019771	0.814816212015167
10809	CEP120	ENSG00000168944	hsa-miR-1911-5p	MIMAT0007885	0.814796028535734
10810	STK35	ENSG00000125834	hsa-miR-6783-5p	MIMAT0027466	0.814790840925126
10811	PLEKHA2	ENSG00000169499	hsa-miR-1252-3p	MIMAT0026744	0.814778104215884
10812	SLC19A2	ENSG00000117479	hsa-miR-4465	MIMAT0018992	0.814771896880086
10813	CCL13	ENSG00000181374	hsa-miR-4292	MIMAT0016919	0.814761472315254
10814	LEPROTL1	ENSG00000104660	hsa-miR-625-3p	MIMAT0004808	0.814737145460191
10815	RBFA	ENSG00000101546	hsa-miR-4695-5p	MIMAT0019788	0.81472492746198
10816	RAD21	ENSG00000164754	hsa-miR-21-5p	MIMAT0000076	0.814708803497268
10817	CD300LG	ENSG00000161649	hsa-miR-5008-5p	MIMAT0021039	0.814702430187762
10818	PSME1	ENSG00000092010	hsa-miR-4292	MIMAT0016919	0.814676987627901
10819	MBNL2	ENSG00000139793	hsa-miR-1252-3p	MIMAT0026744	0.814661740289881
10820	PBX1	ENSG00000185630	hsa-miR-940	MIMAT0004983	0.814660392610852
10821	PCARE	ENSG00000179270	hsa-miR-8056	MIMAT0030983	0.814652922564379
10822	KCTD17	ENSG00000100379	hsa-miR-4695-5p	MIMAT0019788	0.81463203441972
10823	OR4D2	ENSG00000255713	hsa-miR-7855-5p	MIMAT0030430	0.814629307848715
10824	GGACT	ENSG00000134864	hsa-miR-6783-5p	MIMAT0027466	0.81459304643851
10825	DMD	ENSG00000198947	hsa-miR-7157-3p	MIMAT0028225	0.814584182831472
10826	ATF3	ENSG00000162772	hsa-miR-661	MIMAT0003324	0.81458390857621
10827	TRAM2	ENSG00000065308	hsa-miR-4687-3p	MIMAT0019775	0.814568433342683
10828	CDKN1A	ENSG00000124762	hsa-miR-5008-5p	MIMAT0021039	0.814561331548617
10829	THAP12	ENSG00000137492	hsa-miR-183-5p	MIMAT0000261	0.81455544483201
10830	NOTCH2	ENSG00000134250	hsa-miR-940	MIMAT0004983	0.814546114440916
10831	NAA30	ENSG00000139977	hsa-miR-657	MIMAT0003335	0.814535800898515
10832	GARRE1	ENSG00000166398	hsa-miR-7855-5p	MIMAT0030430	0.814524964892854
10833	SPRYD4	ENSG00000176422	hsa-miR-4687-3p	MIMAT0019775	0.81451708803335
10834	MOBP	ENSG00000168314	hsa-miR-130a-5p	MIMAT0004593	0.814516178080677
10835	SNTB2	ENSG00000168807	hsa-miR-940	MIMAT0004983	0.814481833641425
10836	ZDHHC21	ENSG00000175893	hsa-miR-8056	MIMAT0030983	0.814460618086601
10837	TRMT13	ENSG00000122435	hsa-miR-5008-5p	MIMAT0021039	0.814450264854456
10838	CCNE2	ENSG00000175305	hsa-miR-183-5p	MIMAT0000261	0.814414669737225
10839	SHISA2	ENSG00000180730	hsa-miR-1252-3p	MIMAT0026744	0.814414392107652
10840	MAP7	ENSG00000135525	hsa-miR-4695-5p	MIMAT0019788	0.814393207480081
10841	NDUFA6	ENSG00000184983	hsa-miR-4446-3p	MIMAT0018965	0.814364431146589
10842	NDRG3	ENSG00000101079	hsa-miR-6758-5p	MIMAT0027416	0.814342983702322
10843	RAB30	ENSG00000137502	hsa-miR-4523	MIMAT0019061	0.814339730399522
10844	DOCK7	ENSG00000116641	hsa-miR-224-5p	MIMAT0000281	0.814319100270256
10845	ADAM19	ENSG00000135074	hsa-miR-4292	MIMAT0016919	0.814295642947247
10846	MAPRE2	ENSG00000166974	hsa-miR-6127	MIMAT0024610	0.814286806189589
10847	PLEKHG4	ENSG00000196155	hsa-miR-657	MIMAT0003335	0.814275074175833
10848	AQP4	ENSG00000171885	hsa-miR-1252-3p	MIMAT0026744	0.814247896851104
10849	HNRNPU	ENSG00000153187	hsa-miR-1252-3p	MIMAT0026744	0.814225089606296
10850	KIAA1191	ENSG00000122203	hsa-miR-661	MIMAT0003324	0.814220359457791
10851	XAGE1A	ENSG00000204379	hsa-miR-7855-5p	MIMAT0030430	0.814191847335795
10852	DIPK2A	ENSG00000181744	hsa-miR-1252-3p	MIMAT0026744	0.814184307361401
10853	FHIT	ENSG00000189283	hsa-miR-130a-5p	MIMAT0004593	0.814165071220249
10854	PLXND1	ENSG00000004399	hsa-miR-5008-5p	MIMAT0021039	0.81412789312717
10855	CRHR1	ENSG00000120088	hsa-miR-4685-5p	MIMAT0019771	0.814123606608961
10856	ZBTB34	ENSG00000177125	hsa-miR-6758-5p	MIMAT0027416	0.814118699728696
10857	RBSN	ENSG00000131381	hsa-miR-6822-3p	MIMAT0027545	0.814114343699442
10858	PRUNE2	ENSG00000106772	hsa-miR-8056	MIMAT0030983	0.814111633537714
10859	CFAP54	ENSG00000188596	hsa-miR-3682-5p	MIMAT0019222	0.814065034318462
10860	NEU1	ENSG00000204386	hsa-miR-8056	MIMAT0030983	0.814063163896668
10861	ATG10	ENSG00000152348	hsa-miR-1252-3p	MIMAT0026744	0.814052756108768
10862	FRYL	ENSG00000075539	hsa-miR-657	MIMAT0003335	0.814052537276285
10863	RBPJ	ENSG00000168214	hsa-miR-940	MIMAT0004983	0.814049806408728
10864	STX2	ENSG00000111450	hsa-miR-6127	MIMAT0024610	0.814039065764913
10865	SLC25A23	ENSG00000125648	hsa-miR-4685-5p	MIMAT0019771	0.814033172248484
10866	TLK2	ENSG00000146872	hsa-miR-765	MIMAT0003945	0.814025780383159
10867	SENP2	ENSG00000163904	hsa-miR-4458	MIMAT0018980	0.814022272771995
10868	IDE	ENSG00000119912	hsa-miR-4687-3p	MIMAT0019775	0.814011596413806
10869	AKAP13	ENSG00000170776	hsa-miR-940	MIMAT0004983	0.813985046270995
10870	MSN	ENSG00000147065	hsa-miR-4685-5p	MIMAT0019771	0.813970108276359
10871	SLC38A1	ENSG00000111371	hsa-miR-6783-5p	MIMAT0027466	0.81396962804401
10872	DENND4B	ENSG00000198837	hsa-miR-4685-5p	MIMAT0019771	0.813958749430802
10873	IPO9	ENSG00000198700	hsa-miR-130a-5p	MIMAT0004593	0.813957177909818
10874	PVRIG	ENSG00000213413	hsa-miR-5008-5p	MIMAT0021039	0.81394610770976
10875	ZNF629	ENSG00000102870	hsa-miR-4685-5p	MIMAT0019771	0.813945209383962
10876	ATAD3C	ENSG00000215915	hsa-miR-6127	MIMAT0024610	0.813940771044061
10877	MARK3	ENSG00000075413	hsa-miR-3682-5p	MIMAT0019222	0.813938318965962
10878	ADAM28	ENSG00000042980	hsa-miR-7855-5p	MIMAT0030430	0.813929536203177
10879	OR5A1	ENSG00000172320	hsa-miR-1252-3p	MIMAT0026744	0.813923576657074
10880	CRP	ENSG00000132693	hsa-miR-6783-5p	MIMAT0027466	0.813889252383484
10881	AC010327.2	ENSG00000267110	hsa-miR-765	MIMAT0003945	0.813874926701238
10882	SLC2A14	ENSG00000173262	hsa-miR-224-5p	MIMAT0000281	0.813869526589008
10883	GPR39	ENSG00000183840	hsa-miR-130a-5p	MIMAT0004593	0.813861741633987
10884	SAR1B	ENSG00000152700	hsa-miR-940	MIMAT0004983	0.813837747150935
10885	OR2T5	ENSG00000203661	hsa-miR-4292	MIMAT0016919	0.81382486839549
10886	DMRTC2	ENSG00000142025	hsa-miR-4446-3p	MIMAT0018965	0.813810835906692
10887	CHML	ENSG00000203668	hsa-miR-1252-3p	MIMAT0026744	0.813808049293742
10888	FRAT2	ENSG00000181274	hsa-miR-765	MIMAT0003945	0.813775906419374
10889	MSI1	ENSG00000135097	hsa-miR-6127	MIMAT0024610	0.813766442063084
10890	CUL5	ENSG00000166266	hsa-miR-6758-5p	MIMAT0027416	0.813755795128616
10891	CTSH	ENSG00000103811	hsa-miR-940	MIMAT0004983	0.813719045096248
10892	AC020909.1	ENSG00000142539	hsa-miR-765	MIMAT0003945	0.813707867838895
10893	SLC24A1	ENSG00000074621	hsa-miR-765	MIMAT0003945	0.81369852891091
10894	CDX1	ENSG00000113722	hsa-miR-4446-3p	MIMAT0018965	0.813694089432738
10895	RASSF6	ENSG00000169435	hsa-miR-1252-3p	MIMAT0026744	0.813682009241554
10896	TIMP3	ENSG00000100234	hsa-miR-940	MIMAT0004983	0.813663027990338
10897	CTSB	ENSG00000164733	hsa-miR-4695-5p	MIMAT0019788	0.813649536571339
10898	NUP54	ENSG00000138750	hsa-miR-4465	MIMAT0018992	0.813639779652681
10899	ADCK1	ENSG00000063761	hsa-miR-4292	MIMAT0016919	0.813637202492562
10900	C8orf34	ENSG00000165084	hsa-miR-1252-3p	MIMAT0026744	0.813624655542211
10901	TPM3	ENSG00000143549	hsa-miR-1252-3p	MIMAT0026744	0.813616892105008
10902	PTGIR	ENSG00000160013	hsa-miR-4292	MIMAT0016919	0.813605197945265
10903	ZNF432	ENSG00000256087	hsa-miR-940	MIMAT0004983	0.813601112915784
10904	NPHP3	ENSG00000113971	hsa-miR-4458	MIMAT0018980	0.813582008649356
10905	RUNX3	ENSG00000020633	hsa-miR-4695-5p	MIMAT0019788	0.813579615042401
10906	KCTD5	ENSG00000167977	hsa-miR-657	MIMAT0003335	0.813567809037262
10907	PREP	ENSG00000085377	hsa-miR-4695-5p	MIMAT0019788	0.813559141988107
10908	L3MBTL1	ENSG00000185513	hsa-miR-661	MIMAT0003324	0.813557188678087
10909	SLC9A6	ENSG00000198689	hsa-miR-1252-3p	MIMAT0026744	0.813547288418977
10910	IFT172	ENSG00000138002	hsa-miR-7157-3p	MIMAT0028225	0.813516592054349
10911	C9orf152	ENSG00000188959	hsa-miR-4695-5p	MIMAT0019788	0.81350149622977
10912	SLC2A13	ENSG00000151229	hsa-miR-4465	MIMAT0018992	0.813488589453759
10913	DPP9	ENSG00000142002	hsa-miR-3682-5p	MIMAT0019222	0.813482150931804
10914	CENPB	ENSG00000125817	hsa-miR-7157-3p	MIMAT0028225	0.813467869488565
10915	YIPF3	ENSG00000137207	hsa-miR-4685-5p	MIMAT0019771	0.813461891547562
10916	LCP1	ENSG00000136167	hsa-miR-130a-5p	MIMAT0004593	0.813429265469668
10917	CYB5B	ENSG00000103018	hsa-miR-224-5p	MIMAT0000281	0.813395485235248
10918	ZC3H12B	ENSG00000102053	hsa-miR-625-3p	MIMAT0004808	0.813388076221677
10919	TF	ENSG00000091513	hsa-miR-940	MIMAT0004983	0.813367129920339
10920	RNPEPL1	ENSG00000142327	hsa-miR-7157-3p	MIMAT0028225	0.813353207324442
10921	LIN28B	ENSG00000187772	hsa-miR-1252-3p	MIMAT0026744	0.813352744955823
10922	SPRY1	ENSG00000164056	hsa-miR-1911-5p	MIMAT0007885	0.813348859583149
10923	MECOM	ENSG00000085276	hsa-miR-3682-5p	MIMAT0019222	0.813345821073403
10924	C10orf105	ENSG00000214688	hsa-miR-4695-5p	MIMAT0019788	0.813298774093125
10925	ARFRP1	ENSG00000101246	hsa-miR-661	MIMAT0003324	0.813298674192761
10926	MDM4	ENSG00000198625	hsa-miR-4695-5p	MIMAT0019788	0.813295594634019
10927	CD226	ENSG00000150637	hsa-miR-6783-5p	MIMAT0027466	0.81329277969944
10928	AP2A2	ENSG00000183020	hsa-miR-661	MIMAT0003324	0.813288275966192
10929	SPECC1L-ADORA2A	ENSG00000258555	hsa-miR-4292	MIMAT0016919	0.813284399870899
10930	ZDHHC19	ENSG00000163958	hsa-miR-4695-5p	MIMAT0019788	0.813274419967456
10931	RANBP6	ENSG00000137040	hsa-miR-6783-5p	MIMAT0027466	0.813273758655132
10932	TEX261	ENSG00000144043	hsa-miR-765	MIMAT0003945	0.813265840628348
10933	SMAD4	ENSG00000141646	hsa-miR-183-5p	MIMAT0000261	0.813240985930421
10934	KCNJ6	ENSG00000157542	hsa-miR-7157-3p	MIMAT0028225	0.813227397606317
10935	CD22	ENSG00000012124	hsa-miR-657	MIMAT0003335	0.813220235635812
10936	PI15	ENSG00000137558	hsa-miR-7157-3p	MIMAT0028225	0.813219970469858
10937	POU4F1	ENSG00000152192	hsa-miR-765	MIMAT0003945	0.813214252073901
10938	RNFT2	ENSG00000135119	hsa-miR-6127	MIMAT0024610	0.813206418305738
10939	ELP2	ENSG00000134759	hsa-miR-4695-5p	MIMAT0019788	0.813197930900129
10940	FAM186B	ENSG00000135436	hsa-miR-6127	MIMAT0024610	0.813183790368249
10941	CELF1	ENSG00000149187	hsa-miR-6758-5p	MIMAT0027416	0.813178373576388
10942	PCDH9	ENSG00000184226	hsa-miR-940	MIMAT0004983	0.813170473452087
10943	RSBN1L	ENSG00000187257	hsa-miR-3682-5p	MIMAT0019222	0.813169627865944
10944	RUNDC3B	ENSG00000105784	hsa-miR-625-3p	MIMAT0004808	0.81315764089912
10945	OR52A5	ENSG00000171944	hsa-miR-7157-3p	MIMAT0028225	0.813142401803912
10946	NUFIP2	ENSG00000108256	hsa-miR-940	MIMAT0004983	0.813139030719236
10947	BAHD1	ENSG00000140320	hsa-miR-7157-3p	MIMAT0028225	0.813132251025518
10948	DENND6A	ENSG00000174839	hsa-miR-940	MIMAT0004983	0.813079298922603
10949	DCAF11	ENSG00000100897	hsa-miR-765	MIMAT0003945	0.813077435620427
10950	SH3TC2	ENSG00000169247	hsa-miR-6127	MIMAT0024610	0.813071674977363
10951	ZBTB33	ENSG00000177485	hsa-miR-625-3p	MIMAT0004808	0.813069165699126
10952	NAMPT	ENSG00000105835	hsa-miR-183-5p	MIMAT0000261	0.813065833587414
10953	RBM20	ENSG00000203867	hsa-miR-4465	MIMAT0018992	0.813056536955564
10954	FBXO28	ENSG00000143756	hsa-miR-21-5p	MIMAT0000076	0.813048775762221
10955	CAMK1D	ENSG00000183049	hsa-miR-183-5p	MIMAT0000261	0.813027796387632
10956	CNTN1	ENSG00000018236	hsa-miR-1252-3p	MIMAT0026744	0.813020431891364
10957	FRMD4B	ENSG00000114541	hsa-miR-940	MIMAT0004983	0.813018178151499
10958	BARD1	ENSG00000138376	hsa-miR-224-5p	MIMAT0000281	0.813017181663962
10959	RTKN2	ENSG00000182010	hsa-miR-1252-3p	MIMAT0026744	0.813010004682565
10960	RPL18A	ENSG00000105640	hsa-miR-661	MIMAT0003324	0.812998295021393
10961	SDSL	ENSG00000139410	hsa-miR-4695-5p	MIMAT0019788	0.812997517344664
10962	ENTPD1	ENSG00000138185	hsa-miR-7157-3p	MIMAT0028225	0.812992625352918
10963	ZNF716	ENSG00000182111	hsa-miR-4695-5p	MIMAT0019788	0.812982583528296
10964	GOLGA7	ENSG00000147533	hsa-miR-4458	MIMAT0018980	0.812964357119448
10965	GPR26	ENSG00000154478	hsa-miR-4685-5p	MIMAT0019771	0.812961239717482
10966	GUCY1A1	ENSG00000164116	hsa-miR-1911-5p	MIMAT0007885	0.812960337549068
10967	RAMAC	ENSG00000169612	hsa-miR-4458	MIMAT0018980	0.812959917686744
10968	VEZF1	ENSG00000136451	hsa-miR-3682-5p	MIMAT0019222	0.812957118654595
10969	RGPD5	ENSG00000015568	hsa-miR-224-5p	MIMAT0000281	0.812953728165801
10970	FNTB	ENSG00000257365	hsa-miR-7855-5p	MIMAT0030430	0.812923652967871
10971	ABI2	ENSG00000138443	hsa-miR-6758-5p	MIMAT0027416	0.812921669471366
10972	DBH	ENSG00000123454	hsa-miR-4446-3p	MIMAT0018965	0.812914278057802
10973	MXD3	ENSG00000213347	hsa-miR-21-5p	MIMAT0000076	0.812910451487975
10974	RAB3C	ENSG00000152932	hsa-miR-1252-3p	MIMAT0026744	0.812891351723867
10975	KCNE5	ENSG00000176076	hsa-miR-4685-5p	MIMAT0019771	0.812889923224397
10976	PLS3	ENSG00000102024	hsa-miR-765	MIMAT0003945	0.812884465794304
10977	FOXRED2	ENSG00000100350	hsa-miR-3682-5p	MIMAT0019222	0.812879930399916
10978	CRLF2	ENSG00000205755	hsa-miR-4804-5p	MIMAT0019984	0.812869604463604
10979	SLC45A3	ENSG00000158715	hsa-miR-661	MIMAT0003324	0.812862794532838
10980	ZNF562	ENSG00000171466	hsa-miR-940	MIMAT0004983	0.812860811785345
10981	ITFG1	ENSG00000129636	hsa-miR-4465	MIMAT0018992	0.812858182368645
10982	BNIP2	ENSG00000140299	hsa-miR-21-5p	MIMAT0000076	0.812854064319026
10983	TMPRSS2	ENSG00000184012	hsa-miR-183-5p	MIMAT0000261	0.812837244148792
10984	PRKAA2	ENSG00000162409	hsa-miR-4687-3p	MIMAT0019775	0.812806948084568
10985	GABRA4	ENSG00000109158	hsa-miR-4465	MIMAT0018992	0.812800748456802
10986	SNX21	ENSG00000124104	hsa-miR-4687-3p	MIMAT0019775	0.812785971319546
10987	CFL2	ENSG00000165410	hsa-miR-21-5p	MIMAT0000076	0.812785368850066
10988	SOCS7	ENSG00000274211	hsa-miR-4685-5p	MIMAT0019771	0.812784698428209
10989	FPR3	ENSG00000187474	hsa-miR-765	MIMAT0003945	0.812766308423497
10990	MDM4	ENSG00000198625	hsa-miR-4458	MIMAT0018980	0.812721542898343
10991	ZDHHC5	ENSG00000156599	hsa-miR-1252-3p	MIMAT0026744	0.812715362274863
10992	ANKRD13B	ENSG00000198720	hsa-miR-130a-5p	MIMAT0004593	0.812714672735325
10993	MYO5A	ENSG00000197535	hsa-miR-5008-5p	MIMAT0021039	0.812706107007073
10994	BCL9L	ENSG00000186174	hsa-miR-6127	MIMAT0024610	0.812683119216374
10995	ZBTB41	ENSG00000177888	hsa-miR-1252-3p	MIMAT0026744	0.812664120238004
10996	LRATD1	ENSG00000162981	hsa-miR-1252-3p	MIMAT0026744	0.812646442327719
10997	ZBTB24	ENSG00000112365	hsa-miR-224-5p	MIMAT0000281	0.812643375117602
10998	HECW2	ENSG00000138411	hsa-miR-3682-5p	MIMAT0019222	0.812622646396722
10999	LAMC1	ENSG00000135862	hsa-miR-940	MIMAT0004983	0.812606019423647
11000	RIPPLY3	ENSG00000183145	hsa-miR-4465	MIMAT0018992	0.812593271349785
11001	TENT2	ENSG00000164329	hsa-miR-4458	MIMAT0018980	0.812591664865665
11002	VPS39	ENSG00000166887	hsa-miR-661	MIMAT0003324	0.812586973269484
11003	GBA	ENSG00000177628	hsa-miR-6783-5p	MIMAT0027466	0.812586332651457
11004	CAVIN1	ENSG00000177469	hsa-miR-4685-5p	MIMAT0019771	0.812580944204708
11005	SIDT2	ENSG00000149577	hsa-miR-183-5p	MIMAT0000261	0.812558100931043
11006	TTN	ENSG00000155657	hsa-miR-1252-3p	MIMAT0026744	0.812547279520615
11007	GTDC1	ENSG00000121964	hsa-miR-6822-3p	MIMAT0027545	0.812541670956632
11008	DAAM1	ENSG00000100592	hsa-miR-130a-5p	MIMAT0004593	0.812510340157823
11009	EXOC5	ENSG00000070367	hsa-miR-3682-5p	MIMAT0019222	0.812489492657292
11010	TMED5	ENSG00000117500	hsa-miR-4687-3p	MIMAT0019775	0.812488623160047
11011	PPARA	ENSG00000186951	hsa-miR-21-5p	MIMAT0000076	0.812461723121614
11012	PDE12	ENSG00000174840	hsa-miR-4458	MIMAT0018980	0.81244940240209
11013	AJAP1	ENSG00000196581	hsa-miR-4687-3p	MIMAT0019775	0.812428518278696
11014	GIMAP8	ENSG00000171115	hsa-miR-4292	MIMAT0016919	0.812418342267676
11015	CNR2	ENSG00000188822	hsa-miR-4695-5p	MIMAT0019788	0.812415782793679
11016	ZNF277	ENSG00000198839	hsa-miR-3682-5p	MIMAT0019222	0.812414022787955
11017	ELAPOR2	ENSG00000164659	hsa-miR-183-5p	MIMAT0000261	0.812399698652984
11018	SMTNL2	ENSG00000188176	hsa-miR-6127	MIMAT0024610	0.812396988262867
11019	GPAM	ENSG00000119927	hsa-miR-940	MIMAT0004983	0.81238055938451
11020	BCL2L1	ENSG00000171552	hsa-miR-4458	MIMAT0018980	0.812347710598123
11021	HEG1	ENSG00000173706	hsa-miR-661	MIMAT0003324	0.812341803280821
11022	IPO13	ENSG00000117408	hsa-miR-4695-5p	MIMAT0019788	0.812340287688198
11023	GSTZ1	ENSG00000100577	hsa-miR-4685-5p	MIMAT0019771	0.812322136430566
11024	INO80C	ENSG00000153391	hsa-miR-1252-3p	MIMAT0026744	0.812317589671917
11025	COL19A1	ENSG00000082293	hsa-miR-1252-3p	MIMAT0026744	0.812296608084485
11026	AC005520.1	ENSG00000258653	hsa-miR-4465	MIMAT0018992	0.812293965005323
11027	SLC12A5	ENSG00000124140	hsa-miR-5008-5p	MIMAT0021039	0.812274783654194
11028	DNAJC10	ENSG00000077232	hsa-miR-940	MIMAT0004983	0.81225662217926
11029	OXSR1	ENSG00000172939	hsa-miR-765	MIMAT0003945	0.812255129837703
11030	MKLN1	ENSG00000128585	hsa-miR-7855-5p	MIMAT0030430	0.81225508180923
11031	ERCC1	ENSG00000012061	hsa-miR-4695-5p	MIMAT0019788	0.812244400966385
11032	ABI2	ENSG00000138443	hsa-miR-4465	MIMAT0018992	0.81224123431637
11033	FZD4	ENSG00000174804	hsa-miR-940	MIMAT0004983	0.812239331252781
11034	NUDCD3	ENSG00000015676	hsa-miR-940	MIMAT0004983	0.81223393170018
11035	WDFY3	ENSG00000163625	hsa-miR-3682-5p	MIMAT0019222	0.812198627146892
11036	DOK6	ENSG00000206052	hsa-miR-765	MIMAT0003945	0.812171950122756
11037	PDE12	ENSG00000174840	hsa-miR-661	MIMAT0003324	0.812166954232856
11038	DKK3	ENSG00000050165	hsa-miR-6783-5p	MIMAT0027466	0.812144823644131
11039	TINCR	ENSG00000223573	hsa-miR-4685-5p	MIMAT0019771	0.81214151076879
11040	AC092718.3	ENSG00000260643	hsa-miR-5008-5p	MIMAT0021039	0.812138712743689
11041	YWHAZ	ENSG00000164924	hsa-miR-940	MIMAT0004983	0.812135739624665
11042	TRIQK	ENSG00000205133	hsa-miR-4687-3p	MIMAT0019775	0.81212933240688
11043	CLK3	ENSG00000179335	hsa-miR-183-5p	MIMAT0000261	0.812118168280014
11044	DIAPH1	ENSG00000131504	hsa-miR-940	MIMAT0004983	0.812111652686828
11045	AL109811.3	ENSG00000277726	hsa-miR-1252-3p	MIMAT0026744	0.812096208625428
11046	SNX19	ENSG00000120451	hsa-miR-6758-5p	MIMAT0027416	0.812090220586801
11047	FAM13A	ENSG00000138640	hsa-miR-4695-5p	MIMAT0019788	0.812086368077682
11048	KCNK1	ENSG00000135750	hsa-miR-4465	MIMAT0018992	0.812066812129809
11049	RUNDC3B	ENSG00000105784	hsa-miR-1252-3p	MIMAT0026744	0.812065313983509
11050	ILDR2	ENSG00000143195	hsa-miR-183-5p	MIMAT0000261	0.812063014420062
11051	HAPLN3	ENSG00000140511	hsa-miR-5008-5p	MIMAT0021039	0.812058827028213
11052	TXN2	ENSG00000100348	hsa-miR-4695-5p	MIMAT0019788	0.81205770295677
11053	FEM1A	ENSG00000141965	hsa-miR-661	MIMAT0003324	0.812049664321108
11054	TNS1	ENSG00000079308	hsa-miR-4685-5p	MIMAT0019771	0.812043469083417
11055	PCDHA4	ENSG00000204967	hsa-miR-1252-3p	MIMAT0026744	0.812024665914285
11056	ST6GALNAC5	ENSG00000117069	hsa-miR-1252-3p	MIMAT0026744	0.812023581203552
11057	LZTS3	ENSG00000088899	hsa-miR-6127	MIMAT0024610	0.812020370289566
11058	SLX4IP	ENSG00000149346	hsa-miR-1252-3p	MIMAT0026744	0.812016117911076
11059	DSC2	ENSG00000134755	hsa-miR-661	MIMAT0003324	0.812007916242032
11060	CD2AP	ENSG00000198087	hsa-miR-130a-5p	MIMAT0004593	0.811959524382057
11061	SNAPC2	ENSG00000104976	hsa-miR-4695-5p	MIMAT0019788	0.811954320112988
11062	PIAS2	ENSG00000078043	hsa-miR-657	MIMAT0003335	0.811920321420248
11063	PCDH17	ENSG00000118946	hsa-miR-130a-5p	MIMAT0004593	0.811915971091381
11064	MAP3K9	ENSG00000006432	hsa-miR-765	MIMAT0003945	0.811905137321953
11065	MIDN	ENSG00000167470	hsa-miR-765	MIMAT0003945	0.811887960263832
11066	TMEM201	ENSG00000188807	hsa-miR-657	MIMAT0003335	0.811883955770605
11067	SELPLG	ENSG00000110876	hsa-miR-765	MIMAT0003945	0.811882649408861
11068	CA2	ENSG00000104267	hsa-miR-7157-3p	MIMAT0028225	0.811879328748226
11069	C1orf21	ENSG00000116667	hsa-miR-1252-3p	MIMAT0026744	0.811874487809547
11070	TMEM158	ENSG00000249992	hsa-miR-6783-5p	MIMAT0027466	0.811873008794205
11071	SF3A1	ENSG00000099995	hsa-miR-4465	MIMAT0018992	0.81184904765239
11072	ATP8A1	ENSG00000124406	hsa-miR-1252-3p	MIMAT0026744	0.811843723388497
11073	MMP15	ENSG00000102996	hsa-miR-4292	MIMAT0016919	0.811833646155865
11074	TSPYL4	ENSG00000187189	hsa-miR-940	MIMAT0004983	0.811832565136314
11075	FAM219A	ENSG00000164970	hsa-miR-940	MIMAT0004983	0.811824758084731
11076	MCM8	ENSG00000125885	hsa-miR-940	MIMAT0004983	0.811816977474428
11077	NYAP2	ENSG00000144460	hsa-miR-1252-3p	MIMAT0026744	0.811812778547332
11078	MRPS11	ENSG00000181991	hsa-miR-661	MIMAT0003324	0.811799858136062
11079	FCGR3B	ENSG00000162747	hsa-miR-92a-1-5p	MIMAT0004507	0.811787323713856
11080	PIP4P1	ENSG00000165782	hsa-miR-4685-5p	MIMAT0019771	0.81177181975122
11081	SLC22A2	ENSG00000112499	hsa-miR-7157-3p	MIMAT0028225	0.811761709467281
11082	DCTN5	ENSG00000166847	hsa-miR-4695-5p	MIMAT0019788	0.811760328599792
11083	TLR3	ENSG00000164342	hsa-miR-224-5p	MIMAT0000281	0.811749282681883
11084	SYCP1	ENSG00000198765	hsa-miR-130a-5p	MIMAT0004593	0.811735194597907
11085	CCDC85C	ENSG00000205476	hsa-miR-6783-5p	MIMAT0027466	0.811732896710241
11086	FOXJ2	ENSG00000065970	hsa-miR-6783-5p	MIMAT0027466	0.811730708913764
11087	CBLN3	ENSG00000139899	hsa-miR-6758-5p	MIMAT0027416	0.811728974285147
11088	UBTD1	ENSG00000165886	hsa-miR-940	MIMAT0004983	0.811723777156365
11089	P2RY2	ENSG00000175591	hsa-miR-661	MIMAT0003324	0.81171573783532
11090	HIVEP3	ENSG00000127124	hsa-miR-661	MIMAT0003324	0.811713680494481
11091	AC105052.1	ENSG00000205236	hsa-miR-657	MIMAT0003335	0.811674955845863
11092	KAT6A	ENSG00000083168	hsa-miR-1252-3p	MIMAT0026744	0.811674419873576
11093	MAPRE2	ENSG00000166974	hsa-miR-1252-3p	MIMAT0026744	0.811666054278664
11094	EIF4E	ENSG00000151247	hsa-miR-625-3p	MIMAT0004808	0.811663497737055
11095	CDC25A	ENSG00000164045	hsa-miR-4458	MIMAT0018980	0.811651297808833
11096	UPRT	ENSG00000094841	hsa-miR-4465	MIMAT0018992	0.811649862271882
11097	MGAT4C	ENSG00000182050	hsa-miR-6758-5p	MIMAT0027416	0.811646697063534
11098	TMPPE	ENSG00000188167	hsa-miR-6783-5p	MIMAT0027466	0.811639922690219
11099	TMA7	ENSG00000232112	hsa-miR-1252-3p	MIMAT0026744	0.811617617929465
11100	SERBP1	ENSG00000142864	hsa-miR-4465	MIMAT0018992	0.811584152777534
11101	ARNTL2	ENSG00000029153	hsa-miR-4465	MIMAT0018992	0.811582466972573
11102	EPC1	ENSG00000120616	hsa-miR-657	MIMAT0003335	0.811577198711039
11103	OTOF	ENSG00000115155	hsa-miR-4292	MIMAT0016919	0.811571563047253
11104	DOCK5	ENSG00000147459	hsa-miR-4446-3p	MIMAT0018965	0.811570630620776
11105	RBM39	ENSG00000131051	hsa-miR-1252-3p	MIMAT0026744	0.811557262244924
11106	KIRREL1	ENSG00000183853	hsa-miR-657	MIMAT0003335	0.811550568618327
11107	RBPJ	ENSG00000168214	hsa-miR-1252-3p	MIMAT0026744	0.811539883453066
11108	DCLRE1C	ENSG00000152457	hsa-miR-21-5p	MIMAT0000076	0.811537437252582
11109	ZNF511	ENSG00000198546	hsa-miR-661	MIMAT0003324	0.81152695473134
11110	ADCY5	ENSG00000173175	hsa-miR-7157-3p	MIMAT0028225	0.811515829525188
11111	CHAT	ENSG00000070748	hsa-miR-765	MIMAT0003945	0.811509033316886
11112	PCBP1	ENSG00000169564	hsa-miR-21-5p	MIMAT0000076	0.811496580480482
11113	VEGFB	ENSG00000173511	hsa-miR-940	MIMAT0004983	0.811491615775365
11114	NUDT10	ENSG00000122824	hsa-miR-7157-3p	MIMAT0028225	0.811490274554856
11115	ST3GAL1	ENSG00000008513	hsa-miR-130a-5p	MIMAT0004593	0.811485321871495
11116	SLC30A4	ENSG00000104154	hsa-miR-183-5p	MIMAT0000261	0.811478293934781
11117	AZU1	ENSG00000172232	hsa-miR-4695-5p	MIMAT0019788	0.811472524405624
11118	LONRF2	ENSG00000170500	hsa-miR-940	MIMAT0004983	0.811471413359962
11119	KDM6A	ENSG00000147050	hsa-miR-130a-5p	MIMAT0004593	0.811466423239327
11120	ALDH3B2	ENSG00000132746	hsa-miR-4446-3p	MIMAT0018965	0.811432073225899
11121	SFMBT2	ENSG00000198879	hsa-miR-940	MIMAT0004983	0.811428342247196
11122	MTMR10	ENSG00000166912	hsa-miR-224-5p	MIMAT0000281	0.811423917686258
11123	VSTM4	ENSG00000165633	hsa-miR-4292	MIMAT0016919	0.811399435850251
11124	SLC35A1	ENSG00000164414	hsa-miR-183-5p	MIMAT0000261	0.811394824972201
11125	HTR3B	ENSG00000149305	hsa-miR-657	MIMAT0003335	0.811392508253464
11126	PAM	ENSG00000145730	hsa-miR-183-5p	MIMAT0000261	0.811382113176542
11127	UBE2W	ENSG00000104343	hsa-miR-940	MIMAT0004983	0.811369255006931
11128	ZDHHC2	ENSG00000104219	hsa-miR-7157-3p	MIMAT0028225	0.81136285698028
11129	TET3	ENSG00000187605	hsa-miR-4458	MIMAT0018980	0.811319361707482
11130	ZNF705E	ENSG00000214534	hsa-miR-224-5p	MIMAT0000281	0.811317899929545
11131	C1orf52	ENSG00000162642	hsa-miR-6783-5p	MIMAT0027466	0.811313827036638
11132	CCDC120	ENSG00000147144	hsa-miR-765	MIMAT0003945	0.811303919890726
11133	FGFR1	ENSG00000077782	hsa-miR-940	MIMAT0004983	0.811292437667347
11134	AKAP11	ENSG00000023516	hsa-miR-1252-3p	MIMAT0026744	0.811279044561273
11135	PLXNA2	ENSG00000076356	hsa-miR-940	MIMAT0004983	0.811278999176509
11136	MSGN1	ENSG00000151379	hsa-miR-4695-5p	MIMAT0019788	0.811270315795478
11137	OR2A5	ENSG00000221836	hsa-miR-7157-3p	MIMAT0028225	0.811269547751233
11138	SPAG6	ENSG00000077327	hsa-miR-6783-5p	MIMAT0027466	0.811247828262568
11139	TNRC6A	ENSG00000090905	hsa-miR-6758-5p	MIMAT0027416	0.811246553103727
11140	SENP1	ENSG00000079387	hsa-miR-661	MIMAT0003324	0.811243543448611
11141	KEL	ENSG00000197993	hsa-miR-7157-3p	MIMAT0028225	0.81123663676134
11142	E2F5	ENSG00000133740	hsa-miR-661	MIMAT0003324	0.811216237034593
11143	USP24	ENSG00000162402	hsa-miR-3682-5p	MIMAT0019222	0.811194155728451
11144	MAP4K3	ENSG00000011566	hsa-miR-1252-3p	MIMAT0026744	0.811188974584078
11145	SALL1	ENSG00000103449	hsa-miR-4465	MIMAT0018992	0.811186129585066
11146	GABRG3	ENSG00000182256	hsa-miR-7855-5p	MIMAT0030430	0.811172683282822
11147	SCLT1	ENSG00000151466	hsa-miR-765	MIMAT0003945	0.811157880002997
11148	MAP2	ENSG00000078018	hsa-miR-6822-3p	MIMAT0027545	0.811141004066404
11149	KNOP1	ENSG00000103550	hsa-miR-940	MIMAT0004983	0.811133334108469
11150	GYG2	ENSG00000056998	hsa-miR-1252-3p	MIMAT0026744	0.811116196834541
11151	CLDN6	ENSG00000184697	hsa-miR-4695-5p	MIMAT0019788	0.811105970918908
11152	ZNF80	ENSG00000174255	hsa-miR-130a-5p	MIMAT0004593	0.81110183088446
11153	TYRO3	ENSG00000092445	hsa-miR-940	MIMAT0004983	0.811085364872265
11154	CCNT2	ENSG00000082258	hsa-miR-1911-5p	MIMAT0007885	0.811080453472897
11155	IKBKB	ENSG00000104365	hsa-miR-4685-5p	MIMAT0019771	0.811076429795099
11156	IGF1R	ENSG00000140443	hsa-miR-6127	MIMAT0024610	0.811056489863587
11157	RTRAF	ENSG00000087302	hsa-miR-1252-3p	MIMAT0026744	0.811054785582206
11158	CBLL1	ENSG00000105879	hsa-miR-224-5p	MIMAT0000281	0.811050811298415
11159	ERP44	ENSG00000023318	hsa-miR-21-5p	MIMAT0000076	0.811033238626145
11160	DIS3	ENSG00000083520	hsa-miR-1252-3p	MIMAT0026744	0.811022052673888
11161	RAPH1	ENSG00000173166	hsa-miR-1252-3p	MIMAT0026744	0.811000387493544
11162	FAM204A	ENSG00000165669	hsa-miR-661	MIMAT0003324	0.810998950615494
11163	SLITRK4	ENSG00000179542	hsa-miR-940	MIMAT0004983	0.810998344412915
11164	C9orf57	ENSG00000204669	hsa-miR-92a-1-5p	MIMAT0004507	0.81099165639198
11165	DIMT1	ENSG00000086189	hsa-miR-1252-3p	MIMAT0026744	0.810989394054063
11166	TTBK2	ENSG00000128881	hsa-miR-6758-5p	MIMAT0027416	0.810982227546828
11167	TTLL9	ENSG00000131044	hsa-miR-661	MIMAT0003324	0.810981945491943
11168	JDP2	ENSG00000140044	hsa-miR-765	MIMAT0003945	0.810972555290722
11169	NECTIN3	ENSG00000177707	hsa-miR-4458	MIMAT0018980	0.810961810219601
11170	XPO1	ENSG00000082898	hsa-miR-3682-5p	MIMAT0019222	0.810961294863133
11171	DERA	ENSG00000023697	hsa-miR-1911-5p	MIMAT0007885	0.810935740562129
11172	AL353579.1	ENSG00000286105	hsa-miR-224-5p	MIMAT0000281	0.810928489937562
11173	NRXN3	ENSG00000021645	hsa-miR-21-5p	MIMAT0000076	0.810924871296563
11174	RBFA	ENSG00000101546	hsa-miR-6758-5p	MIMAT0027416	0.810906800104279
11175	PAFAH1B1	ENSG00000007168	hsa-miR-224-5p	MIMAT0000281	0.810872499957411
11176	PCDH9	ENSG00000184226	hsa-miR-224-5p	MIMAT0000281	0.81086831306523
11177	TMEM154	ENSG00000170006	hsa-miR-661	MIMAT0003324	0.810863261877503
11178	VDAC1	ENSG00000213585	hsa-miR-7855-5p	MIMAT0030430	0.810856814288837
11179	NSMAF	ENSG00000035681	hsa-miR-940	MIMAT0004983	0.810856749694192
11180	SLC35F6	ENSG00000213699	hsa-miR-5008-5p	MIMAT0021039	0.81085038378607
11181	ARHGEF37	ENSG00000183111	hsa-miR-4292	MIMAT0016919	0.810814149510897
11182	RIC3	ENSG00000166405	hsa-miR-940	MIMAT0004983	0.81080326346029
11183	ARID1B	ENSG00000049618	hsa-miR-7855-5p	MIMAT0030430	0.810802935550908
11184	CALCOCO1	ENSG00000012822	hsa-miR-765	MIMAT0003945	0.810801446917389
11185	CBX5	ENSG00000094916	hsa-miR-130a-5p	MIMAT0004593	0.810800588547714
11186	RLIM	ENSG00000131263	hsa-miR-7855-5p	MIMAT0030430	0.810795668595144
11187	ZC3H13	ENSG00000123200	hsa-miR-7855-5p	MIMAT0030430	0.810785882187669
11188	DDA1	ENSG00000130311	hsa-miR-940	MIMAT0004983	0.81078371964149
11189	TMCO6	ENSG00000113119	hsa-miR-6758-5p	MIMAT0027416	0.810763973690206
11190	INPP5F	ENSG00000198825	hsa-miR-4465	MIMAT0018992	0.810716187516273
11191	CSNK2A1	ENSG00000101266	hsa-miR-765	MIMAT0003945	0.810715843114554
11192	RS1	ENSG00000102104	hsa-miR-4446-3p	MIMAT0018965	0.810713259081128
11193	SPDYE16	ENSG00000185040	hsa-miR-7157-3p	MIMAT0028225	0.810703385081272
11194	PNKD	ENSG00000127838	hsa-miR-4685-5p	MIMAT0019771	0.810693133463935
11195	TNFRSF1B	ENSG00000028137	hsa-miR-4458	MIMAT0018980	0.810666758255886
11196	RNGTT	ENSG00000111880	hsa-miR-1252-3p	MIMAT0026744	0.810653700020076
11197	UMPS	ENSG00000114491	hsa-miR-4695-5p	MIMAT0019788	0.81064836662981
11198	THRB	ENSG00000151090	hsa-miR-4465	MIMAT0018992	0.810633397314485
11199	SEMA6D	ENSG00000137872	hsa-miR-765	MIMAT0003945	0.810631977388807
11200	PPP1R12B	ENSG00000077157	hsa-miR-661	MIMAT0003324	0.810612451316749
11201	AL109811.3	ENSG00000277726	hsa-miR-224-5p	MIMAT0000281	0.810597347421985
11202	MRFAP1	ENSG00000179010	hsa-miR-1252-3p	MIMAT0026744	0.810594403800086
11203	PAPPA2	ENSG00000116183	hsa-miR-130a-5p	MIMAT0004593	0.810577913158497
11204	SLC1A4	ENSG00000115902	hsa-miR-7157-3p	MIMAT0028225	0.810575850164505
11205	UBASH3B	ENSG00000154127	hsa-miR-1252-3p	MIMAT0026744	0.810575333998167
11206	FAM160B1	ENSG00000151553	hsa-miR-940	MIMAT0004983	0.810561269313008
11207	DRP2	ENSG00000102385	hsa-miR-940	MIMAT0004983	0.810559437354371
11208	STAC2	ENSG00000141750	hsa-miR-4465	MIMAT0018992	0.810552288883312
11209	ADNP	ENSG00000101126	hsa-miR-940	MIMAT0004983	0.810539356501502
11210	OR2AG2	ENSG00000188124	hsa-miR-4465	MIMAT0018992	0.8105276510696
11211	INKA2	ENSG00000197852	hsa-miR-4685-5p	MIMAT0019771	0.810498502524513
11212	GRIK3	ENSG00000163873	hsa-miR-765	MIMAT0003945	0.810498085556312
11213	ERCC8	ENSG00000049167	hsa-miR-940	MIMAT0004983	0.810497006018852
11214	TBC1D13	ENSG00000107021	hsa-miR-657	MIMAT0003335	0.810496623376104
11215	HS1BP3	ENSG00000118960	hsa-miR-6783-5p	MIMAT0027466	0.81049566353323
11216	UFL1	ENSG00000014123	hsa-miR-1252-3p	MIMAT0026744	0.810494264056689
11217	DCLRE1C	ENSG00000152457	hsa-miR-92a-1-5p	MIMAT0004507	0.810491225564491
11218	AP3B2	ENSG00000103723	hsa-miR-92a-1-5p	MIMAT0004507	0.810485285957939
11219	AL022238.3	ENSG00000284431	hsa-miR-4685-5p	MIMAT0019771	0.81047513258027
11220	NEMF	ENSG00000165525	hsa-miR-183-5p	MIMAT0000261	0.810471343500539
11221	SLC36A2	ENSG00000186335	hsa-miR-8056	MIMAT0030983	0.810461797883142
11222	CCDC6	ENSG00000108091	hsa-miR-224-5p	MIMAT0000281	0.810440169688202
11223	SCD	ENSG00000099194	hsa-miR-940	MIMAT0004983	0.810434229013171
11224	H3-3A	ENSG00000163041	hsa-miR-4465	MIMAT0018992	0.810427605766248
11225	ADD2	ENSG00000075340	hsa-miR-4695-5p	MIMAT0019788	0.810413015448876
11226	RNF150	ENSG00000170153	hsa-miR-1252-3p	MIMAT0026744	0.810412912552142
11227	GIGYF2	ENSG00000204120	hsa-miR-7855-5p	MIMAT0030430	0.810402947143603
11228	ZBTB47	ENSG00000114853	hsa-miR-940	MIMAT0004983	0.810392509014434
11229	PELI1	ENSG00000197329	hsa-miR-224-5p	MIMAT0000281	0.810373604677061
11230	NCKAP5	ENSG00000176771	hsa-miR-130a-5p	MIMAT0004593	0.81036619601412
11231	RAB11FIP4	ENSG00000131242	hsa-miR-4695-5p	MIMAT0019788	0.810355051521696
11232	ODF2L	ENSG00000122417	hsa-miR-4458	MIMAT0018980	0.810346277547275
11233	GPSM3	ENSG00000213654	hsa-miR-6783-5p	MIMAT0027466	0.810341858116906
11234	NEURL1	ENSG00000107954	hsa-miR-4446-3p	MIMAT0018965	0.810339274205133
11235	SLC12A5	ENSG00000124140	hsa-miR-657	MIMAT0003335	0.81032549251885
11236	PDGFA	ENSG00000197461	hsa-miR-130a-5p	MIMAT0004593	0.810324239974826
11237	TSPAN6	ENSG00000000003	hsa-miR-6127	MIMAT0024610	0.810323040600267
11238	TNK2	ENSG00000061938	hsa-miR-4685-5p	MIMAT0019771	0.810307956350166
11239	KCNJ16	ENSG00000153822	hsa-miR-4687-3p	MIMAT0019775	0.81028481852246
11240	RPS6KA5	ENSG00000100784	hsa-miR-130a-5p	MIMAT0004593	0.81026164381392
11241	TRNP1	ENSG00000253368	hsa-miR-940	MIMAT0004983	0.810258680953628
11242	EXOSC6	ENSG00000223496	hsa-miR-4695-5p	MIMAT0019788	0.81024476676148
11243	KIR2DL1	ENSG00000125498	hsa-miR-4446-3p	MIMAT0018965	0.81023401850729
11244	B3GAT3	ENSG00000149541	hsa-miR-4458	MIMAT0018980	0.810206408286016
11245	TMEM150C	ENSG00000249242	hsa-miR-224-5p	MIMAT0000281	0.810171943535954
11246	ADGRF2	ENSG00000164393	hsa-miR-6127	MIMAT0024610	0.81016861152549
11247	LLGL2	ENSG00000073350	hsa-miR-4458	MIMAT0018980	0.810156179440216
11248	LHFPL2	ENSG00000145685	hsa-miR-4687-3p	MIMAT0019775	0.810123083107828
11249	PCNX4	ENSG00000126773	hsa-miR-3682-5p	MIMAT0019222	0.810115800280051
11250	KMT2D	ENSG00000167548	hsa-miR-6758-5p	MIMAT0027416	0.810106509655813
11251	CAB39L	ENSG00000102547	hsa-miR-1252-3p	MIMAT0026744	0.810098330361896
11252	LARP4B	ENSG00000107929	hsa-miR-5008-5p	MIMAT0021039	0.810077705772622
11253	PCNX4	ENSG00000126773	hsa-miR-1252-3p	MIMAT0026744	0.810075042865517
11254	TMEM41B	ENSG00000166471	hsa-miR-130a-5p	MIMAT0004593	0.810073081048429
11255	TRIM29	ENSG00000137699	hsa-miR-940	MIMAT0004983	0.810071282069106
11256	MAGEC1	ENSG00000155495	hsa-miR-765	MIMAT0003945	0.810050707549052
11257	HES6	ENSG00000144485	hsa-miR-4685-5p	MIMAT0019771	0.810050442537297
11258	IBA57	ENSG00000181873	hsa-miR-4685-5p	MIMAT0019771	0.810035558868798
11259	ATF7IP	ENSG00000171681	hsa-miR-625-3p	MIMAT0004808	0.810019737848884
11260	VTI1A	ENSG00000151532	hsa-miR-4687-3p	MIMAT0019775	0.809997316955675
11261	ACSBG1	ENSG00000103740	hsa-miR-4685-5p	MIMAT0019771	0.809952744924541
11262	NLK	ENSG00000087095	hsa-miR-6822-3p	MIMAT0027545	0.809887902971854
11263	LHPP	ENSG00000107902	hsa-miR-4695-5p	MIMAT0019788	0.809883069769398
11264	UCHL3	ENSG00000118939	hsa-miR-183-5p	MIMAT0000261	0.809878887491645
11265	RIOK3	ENSG00000101782	hsa-miR-4695-5p	MIMAT0019788	0.80987828875714
11266	PRR11	ENSG00000068489	hsa-miR-4465	MIMAT0018992	0.809867027451936
11267	GDF7	ENSG00000143869	hsa-miR-1252-3p	MIMAT0026744	0.809863257084845
11268	HAO1	ENSG00000101323	hsa-miR-4465	MIMAT0018992	0.809857276751406
11269	PDE5A	ENSG00000138735	hsa-miR-224-5p	MIMAT0000281	0.809856194617911
11270	HOOK3	ENSG00000168172	hsa-miR-661	MIMAT0003324	0.809847662705399
11271	E2F5	ENSG00000133740	hsa-miR-940	MIMAT0004983	0.809844041192411
11272	FAM199X	ENSG00000123575	hsa-miR-4465	MIMAT0018992	0.809828904074483
11273	CAPZB	ENSG00000077549	hsa-miR-4458	MIMAT0018980	0.809807784986989
11274	DAGLA	ENSG00000134780	hsa-miR-183-5p	MIMAT0000261	0.809807277656083
11275	ZNF471	ENSG00000196263	hsa-miR-6783-5p	MIMAT0027466	0.80980132389202
11276	NHLH1	ENSG00000171786	hsa-miR-765	MIMAT0003945	0.809795441901746
11277	ORAI2	ENSG00000160991	hsa-miR-5008-5p	MIMAT0021039	0.809795397034284
11278	ERICH1	ENSG00000104714	hsa-miR-4687-3p	MIMAT0019775	0.809790796938735
11279	PBX2	ENSG00000204304	hsa-miR-4446-3p	MIMAT0018965	0.809780196954145
11280	ADCY1	ENSG00000164742	hsa-miR-661	MIMAT0003324	0.809771427232805
11281	PBXIP1	ENSG00000163346	hsa-miR-661	MIMAT0003324	0.809771224717015
11282	TF	ENSG00000091513	hsa-miR-4446-3p	MIMAT0018965	0.809730924361138
11283	COBLL1	ENSG00000082438	hsa-miR-1252-3p	MIMAT0026744	0.809723433941828
11284	NOL4L	ENSG00000197183	hsa-miR-6758-5p	MIMAT0027416	0.809695962343261
11285	THRB	ENSG00000151090	hsa-miR-7855-5p	MIMAT0030430	0.809690637432022
11286	PCCA	ENSG00000175198	hsa-miR-7855-5p	MIMAT0030430	0.809688486299949
11287	CCDC50	ENSG00000152492	hsa-miR-224-5p	MIMAT0000281	0.809683221675456
11288	TMED3	ENSG00000166557	hsa-miR-7157-3p	MIMAT0028225	0.809674063613586
11289	F8A3	ENSG00000277150	hsa-miR-4446-3p	MIMAT0018965	0.809662213230013
11290	FAM160A1	ENSG00000164142	hsa-miR-4695-5p	MIMAT0019788	0.809648373462933
11291	SLC39A9	ENSG00000029364	hsa-miR-130a-5p	MIMAT0004593	0.809636998581597
11292	AHCY	ENSG00000101444	hsa-miR-765	MIMAT0003945	0.809631145735052
11293	AGPAT4	ENSG00000026652	hsa-miR-4292	MIMAT0016919	0.809618635547862
11294	FUT1	ENSG00000174951	hsa-miR-4695-5p	MIMAT0019788	0.809617931259987
11295	DPYSL3	ENSG00000113657	hsa-miR-6783-5p	MIMAT0027466	0.809613596621904
11296	CSNK2A1	ENSG00000101266	hsa-miR-6127	MIMAT0024610	0.809612836024222
11297	RAB21	ENSG00000080371	hsa-miR-940	MIMAT0004983	0.809603101127961
11298	DAAM2	ENSG00000146122	hsa-miR-940	MIMAT0004983	0.80959534026884
11299	LALBA	ENSG00000167531	hsa-miR-7157-3p	MIMAT0028225	0.809594639843891
11300	MFAP4	ENSG00000166482	hsa-miR-4687-3p	MIMAT0019775	0.809590881802636
11301	PTPN9	ENSG00000169410	hsa-miR-4695-5p	MIMAT0019788	0.809587714497615
11302	IPO11	ENSG00000086200	hsa-miR-21-5p	MIMAT0000076	0.8095731565125
11303	BIRC3	ENSG00000023445	hsa-miR-1911-5p	MIMAT0007885	0.809570799648144
11304	CLVS2	ENSG00000146352	hsa-miR-6783-5p	MIMAT0027466	0.809558679468897
11305	PRRT4	ENSG00000224940	hsa-miR-4685-5p	MIMAT0019771	0.809535397856404
11306	RAB6A	ENSG00000175582	hsa-miR-21-5p	MIMAT0000076	0.809525249970086
11307	NRDE2	ENSG00000119720	hsa-miR-92a-1-5p	MIMAT0004507	0.809514668663179
11308	STX18	ENSG00000168818	hsa-miR-183-5p	MIMAT0000261	0.809513682326809
11309	CCDC80	ENSG00000091986	hsa-miR-7855-5p	MIMAT0030430	0.80950866315852
11310	KCNU1	ENSG00000215262	hsa-miR-6127	MIMAT0024610	0.809494212800958
11311	LPCAT4	ENSG00000176454	hsa-miR-6127	MIMAT0024610	0.809486420680422
11312	MEF2C	ENSG00000081189	hsa-miR-657	MIMAT0003335	0.809472911540921
11313	CYB561D1	ENSG00000174151	hsa-miR-4446-3p	MIMAT0018965	0.809466739722464
11314	NKAPD1	ENSG00000150776	hsa-miR-1911-5p	MIMAT0007885	0.809464408482415
11315	TMED3	ENSG00000166557	hsa-miR-1252-3p	MIMAT0026744	0.809459433817825
11316	AC010542.3	ENSG00000260851	hsa-miR-4292	MIMAT0016919	0.809416662101258
11317	SNAI2	ENSG00000019549	hsa-miR-940	MIMAT0004983	0.809409846269678
11318	NRG1	ENSG00000157168	hsa-miR-765	MIMAT0003945	0.809400215918157
11319	MTFMT	ENSG00000103707	hsa-miR-4695-5p	MIMAT0019788	0.809397246462561
11320	GPR61	ENSG00000156097	hsa-miR-765	MIMAT0003945	0.809395984256055
11321	TMEM168	ENSG00000146802	hsa-miR-3682-5p	MIMAT0019222	0.809384403428414
11322	RABL2A	ENSG00000144134	hsa-miR-4695-5p	MIMAT0019788	0.809367002219243
11323	CD300LG	ENSG00000161649	hsa-miR-4685-5p	MIMAT0019771	0.809366682517338
11324	SLC5A5	ENSG00000105641	hsa-miR-940	MIMAT0004983	0.809357119162225
11325	NPEPPS	ENSG00000141279	hsa-miR-1252-3p	MIMAT0026744	0.809336252373507
11326	SNX33	ENSG00000173548	hsa-miR-940	MIMAT0004983	0.809324463823436
11327	LCP2	ENSG00000043462	hsa-miR-183-5p	MIMAT0000261	0.809310114718755
11328	FAM110D	ENSG00000197245	hsa-miR-765	MIMAT0003945	0.809308897691016
11329	PDE8B	ENSG00000113231	hsa-miR-4687-3p	MIMAT0019775	0.809293007622461
11330	PIK3R5	ENSG00000141506	hsa-miR-4695-5p	MIMAT0019788	0.809252429230396
11331	TBX19	ENSG00000143178	hsa-miR-1252-3p	MIMAT0026744	0.809245258936065
11332	TMEM161B	ENSG00000164180	hsa-miR-4465	MIMAT0018992	0.809234683480305
11333	C1orf158	ENSG00000157330	hsa-miR-224-5p	MIMAT0000281	0.809218704136695
11334	ARMCX5-GPRASP2	ENSG00000286237	hsa-miR-661	MIMAT0003324	0.809216274593671
11335	DIAPH2	ENSG00000147202	hsa-miR-3682-5p	MIMAT0019222	0.809215317376788
11336	RAP1GAP2	ENSG00000132359	hsa-miR-940	MIMAT0004983	0.809212947948385
11337	DARS1	ENSG00000115866	hsa-miR-940	MIMAT0004983	0.809199054270702
11338	HAS3	ENSG00000103044	hsa-miR-4465	MIMAT0018992	0.809174404238383
11339	FOSL2	ENSG00000075426	hsa-miR-661	MIMAT0003324	0.809172840724332
11340	IFT81	ENSG00000122970	hsa-miR-130a-5p	MIMAT0004593	0.809163531467912
11341	SLC16A1	ENSG00000155380	hsa-miR-6783-5p	MIMAT0027466	0.809161596723903
11342	MLIP	ENSG00000146147	hsa-miR-6127	MIMAT0024610	0.80915755488393
11343	RAB11A	ENSG00000103769	hsa-miR-21-5p	MIMAT0000076	0.809151126467069
11344	TMEM236	ENSG00000148483	hsa-miR-130a-5p	MIMAT0004593	0.8091400612209
11345	GNPNAT1	ENSG00000100522	hsa-miR-3682-5p	MIMAT0019222	0.809140008162061
11346	PRX	ENSG00000105227	hsa-miR-4292	MIMAT0016919	0.809120535562377
11347	PPP2CA	ENSG00000113575	hsa-miR-130a-5p	MIMAT0004593	0.809115527728459
11348	ATP6V1G2-DDX39B	ENSG00000254870	hsa-miR-4685-5p	MIMAT0019771	0.80909974611455
11349	TRAT1	ENSG00000163519	hsa-miR-7855-5p	MIMAT0030430	0.809083246694879
11350	LINC00672	ENSG00000263874	hsa-miR-1252-3p	MIMAT0026744	0.809081913063785
11351	KCNC2	ENSG00000166006	hsa-miR-7157-3p	MIMAT0028225	0.809070321111928
11352	TEX13B	ENSG00000170925	hsa-miR-4292	MIMAT0016919	0.809069990009495
11353	AFAP1L1	ENSG00000157510	hsa-miR-7855-5p	MIMAT0030430	0.809055939427439
11354	MAPK1	ENSG00000100030	hsa-miR-4695-5p	MIMAT0019788	0.809052883420171
11355	VPS33A	ENSG00000139719	hsa-miR-4458	MIMAT0018980	0.809051324965976
11356	INO80C	ENSG00000153391	hsa-miR-661	MIMAT0003324	0.809044561649096
11357	ENPEP	ENSG00000138792	hsa-miR-765	MIMAT0003945	0.80904343732189
11358	HOOK1	ENSG00000134709	hsa-miR-3682-5p	MIMAT0019222	0.80902392559528
11359	NYNRIN	ENSG00000205978	hsa-miR-940	MIMAT0004983	0.80902269316918
11360	PACSIN1	ENSG00000124507	hsa-miR-6127	MIMAT0024610	0.80900935152847
11361	PARVA	ENSG00000197702	hsa-miR-940	MIMAT0004983	0.8089723124325
11362	CNOT6	ENSG00000113300	hsa-miR-21-5p	MIMAT0000076	0.808945271736965
11363	OTX2	ENSG00000165588	hsa-miR-130a-5p	MIMAT0004593	0.808923692698457
11364	CHCHD5	ENSG00000125611	hsa-miR-657	MIMAT0003335	0.808909885633057
11365	ESRRB	ENSG00000119715	hsa-miR-7157-3p	MIMAT0028225	0.80890527863561
11366	TPO	ENSG00000115705	hsa-miR-765	MIMAT0003945	0.808895193274687
11367	KCNQ3	ENSG00000184156	hsa-miR-661	MIMAT0003324	0.808882919627929
11368	DDX3Y	ENSG00000067048	hsa-miR-224-5p	MIMAT0000281	0.808872598749309
11369	KCTD12	ENSG00000178695	hsa-miR-1252-3p	MIMAT0026744	0.808871911852779
11370	BAHCC1	ENSG00000266074	hsa-miR-661	MIMAT0003324	0.808863378996743
11371	ABRAXAS1	ENSG00000163322	hsa-miR-661	MIMAT0003324	0.808858418802525
11372	SNX18	ENSG00000178996	hsa-miR-661	MIMAT0003324	0.808846394806529
11373	EPN1	ENSG00000063245	hsa-miR-657	MIMAT0003335	0.808835148531249
11374	SLC34A2	ENSG00000157765	hsa-miR-4695-5p	MIMAT0019788	0.808825805164181
11375	CNTN2	ENSG00000184144	hsa-miR-661	MIMAT0003324	0.808807662630153
11376	PTPN9	ENSG00000169410	hsa-miR-940	MIMAT0004983	0.80880389669948
11377	LPAR1	ENSG00000198121	hsa-miR-224-5p	MIMAT0000281	0.808798310409165
11378	AURKC	ENSG00000105146	hsa-miR-4446-3p	MIMAT0018965	0.808774780577708
11379	JADE1	ENSG00000077684	hsa-miR-6783-5p	MIMAT0027466	0.808767416219293
11380	ARNT2	ENSG00000172379	hsa-miR-940	MIMAT0004983	0.808762961326904
11381	BCL10	ENSG00000142867	hsa-miR-1252-3p	MIMAT0026744	0.808762336073665
11382	PDS5A	ENSG00000121892	hsa-miR-1252-3p	MIMAT0026744	0.808758668918549
11383	GET1	ENSG00000182093	hsa-miR-6758-5p	MIMAT0027416	0.80875617985616
11384	CLCN2	ENSG00000114859	hsa-miR-4446-3p	MIMAT0018965	0.808747627736146
11385	CMTM4	ENSG00000183723	hsa-miR-4465	MIMAT0018992	0.808727754828364
11386	SETD5	ENSG00000168137	hsa-miR-130a-5p	MIMAT0004593	0.808727334329872
11387	STXBP5	ENSG00000164506	hsa-miR-21-5p	MIMAT0000076	0.808725028717472
11388	INPP4A	ENSG00000040933	hsa-miR-5008-5p	MIMAT0021039	0.808718419435261
11389	MME	ENSG00000196549	hsa-miR-1252-3p	MIMAT0026744	0.808718392128222
11390	TPR	ENSG00000047410	hsa-miR-3682-5p	MIMAT0019222	0.808711957053004
11391	EML5	ENSG00000165521	hsa-miR-1252-3p	MIMAT0026744	0.808675046260213
11392	MAPK8	ENSG00000107643	hsa-miR-765	MIMAT0003945	0.808671534500654
11393	ACACA	ENSG00000278540	hsa-miR-6758-5p	MIMAT0027416	0.80866905264158
11394	MYLK3	ENSG00000140795	hsa-miR-940	MIMAT0004983	0.808663858483313
11395	C5orf51	ENSG00000205765	hsa-miR-625-3p	MIMAT0004808	0.808652288175343
11396	MAP2K6	ENSG00000108984	hsa-miR-183-5p	MIMAT0000261	0.808649211951539
11397	C12orf73	ENSG00000204954	hsa-miR-4695-5p	MIMAT0019788	0.808634913931455
11398	EFNA1	ENSG00000169242	hsa-miR-940	MIMAT0004983	0.808630077089172
11399	LMBRD2	ENSG00000164187	hsa-miR-1252-3p	MIMAT0026744	0.808619890625941
11400	MORC3	ENSG00000159256	hsa-miR-130a-5p	MIMAT0004593	0.808619306699611
11401	VPS13D	ENSG00000048707	hsa-miR-4685-5p	MIMAT0019771	0.808595758332576
11402	PANK2	ENSG00000125779	hsa-miR-661	MIMAT0003324	0.808590682081599
11403	KCNN2	ENSG00000080709	hsa-miR-4695-5p	MIMAT0019788	0.80858438981225
11404	MLLT6	ENSG00000275023	hsa-miR-7855-5p	MIMAT0030430	0.808574895420572
11405	ZNF605	ENSG00000196458	hsa-miR-940	MIMAT0004983	0.8085654117203
11406	TENT5A	ENSG00000112773	hsa-miR-21-5p	MIMAT0000076	0.808561151861543
11407	CREG2	ENSG00000175874	hsa-miR-183-5p	MIMAT0000261	0.808551922313336
11408	GK5	ENSG00000175066	hsa-miR-940	MIMAT0004983	0.808549570171616
11409	NBPF1	ENSG00000219481	hsa-miR-1252-3p	MIMAT0026744	0.80852832207803
11410	CLDN2	ENSG00000165376	hsa-miR-6758-5p	MIMAT0027416	0.808513137154573
11411	S1PR2	ENSG00000267534	hsa-miR-4695-5p	MIMAT0019788	0.808512722125655
11412	FTO	ENSG00000140718	hsa-miR-7855-5p	MIMAT0030430	0.808506058472751
11413	NWD1	ENSG00000188039	hsa-miR-4446-3p	MIMAT0018965	0.808504334188432
11414	FAM168B	ENSG00000152102	hsa-miR-765	MIMAT0003945	0.808502287568069
11415	ZNF235	ENSG00000159917	hsa-miR-4465	MIMAT0018992	0.808480337291109
11416	BTK	ENSG00000010671	hsa-miR-4685-5p	MIMAT0019771	0.808474232267423
11417	KLF6	ENSG00000067082	hsa-miR-3682-5p	MIMAT0019222	0.808443114624711
11418	CLDN1	ENSG00000163347	hsa-miR-6758-5p	MIMAT0027416	0.808436212684931
11419	MTMR2	ENSG00000087053	hsa-miR-940	MIMAT0004983	0.808420083939443
11420	DIAPH2	ENSG00000147202	hsa-miR-130a-5p	MIMAT0004593	0.808419252010118
11421	MGAT5B	ENSG00000167889	hsa-miR-4685-5p	MIMAT0019771	0.808408619533057
11422	XKR7	ENSG00000260903	hsa-miR-183-5p	MIMAT0000261	0.808399479642769
11423	IKBKE	ENSG00000263528	hsa-miR-4292	MIMAT0016919	0.808398004213764
11424	GRM4	ENSG00000124493	hsa-miR-4446-3p	MIMAT0018965	0.808393087830272
11425	SLC44A2	ENSG00000129353	hsa-miR-6127	MIMAT0024610	0.808387271518985
11426	WSB2	ENSG00000176871	hsa-miR-657	MIMAT0003335	0.80838539663055
11427	PPP2R5D	ENSG00000112640	hsa-miR-7855-5p	MIMAT0030430	0.808384745100186
11428	ZNF621	ENSG00000172888	hsa-miR-657	MIMAT0003335	0.808380493681627
11429	ARL6IP1	ENSG00000170540	hsa-miR-6127	MIMAT0024610	0.808352279654379
11430	FAM110A	ENSG00000125898	hsa-miR-6127	MIMAT0024610	0.808348427074851
11431	RNF157	ENSG00000141576	hsa-miR-4695-5p	MIMAT0019788	0.808340912564981
11432	KCNAB2	ENSG00000069424	hsa-miR-661	MIMAT0003324	0.808337299274593
11433	ITIH5	ENSG00000123243	hsa-miR-940	MIMAT0004983	0.808324908996863
11434	SLC26A2	ENSG00000155850	hsa-miR-7855-5p	MIMAT0030430	0.808311769145426
11435	LINGO1	ENSG00000169783	hsa-miR-765	MIMAT0003945	0.808274105445987
11436	RPE	ENSG00000197713	hsa-miR-4292	MIMAT0016919	0.808271707835499
11437	KLHL26	ENSG00000167487	hsa-miR-765	MIMAT0003945	0.808264020152303
11438	PSORS1C2	ENSG00000204538	hsa-miR-6127	MIMAT0024610	0.808256009243733
11439	CADM1	ENSG00000182985	hsa-miR-8056	MIMAT0030983	0.808240266176272
11440	FBXO25	ENSG00000147364	hsa-miR-224-5p	MIMAT0000281	0.808225857162468
11441	MAST4	ENSG00000069020	hsa-miR-21-5p	MIMAT0000076	0.808217351166508
11442	MBP	ENSG00000197971	hsa-miR-7157-3p	MIMAT0028225	0.808210111351551
11443	HMBOX1	ENSG00000147421	hsa-miR-940	MIMAT0004983	0.808179250667614
11444	ATP2A2	ENSG00000174437	hsa-miR-765	MIMAT0003945	0.808153305501768
11445	NWD1	ENSG00000188039	hsa-miR-661	MIMAT0003324	0.808143809737679
11446	DNA2	ENSG00000138346	hsa-miR-7157-3p	MIMAT0028225	0.808128715619583
11447	CUL4A	ENSG00000139842	hsa-miR-130a-5p	MIMAT0004593	0.808127523079792
11448	CACNB4	ENSG00000182389	hsa-miR-92a-1-5p	MIMAT0004507	0.808124853746251
11449	LCOR	ENSG00000196233	hsa-miR-5008-5p	MIMAT0021039	0.808121340927543
11450	HACL1	ENSG00000131373	hsa-miR-940	MIMAT0004983	0.808118497421443
11451	SLCO5A1	ENSG00000137571	hsa-miR-4458	MIMAT0018980	0.80810907600306
11452	PLEKHA7	ENSG00000166689	hsa-miR-940	MIMAT0004983	0.808079825527865
11453	FHL1	ENSG00000022267	hsa-miR-1252-3p	MIMAT0026744	0.808076764314814
11454	MSI1	ENSG00000135097	hsa-miR-6783-5p	MIMAT0027466	0.80806845740846
11455	FSD2	ENSG00000186628	hsa-miR-7157-3p	MIMAT0028225	0.808066296913
11456	SV2C	ENSG00000122012	hsa-miR-940	MIMAT0004983	0.808043758996377
11457	PDE2A	ENSG00000186642	hsa-miR-4685-5p	MIMAT0019771	0.808036358574673
11458	H2BC21	ENSG00000184678	hsa-miR-130a-5p	MIMAT0004593	0.808028291767796
11459	KIR3DL1	ENSG00000167633	hsa-miR-4446-3p	MIMAT0018965	0.808021927105362
11460	LGR5	ENSG00000139292	hsa-miR-625-3p	MIMAT0004808	0.808020675521139
11461	PHF20L1	ENSG00000129292	hsa-miR-6783-5p	MIMAT0027466	0.808012568767474
11462	MMP20	ENSG00000137674	hsa-miR-8056	MIMAT0030983	0.807999978500309
11463	B3GNT7	ENSG00000156966	hsa-miR-661	MIMAT0003324	0.807979364751342
11464	RNASEH2C	ENSG00000172922	hsa-miR-940	MIMAT0004983	0.807969326991899
11465	OGFRL1	ENSG00000119900	hsa-miR-224-5p	MIMAT0000281	0.807960669606458
11466	ENTPD1	ENSG00000138185	hsa-miR-1252-3p	MIMAT0026744	0.807951643609106
11467	ZNF7	ENSG00000147789	hsa-miR-6127	MIMAT0024610	0.807942552475893
11468	SEPTIN10	ENSG00000186522	hsa-miR-4465	MIMAT0018992	0.807896262554194
11469	RPS29	ENSG00000213741	hsa-miR-130a-5p	MIMAT0004593	0.807890886051236
11470	IGF2BP1	ENSG00000159217	hsa-miR-765	MIMAT0003945	0.807888121778334
11471	MET	ENSG00000105976	hsa-miR-224-5p	MIMAT0000281	0.807880432812342
11472	GPR101	ENSG00000165370	hsa-miR-6783-5p	MIMAT0027466	0.807853050461031
11473	TMEM178B	ENSG00000261115	hsa-miR-7157-3p	MIMAT0028225	0.807819561895746
11474	CACFD1	ENSG00000160325	hsa-miR-940	MIMAT0004983	0.807800844105813
11475	ZBTB8B	ENSG00000273274	hsa-miR-4458	MIMAT0018980	0.807791473748928
11476	JDP2	ENSG00000140044	hsa-miR-7157-3p	MIMAT0028225	0.807772562051874
11477	CRTC1	ENSG00000105662	hsa-miR-4292	MIMAT0016919	0.807764973423757
11478	SOCS7	ENSG00000274211	hsa-miR-1252-3p	MIMAT0026744	0.807764396144217
11479	DAZL	ENSG00000092345	hsa-miR-21-5p	MIMAT0000076	0.807756341933396
11480	EPOP	ENSG00000273604	hsa-miR-765	MIMAT0003945	0.807740523426669
11481	PHF5A	ENSG00000100410	hsa-miR-6127	MIMAT0024610	0.807733773726681
11482	EIF5A2	ENSG00000163577	hsa-miR-765	MIMAT0003945	0.807720643359324
11483	USP15	ENSG00000135655	hsa-miR-21-5p	MIMAT0000076	0.807702677422353
11484	RPS2	ENSG00000140988	hsa-miR-7855-5p	MIMAT0030430	0.807674618365435
11485	BBS7	ENSG00000138686	hsa-miR-130a-5p	MIMAT0004593	0.807664900714994
11486	CREBRF	ENSG00000164463	hsa-miR-21-5p	MIMAT0000076	0.807638848745873
11487	MRPL50	ENSG00000136897	hsa-miR-1252-3p	MIMAT0026744	0.807632566046577
11488	SH3TC2	ENSG00000169247	hsa-miR-183-5p	MIMAT0000261	0.807613340126609
11489	RAI14	ENSG00000039560	hsa-miR-4695-5p	MIMAT0019788	0.807601791035101
11490	GSTK1	ENSG00000197448	hsa-miR-6783-5p	MIMAT0027466	0.807582263470221
11491	RASAL2	ENSG00000075391	hsa-miR-7855-5p	MIMAT0030430	0.80758226238482
11492	HDHD2	ENSG00000167220	hsa-miR-8056	MIMAT0030983	0.807581197071093
11493	TEAD3	ENSG00000007866	hsa-miR-657	MIMAT0003335	0.807574192030893
11494	CYLD	ENSG00000083799	hsa-miR-4292	MIMAT0016919	0.807535185286021
11495	A1CF	ENSG00000148584	hsa-miR-4458	MIMAT0018980	0.807534328186631
11496	TOP3B	ENSG00000100038	hsa-miR-7157-3p	MIMAT0028225	0.807512597679225
11497	LMBRD2	ENSG00000164187	hsa-miR-4465	MIMAT0018992	0.80751035703605
11498	KCNT2	ENSG00000162687	hsa-miR-940	MIMAT0004983	0.807491880113567
11499	ARSI	ENSG00000183876	hsa-miR-4685-5p	MIMAT0019771	0.807484519518064
11500	FAM76A	ENSG00000009780	hsa-miR-6758-5p	MIMAT0027416	0.807480617822723
11501	ADAMTS3	ENSG00000156140	hsa-miR-1252-3p	MIMAT0026744	0.807466515996359
11502	COA7	ENSG00000162377	hsa-miR-7157-3p	MIMAT0028225	0.80746069094625
11503	KCNAB3	ENSG00000170049	hsa-miR-661	MIMAT0003324	0.807457640631955
11504	LYVE1	ENSG00000133800	hsa-miR-183-5p	MIMAT0000261	0.807452353179025
11505	TEX2	ENSG00000136478	hsa-miR-4695-5p	MIMAT0019788	0.807448368745849
11506	PPIP5K2	ENSG00000145725	hsa-miR-3682-5p	MIMAT0019222	0.807447375459977
11507	FBXL4	ENSG00000112234	hsa-miR-661	MIMAT0003324	0.807447318202544
11508	SPRING1	ENSG00000111412	hsa-miR-4695-5p	MIMAT0019788	0.807444055687406
11509	RCN2	ENSG00000117906	hsa-miR-4465	MIMAT0018992	0.80744112701648
11510	MYH9	ENSG00000100345	hsa-miR-940	MIMAT0004983	0.807438438807442
11511	SPRTN	ENSG00000010072	hsa-miR-7855-5p	MIMAT0030430	0.807437743937988
11512	PTBP3	ENSG00000119314	hsa-miR-940	MIMAT0004983	0.807415577714361
11513	NCR3LG1	ENSG00000188211	hsa-miR-6822-3p	MIMAT0027545	0.80738989114412
11514	GLRA3	ENSG00000145451	hsa-miR-6758-5p	MIMAT0027416	0.807371328574781
11515	CHRM1	ENSG00000168539	hsa-miR-661	MIMAT0003324	0.807369109512053
11516	FRRS1L	ENSG00000260230	hsa-miR-940	MIMAT0004983	0.807346251496289
11517	FIP1L1	ENSG00000145216	hsa-miR-130a-5p	MIMAT0004593	0.807341905639464
11518	DNAAF4	ENSG00000256061	hsa-miR-224-5p	MIMAT0000281	0.807341176016504
11519	ZNF154	ENSG00000179909	hsa-miR-1252-3p	MIMAT0026744	0.807320039684272
11520	RSPO4	ENSG00000101282	hsa-miR-6758-5p	MIMAT0027416	0.807317913096265
11521	TMEM108	ENSG00000144868	hsa-miR-6758-5p	MIMAT0027416	0.807307271291554
11522	CYB5B	ENSG00000103018	hsa-miR-6822-3p	MIMAT0027545	0.807303777212353
11523	AC104472.3	ENSG00000284952	hsa-miR-130a-5p	MIMAT0004593	0.807301182825415
11524	ZNF322	ENSG00000181315	hsa-miR-6783-5p	MIMAT0027466	0.807279699726956
11525	IGFBP5	ENSG00000115461	hsa-miR-625-3p	MIMAT0004808	0.807272234649401
11526	FBXL20	ENSG00000108306	hsa-miR-6758-5p	MIMAT0027416	0.807271913913696
11527	PRDM16	ENSG00000142611	hsa-miR-4685-5p	MIMAT0019771	0.807257806214213
11528	GRIA4	ENSG00000152578	hsa-miR-6127	MIMAT0024610	0.807254108803716
11529	RABGAP1L	ENSG00000152061	hsa-miR-1252-3p	MIMAT0026744	0.807250810731316
11530	XKR7	ENSG00000260903	hsa-miR-765	MIMAT0003945	0.807247072779283
11531	TMEM30B	ENSG00000182107	hsa-miR-765	MIMAT0003945	0.807244740156057
11532	GVQW3	ENSG00000179240	hsa-miR-130a-5p	MIMAT0004593	0.807241846081457
11533	RAP2C	ENSG00000123728	hsa-miR-7157-3p	MIMAT0028225	0.807229860106519
11534	MMP16	ENSG00000156103	hsa-miR-21-5p	MIMAT0000076	0.80720433614949
11535	USP54	ENSG00000166348	hsa-miR-4687-3p	MIMAT0019775	0.807195323627248
11536	FCAR	ENSG00000186431	hsa-miR-4465	MIMAT0018992	0.807189666053161
11537	GABRA1	ENSG00000022355	hsa-miR-1252-3p	MIMAT0026744	0.807185118515664
11538	TSKU	ENSG00000182704	hsa-miR-940	MIMAT0004983	0.807170877797631
11539	LRP8	ENSG00000157193	hsa-miR-130a-5p	MIMAT0004593	0.807164402162697
11540	ERV3-1	ENSG00000213462	hsa-miR-183-5p	MIMAT0000261	0.80716381778588
11541	CORO7	ENSG00000262246	hsa-miR-4685-5p	MIMAT0019771	0.807157643058825
11542	LHX4	ENSG00000121454	hsa-miR-1252-3p	MIMAT0026744	0.807143382648118
11543	TBC1D16	ENSG00000167291	hsa-miR-5008-5p	MIMAT0021039	0.807130157853607
11544	GFI1	ENSG00000162676	hsa-miR-4446-3p	MIMAT0018965	0.807125119075887
11545	SRP72	ENSG00000174780	hsa-miR-6127	MIMAT0024610	0.807114855257417
11546	TMED8	ENSG00000100580	hsa-miR-183-5p	MIMAT0000261	0.807083040370154
11547	GIGYF1	ENSG00000146830	hsa-miR-657	MIMAT0003335	0.807060561126295
11548	PPHLN1	ENSG00000134283	hsa-miR-183-5p	MIMAT0000261	0.807057550381501
11549	OR2AT4	ENSG00000171561	hsa-miR-7855-5p	MIMAT0030430	0.807055428832551
11550	ABCC5	ENSG00000114770	hsa-miR-4685-5p	MIMAT0019771	0.807052457841108
11551	ZNF688	ENSG00000229809	hsa-miR-4685-5p	MIMAT0019771	0.807043848661382
11552	LONRF1	ENSG00000154359	hsa-miR-7157-3p	MIMAT0028225	0.807043800127916
11553	RGPD6	ENSG00000183054	hsa-miR-224-5p	MIMAT0000281	0.806998665819571
11554	TP53INP1	ENSG00000164938	hsa-miR-1252-3p	MIMAT0026744	0.80699839516773
11555	DISP2	ENSG00000140323	hsa-miR-4685-5p	MIMAT0019771	0.806987122769871
11556	MECOM	ENSG00000085276	hsa-miR-940	MIMAT0004983	0.806985969135994
11557	LARGE1	ENSG00000133424	hsa-miR-183-5p	MIMAT0000261	0.80698448952322
11558	SI	ENSG00000090402	hsa-miR-130a-5p	MIMAT0004593	0.806958552498257
11559	NAA25	ENSG00000111300	hsa-miR-1252-3p	MIMAT0026744	0.806945968101037
11560	STRBP	ENSG00000165209	hsa-miR-1911-5p	MIMAT0007885	0.806933577141446
11561	CD33	ENSG00000105383	hsa-miR-4685-5p	MIMAT0019771	0.806929944570526
11562	CAMK4	ENSG00000152495	hsa-miR-183-5p	MIMAT0000261	0.806912552809011
11563	CCDC190	ENSG00000185860	hsa-miR-7855-5p	MIMAT0030430	0.80690355404223
11564	CHDH	ENSG00000016391	hsa-miR-661	MIMAT0003324	0.806898655721706
11565	TRAM2	ENSG00000065308	hsa-miR-657	MIMAT0003335	0.806891458412635
11566	DLGAP2	ENSG00000198010	hsa-miR-3682-5p	MIMAT0019222	0.8068887547252
11567	MEGF6	ENSG00000162591	hsa-miR-4685-5p	MIMAT0019771	0.806888577261358
11568	ZNF544	ENSG00000198131	hsa-miR-4465	MIMAT0018992	0.806815686158552
11569	MARF1	ENSG00000166783	hsa-miR-224-5p	MIMAT0000281	0.806813846932386
11570	JAK3	ENSG00000105639	hsa-miR-940	MIMAT0004983	0.806806788551897
11571	ELF2	ENSG00000109381	hsa-miR-1252-3p	MIMAT0026744	0.806788255176272
11572	ERBIN	ENSG00000112851	hsa-miR-1252-3p	MIMAT0026744	0.806780271744753
11573	NHLRC3	ENSG00000188811	hsa-miR-4685-5p	MIMAT0019771	0.806767379256435
11574	TTC7B	ENSG00000165914	hsa-miR-5008-5p	MIMAT0021039	0.806748428396674
11575	BSND	ENSG00000162399	hsa-miR-1252-3p	MIMAT0026744	0.806736248712664
11576	DGKH	ENSG00000102780	hsa-miR-4465	MIMAT0018992	0.80672122817408
11577	CLDN12	ENSG00000157224	hsa-miR-4458	MIMAT0018980	0.806656580417181
11578	NOTCH2	ENSG00000134250	hsa-miR-183-5p	MIMAT0000261	0.806654130589011
11579	PTDSS1	ENSG00000156471	hsa-miR-1252-3p	MIMAT0026744	0.806653378600182
11580	MYRIP	ENSG00000170011	hsa-miR-1252-3p	MIMAT0026744	0.806650478082775
11581	SLC22A23	ENSG00000137266	hsa-miR-765	MIMAT0003945	0.806648353770023
11582	KLHDC10	ENSG00000128607	hsa-miR-657	MIMAT0003335	0.806643756699623
11583	IFTAP	ENSG00000166352	hsa-miR-4687-3p	MIMAT0019775	0.806635621500266
11584	PAIP2B	ENSG00000124374	hsa-miR-21-5p	MIMAT0000076	0.806626112700012
11585	TNC	ENSG00000041982	hsa-miR-6758-5p	MIMAT0027416	0.806624800116766
11586	ATXN7L3	ENSG00000087152	hsa-miR-940	MIMAT0004983	0.80659136026022
11587	BTG2	ENSG00000159388	hsa-miR-21-5p	MIMAT0000076	0.80658139529773
11588	CBL	ENSG00000110395	hsa-miR-4695-5p	MIMAT0019788	0.806577768662639
11589	FZD2	ENSG00000180340	hsa-miR-6127	MIMAT0024610	0.806554677786779
11590	EPYC	ENSG00000083782	hsa-miR-130a-5p	MIMAT0004593	0.806528910474903
11591	TRAF3	ENSG00000131323	hsa-miR-5008-5p	MIMAT0021039	0.806525879481832
11592	SH3BGRL	ENSG00000131171	hsa-miR-3682-5p	MIMAT0019222	0.806524902381458
11593	CDC25C	ENSG00000158402	hsa-miR-7855-5p	MIMAT0030430	0.806524073686155
11594	ACSM2A	ENSG00000183747	hsa-miR-130a-5p	MIMAT0004593	0.806520127108342
11595	UEVLD	ENSG00000151116	hsa-miR-3682-5p	MIMAT0019222	0.806516233708082
11596	NEDD4L	ENSG00000049759	hsa-miR-130a-5p	MIMAT0004593	0.806516108631767
11597	RBFA	ENSG00000101546	hsa-miR-657	MIMAT0003335	0.806503238140766
11598	JCAD	ENSG00000165757	hsa-miR-6127	MIMAT0024610	0.806502380860725
11599	CNTN2	ENSG00000184144	hsa-miR-4695-5p	MIMAT0019788	0.806486478972918
11600	GLS	ENSG00000115419	hsa-miR-1252-3p	MIMAT0026744	0.806473126883117
11601	GLT1D1	ENSG00000151948	hsa-miR-6758-5p	MIMAT0027416	0.806467780471295
11602	DDX3X	ENSG00000215301	hsa-miR-4446-3p	MIMAT0018965	0.806464816354438
11603	DOCK9	ENSG00000088387	hsa-miR-1252-3p	MIMAT0026744	0.80646376879175
11604	GCM1	ENSG00000137270	hsa-miR-765	MIMAT0003945	0.80645733119216
11605	NCBP3	ENSG00000074356	hsa-miR-765	MIMAT0003945	0.806456043147558
11606	ZNF507	ENSG00000168813	hsa-miR-1252-3p	MIMAT0026744	0.806412578774556
11607	FPGT-TNNI3K	ENSG00000259030	hsa-miR-6758-5p	MIMAT0027416	0.806412324740536
11608	SORCS2	ENSG00000184985	hsa-miR-6758-5p	MIMAT0027416	0.806410222370872
11609	MYRF	ENSG00000124920	hsa-miR-5008-5p	MIMAT0021039	0.806388780171466
11610	IPO8	ENSG00000133704	hsa-miR-940	MIMAT0004983	0.806383702264824
11611	MOCOS	ENSG00000075643	hsa-miR-765	MIMAT0003945	0.806380819048644
11612	HEMK1	ENSG00000114735	hsa-miR-6783-5p	MIMAT0027466	0.806369864493456
11613	MYCBP2	ENSG00000005810	hsa-miR-940	MIMAT0004983	0.806366295645059
11614	AC124312.1	ENSG00000214265	hsa-miR-224-5p	MIMAT0000281	0.80635978611525
11615	GLS	ENSG00000115419	hsa-miR-4695-5p	MIMAT0019788	0.806350582591994
11616	TLE1	ENSG00000196781	hsa-miR-130a-5p	MIMAT0004593	0.806340841856194
11617	RBM41	ENSG00000089682	hsa-miR-130a-5p	MIMAT0004593	0.806332733120863
11618	CCDC85C	ENSG00000205476	hsa-miR-661	MIMAT0003324	0.806332476223564
11619	FBXO17	ENSG00000269190	hsa-miR-765	MIMAT0003945	0.806319334044379
11620	CCNH	ENSG00000134480	hsa-miR-7157-3p	MIMAT0028225	0.806288749143942
11621	ATRX	ENSG00000085224	hsa-miR-224-5p	MIMAT0000281	0.806260288373874
11622	RSPO3	ENSG00000146374	hsa-miR-92a-1-5p	MIMAT0004507	0.806254387187762
11623	MID1	ENSG00000101871	hsa-miR-7855-5p	MIMAT0030430	0.806244248053594
11624	ARC	ENSG00000198576	hsa-miR-4685-5p	MIMAT0019771	0.806244221021372
11625	ACTR3C	ENSG00000106526	hsa-miR-4695-5p	MIMAT0019788	0.806241694170158
11626	PROSER2	ENSG00000148426	hsa-miR-183-5p	MIMAT0000261	0.806210599995685
11627	HLA-DRA	ENSG00000204287	hsa-miR-4446-3p	MIMAT0018965	0.806202599329103
11628	U2SURP	ENSG00000163714	hsa-miR-4292	MIMAT0016919	0.806200670687798
11629	HMBS	ENSG00000256269	hsa-miR-4695-5p	MIMAT0019788	0.806199867073648
11630	CNKSR2	ENSG00000149970	hsa-miR-5008-5p	MIMAT0021039	0.806196175554561
11631	GTPBP8	ENSG00000163607	hsa-miR-6783-5p	MIMAT0027466	0.806192040201478
11632	CSPG4	ENSG00000173546	hsa-miR-4292	MIMAT0016919	0.80619171110295
11633	THRA	ENSG00000126351	hsa-miR-4458	MIMAT0018980	0.806185002420874
11634	SYNCRIP	ENSG00000135316	hsa-miR-1252-3p	MIMAT0026744	0.806183272140261
11635	GSPT1	ENSG00000103342	hsa-miR-183-5p	MIMAT0000261	0.806179942179853
11636	DISP1	ENSG00000154309	hsa-miR-130a-5p	MIMAT0004593	0.806171334383955
11637	MYRF	ENSG00000124920	hsa-miR-4446-3p	MIMAT0018965	0.806154406607836
11638	CCSER2	ENSG00000107771	hsa-miR-7855-5p	MIMAT0030430	0.806153137241741
11639	ONECUT3	ENSG00000205922	hsa-miR-5008-5p	MIMAT0021039	0.806144470893414
11640	SP5	ENSG00000204335	hsa-miR-1252-3p	MIMAT0026744	0.806143584489943
11641	GPATCH8	ENSG00000186566	hsa-miR-940	MIMAT0004983	0.806137860801812
11642	RGS4	ENSG00000117152	hsa-miR-4465	MIMAT0018992	0.806134076702457
11643	CEP192	ENSG00000101639	hsa-miR-1252-3p	MIMAT0026744	0.80611939309813
11644	SLAMF8	ENSG00000158714	hsa-miR-5008-5p	MIMAT0021039	0.806115976205518
11645	MALL	ENSG00000144063	hsa-miR-4446-3p	MIMAT0018965	0.806114532767302
11646	PARP8	ENSG00000151883	hsa-miR-1252-3p	MIMAT0026744	0.806114030095725
11647	SHTN1	ENSG00000187164	hsa-miR-7855-5p	MIMAT0030430	0.806089233330876
11648	STXBP4	ENSG00000166263	hsa-miR-940	MIMAT0004983	0.806071246485851
11649	TMEM8B	ENSG00000137103	hsa-miR-4292	MIMAT0016919	0.806069662241773
11650	FASTKD2	ENSG00000118246	hsa-miR-4687-3p	MIMAT0019775	0.806056114119179
11651	PPP2R2D	ENSG00000175470	hsa-miR-8056	MIMAT0030983	0.806053999962032
11652	AGBL1	ENSG00000273540	hsa-miR-4695-5p	MIMAT0019788	0.806049350336095
11653	FLNA	ENSG00000196924	hsa-miR-657	MIMAT0003335	0.806046822867348
11654	FAT3	ENSG00000165323	hsa-miR-8056	MIMAT0030983	0.806039059328188
11655	IKBKB	ENSG00000104365	hsa-miR-3682-5p	MIMAT0019222	0.806038437234418
11656	ZNF681	ENSG00000196172	hsa-miR-3682-5p	MIMAT0019222	0.806035526092457
11657	GNB3	ENSG00000111664	hsa-miR-765	MIMAT0003945	0.806032223231741
11658	FAM136A	ENSG00000035141	hsa-miR-6783-5p	MIMAT0027466	0.806026458198892
11659	MAPK8	ENSG00000107643	hsa-miR-224-5p	MIMAT0000281	0.806007462338019
11660	AC020765.6	ENSG00000288656	hsa-miR-4458	MIMAT0018980	0.806004372086125
11661	SKP2	ENSG00000145604	hsa-miR-7855-5p	MIMAT0030430	0.805998293285787
11662	THSD4	ENSG00000187720	hsa-miR-4292	MIMAT0016919	0.805987283699613
11663	C11orf87	ENSG00000185742	hsa-miR-6127	MIMAT0024610	0.805973501906059
11664	CDH15	ENSG00000129910	hsa-miR-4695-5p	MIMAT0019788	0.805962776773332
11665	USP8	ENSG00000138592	hsa-miR-130a-5p	MIMAT0004593	0.805943824982003
11666	RPS6KA5	ENSG00000100784	hsa-miR-224-5p	MIMAT0000281	0.805919169438846
11667	PDE3A	ENSG00000172572	hsa-miR-1252-3p	MIMAT0026744	0.805887878339483
11668	PAQR5	ENSG00000137819	hsa-miR-1252-3p	MIMAT0026744	0.805878733789526
11669	XKR6	ENSG00000171044	hsa-miR-1252-3p	MIMAT0026744	0.805878382615285
11670	TMEM116	ENSG00000198270	hsa-miR-183-5p	MIMAT0000261	0.805846075343236
11671	TASOR	ENSG00000163946	hsa-miR-3682-5p	MIMAT0019222	0.805845685892118
11672	RNF39	ENSG00000204618	hsa-miR-6783-5p	MIMAT0027466	0.805826689854308
11673	MGLL	ENSG00000074416	hsa-miR-7855-5p	MIMAT0030430	0.805816533758022
11674	DVL3	ENSG00000161202	hsa-miR-7157-3p	MIMAT0028225	0.805814457798883
11675	CLEC2D	ENSG00000069493	hsa-miR-130a-5p	MIMAT0004593	0.805799816841549
11676	AC090360.1	ENSG00000267127	hsa-miR-7855-5p	MIMAT0030430	0.80579957941507
11677	ASAH2B	ENSG00000204147	hsa-miR-765	MIMAT0003945	0.805753071155347
11678	STXBP5L	ENSG00000145087	hsa-miR-1252-3p	MIMAT0026744	0.805707339260088
11679	APOLD1	ENSG00000178878	hsa-miR-1252-3p	MIMAT0026744	0.805701303599874
11680	RTKN2	ENSG00000182010	hsa-miR-21-5p	MIMAT0000076	0.805698213316417
11681	ROPN1B	ENSG00000114547	hsa-miR-8056	MIMAT0030983	0.805694470864555
11682	ARHGAP29	ENSG00000137962	hsa-miR-4685-5p	MIMAT0019771	0.805694389276187
11683	RGS6	ENSG00000182732	hsa-miR-4465	MIMAT0018992	0.805686059427479
11684	ERCC4	ENSG00000175595	hsa-miR-6758-5p	MIMAT0027416	0.805666410251708
11685	ZNF319	ENSG00000166188	hsa-miR-661	MIMAT0003324	0.805665032894254
11686	AC013477.1	ENSG00000288637	hsa-miR-3682-5p	MIMAT0019222	0.805640113152229
11687	PPP1R9A	ENSG00000158528	hsa-miR-3682-5p	MIMAT0019222	0.805636983436338
11688	TRANK1	ENSG00000168016	hsa-miR-940	MIMAT0004983	0.805630152309649
11689	SLC45A4	ENSG00000022567	hsa-miR-661	MIMAT0003324	0.805628898222943
11690	PPP6R1	ENSG00000105063	hsa-miR-4695-5p	MIMAT0019788	0.805600361809312
11691	WASHC4	ENSG00000136051	hsa-miR-130a-5p	MIMAT0004593	0.805593955764347
11692	EHD3	ENSG00000013016	hsa-miR-661	MIMAT0003324	0.805592262606121
11693	Z83844.1	ENSG00000100101	hsa-miR-6783-5p	MIMAT0027466	0.805592007485971
11694	CCDC60	ENSG00000183273	hsa-miR-6127	MIMAT0024610	0.805590581503073
11695	AKAP5	ENSG00000179841	hsa-miR-1252-3p	MIMAT0026744	0.805585879475699
11696	PCNX1	ENSG00000100731	hsa-miR-4465	MIMAT0018992	0.80558294298446
11697	NCKAP1	ENSG00000061676	hsa-miR-940	MIMAT0004983	0.80556724408577
11698	SIGMAR1	ENSG00000147955	hsa-miR-7855-5p	MIMAT0030430	0.805561429806746
11699	ANO6	ENSG00000177119	hsa-miR-1252-3p	MIMAT0026744	0.805555143765711
11700	VPS26B	ENSG00000151502	hsa-miR-4685-5p	MIMAT0019771	0.805541070567797
11701	ZNF326	ENSG00000162664	hsa-miR-21-5p	MIMAT0000076	0.805526761317902
11702	RAP2C	ENSG00000123728	hsa-miR-183-5p	MIMAT0000261	0.805524808460551
11703	TTLL3	ENSG00000214021	hsa-miR-130a-5p	MIMAT0004593	0.805521708329028
11704	DAAM1	ENSG00000100592	hsa-miR-7157-3p	MIMAT0028225	0.805517315913917
11705	TNFRSF19	ENSG00000127863	hsa-miR-1252-3p	MIMAT0026744	0.805501831200713
11706	AL135905.2	ENSG00000285976	hsa-miR-92a-1-5p	MIMAT0004507	0.805496476710942
11707	VSTM4	ENSG00000165633	hsa-miR-4446-3p	MIMAT0018965	0.805486101820993
11708	GALNT10	ENSG00000164574	hsa-miR-4465	MIMAT0018992	0.805470887248551
11709	ZNF850	ENSG00000267041	hsa-miR-661	MIMAT0003324	0.805449046284961
11710	CAPN13	ENSG00000162949	hsa-miR-4685-5p	MIMAT0019771	0.805447952937788
11711	GRIN3A	ENSG00000198785	hsa-miR-4446-3p	MIMAT0018965	0.805420359326054
11712	RFLNB	ENSG00000183688	hsa-miR-657	MIMAT0003335	0.805401775530351
11713	ZNF471	ENSG00000196263	hsa-miR-224-5p	MIMAT0000281	0.805377191033703
11714	ZBTB20	ENSG00000181722	hsa-miR-7157-3p	MIMAT0028225	0.805364480317675
11715	FAM13A	ENSG00000138640	hsa-miR-4446-3p	MIMAT0018965	0.805359717983232
11716	CHST1	ENSG00000175264	hsa-miR-940	MIMAT0004983	0.805350086327781
11717	KRT8	ENSG00000170421	hsa-miR-7157-3p	MIMAT0028225	0.805339624210115
11718	MEAF6	ENSG00000163875	hsa-miR-1252-3p	MIMAT0026744	0.805337065424668
11719	MRPL27	ENSG00000108826	hsa-miR-1252-3p	MIMAT0026744	0.805329398973055
11720	LUC7L	ENSG00000007392	hsa-miR-4695-5p	MIMAT0019788	0.805322381610431
11721	MLPH	ENSG00000115648	hsa-miR-6758-5p	MIMAT0027416	0.80531759825744
11722	BCLAF1	ENSG00000029363	hsa-miR-7855-5p	MIMAT0030430	0.805312152836259
11723	NKIRAS1	ENSG00000197885	hsa-miR-21-5p	MIMAT0000076	0.805301134153239
11724	ADH4	ENSG00000198099	hsa-miR-657	MIMAT0003335	0.805299769233274
11725	ZIC5	ENSG00000139800	hsa-miR-224-5p	MIMAT0000281	0.805295698062664
11726	CCDC69	ENSG00000198624	hsa-miR-661	MIMAT0003324	0.805292809705183
11727	LHX4	ENSG00000121454	hsa-miR-130a-5p	MIMAT0004593	0.805283505791907
11728	GIPC3	ENSG00000179855	hsa-miR-21-5p	MIMAT0000076	0.805259357583734
11729	MYO6	ENSG00000196586	hsa-miR-130a-5p	MIMAT0004593	0.805259212878044
11730	ASCL1	ENSG00000139352	hsa-miR-940	MIMAT0004983	0.805245589428131
11731	TFDP2	ENSG00000114126	hsa-miR-1252-3p	MIMAT0026744	0.805230002391924
11732	AC018809.3	ENSG00000288550	hsa-miR-4446-3p	MIMAT0018965	0.805229928155206
11733	EFNA4	ENSG00000243364	hsa-miR-4685-5p	MIMAT0019771	0.805203860247683
11734	PGR	ENSG00000082175	hsa-miR-6758-5p	MIMAT0027416	0.805186928779626
11735	SRGAP1	ENSG00000196935	hsa-miR-130a-5p	MIMAT0004593	0.805174504830368
11736	AC005324.3	ENSG00000255104	hsa-miR-657	MIMAT0003335	0.805171079568015
11737	INTS6L	ENSG00000165359	hsa-miR-1252-3p	MIMAT0026744	0.805165819236368
11738	GMNC	ENSG00000205835	hsa-miR-661	MIMAT0003324	0.805149887934241
11739	WDR5	ENSG00000196363	hsa-miR-6758-5p	MIMAT0027416	0.80513915778122
11740	ARHGAP32	ENSG00000134909	hsa-miR-940	MIMAT0004983	0.805119311889538
11741	DUSP18	ENSG00000167065	hsa-miR-6822-3p	MIMAT0027545	0.805117560844819
11742	ANKDD1B	ENSG00000189045	hsa-miR-183-5p	MIMAT0000261	0.805112029423881
11743	UBR4	ENSG00000127481	hsa-miR-6758-5p	MIMAT0027416	0.805105204520955
11744	MBD1	ENSG00000141644	hsa-miR-6822-3p	MIMAT0027545	0.805078247846253
11745	SEZ6	ENSG00000063015	hsa-miR-765	MIMAT0003945	0.805075457819128
11746	PIGX	ENSG00000163964	hsa-miR-1252-3p	MIMAT0026744	0.805054302744766
11747	PRKAA2	ENSG00000162409	hsa-miR-4458	MIMAT0018980	0.805052576960675
11748	DZANK1	ENSG00000089091	hsa-miR-6783-5p	MIMAT0027466	0.80504692394249
11749	PAQR5	ENSG00000137819	hsa-miR-940	MIMAT0004983	0.805042951575781
11750	PYGO2	ENSG00000163348	hsa-miR-765	MIMAT0003945	0.805041601980079
11751	GC	ENSG00000145321	hsa-miR-4292	MIMAT0016919	0.805039861747945
11752	ALDOB	ENSG00000136872	hsa-miR-130a-5p	MIMAT0004593	0.805038304654921
11753	DECR1	ENSG00000104325	hsa-miR-7855-5p	MIMAT0030430	0.805036503332441
11754	AC092042.3	ENSG00000273291	hsa-miR-5008-5p	MIMAT0021039	0.805027771583566
11755	PRUNE1	ENSG00000143363	hsa-miR-940	MIMAT0004983	0.805020664520254
11756	ZBTB37	ENSG00000185278	hsa-miR-224-5p	MIMAT0000281	0.805013059500761
11757	GNG12	ENSG00000172380	hsa-miR-4685-5p	MIMAT0019771	0.804991851832423
11758	EXD3	ENSG00000187609	hsa-miR-7157-3p	MIMAT0028225	0.804981797634756
11759	SNX33	ENSG00000173548	hsa-miR-657	MIMAT0003335	0.804975103304743
11760	BMPR1A	ENSG00000107779	hsa-miR-4687-3p	MIMAT0019775	0.804958152916819
11761	BCL2L2	ENSG00000129473	hsa-miR-4446-3p	MIMAT0018965	0.804937993690013
11762	CCNL1	ENSG00000163660	hsa-miR-4446-3p	MIMAT0018965	0.804900535550202
11763	STX6	ENSG00000135823	hsa-miR-765	MIMAT0003945	0.804882908558688
11764	TIMM50	ENSG00000105197	hsa-miR-940	MIMAT0004983	0.804870340056386
11765	PPIP5K1	ENSG00000168781	hsa-miR-224-5p	MIMAT0000281	0.804869584337384
11766	AC006059.2	ENSG00000280571	hsa-miR-4292	MIMAT0016919	0.804856930752303
11767	ZIC4	ENSG00000174963	hsa-miR-6758-5p	MIMAT0027416	0.804855497948178
11768	TMC6	ENSG00000141524	hsa-miR-940	MIMAT0004983	0.804838975770247
11769	BCL9L	ENSG00000186174	hsa-miR-940	MIMAT0004983	0.804827747627536
11770	SESN1	ENSG00000080546	hsa-miR-183-5p	MIMAT0000261	0.80482331174152
11771	RBM20	ENSG00000203867	hsa-miR-4685-5p	MIMAT0019771	0.804822490623676
11772	TAOK2	ENSG00000149930	hsa-miR-6783-5p	MIMAT0027466	0.804744078992601
11773	GRIK3	ENSG00000163873	hsa-miR-5008-5p	MIMAT0021039	0.804722158035921
11774	HSD17B11	ENSG00000198189	hsa-miR-6758-5p	MIMAT0027416	0.804681571280628
11775	DPP4	ENSG00000197635	hsa-miR-4695-5p	MIMAT0019788	0.80468060601397
11776	MTO1	ENSG00000135297	hsa-miR-92a-1-5p	MIMAT0004507	0.804678512568324
11777	SF3B3	ENSG00000189091	hsa-miR-940	MIMAT0004983	0.804667247068999
11778	CLMN	ENSG00000165959	hsa-miR-940	MIMAT0004983	0.804652375561723
11779	CCDC13	ENSG00000244607	hsa-miR-6127	MIMAT0024610	0.804643645975392
11780	ARHGAP40	ENSG00000124143	hsa-miR-4685-5p	MIMAT0019771	0.804635336637636
11781	NEU3	ENSG00000162139	hsa-miR-625-3p	MIMAT0004808	0.804618241077662
11782	SIK2	ENSG00000170145	hsa-miR-4695-5p	MIMAT0019788	0.804617331154933
11783	SSTR4	ENSG00000132671	hsa-miR-4687-3p	MIMAT0019775	0.804612187325701
11784	ESRRG	ENSG00000196482	hsa-miR-657	MIMAT0003335	0.804607801069063
11785	PREX2	ENSG00000046889	hsa-miR-4685-5p	MIMAT0019771	0.804597716644997
11786	FO681492.1	ENSG00000277758	hsa-miR-21-5p	MIMAT0000076	0.80459739816147
11787	ERCC6	ENSG00000225830	hsa-miR-4458	MIMAT0018980	0.804584483600269
11788	ASTN2	ENSG00000148219	hsa-miR-940	MIMAT0004983	0.804583482188093
11789	TTC30A	ENSG00000197557	hsa-miR-3682-5p	MIMAT0019222	0.804581459545176
11790	OR52A1	ENSG00000182070	hsa-miR-130a-5p	MIMAT0004593	0.804575059527617
11791	USP9X	ENSG00000124486	hsa-miR-130a-5p	MIMAT0004593	0.804569047240506
11792	FETUB	ENSG00000090512	hsa-miR-4458	MIMAT0018980	0.804561973893478
11793	SOX6	ENSG00000110693	hsa-miR-224-5p	MIMAT0000281	0.804559695976653
11794	ALDH5A1	ENSG00000112294	hsa-miR-4465	MIMAT0018992	0.804549068590427
11795	FRMD5	ENSG00000171877	hsa-miR-183-5p	MIMAT0000261	0.804535366227545
11796	SLC38A3	ENSG00000188338	hsa-miR-7157-3p	MIMAT0028225	0.804529059209176
11797	USP26	ENSG00000134588	hsa-miR-4695-5p	MIMAT0019788	0.804528737014511
11798	FRG2	ENSG00000205097	hsa-miR-940	MIMAT0004983	0.804525256675459
11799	DGKI	ENSG00000157680	hsa-miR-661	MIMAT0003324	0.804520515747423
11800	VSX2	ENSG00000119614	hsa-miR-183-5p	MIMAT0000261	0.804510688159975
11801	BRS3	ENSG00000102239	hsa-miR-1252-3p	MIMAT0026744	0.804480183793589
11802	ZNF746	ENSG00000181220	hsa-miR-657	MIMAT0003335	0.80447048191482
11803	SMARCB1	ENSG00000099956	hsa-miR-6783-5p	MIMAT0027466	0.804454227250618
11804	USP7	ENSG00000187555	hsa-miR-4687-3p	MIMAT0019775	0.804450766223742
11805	GAPT	ENSG00000175857	hsa-miR-4687-3p	MIMAT0019775	0.804438821866061
11806	ULK1	ENSG00000177169	hsa-miR-4446-3p	MIMAT0018965	0.804431097280836
11807	RAB40C	ENSG00000197562	hsa-miR-4695-5p	MIMAT0019788	0.80441693915087
11808	XPNPEP3	ENSG00000196236	hsa-miR-1252-3p	MIMAT0026744	0.804390030175776
11809	CD5L	ENSG00000073754	hsa-miR-940	MIMAT0004983	0.8043894740724
11810	SUSD2	ENSG00000099994	hsa-miR-4685-5p	MIMAT0019771	0.804387864799219
11811	KLK1	ENSG00000167748	hsa-miR-4446-3p	MIMAT0018965	0.804381262160148
11812	UBE2M	ENSG00000130725	hsa-miR-4685-5p	MIMAT0019771	0.804377600385727
11813	ANKRD45	ENSG00000183831	hsa-miR-6783-5p	MIMAT0027466	0.804373098904969
11814	HPS1	ENSG00000107521	hsa-miR-4292	MIMAT0016919	0.80436975497434
11815	PNISR	ENSG00000132424	hsa-miR-130a-5p	MIMAT0004593	0.804368833160114
11816	SBNO1	ENSG00000139697	hsa-miR-4465	MIMAT0018992	0.804344308828433
11817	CCDC85C	ENSG00000205476	hsa-miR-5008-5p	MIMAT0021039	0.804337295109482
11818	PDZD2	ENSG00000133401	hsa-miR-130a-5p	MIMAT0004593	0.804328167850851
11819	FNIP2	ENSG00000052795	hsa-miR-21-5p	MIMAT0000076	0.804321129372792
11820	AC012309.1	ENSG00000267360	hsa-miR-4685-5p	MIMAT0019771	0.804316949579673
11821	H6PD	ENSG00000049239	hsa-miR-940	MIMAT0004983	0.80431229660844
11822	BRD1	ENSG00000100425	hsa-miR-7855-5p	MIMAT0030430	0.804298833749233
11823	EIF5A	ENSG00000132507	hsa-miR-4446-3p	MIMAT0018965	0.804284416930707
11824	GMEB1	ENSG00000162419	hsa-miR-1252-3p	MIMAT0026744	0.804274805379116
11825	RSBN1	ENSG00000081019	hsa-miR-6758-5p	MIMAT0027416	0.804271352585599
11826	ADGRL2	ENSG00000117114	hsa-miR-130a-5p	MIMAT0004593	0.804268424450911
11827	UBE2R2	ENSG00000107341	hsa-miR-4465	MIMAT0018992	0.804264951408049
11828	HYKK	ENSG00000188266	hsa-miR-6127	MIMAT0024610	0.804259740052531
11829	AMOT	ENSG00000126016	hsa-miR-183-5p	MIMAT0000261	0.804235537152893
11830	OR10D3	ENSG00000197309	hsa-miR-1252-3p	MIMAT0026744	0.804223947987962
11831	ACTR10	ENSG00000131966	hsa-miR-1911-5p	MIMAT0007885	0.804212606979861
11832	FAM133B	ENSG00000234545	hsa-miR-7157-3p	MIMAT0028225	0.804210858751638
11833	TUBGCP4	ENSG00000137822	hsa-miR-765	MIMAT0003945	0.804205396733056
11834	NTSR2	ENSG00000169006	hsa-miR-7157-3p	MIMAT0028225	0.804185025806212
11835	PPM1F	ENSG00000100034	hsa-miR-4292	MIMAT0016919	0.804166206116076
11836	TMTC1	ENSG00000133687	hsa-miR-130a-5p	MIMAT0004593	0.804161486907709
11837	OR2AT4	ENSG00000171561	hsa-miR-1252-3p	MIMAT0026744	0.80415980858808
11838	GFOD1	ENSG00000145990	hsa-miR-661	MIMAT0003324	0.80415508011898
11839	GABRG2	ENSG00000113327	hsa-miR-657	MIMAT0003335	0.804149105519867
11840	WNK3	ENSG00000196632	hsa-miR-92a-1-5p	MIMAT0004507	0.804131213798422
11841	TET2	ENSG00000168769	hsa-miR-224-5p	MIMAT0000281	0.804122690074455
11842	ANKMY2	ENSG00000106524	hsa-miR-657	MIMAT0003335	0.804111359441347
11843	COL4A1	ENSG00000187498	hsa-miR-21-5p	MIMAT0000076	0.804099967077832
11844	EAF1	ENSG00000144597	hsa-miR-3682-5p	MIMAT0019222	0.804098758504209
11845	FAM151B	ENSG00000152380	hsa-miR-625-3p	MIMAT0004808	0.804087531179617
11846	POU6F2	ENSG00000106536	hsa-miR-4687-3p	MIMAT0019775	0.804076775260825
11847	YWHAQ	ENSG00000134308	hsa-miR-940	MIMAT0004983	0.80406869040565
11848	FGF13	ENSG00000129682	hsa-miR-661	MIMAT0003324	0.804064582122306
11849	PLAGL2	ENSG00000126003	hsa-miR-940	MIMAT0004983	0.80406457441908
11850	DYRK4	ENSG00000010219	hsa-miR-6127	MIMAT0024610	0.804059245004946
11851	TAF9B	ENSG00000187325	hsa-miR-4458	MIMAT0018980	0.804058529359496
11852	ZMYND8	ENSG00000101040	hsa-miR-6783-5p	MIMAT0027466	0.804044081817605
11853	TMEM38B	ENSG00000095209	hsa-miR-3682-5p	MIMAT0019222	0.804032562872493
11854	PIK3R6	ENSG00000276231	hsa-miR-4446-3p	MIMAT0018965	0.804020551890093
11855	PSD2	ENSG00000146005	hsa-miR-6758-5p	MIMAT0027416	0.804010023666211
11856	CEACAM3	ENSG00000170956	hsa-miR-661	MIMAT0003324	0.804004217677865
11857	PLXNB1	ENSG00000164050	hsa-miR-4685-5p	MIMAT0019771	0.803995594353287
11858	RAD51D	ENSG00000185379	hsa-miR-6758-5p	MIMAT0027416	0.803975311566296
11859	SCUBE3	ENSG00000146197	hsa-miR-4687-3p	MIMAT0019775	0.803967294117145
11860	RIOK2	ENSG00000058729	hsa-miR-1252-3p	MIMAT0026744	0.803966440441659
11861	SLC6A17	ENSG00000197106	hsa-miR-657	MIMAT0003335	0.803966136768509
11862	LDLRAD2	ENSG00000187942	hsa-miR-4292	MIMAT0016919	0.803964747779124
11863	ZFP36L2	ENSG00000152518	hsa-miR-940	MIMAT0004983	0.803963148287889
11864	ARL2-SNX15	ENSG00000273003	hsa-miR-657	MIMAT0003335	0.803947285716708
11865	GPATCH8	ENSG00000186566	hsa-miR-4687-3p	MIMAT0019775	0.803934272166135
11866	ZNF652	ENSG00000198740	hsa-miR-4292	MIMAT0016919	0.803930592736775
11867	HOXC8	ENSG00000037965	hsa-miR-1252-3p	MIMAT0026744	0.803896775984872
11868	PHLDB1	ENSG00000019144	hsa-miR-940	MIMAT0004983	0.803864786408684
11869	HNRNPF	ENSG00000169813	hsa-miR-7157-3p	MIMAT0028225	0.803862067184358
11870	STC2	ENSG00000113739	hsa-miR-765	MIMAT0003945	0.803855044075669
11871	RGS4	ENSG00000117152	hsa-miR-5008-5p	MIMAT0021039	0.803853215580966
11872	DDX5	ENSG00000108654	hsa-miR-3682-5p	MIMAT0019222	0.803838655686885
11873	ST8SIA3	ENSG00000177511	hsa-miR-224-5p	MIMAT0000281	0.803832287588521
11874	TC2N	ENSG00000165929	hsa-miR-21-5p	MIMAT0000076	0.803815536461187
11875	GJD2	ENSG00000159248	hsa-miR-1252-3p	MIMAT0026744	0.803798430743776
11876	EIF4E3	ENSG00000163412	hsa-miR-1252-3p	MIMAT0026744	0.803781042834655
11877	PKNOX1	ENSG00000160199	hsa-miR-7157-3p	MIMAT0028225	0.803779425303597
11878	NFAT5	ENSG00000102908	hsa-miR-130a-5p	MIMAT0004593	0.803778050692814
11879	ILDR2	ENSG00000143195	hsa-miR-6127	MIMAT0024610	0.803775827073572
11880	ZSWIM6	ENSG00000130449	hsa-miR-625-3p	MIMAT0004808	0.803764038108981
11881	NPAS3	ENSG00000151322	hsa-miR-21-5p	MIMAT0000076	0.803730134256135
11882	PER1	ENSG00000179094	hsa-miR-661	MIMAT0003324	0.803730066955931
11883	GMNC	ENSG00000205835	hsa-miR-6758-5p	MIMAT0027416	0.80372795161912
11884	GRIK3	ENSG00000163873	hsa-miR-7157-3p	MIMAT0028225	0.803713707610646
11885	NBPF10	ENSG00000271425	hsa-miR-661	MIMAT0003324	0.803699561052547
11886	ISM1	ENSG00000101230	hsa-miR-130a-5p	MIMAT0004593	0.803626291151518
11887	SSBP3	ENSG00000157216	hsa-miR-6127	MIMAT0024610	0.803623072705417
11888	VWA2	ENSG00000165816	hsa-miR-1252-3p	MIMAT0026744	0.803619454726281
11889	AAK1	ENSG00000115977	hsa-miR-183-5p	MIMAT0000261	0.803619188107074
11890	EPHA7	ENSG00000135333	hsa-miR-4465	MIMAT0018992	0.80359872564569
11891	VWA3B	ENSG00000168658	hsa-miR-7855-5p	MIMAT0030430	0.803595160935619
11892	SEC22A	ENSG00000121542	hsa-miR-7855-5p	MIMAT0030430	0.803583613216516
11893	MLIP	ENSG00000146147	hsa-miR-130a-5p	MIMAT0004593	0.803578113592102
11894	ANKRD52	ENSG00000139645	hsa-miR-4695-5p	MIMAT0019788	0.803558080797585
11895	AGO2	ENSG00000123908	hsa-miR-4695-5p	MIMAT0019788	0.803550605237125
11896	NEK9	ENSG00000119638	hsa-miR-4685-5p	MIMAT0019771	0.803543926838028
11897	NAP1L1	ENSG00000187109	hsa-miR-1252-3p	MIMAT0026744	0.80353660149236
11898	KANSL2	ENSG00000139620	hsa-miR-625-3p	MIMAT0004808	0.80352718459295
11899	VPS13C	ENSG00000129003	hsa-miR-4465	MIMAT0018992	0.803524647286241
11900	LIFR	ENSG00000113594	hsa-miR-21-5p	MIMAT0000076	0.803513031534893
11901	AGPS	ENSG00000018510	hsa-miR-940	MIMAT0004983	0.803503198952514
11902	ADAM19	ENSG00000135074	hsa-miR-940	MIMAT0004983	0.8035006879929
11903	OAS1	ENSG00000089127	hsa-miR-4465	MIMAT0018992	0.803487298260279
11904	OPA1	ENSG00000198836	hsa-miR-1252-3p	MIMAT0026744	0.803477829628945
11905	CSRNP3	ENSG00000178662	hsa-miR-6127	MIMAT0024610	0.803468459688778
11906	LHPP	ENSG00000107902	hsa-miR-765	MIMAT0003945	0.803460275247409
11907	PGBD4	ENSG00000182405	hsa-miR-4446-3p	MIMAT0018965	0.80344889721543
11908	HP1BP3	ENSG00000127483	hsa-miR-6783-5p	MIMAT0027466	0.803445738201261
11909	SPATA32	ENSG00000184361	hsa-miR-130a-5p	MIMAT0004593	0.803439940739564
11910	MACC1	ENSG00000183742	hsa-miR-6758-5p	MIMAT0027416	0.803436288984092
11911	SUPT4H1	ENSG00000213246	hsa-miR-1252-3p	MIMAT0026744	0.803418262093087
11912	IGF2R	ENSG00000197081	hsa-miR-1252-3p	MIMAT0026744	0.803408232167666
11913	TMEM245	ENSG00000106771	hsa-miR-4446-3p	MIMAT0018965	0.803398844980748
11914	POSTN	ENSG00000133110	hsa-miR-4695-5p	MIMAT0019788	0.803387186989078
11915	GIT2	ENSG00000139436	hsa-miR-765	MIMAT0003945	0.803380956047952
11916	TMEM178B	ENSG00000261115	hsa-miR-224-5p	MIMAT0000281	0.803378781554745
11917	COPS7B	ENSG00000144524	hsa-miR-7855-5p	MIMAT0030430	0.803373333632489
11918	OR5A1	ENSG00000172320	hsa-miR-4695-5p	MIMAT0019788	0.803364030837209
11919	RBM23	ENSG00000100461	hsa-miR-4695-5p	MIMAT0019788	0.803363046334383
11920	FAM90A26	ENSG00000229924	hsa-miR-5008-5p	MIMAT0021039	0.80334673898835
11921	SULT1B1	ENSG00000173597	hsa-miR-940	MIMAT0004983	0.80332587528712
11922	FRG2B	ENSG00000225899	hsa-miR-940	MIMAT0004983	0.803320918142423
11923	TNRC6B	ENSG00000100354	hsa-miR-1252-3p	MIMAT0026744	0.803318200719752
11924	ASB4	ENSG00000005981	hsa-miR-3682-5p	MIMAT0019222	0.803298045494396
11925	ZBTB20	ENSG00000181722	hsa-miR-183-5p	MIMAT0000261	0.803295780041417
11926	SSPN	ENSG00000123096	hsa-miR-4685-5p	MIMAT0019771	0.803292942945443
11927	TIMM10B	ENSG00000132286	hsa-miR-4685-5p	MIMAT0019771	0.803282062520431
11928	ADCY9	ENSG00000162104	hsa-miR-1252-3p	MIMAT0026744	0.803280708004185
11929	CERS6	ENSG00000172292	hsa-miR-1252-3p	MIMAT0026744	0.803276529861391
11930	MAP7D2	ENSG00000184368	hsa-miR-224-5p	MIMAT0000281	0.803274953435527
11931	NCCRP1	ENSG00000188505	hsa-miR-6127	MIMAT0024610	0.803267744597643
11932	PHF19	ENSG00000119403	hsa-miR-661	MIMAT0003324	0.803246149240118
11933	REEP5	ENSG00000129625	hsa-miR-1252-3p	MIMAT0026744	0.803239398935977
11934	RNASEH1	ENSG00000171865	hsa-miR-8056	MIMAT0030983	0.803238876713731
11935	ZNF254	ENSG00000213096	hsa-miR-4465	MIMAT0018992	0.803235267487572
11936	UGGT1	ENSG00000136731	hsa-miR-6758-5p	MIMAT0027416	0.803232467100398
11937	KRTAP7-1	ENSG00000274749	hsa-miR-4465	MIMAT0018992	0.803229702802782
11938	VAMP2	ENSG00000220205	hsa-miR-5008-5p	MIMAT0021039	0.803224356684639
11939	TNPO2	ENSG00000105576	hsa-miR-4685-5p	MIMAT0019771	0.803171382998257
11940	MANSC1	ENSG00000111261	hsa-miR-6758-5p	MIMAT0027416	0.803140738658637
11941	TEX26	ENSG00000175664	hsa-miR-4465	MIMAT0018992	0.80311711248664
11942	LETM1	ENSG00000168924	hsa-miR-4695-5p	MIMAT0019788	0.803104497166095
11943	ABCA13	ENSG00000179869	hsa-miR-7855-5p	MIMAT0030430	0.80309688173164
11944	IRGQ	ENSG00000167378	hsa-miR-940	MIMAT0004983	0.803096358730798
11945	ZNF549	ENSG00000121406	hsa-miR-4687-3p	MIMAT0019775	0.803085179014171
11946	HDGFL1	ENSG00000112273	hsa-miR-765	MIMAT0003945	0.803076252306176
11947	KLHL32	ENSG00000186231	hsa-miR-6758-5p	MIMAT0027416	0.803074727652849
11948	TNR	ENSG00000116147	hsa-miR-1252-3p	MIMAT0026744	0.803046519875169
11949	RASD2	ENSG00000100302	hsa-miR-940	MIMAT0004983	0.803045620073588
11950	ZNF641	ENSG00000167528	hsa-miR-661	MIMAT0003324	0.80303339926511
11951	PTGER3	ENSG00000050628	hsa-miR-1252-3p	MIMAT0026744	0.803031231641325
11952	MED8	ENSG00000159479	hsa-miR-940	MIMAT0004983	0.8030308462056
11953	RTL6	ENSG00000188636	hsa-miR-5008-5p	MIMAT0021039	0.802990927883419
11954	ZNF207	ENSG00000010244	hsa-miR-6822-3p	MIMAT0027545	0.802990764041069
11955	LIN28B	ENSG00000187772	hsa-miR-183-5p	MIMAT0000261	0.802982720757165
11956	ADGRG5	ENSG00000159618	hsa-miR-661	MIMAT0003324	0.802976891868781
11957	SEPHS1	ENSG00000086475	hsa-miR-1252-3p	MIMAT0026744	0.802975599425422
11958	RABL3	ENSG00000144840	hsa-miR-1252-3p	MIMAT0026744	0.802970514549268
11959	NXPE3	ENSG00000144815	hsa-miR-4465	MIMAT0018992	0.802958016346352
11960	STIM1	ENSG00000167323	hsa-miR-657	MIMAT0003335	0.802950095658976
11961	SAMD8	ENSG00000156671	hsa-miR-224-5p	MIMAT0000281	0.802945007156546
11962	BAG4	ENSG00000156735	hsa-miR-1252-3p	MIMAT0026744	0.802941109059153
11963	AHCY	ENSG00000101444	hsa-miR-130a-5p	MIMAT0004593	0.802936019413371
11964	GRIN2B	ENSG00000273079	hsa-miR-4685-5p	MIMAT0019771	0.802911133271567
11965	ARFGEF3	ENSG00000112379	hsa-miR-6783-5p	MIMAT0027466	0.802899689475952
11966	PEG10	ENSG00000242265	hsa-miR-4685-5p	MIMAT0019771	0.802898131851227
11967	ARRB1	ENSG00000137486	hsa-miR-7157-3p	MIMAT0028225	0.802896492563625
11968	ELL	ENSG00000105656	hsa-miR-4292	MIMAT0016919	0.80289013228287
11969	RANBP3L	ENSG00000164188	hsa-miR-130a-5p	MIMAT0004593	0.802855757670444
11970	AGTR2	ENSG00000180772	hsa-miR-4446-3p	MIMAT0018965	0.802851800339188
11971	SLFN5	ENSG00000166750	hsa-miR-130a-5p	MIMAT0004593	0.802848683543542
11972	CNTNAP1	ENSG00000108797	hsa-miR-5008-5p	MIMAT0021039	0.802829485872284
11973	AP000356.5	ENSG00000286070	hsa-miR-4685-5p	MIMAT0019771	0.802819355593682
11974	TOR1A	ENSG00000136827	hsa-miR-183-5p	MIMAT0000261	0.802819242469338
11975	SH3TC2	ENSG00000169247	hsa-miR-7855-5p	MIMAT0030430	0.80280941626975
11976	ZEB2	ENSG00000169554	hsa-miR-4465	MIMAT0018992	0.802805874922783
11977	LRRK1	ENSG00000154237	hsa-miR-6127	MIMAT0024610	0.802805827870623
11978	PRPS2	ENSG00000101911	hsa-miR-1252-3p	MIMAT0026744	0.802786095556745
11979	ITFG2	ENSG00000111203	hsa-miR-940	MIMAT0004983	0.802783915537406
11980	HDAC11	ENSG00000163517	hsa-miR-661	MIMAT0003324	0.802743251209692
11981	BAG1	ENSG00000107262	hsa-miR-6127	MIMAT0024610	0.802723865122132
11982	KLHL24	ENSG00000114796	hsa-miR-940	MIMAT0004983	0.802722863361349
11983	ASAH2B	ENSG00000204147	hsa-miR-1252-3p	MIMAT0026744	0.802704171000852
11984	BUD23	ENSG00000071462	hsa-miR-4458	MIMAT0018980	0.80266216963361
11985	RARA	ENSG00000131759	hsa-miR-940	MIMAT0004983	0.802660663784852
11986	RNF123	ENSG00000164068	hsa-miR-940	MIMAT0004983	0.80265618569528
11987	PNN	ENSG00000100941	hsa-miR-940	MIMAT0004983	0.802651021781225
11988	EIF5B	ENSG00000158417	hsa-miR-3682-5p	MIMAT0019222	0.802626985307667
11989	SCP2	ENSG00000116171	hsa-miR-4695-5p	MIMAT0019788	0.80261674881448
11990	TRAM2	ENSG00000065308	hsa-miR-940	MIMAT0004983	0.802606230920105
11991	ACER3	ENSG00000078124	hsa-miR-1252-3p	MIMAT0026744	0.80260186645108
11992	UROS	ENSG00000188690	hsa-miR-130a-5p	MIMAT0004593	0.802590223447866
11993	RBM46	ENSG00000151962	hsa-miR-6783-5p	MIMAT0027466	0.802571771279772
11994	CADM2	ENSG00000175161	hsa-miR-7157-3p	MIMAT0028225	0.802560819187881
11995	UPF1	ENSG00000005007	hsa-miR-661	MIMAT0003324	0.80255970375876
11996	GREB1L	ENSG00000141449	hsa-miR-940	MIMAT0004983	0.80255610161924
11997	VWA1	ENSG00000179403	hsa-miR-661	MIMAT0003324	0.802547063794355
11998	RNF138	ENSG00000134758	hsa-miR-6783-5p	MIMAT0027466	0.80254281554569
11999	HMGA2	ENSG00000149948	hsa-miR-625-3p	MIMAT0004808	0.80253571072287
12000	SYNPO	ENSG00000171992	hsa-miR-4685-5p	MIMAT0019771	0.802525642824997
12001	CBX5	ENSG00000094916	hsa-miR-661	MIMAT0003324	0.802505177188755
12002	BDNF	ENSG00000176697	hsa-miR-6758-5p	MIMAT0027416	0.802492633123014
12003	ARID5B	ENSG00000150347	hsa-miR-130a-5p	MIMAT0004593	0.802488779893228
12004	RNF123	ENSG00000164068	hsa-miR-4685-5p	MIMAT0019771	0.802485267169099
12005	ZNF385A	ENSG00000161642	hsa-miR-6783-5p	MIMAT0027466	0.802484989022777
12006	MESP1	ENSG00000166823	hsa-miR-6127	MIMAT0024610	0.802479770781843
12007	ATXN1	ENSG00000124788	hsa-miR-940	MIMAT0004983	0.802476332793286
12008	PUS10	ENSG00000162927	hsa-miR-130a-5p	MIMAT0004593	0.802472425672016
12009	SUSD5	ENSG00000173705	hsa-miR-4446-3p	MIMAT0018965	0.802467003240699
12010	ZNF385B	ENSG00000144331	hsa-miR-224-5p	MIMAT0000281	0.802453735589775
12011	SPICE1	ENSG00000163611	hsa-miR-4446-3p	MIMAT0018965	0.802449115774177
12012	ARHGAP40	ENSG00000124143	hsa-miR-5008-5p	MIMAT0021039	0.802418632645758
12013	RC3H1	ENSG00000135870	hsa-miR-7855-5p	MIMAT0030430	0.80241346868066
12014	HRNR	ENSG00000197915	hsa-miR-6822-3p	MIMAT0027545	0.802391998340612
12015	PKHD1L1	ENSG00000205038	hsa-miR-1252-3p	MIMAT0026744	0.80238204620067
12016	SNX30	ENSG00000148158	hsa-miR-940	MIMAT0004983	0.802372598233052
12017	OGFOD3	ENSG00000181396	hsa-miR-4685-5p	MIMAT0019771	0.802370825910443
12018	TNFSF15	ENSG00000181634	hsa-miR-7855-5p	MIMAT0030430	0.802365104052049
12019	LRPPRC	ENSG00000138095	hsa-miR-3682-5p	MIMAT0019222	0.802350716248837
12020	FAM90A26	ENSG00000229924	hsa-miR-4446-3p	MIMAT0018965	0.802340538160095
12021	USP7	ENSG00000187555	hsa-miR-940	MIMAT0004983	0.802333390075812
12022	AL391628.1	ENSG00000288674	hsa-miR-4685-5p	MIMAT0019771	0.802298807350517
12023	CFAP44	ENSG00000206530	hsa-miR-130a-5p	MIMAT0004593	0.80229822037223
12024	GNG4	ENSG00000168243	hsa-miR-1252-3p	MIMAT0026744	0.8022961720075
12025	AL138752.2	ENSG00000255872	hsa-miR-7157-3p	MIMAT0028225	0.802280876533946
12026	CDSN	ENSG00000204539	hsa-miR-661	MIMAT0003324	0.802280235353636
12027	CALD1	ENSG00000122786	hsa-miR-21-5p	MIMAT0000076	0.802263387540375
12028	EXOC5	ENSG00000070367	hsa-miR-7157-3p	MIMAT0028225	0.80225599293048
12029	IFNAR2	ENSG00000159110	hsa-miR-940	MIMAT0004983	0.802254955484501
12030	SMC5	ENSG00000198887	hsa-miR-130a-5p	MIMAT0004593	0.802226545678007
12031	ZNF705A	ENSG00000196946	hsa-miR-224-5p	MIMAT0000281	0.802220440529323
12032	TSC2	ENSG00000103197	hsa-miR-7157-3p	MIMAT0028225	0.802213881721142
12033	HAUS5	ENSG00000249115	hsa-miR-765	MIMAT0003945	0.802212428947338
12034	XPR1	ENSG00000143324	hsa-miR-6127	MIMAT0024610	0.802203884538788
12035	AL157392.5	ENSG00000282246	hsa-miR-1252-3p	MIMAT0026744	0.802202012032915
12036	SORT1	ENSG00000134243	hsa-miR-7157-3p	MIMAT0028225	0.802199670691901
12037	GRIK3	ENSG00000163873	hsa-miR-657	MIMAT0003335	0.80216700963359
12038	ABI2	ENSG00000138443	hsa-miR-4695-5p	MIMAT0019788	0.802161074557431
12039	AK9	ENSG00000155085	hsa-miR-3682-5p	MIMAT0019222	0.802149186122987
12040	IL31RA	ENSG00000164509	hsa-miR-92a-1-5p	MIMAT0004507	0.802147714406057
12041	NAPG	ENSG00000134265	hsa-miR-1252-3p	MIMAT0026744	0.802141462485141
12042	GRIN2B	ENSG00000273079	hsa-miR-6822-3p	MIMAT0027545	0.802131700203005
12043	TMEM30A	ENSG00000112697	hsa-miR-1252-3p	MIMAT0026744	0.802130587246866
12044	SIX5	ENSG00000177045	hsa-miR-4446-3p	MIMAT0018965	0.802098308881476
12045	ANKRD52	ENSG00000139645	hsa-miR-765	MIMAT0003945	0.802088562071766
12046	GAN	ENSG00000261609	hsa-miR-224-5p	MIMAT0000281	0.802079498756629
12047	C1QTNF3-AMACR	ENSG00000273294	hsa-miR-4685-5p	MIMAT0019771	0.802069903704011
12048	BICD1	ENSG00000151746	hsa-miR-4523	MIMAT0019061	0.802067663932776
12049	POU2F2	ENSG00000028277	hsa-miR-4446-3p	MIMAT0018965	0.802065883285879
12050	RBM23	ENSG00000100461	hsa-miR-6758-5p	MIMAT0027416	0.80205742911923
12051	CEP70	ENSG00000114107	hsa-miR-224-5p	MIMAT0000281	0.80204877255759
12052	RRP7A	ENSG00000189306	hsa-miR-5008-5p	MIMAT0021039	0.802045536478565
12053	PIK3R5	ENSG00000141506	hsa-miR-224-5p	MIMAT0000281	0.802020410800096
12054	RASGRP1	ENSG00000172575	hsa-miR-4458	MIMAT0018980	0.802012552820067
12055	GRIN2B	ENSG00000273079	hsa-miR-224-5p	MIMAT0000281	0.802010200936906
12056	PABPC4L	ENSG00000254535	hsa-miR-940	MIMAT0004983	0.801959522474192
12057	LENEP	ENSG00000163352	hsa-miR-765	MIMAT0003945	0.801952068199245
12058	FAM155B	ENSG00000130054	hsa-miR-224-5p	MIMAT0000281	0.801946846354328
12059	PHF19	ENSG00000119403	hsa-miR-5008-5p	MIMAT0021039	0.801934704706004
12060	SFT2D2	ENSG00000213064	hsa-miR-4687-3p	MIMAT0019775	0.801933009367375
12061	FAM131B	ENSG00000159784	hsa-miR-661	MIMAT0003324	0.801924083829742
12062	CA8	ENSG00000178538	hsa-miR-1252-3p	MIMAT0026744	0.801923271578999
12063	ADAMTS4	ENSG00000158859	hsa-miR-657	MIMAT0003335	0.801923024611028
12064	TGFBR2	ENSG00000163513	hsa-miR-1252-3p	MIMAT0026744	0.801920366916115
12065	CLCN5	ENSG00000171365	hsa-miR-4695-5p	MIMAT0019788	0.801918053514033
12066	PTPN22	ENSG00000134242	hsa-miR-6783-5p	MIMAT0027466	0.801917442902329
12067	RBM18	ENSG00000119446	hsa-miR-940	MIMAT0004983	0.801915713120708
12068	KCNJ9	ENSG00000162728	hsa-miR-5008-5p	MIMAT0021039	0.801902242073065
12069	ZNF747	ENSG00000169955	hsa-miR-4446-3p	MIMAT0018965	0.801839481010949
12070	PGPEP1	ENSG00000130517	hsa-miR-4695-5p	MIMAT0019788	0.801838203386544
12071	ADGB	ENSG00000118492	hsa-miR-7157-3p	MIMAT0028225	0.801829727196884
12072	TFDP1	ENSG00000198176	hsa-miR-1252-3p	MIMAT0026744	0.801805972304305
12073	AP3B2	ENSG00000103723	hsa-miR-4695-5p	MIMAT0019788	0.801780311183927
12074	PURB	ENSG00000146676	hsa-miR-4465	MIMAT0018992	0.801767069566238
12075	OAS3	ENSG00000111331	hsa-miR-765	MIMAT0003945	0.801765671105178
12076	GKN2	ENSG00000183607	hsa-miR-1911-5p	MIMAT0007885	0.801764695016244
12077	CUL2	ENSG00000108094	hsa-miR-6783-5p	MIMAT0027466	0.801762187667328
12078	SGCA	ENSG00000108823	hsa-miR-661	MIMAT0003324	0.801756241438957
12079	WNT9B	ENSG00000158955	hsa-miR-4685-5p	MIMAT0019771	0.801745476342223
12080	PLPPR5	ENSG00000117598	hsa-miR-5008-5p	MIMAT0021039	0.801743963982801
12081	TMEM255A	ENSG00000125355	hsa-miR-1252-3p	MIMAT0026744	0.801739138546264
12082	FCGRT	ENSG00000104870	hsa-miR-765	MIMAT0003945	0.801708230485847
12083	PATE4	ENSG00000237353	hsa-miR-4687-3p	MIMAT0019775	0.801707977757251
12084	CTNNA3	ENSG00000183230	hsa-miR-1252-3p	MIMAT0026744	0.8016847109055
12085	TEDDM1	ENSG00000203730	hsa-miR-4695-5p	MIMAT0019788	0.801679823156129
12086	CHST3	ENSG00000122863	hsa-miR-4446-3p	MIMAT0018965	0.801674179120086
12087	ARIH1	ENSG00000166233	hsa-miR-4446-3p	MIMAT0018965	0.801673278492641
12088	ATP6V0A1	ENSG00000033627	hsa-miR-4685-5p	MIMAT0019771	0.801660668318293
12089	BBS4	ENSG00000140463	hsa-miR-4685-5p	MIMAT0019771	0.801650800737816
12090	TNKS	ENSG00000173273	hsa-miR-940	MIMAT0004983	0.80164777776644
12091	ZDHHC18	ENSG00000204160	hsa-miR-940	MIMAT0004983	0.801636894867369
12092	SSR1	ENSG00000124783	hsa-miR-4695-5p	MIMAT0019788	0.80162440703971
12093	SPC25	ENSG00000152253	hsa-miR-183-5p	MIMAT0000261	0.801623926265237
12094	MRTFB	ENSG00000186260	hsa-miR-625-3p	MIMAT0004808	0.801623918697188
12095	DYRK1A	ENSG00000157540	hsa-miR-6822-3p	MIMAT0027545	0.801616685727519
12096	FXYD6	ENSG00000137726	hsa-miR-4292	MIMAT0016919	0.801608883043352
12097	MAPRE1	ENSG00000101367	hsa-miR-21-5p	MIMAT0000076	0.801607031553631
12098	ADRA2A	ENSG00000150594	hsa-miR-4685-5p	MIMAT0019771	0.801606945792807
12099	SLC25A17	ENSG00000100372	hsa-miR-4685-5p	MIMAT0019771	0.801594287649735
12100	ZCCHC3	ENSG00000247315	hsa-miR-6758-5p	MIMAT0027416	0.801594148670237
12101	RANBP17	ENSG00000204764	hsa-miR-765	MIMAT0003945	0.801588257413232
12102	SKAP2	ENSG00000005020	hsa-miR-1252-3p	MIMAT0026744	0.801585722738232
12103	MYOZ1	ENSG00000177791	hsa-miR-6783-5p	MIMAT0027466	0.801563483604722
12104	TPRX1	ENSG00000178928	hsa-miR-661	MIMAT0003324	0.801561366070996
12105	SLC38A2	ENSG00000134294	hsa-miR-1252-3p	MIMAT0026744	0.801553347168131
12106	HIC2	ENSG00000169635	hsa-miR-4685-5p	MIMAT0019771	0.80154414172103
12107	AP3M1	ENSG00000185009	hsa-miR-940	MIMAT0004983	0.801540660461747
12108	ARMCX5	ENSG00000125962	hsa-miR-21-5p	MIMAT0000076	0.801526993114709
12109	RAB43	ENSG00000172780	hsa-miR-940	MIMAT0004983	0.801526679196242
12110	MYO16	ENSG00000041515	hsa-miR-7157-3p	MIMAT0028225	0.801523702133186
12111	PRAMEF8	ENSG00000182330	hsa-miR-7157-3p	MIMAT0028225	0.80150310103774
12112	PTPRT	ENSG00000196090	hsa-miR-657	MIMAT0003335	0.801501790394937
12113	MAZ	ENSG00000103495	hsa-miR-4292	MIMAT0016919	0.801469998741953
12114	THBS1	ENSG00000137801	hsa-miR-765	MIMAT0003945	0.801469048296526
12115	NIPSNAP3A	ENSG00000136783	hsa-miR-1252-3p	MIMAT0026744	0.801461087230004
12116	NDUFAF2	ENSG00000164182	hsa-miR-130a-5p	MIMAT0004593	0.801454381089051
12117	GRINA	ENSG00000178719	hsa-miR-4695-5p	MIMAT0019788	0.801434150364622
12118	ANK1	ENSG00000029534	hsa-miR-92a-1-5p	MIMAT0004507	0.801433427228773
12119	WEE2	ENSG00000214102	hsa-miR-21-5p	MIMAT0000076	0.801426466634224
12120	FUT9	ENSG00000172461	hsa-miR-6758-5p	MIMAT0027416	0.801422470544768
12121	ACYP2	ENSG00000170634	hsa-miR-625-3p	MIMAT0004808	0.801422085564055
12122	PPTC7	ENSG00000196850	hsa-miR-6783-5p	MIMAT0027466	0.801404460125441
12123	CRYL1	ENSG00000165475	hsa-miR-4685-5p	MIMAT0019771	0.801400365713687
12124	ABHD5	ENSG00000011198	hsa-miR-7157-3p	MIMAT0028225	0.801399979100937
12125	KIAA0232	ENSG00000170871	hsa-miR-3682-5p	MIMAT0019222	0.801397561814632
12126	ZFYVE16	ENSG00000039319	hsa-miR-661	MIMAT0003324	0.801363364627714
12127	SLC41A1	ENSG00000133065	hsa-miR-765	MIMAT0003945	0.801353373032004
12128	MEF2C	ENSG00000081189	hsa-miR-130a-5p	MIMAT0004593	0.801339125861381
12129	SPDYE16	ENSG00000185040	hsa-miR-4465	MIMAT0018992	0.801320519249
12130	MAFG	ENSG00000197063	hsa-miR-4292	MIMAT0016919	0.801276264302152
12131	OR52I1	ENSG00000232268	hsa-miR-6783-5p	MIMAT0027466	0.801272476800541
12132	PABPC1L2A	ENSG00000186288	hsa-miR-6783-5p	MIMAT0027466	0.801271826599067
12133	C16orf72	ENSG00000182831	hsa-miR-21-5p	MIMAT0000076	0.801255556647507
12134	ZFAND2B	ENSG00000158552	hsa-miR-4685-5p	MIMAT0019771	0.801242870750072
12135	ERLIN1	ENSG00000107566	hsa-miR-4465	MIMAT0018992	0.801241988979701
12136	PRDM11	ENSG00000019485	hsa-miR-4458	MIMAT0018980	0.801220696934708
12137	ZNF385D	ENSG00000151789	hsa-miR-7855-5p	MIMAT0030430	0.801211443365701
12138	SRRM2	ENSG00000167978	hsa-miR-4292	MIMAT0016919	0.801204082181149
12139	CPEB3	ENSG00000107864	hsa-miR-130a-5p	MIMAT0004593	0.801190070649758
12140	C13orf46	ENSG00000283199	hsa-miR-4695-5p	MIMAT0019788	0.801179994326203
12141	TMPRSS7	ENSG00000176040	hsa-miR-765	MIMAT0003945	0.801141161558758
12142	PECAM1	ENSG00000261371	hsa-miR-7855-5p	MIMAT0030430	0.801132442773291
12143	FLRT3	ENSG00000125848	hsa-miR-224-5p	MIMAT0000281	0.801125973415137
12144	RASSF3	ENSG00000153179	hsa-miR-4465	MIMAT0018992	0.801119234582904
12145	CLYBL	ENSG00000125246	hsa-miR-183-5p	MIMAT0000261	0.801112312641722
12146	LCORL	ENSG00000178177	hsa-miR-3682-5p	MIMAT0019222	0.801090882333164
12147	WDR55	ENSG00000120314	hsa-miR-7157-3p	MIMAT0028225	0.801086798182079
12148	OR9Q2	ENSG00000186513	hsa-miR-1252-3p	MIMAT0026744	0.801084764798729
12149	KCNS1	ENSG00000124134	hsa-miR-7855-5p	MIMAT0030430	0.801064821710345
12150	PPT2-EGFL8	ENSG00000258388	hsa-miR-7855-5p	MIMAT0030430	0.80105818033158
12151	PREX2	ENSG00000046889	hsa-miR-183-5p	MIMAT0000261	0.801056131422048
12152	RELT	ENSG00000054967	hsa-miR-7855-5p	MIMAT0030430	0.801047262483769
12153	MEX3C	ENSG00000176624	hsa-miR-224-5p	MIMAT0000281	0.801039289878971
12154	SNAP25	ENSG00000132639	hsa-miR-7855-5p	MIMAT0030430	0.80103445967587
12155	TBC1D28	ENSG00000189375	hsa-miR-661	MIMAT0003324	0.801033230955671
12156	CYP8B1	ENSG00000180432	hsa-miR-4695-5p	MIMAT0019788	0.801032745130827
12157	MBOAT2	ENSG00000143797	hsa-miR-940	MIMAT0004983	0.801029512570234
12158	SBK2	ENSG00000187550	hsa-miR-5008-5p	MIMAT0021039	0.80101014779052
12159	EIF3H	ENSG00000147677	hsa-miR-7157-3p	MIMAT0028225	0.801002509690324
12160	B3GAT2	ENSG00000112309	hsa-miR-224-5p	MIMAT0000281	0.800985011421008
12161	DRP2	ENSG00000102385	hsa-miR-1252-3p	MIMAT0026744	0.800983230106779
12162	BRPF3	ENSG00000096070	hsa-miR-6758-5p	MIMAT0027416	0.800982240436197
12163	SMG1	ENSG00000157106	hsa-miR-224-5p	MIMAT0000281	0.800967630713814
12164	KSR2	ENSG00000171435	hsa-miR-765	MIMAT0003945	0.800952422445779
12165	EOMES	ENSG00000163508	hsa-miR-7855-5p	MIMAT0030430	0.800942941313285
12166	SULT1B1	ENSG00000173597	hsa-miR-3682-5p	MIMAT0019222	0.800924908062825
12167	SLC24A3	ENSG00000185052	hsa-miR-657	MIMAT0003335	0.800908707682671
12168	CELF1	ENSG00000149187	hsa-miR-4687-3p	MIMAT0019775	0.800908383732834
12169	DCTD	ENSG00000129187	hsa-miR-5008-5p	MIMAT0021039	0.800904889264304
12170	LIN52	ENSG00000205659	hsa-miR-1252-3p	MIMAT0026744	0.800901219308012
12171	ATL1	ENSG00000198513	hsa-miR-21-5p	MIMAT0000076	0.800885731989465
12172	CLCN3	ENSG00000109572	hsa-miR-183-5p	MIMAT0000261	0.800876543421955
12173	HP1BP3	ENSG00000127483	hsa-miR-5008-5p	MIMAT0021039	0.800873511670436
12174	SV2B	ENSG00000185518	hsa-miR-765	MIMAT0003945	0.800855798529262
12175	FOXO3B	ENSG00000240445	hsa-miR-7157-3p	MIMAT0028225	0.800849193406478
12176	CNOT6L	ENSG00000138767	hsa-miR-6758-5p	MIMAT0027416	0.800835384305509
12177	PRKCE	ENSG00000171132	hsa-miR-1252-3p	MIMAT0026744	0.800833468301019
12178	PGAP1	ENSG00000197121	hsa-miR-940	MIMAT0004983	0.800822635456058
12179	TRAF3IP2	ENSG00000056972	hsa-miR-661	MIMAT0003324	0.800797159282221
12180	RGS6	ENSG00000182732	hsa-miR-4446-3p	MIMAT0018965	0.800779092617475
12181	CCNY	ENSG00000108100	hsa-miR-4458	MIMAT0018980	0.800778179697123
12182	NDUFS2	ENSG00000158864	hsa-miR-940	MIMAT0004983	0.800774028648479
12183	INTS7	ENSG00000143493	hsa-miR-1252-3p	MIMAT0026744	0.800773245530172
12184	ARHGEF28	ENSG00000214944	hsa-miR-1252-3p	MIMAT0026744	0.800751511086565
12185	KIF3C	ENSG00000084731	hsa-miR-4695-5p	MIMAT0019788	0.800750722931157
12186	SLC9B2	ENSG00000164038	hsa-miR-6758-5p	MIMAT0027416	0.800733891194759
12187	KIAA1217	ENSG00000120549	hsa-miR-3682-5p	MIMAT0019222	0.80071843439425
12188	ATOH1	ENSG00000172238	hsa-miR-4687-3p	MIMAT0019775	0.800713415003516
12189	PWWP2A	ENSG00000170234	hsa-miR-4465	MIMAT0018992	0.800712073678323
12190	BAZ2A	ENSG00000076108	hsa-miR-940	MIMAT0004983	0.80069680272478
12191	PRR5L	ENSG00000135362	hsa-miR-1252-3p	MIMAT0026744	0.800680363934214
12192	NRGN	ENSG00000154146	hsa-miR-657	MIMAT0003335	0.800669110970706
12193	HIPK2	ENSG00000064393	hsa-miR-5008-5p	MIMAT0021039	0.800665736773556
12194	CELSR2	ENSG00000143126	hsa-miR-4446-3p	MIMAT0018965	0.800652223193735
12195	CYP7B1	ENSG00000172817	hsa-miR-1252-3p	MIMAT0026744	0.80061382755257
12196	SH3GL2	ENSG00000107295	hsa-miR-7855-5p	MIMAT0030430	0.80060373954717
12197	MPRIP	ENSG00000133030	hsa-miR-21-5p	MIMAT0000076	0.800579769322923
12198	LTN1	ENSG00000198862	hsa-miR-183-5p	MIMAT0000261	0.800566305278148
12199	ZBED4	ENSG00000100426	hsa-miR-940	MIMAT0004983	0.800556286664082
12200	COTL1	ENSG00000103187	hsa-miR-1252-3p	MIMAT0026744	0.80054895292403
12201	SYT2	ENSG00000143858	hsa-miR-940	MIMAT0004983	0.80054395824424
12202	RASSF5	ENSG00000266094	hsa-miR-661	MIMAT0003324	0.800527749924208
12203	C1GALT1	ENSG00000106392	hsa-miR-4458	MIMAT0018980	0.800527170982525
12204	KCNA7	ENSG00000104848	hsa-miR-4292	MIMAT0016919	0.800525031501673
12205	ACTN2	ENSG00000077522	hsa-miR-4465	MIMAT0018992	0.800480160032066
12206	MLXIPL	ENSG00000009950	hsa-miR-4685-5p	MIMAT0019771	0.800479306294371
12207	INO80C	ENSG00000153391	hsa-miR-765	MIMAT0003945	0.800476387949231
12208	AL353588.1	ENSG00000272442	hsa-miR-4687-3p	MIMAT0019775	0.80047084331866
12209	ASB8	ENSG00000177981	hsa-miR-6783-5p	MIMAT0027466	0.800469689538694
12210	PCDH15	ENSG00000150275	hsa-miR-6758-5p	MIMAT0027416	0.800468109239237
12211	IQSEC2	ENSG00000124313	hsa-miR-4685-5p	MIMAT0019771	0.800465203862615
12212	BTRC	ENSG00000166167	hsa-miR-765	MIMAT0003945	0.800449203577317
12213	WWP2	ENSG00000198373	hsa-miR-940	MIMAT0004983	0.80044517505148
12214	HIPK3	ENSG00000110422	hsa-miR-1252-3p	MIMAT0026744	0.800441771664206
12215	CLEC10A	ENSG00000132514	hsa-miR-5008-5p	MIMAT0021039	0.800441180615901
12216	PTEN	ENSG00000171862	hsa-miR-1252-3p	MIMAT0026744	0.800426271554105
12217	COL5A3	ENSG00000080573	hsa-miR-4695-5p	MIMAT0019788	0.800423959759272
12218	CDH18	ENSG00000145526	hsa-miR-21-5p	MIMAT0000076	0.800412753079689
12219	ZNF441	ENSG00000197044	hsa-miR-224-5p	MIMAT0000281	0.80040270289247
12220	COX19	ENSG00000240230	hsa-miR-940	MIMAT0004983	0.800401050052839
12221	FAIM2	ENSG00000135472	hsa-miR-661	MIMAT0003324	0.800400562794184
12222	DNAJC5B	ENSG00000147570	hsa-miR-6822-3p	MIMAT0027545	0.800393981928058
12223	HDAC5	ENSG00000108840	hsa-miR-4292	MIMAT0016919	0.800393333504928
12224	NOVA1	ENSG00000139910	hsa-miR-130a-5p	MIMAT0004593	0.800387212909354
12225	APOOL	ENSG00000155008	hsa-miR-4695-5p	MIMAT0019788	0.800386621569974
12226	PRR18	ENSG00000176381	hsa-miR-130a-5p	MIMAT0004593	0.800373576546682
12227	FLNA	ENSG00000196924	hsa-miR-4685-5p	MIMAT0019771	0.800362953115446
12228	NMNAT1	ENSG00000173614	hsa-miR-4695-5p	MIMAT0019788	0.800351427962295
12229	JAK3	ENSG00000105639	hsa-miR-661	MIMAT0003324	0.800349172463619
12230	APCDD1	ENSG00000154856	hsa-miR-5008-5p	MIMAT0021039	0.80033642871029
12231	AL031777.2	ENSG00000282988	hsa-miR-92a-1-5p	MIMAT0004507	0.800333199672558
12232	RETSAT	ENSG00000042445	hsa-miR-4695-5p	MIMAT0019788	0.800332469074684
12233	TGIF2	ENSG00000118707	hsa-miR-7157-3p	MIMAT0028225	0.80032591535559
12234	ARL15	ENSG00000185305	hsa-miR-4687-3p	MIMAT0019775	0.80031160951991
12235	DR1	ENSG00000117505	hsa-miR-4446-3p	MIMAT0018965	0.800311338723202
12236	NKAP	ENSG00000101882	hsa-miR-4687-3p	MIMAT0019775	0.800310752177994
12237	CDC42SE1	ENSG00000197622	hsa-miR-4685-5p	MIMAT0019771	0.800304772424885
12238	ADAMTS2	ENSG00000087116	hsa-miR-6127	MIMAT0024610	0.800303761605237
12239	RAD18	ENSG00000070950	hsa-miR-6758-5p	MIMAT0027416	0.800300130392633
12240	CLSTN2	ENSG00000158258	hsa-miR-661	MIMAT0003324	0.800294345430158
12241	RALYL	ENSG00000184672	hsa-miR-4465	MIMAT0018992	0.800290459634922
12242	ATF7	ENSG00000170653	hsa-miR-4685-5p	MIMAT0019771	0.800269034141286
12243	PGBD5	ENSG00000177614	hsa-miR-4687-3p	MIMAT0019775	0.800245663466065
12244	MARCHF8	ENSG00000165406	hsa-miR-940	MIMAT0004983	0.800240242949762
12245	CEP85	ENSG00000130695	hsa-miR-4446-3p	MIMAT0018965	0.800228924165788
12246	TRAM1	ENSG00000067167	hsa-miR-940	MIMAT0004983	0.800225498049329
12247	GRM5	ENSG00000168959	hsa-miR-130a-5p	MIMAT0004593	0.800223093586639
12248	ERG	ENSG00000157554	hsa-miR-7157-3p	MIMAT0028225	0.800211829303019
12249	DMXL1	ENSG00000172869	hsa-miR-3682-5p	MIMAT0019222	0.800191094711731
12250	CHST12	ENSG00000136213	hsa-miR-6783-5p	MIMAT0027466	0.800177796329134
12251	SERTM2	ENSG00000260802	hsa-miR-1252-3p	MIMAT0026744	0.80017477659696
12252	HUWE1	ENSG00000086758	hsa-miR-224-5p	MIMAT0000281	0.800164698008358
12253	HMGXB4	ENSG00000100281	hsa-miR-7855-5p	MIMAT0030430	0.800162701918256
12254	GGACT	ENSG00000134864	hsa-miR-3682-5p	MIMAT0019222	0.800144791594649
12255	EIF1AX	ENSG00000173674	hsa-miR-21-5p	MIMAT0000076	0.800141430713926
12256	TBC1D13	ENSG00000107021	hsa-miR-4465	MIMAT0018992	0.800127499016851
12257	C8orf74	ENSG00000171060	hsa-miR-661	MIMAT0003324	0.800127470549487
12258	MITF	ENSG00000187098	hsa-miR-4446-3p	MIMAT0018965	0.800121550161763
12259	SIMC1	ENSG00000170085	hsa-miR-4695-5p	MIMAT0019788	0.800073716772292
12260	LRP4	ENSG00000134569	hsa-miR-765	MIMAT0003945	0.800047666814384
12261	HSPA4L	ENSG00000164070	hsa-miR-1252-3p	MIMAT0026744	0.800046863629986
12262	MIER1	ENSG00000198160	hsa-miR-7855-5p	MIMAT0030430	0.800041773798218
12263	E2F3	ENSG00000112242	hsa-miR-21-5p	MIMAT0000076	0.800039660983476
12264	LRRC9	ENSG00000131951	hsa-miR-940	MIMAT0004983	0.800029183918366
12265	TLCD5	ENSG00000181264	hsa-miR-3682-5p	MIMAT0019222	0.800014324583084
12266	ARRDC3	ENSG00000113369	hsa-miR-3682-5p	MIMAT0019222	0.800009706808926
