I.No	gene_symbol	gene_ensembl_id	mirna_name	mirna_db_id	interaction_score
1	RBM26	ENSG00000139746	hsa-miR-380-3p	MIMAT0000735	0.999997554427791
2	RAVER2	ENSG00000162437	hsa-miR-137-3p	MIMAT0000429	0.999997185306059
3	RREB1	ENSG00000124782	hsa-miR-137-3p	MIMAT0000429	0.999994157129339
4	SNX25	ENSG00000109762	hsa-miR-137-3p	MIMAT0000429	0.999993721031741
5	ATXN2L	ENSG00000168488	hsa-miR-380-3p	MIMAT0000735	0.999984765081933
6	CTNNA3	ENSG00000183230	hsa-miR-137-3p	MIMAT0000429	0.999981941743219
7	TMEM65	ENSG00000164983	hsa-miR-542-3p	MIMAT0003389	0.999979608337883
8	SIK1B	ENSG00000275993	hsa-miR-137-3p	MIMAT0000429	0.999969415904127
9	NAB2	ENSG00000166886	hsa-miR-137-3p	MIMAT0000429	0.999963051566706
10	MITF	ENSG00000187098	hsa-miR-137-3p	MIMAT0000429	0.999951690469188
11	SWT1	ENSG00000116668	hsa-miR-137-3p	MIMAT0000429	0.99994696107481
12	WBP1L	ENSG00000166272	hsa-miR-137-3p	MIMAT0000429	0.99994329488175
13	NPIPB3	ENSG00000169246	hsa-miR-137-3p	MIMAT0000429	0.999942158677991
14	INPP5A	ENSG00000068383	hsa-miR-137-3p	MIMAT0000429	0.999935973825563
15	MUC4	ENSG00000145113	hsa-miR-542-3p	MIMAT0003389	0.999932042361055
16	TCTEX1D2	ENSG00000213123	hsa-miR-7154-5p	MIMAT0028218	0.999901158389326
17	DIPK2A	ENSG00000181744	hsa-miR-137-3p	MIMAT0000429	0.999897275399351
18	MEIS1	ENSG00000143995	hsa-miR-3618	MIMAT0017998	0.999892919038847
19	SLC30A4	ENSG00000104154	hsa-miR-137-3p	MIMAT0000429	0.999880356291914
20	USP30	ENSG00000135093	hsa-miR-137-3p	MIMAT0000429	0.999852783037853
21	GATAD2B	ENSG00000143614	hsa-miR-4496	MIMAT0019031	0.999806833326606
22	ERVV-2	ENSG00000268964	hsa-miR-7154-5p	MIMAT0028218	0.999790167046885
23	KDM7A	ENSG00000006459	hsa-miR-137-3p	MIMAT0000429	0.999785394267369
24	PTPN12	ENSG00000127947	hsa-miR-380-3p	MIMAT0000735	0.999776163245523
25	ADAMTS19	ENSG00000145808	hsa-miR-380-3p	MIMAT0000735	0.999772646615167
26	FNDC5	ENSG00000160097	hsa-miR-137-3p	MIMAT0000429	0.999737250674537
27	MTAP	ENSG00000099810	hsa-miR-5007-5p	MIMAT0021035	0.999733333564498
28	VARS1	ENSG00000204394	hsa-miR-137-3p	MIMAT0000429	0.999731374900893
29	CHD9	ENSG00000177200	hsa-miR-137-3p	MIMAT0000429	0.999719324581481
30	SPIN1	ENSG00000106723	hsa-miR-3618	MIMAT0017998	0.999714906452484
31	RHOBTB1	ENSG00000072422	hsa-miR-137-3p	MIMAT0000429	0.999695285002553
32	XRCC4	ENSG00000152422	hsa-miR-380-3p	MIMAT0000735	0.999670103092538
33	SLC12A2	ENSG00000064651	hsa-miR-137-3p	MIMAT0000429	0.999654633638127
34	NUP58	ENSG00000139496	hsa-miR-137-3p	MIMAT0000429	0.999631116971594
35	ITSN1	ENSG00000205726	hsa-miR-7154-5p	MIMAT0028218	0.999580243057411
36	CYYR1	ENSG00000166265	hsa-miR-137-3p	MIMAT0000429	0.999561602280014
37	BPY2C	ENSG00000185894	hsa-miR-137-3p	MIMAT0000429	0.999559778506074
38	DR1	ENSG00000117505	hsa-miR-137-3p	MIMAT0000429	0.999554451628937
39	DMRT3	ENSG00000064218	hsa-miR-137-3p	MIMAT0000429	0.999549524913559
40	BPY2B	ENSG00000183795	hsa-miR-137-3p	MIMAT0000429	0.999545855550571
41	CSNK1G3	ENSG00000151292	hsa-miR-137-3p	MIMAT0000429	0.999530982920729
42	CA7	ENSG00000168748	hsa-miR-137-3p	MIMAT0000429	0.999527208979557
43	BPY2	ENSG00000183753	hsa-miR-137-3p	MIMAT0000429	0.999526360143529
44	EFNA3	ENSG00000143590	hsa-miR-5007-5p	MIMAT0021035	0.999525495874919
45	INO80D	ENSG00000114933	hsa-miR-4496	MIMAT0019031	0.999489676343719
46	EPHA7	ENSG00000135333	hsa-miR-137-3p	MIMAT0000429	0.999484684133139
47	KDM6A	ENSG00000147050	hsa-miR-212-5p	MIMAT0022695	0.999476691172486
48	CDC20B	ENSG00000164287	hsa-miR-4496	MIMAT0019031	0.999460436535392
49	SCAF1	ENSG00000126461	hsa-miR-7154-5p	MIMAT0028218	0.99942564506565
50	GUCY1A2	ENSG00000152402	hsa-miR-137-3p	MIMAT0000429	0.999419191203554
51	MBD2	ENSG00000134046	hsa-miR-137-3p	MIMAT0000429	0.999394104366173
52	NOVA1	ENSG00000139910	hsa-miR-3618	MIMAT0017998	0.999382295238876
53	SOX11	ENSG00000176887	hsa-miR-5007-5p	MIMAT0021035	0.999367751518964
54	ZNF710	ENSG00000140548	hsa-miR-137-3p	MIMAT0000429	0.999351591866978
55	BAZ1A	ENSG00000198604	hsa-miR-137-3p	MIMAT0000429	0.999346559064325
56	MED13	ENSG00000108510	hsa-miR-7154-5p	MIMAT0028218	0.999318333472083
57	ZCCHC2	ENSG00000141664	hsa-miR-137-3p	MIMAT0000429	0.999309615492243
58	KLF12	ENSG00000118922	hsa-miR-137-3p	MIMAT0000429	0.999302438745136
59	AHCYL2	ENSG00000158467	hsa-miR-137-3p	MIMAT0000429	0.999291963073196
60	CXXC4	ENSG00000168772	hsa-miR-137-3p	MIMAT0000429	0.999274006493165
61	MARCHF8	ENSG00000165406	hsa-miR-137-3p	MIMAT0000429	0.999250774478506
62	UNC79	ENSG00000133958	hsa-miR-137-3p	MIMAT0000429	0.999235441455607
63	HEY2	ENSG00000135547	hsa-miR-137-3p	MIMAT0000429	0.99921280888902
64	TNFRSF25	ENSG00000215788	hsa-miR-3618	MIMAT0017998	0.999196131506772
65	NOVA1	ENSG00000139910	hsa-miR-1252-3p	MIMAT0026744	0.999193396091938
66	SH3BP4	ENSG00000130147	hsa-miR-4496	MIMAT0019031	0.999175925046602
67	SNRK	ENSG00000163788	hsa-miR-137-3p	MIMAT0000429	0.999173114813867
68	AHCYL1	ENSG00000168710	hsa-miR-137-3p	MIMAT0000429	0.999152484785199
69	PPP4R2	ENSG00000163605	hsa-miR-137-3p	MIMAT0000429	0.999105137864786
70	TDRD7	ENSG00000196116	hsa-miR-137-3p	MIMAT0000429	0.999104721544944
71	LRRTM3	ENSG00000198739	hsa-miR-7154-5p	MIMAT0028218	0.999024853208417
72	SLC35A1	ENSG00000164414	hsa-miR-137-3p	MIMAT0000429	0.998990881172776
73	PDLIM3	ENSG00000154553	hsa-miR-137-3p	MIMAT0000429	0.998949878331015
74	ESRRA	ENSG00000173153	hsa-miR-137-3p	MIMAT0000429	0.998946691494005
75	VASH2	ENSG00000143494	hsa-miR-137-3p	MIMAT0000429	0.998946357785249
76	NLRP10	ENSG00000182261	hsa-miR-7154-5p	MIMAT0028218	0.998939191185738
77	PDE6D	ENSG00000156973	hsa-miR-380-3p	MIMAT0000735	0.998918141566377
78	PCDH9	ENSG00000184226	hsa-miR-4496	MIMAT0019031	0.9989153405828
79	SOX6	ENSG00000110693	hsa-miR-7154-5p	MIMAT0028218	0.998911194031062
80	UNC5C	ENSG00000182168	hsa-miR-4496	MIMAT0019031	0.998902633996821
81	KLHL10	ENSG00000161594	hsa-miR-137-3p	MIMAT0000429	0.998886596988657
82	SP4	ENSG00000105866	hsa-miR-137-3p	MIMAT0000429	0.998834016395433
83	YBX1	ENSG00000065978	hsa-miR-137-3p	MIMAT0000429	0.998832818719593
84	DCDC2	ENSG00000146038	hsa-miR-137-3p	MIMAT0000429	0.998828636506446
85	SMAD2	ENSG00000175387	hsa-miR-4496	MIMAT0019031	0.998828169357322
86	RGS6	ENSG00000182732	hsa-miR-137-3p	MIMAT0000429	0.998805937067593
87	NCR3LG1	ENSG00000188211	hsa-miR-329-5p	MIMAT0026555	0.998783648588007
88	HMGN3	ENSG00000118418	hsa-miR-137-3p	MIMAT0000429	0.998774493252407
89	LRRC10B	ENSG00000204950	hsa-miR-137-3p	MIMAT0000429	0.998772961124375
90	LCMT1	ENSG00000205629	hsa-miR-6780a-3p	MIMAT0027461	0.998742176808776
91	STOX2	ENSG00000173320	hsa-miR-7154-5p	MIMAT0028218	0.998722968100989
92	LPP	ENSG00000145012	hsa-miR-380-3p	MIMAT0000735	0.998685838859481
93	DDX5	ENSG00000108654	hsa-miR-380-3p	MIMAT0000735	0.998681783573024
94	MPP1	ENSG00000130830	hsa-miR-137-3p	MIMAT0000429	0.998636823111272
95	POU6F2	ENSG00000106536	hsa-miR-542-3p	MIMAT0003389	0.998615924301275
96	NFATC2	ENSG00000101096	hsa-miR-137-3p	MIMAT0000429	0.998607887215055
97	ZFP36L2	ENSG00000152518	hsa-miR-137-3p	MIMAT0000429	0.998572781537403
98	BCAP29	ENSG00000075790	hsa-miR-380-3p	MIMAT0000735	0.998534987678806
99	TFAP2A	ENSG00000137203	hsa-miR-137-3p	MIMAT0000429	0.998500076914481
100	APPL2	ENSG00000136044	hsa-miR-137-3p	MIMAT0000429	0.99844084595914
101	ZNF326	ENSG00000162664	hsa-miR-137-3p	MIMAT0000429	0.998437258862913
102	CCNI	ENSG00000118816	hsa-miR-137-3p	MIMAT0000429	0.998421058556124
103	KIAA1671	ENSG00000197077	hsa-miR-137-3p	MIMAT0000429	0.998375512316853
104	MAML1	ENSG00000161021	hsa-miR-137-3p	MIMAT0000429	0.998374488156327
105	AP3S1	ENSG00000177879	hsa-miR-137-3p	MIMAT0000429	0.998360254692079
106	VPS37A	ENSG00000155975	hsa-miR-137-3p	MIMAT0000429	0.99835234863719
107	AHR	ENSG00000106546	hsa-miR-380-3p	MIMAT0000735	0.998341117206574
108	ING3	ENSG00000071243	hsa-miR-137-3p	MIMAT0000429	0.998325991867106
109	PTPN2	ENSG00000175354	hsa-miR-137-3p	MIMAT0000429	0.998274924241002
110	SERP1	ENSG00000120742	hsa-miR-137-3p	MIMAT0000429	0.998235188628917
111	PTGFRN	ENSG00000134247	hsa-miR-137-3p	MIMAT0000429	0.998234217319307
112	ZC3H14	ENSG00000100722	hsa-miR-148a-5p	MIMAT0004549	0.998233691128526
113	KCNMB2	ENSG00000197584	hsa-miR-137-3p	MIMAT0000429	0.998196043008314
114	BAZ1A	ENSG00000198604	hsa-miR-7154-5p	MIMAT0028218	0.998169931640156
115	P2RX2	ENSG00000187848	hsa-miR-7154-5p	MIMAT0028218	0.998147943242641
116	CHST9	ENSG00000154080	hsa-miR-137-3p	MIMAT0000429	0.998132163942467
117	EPHA5	ENSG00000145242	hsa-miR-1252-3p	MIMAT0026744	0.998110348727758
118	ESRRG	ENSG00000196482	hsa-miR-137-3p	MIMAT0000429	0.998046384727845
119	SYT16	ENSG00000139973	hsa-miR-7154-5p	MIMAT0028218	0.997997251109139
120	PRR16	ENSG00000184838	hsa-miR-137-3p	MIMAT0000429	0.997989738975385
121	FLRT2	ENSG00000185070	hsa-miR-4496	MIMAT0019031	0.997966446936655
122	PPP1R21	ENSG00000162869	hsa-miR-7154-5p	MIMAT0028218	0.997956491210647
123	XPO4	ENSG00000132953	hsa-miR-137-3p	MIMAT0000429	0.997951285929263
124	NEUROD4	ENSG00000123307	hsa-miR-137-3p	MIMAT0000429	0.997924340466775
125	COL25A1	ENSG00000188517	hsa-miR-7154-5p	MIMAT0028218	0.997863048626572
126	FLRT2	ENSG00000185070	hsa-miR-1252-3p	MIMAT0026744	0.997805983577883
127	RSRC2	ENSG00000111011	hsa-miR-7154-5p	MIMAT0028218	0.997804854159535
128	TRIM71	ENSG00000206557	hsa-miR-212-5p	MIMAT0022695	0.997746257085099
129	HLF	ENSG00000108924	hsa-miR-137-3p	MIMAT0000429	0.997736674750034
130	CNTN3	ENSG00000113805	hsa-miR-380-3p	MIMAT0000735	0.997721614756342
131	NCOA2	ENSG00000140396	hsa-miR-137-3p	MIMAT0000429	0.997706690937904
132	LMBR1L	ENSG00000139636	hsa-miR-137-3p	MIMAT0000429	0.997692083811187
133	QKI	ENSG00000112531	hsa-miR-137-3p	MIMAT0000429	0.997643541908801
134	NXT2	ENSG00000101888	hsa-miR-137-3p	MIMAT0000429	0.997617425699765
135	WAPL	ENSG00000062650	hsa-miR-7154-5p	MIMAT0028218	0.997569330077799
136	ZBTB21	ENSG00000173276	hsa-miR-137-3p	MIMAT0000429	0.997550971207502
137	FAM167A	ENSG00000154319	hsa-miR-380-3p	MIMAT0000735	0.997535592730592
138	DENND1B	ENSG00000213047	hsa-miR-137-3p	MIMAT0000429	0.997506894638485
139	OTUD7B	ENSG00000264522	hsa-miR-137-3p	MIMAT0000429	0.997498403555298
140	ELOVL1	ENSG00000066322	hsa-miR-137-3p	MIMAT0000429	0.997483850204709
141	PRADC1	ENSG00000135617	hsa-miR-137-3p	MIMAT0000429	0.997452631712642
142	JAK2	ENSG00000096968	hsa-miR-380-3p	MIMAT0000735	0.997433926959303
143	FAM98A	ENSG00000119812	hsa-miR-137-3p	MIMAT0000429	0.997420569528887
144	NXPH2	ENSG00000144227	hsa-miR-542-3p	MIMAT0003389	0.997415428605598
145	MAPKAPK2	ENSG00000162889	hsa-miR-137-3p	MIMAT0000429	0.997385995780682
146	HNRNPDL	ENSG00000152795	hsa-miR-137-3p	MIMAT0000429	0.997380357487243
147	NCKAP1	ENSG00000061676	hsa-miR-1252-3p	MIMAT0026744	0.997291500420305
148	PLEKHM3	ENSG00000178385	hsa-miR-542-3p	MIMAT0003389	0.997289892351383
149	KDM7A	ENSG00000006459	hsa-miR-1252-3p	MIMAT0026744	0.997281607699536
150	PDE10A	ENSG00000112541	hsa-miR-137-3p	MIMAT0000429	0.997274128115288
151	TMX1	ENSG00000139921	hsa-miR-137-3p	MIMAT0000429	0.997252862583427
152	LURAP1L	ENSG00000153714	hsa-miR-137-3p	MIMAT0000429	0.997229802435764
153	C6orf47	ENSG00000204439	hsa-miR-137-3p	MIMAT0000429	0.997224501474454
154	NFYB	ENSG00000120837	hsa-miR-7154-5p	MIMAT0028218	0.997224484086553
155	AK7	ENSG00000140057	hsa-miR-3618	MIMAT0017998	0.997217234747162
156	POU2F1	ENSG00000143190	hsa-miR-148a-5p	MIMAT0004549	0.997174300984237
157	MRPS33	ENSG00000090263	hsa-miR-380-3p	MIMAT0000735	0.997158382203894
158	RC3H2	ENSG00000056586	hsa-miR-1252-3p	MIMAT0026744	0.997144029800823
159	PHF6	ENSG00000156531	hsa-miR-4496	MIMAT0019031	0.997117563221606
160	GLIPR1L1	ENSG00000173401	hsa-miR-4496	MIMAT0019031	0.997113260977698
161	CCSER1	ENSG00000184305	hsa-miR-380-3p	MIMAT0000735	0.997105195639251
162	MED11	ENSG00000161920	hsa-miR-137-3p	MIMAT0000429	0.997076888504186
163	GPCPD1	ENSG00000125772	hsa-miR-137-3p	MIMAT0000429	0.997065315575204
164	NCKAP5	ENSG00000176771	hsa-miR-137-3p	MIMAT0000429	0.997047941324176
165	FYN	ENSG00000010810	hsa-miR-380-3p	MIMAT0000735	0.996999178430572
166	UST	ENSG00000111962	hsa-miR-7154-5p	MIMAT0028218	0.996967980257779
167	ABHD6	ENSG00000163686	hsa-miR-137-3p	MIMAT0000429	0.996960423346646
168	ARID4B	ENSG00000054267	hsa-miR-137-3p	MIMAT0000429	0.996920398276198
169	MMP16	ENSG00000156103	hsa-miR-4496	MIMAT0019031	0.99691839135108
170	CTNNB1	ENSG00000168036	hsa-miR-4496	MIMAT0019031	0.996904680284661
171	ZBTB7B	ENSG00000160685	hsa-miR-137-3p	MIMAT0000429	0.996818040758369
172	KLF12	ENSG00000118922	hsa-miR-4496	MIMAT0019031	0.996806362941551
173	RBPJ	ENSG00000168214	hsa-miR-137-3p	MIMAT0000429	0.996748576018556
174	YBX3	ENSG00000060138	hsa-miR-137-3p	MIMAT0000429	0.996743404908117
175	ZBTB20	ENSG00000181722	hsa-miR-7154-5p	MIMAT0028218	0.996692006495887
176	SCRIB	ENSG00000180900	hsa-miR-5007-5p	MIMAT0021035	0.996645600202663
177	LRRTM3	ENSG00000198739	hsa-miR-380-3p	MIMAT0000735	0.996641929388841
178	SOX6	ENSG00000110693	hsa-miR-1252-3p	MIMAT0026744	0.996609484803767
179	FAM126B	ENSG00000155744	hsa-miR-137-3p	MIMAT0000429	0.996606297013166
180	GIGYF1	ENSG00000146830	hsa-miR-137-3p	MIMAT0000429	0.996604365430887
181	KTN1	ENSG00000126777	hsa-miR-3618	MIMAT0017998	0.996598500253733
182	LIN28B	ENSG00000187772	hsa-miR-3618	MIMAT0017998	0.996570671163653
183	SLC6A8	ENSG00000130821	hsa-miR-137-3p	MIMAT0000429	0.996556664588312
184	TSNAX	ENSG00000116918	hsa-miR-137-3p	MIMAT0000429	0.996543740284309
185	NUTM2D	ENSG00000214562	hsa-miR-3618	MIMAT0017998	0.996539167250621
186	RWDD4	ENSG00000182552	hsa-miR-137-3p	MIMAT0000429	0.996442516683246
187	GLIS3	ENSG00000107249	hsa-miR-7154-5p	MIMAT0028218	0.996397348140766
188	CUL5	ENSG00000166266	hsa-miR-380-3p	MIMAT0000735	0.99634860435226
189	SLITRK5	ENSG00000165300	hsa-miR-1252-3p	MIMAT0026744	0.99632135491378
190	FHOD3	ENSG00000134775	hsa-miR-542-3p	MIMAT0003389	0.996312847444833
191	DMRT2	ENSG00000173253	hsa-miR-137-3p	MIMAT0000429	0.996296950685645
192	GPR137B	ENSG00000077585	hsa-miR-137-3p	MIMAT0000429	0.996296420954852
193	MAPK1IP1L	ENSG00000168175	hsa-miR-7154-5p	MIMAT0028218	0.996232060812517
194	SIK1	ENSG00000142178	hsa-miR-137-3p	MIMAT0000429	0.996228980518799
195	ZC3H3	ENSG00000014164	hsa-miR-137-3p	MIMAT0000429	0.996205785510676
196	ZNF618	ENSG00000157657	hsa-miR-542-3p	MIMAT0003389	0.996200676795926
197	SRSF1	ENSG00000136450	hsa-miR-3618	MIMAT0017998	0.996178580710898
198	CLTC	ENSG00000141367	hsa-miR-7154-5p	MIMAT0028218	0.996099176592923
199	RAB21	ENSG00000080371	hsa-miR-380-3p	MIMAT0000735	0.996093382926042
200	CDC37L1	ENSG00000106993	hsa-miR-137-3p	MIMAT0000429	0.996073791667974
201	CBL	ENSG00000110395	hsa-miR-380-3p	MIMAT0000735	0.996069747676255
202	SPPL3	ENSG00000157837	hsa-miR-4496	MIMAT0019031	0.995989798387894
203	OR5A1	ENSG00000172320	hsa-miR-542-3p	MIMAT0003389	0.995962998023941
204	TMPO	ENSG00000120802	hsa-miR-137-3p	MIMAT0000429	0.99595855722857
205	ZRANB2	ENSG00000132485	hsa-miR-3618	MIMAT0017998	0.995938723465607
206	RFX3	ENSG00000080298	hsa-miR-4496	MIMAT0019031	0.995906242828022
207	PTPRG	ENSG00000144724	hsa-miR-5007-5p	MIMAT0021035	0.995854907487658
208	C15orf61	ENSG00000189227	hsa-miR-380-3p	MIMAT0000735	0.99584918476139
209	PTN	ENSG00000105894	hsa-miR-137-3p	MIMAT0000429	0.995835512947313
210	COL19A1	ENSG00000082293	hsa-miR-137-3p	MIMAT0000429	0.995832096893952
211	TP53TG3E	ENSG00000275034	hsa-miR-380-3p	MIMAT0000735	0.995807963990462
212	APLF	ENSG00000169621	hsa-miR-542-3p	MIMAT0003389	0.995795796424837
213	AKT2	ENSG00000105221	hsa-miR-137-3p	MIMAT0000429	0.995767369245357
214	MGAT4C	ENSG00000182050	hsa-miR-1252-3p	MIMAT0026744	0.995750468190707
215	TP53TG3	ENSG00000183632	hsa-miR-380-3p	MIMAT0000735	0.995716223387605
216	GJC1	ENSG00000182963	hsa-miR-137-3p	MIMAT0000429	0.99570452423438
217	MAP3K14	ENSG00000006062	hsa-miR-137-3p	MIMAT0000429	0.995616073690656
218	ACOT11	ENSG00000162390	hsa-miR-329-5p	MIMAT0026555	0.995614875744006
219	ZNF148	ENSG00000163848	hsa-miR-137-3p	MIMAT0000429	0.995610494558558
220	TRIM36	ENSG00000152503	hsa-miR-3618	MIMAT0017998	0.995552703156633
221	RIC8B	ENSG00000111785	hsa-miR-137-3p	MIMAT0000429	0.99553583189373
222	ZBTB20	ENSG00000181722	hsa-miR-4496	MIMAT0019031	0.995527130144927
223	MORC3	ENSG00000159256	hsa-miR-542-3p	MIMAT0003389	0.995509784172849
224	RORA	ENSG00000069667	hsa-miR-137-3p	MIMAT0000429	0.995448799005118
225	ILF3	ENSG00000129351	hsa-miR-3618	MIMAT0017998	0.995399357026276
226	EGR2	ENSG00000122877	hsa-miR-3618	MIMAT0017998	0.995346592066816
227	MARCKS	ENSG00000277443	hsa-miR-148a-5p	MIMAT0004549	0.995328914605493
228	NEFH	ENSG00000100285	hsa-miR-137-3p	MIMAT0000429	0.995288934446959
229	MYB	ENSG00000118513	hsa-miR-7154-5p	MIMAT0028218	0.99520900928411
230	LBX1	ENSG00000138136	hsa-miR-137-3p	MIMAT0000429	0.995208739070789
231	PTER	ENSG00000165983	hsa-miR-380-3p	MIMAT0000735	0.995208045802762
232	ZNF704	ENSG00000164684	hsa-miR-7154-5p	MIMAT0028218	0.995185135434729
233	DDI2	ENSG00000197312	hsa-miR-542-3p	MIMAT0003389	0.995115467430098
234	ZBTB26	ENSG00000171448	hsa-miR-4496	MIMAT0019031	0.995073509902691
235	CUX2	ENSG00000111249	hsa-miR-5007-5p	MIMAT0021035	0.995053279917856
236	TAF7L	ENSG00000102387	hsa-miR-137-3p	MIMAT0000429	0.994996698859411
237	PURA	ENSG00000185129	hsa-miR-4496	MIMAT0019031	0.994987973650952
238	CUL3	ENSG00000036257	hsa-miR-3618	MIMAT0017998	0.994961399786174
239	MDGA2	ENSG00000139915	hsa-miR-329-5p	MIMAT0026555	0.994938868072798
240	PCDH9	ENSG00000184226	hsa-miR-1252-3p	MIMAT0026744	0.994920973722486
241	KCNAB3	ENSG00000170049	hsa-miR-137-3p	MIMAT0000429	0.994894031116136
242	FOXN3	ENSG00000053254	hsa-miR-137-3p	MIMAT0000429	0.994835247916018
243	KIF13B	ENSG00000197892	hsa-miR-5007-5p	MIMAT0021035	0.994773826615597
244	ZFY	ENSG00000067646	hsa-miR-380-3p	MIMAT0000735	0.994772000148282
245	GDAP2	ENSG00000196505	hsa-miR-4496	MIMAT0019031	0.994766744963162
246	ALDH1A2	ENSG00000128918	hsa-miR-137-3p	MIMAT0000429	0.994723039654691
247	CUX1	ENSG00000257923	hsa-miR-137-3p	MIMAT0000429	0.994702277179721
248	TP53TG3D	ENSG00000205456	hsa-miR-380-3p	MIMAT0000735	0.99468366993349
249	PAQR3	ENSG00000163291	hsa-miR-137-3p	MIMAT0000429	0.994672961198658
250	UBR3	ENSG00000144357	hsa-miR-148a-5p	MIMAT0004549	0.994666173454654
251	IPMK	ENSG00000151151	hsa-miR-7154-5p	MIMAT0028218	0.994644915157545
252	PDPN	ENSG00000162493	hsa-miR-3618	MIMAT0017998	0.994622584593717
253	PALM2AKAP2	ENSG00000157654	hsa-miR-4496	MIMAT0019031	0.994528288719725
254	GDF11	ENSG00000135414	hsa-miR-6780a-3p	MIMAT0027461	0.994525262623411
255	TBC1D1	ENSG00000065882	hsa-miR-137-3p	MIMAT0000429	0.994501193440967
256	UBN2	ENSG00000157741	hsa-miR-137-3p	MIMAT0000429	0.994497566197635
257	CHD4	ENSG00000111642	hsa-miR-4496	MIMAT0019031	0.994486525197291
258	GABRA2	ENSG00000151834	hsa-miR-7154-5p	MIMAT0028218	0.994469249589089
259	RNF11	ENSG00000123091	hsa-miR-4496	MIMAT0019031	0.99440463107846
260	ZBTB20	ENSG00000181722	hsa-miR-6780a-3p	MIMAT0027461	0.994320503131907
261	PLCB4	ENSG00000101333	hsa-miR-4496	MIMAT0019031	0.994298007057716
262	PTPN11	ENSG00000179295	hsa-miR-3618	MIMAT0017998	0.994296660334335
263	CNTN3	ENSG00000113805	hsa-miR-7154-5p	MIMAT0028218	0.994285000532715
264	C1orf141	ENSG00000203963	hsa-miR-7154-5p	MIMAT0028218	0.994262141502953
265	SYT9	ENSG00000170743	hsa-miR-4496	MIMAT0019031	0.994257460092155
266	ATP11C	ENSG00000101974	hsa-miR-380-3p	MIMAT0000735	0.994171831997381
267	SLC17A6	ENSG00000091664	hsa-miR-137-3p	MIMAT0000429	0.994122931574744
268	MRPL42	ENSG00000198015	hsa-miR-1252-3p	MIMAT0026744	0.994115741222192
269	METTL9	ENSG00000197006	hsa-miR-137-3p	MIMAT0000429	0.99408846185208
270	UBE2G1	ENSG00000132388	hsa-miR-137-3p	MIMAT0000429	0.994028731505909
271	MARCHF7	ENSG00000136536	hsa-miR-137-3p	MIMAT0000429	0.993985884433928
272	XPO1	ENSG00000082898	hsa-miR-1252-3p	MIMAT0026744	0.993949042932419
273	TRIM23	ENSG00000113595	hsa-miR-137-3p	MIMAT0000429	0.993911363352095
274	RBM27	ENSG00000091009	hsa-miR-137-3p	MIMAT0000429	0.993905210909949
275	USP15	ENSG00000135655	hsa-miR-1252-3p	MIMAT0026744	0.993868554895445
276	SLC35A3	ENSG00000117620	hsa-miR-1252-3p	MIMAT0026744	0.993862977956317
277	NCOA3	ENSG00000124151	hsa-miR-137-3p	MIMAT0000429	0.993853848174874
278	EFR3A	ENSG00000132294	hsa-miR-137-3p	MIMAT0000429	0.993847747193681
279	TMEM212	ENSG00000186329	hsa-miR-148a-5p	MIMAT0004549	0.993817994998024
280	DEPP1	ENSG00000165507	hsa-miR-542-3p	MIMAT0003389	0.993687432228322
281	NR2C1	ENSG00000120798	hsa-miR-212-5p	MIMAT0022695	0.993603865447692
282	ESRRA	ENSG00000173153	hsa-miR-5007-5p	MIMAT0021035	0.993538049053791
283	JADE1	ENSG00000077684	hsa-miR-380-3p	MIMAT0000735	0.993536075228616
284	PWWP2A	ENSG00000170234	hsa-miR-137-3p	MIMAT0000429	0.993499819427053
285	SH3TC2	ENSG00000169247	hsa-miR-1252-3p	MIMAT0026744	0.993497019064359
286	TCF4	ENSG00000196628	hsa-miR-137-3p	MIMAT0000429	0.993460112724724
287	ST8SIA4	ENSG00000113532	hsa-miR-7154-5p	MIMAT0028218	0.993456891756861
288	NFAT5	ENSG00000102908	hsa-miR-4496	MIMAT0019031	0.993439039410337
289	TMEM229B	ENSG00000198133	hsa-miR-137-3p	MIMAT0000429	0.993379513976086
290	TLL2	ENSG00000095587	hsa-miR-7154-5p	MIMAT0028218	0.993352185957599
291	CDK13	ENSG00000065883	hsa-miR-1252-3p	MIMAT0026744	0.993324715610265
292	ZFHX4	ENSG00000091656	hsa-miR-148a-5p	MIMAT0004549	0.993318302263817
293	MAPK6	ENSG00000069956	hsa-miR-7154-5p	MIMAT0028218	0.993304535562851
294	FAM237B	ENSG00000283267	hsa-miR-380-3p	MIMAT0000735	0.993291221735821
295	TRIM36	ENSG00000152503	hsa-miR-380-3p	MIMAT0000735	0.993253515039837
296	GUCY1A2	ENSG00000152402	hsa-miR-1252-3p	MIMAT0026744	0.9932189104766
297	NPFFR1	ENSG00000148734	hsa-miR-542-3p	MIMAT0003389	0.99306426333043
298	PUM2	ENSG00000055917	hsa-miR-542-3p	MIMAT0003389	0.99305653751009
299	IPMK	ENSG00000151151	hsa-miR-380-3p	MIMAT0000735	0.993050539628278
300	SLC4A7	ENSG00000033867	hsa-miR-137-3p	MIMAT0000429	0.99304087906925
301	CEP192	ENSG00000101639	hsa-miR-6780a-3p	MIMAT0027461	0.99302879176348
302	MAPK8	ENSG00000107643	hsa-miR-7154-5p	MIMAT0028218	0.992999662038655
303	FRMD4B	ENSG00000114541	hsa-miR-7154-5p	MIMAT0028218	0.992995574620897
304	PGAP1	ENSG00000197121	hsa-miR-1252-3p	MIMAT0026744	0.992965989793499
305	ITGA1	ENSG00000213949	hsa-miR-1252-3p	MIMAT0026744	0.992947654183241
306	GSTM2	ENSG00000213366	hsa-miR-4496	MIMAT0019031	0.992946801287182
307	KAT6B	ENSG00000156650	hsa-miR-7154-5p	MIMAT0028218	0.992904489045069
308	PITPNA	ENSG00000174238	hsa-miR-137-3p	MIMAT0000429	0.992890061622502
309	DHX15	ENSG00000109606	hsa-miR-3618	MIMAT0017998	0.992829610014331
310	DEFA6	ENSG00000164822	hsa-miR-4496	MIMAT0019031	0.992764166268371
311	CNTN5	ENSG00000149972	hsa-miR-7154-5p	MIMAT0028218	0.992643029815281
312	BCLAF3	ENSG00000173681	hsa-miR-148a-5p	MIMAT0004549	0.992584768149556
313	MRGBP	ENSG00000101189	hsa-miR-137-3p	MIMAT0000429	0.992554458281581
314	SUN2	ENSG00000100242	hsa-miR-542-3p	MIMAT0003389	0.992540210202625
315	DDIT4	ENSG00000168209	hsa-miR-7154-5p	MIMAT0028218	0.992532879388624
316	ARHGEF18	ENSG00000104880	hsa-miR-137-3p	MIMAT0000429	0.992486591828185
317	PCDH9	ENSG00000184226	hsa-miR-380-3p	MIMAT0000735	0.992484165343163
318	SIPA1L2	ENSG00000116991	hsa-miR-137-3p	MIMAT0000429	0.992432271187738
319	CEP128	ENSG00000100629	hsa-miR-137-3p	MIMAT0000429	0.992432162177804
320	ZNF462	ENSG00000148143	hsa-miR-212-5p	MIMAT0022695	0.992403672034167
321	ACAP2	ENSG00000114331	hsa-miR-7154-5p	MIMAT0028218	0.992380666260834
322	BCOR	ENSG00000183337	hsa-miR-380-3p	MIMAT0000735	0.992341448815126
323	DCX	ENSG00000077279	hsa-miR-1252-3p	MIMAT0026744	0.992331887918096
324	NFIA	ENSG00000162599	hsa-miR-7154-5p	MIMAT0028218	0.992299670548945
325	HLF	ENSG00000108924	hsa-miR-4496	MIMAT0019031	0.992265564975149
326	CHD7	ENSG00000171316	hsa-miR-137-3p	MIMAT0000429	0.992246239823911
327	GRIP1	ENSG00000155974	hsa-miR-137-3p	MIMAT0000429	0.992200524915878
328	VASH2	ENSG00000143494	hsa-miR-7154-5p	MIMAT0028218	0.992197565035478
329	HERPUD2	ENSG00000122557	hsa-miR-137-3p	MIMAT0000429	0.992181379484891
330	NAB1	ENSG00000138386	hsa-miR-212-5p	MIMAT0022695	0.992156203164435
331	ABHD5	ENSG00000011198	hsa-miR-137-3p	MIMAT0000429	0.992149941660449
332	ELAVL2	ENSG00000107105	hsa-miR-542-3p	MIMAT0003389	0.992124722991796
333	SMCR8	ENSG00000176994	hsa-miR-3618	MIMAT0017998	0.99212180287342
334	POLR2J3	ENSG00000285437	hsa-miR-6861-5p	MIMAT0027623	0.992100664110415
335	POLR2J2	ENSG00000228049	hsa-miR-6861-5p	MIMAT0027623	0.992072386814908
336	PIAS2	ENSG00000078043	hsa-miR-137-3p	MIMAT0000429	0.992070461411239
337	SPRED1	ENSG00000166068	hsa-miR-380-3p	MIMAT0000735	0.991999275441539
338	SLITRK4	ENSG00000179542	hsa-miR-3618	MIMAT0017998	0.991961548356919
339	GRSF1	ENSG00000132463	hsa-miR-1252-3p	MIMAT0026744	0.991927136954121
340	RC3H1	ENSG00000135870	hsa-miR-380-3p	MIMAT0000735	0.991916315244652
341	YPEL5	ENSG00000119801	hsa-miR-542-3p	MIMAT0003389	0.99188606179592
342	CLEC16A	ENSG00000038532	hsa-miR-137-3p	MIMAT0000429	0.991832822458674
343	SH3TC1	ENSG00000125089	hsa-miR-137-3p	MIMAT0000429	0.991823678141665
344	CEP135	ENSG00000174799	hsa-miR-7154-5p	MIMAT0028218	0.991799366870506
345	ADAM20	ENSG00000134007	hsa-miR-137-3p	MIMAT0000429	0.991674486238176
346	RSKR	ENSG00000167524	hsa-miR-137-3p	MIMAT0000429	0.991624617032755
347	LRRC7	ENSG00000033122	hsa-miR-137-3p	MIMAT0000429	0.991615813888243
348	HIPK3	ENSG00000110422	hsa-miR-3618	MIMAT0017998	0.991612082410751
349	FMNL2	ENSG00000157827	hsa-miR-137-3p	MIMAT0000429	0.991601583679419
350	C12orf45	ENSG00000151131	hsa-miR-1252-3p	MIMAT0026744	0.991581836374164
351	KDM3B	ENSG00000120733	hsa-miR-7154-5p	MIMAT0028218	0.991577323704735
352	ERBIN	ENSG00000112851	hsa-miR-7154-5p	MIMAT0028218	0.991573650081948
353	TLCD4	ENSG00000152078	hsa-miR-137-3p	MIMAT0000429	0.991541498380402
354	HIPK3	ENSG00000110422	hsa-miR-542-3p	MIMAT0003389	0.991510965471254
355	PRDM1	ENSG00000057657	hsa-miR-137-3p	MIMAT0000429	0.991428626107982
356	FAM76B	ENSG00000077458	hsa-miR-137-3p	MIMAT0000429	0.991418420665855
357	LIMCH1	ENSG00000064042	hsa-miR-137-3p	MIMAT0000429	0.991401522747963
358	MMACHC	ENSG00000132763	hsa-miR-5007-5p	MIMAT0021035	0.991378616745157
359	CCNG2	ENSG00000138764	hsa-miR-137-3p	MIMAT0000429	0.991275885263035
360	EML6	ENSG00000214595	hsa-miR-380-3p	MIMAT0000735	0.991237396937858
361	DYRK2	ENSG00000127334	hsa-miR-1252-3p	MIMAT0026744	0.991173851959038
362	SYT1	ENSG00000067715	hsa-miR-4496	MIMAT0019031	0.991110188679716
363	NRG2	ENSG00000158458	hsa-miR-137-3p	MIMAT0000429	0.991068190551831
364	C5orf24	ENSG00000181904	hsa-miR-7154-5p	MIMAT0028218	0.991024597210777
365	SLC4A4	ENSG00000080493	hsa-miR-148a-5p	MIMAT0004549	0.990985428538414
366	SOX11	ENSG00000176887	hsa-miR-6780a-3p	MIMAT0027461	0.990920055425117
367	SYT1	ENSG00000067715	hsa-miR-137-3p	MIMAT0000429	0.990892231805609
368	SMURF2	ENSG00000108854	hsa-miR-137-3p	MIMAT0000429	0.990863632455991
369	BEND6	ENSG00000151917	hsa-miR-1288-5p	MIMAT0026743	0.990856648384035
370	NPNT	ENSG00000168743	hsa-miR-5007-5p	MIMAT0021035	0.990845533731634
371	UHRF1BP1L	ENSG00000111647	hsa-miR-7154-5p	MIMAT0028218	0.990773862194783
372	XKR4	ENSG00000206579	hsa-miR-1252-3p	MIMAT0026744	0.990740684456115
373	CAPRIN2	ENSG00000110888	hsa-miR-148a-5p	MIMAT0004549	0.990731377550543
374	GALNT5	ENSG00000136542	hsa-miR-380-3p	MIMAT0000735	0.990684534304008
375	TMSB15B	ENSG00000158427	hsa-miR-137-3p	MIMAT0000429	0.990570406407066
376	CNTD1	ENSG00000176563	hsa-miR-542-3p	MIMAT0003389	0.9905394260049
377	OR8A1	ENSG00000196119	hsa-miR-4496	MIMAT0019031	0.990538404591172
378	SS18	ENSG00000141380	hsa-miR-137-3p	MIMAT0000429	0.990537161896012
379	CCNG2	ENSG00000138764	hsa-miR-4496	MIMAT0019031	0.990512113823936
380	FGF8	ENSG00000107831	hsa-miR-7154-5p	MIMAT0028218	0.990490836097579
381	MYH9	ENSG00000100345	hsa-miR-542-3p	MIMAT0003389	0.99044745512271
382	DNAI4	ENSG00000152763	hsa-miR-4496	MIMAT0019031	0.990387606882059
383	CALCOCO1	ENSG00000012822	hsa-miR-137-3p	MIMAT0000429	0.990267497055003
384	POU2F1	ENSG00000143190	hsa-miR-1252-3p	MIMAT0026744	0.990228384545942
385	PDE5A	ENSG00000138735	hsa-miR-4496	MIMAT0019031	0.990224964267612
386	ADAM22	ENSG00000008277	hsa-miR-4496	MIMAT0019031	0.99022298677222
387	BEND4	ENSG00000188848	hsa-miR-1252-3p	MIMAT0026744	0.990220491458118
388	GLIS2	ENSG00000126603	hsa-miR-137-3p	MIMAT0000429	0.99021756082839
389	JADE2	ENSG00000043143	hsa-miR-542-3p	MIMAT0003389	0.990108548357059
390	FRMD7	ENSG00000165694	hsa-miR-7154-5p	MIMAT0028218	0.990086895573895
391	MSI2	ENSG00000153944	hsa-miR-137-3p	MIMAT0000429	0.99003669624428
392	ADAM9	ENSG00000168615	hsa-miR-137-3p	MIMAT0000429	0.990028735899608
393	EFNA3	ENSG00000143590	hsa-miR-137-3p	MIMAT0000429	0.99002742135536
394	DCAF5	ENSG00000139990	hsa-miR-6780a-3p	MIMAT0027461	0.990013706716966
395	PRKAA1	ENSG00000132356	hsa-miR-137-3p	MIMAT0000429	0.989977539475326
396	PPARGC1A	ENSG00000109819	hsa-miR-137-3p	MIMAT0000429	0.989975700775941
397	PHTF2	ENSG00000006576	hsa-miR-137-3p	MIMAT0000429	0.989932534518863
398	ARIH1	ENSG00000166233	hsa-miR-1252-3p	MIMAT0026744	0.989909432636125
399	ERVFRD-1	ENSG00000244476	hsa-miR-7154-5p	MIMAT0028218	0.989875547558249
400	MGAT4C	ENSG00000182050	hsa-miR-137-3p	MIMAT0000429	0.989867798055565
401	SHROOM2	ENSG00000146950	hsa-miR-137-3p	MIMAT0000429	0.989802688971902
402	VWA5A	ENSG00000110002	hsa-miR-7154-5p	MIMAT0028218	0.989776074907813
403	RBM24	ENSG00000112183	hsa-miR-3618	MIMAT0017998	0.98969128038022
404	RNASE6	ENSG00000169413	hsa-miR-137-3p	MIMAT0000429	0.989673113340204
405	SEZ6L2	ENSG00000174938	hsa-miR-137-3p	MIMAT0000429	0.989657518278841
406	CELF1	ENSG00000149187	hsa-miR-6780a-3p	MIMAT0027461	0.989644090493401
407	SLC7A11	ENSG00000151012	hsa-miR-380-3p	MIMAT0000735	0.98956532439397
408	IKZF3	ENSG00000161405	hsa-miR-4496	MIMAT0019031	0.989516746811824
409	SLITRK5	ENSG00000165300	hsa-miR-4496	MIMAT0019031	0.989508510172687
410	AFF4	ENSG00000072364	hsa-miR-3618	MIMAT0017998	0.989477710978367
411	OR4K13	ENSG00000176253	hsa-miR-380-3p	MIMAT0000735	0.989437671302067
412	EBF3	ENSG00000108001	hsa-miR-7154-5p	MIMAT0028218	0.989418578996642
413	RBBP5	ENSG00000117222	hsa-miR-1252-3p	MIMAT0026744	0.989405348476762
414	SPATA16	ENSG00000144962	hsa-miR-137-3p	MIMAT0000429	0.989298230359482
415	KCNQ3	ENSG00000184156	hsa-miR-3618	MIMAT0017998	0.989291064835198
416	SLC25A5	ENSG00000005022	hsa-miR-137-3p	MIMAT0000429	0.989287654739527
417	PCDHA10	ENSG00000250120	hsa-miR-7154-5p	MIMAT0028218	0.989203183379756
418	MSI1	ENSG00000135097	hsa-miR-137-3p	MIMAT0000429	0.98916539252968
419	FKBP4	ENSG00000004478	hsa-miR-137-3p	MIMAT0000429	0.989033809411836
420	AL583836.1	ENSG00000276490	hsa-miR-6780a-3p	MIMAT0027461	0.989016247121411
421	SCRT1	ENSG00000261678	hsa-miR-137-3p	MIMAT0000429	0.988980388377533
422	NDUFA5	ENSG00000128609	hsa-miR-380-3p	MIMAT0000735	0.988960814850532
423	SLC8A1	ENSG00000183023	hsa-miR-6780a-3p	MIMAT0027461	0.988909548154556
424	SLC46A3	ENSG00000139508	hsa-miR-137-3p	MIMAT0000429	0.988871544741825
425	DOCK9	ENSG00000088387	hsa-miR-380-3p	MIMAT0000735	0.988843611645823
426	FAM78A	ENSG00000126882	hsa-miR-137-3p	MIMAT0000429	0.98878989190287
427	YWHAG	ENSG00000170027	hsa-miR-4496	MIMAT0019031	0.988742122657356
428	SCN1A	ENSG00000144285	hsa-miR-1252-3p	MIMAT0026744	0.988717606044109
429	MTFMT	ENSG00000103707	hsa-miR-380-3p	MIMAT0000735	0.988670223663029
430	SLC6A15	ENSG00000072041	hsa-miR-380-3p	MIMAT0000735	0.988654844422002
431	KCND2	ENSG00000184408	hsa-miR-380-3p	MIMAT0000735	0.988607468395942
432	NAA15	ENSG00000164134	hsa-miR-137-3p	MIMAT0000429	0.988599640307789
433	RTF1	ENSG00000137815	hsa-miR-5007-5p	MIMAT0021035	0.988597206645862
434	OSR2	ENSG00000164920	hsa-miR-1252-3p	MIMAT0026744	0.988557191976451
435	CYRIA	ENSG00000197872	hsa-miR-380-3p	MIMAT0000735	0.988537233607534
436	DSC2	ENSG00000134755	hsa-miR-4496	MIMAT0019031	0.988517189232026
437	RCOR2	ENSG00000167771	hsa-miR-137-3p	MIMAT0000429	0.98840855205238
438	AKAP10	ENSG00000108599	hsa-miR-137-3p	MIMAT0000429	0.988397633009418
439	GIMAP2	ENSG00000106560	hsa-miR-380-3p	MIMAT0000735	0.988352198259198
440	SMAD2	ENSG00000175387	hsa-miR-148a-5p	MIMAT0004549	0.988314832734518
441	SMURF2	ENSG00000108854	hsa-miR-542-3p	MIMAT0003389	0.98829101007413
442	HIPK2	ENSG00000064393	hsa-miR-148a-5p	MIMAT0004549	0.988254349800963
443	MAT2B	ENSG00000038274	hsa-miR-7154-5p	MIMAT0028218	0.988242000686015
444	SLAIN1	ENSG00000139737	hsa-miR-5007-5p	MIMAT0021035	0.988200907809015
445	AC242842.3	ENSG00000286185	hsa-miR-1252-3p	MIMAT0026744	0.98819166208076
446	APPL1	ENSG00000157500	hsa-miR-148a-5p	MIMAT0004549	0.988159813601371
447	NTN4	ENSG00000074527	hsa-miR-3618	MIMAT0017998	0.988069390582192
448	SNX19	ENSG00000120451	hsa-miR-4496	MIMAT0019031	0.988062496265263
449	B4GALT6	ENSG00000118276	hsa-miR-380-3p	MIMAT0000735	0.988032870436579
450	TP53TG3B	ENSG00000261509	hsa-miR-380-3p	MIMAT0000735	0.987964118458267
451	AMY2B	ENSG00000240038	hsa-miR-6780a-3p	MIMAT0027461	0.987963372582582
452	INO80C	ENSG00000153391	hsa-miR-380-3p	MIMAT0000735	0.98793464623277
453	REV3L	ENSG00000009413	hsa-miR-542-3p	MIMAT0003389	0.987902665743377
454	MAD2L1	ENSG00000164109	hsa-miR-6780a-3p	MIMAT0027461	0.987893251541077
455	NRIP1	ENSG00000180530	hsa-miR-7154-5p	MIMAT0028218	0.987875381446209
456	C9orf85	ENSG00000155621	hsa-miR-137-3p	MIMAT0000429	0.987840706775743
457	PDIA6	ENSG00000143870	hsa-miR-542-3p	MIMAT0003389	0.987811741565751
458	TSHZ2	ENSG00000182463	hsa-miR-542-3p	MIMAT0003389	0.987783406087367
459	CST6	ENSG00000175315	hsa-miR-542-3p	MIMAT0003389	0.987745136089892
460	FGF11	ENSG00000161958	hsa-miR-137-3p	MIMAT0000429	0.98767875497557
461	C11orf87	ENSG00000185742	hsa-miR-4496	MIMAT0019031	0.987669447180462
462	LTN1	ENSG00000198862	hsa-miR-380-3p	MIMAT0000735	0.987661911382482
463	HTR2C	ENSG00000147246	hsa-miR-137-3p	MIMAT0000429	0.98764060926906
464	DUSP5	ENSG00000138166	hsa-miR-137-3p	MIMAT0000429	0.987631169426809
465	LMBRD2	ENSG00000164187	hsa-miR-380-3p	MIMAT0000735	0.98761635772807
466	NAV3	ENSG00000067798	hsa-miR-4496	MIMAT0019031	0.98761625541958
467	VBP1	ENSG00000155959	hsa-miR-7154-5p	MIMAT0028218	0.987564048909459
468	ZBTB37	ENSG00000185278	hsa-miR-4496	MIMAT0019031	0.987553106783653
469	DENND4A	ENSG00000174485	hsa-miR-5007-5p	MIMAT0021035	0.987517086099489
470	PPP6R2	ENSG00000100239	hsa-miR-137-3p	MIMAT0000429	0.987491242938242
471	MEX3C	ENSG00000176624	hsa-miR-212-5p	MIMAT0022695	0.98739160765489
472	TTN	ENSG00000155657	hsa-miR-542-3p	MIMAT0003389	0.987391583874391
473	C6orf62	ENSG00000112308	hsa-miR-148a-5p	MIMAT0004549	0.987357256498532
474	C10orf88	ENSG00000119965	hsa-miR-380-3p	MIMAT0000735	0.987342471489546
475	SGCG	ENSG00000102683	hsa-miR-137-3p	MIMAT0000429	0.987318830834253
476	RSBN1L	ENSG00000187257	hsa-miR-7154-5p	MIMAT0028218	0.98723554152273
477	ZMAT4	ENSG00000165061	hsa-miR-137-3p	MIMAT0000429	0.987230416724328
478	RORA	ENSG00000069667	hsa-miR-380-3p	MIMAT0000735	0.987196029440815
479	SLC30A6	ENSG00000152683	hsa-miR-7154-5p	MIMAT0028218	0.987147754921129
480	DOCK4	ENSG00000128512	hsa-miR-4496	MIMAT0019031	0.98705269879985
481	SMAD2	ENSG00000175387	hsa-miR-329-5p	MIMAT0026555	0.986915869271643
482	FXYD6	ENSG00000137726	hsa-miR-137-3p	MIMAT0000429	0.986889386314206
483	NLK	ENSG00000087095	hsa-miR-6861-5p	MIMAT0027623	0.986878434253907
484	SYT14	ENSG00000143469	hsa-miR-380-3p	MIMAT0000735	0.986869196181746
485	GCSH	ENSG00000140905	hsa-miR-7154-5p	MIMAT0028218	0.986782221551904
486	DUSP4	ENSG00000120875	hsa-miR-137-3p	MIMAT0000429	0.986761114482662
487	LAMP3	ENSG00000078081	hsa-miR-4496	MIMAT0019031	0.986733978450628
488	KCNK10	ENSG00000100433	hsa-miR-380-3p	MIMAT0000735	0.986636649457826
489	CD2AP	ENSG00000198087	hsa-miR-137-3p	MIMAT0000429	0.986560502395053
490	SRSF10	ENSG00000188529	hsa-miR-1252-3p	MIMAT0026744	0.986540722817377
491	RFX3	ENSG00000080298	hsa-miR-148a-5p	MIMAT0004549	0.986510503625935
492	RNF145	ENSG00000145860	hsa-miR-3618	MIMAT0017998	0.986476429139374
493	COBL	ENSG00000106078	hsa-miR-212-5p	MIMAT0022695	0.986466122894795
494	NRXN1	ENSG00000179915	hsa-miR-380-3p	MIMAT0000735	0.986434888387232
495	NUTM2G	ENSG00000188152	hsa-miR-3618	MIMAT0017998	0.986388578302093
496	KLF12	ENSG00000118922	hsa-miR-1252-3p	MIMAT0026744	0.986360417004
497	COL25A1	ENSG00000188517	hsa-miR-380-3p	MIMAT0000735	0.986324820820412
498	GYPA	ENSG00000170180	hsa-miR-380-3p	MIMAT0000735	0.986311132656223
499	GABRA6	ENSG00000145863	hsa-miR-137-3p	MIMAT0000429	0.986284970386278
500	EDIL3	ENSG00000164176	hsa-miR-137-3p	MIMAT0000429	0.986196115742626
501	DGKH	ENSG00000102780	hsa-miR-380-3p	MIMAT0000735	0.986189793354339
502	CXCL5	ENSG00000163735	hsa-miR-380-3p	MIMAT0000735	0.986189600446467
503	SNAPC5	ENSG00000174446	hsa-miR-3618	MIMAT0017998	0.986166013809779
504	TIAL1	ENSG00000151923	hsa-miR-7154-5p	MIMAT0028218	0.986130482302027
505	MRPL52	ENSG00000172590	hsa-miR-7154-5p	MIMAT0028218	0.986120580892148
506	UFSP2	ENSG00000109775	hsa-miR-380-3p	MIMAT0000735	0.985990015162764
507	NEUROD2	ENSG00000171532	hsa-miR-137-3p	MIMAT0000429	0.985987893121161
508	PTPN13	ENSG00000163629	hsa-miR-7154-5p	MIMAT0028218	0.985987167021097
509	SEC22B	ENSG00000265808	hsa-miR-1252-3p	MIMAT0026744	0.985974550276269
510	RPS6KA5	ENSG00000100784	hsa-miR-4496	MIMAT0019031	0.9859398918464
511	SPDYE3	ENSG00000214300	hsa-miR-380-3p	MIMAT0000735	0.985834732119622
512	ERVH48-1	ENSG00000233056	hsa-miR-6780a-3p	MIMAT0027461	0.985815456418502
513	SLC8A1	ENSG00000183023	hsa-miR-137-3p	MIMAT0000429	0.985733077488509
514	NCK1	ENSG00000158092	hsa-miR-137-3p	MIMAT0000429	0.98572136485975
515	RGPD1	ENSG00000187627	hsa-miR-380-3p	MIMAT0000735	0.985708176296845
516	FBLN2	ENSG00000163520	hsa-miR-6780a-3p	MIMAT0027461	0.985647534988564
517	ONECUT2	ENSG00000119547	hsa-miR-1252-3p	MIMAT0026744	0.985630030231158
518	SCN1A	ENSG00000144285	hsa-miR-7154-5p	MIMAT0028218	0.985619787177431
519	KIAA1109	ENSG00000138688	hsa-miR-3618	MIMAT0017998	0.985585231019639
520	PRKAB2	ENSG00000131791	hsa-miR-137-3p	MIMAT0000429	0.985529120651862
521	PIP5KL1	ENSG00000167103	hsa-miR-137-3p	MIMAT0000429	0.985508990753354
522	ZNF573	ENSG00000189144	hsa-miR-329-5p	MIMAT0026555	0.985486087064706
523	NCK2	ENSG00000071051	hsa-miR-6861-5p	MIMAT0027623	0.985399078904113
524	RC3H1	ENSG00000135870	hsa-miR-148a-5p	MIMAT0004549	0.985375074337851
525	ATOX1	ENSG00000177556	hsa-miR-5007-5p	MIMAT0021035	0.985315863400232
526	PAFAH1B2	ENSG00000168092	hsa-miR-212-5p	MIMAT0022695	0.985314346571938
527	FURIN	ENSG00000140564	hsa-miR-137-3p	MIMAT0000429	0.985235764525097
528	ANTXR2	ENSG00000163297	hsa-miR-3618	MIMAT0017998	0.985178099001304
529	ABCC9	ENSG00000069431	hsa-miR-380-3p	MIMAT0000735	0.985169179196002
530	TMEM33	ENSG00000109133	hsa-miR-380-3p	MIMAT0000735	0.985124310326237
531	NUCKS1	ENSG00000069275	hsa-miR-137-3p	MIMAT0000429	0.985124085492529
532	MLLT3	ENSG00000171843	hsa-miR-380-3p	MIMAT0000735	0.985111842511503
533	LGI3	ENSG00000168481	hsa-miR-137-3p	MIMAT0000429	0.985068480291338
534	EVA1A	ENSG00000115363	hsa-miR-7154-5p	MIMAT0028218	0.985050773694777
535	IQSEC1	ENSG00000144711	hsa-miR-5007-5p	MIMAT0021035	0.985050298530473
536	ZNF148	ENSG00000163848	hsa-miR-4496	MIMAT0019031	0.984896476336382
537	SCAI	ENSG00000173611	hsa-miR-1252-3p	MIMAT0026744	0.984892181996464
538	NRG1	ENSG00000157168	hsa-miR-148a-5p	MIMAT0004549	0.98486306669632
539	FNTA	ENSG00000168522	hsa-miR-137-3p	MIMAT0000429	0.98478262605616
540	SPDYE4	ENSG00000183318	hsa-miR-6780a-3p	MIMAT0027461	0.984677657978456
541	FGF18	ENSG00000156427	hsa-miR-6780a-3p	MIMAT0027461	0.984642338832812
542	ZNF124	ENSG00000196418	hsa-miR-1252-3p	MIMAT0026744	0.984531364415468
543	DDN	ENSG00000181418	hsa-miR-4496	MIMAT0019031	0.984513395561043
544	RWDD4	ENSG00000182552	hsa-miR-7154-5p	MIMAT0028218	0.984509147692295
545	PKIA	ENSG00000171033	hsa-miR-1252-3p	MIMAT0026744	0.984478109542047
546	CFAP300	ENSG00000137691	hsa-miR-380-3p	MIMAT0000735	0.984456739855989
547	ASPH	ENSG00000198363	hsa-miR-1252-3p	MIMAT0026744	0.98443607501918
548	FUT9	ENSG00000172461	hsa-miR-1252-3p	MIMAT0026744	0.984344812908119
549	GLRB	ENSG00000109738	hsa-miR-380-3p	MIMAT0000735	0.984335954972581
550	SMARCD1	ENSG00000066117	hsa-miR-6861-5p	MIMAT0027623	0.984334755154331
551	BOLA2	ENSG00000183336	hsa-miR-380-3p	MIMAT0000735	0.984333772852037
552	LRRC7	ENSG00000033122	hsa-miR-1252-3p	MIMAT0026744	0.984230175061897
553	NAPEPLD	ENSG00000161048	hsa-miR-7154-5p	MIMAT0028218	0.984222825651246
554	UGDH	ENSG00000109814	hsa-miR-380-3p	MIMAT0000735	0.984104281882406
555	MINDY2	ENSG00000128923	hsa-miR-7154-5p	MIMAT0028218	0.984067119609005
556	PLCH1	ENSG00000114805	hsa-miR-7154-5p	MIMAT0028218	0.984056728889736
557	SCRT2	ENSG00000215397	hsa-miR-137-3p	MIMAT0000429	0.984014080894123
558	MED12L	ENSG00000144893	hsa-miR-4496	MIMAT0019031	0.983974059801052
559	CYP46A1	ENSG00000036530	hsa-miR-212-5p	MIMAT0022695	0.98389246879531
560	SRARP	ENSG00000183888	hsa-miR-212-5p	MIMAT0022695	0.983890263410814
561	RNF165	ENSG00000141622	hsa-miR-137-3p	MIMAT0000429	0.983888839371571
562	MTF1	ENSG00000188786	hsa-miR-1252-3p	MIMAT0026744	0.983774920918746
563	PWP1	ENSG00000136045	hsa-miR-7154-5p	MIMAT0028218	0.983762128915432
564	SLC6A5	ENSG00000165970	hsa-miR-1252-3p	MIMAT0026744	0.983750345074015
565	AC019117.3	ENSG00000283321	hsa-miR-212-5p	MIMAT0022695	0.983747438990213
566	KDM3A	ENSG00000115548	hsa-miR-542-3p	MIMAT0003389	0.983747001488562
567	TSPYL1	ENSG00000189241	hsa-miR-4496	MIMAT0019031	0.983709092192546
568	ORMDL2	ENSG00000123353	hsa-miR-6780a-3p	MIMAT0027461	0.98363808693334
569	ASIC1	ENSG00000110881	hsa-miR-5007-5p	MIMAT0021035	0.983567449426607
570	ZNF280C	ENSG00000056277	hsa-miR-380-3p	MIMAT0000735	0.983555111161647
571	MYO1D	ENSG00000176658	hsa-miR-137-3p	MIMAT0000429	0.983472613121391
572	SERPINB8	ENSG00000166401	hsa-miR-542-3p	MIMAT0003389	0.983312174790813
573	MTF1	ENSG00000188786	hsa-miR-137-3p	MIMAT0000429	0.98328406983791
574	PRLR	ENSG00000113494	hsa-miR-4496	MIMAT0019031	0.983226267716758
575	RBM41	ENSG00000089682	hsa-miR-137-3p	MIMAT0000429	0.983202169699192
576	PSG11	ENSG00000243130	hsa-miR-7154-5p	MIMAT0028218	0.983199306501612
577	TMEM170B	ENSG00000205269	hsa-miR-137-3p	MIMAT0000429	0.983149743488353
578	NFYB	ENSG00000120837	hsa-miR-3618	MIMAT0017998	0.983105995987294
579	OPRM1	ENSG00000112038	hsa-miR-4496	MIMAT0019031	0.983078426056905
580	CTTNBP2NL	ENSG00000143079	hsa-miR-137-3p	MIMAT0000429	0.982887060595798
581	HPGD	ENSG00000164120	hsa-miR-3618	MIMAT0017998	0.982839544998683
582	CA8	ENSG00000178538	hsa-miR-380-3p	MIMAT0000735	0.982817220378995
583	MTM1	ENSG00000171100	hsa-miR-7154-5p	MIMAT0028218	0.982807139501502
584	ZBTB20	ENSG00000181722	hsa-miR-1252-3p	MIMAT0026744	0.982784575758183
585	CCDC126	ENSG00000169193	hsa-miR-137-3p	MIMAT0000429	0.98265352978248
586	TSN	ENSG00000211460	hsa-miR-137-3p	MIMAT0000429	0.982607872533389
587	RAB3B	ENSG00000169213	hsa-miR-1252-3p	MIMAT0026744	0.982578368835122
588	IZUMO2	ENSG00000161652	hsa-miR-3618	MIMAT0017998	0.982515707849736
589	ZNF763	ENSG00000197054	hsa-miR-7154-5p	MIMAT0028218	0.982487855341339
590	RBM33	ENSG00000184863	hsa-miR-3618	MIMAT0017998	0.982477023672312
591	RYBP	ENSG00000163602	hsa-miR-7154-5p	MIMAT0028218	0.982472418948698
592	SLC8A1	ENSG00000183023	hsa-miR-4496	MIMAT0019031	0.982461861425272
593	BCAT1	ENSG00000060982	hsa-miR-4496	MIMAT0019031	0.982375780180716
594	SH3BP5	ENSG00000131370	hsa-miR-137-3p	MIMAT0000429	0.982374036731827
595	CSRNP3	ENSG00000178662	hsa-miR-380-3p	MIMAT0000735	0.982324689236737
596	MPRIP	ENSG00000133030	hsa-miR-542-3p	MIMAT0003389	0.982324574180386
597	C22orf42	ENSG00000205856	hsa-miR-380-3p	MIMAT0000735	0.98226423460254
598	DNAJA3	ENSG00000103423	hsa-miR-4496	MIMAT0019031	0.982076653670357
599	CRISPLD1	ENSG00000121005	hsa-miR-380-3p	MIMAT0000735	0.982060197670279
600	SRCIN1	ENSG00000277363	hsa-miR-4496	MIMAT0019031	0.981966498137678
601	PTPRG	ENSG00000144724	hsa-miR-6780a-3p	MIMAT0027461	0.981951647952009
602	OXSR1	ENSG00000172939	hsa-miR-137-3p	MIMAT0000429	0.981937656185526
603	PAIP1	ENSG00000172239	hsa-miR-4496	MIMAT0019031	0.981897064884071
604	NFASC	ENSG00000163531	hsa-miR-137-3p	MIMAT0000429	0.981893726402736
605	GRIN2B	ENSG00000273079	hsa-miR-4496	MIMAT0019031	0.98189195719992
606	KIT	ENSG00000157404	hsa-miR-137-3p	MIMAT0000429	0.981725278578484
607	LAMA4	ENSG00000112769	hsa-miR-380-3p	MIMAT0000735	0.981668572687754
608	RPAP2	ENSG00000122484	hsa-miR-137-3p	MIMAT0000429	0.981634852209788
609	GPM6B	ENSG00000046653	hsa-miR-4496	MIMAT0019031	0.981574140571965
610	CLIC4	ENSG00000169504	hsa-miR-7154-5p	MIMAT0028218	0.98154636408105
611	STK38	ENSG00000112079	hsa-miR-137-3p	MIMAT0000429	0.981517155232932
612	RORA	ENSG00000069667	hsa-miR-7154-5p	MIMAT0028218	0.981515906506244
613	NAB1	ENSG00000138386	hsa-miR-4496	MIMAT0019031	0.981508682634986
614	HDGFL3	ENSG00000166503	hsa-miR-3618	MIMAT0017998	0.98149901401722
615	BICRAL	ENSG00000112624	hsa-miR-1252-3p	MIMAT0026744	0.981491561047818
616	ARHGAP5	ENSG00000100852	hsa-miR-542-3p	MIMAT0003389	0.981486468841252
617	TANC2	ENSG00000170921	hsa-miR-4496	MIMAT0019031	0.981475150141282
618	YY1	ENSG00000100811	hsa-miR-7154-5p	MIMAT0028218	0.981469570792198
619	NTRK3	ENSG00000140538	hsa-miR-1252-3p	MIMAT0026744	0.98143460625515
620	HDAC9	ENSG00000048052	hsa-miR-4496	MIMAT0019031	0.981428932073208
621	RPS6KA5	ENSG00000100784	hsa-miR-1252-3p	MIMAT0026744	0.981401001076689
622	LHX5	ENSG00000089116	hsa-miR-4496	MIMAT0019031	0.981367284584018
623	EVI5	ENSG00000067208	hsa-miR-7154-5p	MIMAT0028218	0.981340191136408
624	ARL6	ENSG00000113966	hsa-miR-7154-5p	MIMAT0028218	0.981294448554125
625	KLF15	ENSG00000163884	hsa-miR-137-3p	MIMAT0000429	0.981264297777308
626	ASAP2	ENSG00000151693	hsa-miR-7154-5p	MIMAT0028218	0.981131807272557
627	LHX9	ENSG00000143355	hsa-miR-380-3p	MIMAT0000735	0.98101346255453
628	FZD3	ENSG00000104290	hsa-miR-1252-3p	MIMAT0026744	0.980978258243184
629	TPD52L1	ENSG00000111907	hsa-miR-542-3p	MIMAT0003389	0.980971711946191
630	AC078815.1	ENSG00000288591	hsa-miR-5007-5p	MIMAT0021035	0.980962122041662
631	H3-3B	ENSG00000132475	hsa-miR-4496	MIMAT0019031	0.980792120780868
632	TTC26	ENSG00000105948	hsa-miR-137-3p	MIMAT0000429	0.980766218541576
633	SMAD2	ENSG00000175387	hsa-miR-380-3p	MIMAT0000735	0.980764558439359
634	CAB39	ENSG00000135932	hsa-miR-1252-3p	MIMAT0026744	0.980721913339636
635	ZNF184	ENSG00000096654	hsa-miR-4496	MIMAT0019031	0.980717144414765
636	RFX3	ENSG00000080298	hsa-miR-380-3p	MIMAT0000735	0.980711748038626
637	BICD1	ENSG00000151746	hsa-miR-3618	MIMAT0017998	0.98062648654202
638	RHOXF2	ENSG00000131721	hsa-miR-137-3p	MIMAT0000429	0.980587666180521
639	FSD1L	ENSG00000106701	hsa-miR-1252-3p	MIMAT0026744	0.980580855049528
640	BRWD3	ENSG00000165288	hsa-miR-1252-3p	MIMAT0026744	0.980527537597013
641	ZFHX4	ENSG00000091656	hsa-miR-7154-5p	MIMAT0028218	0.980493406871201
642	ADGRF4	ENSG00000153294	hsa-miR-4496	MIMAT0019031	0.980429527328993
643	RPS6KA5	ENSG00000100784	hsa-miR-380-3p	MIMAT0000735	0.980423395115457
644	TIMM10B	ENSG00000132286	hsa-miR-6861-5p	MIMAT0027623	0.980337718543867
645	MBNL2	ENSG00000139793	hsa-miR-137-3p	MIMAT0000429	0.980303255578683
646	FLRT2	ENSG00000185070	hsa-miR-7154-5p	MIMAT0028218	0.980277015226131
647	SPOCK3	ENSG00000196104	hsa-miR-3618	MIMAT0017998	0.98027030234209
648	PRRT4	ENSG00000224940	hsa-miR-137-3p	MIMAT0000429	0.980239833028049
649	C16orf46	ENSG00000166455	hsa-miR-137-3p	MIMAT0000429	0.980220578115896
650	ELAVL4	ENSG00000162374	hsa-miR-3618	MIMAT0017998	0.980213949158285
651	NSL1	ENSG00000117697	hsa-miR-1252-3p	MIMAT0026744	0.980205417189404
652	TRIM42	ENSG00000155890	hsa-miR-3618	MIMAT0017998	0.980192630299342
653	PIK3R3	ENSG00000117461	hsa-miR-137-3p	MIMAT0000429	0.980174617905948
654	NYAP2	ENSG00000144460	hsa-miR-3618	MIMAT0017998	0.980092266061903
655	CHD9	ENSG00000177200	hsa-miR-380-3p	MIMAT0000735	0.980070464057143
656	ATP10A	ENSG00000206190	hsa-miR-137-3p	MIMAT0000429	0.97998297577067
657	TOGARAM1	ENSG00000198718	hsa-miR-7154-5p	MIMAT0028218	0.979934933495092
658	GNG5	ENSG00000174021	hsa-miR-7154-5p	MIMAT0028218	0.979932126237633
659	ACAP2	ENSG00000114331	hsa-miR-380-3p	MIMAT0000735	0.979915943059979
660	SLC24A2	ENSG00000155886	hsa-miR-542-3p	MIMAT0003389	0.979758863262579
661	SIX1	ENSG00000126778	hsa-miR-542-3p	MIMAT0003389	0.979698379703548
662	SLC8A1	ENSG00000183023	hsa-miR-1252-3p	MIMAT0026744	0.979675074357347
663	GRAMD2B	ENSG00000155324	hsa-miR-137-3p	MIMAT0000429	0.979647427841149
664	XRN1	ENSG00000114127	hsa-miR-1252-3p	MIMAT0026744	0.979624568949465
665	SCN9A	ENSG00000169432	hsa-miR-7154-5p	MIMAT0028218	0.979594472001557
666	L3MBTL4	ENSG00000154655	hsa-miR-137-3p	MIMAT0000429	0.979553957939097
667	SLC30A1	ENSG00000170385	hsa-miR-1252-3p	MIMAT0026744	0.979517037473567
668	VGLL3	ENSG00000206538	hsa-miR-6780a-3p	MIMAT0027461	0.979508331089242
669	DPH6	ENSG00000134146	hsa-miR-7154-5p	MIMAT0028218	0.979471687303261
670	PPP2R1B	ENSG00000137713	hsa-miR-380-3p	MIMAT0000735	0.979457149232799
671	MYB	ENSG00000118513	hsa-miR-3618	MIMAT0017998	0.979364849234667
672	SIX4	ENSG00000100625	hsa-miR-148a-5p	MIMAT0004549	0.979293325233987
673	METTL16	ENSG00000127804	hsa-miR-6861-5p	MIMAT0027623	0.979237172687404
674	OAS1	ENSG00000089127	hsa-miR-329-5p	MIMAT0026555	0.979197743200774
675	PBX3	ENSG00000167081	hsa-miR-7154-5p	MIMAT0028218	0.979179476669659
676	CCDC88A	ENSG00000115355	hsa-miR-1252-3p	MIMAT0026744	0.979138192786925
677	MEGF10	ENSG00000145794	hsa-miR-148a-5p	MIMAT0004549	0.9790849129867
678	PTPRO	ENSG00000151490	hsa-miR-137-3p	MIMAT0000429	0.979034471170859
679	PDE3A	ENSG00000172572	hsa-miR-137-3p	MIMAT0000429	0.979026995474056
680	MGAT4C	ENSG00000182050	hsa-miR-380-3p	MIMAT0000735	0.979019458554772
681	KLHL28	ENSG00000179454	hsa-miR-1252-3p	MIMAT0026744	0.979000590569594
682	JUN	ENSG00000177606	hsa-miR-212-5p	MIMAT0022695	0.978965398399877
683	IKZF5	ENSG00000095574	hsa-miR-1252-3p	MIMAT0026744	0.978898749433869
684	JAKMIP2	ENSG00000176049	hsa-miR-137-3p	MIMAT0000429	0.978874632328795
685	TMEM154	ENSG00000170006	hsa-miR-4496	MIMAT0019031	0.978818267958249
686	PTPN14	ENSG00000152104	hsa-miR-4496	MIMAT0019031	0.978787006449757
687	TIMM22	ENSG00000177370	hsa-miR-4496	MIMAT0019031	0.978739035413738
688	ADAM23	ENSG00000114948	hsa-miR-148a-5p	MIMAT0004549	0.978619551028236
689	MSH6	ENSG00000116062	hsa-miR-542-3p	MIMAT0003389	0.978589802442172
690	RBM7	ENSG00000076053	hsa-miR-7154-5p	MIMAT0028218	0.978543890397603
691	COPS2	ENSG00000166200	hsa-miR-380-3p	MIMAT0000735	0.978465266679192
692	TBC1D12	ENSG00000108239	hsa-miR-4496	MIMAT0019031	0.978426039274604
693	OSER1	ENSG00000132823	hsa-miR-137-3p	MIMAT0000429	0.978345922878804
694	BPY2C	ENSG00000185894	hsa-miR-6861-5p	MIMAT0027623	0.978312870112904
695	SSH2	ENSG00000141298	hsa-miR-1252-3p	MIMAT0026744	0.978308046364902
696	ZBTB20	ENSG00000181722	hsa-miR-329-5p	MIMAT0026555	0.97827056290571
697	ANKRD52	ENSG00000139645	hsa-miR-137-3p	MIMAT0000429	0.978252857100114
698	HEPACAM2	ENSG00000188175	hsa-miR-380-3p	MIMAT0000735	0.978154637028124
699	CREB1	ENSG00000118260	hsa-miR-1252-3p	MIMAT0026744	0.978096974916699
700	KCNQ3	ENSG00000184156	hsa-miR-4496	MIMAT0019031	0.978035887736661
701	BOLA2	ENSG00000183336	hsa-miR-3618	MIMAT0017998	0.978034710188446
702	RORB	ENSG00000198963	hsa-miR-4496	MIMAT0019031	0.977987561313749
703	SLITRK5	ENSG00000165300	hsa-miR-380-3p	MIMAT0000735	0.977924414927612
704	OPRM1	ENSG00000112038	hsa-miR-1252-3p	MIMAT0026744	0.977853414314333
705	DRGX	ENSG00000165606	hsa-miR-7154-5p	MIMAT0028218	0.977851309959445
706	AKT3	ENSG00000117020	hsa-miR-3618	MIMAT0017998	0.977735273070132
707	CHL1	ENSG00000134121	hsa-miR-148a-5p	MIMAT0004549	0.977690095261946
708	HLTF	ENSG00000071794	hsa-miR-137-3p	MIMAT0000429	0.977666546817706
709	AC242842.3	ENSG00000286185	hsa-miR-329-5p	MIMAT0026555	0.977662441689581
710	SPTLC3	ENSG00000172296	hsa-miR-137-3p	MIMAT0000429	0.977599887691863
711	GNB5	ENSG00000069966	hsa-miR-542-3p	MIMAT0003389	0.977537271658682
712	INSYN2B	ENSG00000204767	hsa-miR-137-3p	MIMAT0000429	0.977521916646237
713	AGPS	ENSG00000018510	hsa-miR-7154-5p	MIMAT0028218	0.977514928208734
714	FYCO1	ENSG00000163820	hsa-miR-542-3p	MIMAT0003389	0.977457869176752
715	ZNF385A	ENSG00000161642	hsa-miR-137-3p	MIMAT0000429	0.977441330554681
716	NKAIN3	ENSG00000185942	hsa-miR-1252-3p	MIMAT0026744	0.977317173846288
717	DPP4	ENSG00000197635	hsa-miR-1252-3p	MIMAT0026744	0.977311605050351
718	PRDM2	ENSG00000116731	hsa-miR-3618	MIMAT0017998	0.977271869910916
719	MRPL46	ENSG00000259494	hsa-miR-4496	MIMAT0019031	0.977269667938114
720	AP5M1	ENSG00000053770	hsa-miR-1252-3p	MIMAT0026744	0.977236554916858
721	CLVS2	ENSG00000146352	hsa-miR-4496	MIMAT0019031	0.977208855156836
722	ZNF462	ENSG00000148143	hsa-miR-6780a-3p	MIMAT0027461	0.977111734860137
723	EIF4E	ENSG00000151247	hsa-miR-380-3p	MIMAT0000735	0.977103058825156
724	PEDS1	ENSG00000240849	hsa-miR-4496	MIMAT0019031	0.977069541636914
725	PPP1R3F	ENSG00000049769	hsa-miR-6861-5p	MIMAT0027623	0.976986651755173
726	TFEC	ENSG00000105967	hsa-miR-7154-5p	MIMAT0028218	0.976951993318855
727	TTL	ENSG00000114999	hsa-miR-137-3p	MIMAT0000429	0.97691301646055
728	MAP2	ENSG00000078018	hsa-miR-1252-3p	MIMAT0026744	0.976875903416288
729	TMEM196	ENSG00000173452	hsa-miR-7154-5p	MIMAT0028218	0.976850085164035
730	CCDC88C	ENSG00000015133	hsa-miR-4496	MIMAT0019031	0.976828355331943
731	CNEP1R1	ENSG00000205423	hsa-miR-137-3p	MIMAT0000429	0.976825774743378
732	FARP1	ENSG00000152767	hsa-miR-1252-3p	MIMAT0026744	0.97679253734336
733	NFAT5	ENSG00000102908	hsa-miR-1252-3p	MIMAT0026744	0.976755531747185
734	TRIM2	ENSG00000109654	hsa-miR-148a-5p	MIMAT0004549	0.976683768391187
735	DGKG	ENSG00000058866	hsa-miR-137-3p	MIMAT0000429	0.976672092070878
736	HABP4	ENSG00000130956	hsa-miR-5007-5p	MIMAT0021035	0.97663492091331
737	RPL23A	ENSG00000198242	hsa-miR-6780a-3p	MIMAT0027461	0.976633579547379
738	PPARGC1B	ENSG00000155846	hsa-miR-1288-5p	MIMAT0026743	0.976589198534123
739	ADAMTSL5	ENSG00000185761	hsa-miR-542-3p	MIMAT0003389	0.97653874769359
740	CGGBP1	ENSG00000163320	hsa-miR-1252-3p	MIMAT0026744	0.976509934425026
741	BRPF1	ENSG00000156983	hsa-miR-1252-3p	MIMAT0026744	0.976461436636625
742	SBSPON	ENSG00000164764	hsa-miR-137-3p	MIMAT0000429	0.976419580161135
743	MAP3K20	ENSG00000091436	hsa-miR-137-3p	MIMAT0000429	0.976282414950668
744	ZNF207	ENSG00000010244	hsa-miR-380-3p	MIMAT0000735	0.976243281832101
745	COCH	ENSG00000100473	hsa-miR-137-3p	MIMAT0000429	0.976190701719305
746	COBLL1	ENSG00000082438	hsa-miR-148a-5p	MIMAT0004549	0.976155623033634
747	SRSF6	ENSG00000124193	hsa-miR-137-3p	MIMAT0000429	0.976140310502203
748	UBE2D2	ENSG00000131508	hsa-miR-380-3p	MIMAT0000735	0.976131837239314
749	VIL1	ENSG00000127831	hsa-miR-1252-3p	MIMAT0026744	0.976118911228973
750	CECR2	ENSG00000099954	hsa-miR-148a-5p	MIMAT0004549	0.976088769416924
751	MACO1	ENSG00000204178	hsa-miR-4496	MIMAT0019031	0.975924261976523
752	STK3	ENSG00000104375	hsa-miR-137-3p	MIMAT0000429	0.97589208142424
753	PAX8	ENSG00000125618	hsa-miR-380-3p	MIMAT0000735	0.975838555097112
754	CLPB	ENSG00000162129	hsa-miR-137-3p	MIMAT0000429	0.9758287173569
755	PURA	ENSG00000185129	hsa-miR-1252-3p	MIMAT0026744	0.975803428102754
756	ZNF324B	ENSG00000249471	hsa-miR-4496	MIMAT0019031	0.975786836534532
757	PARP8	ENSG00000151883	hsa-miR-137-3p	MIMAT0000429	0.975782006509806
758	RNF123	ENSG00000164068	hsa-miR-6780a-3p	MIMAT0027461	0.975757117955605
759	FMN1	ENSG00000248905	hsa-miR-380-3p	MIMAT0000735	0.975707210171215
760	PHIP	ENSG00000146247	hsa-miR-1252-3p	MIMAT0026744	0.975705832524624
761	TSC22D2	ENSG00000196428	hsa-miR-4496	MIMAT0019031	0.975694872994383
762	CDK13	ENSG00000065883	hsa-miR-148a-5p	MIMAT0004549	0.97562025328088
763	MIER1	ENSG00000198160	hsa-miR-7154-5p	MIMAT0028218	0.9756146802379
764	LOX	ENSG00000113083	hsa-miR-380-3p	MIMAT0000735	0.975560028368647
765	LZTS3	ENSG00000088899	hsa-miR-137-3p	MIMAT0000429	0.975518860990222
766	PKHD1L1	ENSG00000205038	hsa-miR-137-3p	MIMAT0000429	0.975510743427313
767	FRS2	ENSG00000166225	hsa-miR-137-3p	MIMAT0000429	0.97543297686937
768	LRMDA	ENSG00000148655	hsa-miR-7154-5p	MIMAT0028218	0.975432121117989
769	ZIC2	ENSG00000043355	hsa-miR-6780a-3p	MIMAT0027461	0.975378133929058
770	CHRNA7	ENSG00000175344	hsa-miR-329-5p	MIMAT0026555	0.975365674155461
771	GPBP1	ENSG00000062194	hsa-miR-1252-3p	MIMAT0026744	0.975347435078251
772	METTL8	ENSG00000123600	hsa-miR-380-3p	MIMAT0000735	0.975299820887371
773	SLITRK5	ENSG00000165300	hsa-miR-7154-5p	MIMAT0028218	0.975276495851826
774	SSR1	ENSG00000124783	hsa-miR-1252-3p	MIMAT0026744	0.975196225353466
775	DIP2C	ENSG00000151240	hsa-miR-137-3p	MIMAT0000429	0.975172766421818
776	NMNAT3	ENSG00000163864	hsa-miR-329-5p	MIMAT0026555	0.975099595002056
777	GABRA1	ENSG00000022355	hsa-miR-137-3p	MIMAT0000429	0.975025178923917
778	NCR3LG1	ENSG00000188211	hsa-miR-6780a-3p	MIMAT0027461	0.974992614644315
779	MSRB3	ENSG00000174099	hsa-miR-137-3p	MIMAT0000429	0.974979403570573
780	PBK	ENSG00000168078	hsa-miR-5007-5p	MIMAT0021035	0.974960568549602
781	PPM1E	ENSG00000175175	hsa-miR-137-3p	MIMAT0000429	0.974917015950706
782	BLOC1S5	ENSG00000188428	hsa-miR-3618	MIMAT0017998	0.974898966436184
783	MACC1	ENSG00000183742	hsa-miR-7154-5p	MIMAT0028218	0.974871183972747
784	INTS2	ENSG00000108506	hsa-miR-542-3p	MIMAT0003389	0.974858148226148
785	AIDA	ENSG00000186063	hsa-miR-137-3p	MIMAT0000429	0.974854058751606
786	EPB41	ENSG00000159023	hsa-miR-148a-5p	MIMAT0004549	0.974850998493445
787	HOOK3	ENSG00000168172	hsa-miR-1252-3p	MIMAT0026744	0.97485010521212
788	PTCH1	ENSG00000185920	hsa-miR-1252-3p	MIMAT0026744	0.974824700393915
789	CAMK4	ENSG00000152495	hsa-miR-1252-3p	MIMAT0026744	0.974694665958113
790	RNF150	ENSG00000170153	hsa-miR-137-3p	MIMAT0000429	0.974673137388663
791	UBE2W	ENSG00000104343	hsa-miR-148a-5p	MIMAT0004549	0.97466579824657
792	ROR1	ENSG00000185483	hsa-miR-1252-3p	MIMAT0026744	0.97461612140201
793	TBC1D19	ENSG00000109680	hsa-miR-137-3p	MIMAT0000429	0.974564417353921
794	BCLAF1	ENSG00000029363	hsa-miR-6780a-3p	MIMAT0027461	0.974557555599474
795	VGLL3	ENSG00000206538	hsa-miR-148a-5p	MIMAT0004549	0.974524762896676
796	RND1	ENSG00000172602	hsa-miR-329-5p	MIMAT0026555	0.974501857851268
797	STK38L	ENSG00000211455	hsa-miR-137-3p	MIMAT0000429	0.974493417173068
798	ZNF704	ENSG00000164684	hsa-miR-4496	MIMAT0019031	0.974490087842655
799	JADE1	ENSG00000077684	hsa-miR-1252-3p	MIMAT0026744	0.974456094244757
800	PAIP2B	ENSG00000124374	hsa-miR-4496	MIMAT0019031	0.974424072207319
801	RAP2C	ENSG00000123728	hsa-miR-148a-5p	MIMAT0004549	0.97437983097827
802	SLC35A3	ENSG00000117620	hsa-miR-380-3p	MIMAT0000735	0.974324519521424
803	CREG2	ENSG00000175874	hsa-miR-329-5p	MIMAT0026555	0.974303017530196
804	FGF13	ENSG00000129682	hsa-miR-148a-5p	MIMAT0004549	0.974295997444499
805	ABI2	ENSG00000138443	hsa-miR-7154-5p	MIMAT0028218	0.974234275133431
806	GRIN2B	ENSG00000273079	hsa-miR-542-3p	MIMAT0003389	0.974231105422959
807	CDK15	ENSG00000138395	hsa-miR-5007-5p	MIMAT0021035	0.974193185190029
808	LUC7L2	ENSG00000146963	hsa-miR-380-3p	MIMAT0000735	0.974165605595285
809	PRPF4B	ENSG00000112739	hsa-miR-1252-3p	MIMAT0026744	0.974088417006922
810	HEPHL1	ENSG00000181333	hsa-miR-4496	MIMAT0019031	0.973949416485129
811	ELAVL1	ENSG00000066044	hsa-miR-3618	MIMAT0017998	0.973940160817614
812	TNFAIP6	ENSG00000123610	hsa-miR-137-3p	MIMAT0000429	0.973903635748321
813	CTCF	ENSG00000102974	hsa-miR-5007-5p	MIMAT0021035	0.973880500626471
814	HMGA1	ENSG00000137309	hsa-miR-4496	MIMAT0019031	0.973870135975653
815	PLCB1	ENSG00000182621	hsa-miR-137-3p	MIMAT0000429	0.973806373840357
816	LUZP2	ENSG00000187398	hsa-miR-137-3p	MIMAT0000429	0.973674326238492
817	BACH2	ENSG00000112182	hsa-miR-1252-3p	MIMAT0026744	0.973659059838285
818	C16orf72	ENSG00000182831	hsa-miR-4496	MIMAT0019031	0.973638208603348
819	MEMO1	ENSG00000162959	hsa-miR-148a-5p	MIMAT0004549	0.973615097256999
820	RSL1D1	ENSG00000171490	hsa-miR-329-5p	MIMAT0026555	0.973580298713321
821	ZNF599	ENSG00000153896	hsa-miR-380-3p	MIMAT0000735	0.973489021039619
822	LRRC7	ENSG00000033122	hsa-miR-380-3p	MIMAT0000735	0.973447463160601
823	ALCAM	ENSG00000170017	hsa-miR-542-3p	MIMAT0003389	0.973380264546056
824	PI4K2B	ENSG00000038210	hsa-miR-329-5p	MIMAT0026555	0.973327370361339
825	KCNJ6	ENSG00000157542	hsa-miR-1252-3p	MIMAT0026744	0.973326231599599
826	NFIA	ENSG00000162599	hsa-miR-4496	MIMAT0019031	0.973290509201283
827	ZNF706	ENSG00000120963	hsa-miR-1252-3p	MIMAT0026744	0.973274921383591
828	MTAP	ENSG00000099810	hsa-miR-148a-5p	MIMAT0004549	0.97325926929946
829	UBN2	ENSG00000157741	hsa-miR-4496	MIMAT0019031	0.97315522772086
830	INPP4B	ENSG00000109452	hsa-miR-1252-3p	MIMAT0026744	0.973153499406845
831	FZD5	ENSG00000163251	hsa-miR-3618	MIMAT0017998	0.973124301399331
832	MCTP2	ENSG00000140563	hsa-miR-1252-3p	MIMAT0026744	0.973088752143721
833	ARHGAP42	ENSG00000165895	hsa-miR-137-3p	MIMAT0000429	0.973070216238372
834	ACAP2	ENSG00000114331	hsa-miR-137-3p	MIMAT0000429	0.973069954402286
835	BMT2	ENSG00000164603	hsa-miR-1252-3p	MIMAT0026744	0.972892906308459
836	ZNF777	ENSG00000196453	hsa-miR-148a-5p	MIMAT0004549	0.972889456422226
837	ST18	ENSG00000147488	hsa-miR-137-3p	MIMAT0000429	0.972849618149531
838	ZBTB20	ENSG00000181722	hsa-miR-380-3p	MIMAT0000735	0.972799535572863
839	SLC38A4	ENSG00000139209	hsa-miR-6861-5p	MIMAT0027623	0.972777761963056
840	PLAAT3	ENSG00000176485	hsa-miR-4496	MIMAT0019031	0.972769519179762
841	IRF2BP2	ENSG00000168264	hsa-miR-3618	MIMAT0017998	0.972762074975911
842	NGLY1	ENSG00000151092	hsa-miR-7154-5p	MIMAT0028218	0.972733639545009
843	FNDC3A	ENSG00000102531	hsa-miR-380-3p	MIMAT0000735	0.9726498672966
844	UCHL1	ENSG00000154277	hsa-miR-7154-5p	MIMAT0028218	0.972561267793256
845	ZNF516	ENSG00000101493	hsa-miR-137-3p	MIMAT0000429	0.972557442302457
846	UBL3	ENSG00000122042	hsa-miR-4496	MIMAT0019031	0.972527174294443
847	MRPL39	ENSG00000154719	hsa-miR-6780a-3p	MIMAT0027461	0.972521201285905
848	STX7	ENSG00000079950	hsa-miR-1252-3p	MIMAT0026744	0.972431217304321
849	KCNA2	ENSG00000177301	hsa-miR-137-3p	MIMAT0000429	0.972368994394223
850	XPR1	ENSG00000143324	hsa-miR-4496	MIMAT0019031	0.972324365865615
851	TCF4	ENSG00000196628	hsa-miR-1252-3p	MIMAT0026744	0.972278390848657
852	VASH2	ENSG00000143494	hsa-miR-148a-5p	MIMAT0004549	0.972274622892302
853	MAP3K5	ENSG00000197442	hsa-miR-5007-5p	MIMAT0021035	0.972128128613146
854	TMEM106B	ENSG00000106460	hsa-miR-1252-3p	MIMAT0026744	0.972052285726084
855	MIER1	ENSG00000198160	hsa-miR-1252-3p	MIMAT0026744	0.972048730002975
856	CUL2	ENSG00000108094	hsa-miR-7154-5p	MIMAT0028218	0.972015262063831
857	ALKAL2	ENSG00000189292	hsa-miR-542-3p	MIMAT0003389	0.971964689290382
858	CCDC171	ENSG00000164989	hsa-miR-1252-3p	MIMAT0026744	0.971928483293097
859	ALG9	ENSG00000086848	hsa-miR-380-3p	MIMAT0000735	0.9719213342579
860	RPS6KA5	ENSG00000100784	hsa-miR-329-5p	MIMAT0026555	0.97189752824319
861	ACSBG2	ENSG00000130377	hsa-miR-137-3p	MIMAT0000429	0.971893251778303
862	GORASP2	ENSG00000115806	hsa-miR-137-3p	MIMAT0000429	0.971865228783415
863	CD69	ENSG00000110848	hsa-miR-137-3p	MIMAT0000429	0.97176352754248
864	DCAF10	ENSG00000122741	hsa-miR-4496	MIMAT0019031	0.971757040300657
865	CDK12	ENSG00000167258	hsa-miR-4496	MIMAT0019031	0.971732245687412
866	SMC5	ENSG00000198887	hsa-miR-380-3p	MIMAT0000735	0.971718018399115
867	ZNF22	ENSG00000165512	hsa-miR-7154-5p	MIMAT0028218	0.971702371491336
868	VOPP1	ENSG00000154978	hsa-miR-4496	MIMAT0019031	0.971673314348496
869	CDKL5	ENSG00000008086	hsa-miR-137-3p	MIMAT0000429	0.971586348515003
870	CHD4	ENSG00000111642	hsa-miR-1288-5p	MIMAT0026743	0.971584789899584
871	TMEM74	ENSG00000164841	hsa-miR-380-3p	MIMAT0000735	0.971362581771292
872	FAT3	ENSG00000165323	hsa-miR-137-3p	MIMAT0000429	0.971345460932615
873	OTULIN	ENSG00000154124	hsa-miR-6780a-3p	MIMAT0027461	0.971324299175688
874	IP6K2	ENSG00000068745	hsa-miR-380-3p	MIMAT0000735	0.971300901154126
875	SLC44A1	ENSG00000070214	hsa-miR-1252-3p	MIMAT0026744	0.971191721550788
876	PTPN4	ENSG00000088179	hsa-miR-1252-3p	MIMAT0026744	0.970958841620829
877	ARFGEF3	ENSG00000112379	hsa-miR-1252-3p	MIMAT0026744	0.970934593913596
878	SLITRK4	ENSG00000179542	hsa-miR-6780a-3p	MIMAT0027461	0.970932800134245
879	MSI2	ENSG00000153944	hsa-miR-148a-5p	MIMAT0004549	0.970908780765203
880	OR8H2	ENSG00000181767	hsa-miR-137-3p	MIMAT0000429	0.970887739039729
881	PAK3	ENSG00000077264	hsa-miR-542-3p	MIMAT0003389	0.970868372369393
882	SLC12A5	ENSG00000124140	hsa-miR-137-3p	MIMAT0000429	0.970802217994854
883	KHDC4	ENSG00000132680	hsa-miR-137-3p	MIMAT0000429	0.970785514083614
884	RNF152	ENSG00000176641	hsa-miR-1252-3p	MIMAT0026744	0.970738762403888
885	LRP12	ENSG00000147650	hsa-miR-1252-3p	MIMAT0026744	0.970712135302559
886	IL12A	ENSG00000168811	hsa-miR-7154-5p	MIMAT0028218	0.970707176757275
887	JADE1	ENSG00000077684	hsa-miR-137-3p	MIMAT0000429	0.970674047849345
888	KMT2E	ENSG00000005483	hsa-miR-1252-3p	MIMAT0026744	0.970672394364849
889	MOSPD2	ENSG00000130150	hsa-miR-1288-5p	MIMAT0026743	0.970652760716627
890	ERVH48-1	ENSG00000233056	hsa-miR-212-5p	MIMAT0022695	0.970646960087243
891	CHST11	ENSG00000171310	hsa-miR-7154-5p	MIMAT0028218	0.970637793546068
892	MAPRE1	ENSG00000101367	hsa-miR-6780a-3p	MIMAT0027461	0.970602133602979
893	ACSL3	ENSG00000123983	hsa-miR-329-5p	MIMAT0026555	0.970597411593526
894	ZNF148	ENSG00000163848	hsa-miR-148a-5p	MIMAT0004549	0.970491855481934
895	SLC5A3	ENSG00000198743	hsa-miR-1252-3p	MIMAT0026744	0.970468150247584
896	ZNF615	ENSG00000197619	hsa-miR-329-5p	MIMAT0026555	0.970404917361639
897	NEK9	ENSG00000119638	hsa-miR-148a-5p	MIMAT0004549	0.970394847699759
898	PHF14	ENSG00000106443	hsa-miR-380-3p	MIMAT0000735	0.970393262542747
899	PSMF1	ENSG00000125818	hsa-miR-212-5p	MIMAT0022695	0.970322907841288
900	EIF1	ENSG00000173812	hsa-miR-137-3p	MIMAT0000429	0.970321328968761
901	PDE5A	ENSG00000138735	hsa-miR-380-3p	MIMAT0000735	0.970306619696018
902	FLRT2	ENSG00000185070	hsa-miR-380-3p	MIMAT0000735	0.970293779134434
903	CD9	ENSG00000010278	hsa-miR-5007-5p	MIMAT0021035	0.970262917096925
904	CTTNBP2	ENSG00000077063	hsa-miR-137-3p	MIMAT0000429	0.970261375325894
905	CREBRF	ENSG00000164463	hsa-miR-4496	MIMAT0019031	0.970213884414268
906	RBM12	ENSG00000244462	hsa-miR-1252-3p	MIMAT0026744	0.970182370532233
907	FIGN	ENSG00000182263	hsa-miR-1252-3p	MIMAT0026744	0.970127915879003
908	HM13	ENSG00000101294	hsa-miR-4496	MIMAT0019031	0.970063157926085
909	LNPEP	ENSG00000113441	hsa-miR-1252-3p	MIMAT0026744	0.970052642102242
910	XPO1	ENSG00000082898	hsa-miR-148a-5p	MIMAT0004549	0.970034004453699
911	DESI1	ENSG00000100418	hsa-miR-3618	MIMAT0017998	0.970002673098403
912	DRAM1	ENSG00000136048	hsa-miR-6780a-3p	MIMAT0027461	0.969921012362677
913	ELOVL2	ENSG00000197977	hsa-miR-137-3p	MIMAT0000429	0.969916976463316
914	CAMK1D	ENSG00000183049	hsa-miR-4496	MIMAT0019031	0.969882608778156
915	WDR26	ENSG00000162923	hsa-miR-4496	MIMAT0019031	0.969787449093667
916	TP53TG3D	ENSG00000205456	hsa-miR-148a-5p	MIMAT0004549	0.969766333819595
917	HSPH1	ENSG00000120694	hsa-miR-1252-3p	MIMAT0026744	0.969760081449495
918	HECA	ENSG00000112406	hsa-miR-380-3p	MIMAT0000735	0.969757033152644
919	MME	ENSG00000196549	hsa-miR-4496	MIMAT0019031	0.969756616945965
920	SMIM14	ENSG00000163683	hsa-miR-7154-5p	MIMAT0028218	0.969712758729136
921	UBL3	ENSG00000122042	hsa-miR-329-5p	MIMAT0026555	0.969711282410964
922	TRIM5	ENSG00000132256	hsa-miR-1252-3p	MIMAT0026744	0.969672841471526
923	DPP8	ENSG00000074603	hsa-miR-1252-3p	MIMAT0026744	0.969647150036754
924	RGS7BP	ENSG00000186479	hsa-miR-137-3p	MIMAT0000429	0.969646974046156
925	TCEAL9	ENSG00000185222	hsa-miR-380-3p	MIMAT0000735	0.969637480097518
926	SNRNP27	ENSG00000124380	hsa-miR-380-3p	MIMAT0000735	0.969619856424724
927	ZMIZ1	ENSG00000108175	hsa-miR-1252-3p	MIMAT0026744	0.96960077200402
928	ZNF343	ENSG00000088876	hsa-miR-137-3p	MIMAT0000429	0.969529574440321
929	TMEM212	ENSG00000186329	hsa-miR-542-3p	MIMAT0003389	0.969499191090335
930	NCAM2	ENSG00000154654	hsa-miR-1252-3p	MIMAT0026744	0.969420849957148
931	PSG2	ENSG00000242221	hsa-miR-7154-5p	MIMAT0028218	0.969416843394931
932	SLC35A4	ENSG00000176087	hsa-miR-137-3p	MIMAT0000429	0.969414813037827
933	KCNJ6	ENSG00000157542	hsa-miR-380-3p	MIMAT0000735	0.96939647441187
934	CSRNP3	ENSG00000178662	hsa-miR-148a-5p	MIMAT0004549	0.969377204833817
935	SLC35A3	ENSG00000117620	hsa-miR-7154-5p	MIMAT0028218	0.969362987430168
936	SPRED1	ENSG00000166068	hsa-miR-542-3p	MIMAT0003389	0.969357746886854
937	GXYLT1	ENSG00000151233	hsa-miR-137-3p	MIMAT0000429	0.969330316526165
938	NAP1L1	ENSG00000187109	hsa-miR-380-3p	MIMAT0000735	0.969283722574209
939	HYDIN	ENSG00000157423	hsa-miR-380-3p	MIMAT0000735	0.969248299602918
940	ELOVL7	ENSG00000164181	hsa-miR-380-3p	MIMAT0000735	0.969211203339715
941	LPP	ENSG00000145012	hsa-miR-4496	MIMAT0019031	0.969144541646822
942	SETD6	ENSG00000103037	hsa-miR-148a-5p	MIMAT0004549	0.96906365602414
943	TCEANC2	ENSG00000116205	hsa-miR-542-3p	MIMAT0003389	0.969021450166177
944	PDK3	ENSG00000067992	hsa-miR-1252-3p	MIMAT0026744	0.968958156425074
945	DSG1	ENSG00000134760	hsa-miR-137-3p	MIMAT0000429	0.968951018790876
946	RNF38	ENSG00000137075	hsa-miR-1252-3p	MIMAT0026744	0.968942744609095
947	COL19A1	ENSG00000082293	hsa-miR-7154-5p	MIMAT0028218	0.968942670115231
948	SNN	ENSG00000184602	hsa-miR-137-3p	MIMAT0000429	0.96890474225459
949	CUX1	ENSG00000257923	hsa-miR-7154-5p	MIMAT0028218	0.968898343901924
950	CELF1	ENSG00000149187	hsa-miR-4496	MIMAT0019031	0.968712822466651
951	RIMS1	ENSG00000079841	hsa-miR-3618	MIMAT0017998	0.968708145233576
952	MTX3	ENSG00000177034	hsa-miR-5007-5p	MIMAT0021035	0.968704177012934
953	APP	ENSG00000142192	hsa-miR-380-3p	MIMAT0000735	0.968691946803361
954	BTAF1	ENSG00000095564	hsa-miR-137-3p	MIMAT0000429	0.968677740436964
955	IGSF5	ENSG00000183067	hsa-miR-380-3p	MIMAT0000735	0.968667593051267
956	TPT1	ENSG00000133112	hsa-miR-1252-3p	MIMAT0026744	0.968629239357972
957	MYO1C	ENSG00000197879	hsa-miR-137-3p	MIMAT0000429	0.968520692712219
958	RAPGEF6	ENSG00000158987	hsa-miR-4496	MIMAT0019031	0.968453409998456
959	ETS1	ENSG00000134954	hsa-miR-542-3p	MIMAT0003389	0.968385750837113
960	NRG3	ENSG00000185737	hsa-miR-137-3p	MIMAT0000429	0.96836927205396
961	RNF114	ENSG00000124226	hsa-miR-542-3p	MIMAT0003389	0.968359128146757
962	GAN	ENSG00000261609	hsa-miR-1288-5p	MIMAT0026743	0.968358545850808
963	SCEL	ENSG00000136155	hsa-miR-380-3p	MIMAT0000735	0.968350954567781
964	LEMD3	ENSG00000174106	hsa-miR-137-3p	MIMAT0000429	0.968332741514888
965	PPP3R1	ENSG00000221823	hsa-miR-380-3p	MIMAT0000735	0.968297591094666
966	LRRN1	ENSG00000175928	hsa-miR-1252-3p	MIMAT0026744	0.968264287631662
967	RORA	ENSG00000069667	hsa-miR-148a-5p	MIMAT0004549	0.968126548869021
968	TMEM135	ENSG00000166575	hsa-miR-1252-3p	MIMAT0026744	0.968097288155732
969	SFTPA2	ENSG00000185303	hsa-miR-542-3p	MIMAT0003389	0.968052892458385
970	SLC16A4	ENSG00000168679	hsa-miR-329-5p	MIMAT0026555	0.968049374940785
971	PCDHA4	ENSG00000204967	hsa-miR-380-3p	MIMAT0000735	0.967968435416941
972	FXR1	ENSG00000114416	hsa-miR-380-3p	MIMAT0000735	0.967916246026347
973	LSM6	ENSG00000164167	hsa-miR-1252-3p	MIMAT0026744	0.967886003499004
974	PAK3	ENSG00000077264	hsa-miR-137-3p	MIMAT0000429	0.967821421080787
975	CHFR	ENSG00000072609	hsa-miR-542-3p	MIMAT0003389	0.967810540654691
976	FAM160B2	ENSG00000158863	hsa-miR-137-3p	MIMAT0000429	0.967779758725681
977	B3GALT2	ENSG00000162630	hsa-miR-137-3p	MIMAT0000429	0.967687169980055
978	ZMYM5	ENSG00000132950	hsa-miR-137-3p	MIMAT0000429	0.967627449586426
979	AP2B1	ENSG00000006125	hsa-miR-1252-3p	MIMAT0026744	0.967608616481397
980	CD59	ENSG00000085063	hsa-miR-4496	MIMAT0019031	0.967502612687236
981	NAA25	ENSG00000111300	hsa-miR-148a-5p	MIMAT0004549	0.967467051833942
982	NEBL	ENSG00000078114	hsa-miR-1252-3p	MIMAT0026744	0.967388544483622
983	MAP1B	ENSG00000131711	hsa-miR-1252-3p	MIMAT0026744	0.967359414722632
984	SEPTIN14	ENSG00000154997	hsa-miR-380-3p	MIMAT0000735	0.967313663285669
985	SORCS1	ENSG00000108018	hsa-miR-4496	MIMAT0019031	0.967292130604576
986	DDX3Y	ENSG00000067048	hsa-miR-212-5p	MIMAT0022695	0.9672836532494
987	GPC6	ENSG00000183098	hsa-miR-1252-3p	MIMAT0026744	0.967218731541281
988	HP1BP3	ENSG00000127483	hsa-miR-4496	MIMAT0019031	0.967176570404766
989	CYB5R4	ENSG00000065615	hsa-miR-137-3p	MIMAT0000429	0.967159747987395
990	GTDC1	ENSG00000121964	hsa-miR-1252-3p	MIMAT0026744	0.967159055153131
991	PPP2R2B	ENSG00000156475	hsa-miR-1252-3p	MIMAT0026744	0.96706661942763
992	ZNF81	ENSG00000197779	hsa-miR-4496	MIMAT0019031	0.966997474056041
993	MEX3A	ENSG00000254726	hsa-miR-148a-5p	MIMAT0004549	0.966978991055073
994	KIF3A	ENSG00000131437	hsa-miR-4496	MIMAT0019031	0.966950310205697
995	PTAR1	ENSG00000188647	hsa-miR-1252-3p	MIMAT0026744	0.966933593027811
996	SPIN2B	ENSG00000186787	hsa-miR-3618	MIMAT0017998	0.966926672787084
997	ITGA4	ENSG00000115232	hsa-miR-3618	MIMAT0017998	0.966915735729947
998	ITGB3	ENSG00000259207	hsa-miR-6780a-3p	MIMAT0027461	0.966905060599485
999	AC019257.8	ENSG00000283239	hsa-miR-6780a-3p	MIMAT0027461	0.96688872706724
1000	OR2M3	ENSG00000228198	hsa-miR-1252-3p	MIMAT0026744	0.966819436647834
1001	FGF14	ENSG00000102466	hsa-miR-1252-3p	MIMAT0026744	0.966755444012105
1002	ATP1B3	ENSG00000069849	hsa-miR-4496	MIMAT0019031	0.966636879418232
1003	NLGN1	ENSG00000169760	hsa-miR-380-3p	MIMAT0000735	0.96662617329625
1004	INPP4B	ENSG00000109452	hsa-miR-7154-5p	MIMAT0028218	0.966576565909323
1005	CHST10	ENSG00000115526	hsa-miR-137-3p	MIMAT0000429	0.966510827436656
1006	GRIN2B	ENSG00000273079	hsa-miR-1252-3p	MIMAT0026744	0.966509992886351
1007	GJA1	ENSG00000152661	hsa-miR-148a-5p	MIMAT0004549	0.966479463666272
1008	CCNT2	ENSG00000082258	hsa-miR-1252-3p	MIMAT0026744	0.966455483301075
1009	MTDH	ENSG00000147649	hsa-miR-137-3p	MIMAT0000429	0.966432897822039
1010	CCDC68	ENSG00000166510	hsa-miR-380-3p	MIMAT0000735	0.966383284609695
1011	CADM2	ENSG00000175161	hsa-miR-1252-3p	MIMAT0026744	0.966371974897242
1012	ZBTB37	ENSG00000185278	hsa-miR-148a-5p	MIMAT0004549	0.966337725781272
1013	BUB3	ENSG00000154473	hsa-miR-380-3p	MIMAT0000735	0.966323651186835
1014	SGO1	ENSG00000129810	hsa-miR-137-3p	MIMAT0000429	0.966319960180291
1015	FAM110C	ENSG00000184731	hsa-miR-7154-5p	MIMAT0028218	0.966311325423082
1016	AARS1	ENSG00000090861	hsa-miR-212-5p	MIMAT0022695	0.966280756545411
1017	SPIN3	ENSG00000204271	hsa-miR-5007-5p	MIMAT0021035	0.966161866413973
1018	AKAP8L	ENSG00000011243	hsa-miR-6780a-3p	MIMAT0027461	0.966143031496496
1019	ATPAF1	ENSG00000123472	hsa-miR-137-3p	MIMAT0000429	0.96613169355558
1020	ZNF621	ENSG00000172888	hsa-miR-137-3p	MIMAT0000429	0.966121295829841
1021	N4BP2	ENSG00000078177	hsa-miR-380-3p	MIMAT0000735	0.966110211847265
1022	HOXC9	ENSG00000180806	hsa-miR-212-5p	MIMAT0022695	0.966080429532471
1023	ZMYM2	ENSG00000121741	hsa-miR-137-3p	MIMAT0000429	0.966066942756145
1024	DHX35	ENSG00000101452	hsa-miR-6780a-3p	MIMAT0027461	0.96605123805549
1025	DOCK8	ENSG00000107099	hsa-miR-137-3p	MIMAT0000429	0.966019076356544
1026	ANKRD28	ENSG00000206560	hsa-miR-137-3p	MIMAT0000429	0.966014081433965
1027	MID1IP1	ENSG00000165175	hsa-miR-3618	MIMAT0017998	0.96599575538302
1028	MRTFB	ENSG00000186260	hsa-miR-542-3p	MIMAT0003389	0.965969435443601
1029	ZFHX4	ENSG00000091656	hsa-miR-1252-3p	MIMAT0026744	0.965946283277696
1030	SERBP1	ENSG00000142864	hsa-miR-7154-5p	MIMAT0028218	0.965873169455866
1031	KLF8	ENSG00000102349	hsa-miR-4496	MIMAT0019031	0.965861310456527
1032	ARPC5	ENSG00000162704	hsa-miR-380-3p	MIMAT0000735	0.965781075270827
1033	GLCCI1	ENSG00000106415	hsa-miR-380-3p	MIMAT0000735	0.965770909533081
1034	SYT14	ENSG00000143469	hsa-miR-1252-3p	MIMAT0026744	0.965727361696049
1035	AC005324.2	ENSG00000251537	hsa-miR-380-3p	MIMAT0000735	0.965697491103447
1036	TRIM66	ENSG00000166436	hsa-miR-4496	MIMAT0019031	0.965670432189608
1037	ENTPD5	ENSG00000187097	hsa-miR-4496	MIMAT0019031	0.965643323523411
1038	ARNTL2	ENSG00000029153	hsa-miR-1252-3p	MIMAT0026744	0.965629053389475
1039	LRCH2	ENSG00000130224	hsa-miR-7154-5p	MIMAT0028218	0.965605566209539
1040	DLG2	ENSG00000150672	hsa-miR-4496	MIMAT0019031	0.965562435049402
1041	PTPN14	ENSG00000152104	hsa-miR-1288-5p	MIMAT0026743	0.965535731847713
1042	LARP4B	ENSG00000107929	hsa-miR-4496	MIMAT0019031	0.965461006201676
1043	SPDYE17	ENSG00000186645	hsa-miR-380-3p	MIMAT0000735	0.965393904910345
1044	UBE2E3	ENSG00000170035	hsa-miR-4496	MIMAT0019031	0.965385444782441
1045	EIF2B5	ENSG00000145191	hsa-miR-6780a-3p	MIMAT0027461	0.965356565436523
1046	THSD7B	ENSG00000144229	hsa-miR-1252-3p	MIMAT0026744	0.965345786464037
1047	IGFBP5	ENSG00000115461	hsa-miR-1252-3p	MIMAT0026744	0.965330398627408
1048	TEX49	ENSG00000257987	hsa-miR-148a-5p	MIMAT0004549	0.965283906194351
1049	ANKRD17	ENSG00000132466	hsa-miR-3618	MIMAT0017998	0.965264443007612
1050	PWP1	ENSG00000136045	hsa-miR-542-3p	MIMAT0003389	0.965235277325361
1051	ZC3H6	ENSG00000188177	hsa-miR-137-3p	MIMAT0000429	0.965226789410419
1052	RBFOX1	ENSG00000078328	hsa-miR-1252-3p	MIMAT0026744	0.965218735970584
1053	SESN3	ENSG00000149212	hsa-miR-7154-5p	MIMAT0028218	0.965205989011816
1054	USP36	ENSG00000055483	hsa-miR-137-3p	MIMAT0000429	0.965200666719655
1055	PDE1B	ENSG00000123360	hsa-miR-137-3p	MIMAT0000429	0.965179612573319
1056	BAG2	ENSG00000112208	hsa-miR-1252-3p	MIMAT0026744	0.965174206468002
1057	SMIM27	ENSG00000235453	hsa-miR-380-3p	MIMAT0000735	0.965154039500218
1058	FAM180A	ENSG00000189320	hsa-miR-4496	MIMAT0019031	0.965096306717404
1059	PUM1	ENSG00000134644	hsa-miR-148a-5p	MIMAT0004549	0.965056042128085
1060	MGAT4C	ENSG00000182050	hsa-miR-4496	MIMAT0019031	0.965054148440726
1061	RPS6KA5	ENSG00000100784	hsa-miR-7154-5p	MIMAT0028218	0.965048227820817
1062	PRDM11	ENSG00000019485	hsa-miR-1252-3p	MIMAT0026744	0.964962756258268
1063	ZMYM2	ENSG00000121741	hsa-miR-380-3p	MIMAT0000735	0.964955198953142
1064	SHE	ENSG00000169291	hsa-miR-4496	MIMAT0019031	0.964949153471339
1065	C1orf21	ENSG00000116667	hsa-miR-148a-5p	MIMAT0004549	0.96489657130551
1066	NATD1	ENSG00000274180	hsa-miR-137-3p	MIMAT0000429	0.964842356742113
1067	NHSL2	ENSG00000204131	hsa-miR-1252-3p	MIMAT0026744	0.964786330682027
1068	RBMS1	ENSG00000153250	hsa-miR-380-3p	MIMAT0000735	0.96476249027235
1069	SPAG9	ENSG00000008294	hsa-miR-1252-3p	MIMAT0026744	0.964745647996711
1070	PDGFD	ENSG00000170962	hsa-miR-4496	MIMAT0019031	0.964696652616031
1071	METTL14	ENSG00000145388	hsa-miR-542-3p	MIMAT0003389	0.964561973591848
1072	RBM7	ENSG00000076053	hsa-miR-1252-3p	MIMAT0026744	0.964552801637917
1073	NREP	ENSG00000134986	hsa-miR-212-5p	MIMAT0022695	0.964516111052971
1074	MBD5	ENSG00000204406	hsa-miR-137-3p	MIMAT0000429	0.964453077956445
1075	PRTG	ENSG00000166450	hsa-miR-1252-3p	MIMAT0026744	0.964441090839283
1076	GNAI3	ENSG00000065135	hsa-miR-148a-5p	MIMAT0004549	0.964431506816676
1077	ELP4	ENSG00000109911	hsa-miR-148a-5p	MIMAT0004549	0.96440491443963
1078	SYK	ENSG00000165025	hsa-miR-6780a-3p	MIMAT0027461	0.964361637549696
1079	IKZF4	ENSG00000123411	hsa-miR-137-3p	MIMAT0000429	0.964201525587789
1080	POU6F2	ENSG00000106536	hsa-miR-137-3p	MIMAT0000429	0.96399556590441
1081	RBM14-RBM4	ENSG00000248643	hsa-miR-4496	MIMAT0019031	0.963976987589244
1082	SPIN3	ENSG00000204271	hsa-miR-3618	MIMAT0017998	0.96396557713272
1083	ZBTB44	ENSG00000196323	hsa-miR-148a-5p	MIMAT0004549	0.963953152956051
1084	MGAT5	ENSG00000152127	hsa-miR-148a-5p	MIMAT0004549	0.963907596394414
1085	RAB11FIP2	ENSG00000107560	hsa-miR-380-3p	MIMAT0000735	0.963861366587998
1086	ZNF195	ENSG00000005801	hsa-miR-7154-5p	MIMAT0028218	0.963837159549302
1087	OR2A5	ENSG00000221836	hsa-miR-380-3p	MIMAT0000735	0.963732400068508
1088	PCNP	ENSG00000081154	hsa-miR-4496	MIMAT0019031	0.96366077878433
1089	EML2	ENSG00000125746	hsa-miR-6861-5p	MIMAT0027623	0.963587581273602
1090	RUNX1T1	ENSG00000079102	hsa-miR-4496	MIMAT0019031	0.963567061296412
1091	SLC35F4	ENSG00000151812	hsa-miR-137-3p	MIMAT0000429	0.963495502945065
1092	RFX3	ENSG00000080298	hsa-miR-1252-3p	MIMAT0026744	0.96348672573938
1093	NTRK3	ENSG00000140538	hsa-miR-4496	MIMAT0019031	0.963466468825035
1094	FAM53A	ENSG00000174137	hsa-miR-4496	MIMAT0019031	0.963439118491759
1095	BTG1	ENSG00000133639	hsa-miR-4496	MIMAT0019031	0.963366681985916
1096	NSD1	ENSG00000165671	hsa-miR-7154-5p	MIMAT0028218	0.963288289827453
1097	STRN3	ENSG00000196792	hsa-miR-542-3p	MIMAT0003389	0.963266060738261
1098	TTN	ENSG00000155657	hsa-miR-380-3p	MIMAT0000735	0.963228364767959
1099	MEPCE	ENSG00000146834	hsa-miR-4496	MIMAT0019031	0.963201716281077
1100	STRBP	ENSG00000165209	hsa-miR-137-3p	MIMAT0000429	0.963085931534366
1101	ZEB2	ENSG00000169554	hsa-miR-1252-3p	MIMAT0026744	0.963075006861312
1102	AC022415.2	ENSG00000286132	hsa-miR-7154-5p	MIMAT0028218	0.962966540769782
1103	MXD1	ENSG00000059728	hsa-miR-137-3p	MIMAT0000429	0.962958071082605
1104	DYNC2LI1	ENSG00000138036	hsa-miR-542-3p	MIMAT0003389	0.962943204584183
1105	MTRNR2L13	ENSG00000270394	hsa-miR-1288-5p	MIMAT0026743	0.962926424291593
1106	YTHDF3	ENSG00000185728	hsa-miR-380-3p	MIMAT0000735	0.96285446593935
1107	EPHA3	ENSG00000044524	hsa-miR-6780a-3p	MIMAT0027461	0.962737000506252
1108	MEI4	ENSG00000269964	hsa-miR-148a-5p	MIMAT0004549	0.96271490481711
1109	ZNF654	ENSG00000175105	hsa-miR-137-3p	MIMAT0000429	0.962679472075967
1110	MAPK4	ENSG00000141639	hsa-miR-6780a-3p	MIMAT0027461	0.962671776302086
1111	RPGRIP1L	ENSG00000103494	hsa-miR-137-3p	MIMAT0000429	0.962670783859129
1112	HAPLN1	ENSG00000145681	hsa-miR-7154-5p	MIMAT0028218	0.962654860534676
1113	CLEC2D	ENSG00000069493	hsa-miR-7154-5p	MIMAT0028218	0.962627558532878
1114	EMB	ENSG00000170571	hsa-miR-7154-5p	MIMAT0028218	0.962593941937758
1115	BLZF1	ENSG00000117475	hsa-miR-5007-5p	MIMAT0021035	0.962557994434894
1116	ZBTB18	ENSG00000179456	hsa-miR-4496	MIMAT0019031	0.962550975538733
1117	AL391628.1	ENSG00000288674	hsa-miR-4496	MIMAT0019031	0.962537893974996
1118	SDC1	ENSG00000115884	hsa-miR-212-5p	MIMAT0022695	0.962535733425393
1119	ATG2B	ENSG00000066739	hsa-miR-4496	MIMAT0019031	0.962464809262156
1120	ZNF621	ENSG00000172888	hsa-miR-380-3p	MIMAT0000735	0.962426314518258
1121	GUCY1A2	ENSG00000152402	hsa-miR-7154-5p	MIMAT0028218	0.962364192401269
1122	GTPBP4	ENSG00000107937	hsa-miR-7154-5p	MIMAT0028218	0.962344554750188
1123	LMCD1	ENSG00000071282	hsa-miR-1252-3p	MIMAT0026744	0.96230948841638
1124	SMARCAD1	ENSG00000163104	hsa-miR-380-3p	MIMAT0000735	0.962235273317461
1125	AAK1	ENSG00000115977	hsa-miR-212-5p	MIMAT0022695	0.962230438617718
1126	RHOU	ENSG00000116574	hsa-miR-6861-5p	MIMAT0027623	0.962222459318946
1127	AGO1	ENSG00000092847	hsa-miR-6780a-3p	MIMAT0027461	0.962155437528318
1128	FBXL4	ENSG00000112234	hsa-miR-1252-3p	MIMAT0026744	0.962073804077684
1129	OPRM1	ENSG00000112038	hsa-miR-329-5p	MIMAT0026555	0.962058592517758
1130	SLC35F5	ENSG00000115084	hsa-miR-4496	MIMAT0019031	0.962030063504999
1131	PLEKHO2	ENSG00000241839	hsa-miR-137-3p	MIMAT0000429	0.962029525608533
1132	ITGB6	ENSG00000115221	hsa-miR-1252-3p	MIMAT0026744	0.961938452362949
1133	MAP7D2	ENSG00000184368	hsa-miR-4496	MIMAT0019031	0.961934792049816
1134	PPIP5K2	ENSG00000145725	hsa-miR-380-3p	MIMAT0000735	0.961814374471574
1135	PCDHB7	ENSG00000113212	hsa-miR-380-3p	MIMAT0000735	0.961791222478832
1136	CEMIP	ENSG00000103888	hsa-miR-212-5p	MIMAT0022695	0.961773738662725
1137	STYX	ENSG00000198252	hsa-miR-380-3p	MIMAT0000735	0.961652492520368
1138	YWHAQ	ENSG00000134308	hsa-miR-4496	MIMAT0019031	0.961578731341119
1139	ZNF738	ENSG00000172687	hsa-miR-380-3p	MIMAT0000735	0.961536840595491
1140	C18orf25	ENSG00000152242	hsa-miR-137-3p	MIMAT0000429	0.961523158769737
1141	SMAD2	ENSG00000175387	hsa-miR-7154-5p	MIMAT0028218	0.961519703576984
1142	NCR3LG1	ENSG00000188211	hsa-miR-4496	MIMAT0019031	0.961482901038256
1143	GRHL1	ENSG00000134317	hsa-miR-7154-5p	MIMAT0028218	0.961477085916845
1144	BCL9L	ENSG00000186174	hsa-miR-6780a-3p	MIMAT0027461	0.961470937599423
1145	UBFD1	ENSG00000103353	hsa-miR-4496	MIMAT0019031	0.961418338409814
1146	RAB21	ENSG00000080371	hsa-miR-1252-3p	MIMAT0026744	0.961286738014408
1147	SRGAP1	ENSG00000196935	hsa-miR-1252-3p	MIMAT0026744	0.961285436955075
1148	REST	ENSG00000084093	hsa-miR-380-3p	MIMAT0000735	0.961264821835458
1149	ZNF431	ENSG00000196705	hsa-miR-1252-3p	MIMAT0026744	0.961212138217122
1150	FAM214A	ENSG00000047346	hsa-miR-148a-5p	MIMAT0004549	0.961127093484588
1151	FRK	ENSG00000111816	hsa-miR-6861-5p	MIMAT0027623	0.961059370354627
1152	NAT8L	ENSG00000185818	hsa-miR-137-3p	MIMAT0000429	0.961008548099722
1153	SUZ12	ENSG00000178691	hsa-miR-380-3p	MIMAT0000735	0.960908932314233
1154	IRS1	ENSG00000169047	hsa-miR-5007-5p	MIMAT0021035	0.960874731516271
1155	FNBP1L	ENSG00000137942	hsa-miR-137-3p	MIMAT0000429	0.960859250458962
1156	C5orf63	ENSG00000164241	hsa-miR-6780a-3p	MIMAT0027461	0.960844845773425
1157	PCSK7	ENSG00000160613	hsa-miR-1288-5p	MIMAT0026743	0.960820694641318
1158	PRDM6	ENSG00000061455	hsa-miR-7154-5p	MIMAT0028218	0.960811534726542
1159	KIN	ENSG00000151657	hsa-miR-5007-5p	MIMAT0021035	0.960736653212534
1160	RICTOR	ENSG00000164327	hsa-miR-137-3p	MIMAT0000429	0.960715583436829
1161	SAMD12	ENSG00000177570	hsa-miR-4496	MIMAT0019031	0.960586592143899
1162	DUS4L-BCAP29	ENSG00000288558	hsa-miR-380-3p	MIMAT0000735	0.960580515752325
1163	TRNT1	ENSG00000072756	hsa-miR-542-3p	MIMAT0003389	0.960485109578824
1164	CLU	ENSG00000120885	hsa-miR-542-3p	MIMAT0003389	0.960468548491804
1165	SLC25A16	ENSG00000122912	hsa-miR-137-3p	MIMAT0000429	0.960416116403298
1166	TSC22D2	ENSG00000196428	hsa-miR-148a-5p	MIMAT0004549	0.960401832638073
1167	SEMA3A	ENSG00000075213	hsa-miR-4496	MIMAT0019031	0.96034295281693
1168	ATXN1	ENSG00000124788	hsa-miR-1252-3p	MIMAT0026744	0.960342153261685
1169	E2F5	ENSG00000133740	hsa-miR-7154-5p	MIMAT0028218	0.96031775672516
1170	TREM1	ENSG00000124731	hsa-miR-6861-5p	MIMAT0027623	0.960304205449235
1171	KLHL5	ENSG00000109790	hsa-miR-380-3p	MIMAT0000735	0.960244444795111
1172	AGO3	ENSG00000126070	hsa-miR-148a-5p	MIMAT0004549	0.96019174184637
1173	ZFP36L2	ENSG00000152518	hsa-miR-4496	MIMAT0019031	0.960164343855122
1174	SHISA9	ENSG00000237515	hsa-miR-137-3p	MIMAT0000429	0.960149222465664
1175	EGFR	ENSG00000146648	hsa-miR-137-3p	MIMAT0000429	0.960081104128205
1176	MZT1	ENSG00000204899	hsa-miR-6780a-3p	MIMAT0027461	0.96006995075074
1177	CRYBG3	ENSG00000080200	hsa-miR-4496	MIMAT0019031	0.960019732109681
1178	STARD7	ENSG00000084090	hsa-miR-4496	MIMAT0019031	0.960005710937481
1179	CENPBD1	ENSG00000177946	hsa-miR-7154-5p	MIMAT0028218	0.959964676091979
1180	KPNA5	ENSG00000196911	hsa-miR-329-5p	MIMAT0026555	0.959959444449801
1181	DRD3	ENSG00000151577	hsa-miR-137-3p	MIMAT0000429	0.959958016854739
1182	MANEA	ENSG00000172469	hsa-miR-380-3p	MIMAT0000735	0.959947936029104
1183	KDM2B	ENSG00000089094	hsa-miR-4496	MIMAT0019031	0.959938736321829
1184	ATRX	ENSG00000085224	hsa-miR-4496	MIMAT0019031	0.959923453714019
1185	PGAP1	ENSG00000197121	hsa-miR-380-3p	MIMAT0000735	0.959904930721875
1186	SORBS1	ENSG00000095637	hsa-miR-7154-5p	MIMAT0028218	0.959896180561677
1187	GLYATL2	ENSG00000156689	hsa-miR-7154-5p	MIMAT0028218	0.959870440641553
1188	NABP1	ENSG00000173559	hsa-miR-137-3p	MIMAT0000429	0.959755573952329
1189	RPL37A	ENSG00000197756	hsa-miR-4496	MIMAT0019031	0.959711535299417
1190	STOX2	ENSG00000173320	hsa-miR-380-3p	MIMAT0000735	0.959684659127445
1191	CUL5	ENSG00000166266	hsa-miR-7154-5p	MIMAT0028218	0.959645004013867
1192	VPS13A	ENSG00000197969	hsa-miR-380-3p	MIMAT0000735	0.959622340776201
1193	PPEF2	ENSG00000156194	hsa-miR-6780a-3p	MIMAT0027461	0.959603154537308
1194	NBEA	ENSG00000172915	hsa-miR-137-3p	MIMAT0000429	0.959575294270596
1195	GIGYF1	ENSG00000146830	hsa-miR-5007-5p	MIMAT0021035	0.959505968210413
1196	RSBN1	ENSG00000081019	hsa-miR-137-3p	MIMAT0000429	0.959495335394024
1197	DUSP21	ENSG00000189037	hsa-miR-7154-5p	MIMAT0028218	0.959468144656531
1198	HTR7	ENSG00000148680	hsa-miR-380-3p	MIMAT0000735	0.959466005771356
1199	H2AZ1	ENSG00000164032	hsa-miR-5007-5p	MIMAT0021035	0.959446498116708
1200	FTO	ENSG00000140718	hsa-miR-4496	MIMAT0019031	0.959428307790099
1201	NF1	ENSG00000196712	hsa-miR-137-3p	MIMAT0000429	0.959424540921964
1202	PRKD3	ENSG00000115825	hsa-miR-137-3p	MIMAT0000429	0.95939450057117
1203	FGF13	ENSG00000129682	hsa-miR-1252-3p	MIMAT0026744	0.959388782226266
1204	MOB3B	ENSG00000120162	hsa-miR-4496	MIMAT0019031	0.959386526696909
1205	NRP2	ENSG00000118257	hsa-miR-542-3p	MIMAT0003389	0.959372555574945
1206	NUDT3	ENSG00000272325	hsa-miR-4496	MIMAT0019031	0.959371208650474
1207	LRRC19	ENSG00000184434	hsa-miR-7154-5p	MIMAT0028218	0.95931944806955
1208	SIRT1	ENSG00000096717	hsa-miR-148a-5p	MIMAT0004549	0.959240337253289
1209	KDM6A	ENSG00000147050	hsa-miR-148a-5p	MIMAT0004549	0.959199718986418
1210	PELI1	ENSG00000197329	hsa-miR-1252-3p	MIMAT0026744	0.959114951052367
1211	TRAPPC13	ENSG00000113597	hsa-miR-542-3p	MIMAT0003389	0.959112065905427
1212	DCAF17	ENSG00000115827	hsa-miR-4496	MIMAT0019031	0.959082102502082
1213	CARD8	ENSG00000105483	hsa-miR-1252-3p	MIMAT0026744	0.959041131758479
1214	GABRG2	ENSG00000113327	hsa-miR-4496	MIMAT0019031	0.958998802302831
1215	GRIN2A	ENSG00000183454	hsa-miR-137-3p	MIMAT0000429	0.958991735275149
1216	MTREX	ENSG00000039123	hsa-miR-380-3p	MIMAT0000735	0.958926297253303
1217	PAM	ENSG00000145730	hsa-miR-4496	MIMAT0019031	0.958872677602044
1218	NEMF	ENSG00000165525	hsa-miR-137-3p	MIMAT0000429	0.958802556417868
1219	ZFP3	ENSG00000180787	hsa-miR-6861-5p	MIMAT0027623	0.958786736785161
1220	SESTD1	ENSG00000187231	hsa-miR-1252-3p	MIMAT0026744	0.958771006350036
1221	DGKI	ENSG00000157680	hsa-miR-7154-5p	MIMAT0028218	0.958756098150493
1222	PGGT1B	ENSG00000164219	hsa-miR-1252-3p	MIMAT0026744	0.958717139087249
1223	ENDOD1	ENSG00000149218	hsa-miR-6780a-3p	MIMAT0027461	0.958685871686427
1224	DAAM1	ENSG00000100592	hsa-miR-137-3p	MIMAT0000429	0.958643330787464
1225	NKAIN3	ENSG00000185942	hsa-miR-4496	MIMAT0019031	0.958587347896795
1226	ZNF487	ENSG00000243660	hsa-miR-6780a-3p	MIMAT0027461	0.958495751949933
1227	SENP7	ENSG00000138468	hsa-miR-380-3p	MIMAT0000735	0.95847763877917
1228	TNFSF18	ENSG00000120337	hsa-miR-380-3p	MIMAT0000735	0.958459328574444
1229	DCAF7	ENSG00000136485	hsa-miR-4496	MIMAT0019031	0.958415545102568
1230	KIAA1671	ENSG00000197077	hsa-miR-4496	MIMAT0019031	0.958314706263692
1231	RBM15B	ENSG00000259956	hsa-miR-542-3p	MIMAT0003389	0.958312705156907
1232	DCP1A	ENSG00000272886	hsa-miR-380-3p	MIMAT0000735	0.957843691234886
1233	VSNL1	ENSG00000163032	hsa-miR-380-3p	MIMAT0000735	0.957833777026282
1234	FBXO33	ENSG00000165355	hsa-miR-380-3p	MIMAT0000735	0.957811545978587
1235	TRIM33	ENSG00000197323	hsa-miR-137-3p	MIMAT0000429	0.957805189428843
1236	ADGRL2	ENSG00000117114	hsa-miR-4496	MIMAT0019031	0.95773929971639
1237	ID4	ENSG00000172201	hsa-miR-148a-5p	MIMAT0004549	0.957698338425021
1238	C2CD4C	ENSG00000183186	hsa-miR-7154-5p	MIMAT0028218	0.95768152691399
1239	LPP	ENSG00000145012	hsa-miR-542-3p	MIMAT0003389	0.957658180546793
1240	NKX3-1	ENSG00000167034	hsa-miR-542-3p	MIMAT0003389	0.95761923777717
1241	FGF9	ENSG00000102678	hsa-miR-137-3p	MIMAT0000429	0.957545682943534
1242	PARP9	ENSG00000138496	hsa-miR-1252-3p	MIMAT0026744	0.957544734871517
1243	ITPR1	ENSG00000150995	hsa-miR-1252-3p	MIMAT0026744	0.957501852817855
1244	DGKH	ENSG00000102780	hsa-miR-1252-3p	MIMAT0026744	0.957485018204476
1245	ARHGAP44	ENSG00000006740	hsa-miR-137-3p	MIMAT0000429	0.957481337906171
1246	ADAM22	ENSG00000008277	hsa-miR-148a-5p	MIMAT0004549	0.957474278767432
1247	ALG8	ENSG00000159063	hsa-miR-329-5p	MIMAT0026555	0.957472489130633
1248	CHST9	ENSG00000154080	hsa-miR-7154-5p	MIMAT0028218	0.957396917578197
1249	JADE1	ENSG00000077684	hsa-miR-6780a-3p	MIMAT0027461	0.957350360563555
1250	RAB8B	ENSG00000166128	hsa-miR-148a-5p	MIMAT0004549	0.957298848895652
1251	CEP43	ENSG00000213066	hsa-miR-329-5p	MIMAT0026555	0.957292173257149
1252	MBL2	ENSG00000165471	hsa-miR-7154-5p	MIMAT0028218	0.957272372841744
1253	NFATC1	ENSG00000131196	hsa-miR-137-3p	MIMAT0000429	0.957240687441474
1254	KYNU	ENSG00000115919	hsa-miR-542-3p	MIMAT0003389	0.957234701044261
1255	KDELR3	ENSG00000100196	hsa-miR-137-3p	MIMAT0000429	0.957142421143269
1256	MACROH2A2	ENSG00000099284	hsa-miR-148a-5p	MIMAT0004549	0.957129727026901
1257	AJUBA	ENSG00000129474	hsa-miR-137-3p	MIMAT0000429	0.957064974090718
1258	SMCP	ENSG00000163206	hsa-miR-137-3p	MIMAT0000429	0.95703950744917
1259	AFM	ENSG00000079557	hsa-miR-137-3p	MIMAT0000429	0.957008072240363
1260	CEP68	ENSG00000011523	hsa-miR-329-5p	MIMAT0026555	0.957006064659364
1261	WIF1	ENSG00000156076	hsa-miR-137-3p	MIMAT0000429	0.956985975974172
1262	SLC6A1	ENSG00000157103	hsa-miR-137-3p	MIMAT0000429	0.956954027403529
1263	DNAJC21	ENSG00000168724	hsa-miR-1288-5p	MIMAT0026743	0.956936796804792
1264	CLVS1	ENSG00000177182	hsa-miR-3618	MIMAT0017998	0.956878289047647
1265	CHPT1	ENSG00000111666	hsa-miR-137-3p	MIMAT0000429	0.956873860782673
1266	NKTR	ENSG00000114857	hsa-miR-212-5p	MIMAT0022695	0.956857652039828
1267	FBXO25	ENSG00000147364	hsa-miR-380-3p	MIMAT0000735	0.956834788055731
1268	KCNA1	ENSG00000111262	hsa-miR-542-3p	MIMAT0003389	0.956764661951517
1269	LRRC4	ENSG00000128594	hsa-miR-3618	MIMAT0017998	0.956724099120062
1270	UBXN2B	ENSG00000215114	hsa-miR-7154-5p	MIMAT0028218	0.956695014405435
1271	VPS26A	ENSG00000122958	hsa-miR-542-3p	MIMAT0003389	0.956669804938633
1272	PTPN12	ENSG00000127947	hsa-miR-3618	MIMAT0017998	0.956580224068916
1273	RPGRIP1L	ENSG00000103494	hsa-miR-1252-3p	MIMAT0026744	0.956502719043051
1274	BLACAT1	ENSG00000281406	hsa-miR-4496	MIMAT0019031	0.956499011569206
1275	TMEM245	ENSG00000106771	hsa-miR-380-3p	MIMAT0000735	0.956497365280857
1276	E2F7	ENSG00000165891	hsa-miR-137-3p	MIMAT0000429	0.956410110774862
1277	GUCY1A2	ENSG00000152402	hsa-miR-380-3p	MIMAT0000735	0.956386327704807
1278	FAM204A	ENSG00000165669	hsa-miR-137-3p	MIMAT0000429	0.956380199925275
1279	HMBOX1	ENSG00000147421	hsa-miR-4496	MIMAT0019031	0.956371772237803
1280	MBNL1	ENSG00000152601	hsa-miR-4496	MIMAT0019031	0.956355667641208
1281	KLHL7	ENSG00000122550	hsa-miR-7154-5p	MIMAT0028218	0.956352153179736
1282	FSTL1	ENSG00000163430	hsa-miR-4496	MIMAT0019031	0.956222531509342
1283	AHI1	ENSG00000135541	hsa-miR-7154-5p	MIMAT0028218	0.956218375379597
1284	TAOK1	ENSG00000160551	hsa-miR-1252-3p	MIMAT0026744	0.956205704897055
1285	LSAMP	ENSG00000185565	hsa-miR-1252-3p	MIMAT0026744	0.956144930871397
1286	PSMA8	ENSG00000154611	hsa-miR-137-3p	MIMAT0000429	0.95614433792307
1287	TDG	ENSG00000139372	hsa-miR-1252-3p	MIMAT0026744	0.956049231304707
1288	GRK6	ENSG00000198055	hsa-miR-137-3p	MIMAT0000429	0.956027391745906
1289	TNKS2	ENSG00000107854	hsa-miR-1252-3p	MIMAT0026744	0.955973239683247
1290	PLEKHF2	ENSG00000175895	hsa-miR-137-3p	MIMAT0000429	0.955965352102104
1291	CSNK1A1	ENSG00000113712	hsa-miR-148a-5p	MIMAT0004549	0.955906520772179
1292	ZFP42	ENSG00000179059	hsa-miR-148a-5p	MIMAT0004549	0.955825980543306
1293	NPR3	ENSG00000113389	hsa-miR-1252-3p	MIMAT0026744	0.955809836013575
1294	SLC43A2	ENSG00000167703	hsa-miR-137-3p	MIMAT0000429	0.955804637427701
1295	DBN1	ENSG00000113758	hsa-miR-137-3p	MIMAT0000429	0.955707371289292
1296	PHF20L1	ENSG00000129292	hsa-miR-137-3p	MIMAT0000429	0.955674784855871
1297	ZBTB44	ENSG00000196323	hsa-miR-380-3p	MIMAT0000735	0.955657642434889
1298	TMED5	ENSG00000117500	hsa-miR-380-3p	MIMAT0000735	0.955622054916856
1299	SLC1A5	ENSG00000105281	hsa-miR-137-3p	MIMAT0000429	0.955614776884233
1300	SALL4	ENSG00000101115	hsa-miR-4496	MIMAT0019031	0.955516925044333
1301	NSD3	ENSG00000147548	hsa-miR-1252-3p	MIMAT0026744	0.955466540310565
1302	WWC3	ENSG00000047644	hsa-miR-7154-5p	MIMAT0028218	0.955433244148348
1303	ZNF124	ENSG00000196418	hsa-miR-4496	MIMAT0019031	0.955385615893133
1304	ANKRD33B	ENSG00000164236	hsa-miR-137-3p	MIMAT0000429	0.955384572363511
1305	HACD4	ENSG00000188921	hsa-miR-4496	MIMAT0019031	0.955340372241873
1306	TTN	ENSG00000155657	hsa-miR-329-5p	MIMAT0026555	0.955305191877395
1307	NEBL	ENSG00000078114	hsa-miR-4496	MIMAT0019031	0.955303124049615
1308	FAM222B	ENSG00000173065	hsa-miR-137-3p	MIMAT0000429	0.955281134721028
1309	IGDCC4	ENSG00000103742	hsa-miR-1252-3p	MIMAT0026744	0.955257915734167
1310	FSCN3	ENSG00000106328	hsa-miR-6861-5p	MIMAT0027623	0.955244064682488
1311	C2orf88	ENSG00000187699	hsa-miR-380-3p	MIMAT0000735	0.955208418821418
1312	TTN	ENSG00000155657	hsa-miR-6780a-3p	MIMAT0027461	0.955098409423805
1313	SLC7A14	ENSG00000013293	hsa-miR-1252-3p	MIMAT0026744	0.95505173244339
1314	FAM91A1	ENSG00000176853	hsa-miR-7154-5p	MIMAT0028218	0.954982999962634
1315	AGO1	ENSG00000092847	hsa-miR-4496	MIMAT0019031	0.954979189909208
1316	PIAS4	ENSG00000105229	hsa-miR-137-3p	MIMAT0000429	0.954927557686753
1317	PPP4R3A	ENSG00000100796	hsa-miR-137-3p	MIMAT0000429	0.954819780162743
1318	POU6F2	ENSG00000106536	hsa-miR-6861-5p	MIMAT0027623	0.954774391097088
1319	MSANTD2	ENSG00000120458	hsa-miR-1252-3p	MIMAT0026744	0.954746296265906
1320	NBR1	ENSG00000188554	hsa-miR-148a-5p	MIMAT0004549	0.95473803540438
1321	ASH1L	ENSG00000116539	hsa-miR-137-3p	MIMAT0000429	0.954577082719806
1322	REV3L	ENSG00000009413	hsa-miR-148a-5p	MIMAT0004549	0.954540389694411
1323	PLXNC1	ENSG00000136040	hsa-miR-212-5p	MIMAT0022695	0.954508482649796
1324	FAAH2	ENSG00000165591	hsa-miR-4496	MIMAT0019031	0.954477991641629
1325	ARIH1	ENSG00000166233	hsa-miR-4496	MIMAT0019031	0.954461755826744
1326	PCDH9	ENSG00000184226	hsa-miR-148a-5p	MIMAT0004549	0.954436685733024
1327	CDH20	ENSG00000101542	hsa-miR-380-3p	MIMAT0000735	0.954429336436826
1328	PCDHA12	ENSG00000251664	hsa-miR-4496	MIMAT0019031	0.954334249551865
1329	KL	ENSG00000133116	hsa-miR-4496	MIMAT0019031	0.954253015984244
1330	ELK4	ENSG00000158711	hsa-miR-6780a-3p	MIMAT0027461	0.954243555873428
1331	EIF1	ENSG00000173812	hsa-miR-1252-3p	MIMAT0026744	0.954240576906091
1332	ST6GAL2	ENSG00000144057	hsa-miR-137-3p	MIMAT0000429	0.954228565002236
1333	MAP3K2	ENSG00000169967	hsa-miR-148a-5p	MIMAT0004549	0.954184542861101
1334	IREB2	ENSG00000136381	hsa-miR-5007-5p	MIMAT0021035	0.954144579232978
1335	TEKT1	ENSG00000167858	hsa-miR-3618	MIMAT0017998	0.95410521262596
1336	ZBTB37	ENSG00000185278	hsa-miR-7154-5p	MIMAT0028218	0.95403334689788
1337	VWC2	ENSG00000188730	hsa-miR-1252-3p	MIMAT0026744	0.954025138607676
1338	CDY1	ENSG00000172288	hsa-miR-6861-5p	MIMAT0027623	0.954015813953482
1339	STAC	ENSG00000144681	hsa-miR-137-3p	MIMAT0000429	0.954003565891168
1340	PHTF2	ENSG00000006576	hsa-miR-148a-5p	MIMAT0004549	0.953942107493617
1341	FAM71C	ENSG00000180219	hsa-miR-137-3p	MIMAT0000429	0.953936303858114
1342	SREK1IP1	ENSG00000153006	hsa-miR-137-3p	MIMAT0000429	0.953818995562775
1343	RASGRF2	ENSG00000113319	hsa-miR-1252-3p	MIMAT0026744	0.953812198196179
1344	PDGFD	ENSG00000170962	hsa-miR-380-3p	MIMAT0000735	0.953751043778924
1345	ABCC9	ENSG00000069431	hsa-miR-137-3p	MIMAT0000429	0.953721966790259
1346	DGKG	ENSG00000058866	hsa-miR-4496	MIMAT0019031	0.953711403504737
1347	DNAJC10	ENSG00000077232	hsa-miR-4496	MIMAT0019031	0.953693144511042
1348	OLFM3	ENSG00000118733	hsa-miR-1252-3p	MIMAT0026744	0.953665641351746
1349	SLC35F5	ENSG00000115084	hsa-miR-1252-3p	MIMAT0026744	0.953604648938342
1350	RAPGEF5	ENSG00000136237	hsa-miR-137-3p	MIMAT0000429	0.953559442066805
1351	F13A1	ENSG00000124491	hsa-miR-1252-3p	MIMAT0026744	0.953515718812767
1352	CEP57L1	ENSG00000183137	hsa-miR-148a-5p	MIMAT0004549	0.953509565460532
1353	SLC30A6	ENSG00000152683	hsa-miR-380-3p	MIMAT0000735	0.953478154037013
1354	CALN1	ENSG00000183166	hsa-miR-137-3p	MIMAT0000429	0.953449247244051
1355	DACH1	ENSG00000276644	hsa-miR-7154-5p	MIMAT0028218	0.953435708897455
1356	TMLHE	ENSG00000185973	hsa-miR-137-3p	MIMAT0000429	0.95338230878116
1357	FAM227A	ENSG00000184949	hsa-miR-6780a-3p	MIMAT0027461	0.953377904122628
1358	CADPS	ENSG00000163618	hsa-miR-137-3p	MIMAT0000429	0.953364483035734
1359	MYT1L	ENSG00000186487	hsa-miR-1252-3p	MIMAT0026744	0.953364138619997
1360	RAB11A	ENSG00000103769	hsa-miR-148a-5p	MIMAT0004549	0.95334429935224
1361	ADO	ENSG00000181915	hsa-miR-137-3p	MIMAT0000429	0.953253307960016
1362	HACD2	ENSG00000206527	hsa-miR-1252-3p	MIMAT0026744	0.953230341450202
1363	H4C15	ENSG00000270276	hsa-miR-3618	MIMAT0017998	0.953227452291581
1364	POLR2J2	ENSG00000228049	hsa-miR-4496	MIMAT0019031	0.953190156181662
1365	TNFSF18	ENSG00000120337	hsa-miR-5007-5p	MIMAT0021035	0.953183295817496
1366	REV3L	ENSG00000009413	hsa-miR-329-5p	MIMAT0026555	0.953113457647462
1367	KLRD1	ENSG00000134539	hsa-miR-1252-3p	MIMAT0026744	0.95294888019237
1368	MASP1	ENSG00000127241	hsa-miR-137-3p	MIMAT0000429	0.952856298012332
1369	MED14	ENSG00000180182	hsa-miR-148a-5p	MIMAT0004549	0.952825286614853
1370	RAP2C	ENSG00000123728	hsa-miR-1252-3p	MIMAT0026744	0.952754874820641
1371	FSD1L	ENSG00000106701	hsa-miR-4496	MIMAT0019031	0.952753682578476
1372	RUNX1T1	ENSG00000079102	hsa-miR-542-3p	MIMAT0003389	0.95274995407484
1373	HIPK3	ENSG00000110422	hsa-miR-4496	MIMAT0019031	0.952723539618526
1374	SLC16A6	ENSG00000108932	hsa-miR-137-3p	MIMAT0000429	0.952677916938922
1375	HCFC2	ENSG00000111727	hsa-miR-1252-3p	MIMAT0026744	0.952666116427341
1376	CTBS	ENSG00000117151	hsa-miR-329-5p	MIMAT0026555	0.952631924168137
1377	TCEAL8	ENSG00000180964	hsa-miR-6780a-3p	MIMAT0027461	0.952547470428819
1378	NT5DC4	ENSG00000144130	hsa-miR-4496	MIMAT0019031	0.952539391359937
1379	ASH1L	ENSG00000116539	hsa-miR-4496	MIMAT0019031	0.952516810127826
1380	PSME3	ENSG00000131467	hsa-miR-4496	MIMAT0019031	0.95248636595016
1381	MRPL42	ENSG00000198015	hsa-miR-380-3p	MIMAT0000735	0.952478236262053
1382	CDY1B	ENSG00000172352	hsa-miR-6861-5p	MIMAT0027623	0.952475183914047
1383	GBP3	ENSG00000117226	hsa-miR-137-3p	MIMAT0000429	0.952471217131771
1384	XRN1	ENSG00000114127	hsa-miR-137-3p	MIMAT0000429	0.952418017556804
1385	PHF3	ENSG00000118482	hsa-miR-1252-3p	MIMAT0026744	0.952356043340319
1386	CAND1	ENSG00000111530	hsa-miR-1252-3p	MIMAT0026744	0.95229110552769
1387	RIOK2	ENSG00000058729	hsa-miR-212-5p	MIMAT0022695	0.95229074244772
1388	SMURF1	ENSG00000198742	hsa-miR-380-3p	MIMAT0000735	0.952274660524447
1389	AL358113.1	ENSG00000285130	hsa-miR-6780a-3p	MIMAT0027461	0.952216008474908
1390	TNKS	ENSG00000173273	hsa-miR-6780a-3p	MIMAT0027461	0.952196100658462
1391	BRWD3	ENSG00000165288	hsa-miR-6861-5p	MIMAT0027623	0.952191673276637
1392	HSBP1	ENSG00000230989	hsa-miR-3618	MIMAT0017998	0.952145686122131
1393	SEPTIN4	ENSG00000108387	hsa-miR-6780a-3p	MIMAT0027461	0.952143764666828
1394	GDAP2	ENSG00000196505	hsa-miR-380-3p	MIMAT0000735	0.952128982090705
1395	POLR1A	ENSG00000068654	hsa-miR-4496	MIMAT0019031	0.952117829734012
1396	TMEM200C	ENSG00000206432	hsa-miR-1252-3p	MIMAT0026744	0.952106448086686
1397	HNRNPLL	ENSG00000143889	hsa-miR-3618	MIMAT0017998	0.952104951212439
1398	DACH2	ENSG00000126733	hsa-miR-1252-3p	MIMAT0026744	0.952103192940119
1399	AR	ENSG00000169083	hsa-miR-4496	MIMAT0019031	0.952089025826645
1400	CACUL1	ENSG00000151893	hsa-miR-542-3p	MIMAT0003389	0.952087751026671
1401	PAFAH1B1	ENSG00000007168	hsa-miR-380-3p	MIMAT0000735	0.952065605441963
1402	PDZD4	ENSG00000067840	hsa-miR-3618	MIMAT0017998	0.952031742932278
1403	EIF4E3	ENSG00000163412	hsa-miR-148a-5p	MIMAT0004549	0.952024390661701
1404	IL36B	ENSG00000136696	hsa-miR-7154-5p	MIMAT0028218	0.952002211039039
1405	GULP1	ENSG00000144366	hsa-miR-1252-3p	MIMAT0026744	0.951994542661837
1406	RO60	ENSG00000116747	hsa-miR-4496	MIMAT0019031	0.95194549093833
1407	RBM6	ENSG00000004534	hsa-miR-148a-5p	MIMAT0004549	0.951885340499968
1408	FAM160A1	ENSG00000164142	hsa-miR-4496	MIMAT0019031	0.951812547338734
1409	CCDC126	ENSG00000169193	hsa-miR-7154-5p	MIMAT0028218	0.951754715712606
1410	USP37	ENSG00000135913	hsa-miR-4496	MIMAT0019031	0.951751383704431
1411	CSRNP3	ENSG00000178662	hsa-miR-1252-3p	MIMAT0026744	0.951683504978521
1412	ZNF385D	ENSG00000151789	hsa-miR-137-3p	MIMAT0000429	0.951594939590108
1413	NAB1	ENSG00000138386	hsa-miR-7154-5p	MIMAT0028218	0.951578463597684
1414	TRIM33	ENSG00000197323	hsa-miR-3618	MIMAT0017998	0.951578070515774
1415	SLITRK4	ENSG00000179542	hsa-miR-329-5p	MIMAT0026555	0.951554416688194
1416	INTS6	ENSG00000102786	hsa-miR-380-3p	MIMAT0000735	0.951539469934382
1417	ATP11B	ENSG00000058063	hsa-miR-137-3p	MIMAT0000429	0.951519451443665
1418	SYT9	ENSG00000170743	hsa-miR-212-5p	MIMAT0022695	0.951425871983175
1419	COL5A1	ENSG00000130635	hsa-miR-137-3p	MIMAT0000429	0.951412434528339
1420	DDX25	ENSG00000109832	hsa-miR-542-3p	MIMAT0003389	0.951366989900744
1421	WASL	ENSG00000106299	hsa-miR-1252-3p	MIMAT0026744	0.951345760916456
1422	TSPAN13	ENSG00000106537	hsa-miR-7154-5p	MIMAT0028218	0.95132718286885
1423	PDE1C	ENSG00000154678	hsa-miR-1252-3p	MIMAT0026744	0.951322855568992
1424	RRM1	ENSG00000167325	hsa-miR-7154-5p	MIMAT0028218	0.95126522094634
1425	VMA21	ENSG00000160131	hsa-miR-1252-3p	MIMAT0026744	0.951203410186663
1426	TMEM168	ENSG00000146802	hsa-miR-3618	MIMAT0017998	0.951162337467596
1427	ZBTB33	ENSG00000177485	hsa-miR-4496	MIMAT0019031	0.95103495124905
1428	SHOC2	ENSG00000108061	hsa-miR-380-3p	MIMAT0000735	0.951023440448507
1429	BRWD1	ENSG00000185658	hsa-miR-148a-5p	MIMAT0004549	0.951004047177372
1430	GDPD1	ENSG00000153982	hsa-miR-1252-3p	MIMAT0026744	0.950965784949276
1431	ZFHX2	ENSG00000136367	hsa-miR-6780a-3p	MIMAT0027461	0.950871922400544
1432	ABCG4	ENSG00000172350	hsa-miR-329-5p	MIMAT0026555	0.95085316519585
1433	PCGF5	ENSG00000180628	hsa-miR-137-3p	MIMAT0000429	0.950842768185913
1434	KIAA1958	ENSG00000165185	hsa-miR-137-3p	MIMAT0000429	0.950799217845618
1435	AC093884.1	ENSG00000286239	hsa-miR-7154-5p	MIMAT0028218	0.950745306996133
1436	ZMAT3	ENSG00000172667	hsa-miR-1252-3p	MIMAT0026744	0.950715966968141
1437	LRRC41	ENSG00000132128	hsa-miR-542-3p	MIMAT0003389	0.950705774611869
1438	ALPG	ENSG00000163286	hsa-miR-137-3p	MIMAT0000429	0.95063898136033
1439	AC118553.2	ENSG00000283761	hsa-miR-542-3p	MIMAT0003389	0.950636004822134
1440	SLC38A6	ENSG00000139974	hsa-miR-1252-3p	MIMAT0026744	0.950502951707562
1441	ZCCHC9	ENSG00000131732	hsa-miR-137-3p	MIMAT0000429	0.95044192714436
1442	TCF7L2	ENSG00000148737	hsa-miR-380-3p	MIMAT0000735	0.950402162062794
1443	PITPNC1	ENSG00000154217	hsa-miR-1252-3p	MIMAT0026744	0.950387768775363
1444	PPP1R3B	ENSG00000173281	hsa-miR-4496	MIMAT0019031	0.950375316054971
1445	FAM98A	ENSG00000119812	hsa-miR-6780a-3p	MIMAT0027461	0.950334660003485
1446	ZNF678	ENSG00000181450	hsa-miR-380-3p	MIMAT0000735	0.950311012707468
1447	SRGAP1	ENSG00000196935	hsa-miR-4496	MIMAT0019031	0.950280148759716
1448	INTS2	ENSG00000108506	hsa-miR-148a-5p	MIMAT0004549	0.950268932053418
1449	PTPRG	ENSG00000144724	hsa-miR-1252-3p	MIMAT0026744	0.950217855894893
1450	ITM2B	ENSG00000136156	hsa-miR-4496	MIMAT0019031	0.950201278035387
1451	SP110	ENSG00000135899	hsa-miR-380-3p	MIMAT0000735	0.950181057382463
1452	RCOR3	ENSG00000117625	hsa-miR-380-3p	MIMAT0000735	0.950136463523659
1453	FAM117B	ENSG00000138439	hsa-miR-148a-5p	MIMAT0004549	0.950080902285934
1454	SPATA17	ENSG00000162814	hsa-miR-542-3p	MIMAT0003389	0.950076079024543
1455	FLNA	ENSG00000196924	hsa-miR-212-5p	MIMAT0022695	0.950027597684554
1456	ADAMTS19	ENSG00000145808	hsa-miR-7154-5p	MIMAT0028218	0.950026566377581
1457	SHROOM2	ENSG00000146950	hsa-miR-4496	MIMAT0019031	0.950017798017
1458	ABCG2	ENSG00000118777	hsa-miR-4496	MIMAT0019031	0.949974411125912
1459	HECW2	ENSG00000138411	hsa-miR-542-3p	MIMAT0003389	0.949967791959656
1460	SLC36A4	ENSG00000180773	hsa-miR-137-3p	MIMAT0000429	0.949952195632289
1461	CEP97	ENSG00000182504	hsa-miR-1252-3p	MIMAT0026744	0.949951789286903
1462	FABP6	ENSG00000170231	hsa-miR-7154-5p	MIMAT0028218	0.949929627270368
1463	SF3B1	ENSG00000115524	hsa-miR-6780a-3p	MIMAT0027461	0.949754262124428
1464	ZBTB7A	ENSG00000178951	hsa-miR-137-3p	MIMAT0000429	0.94974218789797
1465	OR2AT4	ENSG00000171561	hsa-miR-380-3p	MIMAT0000735	0.949693740916932
1466	ELL	ENSG00000105656	hsa-miR-4496	MIMAT0019031	0.949693052025922
1467	GPR158	ENSG00000151025	hsa-miR-137-3p	MIMAT0000429	0.949673588953619
1468	REV3L	ENSG00000009413	hsa-miR-7154-5p	MIMAT0028218	0.949672814099303
1469	TUG1	ENSG00000253352	hsa-miR-329-5p	MIMAT0026555	0.94966026314502
1470	TRAPPC2	ENSG00000196459	hsa-miR-542-3p	MIMAT0003389	0.949642698871043
1471	HNRNPA0	ENSG00000177733	hsa-miR-5007-5p	MIMAT0021035	0.949636402773293
1472	HLA-DRA	ENSG00000204287	hsa-miR-4496	MIMAT0019031	0.949623263127269
1473	FUBP1	ENSG00000162613	hsa-miR-4496	MIMAT0019031	0.949622027603254
1474	CTTNBP2NL	ENSG00000143079	hsa-miR-1252-3p	MIMAT0026744	0.949619125969326
1475	RBFOX2	ENSG00000100320	hsa-miR-6780a-3p	MIMAT0027461	0.949577240152603
1476	BTF3L4	ENSG00000134717	hsa-miR-1252-3p	MIMAT0026744	0.949557656347256
1477	ADSL	ENSG00000239900	hsa-miR-380-3p	MIMAT0000735	0.949528459857696
1478	PEX19	ENSG00000162735	hsa-miR-542-3p	MIMAT0003389	0.949521234545755
1479	FGF14	ENSG00000102466	hsa-miR-542-3p	MIMAT0003389	0.949521158196912
1480	YIF1B	ENSG00000167645	hsa-miR-4496	MIMAT0019031	0.949518437310232
1481	KMT2E	ENSG00000005483	hsa-miR-542-3p	MIMAT0003389	0.949507571684007
1482	TASOR2	ENSG00000108021	hsa-miR-1252-3p	MIMAT0026744	0.949415266589452
1483	SLCO3A1	ENSG00000176463	hsa-miR-4496	MIMAT0019031	0.949375054442335
1484	CACNA1I	ENSG00000100346	hsa-miR-137-3p	MIMAT0000429	0.949272805241001
1485	ACP3	ENSG00000014257	hsa-miR-329-5p	MIMAT0026555	0.949251844951723
1486	ZNF746	ENSG00000181220	hsa-miR-1252-3p	MIMAT0026744	0.949226503022814
1487	LECT2	ENSG00000145826	hsa-miR-542-3p	MIMAT0003389	0.949208576975109
1488	ZNF224	ENSG00000267680	hsa-miR-7154-5p	MIMAT0028218	0.949139966513076
1489	LSAMP	ENSG00000185565	hsa-miR-3618	MIMAT0017998	0.949113133002646
1490	FOXN3	ENSG00000053254	hsa-miR-7154-5p	MIMAT0028218	0.949070942200238
1491	GOT2	ENSG00000125166	hsa-miR-3618	MIMAT0017998	0.94906437922502
1492	VSNL1	ENSG00000163032	hsa-miR-1252-3p	MIMAT0026744	0.949056593529638
1493	SESTD1	ENSG00000187231	hsa-miR-3618	MIMAT0017998	0.949055171906835
1494	GABRG2	ENSG00000113327	hsa-miR-148a-5p	MIMAT0004549	0.949019839790893
1495	DMRTA1	ENSG00000176399	hsa-miR-137-3p	MIMAT0000429	0.949018959103741
1496	FBN2	ENSG00000138829	hsa-miR-212-5p	MIMAT0022695	0.948946993811744
1497	DPP8	ENSG00000074603	hsa-miR-137-3p	MIMAT0000429	0.94894467538648
1498	DPP10	ENSG00000175497	hsa-miR-4496	MIMAT0019031	0.948937003010628
1499	DISP2	ENSG00000140323	hsa-miR-6780a-3p	MIMAT0027461	0.94886926353987
1500	PRKAR2B	ENSG00000005249	hsa-miR-137-3p	MIMAT0000429	0.948862274847896
1501	TMEM215	ENSG00000188133	hsa-miR-4496	MIMAT0019031	0.948851472046855
1502	CCDC50	ENSG00000152492	hsa-miR-1252-3p	MIMAT0026744	0.948786237569474
1503	STEAP4	ENSG00000127954	hsa-miR-7154-5p	MIMAT0028218	0.948727305146452
1504	RIMKLA	ENSG00000177181	hsa-miR-1252-3p	MIMAT0026744	0.948720375342796
1505	TOX3	ENSG00000103460	hsa-miR-7154-5p	MIMAT0028218	0.948703172648862
1506	YTHDF3	ENSG00000185728	hsa-miR-3618	MIMAT0017998	0.948658564342434
1507	LYPLA1	ENSG00000120992	hsa-miR-380-3p	MIMAT0000735	0.948539609156939
1508	FAM9C	ENSG00000187268	hsa-miR-380-3p	MIMAT0000735	0.948513176377484
1509	ELAVL2	ENSG00000107105	hsa-miR-380-3p	MIMAT0000735	0.9484890726383
1510	DCUN1D5	ENSG00000137692	hsa-miR-4496	MIMAT0019031	0.948475966009848
1511	INTS6	ENSG00000102786	hsa-miR-1252-3p	MIMAT0026744	0.948474413235344
1512	ETV5	ENSG00000244405	hsa-miR-137-3p	MIMAT0000429	0.948442297487368
1513	ZBTB37	ENSG00000185278	hsa-miR-1252-3p	MIMAT0026744	0.948436755088288
1514	ADAR	ENSG00000160710	hsa-miR-4496	MIMAT0019031	0.948403699631881
1515	FBXL4	ENSG00000112234	hsa-miR-380-3p	MIMAT0000735	0.948383556674233
1516	CEP78	ENSG00000148019	hsa-miR-329-5p	MIMAT0026555	0.948363210526451
1517	NUDT4	ENSG00000173598	hsa-miR-1252-3p	MIMAT0026744	0.948346310324899
1518	TRIM44	ENSG00000166326	hsa-miR-4496	MIMAT0019031	0.948337716343856
1519	VPS13A	ENSG00000197969	hsa-miR-4496	MIMAT0019031	0.948283197222812
1520	OSBPL6	ENSG00000079156	hsa-miR-329-5p	MIMAT0026555	0.948282348861464
1521	GNAQ	ENSG00000156052	hsa-miR-6780a-3p	MIMAT0027461	0.948281018005271
1522	MCU	ENSG00000156026	hsa-miR-1252-3p	MIMAT0026744	0.948152642848522
1523	TRPM8	ENSG00000144481	hsa-miR-7154-5p	MIMAT0028218	0.948145039683073
1524	SPDYE16	ENSG00000185040	hsa-miR-380-3p	MIMAT0000735	0.948103448475285
1525	UBN2	ENSG00000157741	hsa-miR-380-3p	MIMAT0000735	0.948067586156633
1526	IGFL3	ENSG00000188624	hsa-miR-137-3p	MIMAT0000429	0.948031720601088
1527	LYN	ENSG00000254087	hsa-miR-4496	MIMAT0019031	0.948019918720056
1528	RGS4	ENSG00000117152	hsa-miR-5007-5p	MIMAT0021035	0.947931162574405
1529	CDY2A	ENSG00000182415	hsa-miR-6861-5p	MIMAT0027623	0.947900016605708
1530	ATRX	ENSG00000085224	hsa-miR-380-3p	MIMAT0000735	0.947854647209455
1531	FLRT2	ENSG00000185070	hsa-miR-137-3p	MIMAT0000429	0.947836823866597
1532	SLC4A4	ENSG00000080493	hsa-miR-1252-3p	MIMAT0026744	0.947830663537427
1533	WIPF2	ENSG00000171475	hsa-miR-329-5p	MIMAT0026555	0.947820810935751
1534	ATRNL1	ENSG00000107518	hsa-miR-7154-5p	MIMAT0028218	0.947818331471321
1535	EIF1AY	ENSG00000198692	hsa-miR-7154-5p	MIMAT0028218	0.947800941431049
1536	IPO11	ENSG00000086200	hsa-miR-4496	MIMAT0019031	0.947790895208237
1537	RAB33B	ENSG00000172007	hsa-miR-7154-5p	MIMAT0028218	0.94778625053134
1538	MTRNR2L7	ENSG00000256892	hsa-miR-1288-5p	MIMAT0026743	0.947774541156836
1539	FNDC3A	ENSG00000102531	hsa-miR-1252-3p	MIMAT0026744	0.947725014040928
1540	CAPRIN1	ENSG00000135387	hsa-miR-542-3p	MIMAT0003389	0.947684620847607
1541	STXBP4	ENSG00000166263	hsa-miR-1252-3p	MIMAT0026744	0.947633106781001
1542	ZNF16	ENSG00000170631	hsa-miR-7154-5p	MIMAT0028218	0.947574202238935
1543	DCUN1D1	ENSG00000043093	hsa-miR-542-3p	MIMAT0003389	0.947567701981052
1544	EFCAB14	ENSG00000159658	hsa-miR-137-3p	MIMAT0000429	0.947456773570363
1545	RORA	ENSG00000069667	hsa-miR-1252-3p	MIMAT0026744	0.947443170470778
1546	FAM210B	ENSG00000124098	hsa-miR-137-3p	MIMAT0000429	0.947438543924487
1547	RNF4	ENSG00000063978	hsa-miR-137-3p	MIMAT0000429	0.947413902809847
1548	MRRF	ENSG00000148187	hsa-miR-6780a-3p	MIMAT0027461	0.947407567516516
1549	AZIN1	ENSG00000155096	hsa-miR-380-3p	MIMAT0000735	0.947403495863758
1550	AGO3	ENSG00000126070	hsa-miR-137-3p	MIMAT0000429	0.947372359941673
1551	C2orf68	ENSG00000168887	hsa-miR-1252-3p	MIMAT0026744	0.947358511320787
1552	C6orf120	ENSG00000185127	hsa-miR-7154-5p	MIMAT0028218	0.947336099508748
1553	CDY2B	ENSG00000129873	hsa-miR-6861-5p	MIMAT0027623	0.947230153486473
1554	OXR1	ENSG00000164830	hsa-miR-137-3p	MIMAT0000429	0.947165252252718
1555	GMFB	ENSG00000197045	hsa-miR-148a-5p	MIMAT0004549	0.947121798551657
1556	KIAA2026	ENSG00000183354	hsa-miR-380-3p	MIMAT0000735	0.947120774268087
1557	ZNF26	ENSG00000198393	hsa-miR-137-3p	MIMAT0000429	0.947107109316403
1558	CACNB4	ENSG00000182389	hsa-miR-1252-3p	MIMAT0026744	0.947104688824651
1559	CYBB	ENSG00000165168	hsa-miR-4496	MIMAT0019031	0.947092915415193
1560	HECW2	ENSG00000138411	hsa-miR-7154-5p	MIMAT0028218	0.94699637180888
1561	EMG1	ENSG00000126749	hsa-miR-212-5p	MIMAT0022695	0.946986043821571
1562	C9	ENSG00000113600	hsa-miR-7154-5p	MIMAT0028218	0.946882906903575
1563	KPNB1	ENSG00000108424	hsa-miR-6780a-3p	MIMAT0027461	0.946851244513816
1564	SEMA4D	ENSG00000187764	hsa-miR-3618	MIMAT0017998	0.946742952529932
1565	RNF2	ENSG00000121481	hsa-miR-148a-5p	MIMAT0004549	0.946720648325827
1566	MAU2	ENSG00000129933	hsa-miR-4496	MIMAT0019031	0.94670982173769
1567	STAT2	ENSG00000170581	hsa-miR-6780a-3p	MIMAT0027461	0.946665419579759
1568	BHLHA15	ENSG00000180535	hsa-miR-7154-5p	MIMAT0028218	0.946662453075656
1569	ECHDC1	ENSG00000093144	hsa-miR-1252-3p	MIMAT0026744	0.946655409190407
1570	MED1	ENSG00000125686	hsa-miR-137-3p	MIMAT0000429	0.946627835369729
1571	TTLL7	ENSG00000137941	hsa-miR-137-3p	MIMAT0000429	0.946560711554606
1572	POU2AF1	ENSG00000110777	hsa-miR-542-3p	MIMAT0003389	0.946552786435189
1573	UBR5	ENSG00000104517	hsa-miR-1252-3p	MIMAT0026744	0.946549386340196
1574	NEB	ENSG00000183091	hsa-miR-212-5p	MIMAT0022695	0.946529167148825
1575	FRK	ENSG00000111816	hsa-miR-380-3p	MIMAT0000735	0.946466723558131
1576	SNX11	ENSG00000002919	hsa-miR-7154-5p	MIMAT0028218	0.946430622922728
1577	TCTN3	ENSG00000119977	hsa-miR-137-3p	MIMAT0000429	0.946420953181727
1578	PAPSS2	ENSG00000198682	hsa-miR-542-3p	MIMAT0003389	0.946262437026031
1579	SEPTIN3	ENSG00000100167	hsa-miR-137-3p	MIMAT0000429	0.946175983067719
1580	MED1	ENSG00000125686	hsa-miR-1252-3p	MIMAT0026744	0.946050355752697
1581	TLCD5	ENSG00000181264	hsa-miR-1252-3p	MIMAT0026744	0.94601344649226
1582	TMEM255A	ENSG00000125355	hsa-miR-3618	MIMAT0017998	0.9460015756272
1583	OXCT1	ENSG00000083720	hsa-miR-1252-3p	MIMAT0026744	0.945994146693154
1584	PCDH19	ENSG00000165194	hsa-miR-3618	MIMAT0017998	0.945988743617527
1585	CCDC73	ENSG00000186714	hsa-miR-380-3p	MIMAT0000735	0.945951029891072
1586	HS3ST3A1	ENSG00000153976	hsa-miR-1252-3p	MIMAT0026744	0.945903090979954
1587	CTNNB1	ENSG00000168036	hsa-miR-148a-5p	MIMAT0004549	0.945897400397383
1588	ACVR2B	ENSG00000114739	hsa-miR-4496	MIMAT0019031	0.945857214013056
1589	TENM1	ENSG00000009694	hsa-miR-1252-3p	MIMAT0026744	0.945837297413728
1590	MTAP	ENSG00000099810	hsa-miR-137-3p	MIMAT0000429	0.945696752269426
1591	USH2A	ENSG00000042781	hsa-miR-542-3p	MIMAT0003389	0.945677176816499
1592	ERICH3	ENSG00000178965	hsa-miR-4496	MIMAT0019031	0.945651234195268
1593	HNRNPH3	ENSG00000096746	hsa-miR-148a-5p	MIMAT0004549	0.945613556774645
1594	FOXJ1	ENSG00000129654	hsa-miR-7154-5p	MIMAT0028218	0.945531808975162
1595	METTL17	ENSG00000165792	hsa-miR-542-3p	MIMAT0003389	0.945530863378667
1596	AL049697.1	ENSG00000213204	hsa-miR-212-5p	MIMAT0022695	0.945505262784598
1597	DFFB	ENSG00000169598	hsa-miR-137-3p	MIMAT0000429	0.945497849879427
1598	PCDH9	ENSG00000184226	hsa-miR-3618	MIMAT0017998	0.945473856304766
1599	CDC73	ENSG00000134371	hsa-miR-148a-5p	MIMAT0004549	0.94544789208838
1600	ATP6V0A2	ENSG00000185344	hsa-miR-542-3p	MIMAT0003389	0.945439687354778
1601	EXT1	ENSG00000182197	hsa-miR-212-5p	MIMAT0022695	0.945376267034766
1602	SRGAP3	ENSG00000196220	hsa-miR-4496	MIMAT0019031	0.94536614236714
1603	H2AZ2	ENSG00000105968	hsa-miR-380-3p	MIMAT0000735	0.945362600287216
1604	RNGTT	ENSG00000111880	hsa-miR-137-3p	MIMAT0000429	0.945350005137477
1605	DARS2	ENSG00000117593	hsa-miR-6780a-3p	MIMAT0027461	0.945339377123684
1606	MEX3B	ENSG00000183496	hsa-miR-1252-3p	MIMAT0026744	0.945335010394077
1607	TNRC6B	ENSG00000100354	hsa-miR-329-5p	MIMAT0026555	0.945333258816933
1608	PAQR3	ENSG00000163291	hsa-miR-1252-3p	MIMAT0026744	0.945322344514681
1609	PAK2	ENSG00000180370	hsa-miR-148a-5p	MIMAT0004549	0.945316082209669
1610	QSER1	ENSG00000060749	hsa-miR-137-3p	MIMAT0000429	0.945311117661762
1611	FAM204A	ENSG00000165669	hsa-miR-1252-3p	MIMAT0026744	0.945276544147688
1612	KHDRBS3	ENSG00000131773	hsa-miR-148a-5p	MIMAT0004549	0.945272950458708
1613	FLRT2	ENSG00000185070	hsa-miR-542-3p	MIMAT0003389	0.945217956060658
1614	PDE11A	ENSG00000128655	hsa-miR-380-3p	MIMAT0000735	0.945122403919375
1615	CLMN	ENSG00000165959	hsa-miR-4496	MIMAT0019031	0.945122125974626
1616	AJAP1	ENSG00000196581	hsa-miR-148a-5p	MIMAT0004549	0.945087320654703
1617	PGR	ENSG00000082175	hsa-miR-380-3p	MIMAT0000735	0.945002084502283
1618	MEIS1	ENSG00000143995	hsa-miR-1252-3p	MIMAT0026744	0.944973694675301
1619	ADAMTS3	ENSG00000156140	hsa-miR-380-3p	MIMAT0000735	0.944897016595615
1620	ZNF148	ENSG00000163848	hsa-miR-1252-3p	MIMAT0026744	0.944870483579074
1621	AP5M1	ENSG00000053770	hsa-miR-4496	MIMAT0019031	0.94478918497888
1622	IFIT3	ENSG00000119917	hsa-miR-137-3p	MIMAT0000429	0.944772890494729
1623	MGAT5	ENSG00000152127	hsa-miR-542-3p	MIMAT0003389	0.944694018367981
1624	TRAF5	ENSG00000082512	hsa-miR-7154-5p	MIMAT0028218	0.944686654064743
1625	POP4	ENSG00000105171	hsa-miR-6780a-3p	MIMAT0027461	0.94466182811664
1626	DCP1A	ENSG00000272886	hsa-miR-1252-3p	MIMAT0026744	0.944646360758682
1627	NEO1	ENSG00000067141	hsa-miR-3618	MIMAT0017998	0.944613424362219
1628	CHD9	ENSG00000177200	hsa-miR-7154-5p	MIMAT0028218	0.944608690959823
1629	PXDNL	ENSG00000147485	hsa-miR-137-3p	MIMAT0000429	0.94457443863389
1630	ZBTB6	ENSG00000186130	hsa-miR-380-3p	MIMAT0000735	0.944548080876382
1631	WDR36	ENSG00000134987	hsa-miR-1252-3p	MIMAT0026744	0.944447574411032
1632	BMP3	ENSG00000152785	hsa-miR-1252-3p	MIMAT0026744	0.944420121003172
1633	ERVFRD-1	ENSG00000244476	hsa-miR-6780a-3p	MIMAT0027461	0.944404633642409
1634	SLCO1A2	ENSG00000084453	hsa-miR-329-5p	MIMAT0026555	0.944356663718119
1635	FAM90A1	ENSG00000171847	hsa-miR-5007-5p	MIMAT0021035	0.944315769000996
1636	SYNCRIP	ENSG00000135316	hsa-miR-137-3p	MIMAT0000429	0.944314106794722
1637	SLC30A1	ENSG00000170385	hsa-miR-148a-5p	MIMAT0004549	0.944213031282306
1638	DCX	ENSG00000077279	hsa-miR-4496	MIMAT0019031	0.944155064640798
1639	SKI	ENSG00000157933	hsa-miR-137-3p	MIMAT0000429	0.944132986898699
1640	ETNK1	ENSG00000139163	hsa-miR-380-3p	MIMAT0000735	0.944058201554864
1641	INTS6	ENSG00000102786	hsa-miR-4496	MIMAT0019031	0.944056119622285
1642	SH3TC2	ENSG00000169247	hsa-miR-7154-5p	MIMAT0028218	0.944055674526662
1643	HMGCLL1	ENSG00000146151	hsa-miR-148a-5p	MIMAT0004549	0.944052944516199
1644	ABHD13	ENSG00000139826	hsa-miR-137-3p	MIMAT0000429	0.944040497666443
1645	RASAL2	ENSG00000075391	hsa-miR-4496	MIMAT0019031	0.944038979507711
1646	OR5D3P	ENSG00000186886	hsa-miR-380-3p	MIMAT0000735	0.944025738414127
1647	PTPRG	ENSG00000144724	hsa-miR-148a-5p	MIMAT0004549	0.943958416252629
1648	KCTD16	ENSG00000183775	hsa-miR-1252-3p	MIMAT0026744	0.943949086617468
1649	NEXMIF	ENSG00000050030	hsa-miR-3618	MIMAT0017998	0.943885700425356
1650	SSR3	ENSG00000114850	hsa-miR-137-3p	MIMAT0000429	0.943842798912309
1651	VPS50	ENSG00000004766	hsa-miR-1252-3p	MIMAT0026744	0.943824432387144
1652	ZNF614	ENSG00000142556	hsa-miR-7154-5p	MIMAT0028218	0.943768241514646
1653	MAP10	ENSG00000212916	hsa-miR-7154-5p	MIMAT0028218	0.94375852251552
1654	ALG10B	ENSG00000175548	hsa-miR-1252-3p	MIMAT0026744	0.943706427673818
1655	AFTPH	ENSG00000119844	hsa-miR-380-3p	MIMAT0000735	0.943705859789334
1656	PPP1R17	ENSG00000106341	hsa-miR-5007-5p	MIMAT0021035	0.943689932548114
1657	GPC4	ENSG00000076716	hsa-miR-1252-3p	MIMAT0026744	0.943626214074431
1658	ERCC5	ENSG00000134899	hsa-miR-329-5p	MIMAT0026555	0.943615829593927
1659	PDZD8	ENSG00000165650	hsa-miR-380-3p	MIMAT0000735	0.943612935399607
1660	ARL5B	ENSG00000165997	hsa-miR-1252-3p	MIMAT0026744	0.94356315162372
1661	ATP2B1	ENSG00000070961	hsa-miR-1252-3p	MIMAT0026744	0.943508845748189
1662	DCUN1D1	ENSG00000043093	hsa-miR-137-3p	MIMAT0000429	0.943505435110926
1663	DECR1	ENSG00000104325	hsa-miR-380-3p	MIMAT0000735	0.943504086757493
1664	NAALADL2	ENSG00000177694	hsa-miR-380-3p	MIMAT0000735	0.94342478763893
1665	ZNF141	ENSG00000131127	hsa-miR-329-5p	MIMAT0026555	0.943399581152991
1666	RAB3B	ENSG00000169213	hsa-miR-4496	MIMAT0019031	0.943395257572521
1667	GPR85	ENSG00000164604	hsa-miR-137-3p	MIMAT0000429	0.943377967502048
1668	VKORC1L1	ENSG00000196715	hsa-miR-1252-3p	MIMAT0026744	0.943355794810125
1669	KCNJ1	ENSG00000151704	hsa-miR-7154-5p	MIMAT0028218	0.943282451272926
1670	H3-5	ENSG00000188375	hsa-miR-4496	MIMAT0019031	0.943264783036692
1671	PPM1L	ENSG00000163590	hsa-miR-1252-3p	MIMAT0026744	0.943233749340784
1672	TRHDE	ENSG00000072657	hsa-miR-7154-5p	MIMAT0028218	0.943109842134928
1673	KPNA1	ENSG00000114030	hsa-miR-1252-3p	MIMAT0026744	0.943004418227619
1674	BOLA2-SMG1P6	ENSG00000261740	hsa-miR-3618	MIMAT0017998	0.942943249242961
1675	TMEM87B	ENSG00000153214	hsa-miR-137-3p	MIMAT0000429	0.942925541003366
1676	PIK3R1	ENSG00000145675	hsa-miR-1252-3p	MIMAT0026744	0.942835530125881
1677	KALRN	ENSG00000160145	hsa-miR-137-3p	MIMAT0000429	0.942805231517124
1678	MAPKAPK5	ENSG00000089022	hsa-miR-1252-3p	MIMAT0026744	0.942751970437897
1679	FAM117B	ENSG00000138439	hsa-miR-137-3p	MIMAT0000429	0.942736058368671
1680	RRAGB	ENSG00000083750	hsa-miR-4496	MIMAT0019031	0.94272701944655
1681	NFIB	ENSG00000147862	hsa-miR-148a-5p	MIMAT0004549	0.942712574150951
1682	TTN	ENSG00000155657	hsa-miR-7154-5p	MIMAT0028218	0.942599192892808
1683	SLC6A4	ENSG00000108576	hsa-miR-7154-5p	MIMAT0028218	0.942556175180133
1684	KCMF1	ENSG00000176407	hsa-miR-542-3p	MIMAT0003389	0.942551079541435
1685	PYGO1	ENSG00000171016	hsa-miR-4496	MIMAT0019031	0.942493047277779
1686	THRAP3	ENSG00000054118	hsa-miR-6780a-3p	MIMAT0027461	0.942433868951993
1687	TUG1	ENSG00000253352	hsa-miR-4496	MIMAT0019031	0.942392670954413
1688	PTPN11	ENSG00000179295	hsa-miR-1252-3p	MIMAT0026744	0.942369900626477
1689	ACOT11	ENSG00000162390	hsa-miR-542-3p	MIMAT0003389	0.942344608962678
1690	COLGALT2	ENSG00000198756	hsa-miR-542-3p	MIMAT0003389	0.942302298500008
1691	FBXW2	ENSG00000119402	hsa-miR-1252-3p	MIMAT0026744	0.94228008538967
1692	ZNF699	ENSG00000196110	hsa-miR-4496	MIMAT0019031	0.942224340229414
1693	AC139491.7	ENSG00000285476	hsa-miR-1252-3p	MIMAT0026744	0.942177315691062
1694	YY1	ENSG00000100811	hsa-miR-4496	MIMAT0019031	0.942111031448983
1695	MARCKS	ENSG00000277443	hsa-miR-6861-5p	MIMAT0027623	0.942010029161377
1696	CTDSPL2	ENSG00000137770	hsa-miR-1252-3p	MIMAT0026744	0.942006625518982
1697	PRICKLE1	ENSG00000139174	hsa-miR-137-3p	MIMAT0000429	0.941885558825446
1698	FAM171B	ENSG00000144369	hsa-miR-1252-3p	MIMAT0026744	0.941877974556117
1699	PTGFRN	ENSG00000134247	hsa-miR-6780a-3p	MIMAT0027461	0.94187008006943
1700	PPM1K	ENSG00000163644	hsa-miR-1252-3p	MIMAT0026744	0.941758783616053
1701	SULT1C4	ENSG00000198075	hsa-miR-6861-5p	MIMAT0027623	0.941749396894928
1702	ACADVL	ENSG00000072778	hsa-miR-7154-5p	MIMAT0028218	0.941723356471405
1703	YPEL2	ENSG00000175155	hsa-miR-1252-3p	MIMAT0026744	0.941644179384366
1704	SLC25A31	ENSG00000151475	hsa-miR-380-3p	MIMAT0000735	0.941636712256749
1705	TXNDC17	ENSG00000129235	hsa-miR-137-3p	MIMAT0000429	0.941624271822197
1706	XPO7	ENSG00000130227	hsa-miR-6780a-3p	MIMAT0027461	0.941616920692003
1707	UTY	ENSG00000183878	hsa-miR-1252-3p	MIMAT0026744	0.941564770786752
1708	BLID	ENSG00000259571	hsa-miR-7154-5p	MIMAT0028218	0.94156181866838
1709	ALDH8A1	ENSG00000118514	hsa-miR-137-3p	MIMAT0000429	0.941545538120584
1710	DTWD1	ENSG00000104047	hsa-miR-1252-3p	MIMAT0026744	0.941482134676879
1711	ACVR2A	ENSG00000121989	hsa-miR-1252-3p	MIMAT0026744	0.941435483471999
1712	ENPP5	ENSG00000112796	hsa-miR-380-3p	MIMAT0000735	0.94139875615209
1713	MTRNR2L5	ENSG00000249860	hsa-miR-1288-5p	MIMAT0026743	0.941395693743058
1714	GPATCH11	ENSG00000152133	hsa-miR-6780a-3p	MIMAT0027461	0.941348041674703
1715	EPHA3	ENSG00000044524	hsa-miR-380-3p	MIMAT0000735	0.941307797322098
1716	AQR	ENSG00000021776	hsa-miR-1252-3p	MIMAT0026744	0.941288058162308
1717	PPP1R3A	ENSG00000154415	hsa-miR-1252-3p	MIMAT0026744	0.941284310636839
1718	EIF1	ENSG00000173812	hsa-miR-329-5p	MIMAT0026555	0.941254365719986
1719	FASTKD2	ENSG00000118246	hsa-miR-7154-5p	MIMAT0028218	0.941227636117748
1720	FAM149B1	ENSG00000138286	hsa-miR-7154-5p	MIMAT0028218	0.941217901101982
1721	PLEKHA3	ENSG00000116095	hsa-miR-1252-3p	MIMAT0026744	0.941192689048501
1722	GPR173	ENSG00000184194	hsa-miR-380-3p	MIMAT0000735	0.941189282989193
1723	NHLRC2	ENSG00000196865	hsa-miR-3618	MIMAT0017998	0.941124017670325
1724	ARSI	ENSG00000183876	hsa-miR-4496	MIMAT0019031	0.941122365696901
1725	PAQR9	ENSG00000188582	hsa-miR-1252-3p	MIMAT0026744	0.941079690843806
1726	REEP3	ENSG00000165476	hsa-miR-1252-3p	MIMAT0026744	0.941020530831225
1727	ZC3H12B	ENSG00000102053	hsa-miR-7154-5p	MIMAT0028218	0.94101680255951
1728	PPARGC1B	ENSG00000155846	hsa-miR-380-3p	MIMAT0000735	0.941003397384993
1729	COL5A2	ENSG00000204262	hsa-miR-5007-5p	MIMAT0021035	0.940961966522733
1730	ZNF737	ENSG00000237440	hsa-miR-148a-5p	MIMAT0004549	0.940951238017481
1731	PALM2AKAP2	ENSG00000157654	hsa-miR-1252-3p	MIMAT0026744	0.940914556883293
1732	OR2L3	ENSG00000198128	hsa-miR-380-3p	MIMAT0000735	0.940812129919692
1733	PRDM16	ENSG00000142611	hsa-miR-137-3p	MIMAT0000429	0.940806659540193
1734	SLC16A10	ENSG00000112394	hsa-miR-137-3p	MIMAT0000429	0.940799607976955
1735	PHIP	ENSG00000146247	hsa-miR-380-3p	MIMAT0000735	0.940780680054878
1736	USP6	ENSG00000129204	hsa-miR-7154-5p	MIMAT0028218	0.940777609165002
1737	PURA	ENSG00000185129	hsa-miR-329-5p	MIMAT0026555	0.940726624515517
1738	MYH3	ENSG00000109063	hsa-miR-137-3p	MIMAT0000429	0.940684437420376
1739	EIF4G2	ENSG00000110321	hsa-miR-137-3p	MIMAT0000429	0.940663185514539
1740	EML4	ENSG00000143924	hsa-miR-4496	MIMAT0019031	0.940617304043054
1741	ARMC1	ENSG00000104442	hsa-miR-7154-5p	MIMAT0028218	0.940598283219653
1742	SPDYE17	ENSG00000186645	hsa-miR-148a-5p	MIMAT0004549	0.94040616316283
1743	PPP1R12A	ENSG00000058272	hsa-miR-380-3p	MIMAT0000735	0.940396232856543
1744	PPARGC1B	ENSG00000155846	hsa-miR-4496	MIMAT0019031	0.940395170406114
1745	A1BG	ENSG00000121410	hsa-miR-3618	MIMAT0017998	0.940370079821588
1746	IDE	ENSG00000119912	hsa-miR-137-3p	MIMAT0000429	0.940241370897224
1747	NETO2	ENSG00000171208	hsa-miR-380-3p	MIMAT0000735	0.940212845702577
1748	TMEM182	ENSG00000170417	hsa-miR-1252-3p	MIMAT0026744	0.940202991324344
1749	FGF18	ENSG00000156427	hsa-miR-7154-5p	MIMAT0028218	0.940189774541341
1750	FLRT2	ENSG00000185070	hsa-miR-148a-5p	MIMAT0004549	0.940183105471565
1751	SEMA3E	ENSG00000170381	hsa-miR-1252-3p	MIMAT0026744	0.940179558212652
1752	ERCC6L2	ENSG00000182150	hsa-miR-380-3p	MIMAT0000735	0.940132085630862
1753	THSD7B	ENSG00000144229	hsa-miR-7154-5p	MIMAT0028218	0.940124502879422
1754	MBTD1	ENSG00000011258	hsa-miR-1252-3p	MIMAT0026744	0.940122303818088
1755	PLXNA2	ENSG00000076356	hsa-miR-148a-5p	MIMAT0004549	0.940107799240279
1756	DNAJC10	ENSG00000077232	hsa-miR-1252-3p	MIMAT0026744	0.940098702410325
1757	HTR2C	ENSG00000147246	hsa-miR-1252-3p	MIMAT0026744	0.940093331396339
1758	TMEM33	ENSG00000109133	hsa-miR-7154-5p	MIMAT0028218	0.940073910691459
1759	SMAD2	ENSG00000175387	hsa-miR-1252-3p	MIMAT0026744	0.94006261640134
1760	HMGN5	ENSG00000198157	hsa-miR-7154-5p	MIMAT0028218	0.940049271085536
1761	ZHX1	ENSG00000165156	hsa-miR-148a-5p	MIMAT0004549	0.940047484717636
1762	GTDC1	ENSG00000121964	hsa-miR-137-3p	MIMAT0000429	0.939995378299732
1763	ERLIN1	ENSG00000107566	hsa-miR-148a-5p	MIMAT0004549	0.93998810882397
1764	ITM2B	ENSG00000136156	hsa-miR-1252-3p	MIMAT0026744	0.939984805336541
1765	GABPB2	ENSG00000143458	hsa-miR-5007-5p	MIMAT0021035	0.939927750110907
1766	AGBL4	ENSG00000186094	hsa-miR-3618	MIMAT0017998	0.939906456892271
1767	PCDH10	ENSG00000138650	hsa-miR-137-3p	MIMAT0000429	0.939882422427986
1768	ZNF649	ENSG00000198093	hsa-miR-380-3p	MIMAT0000735	0.939850626045271
1769	NAA30	ENSG00000139977	hsa-miR-1252-3p	MIMAT0026744	0.939844009097099
1770	INO80D	ENSG00000114933	hsa-miR-380-3p	MIMAT0000735	0.939829091070166
1771	ABI2	ENSG00000138443	hsa-miR-1252-3p	MIMAT0026744	0.939800655799691
1772	CAMK2A	ENSG00000070808	hsa-miR-137-3p	MIMAT0000429	0.939755299022166
1773	CEP57L1	ENSG00000183137	hsa-miR-329-5p	MIMAT0026555	0.939725007660172
1774	NRG1	ENSG00000157168	hsa-miR-137-3p	MIMAT0000429	0.939634477523144
1775	RTRAF	ENSG00000087302	hsa-miR-542-3p	MIMAT0003389	0.939591974877727
1776	SIRPA	ENSG00000198053	hsa-miR-4496	MIMAT0019031	0.939505256847698
1777	CACNA2D1	ENSG00000153956	hsa-miR-1252-3p	MIMAT0026744	0.939476716710857
1778	SPIN2A	ENSG00000147059	hsa-miR-3618	MIMAT0017998	0.93944142823424
1779	ZFHX4	ENSG00000091656	hsa-miR-542-3p	MIMAT0003389	0.939438881093304
1780	FAM9C	ENSG00000187268	hsa-miR-542-3p	MIMAT0003389	0.939399052997519
1781	BAG1	ENSG00000107262	hsa-miR-380-3p	MIMAT0000735	0.939391424539561
1782	TMEM253	ENSG00000232070	hsa-miR-6780a-3p	MIMAT0027461	0.93925030898973
1783	ITCH	ENSG00000078747	hsa-miR-1252-3p	MIMAT0026744	0.939212113775954
1784	CCNI	ENSG00000118816	hsa-miR-1252-3p	MIMAT0026744	0.939186510341599
1785	GNE	ENSG00000159921	hsa-miR-380-3p	MIMAT0000735	0.939183930720284
1786	TFEC	ENSG00000105967	hsa-miR-380-3p	MIMAT0000735	0.939175973239344
1787	MCM5	ENSG00000100297	hsa-miR-4496	MIMAT0019031	0.939115532170364
1788	NDFIP2	ENSG00000102471	hsa-miR-1252-3p	MIMAT0026744	0.939073458427456
1789	KCND2	ENSG00000184408	hsa-miR-4496	MIMAT0019031	0.939073414769853
1790	PLXDC2	ENSG00000120594	hsa-miR-542-3p	MIMAT0003389	0.939050638531823
1791	CPEB3	ENSG00000107864	hsa-miR-137-3p	MIMAT0000429	0.938922546358977
1792	CCNT1	ENSG00000129315	hsa-miR-542-3p	MIMAT0003389	0.938876569652916
1793	TAF9B	ENSG00000187325	hsa-miR-212-5p	MIMAT0022695	0.938864878941459
1794	KMT2A	ENSG00000118058	hsa-miR-137-3p	MIMAT0000429	0.938851282637167
1795	BCL2A1	ENSG00000140379	hsa-miR-137-3p	MIMAT0000429	0.938833709019955
1796	DIRAS1	ENSG00000176490	hsa-miR-137-3p	MIMAT0000429	0.938817761772433
1797	COL14A1	ENSG00000187955	hsa-miR-7154-5p	MIMAT0028218	0.938796652349732
1798	RIPOR3	ENSG00000042062	hsa-miR-4496	MIMAT0019031	0.938794767219529
1799	ZNF440	ENSG00000171295	hsa-miR-7154-5p	MIMAT0028218	0.938753478726497
1800	EED	ENSG00000074266	hsa-miR-5007-5p	MIMAT0021035	0.938707563962857
1801	PRRG1	ENSG00000130962	hsa-miR-1252-3p	MIMAT0026744	0.938694814267107
1802	CNOT6L	ENSG00000138767	hsa-miR-1252-3p	MIMAT0026744	0.938627761056633
1803	CHL1	ENSG00000134121	hsa-miR-7154-5p	MIMAT0028218	0.938551186780997
1804	FRS2	ENSG00000166225	hsa-miR-7154-5p	MIMAT0028218	0.938531598239378
1805	RBM14	ENSG00000239306	hsa-miR-329-5p	MIMAT0026555	0.93847674952949
1806	MFAP5	ENSG00000197614	hsa-miR-1252-3p	MIMAT0026744	0.938432416887255
1807	DCLK1	ENSG00000133083	hsa-miR-137-3p	MIMAT0000429	0.938390466498418
1808	KLHL15	ENSG00000174010	hsa-miR-380-3p	MIMAT0000735	0.938320749293023
1809	CCDC80	ENSG00000091986	hsa-miR-4496	MIMAT0019031	0.938316071228265
1810	SNED1	ENSG00000162804	hsa-miR-329-5p	MIMAT0026555	0.938313102602705
1811	SLIT3	ENSG00000184347	hsa-miR-148a-5p	MIMAT0004549	0.938288512913651
1812	EHBP1L1	ENSG00000173442	hsa-miR-137-3p	MIMAT0000429	0.93826093331622
1813	ZNF117	ENSG00000152926	hsa-miR-1252-3p	MIMAT0026744	0.938255335177171
1814	BBIP1	ENSG00000214413	hsa-miR-380-3p	MIMAT0000735	0.938179543410013
1815	LCN10	ENSG00000187922	hsa-miR-7154-5p	MIMAT0028218	0.938144197642475
1816	NEK9	ENSG00000119638	hsa-miR-4496	MIMAT0019031	0.938100966253426
1817	CDK19	ENSG00000155111	hsa-miR-3618	MIMAT0017998	0.938041177662696
1818	USP3	ENSG00000140455	hsa-miR-329-5p	MIMAT0026555	0.9380189288213
1819	CCNJL	ENSG00000135083	hsa-miR-148a-5p	MIMAT0004549	0.937997019559956
1820	FAM237B	ENSG00000283267	hsa-miR-1252-3p	MIMAT0026744	0.937879778371902
1821	NOVA1	ENSG00000139910	hsa-miR-1288-5p	MIMAT0026743	0.93787294261216
1822	C11orf87	ENSG00000185742	hsa-miR-137-3p	MIMAT0000429	0.937797225312878
1823	DDX6	ENSG00000110367	hsa-miR-3618	MIMAT0017998	0.937788723043584
1824	KCNJ6	ENSG00000157542	hsa-miR-212-5p	MIMAT0022695	0.937736389033237
1825	ARF6	ENSG00000165527	hsa-miR-4496	MIMAT0019031	0.937715116435887
1826	PCDH9	ENSG00000184226	hsa-miR-137-3p	MIMAT0000429	0.937712454655485
1827	MAGI2	ENSG00000187391	hsa-miR-542-3p	MIMAT0003389	0.937701351191857
1828	CDKL5	ENSG00000008086	hsa-miR-148a-5p	MIMAT0004549	0.937579557533983
1829	MEF2A	ENSG00000068305	hsa-miR-137-3p	MIMAT0000429	0.937568800567881
1830	SSPN	ENSG00000123096	hsa-miR-7154-5p	MIMAT0028218	0.937544319601056
1831	RGS17	ENSG00000091844	hsa-miR-4496	MIMAT0019031	0.937435776133062
1832	NOL7	ENSG00000225921	hsa-miR-1252-3p	MIMAT0026744	0.937365379107969
1833	ANKHD1	ENSG00000131503	hsa-miR-380-3p	MIMAT0000735	0.937362259978674
1834	GJC1	ENSG00000182963	hsa-miR-148a-5p	MIMAT0004549	0.937354427101624
1835	RHAG	ENSG00000112077	hsa-miR-3618	MIMAT0017998	0.937353815804703
1836	TCF12	ENSG00000140262	hsa-miR-1252-3p	MIMAT0026744	0.93733995565502
1837	ZFHX3	ENSG00000140836	hsa-miR-542-3p	MIMAT0003389	0.937296496771213
1838	FAM122A	ENSG00000187866	hsa-miR-4496	MIMAT0019031	0.937258245597619
1839	OR2T12	ENSG00000177201	hsa-miR-7154-5p	MIMAT0028218	0.937249254635658
1840	N4BP2	ENSG00000078177	hsa-miR-148a-5p	MIMAT0004549	0.937240888364767
1841	NEFL	ENSG00000277586	hsa-miR-137-3p	MIMAT0000429	0.937219720617796
1842	PSPC1	ENSG00000121390	hsa-miR-3618	MIMAT0017998	0.937188916595091
1843	CBLB	ENSG00000114423	hsa-miR-329-5p	MIMAT0026555	0.937071939455709
1844	TYW5	ENSG00000162971	hsa-miR-148a-5p	MIMAT0004549	0.9370299768977
1845	NUFIP2	ENSG00000108256	hsa-miR-380-3p	MIMAT0000735	0.936965795776933
1846	DNAAF2	ENSG00000165506	hsa-miR-4496	MIMAT0019031	0.936965686658383
1847	PHF13	ENSG00000116273	hsa-miR-4496	MIMAT0019031	0.936937454724198
1848	GOLPH3L	ENSG00000143457	hsa-miR-1252-3p	MIMAT0026744	0.936894507096458
1849	STPG2	ENSG00000163116	hsa-miR-4496	MIMAT0019031	0.936849578423052
1850	CENPE	ENSG00000138778	hsa-miR-3618	MIMAT0017998	0.936816038005913
1851	ZNF589	ENSG00000164048	hsa-miR-6780a-3p	MIMAT0027461	0.936789386896499
1852	DCHS2	ENSG00000197410	hsa-miR-148a-5p	MIMAT0004549	0.936758763303548
1853	CNOT6L	ENSG00000138767	hsa-miR-137-3p	MIMAT0000429	0.936751491833199
1854	PLCXD2	ENSG00000240891	hsa-miR-1252-3p	MIMAT0026744	0.936733831185773
1855	AGFG1	ENSG00000173744	hsa-miR-148a-5p	MIMAT0004549	0.936706886781641
1856	SPDYE17	ENSG00000186645	hsa-miR-6780a-3p	MIMAT0027461	0.936687944819593
1857	NLGN1	ENSG00000169760	hsa-miR-148a-5p	MIMAT0004549	0.936659344530905
1858	CEP41	ENSG00000106477	hsa-miR-7154-5p	MIMAT0028218	0.936656371763482
1859	CNOT6L	ENSG00000138767	hsa-miR-4496	MIMAT0019031	0.936650756773306
1860	SLC25A24	ENSG00000085491	hsa-miR-4496	MIMAT0019031	0.936598291051655
1861	SUCNR1	ENSG00000198829	hsa-miR-148a-5p	MIMAT0004549	0.936535917920436
1862	KANTR	ENSG00000232593	hsa-miR-380-3p	MIMAT0000735	0.936475859686899
1863	PPP2CB	ENSG00000104695	hsa-miR-1288-5p	MIMAT0026743	0.936401215007862
1864	ZNF483	ENSG00000173258	hsa-miR-1252-3p	MIMAT0026744	0.936368651540648
1865	CYBRD1	ENSG00000071967	hsa-miR-329-5p	MIMAT0026555	0.936359157405447
1866	CEP43	ENSG00000213066	hsa-miR-1252-3p	MIMAT0026744	0.936350161285797
1867	MMAA	ENSG00000151611	hsa-miR-380-3p	MIMAT0000735	0.936327306485494
1868	NWD2	ENSG00000174145	hsa-miR-7154-5p	MIMAT0028218	0.936308323825961
1869	GSPT1	ENSG00000103342	hsa-miR-329-5p	MIMAT0026555	0.936292882087882
1870	RAB44	ENSG00000255587	hsa-miR-542-3p	MIMAT0003389	0.936289304751276
1871	ZNF483	ENSG00000173258	hsa-miR-4496	MIMAT0019031	0.936219378920509
1872	LIN7C	ENSG00000148943	hsa-miR-1252-3p	MIMAT0026744	0.936201148289911
1873	FUT9	ENSG00000172461	hsa-miR-542-3p	MIMAT0003389	0.936166753002806
1874	PCDH7	ENSG00000169851	hsa-miR-1252-3p	MIMAT0026744	0.936163566567509
1875	USP32	ENSG00000170832	hsa-miR-7154-5p	MIMAT0028218	0.936163243969277
1876	INTS4	ENSG00000149262	hsa-miR-542-3p	MIMAT0003389	0.936156154236765
1877	DGKI	ENSG00000157680	hsa-miR-380-3p	MIMAT0000735	0.936151968600802
1878	TRDMT1	ENSG00000107614	hsa-miR-1252-3p	MIMAT0026744	0.936139762158297
1879	TFEC	ENSG00000105967	hsa-miR-1252-3p	MIMAT0026744	0.936125111286872
1880	TMEM8B	ENSG00000137103	hsa-miR-4496	MIMAT0019031	0.936064160201299
1881	MKLN1	ENSG00000128585	hsa-miR-1252-3p	MIMAT0026744	0.936042840163461
1882	DGCR8	ENSG00000128191	hsa-miR-7154-5p	MIMAT0028218	0.936003454264812
1883	SCAMP1	ENSG00000085365	hsa-miR-137-3p	MIMAT0000429	0.935971142045758
1884	NRDE2	ENSG00000119720	hsa-miR-1252-3p	MIMAT0026744	0.935948188877926
1885	RNF169	ENSG00000166439	hsa-miR-212-5p	MIMAT0022695	0.93594237460802
1886	MRPS5	ENSG00000144029	hsa-miR-137-3p	MIMAT0000429	0.935843127109297
1887	RASA1	ENSG00000145715	hsa-miR-5007-5p	MIMAT0021035	0.93584112499495
1888	STX17	ENSG00000136874	hsa-miR-1252-3p	MIMAT0026744	0.935840479844629
1889	CFC1	ENSG00000136698	hsa-miR-7154-5p	MIMAT0028218	0.935806352625977
1890	REST	ENSG00000084093	hsa-miR-1252-3p	MIMAT0026744	0.935805211066932
1891	DCHS2	ENSG00000197410	hsa-miR-137-3p	MIMAT0000429	0.935781820661473
1892	BHLHB9	ENSG00000198908	hsa-miR-542-3p	MIMAT0003389	0.935777683332297
1893	GRSF1	ENSG00000132463	hsa-miR-542-3p	MIMAT0003389	0.935776651738598
1894	MTAP	ENSG00000099810	hsa-miR-4496	MIMAT0019031	0.935775113420345
1895	NRG1	ENSG00000157168	hsa-miR-542-3p	MIMAT0003389	0.935770491644007
1896	CPSF6	ENSG00000111605	hsa-miR-137-3p	MIMAT0000429	0.935718380120882
1897	GAGE1	ENSG00000205777	hsa-miR-7154-5p	MIMAT0028218	0.935682299654608
1898	SCN1A	ENSG00000144285	hsa-miR-380-3p	MIMAT0000735	0.935646042368997
1899	SBNO1	ENSG00000139697	hsa-miR-137-3p	MIMAT0000429	0.935606346013698
1900	TSNAXIP1	ENSG00000102904	hsa-miR-6780a-3p	MIMAT0027461	0.935575521828751
1901	MACROD2	ENSG00000172264	hsa-miR-6780a-3p	MIMAT0027461	0.93557460108512
1902	SPATS2L	ENSG00000196141	hsa-miR-1288-5p	MIMAT0026743	0.935572913826604
1903	CFC1B	ENSG00000152093	hsa-miR-7154-5p	MIMAT0028218	0.935555947798404
1904	C4orf54	ENSG00000248713	hsa-miR-212-5p	MIMAT0022695	0.935530343743611
1905	NR2C2	ENSG00000177463	hsa-miR-4496	MIMAT0019031	0.935451957403805
1906	GABRQ	ENSG00000268089	hsa-miR-4496	MIMAT0019031	0.935451405180348
1907	MME	ENSG00000196549	hsa-miR-5007-5p	MIMAT0021035	0.93540020738779
1908	SASH3	ENSG00000122122	hsa-miR-137-3p	MIMAT0000429	0.935302210509407
1909	ITPRID1	ENSG00000180347	hsa-miR-212-5p	MIMAT0022695	0.935272219581245
1910	DRAM2	ENSG00000156171	hsa-miR-7154-5p	MIMAT0028218	0.93515350751899
1911	BTC	ENSG00000174808	hsa-miR-1252-3p	MIMAT0026744	0.935104682473407
1912	SYNPO2	ENSG00000172403	hsa-miR-7154-5p	MIMAT0028218	0.935088717060397
1913	BCL2L13	ENSG00000099968	hsa-miR-4496	MIMAT0019031	0.935074411642107
1914	RNMT	ENSG00000101654	hsa-miR-1252-3p	MIMAT0026744	0.935070273832984
1915	RC3H2	ENSG00000056586	hsa-miR-4496	MIMAT0019031	0.935048575949798
1916	COPB1	ENSG00000129083	hsa-miR-380-3p	MIMAT0000735	0.934973195752138
1917	HHIP	ENSG00000164161	hsa-miR-148a-5p	MIMAT0004549	0.934957626684122
1918	AMMECR1	ENSG00000101935	hsa-miR-1252-3p	MIMAT0026744	0.934938226825426
1919	AGO4	ENSG00000134698	hsa-miR-137-3p	MIMAT0000429	0.934906498495292
1920	SPEN	ENSG00000065526	hsa-miR-1252-3p	MIMAT0026744	0.934882131529858
1921	CDC6	ENSG00000094804	hsa-miR-4496	MIMAT0019031	0.934849738585353
1922	PLPPR5	ENSG00000117598	hsa-miR-4496	MIMAT0019031	0.934839620012114
1923	FAM135B	ENSG00000147724	hsa-miR-1252-3p	MIMAT0026744	0.934798204519585
1924	RAB9A	ENSG00000123595	hsa-miR-137-3p	MIMAT0000429	0.934775419716828
1925	SH3RF1	ENSG00000154447	hsa-miR-4496	MIMAT0019031	0.934772946681876
1926	PPP2R3C	ENSG00000092020	hsa-miR-148a-5p	MIMAT0004549	0.93476480315169
1927	RPS6KA5	ENSG00000100784	hsa-miR-5007-5p	MIMAT0021035	0.934742537619538
1928	LRRC7	ENSG00000033122	hsa-miR-4496	MIMAT0019031	0.934732411535524
1929	TMEM106B	ENSG00000106460	hsa-miR-4496	MIMAT0019031	0.934688728321577
1930	PDF	ENSG00000258429	hsa-miR-212-5p	MIMAT0022695	0.934655311513724
1931	C21orf91	ENSG00000154642	hsa-miR-137-3p	MIMAT0000429	0.934625253475409
1932	RSF1	ENSG00000048649	hsa-miR-148a-5p	MIMAT0004549	0.934600641068758
1933	KCNMB3	ENSG00000171121	hsa-miR-1252-3p	MIMAT0026744	0.93455405922748
1934	HIGD1A	ENSG00000181061	hsa-miR-4496	MIMAT0019031	0.934524591520062
1935	GOLGA8F	ENSG00000153684	hsa-miR-1252-3p	MIMAT0026744	0.934523491316367
1936	ABI1	ENSG00000136754	hsa-miR-380-3p	MIMAT0000735	0.934519724544614
1937	NOTCH4	ENSG00000204301	hsa-miR-542-3p	MIMAT0003389	0.934510071254711
1938	ECT2	ENSG00000114346	hsa-miR-148a-5p	MIMAT0004549	0.934490973446618
1939	OR8D1	ENSG00000196341	hsa-miR-4496	MIMAT0019031	0.934451352811257
1940	UBR3	ENSG00000144357	hsa-miR-1252-3p	MIMAT0026744	0.934431037749001
1941	STRN	ENSG00000115808	hsa-miR-1252-3p	MIMAT0026744	0.934402184828209
1942	ST8SIA3	ENSG00000177511	hsa-miR-1252-3p	MIMAT0026744	0.934377338420034
1943	RGS17	ENSG00000091844	hsa-miR-1252-3p	MIMAT0026744	0.934371205931377
1944	RIT2	ENSG00000152214	hsa-miR-542-3p	MIMAT0003389	0.934361699352646
1945	DIAPH2	ENSG00000147202	hsa-miR-1252-3p	MIMAT0026744	0.934240701579766
1946	FBXO32	ENSG00000156804	hsa-miR-137-3p	MIMAT0000429	0.934209408736465
1947	MDGA2	ENSG00000139915	hsa-miR-5007-5p	MIMAT0021035	0.934194486640534
1948	GUCY1A1	ENSG00000164116	hsa-miR-1252-3p	MIMAT0026744	0.934180939479159
1949	PAN3	ENSG00000152520	hsa-miR-148a-5p	MIMAT0004549	0.934179407243534
1950	SLITRK4	ENSG00000179542	hsa-miR-380-3p	MIMAT0000735	0.934162203909086
1951	RC3H1	ENSG00000135870	hsa-miR-6861-5p	MIMAT0027623	0.934072785760859
1952	FOXB1	ENSG00000171956	hsa-miR-148a-5p	MIMAT0004549	0.934071411406744
1953	TTN	ENSG00000155657	hsa-miR-148a-5p	MIMAT0004549	0.93405588859821
1954	MDM1	ENSG00000111554	hsa-miR-3618	MIMAT0017998	0.934046745442108
1955	IL3RA	ENSG00000185291	hsa-miR-148a-5p	MIMAT0004549	0.934037453704701
1956	ZNF449	ENSG00000173275	hsa-miR-137-3p	MIMAT0000429	0.934011678535707
1957	TRPS1	ENSG00000104447	hsa-miR-380-3p	MIMAT0000735	0.934010582894074
1958	FMR1	ENSG00000102081	hsa-miR-4496	MIMAT0019031	0.933938753924426
1959	PPARGC1A	ENSG00000109819	hsa-miR-148a-5p	MIMAT0004549	0.93392749680851
1960	ANK3	ENSG00000151150	hsa-miR-7154-5p	MIMAT0028218	0.933904166745788
1961	RBM20	ENSG00000203867	hsa-miR-4496	MIMAT0019031	0.933795557141148
1962	CSNK1G3	ENSG00000151292	hsa-miR-1288-5p	MIMAT0026743	0.933728884947802
1963	CCDC141	ENSG00000163492	hsa-miR-7154-5p	MIMAT0028218	0.933704219567827
1964	LCOR	ENSG00000196233	hsa-miR-1252-3p	MIMAT0026744	0.933696238236097
1965	MIGA2	ENSG00000148343	hsa-miR-6780a-3p	MIMAT0027461	0.933676561479451
1966	WAPL	ENSG00000062650	hsa-miR-1252-3p	MIMAT0026744	0.933596452668172
1967	FGF13	ENSG00000129682	hsa-miR-542-3p	MIMAT0003389	0.933579451097172
1968	ZBTB8B	ENSG00000273274	hsa-miR-1252-3p	MIMAT0026744	0.933552134628762
1969	DR1	ENSG00000117505	hsa-miR-380-3p	MIMAT0000735	0.933528485056662
1970	NOX4	ENSG00000086991	hsa-miR-137-3p	MIMAT0000429	0.933497598152754
1971	ZFP1	ENSG00000184517	hsa-miR-6861-5p	MIMAT0027623	0.933464210600584
1972	CBL	ENSG00000110395	hsa-miR-1252-3p	MIMAT0026744	0.933438124457478
1973	RAB30	ENSG00000137502	hsa-miR-1252-3p	MIMAT0026744	0.933411436357057
1974	CEACAM5	ENSG00000105388	hsa-miR-7154-5p	MIMAT0028218	0.933375312402541
1975	MOB1B	ENSG00000173542	hsa-miR-380-3p	MIMAT0000735	0.933337678087066
1976	SAMD8	ENSG00000156671	hsa-miR-137-3p	MIMAT0000429	0.933333228145993
1977	SURF4	ENSG00000148248	hsa-miR-148a-5p	MIMAT0004549	0.93330679677191
1978	POLE	ENSG00000177084	hsa-miR-4496	MIMAT0019031	0.933292444514034
1979	RAP1B	ENSG00000127314	hsa-miR-4496	MIMAT0019031	0.933261004090772
1980	INO80C	ENSG00000153391	hsa-miR-3618	MIMAT0017998	0.933221495822539
1981	SMIM10	ENSG00000184785	hsa-miR-137-3p	MIMAT0000429	0.933175879294261
1982	ZNF76	ENSG00000065029	hsa-miR-137-3p	MIMAT0000429	0.933171085381681
1983	KCNB1	ENSG00000158445	hsa-miR-137-3p	MIMAT0000429	0.933147031450057
1984	STATH	ENSG00000126549	hsa-miR-137-3p	MIMAT0000429	0.933123739166656
1985	ELOVL1	ENSG00000066322	hsa-miR-6780a-3p	MIMAT0027461	0.933032382843612
1986	NPIPB4	ENSG00000185864	hsa-miR-137-3p	MIMAT0000429	0.933019408704679
1987	PARP12	ENSG00000059378	hsa-miR-542-3p	MIMAT0003389	0.933009125997501
1988	NSD2	ENSG00000109685	hsa-miR-4496	MIMAT0019031	0.933000325230841
1989	BAG4	ENSG00000156735	hsa-miR-137-3p	MIMAT0000429	0.932954722655921
1990	IMPACT	ENSG00000154059	hsa-miR-380-3p	MIMAT0000735	0.932944721611097
1991	KLHL31	ENSG00000124743	hsa-miR-4496	MIMAT0019031	0.932892291754768
1992	TPBG	ENSG00000146242	hsa-miR-3618	MIMAT0017998	0.93285940225037
1993	DNAJC24	ENSG00000170946	hsa-miR-148a-5p	MIMAT0004549	0.932848896277594
1994	IGLON5	ENSG00000142549	hsa-miR-6780a-3p	MIMAT0027461	0.932839448266687
1995	ZNF84	ENSG00000198040	hsa-miR-3618	MIMAT0017998	0.932812991576971
1996	IGSF11	ENSG00000144847	hsa-miR-212-5p	MIMAT0022695	0.932760193504146
1997	ANOS1	ENSG00000011201	hsa-miR-1252-3p	MIMAT0026744	0.932697707766133
1998	ROBO1	ENSG00000169855	hsa-miR-542-3p	MIMAT0003389	0.932677787154961
1999	ZNF611	ENSG00000213020	hsa-miR-329-5p	MIMAT0026555	0.932654311392485
2000	UGCG	ENSG00000148154	hsa-miR-137-3p	MIMAT0000429	0.932637678125801
2001	OAS2	ENSG00000111335	hsa-miR-4496	MIMAT0019031	0.932542727691932
2002	PKHD1	ENSG00000170927	hsa-miR-148a-5p	MIMAT0004549	0.932528480220126
2003	ZNF844	ENSG00000223547	hsa-miR-4496	MIMAT0019031	0.932500771437812
2004	TNFRSF13C	ENSG00000159958	hsa-miR-3618	MIMAT0017998	0.932483145953567
2005	LGALSL	ENSG00000119862	hsa-miR-3618	MIMAT0017998	0.932471277832429
2006	ABCG2	ENSG00000118777	hsa-miR-542-3p	MIMAT0003389	0.932382108681257
2007	C12orf45	ENSG00000151131	hsa-miR-4496	MIMAT0019031	0.932336796991958
2008	CYP2C9	ENSG00000138109	hsa-miR-542-3p	MIMAT0003389	0.932306738180676
2009	GOLGA4	ENSG00000144674	hsa-miR-6780a-3p	MIMAT0027461	0.93227198796261
2010	PANK3	ENSG00000120137	hsa-miR-380-3p	MIMAT0000735	0.932271795013709
2011	HELZ	ENSG00000198265	hsa-miR-380-3p	MIMAT0000735	0.932246657069377
2012	EPHA4	ENSG00000116106	hsa-miR-7154-5p	MIMAT0028218	0.932227027803422
2013	MARCHF1	ENSG00000145416	hsa-miR-380-3p	MIMAT0000735	0.932175540920134
2014	RFX6	ENSG00000185002	hsa-miR-542-3p	MIMAT0003389	0.93208021719193
2015	XYLT1	ENSG00000103489	hsa-miR-4496	MIMAT0019031	0.932072706775216
2016	DCAF10	ENSG00000122741	hsa-miR-5007-5p	MIMAT0021035	0.93201452608792
2017	ANKRD6	ENSG00000135299	hsa-miR-5007-5p	MIMAT0021035	0.932012264556774
2018	SLC6A5	ENSG00000165970	hsa-miR-4496	MIMAT0019031	0.932008683902908
2019	NEGR1	ENSG00000172260	hsa-miR-137-3p	MIMAT0000429	0.932006466506905
2020	RCBTB1	ENSG00000136144	hsa-miR-148a-5p	MIMAT0004549	0.932000487931651
2021	YIF1B	ENSG00000167645	hsa-miR-6780a-3p	MIMAT0027461	0.931991514815367
2022	C20orf202	ENSG00000215595	hsa-miR-542-3p	MIMAT0003389	0.931926873440863
2023	IRAK1BP1	ENSG00000146243	hsa-miR-380-3p	MIMAT0000735	0.931914348476255
2024	HTR3B	ENSG00000149305	hsa-miR-7154-5p	MIMAT0028218	0.93190761012831
2025	DCAF12	ENSG00000198876	hsa-miR-148a-5p	MIMAT0004549	0.931834695388895
2026	LMBRD1	ENSG00000168216	hsa-miR-7154-5p	MIMAT0028218	0.931821234703606
2027	RNF138	ENSG00000134758	hsa-miR-137-3p	MIMAT0000429	0.931798598725202
2028	LNPK	ENSG00000144320	hsa-miR-3618	MIMAT0017998	0.931791443622484
2029	ACKR3	ENSG00000144476	hsa-miR-4496	MIMAT0019031	0.931753539275415
2030	PDGFD	ENSG00000170962	hsa-miR-7154-5p	MIMAT0028218	0.931752632774229
2031	RSBN1L	ENSG00000187257	hsa-miR-1252-3p	MIMAT0026744	0.931748322160742
2032	FBXW7	ENSG00000109670	hsa-miR-137-3p	MIMAT0000429	0.931740883106809
2033	ATG5	ENSG00000057663	hsa-miR-4496	MIMAT0019031	0.931606028010589
2034	CPPED1	ENSG00000103381	hsa-miR-4496	MIMAT0019031	0.931524005326962
2035	CBLN2	ENSG00000141668	hsa-miR-212-5p	MIMAT0022695	0.931477359157379
2036	ZNF207	ENSG00000010244	hsa-miR-148a-5p	MIMAT0004549	0.931448145580289
2037	SNX1	ENSG00000028528	hsa-miR-4496	MIMAT0019031	0.9314393791884
2038	MTRNR2L1	ENSG00000256618	hsa-miR-1288-5p	MIMAT0026743	0.931434072630979
2039	MID1	ENSG00000101871	hsa-miR-542-3p	MIMAT0003389	0.931390046378949
2040	KPNA5	ENSG00000196911	hsa-miR-380-3p	MIMAT0000735	0.93138162723289
2041	MTAP	ENSG00000099810	hsa-miR-6780a-3p	MIMAT0027461	0.931369909455462
2042	AK2	ENSG00000004455	hsa-miR-4496	MIMAT0019031	0.931325188667626
2043	KDM6A	ENSG00000147050	hsa-miR-6780a-3p	MIMAT0027461	0.931311062207748
2044	LARS1	ENSG00000133706	hsa-miR-148a-5p	MIMAT0004549	0.931301544829677
2045	SLC16A7	ENSG00000118596	hsa-miR-380-3p	MIMAT0000735	0.931295232898284
2046	ARID2	ENSG00000189079	hsa-miR-7154-5p	MIMAT0028218	0.931292795795832
2047	CLCN3	ENSG00000109572	hsa-miR-7154-5p	MIMAT0028218	0.931280145051039
2048	FRMD4A	ENSG00000151474	hsa-miR-3618	MIMAT0017998	0.931258144121931
2049	SPDYE6	ENSG00000260097	hsa-miR-380-3p	MIMAT0000735	0.93125310301609
2050	EXOC5	ENSG00000070367	hsa-miR-6780a-3p	MIMAT0027461	0.931199557868556
2051	SUGT1	ENSG00000165416	hsa-miR-3618	MIMAT0017998	0.931163987516967
2052	C1orf122	ENSG00000197982	hsa-miR-6861-5p	MIMAT0027623	0.9311320311741
2053	NCOA2	ENSG00000140396	hsa-miR-7154-5p	MIMAT0028218	0.931119508496503
2054	KLHDC8A	ENSG00000162873	hsa-miR-1252-3p	MIMAT0026744	0.931113932680545
2055	MYC	ENSG00000136997	hsa-miR-148a-5p	MIMAT0004549	0.931087439533998
2056	IMPACT	ENSG00000154059	hsa-miR-137-3p	MIMAT0000429	0.931036294319455
2057	WDHD1	ENSG00000198554	hsa-miR-212-5p	MIMAT0022695	0.930979557045825
2058	IMPG2	ENSG00000081148	hsa-miR-137-3p	MIMAT0000429	0.930923321987643
2059	HNRNPR	ENSG00000125944	hsa-miR-1252-3p	MIMAT0026744	0.930921496350798
2060	ACSS3	ENSG00000111058	hsa-miR-1252-3p	MIMAT0026744	0.930900769083827
2061	CLEC5A	ENSG00000258227	hsa-miR-3618	MIMAT0017998	0.930846122291872
2062	HOOK3	ENSG00000168172	hsa-miR-380-3p	MIMAT0000735	0.930768751665464
2063	PTGS2	ENSG00000073756	hsa-miR-542-3p	MIMAT0003389	0.93076594217104
2064	NUTF2	ENSG00000102898	hsa-miR-137-3p	MIMAT0000429	0.93073168677257
2065	DENND1B	ENSG00000213047	hsa-miR-6861-5p	MIMAT0027623	0.93072584917935
2066	PCDHGB6	ENSG00000253305	hsa-miR-329-5p	MIMAT0026555	0.930681598424669
2067	COX7C	ENSG00000127184	hsa-miR-7154-5p	MIMAT0028218	0.930621588994145
2068	NFKBIZ	ENSG00000144802	hsa-miR-6861-5p	MIMAT0027623	0.930608596280739
2069	KRAS	ENSG00000133703	hsa-miR-1252-3p	MIMAT0026744	0.930583736259397
2070	CTCF	ENSG00000102974	hsa-miR-542-3p	MIMAT0003389	0.930566262776826
2071	FEM1C	ENSG00000145780	hsa-miR-542-3p	MIMAT0003389	0.930547447222278
2072	LPP	ENSG00000145012	hsa-miR-6861-5p	MIMAT0027623	0.930478679358478
2073	EIF2AK2	ENSG00000055332	hsa-miR-4496	MIMAT0019031	0.930464761181873
2074	PDE4DIP	ENSG00000178104	hsa-miR-380-3p	MIMAT0000735	0.930463356066217
2075	ZNF800	ENSG00000048405	hsa-miR-1252-3p	MIMAT0026744	0.930462760854252
2076	LAMB1	ENSG00000091136	hsa-miR-6780a-3p	MIMAT0027461	0.930445184564044
2077	TMEM108	ENSG00000144868	hsa-miR-542-3p	MIMAT0003389	0.930405681240538
2078	RPS6KA5	ENSG00000100784	hsa-miR-148a-5p	MIMAT0004549	0.930401704500963
2079	FRS2	ENSG00000166225	hsa-miR-1252-3p	MIMAT0026744	0.93038623526554
2080	FST	ENSG00000134363	hsa-miR-148a-5p	MIMAT0004549	0.930381440869692
2081	PARVG	ENSG00000138964	hsa-miR-542-3p	MIMAT0003389	0.930376641590489
2082	SNTG1	ENSG00000147481	hsa-miR-1252-3p	MIMAT0026744	0.930375765931834
2083	ANKRD44	ENSG00000065413	hsa-miR-1252-3p	MIMAT0026744	0.930369399355201
2084	NIPA1	ENSG00000170113	hsa-miR-7154-5p	MIMAT0028218	0.93033729652
2085	DLST	ENSG00000119689	hsa-miR-148a-5p	MIMAT0004549	0.93031360168844
2086	C15orf61	ENSG00000189227	hsa-miR-7154-5p	MIMAT0028218	0.930310598707684
2087	DDI2	ENSG00000197312	hsa-miR-148a-5p	MIMAT0004549	0.930228220761012
2088	PROKR1	ENSG00000169618	hsa-miR-329-5p	MIMAT0026555	0.930175412445146
2089	SMC1A	ENSG00000072501	hsa-miR-7154-5p	MIMAT0028218	0.930143540950715
2090	SMAD2	ENSG00000175387	hsa-miR-6861-5p	MIMAT0027623	0.930122756363309
2091	USP15	ENSG00000135655	hsa-miR-148a-5p	MIMAT0004549	0.930119334855566
2092	FST	ENSG00000134363	hsa-miR-3618	MIMAT0017998	0.93011041295996
2093	NAPG	ENSG00000134265	hsa-miR-3618	MIMAT0017998	0.930103103592773
2094	OR8D1	ENSG00000196341	hsa-miR-1252-3p	MIMAT0026744	0.930064005270698
2095	OTX2	ENSG00000165588	hsa-miR-329-5p	MIMAT0026555	0.930033020216365
2096	TARDBP	ENSG00000120948	hsa-miR-137-3p	MIMAT0000429	0.929994887539189
2097	KAT6A	ENSG00000083168	hsa-miR-329-5p	MIMAT0026555	0.929970021708387
2098	MTMR10	ENSG00000166912	hsa-miR-6780a-3p	MIMAT0027461	0.929791890944717
2099	EIF3J	ENSG00000104131	hsa-miR-137-3p	MIMAT0000429	0.9297606516175
2100	F11	ENSG00000088926	hsa-miR-542-3p	MIMAT0003389	0.929759441912603
2101	PIK3C3	ENSG00000078142	hsa-miR-380-3p	MIMAT0000735	0.929729025438983
2102	GAREM1	ENSG00000141441	hsa-miR-137-3p	MIMAT0000429	0.929688660181152
2103	FOXP1	ENSG00000114861	hsa-miR-4496	MIMAT0019031	0.929663721480009
2104	ABI3BP	ENSG00000154175	hsa-miR-1252-3p	MIMAT0026744	0.929658207325575
2105	HSPA5	ENSG00000044574	hsa-miR-148a-5p	MIMAT0004549	0.929658008725479
2106	UBR7	ENSG00000012963	hsa-miR-380-3p	MIMAT0000735	0.929630567768237
2107	GUCY1A1	ENSG00000164116	hsa-miR-329-5p	MIMAT0026555	0.929619273232207
2108	OTUD4	ENSG00000164164	hsa-miR-1252-3p	MIMAT0026744	0.92961895149301
2109	LNPEP	ENSG00000113441	hsa-miR-212-5p	MIMAT0022695	0.929544770637287
2110	SPRED1	ENSG00000166068	hsa-miR-4496	MIMAT0019031	0.929517228497533
2111	ST8SIA5	ENSG00000101638	hsa-miR-542-3p	MIMAT0003389	0.929510227451401
2112	EML1	ENSG00000066629	hsa-miR-7154-5p	MIMAT0028218	0.929492128788174
2113	LIN54	ENSG00000189308	hsa-miR-4496	MIMAT0019031	0.929468775074268
2114	NEMP1	ENSG00000166881	hsa-miR-7154-5p	MIMAT0028218	0.929454739011579
2115	LMTK2	ENSG00000164715	hsa-miR-137-3p	MIMAT0000429	0.929407644312644
2116	PRKAB1	ENSG00000111725	hsa-miR-137-3p	MIMAT0000429	0.929349358476896
2117	TRPM3	ENSG00000083067	hsa-miR-1252-3p	MIMAT0026744	0.929332152476237
2118	PARVA	ENSG00000197702	hsa-miR-1252-3p	MIMAT0026744	0.929323173059523
2119	GRIN2B	ENSG00000273079	hsa-miR-7154-5p	MIMAT0028218	0.92932237529631
2120	RGL1	ENSG00000143344	hsa-miR-1252-3p	MIMAT0026744	0.929313602605968
2121	DYRK1B	ENSG00000105204	hsa-miR-6861-5p	MIMAT0027623	0.929259691154774
2122	SMIM18	ENSG00000253457	hsa-miR-3618	MIMAT0017998	0.929235668183532
2123	BRAF	ENSG00000157764	hsa-miR-6780a-3p	MIMAT0027461	0.929211379752574
2124	SIX4	ENSG00000100625	hsa-miR-1288-5p	MIMAT0026743	0.929159531441904
2125	SORCS3	ENSG00000156395	hsa-miR-542-3p	MIMAT0003389	0.929159275283493
2126	ZSCAN30	ENSG00000186814	hsa-miR-4496	MIMAT0019031	0.929126874020076
2127	ID4	ENSG00000172201	hsa-miR-1252-3p	MIMAT0026744	0.929122478556648
2128	STC1	ENSG00000159167	hsa-miR-542-3p	MIMAT0003389	0.929077316977842
2129	TRIM33	ENSG00000197323	hsa-miR-1252-3p	MIMAT0026744	0.929027867249373
2130	SBNO1	ENSG00000139697	hsa-miR-3618	MIMAT0017998	0.928970185635993
2131	HMGA2	ENSG00000149948	hsa-miR-380-3p	MIMAT0000735	0.928938607959897
2132	TJP1	ENSG00000104067	hsa-miR-137-3p	MIMAT0000429	0.928928377777194
2133	TSPAN19	ENSG00000231738	hsa-miR-7154-5p	MIMAT0028218	0.928923261110098
2134	HLA-DQA1	ENSG00000196735	hsa-miR-137-3p	MIMAT0000429	0.928913779645382
2135	HSPA4L	ENSG00000164070	hsa-miR-137-3p	MIMAT0000429	0.928890691981544
2136	ALG14	ENSG00000172339	hsa-miR-4496	MIMAT0019031	0.928848573966662
2137	KCNA4	ENSG00000182255	hsa-miR-380-3p	MIMAT0000735	0.928603579920923
2138	TTLL7	ENSG00000137941	hsa-miR-7154-5p	MIMAT0028218	0.928557105249497
2139	DCHS2	ENSG00000197410	hsa-miR-1252-3p	MIMAT0026744	0.928549474565807
2140	CERS2	ENSG00000143418	hsa-miR-212-5p	MIMAT0022695	0.928540471254224
2141	SLC7A9	ENSG00000021488	hsa-miR-137-3p	MIMAT0000429	0.928521034710681
2142	MICU3	ENSG00000155970	hsa-miR-4496	MIMAT0019031	0.928419243298767
2143	PAK3	ENSG00000077264	hsa-miR-1252-3p	MIMAT0026744	0.928408007907122
2144	SHPRH	ENSG00000146414	hsa-miR-7154-5p	MIMAT0028218	0.928301249575019
2145	CAND1	ENSG00000111530	hsa-miR-380-3p	MIMAT0000735	0.928220887998571
2146	ASXL2	ENSG00000143970	hsa-miR-542-3p	MIMAT0003389	0.928142427099893
2147	TCF7L2	ENSG00000148737	hsa-miR-4496	MIMAT0019031	0.928135968404324
2148	NUFIP2	ENSG00000108256	hsa-miR-6861-5p	MIMAT0027623	0.928129400622712
2149	TENM3	ENSG00000218336	hsa-miR-6780a-3p	MIMAT0027461	0.9280737285782
2150	SRSF4	ENSG00000116350	hsa-miR-4496	MIMAT0019031	0.928044124081498
2151	SH3BGRL	ENSG00000131171	hsa-miR-7154-5p	MIMAT0028218	0.928013371820592
2152	LIN28B	ENSG00000187772	hsa-miR-380-3p	MIMAT0000735	0.927970731413767
2153	PCDHA4	ENSG00000204967	hsa-miR-4496	MIMAT0019031	0.927965075999614
2154	RASGRF2	ENSG00000113319	hsa-miR-4496	MIMAT0019031	0.927952995705433
2155	SYT10	ENSG00000110975	hsa-miR-5007-5p	MIMAT0021035	0.927949118074763
2156	MYO5A	ENSG00000197535	hsa-miR-380-3p	MIMAT0000735	0.92793054509035
2157	VPS35	ENSG00000069329	hsa-miR-1288-5p	MIMAT0026743	0.927904737046112
2158	SMARCA2	ENSG00000080503	hsa-miR-4496	MIMAT0019031	0.927847571245044
2159	EIF1AX	ENSG00000173674	hsa-miR-1252-3p	MIMAT0026744	0.927786897251382
2160	MET	ENSG00000105976	hsa-miR-212-5p	MIMAT0022695	0.927747494638641
2161	AGO2	ENSG00000123908	hsa-miR-137-3p	MIMAT0000429	0.927741247253598
2162	PYGO1	ENSG00000171016	hsa-miR-7154-5p	MIMAT0028218	0.927651586399607
2163	REV3L	ENSG00000009413	hsa-miR-1252-3p	MIMAT0026744	0.927602010046817
2164	ELF2	ENSG00000109381	hsa-miR-380-3p	MIMAT0000735	0.927546590109756
2165	ATXN7	ENSG00000163635	hsa-miR-212-5p	MIMAT0022695	0.927539980077608
2166	EZH2	ENSG00000106462	hsa-miR-137-3p	MIMAT0000429	0.927539479722827
2167	TKTL1	ENSG00000007350	hsa-miR-542-3p	MIMAT0003389	0.92747694558497
2168	HLCS	ENSG00000159267	hsa-miR-1252-3p	MIMAT0026744	0.92747030510235
2169	DUT	ENSG00000128951	hsa-miR-137-3p	MIMAT0000429	0.927460818081688
2170	LINGO2	ENSG00000174482	hsa-miR-137-3p	MIMAT0000429	0.927419091625167
2171	BAG4	ENSG00000156735	hsa-miR-148a-5p	MIMAT0004549	0.927396823724773
2172	ZEB2	ENSG00000169554	hsa-miR-148a-5p	MIMAT0004549	0.927389757709557
2173	GTDC1	ENSG00000121964	hsa-miR-148a-5p	MIMAT0004549	0.927374801524658
2174	FBXO33	ENSG00000165355	hsa-miR-137-3p	MIMAT0000429	0.927322778021237
2175	MUCL3	ENSG00000168631	hsa-miR-4496	MIMAT0019031	0.927322405541843
2176	EPAS1	ENSG00000116016	hsa-miR-7154-5p	MIMAT0028218	0.927283632626508
2177	ARSB	ENSG00000113273	hsa-miR-1252-3p	MIMAT0026744	0.92719803497995
2178	AK1	ENSG00000106992	hsa-miR-4496	MIMAT0019031	0.927158977426045
2179	TCF24	ENSG00000261787	hsa-miR-6780a-3p	MIMAT0027461	0.927149584671452
2180	RAB11FIP2	ENSG00000107560	hsa-miR-7154-5p	MIMAT0028218	0.927071156090346
2181	UTRN	ENSG00000152818	hsa-miR-380-3p	MIMAT0000735	0.927041801512985
2182	MECP2	ENSG00000169057	hsa-miR-380-3p	MIMAT0000735	0.92703807672006
2183	TP53TG3E	ENSG00000275034	hsa-miR-4496	MIMAT0019031	0.926996884584318
2184	GRIN2B	ENSG00000273079	hsa-miR-137-3p	MIMAT0000429	0.926996042550635
2185	MEGF9	ENSG00000106780	hsa-miR-137-3p	MIMAT0000429	0.926933600070791
2186	LNPK	ENSG00000144320	hsa-miR-1252-3p	MIMAT0026744	0.926886697104158
2187	PHF3	ENSG00000118482	hsa-miR-329-5p	MIMAT0026555	0.926878787651991
2188	PLPPR4	ENSG00000117600	hsa-miR-542-3p	MIMAT0003389	0.926870016467679
2189	LAMC1	ENSG00000135862	hsa-miR-4496	MIMAT0019031	0.926848087447702
2190	CLMN	ENSG00000165959	hsa-miR-1252-3p	MIMAT0026744	0.926791662455015
2191	RLIM	ENSG00000131263	hsa-miR-1252-3p	MIMAT0026744	0.926708132584654
2192	SZRD1	ENSG00000055070	hsa-miR-137-3p	MIMAT0000429	0.926668703538671
2193	KCNMA1	ENSG00000156113	hsa-miR-1252-3p	MIMAT0026744	0.926659505240591
2194	CALHM5	ENSG00000178033	hsa-miR-380-3p	MIMAT0000735	0.926659107822373
2195	INO80D	ENSG00000114933	hsa-miR-1252-3p	MIMAT0026744	0.926640245974033
2196	SLC30A1	ENSG00000170385	hsa-miR-380-3p	MIMAT0000735	0.926588351232758
2197	MGLL	ENSG00000074416	hsa-miR-137-3p	MIMAT0000429	0.926567631895988
2198	PRDM10	ENSG00000170325	hsa-miR-5007-5p	MIMAT0021035	0.926522873238577
2199	TENT4A	ENSG00000112941	hsa-miR-137-3p	MIMAT0000429	0.926521294492682
2200	PRIM2	ENSG00000146143	hsa-miR-542-3p	MIMAT0003389	0.926517487828995
2201	EIF5A2	ENSG00000163577	hsa-miR-329-5p	MIMAT0026555	0.926494186090135
2202	ARIH1	ENSG00000166233	hsa-miR-148a-5p	MIMAT0004549	0.926469083663399
2203	CLOCK	ENSG00000134852	hsa-miR-4496	MIMAT0019031	0.926400479968256
2204	ELAVL4	ENSG00000162374	hsa-miR-1252-3p	MIMAT0026744	0.926385666375197
2205	AGO3	ENSG00000126070	hsa-miR-4496	MIMAT0019031	0.926379408963164
2206	MDFIC	ENSG00000135272	hsa-miR-7154-5p	MIMAT0028218	0.926357696905453
2207	PCDH19	ENSG00000165194	hsa-miR-4496	MIMAT0019031	0.926287237034209
2208	ESM1	ENSG00000164283	hsa-miR-148a-5p	MIMAT0004549	0.926265780251391
2209	CDH8	ENSG00000150394	hsa-miR-137-3p	MIMAT0000429	0.926262123479135
2210	KIF15	ENSG00000163808	hsa-miR-329-5p	MIMAT0026555	0.926247190805108
2211	CREBRF	ENSG00000164463	hsa-miR-542-3p	MIMAT0003389	0.926241825893093
2212	CDC42	ENSG00000070831	hsa-miR-1252-3p	MIMAT0026744	0.926225295081304
2213	KIAA0040	ENSG00000235750	hsa-miR-329-5p	MIMAT0026555	0.926184683944043
2214	OSBPL7	ENSG00000006025	hsa-miR-6780a-3p	MIMAT0027461	0.926182880833163
2215	KCNA2	ENSG00000177301	hsa-miR-1252-3p	MIMAT0026744	0.926170305903604
2216	OR2T6	ENSG00000198104	hsa-miR-380-3p	MIMAT0000735	0.926166243571864
2217	ITGB8	ENSG00000105855	hsa-miR-542-3p	MIMAT0003389	0.926097062472754
2218	TRPM3	ENSG00000083067	hsa-miR-137-3p	MIMAT0000429	0.926077517550105
2219	LVRN	ENSG00000172901	hsa-miR-137-3p	MIMAT0000429	0.926063594747296
2220	RASGRP2	ENSG00000068831	hsa-miR-5007-5p	MIMAT0021035	0.926047941969978
2221	PRRG4	ENSG00000135378	hsa-miR-148a-5p	MIMAT0004549	0.925976819780489
2222	SLC35F1	ENSG00000196376	hsa-miR-4496	MIMAT0019031	0.925973364148943
2223	GSK3B	ENSG00000082701	hsa-miR-1252-3p	MIMAT0026744	0.925968159112758
2224	FGFR2	ENSG00000066468	hsa-miR-6780a-3p	MIMAT0027461	0.925894797475223
2225	DNAJB7	ENSG00000172404	hsa-miR-7154-5p	MIMAT0028218	0.925890969094209
2226	RNLS	ENSG00000184719	hsa-miR-380-3p	MIMAT0000735	0.925884662850276
2227	HAUS3	ENSG00000214367	hsa-miR-380-3p	MIMAT0000735	0.925877245752616
2228	TP53TG3F	ENSG00000278848	hsa-miR-4496	MIMAT0019031	0.925829515176167
2229	SGCD	ENSG00000170624	hsa-miR-1252-3p	MIMAT0026744	0.925823297954193
2230	CLDN12	ENSG00000157224	hsa-miR-4496	MIMAT0019031	0.925822207582278
2231	SYN2	ENSG00000157152	hsa-miR-137-3p	MIMAT0000429	0.925814113675095
2232	EIF4E	ENSG00000151247	hsa-miR-1252-3p	MIMAT0026744	0.925795618629193
2233	PDS5B	ENSG00000083642	hsa-miR-3618	MIMAT0017998	0.925647346198912
2234	PLD5	ENSG00000180287	hsa-miR-1252-3p	MIMAT0026744	0.925630876096931
2235	GABRG2	ENSG00000113327	hsa-miR-1252-3p	MIMAT0026744	0.925604735520094
2236	FGD6	ENSG00000180263	hsa-miR-380-3p	MIMAT0000735	0.925583745402486
2237	VPS13A	ENSG00000197969	hsa-miR-137-3p	MIMAT0000429	0.925547975183972
2238	JAG1	ENSG00000101384	hsa-miR-137-3p	MIMAT0000429	0.925545126403348
2239	PTGES3	ENSG00000110958	hsa-miR-7154-5p	MIMAT0028218	0.925528833314143
2240	SHISA3	ENSG00000178343	hsa-miR-7154-5p	MIMAT0028218	0.925515844676129
2241	ATRX	ENSG00000085224	hsa-miR-1252-3p	MIMAT0026744	0.92549133737308
2242	MTRNR2L11	ENSG00000270188	hsa-miR-1288-5p	MIMAT0026743	0.925489404828169
2243	SLC16A10	ENSG00000112394	hsa-miR-4496	MIMAT0019031	0.925464604480796
2244	AMPH	ENSG00000078053	hsa-miR-329-5p	MIMAT0026555	0.92538623164622
2245	DNAJC10	ENSG00000077232	hsa-miR-380-3p	MIMAT0000735	0.92533680203796
2246	RAP2A	ENSG00000125249	hsa-miR-1252-3p	MIMAT0026744	0.92532492304413
2247	TRAF6	ENSG00000175104	hsa-miR-4496	MIMAT0019031	0.925282815452252
2248	ULBP1	ENSG00000111981	hsa-miR-7154-5p	MIMAT0028218	0.925179346170104
2249	GNA13	ENSG00000120063	hsa-miR-1252-3p	MIMAT0026744	0.925152829481666
2250	PPP2R2B	ENSG00000156475	hsa-miR-1288-5p	MIMAT0026743	0.925133458385923
2251	SAMD3	ENSG00000164483	hsa-miR-4496	MIMAT0019031	0.925114984440132
2252	CDKN2AIP	ENSG00000168564	hsa-miR-380-3p	MIMAT0000735	0.925094352788349
2253	MEIS2	ENSG00000134138	hsa-miR-6780a-3p	MIMAT0027461	0.925093627280088
2254	TMEM245	ENSG00000106771	hsa-miR-148a-5p	MIMAT0004549	0.925086311949345
2255	SNX19	ENSG00000120451	hsa-miR-1252-3p	MIMAT0026744	0.925062571366662
2256	DYNC2LI1	ENSG00000138036	hsa-miR-329-5p	MIMAT0026555	0.925058190821267
2257	ATP5F1E	ENSG00000124172	hsa-miR-212-5p	MIMAT0022695	0.925040529797975
2258	ABO	ENSG00000175164	hsa-miR-380-3p	MIMAT0000735	0.925027380007699
2259	SP4	ENSG00000105866	hsa-miR-4496	MIMAT0019031	0.925021584091568
2260	GOLGA3	ENSG00000090615	hsa-miR-137-3p	MIMAT0000429	0.924995846909896
2261	TP53TG3	ENSG00000183632	hsa-miR-4496	MIMAT0019031	0.924958793907832
2262	AP3B2	ENSG00000103723	hsa-miR-6780a-3p	MIMAT0027461	0.924950246938251
2263	DYRK1A	ENSG00000157540	hsa-miR-212-5p	MIMAT0022695	0.924921657139693
2264	SLC9B2	ENSG00000164038	hsa-miR-4496	MIMAT0019031	0.924912154557728
2265	WNK3	ENSG00000196632	hsa-miR-1252-3p	MIMAT0026744	0.924867815544671
2266	SIGLEC6	ENSG00000105492	hsa-miR-380-3p	MIMAT0000735	0.924850437443295
2267	INSL5	ENSG00000172410	hsa-miR-137-3p	MIMAT0000429	0.924838982103699
2268	RYBP	ENSG00000163602	hsa-miR-148a-5p	MIMAT0004549	0.924813532362876
2269	CLVS2	ENSG00000146352	hsa-miR-380-3p	MIMAT0000735	0.924640491153766
2270	AMBN	ENSG00000178522	hsa-miR-1252-3p	MIMAT0026744	0.924608665592809
2271	POU2F1	ENSG00000143190	hsa-miR-4496	MIMAT0019031	0.9245998799182
2272	ADH5	ENSG00000197894	hsa-miR-7154-5p	MIMAT0028218	0.924537850933613
2273	DLG3	ENSG00000082458	hsa-miR-6780a-3p	MIMAT0027461	0.924510648247175
2274	SNX17	ENSG00000115234	hsa-miR-4496	MIMAT0019031	0.924458305552186
2275	SPIN1	ENSG00000106723	hsa-miR-1252-3p	MIMAT0026744	0.924331434052023
2276	EBF1	ENSG00000164330	hsa-miR-148a-5p	MIMAT0004549	0.924299407510221
2277	BRINP2	ENSG00000198797	hsa-miR-212-5p	MIMAT0022695	0.924285760591292
2278	ZBTB20	ENSG00000181722	hsa-miR-542-3p	MIMAT0003389	0.92425269632215
2279	USP28	ENSG00000048028	hsa-miR-137-3p	MIMAT0000429	0.924208973966535
2280	PTEN	ENSG00000171862	hsa-miR-542-3p	MIMAT0003389	0.92420397150283
2281	ZNF891	ENSG00000214029	hsa-miR-4496	MIMAT0019031	0.924191610107871
2282	YTHDF3	ENSG00000185728	hsa-miR-5007-5p	MIMAT0021035	0.924189492697114
2283	CACNG5	ENSG00000075429	hsa-miR-4496	MIMAT0019031	0.924175557970136
2284	ZFYVE16	ENSG00000039319	hsa-miR-137-3p	MIMAT0000429	0.924149333943304
2285	C4orf46	ENSG00000205208	hsa-miR-380-3p	MIMAT0000735	0.924098696525577
2286	HAPLN2	ENSG00000132702	hsa-miR-137-3p	MIMAT0000429	0.924070389156952
2287	MBOAT2	ENSG00000143797	hsa-miR-1252-3p	MIMAT0026744	0.924030873062784
2288	PURB	ENSG00000146676	hsa-miR-6861-5p	MIMAT0027623	0.923981074584261
2289	USP15	ENSG00000135655	hsa-miR-4496	MIMAT0019031	0.923971178056102
2290	UPF2	ENSG00000151461	hsa-miR-137-3p	MIMAT0000429	0.92393988401661
2291	PEX11A	ENSG00000166821	hsa-miR-7154-5p	MIMAT0028218	0.923873291254493
2292	SPDYE5	ENSG00000170092	hsa-miR-380-3p	MIMAT0000735	0.923848636022656
2293	LSM5	ENSG00000106355	hsa-miR-1252-3p	MIMAT0026744	0.923834818069781
2294	RAB22A	ENSG00000124209	hsa-miR-1252-3p	MIMAT0026744	0.923742210741239
2295	SLC38A2	ENSG00000134294	hsa-miR-7154-5p	MIMAT0028218	0.923722888089581
2296	SPDYE8	ENSG00000273520	hsa-miR-1252-3p	MIMAT0026744	0.92369466210238
2297	PAFAH1B1	ENSG00000007168	hsa-miR-1252-3p	MIMAT0026744	0.923601314941924
2298	HAUS1	ENSG00000152240	hsa-miR-6780a-3p	MIMAT0027461	0.923584814740379
2299	GRID2	ENSG00000152208	hsa-miR-1252-3p	MIMAT0026744	0.923583044669226
2300	BCHE	ENSG00000114200	hsa-miR-4496	MIMAT0019031	0.923576343825464
2301	TBC1D22A	ENSG00000054611	hsa-miR-3618	MIMAT0017998	0.923509480698959
2302	PYGO1	ENSG00000171016	hsa-miR-137-3p	MIMAT0000429	0.923504227036121
2303	AHR	ENSG00000106546	hsa-miR-542-3p	MIMAT0003389	0.923485912267522
2304	SPDYE9	ENSG00000262461	hsa-miR-1252-3p	MIMAT0026744	0.923482518756375
2305	SPDYE11	ENSG00000286228	hsa-miR-1252-3p	MIMAT0026744	0.923478328736558
2306	PHF14	ENSG00000106443	hsa-miR-1252-3p	MIMAT0026744	0.923448040277387
2307	ZC4H2	ENSG00000126970	hsa-miR-329-5p	MIMAT0026555	0.923427113064718
2308	SMURF1	ENSG00000198742	hsa-miR-137-3p	MIMAT0000429	0.923417888794281
2309	PTPRD	ENSG00000153707	hsa-miR-1252-3p	MIMAT0026744	0.923407969617718
2310	CCDC50	ENSG00000152492	hsa-miR-212-5p	MIMAT0022695	0.923400827447668
2311	ACO1	ENSG00000122729	hsa-miR-1252-3p	MIMAT0026744	0.923354236969042
2312	SS18L2	ENSG00000008324	hsa-miR-1252-3p	MIMAT0026744	0.923350432504154
2313	VWC2L	ENSG00000174453	hsa-miR-329-5p	MIMAT0026555	0.923340588889561
2314	RAP2B	ENSG00000181467	hsa-miR-1252-3p	MIMAT0026744	0.923300245877766
2315	FXYD6	ENSG00000137726	hsa-miR-4496	MIMAT0019031	0.923293189734523
2316	PCDH8	ENSG00000136099	hsa-miR-1252-3p	MIMAT0026744	0.923254495004054
2317	GJA1	ENSG00000152661	hsa-miR-3618	MIMAT0017998	0.923238604391978
2318	ZNF624	ENSG00000197566	hsa-miR-1252-3p	MIMAT0026744	0.923235118805527
2319	ZNF737	ENSG00000237440	hsa-miR-5007-5p	MIMAT0021035	0.923181699854285
2320	C12orf45	ENSG00000151131	hsa-miR-6780a-3p	MIMAT0027461	0.923179936000401
2321	CNFN	ENSG00000105427	hsa-miR-329-5p	MIMAT0026555	0.923161070520513
2322	NMT2	ENSG00000152465	hsa-miR-1252-3p	MIMAT0026744	0.923153522860029
2323	ZDHHC18	ENSG00000204160	hsa-miR-212-5p	MIMAT0022695	0.923121646742344
2324	PDE4A	ENSG00000065989	hsa-miR-137-3p	MIMAT0000429	0.923095065430646
2325	TMEM196	ENSG00000173452	hsa-miR-329-5p	MIMAT0026555	0.923091697373408
2326	KAT7	ENSG00000136504	hsa-miR-1252-3p	MIMAT0026744	0.923053145070622
2327	ANKRD12	ENSG00000101745	hsa-miR-137-3p	MIMAT0000429	0.923022211548618
2328	TSHZ2	ENSG00000182463	hsa-miR-1252-3p	MIMAT0026744	0.92301570859655
2329	FAM126A	ENSG00000122591	hsa-miR-5007-5p	MIMAT0021035	0.922974131172502
2330	CCDC85C	ENSG00000205476	hsa-miR-137-3p	MIMAT0000429	0.922921944873057
2331	SHPRH	ENSG00000146414	hsa-miR-137-3p	MIMAT0000429	0.922848333759704
2332	ZNF397	ENSG00000186812	hsa-miR-7154-5p	MIMAT0028218	0.92280005389387
2333	BPTF	ENSG00000171634	hsa-miR-1252-3p	MIMAT0026744	0.922790434429452
2334	KCND2	ENSG00000184408	hsa-miR-137-3p	MIMAT0000429	0.922784154165423
2335	NRF1	ENSG00000106459	hsa-miR-380-3p	MIMAT0000735	0.922763981498385
2336	PCGF3	ENSG00000185619	hsa-miR-380-3p	MIMAT0000735	0.922758899946186
2337	UPRT	ENSG00000094841	hsa-miR-1252-3p	MIMAT0026744	0.922743180926707
2338	SOD2	ENSG00000112096	hsa-miR-5007-5p	MIMAT0021035	0.922733845747176
2339	MAS1	ENSG00000130368	hsa-miR-5007-5p	MIMAT0021035	0.922725186144419
2340	ELAPOR2	ENSG00000164659	hsa-miR-380-3p	MIMAT0000735	0.92267280942597
2341	PLXNA4	ENSG00000221866	hsa-miR-6780a-3p	MIMAT0027461	0.922643181566852
2342	TNRC6B	ENSG00000100354	hsa-miR-380-3p	MIMAT0000735	0.922625947192865
2343	LARP6	ENSG00000166173	hsa-miR-3618	MIMAT0017998	0.922585586824211
2344	SGPL1	ENSG00000166224	hsa-miR-4496	MIMAT0019031	0.922542954415275
2345	MEGF10	ENSG00000145794	hsa-miR-1252-3p	MIMAT0026744	0.922539524396324
2346	IPO7	ENSG00000205339	hsa-miR-1252-3p	MIMAT0026744	0.922469803859557
2347	TBC1D3K	ENSG00000273513	hsa-miR-4496	MIMAT0019031	0.92246005888462
2348	PGM2	ENSG00000169299	hsa-miR-137-3p	MIMAT0000429	0.922453504069131
2349	FAM204A	ENSG00000165669	hsa-miR-7154-5p	MIMAT0028218	0.922447603953866
2350	GPX7	ENSG00000116157	hsa-miR-137-3p	MIMAT0000429	0.922414153753647
2351	TAFA2	ENSG00000198673	hsa-miR-1252-3p	MIMAT0026744	0.922376841323501
2352	SERPINB13	ENSG00000197641	hsa-miR-1252-3p	MIMAT0026744	0.922290085941472
2353	NBPF12	ENSG00000268043	hsa-miR-1252-3p	MIMAT0026744	0.922223828367165
2354	CD109	ENSG00000156535	hsa-miR-1252-3p	MIMAT0026744	0.922200302734109
2355	LRIG2	ENSG00000198799	hsa-miR-1252-3p	MIMAT0026744	0.922199745742559
2356	PCDHA10	ENSG00000250120	hsa-miR-380-3p	MIMAT0000735	0.922193592294751
2357	ZNF503	ENSG00000165655	hsa-miR-1252-3p	MIMAT0026744	0.922177420078966
2358	CRY1	ENSG00000008405	hsa-miR-148a-5p	MIMAT0004549	0.922149374154332
2359	FAM221B	ENSG00000204930	hsa-miR-6780a-3p	MIMAT0027461	0.922031655055908
2360	HNRNPU	ENSG00000153187	hsa-miR-7154-5p	MIMAT0028218	0.921952642431701
2361	NEFL	ENSG00000277586	hsa-miR-329-5p	MIMAT0026555	0.921951858114825
2362	PDE12	ENSG00000174840	hsa-miR-1252-3p	MIMAT0026744	0.921704918094479
2363	RABL2B	ENSG00000079974	hsa-miR-380-3p	MIMAT0000735	0.921696195479483
2364	SRP9	ENSG00000143742	hsa-miR-212-5p	MIMAT0022695	0.921625334934159
2365	MEF2A	ENSG00000068305	hsa-miR-380-3p	MIMAT0000735	0.921600663867683
2366	NEUROG2	ENSG00000178403	hsa-miR-329-5p	MIMAT0026555	0.921526829578677
2367	AC137834.1	ENSG00000258830	hsa-miR-542-3p	MIMAT0003389	0.921525768351995
2368	ARHGAP24	ENSG00000138639	hsa-miR-137-3p	MIMAT0000429	0.921522370582476
2369	MICAL3	ENSG00000243156	hsa-miR-6780a-3p	MIMAT0027461	0.921495203276419
2370	TUG1	ENSG00000253352	hsa-miR-148a-5p	MIMAT0004549	0.921488605381151
2371	KLF4	ENSG00000136826	hsa-miR-137-3p	MIMAT0000429	0.921472408626587
2372	PABPC4L	ENSG00000254535	hsa-miR-137-3p	MIMAT0000429	0.92147012911997
2373	UHRF2	ENSG00000147854	hsa-miR-7154-5p	MIMAT0028218	0.921445334833354
2374	MFSD4B	ENSG00000173214	hsa-miR-1252-3p	MIMAT0026744	0.921411666555667
2375	INTS3	ENSG00000143624	hsa-miR-4496	MIMAT0019031	0.921368740575868
2376	NUDT4	ENSG00000173598	hsa-miR-137-3p	MIMAT0000429	0.921344888792091
2377	RALY	ENSG00000125970	hsa-miR-6780a-3p	MIMAT0027461	0.921321531838058
2378	CD46	ENSG00000117335	hsa-miR-1252-3p	MIMAT0026744	0.921245162026119
2379	RHOG	ENSG00000177105	hsa-miR-329-5p	MIMAT0026555	0.921164243036338
2380	DAZ2	ENSG00000205944	hsa-miR-5007-5p	MIMAT0021035	0.921123276216112
2381	MBTPS2	ENSG00000012174	hsa-miR-5007-5p	MIMAT0021035	0.921077812346587
2382	DGKI	ENSG00000157680	hsa-miR-148a-5p	MIMAT0004549	0.92107225753974
2383	PKD2	ENSG00000118762	hsa-miR-380-3p	MIMAT0000735	0.921070044130331
2384	GALNT6	ENSG00000139629	hsa-miR-6780a-3p	MIMAT0027461	0.921069523124076
2385	RBBP4	ENSG00000162521	hsa-miR-1252-3p	MIMAT0026744	0.921054200940466
2386	KAT2B	ENSG00000114166	hsa-miR-329-5p	MIMAT0026555	0.921006536816109
2387	NEXMIF	ENSG00000050030	hsa-miR-1252-3p	MIMAT0026744	0.921005700745239
2388	SP3	ENSG00000172845	hsa-miR-1252-3p	MIMAT0026744	0.921001548334733
2389	APPBP2	ENSG00000062725	hsa-miR-1252-3p	MIMAT0026744	0.92099709710378
2390	ZNF415	ENSG00000170954	hsa-miR-329-5p	MIMAT0026555	0.920968824800072
2391	RPAP2	ENSG00000122484	hsa-miR-148a-5p	MIMAT0004549	0.920944632714562
2392	POTEC	ENSG00000183206	hsa-miR-329-5p	MIMAT0026555	0.920923336383733
2393	GOLGA6L1	ENSG00000273976	hsa-miR-1252-3p	MIMAT0026744	0.920920640090484
2394	EYA4	ENSG00000112319	hsa-miR-329-5p	MIMAT0026555	0.920915797979416
2395	ZNF587B	ENSG00000269343	hsa-miR-4496	MIMAT0019031	0.920886788307767
2396	TBCEL	ENSG00000154114	hsa-miR-1252-3p	MIMAT0026744	0.920876007527343
2397	ZFX	ENSG00000005889	hsa-miR-329-5p	MIMAT0026555	0.920854710662072
2398	B3GALT5	ENSG00000183778	hsa-miR-1252-3p	MIMAT0026744	0.920847000071112
2399	AC098850.3	ENSG00000266302	hsa-miR-7154-5p	MIMAT0028218	0.920844465562207
2400	TERF1	ENSG00000147601	hsa-miR-329-5p	MIMAT0026555	0.920844448921199
2401	SNX16	ENSG00000104497	hsa-miR-380-3p	MIMAT0000735	0.920823621750705
2402	C3orf38	ENSG00000179021	hsa-miR-148a-5p	MIMAT0004549	0.92075881723882
2403	ASF1A	ENSG00000111875	hsa-miR-1252-3p	MIMAT0026744	0.920746021139116
2404	CNKSR3	ENSG00000153721	hsa-miR-7154-5p	MIMAT0028218	0.920727768079051
2405	TRIM36	ENSG00000152503	hsa-miR-1252-3p	MIMAT0026744	0.920711151328565
2406	GNA13	ENSG00000120063	hsa-miR-380-3p	MIMAT0000735	0.920695136869235
2407	ZNF391	ENSG00000124613	hsa-miR-7154-5p	MIMAT0028218	0.920685712450705
2408	MINDY2	ENSG00000128923	hsa-miR-148a-5p	MIMAT0004549	0.920649627322798
2409	BCAS4	ENSG00000124243	hsa-miR-4496	MIMAT0019031	0.920600920205502
2410	KDM1B	ENSG00000165097	hsa-miR-329-5p	MIMAT0026555	0.920540365246802
2411	KCND3	ENSG00000171385	hsa-miR-4496	MIMAT0019031	0.920508270861842
2412	DYRK3	ENSG00000143479	hsa-miR-5007-5p	MIMAT0021035	0.920498460375145
2413	MTAP	ENSG00000099810	hsa-miR-1288-5p	MIMAT0026743	0.920481978196955
2414	ASH1L	ENSG00000116539	hsa-miR-6780a-3p	MIMAT0027461	0.920413591202386
2415	PLEKHA1	ENSG00000107679	hsa-miR-148a-5p	MIMAT0004549	0.920386695335461
2416	RRP15	ENSG00000067533	hsa-miR-329-5p	MIMAT0026555	0.92036344228452
2417	ASIC1	ENSG00000110881	hsa-miR-4496	MIMAT0019031	0.920347044136655
2418	KAT7	ENSG00000136504	hsa-miR-1288-5p	MIMAT0026743	0.92032831602734
2419	ETV1	ENSG00000006468	hsa-miR-6780a-3p	MIMAT0027461	0.920323771639116
2420	FAM126B	ENSG00000155744	hsa-miR-1252-3p	MIMAT0026744	0.920270957877327
2421	PCBD2	ENSG00000132570	hsa-miR-7154-5p	MIMAT0028218	0.920240082864748
2422	MAP2K6	ENSG00000108984	hsa-miR-1252-3p	MIMAT0026744	0.920194243914081
2423	RC3H2	ENSG00000056586	hsa-miR-380-3p	MIMAT0000735	0.92018719526155
2424	TPCN1	ENSG00000186815	hsa-miR-137-3p	MIMAT0000429	0.920172036289862
2425	KCNQ5	ENSG00000185760	hsa-miR-1252-3p	MIMAT0026744	0.920171903065721
2426	TSPYL4	ENSG00000187189	hsa-miR-4496	MIMAT0019031	0.920151720482419
2427	RNF6	ENSG00000127870	hsa-miR-137-3p	MIMAT0000429	0.920128144844966
2428	ZNF419	ENSG00000105136	hsa-miR-6861-5p	MIMAT0027623	0.920113925170012
2429	MRO	ENSG00000134042	hsa-miR-542-3p	MIMAT0003389	0.920062026623321
2430	GIPC2	ENSG00000137960	hsa-miR-137-3p	MIMAT0000429	0.920052403467969
2431	ZNF830	ENSG00000198783	hsa-miR-137-3p	MIMAT0000429	0.9200350128333
2432	TMEM268	ENSG00000157693	hsa-miR-4496	MIMAT0019031	0.919999487679908
2433	SLC25A48	ENSG00000145832	hsa-miR-212-5p	MIMAT0022695	0.919923525251714
2434	OR4K2	ENSG00000165762	hsa-miR-137-3p	MIMAT0000429	0.919869812456198
2435	MAJIN	ENSG00000168070	hsa-miR-1252-3p	MIMAT0026744	0.919869147460802
2436	PPIP5K2	ENSG00000145725	hsa-miR-1252-3p	MIMAT0026744	0.919867176571861
2437	MMAB	ENSG00000139428	hsa-miR-542-3p	MIMAT0003389	0.919864314879659
2438	MMS22L	ENSG00000146263	hsa-miR-4496	MIMAT0019031	0.919805974618324
2439	AKAP6	ENSG00000151320	hsa-miR-1252-3p	MIMAT0026744	0.919801680256992
2440	FRK	ENSG00000111816	hsa-miR-4496	MIMAT0019031	0.919780896583389
2441	MAL2	ENSG00000147676	hsa-miR-4496	MIMAT0019031	0.919770029174609
2442	C12orf45	ENSG00000151131	hsa-miR-148a-5p	MIMAT0004549	0.919758917371845
2443	ZNF148	ENSG00000163848	hsa-miR-380-3p	MIMAT0000735	0.919744491994382
2444	TBCE	ENSG00000284770	hsa-miR-137-3p	MIMAT0000429	0.91972563636428
2445	GABRA1	ENSG00000022355	hsa-miR-4496	MIMAT0019031	0.91972091296447
2446	ZNF546	ENSG00000187187	hsa-miR-137-3p	MIMAT0000429	0.919654889014368
2447	NEK7	ENSG00000151414	hsa-miR-7154-5p	MIMAT0028218	0.919654175723228
2448	FGL2	ENSG00000127951	hsa-miR-137-3p	MIMAT0000429	0.919648017423365
2449	CBFA2T2	ENSG00000078699	hsa-miR-1252-3p	MIMAT0026744	0.919626871586136
2450	NMNAT3	ENSG00000163864	hsa-miR-137-3p	MIMAT0000429	0.91959524265023
2451	ADAM12	ENSG00000148848	hsa-miR-148a-5p	MIMAT0004549	0.919464738328328
2452	GOPC	ENSG00000047932	hsa-miR-1252-3p	MIMAT0026744	0.919442471272153
2453	PIAS1	ENSG00000033800	hsa-miR-148a-5p	MIMAT0004549	0.919434920713582
2454	XPO1	ENSG00000082898	hsa-miR-7154-5p	MIMAT0028218	0.919414772865139
2455	RAP2C	ENSG00000123728	hsa-miR-6780a-3p	MIMAT0027461	0.919400300468641
2456	SMG1	ENSG00000157106	hsa-miR-212-5p	MIMAT0022695	0.91935229707138
2457	LPCAT2	ENSG00000087253	hsa-miR-148a-5p	MIMAT0004549	0.919313086425701
2458	CREB5	ENSG00000146592	hsa-miR-1252-3p	MIMAT0026744	0.919308093688885
2459	LIMCH1	ENSG00000064042	hsa-miR-1252-3p	MIMAT0026744	0.919264074893881
2460	GDNF	ENSG00000168621	hsa-miR-1252-3p	MIMAT0026744	0.919258799591961
2461	TPTE	ENSG00000274391	hsa-miR-380-3p	MIMAT0000735	0.919244540177515
2462	BCOR	ENSG00000183337	hsa-miR-137-3p	MIMAT0000429	0.919186336370786
2463	CEP170	ENSG00000143702	hsa-miR-148a-5p	MIMAT0004549	0.919136299691368
2464	EHD2	ENSG00000024422	hsa-miR-212-5p	MIMAT0022695	0.919131925077648
2465	KIAA0232	ENSG00000170871	hsa-miR-212-5p	MIMAT0022695	0.91910543006383
2466	AGBL1	ENSG00000273540	hsa-miR-4496	MIMAT0019031	0.919092309459018
2467	POLR2C	ENSG00000102978	hsa-miR-137-3p	MIMAT0000429	0.919047079287867
2468	MAS1	ENSG00000130368	hsa-miR-1252-3p	MIMAT0026744	0.919025394076089
2469	C1QTNF7	ENSG00000163145	hsa-miR-137-3p	MIMAT0000429	0.919015586472861
2470	UGGT1	ENSG00000136731	hsa-miR-4496	MIMAT0019031	0.918983891630918
2471	ASAH2	ENSG00000188611	hsa-miR-329-5p	MIMAT0026555	0.91878640708116
2472	MLEC	ENSG00000110917	hsa-miR-4496	MIMAT0019031	0.918746768890935
2473	OR6C1	ENSG00000205330	hsa-miR-1252-3p	MIMAT0026744	0.918728075785438
2474	CCN3	ENSG00000136999	hsa-miR-3618	MIMAT0017998	0.918721387396596
2475	SV2C	ENSG00000122012	hsa-miR-3618	MIMAT0017998	0.918657201254087
2476	DUSP4	ENSG00000120875	hsa-miR-1252-3p	MIMAT0026744	0.918649974468943
2477	CELF2	ENSG00000048740	hsa-miR-329-5p	MIMAT0026555	0.918634808555264
2478	TREML2	ENSG00000112195	hsa-miR-4496	MIMAT0019031	0.918580744342978
2479	HAT1	ENSG00000128708	hsa-miR-6861-5p	MIMAT0027623	0.918550150200116
2480	LRRC3B	ENSG00000179796	hsa-miR-148a-5p	MIMAT0004549	0.918518818840781
2481	RSF1	ENSG00000048649	hsa-miR-4496	MIMAT0019031	0.918497101903608
2482	OSBPL8	ENSG00000091039	hsa-miR-1252-3p	MIMAT0026744	0.91849494747409
2483	VGLL3	ENSG00000206538	hsa-miR-1252-3p	MIMAT0026744	0.918432121142386
2484	TMEM218	ENSG00000150433	hsa-miR-137-3p	MIMAT0000429	0.91842400774002
2485	PAPOLG	ENSG00000115421	hsa-miR-7154-5p	MIMAT0028218	0.918394565718705
2486	MSANTD2	ENSG00000120458	hsa-miR-137-3p	MIMAT0000429	0.918382272401258
2487	BRWD1	ENSG00000185658	hsa-miR-1252-3p	MIMAT0026744	0.918347306634777
2488	INTS6	ENSG00000102786	hsa-miR-6861-5p	MIMAT0027623	0.918339183162137
2489	ZNF568	ENSG00000198453	hsa-miR-329-5p	MIMAT0026555	0.918323884953866
2490	HERC4	ENSG00000148634	hsa-miR-380-3p	MIMAT0000735	0.918311618763147
2491	JMY	ENSG00000152409	hsa-miR-6780a-3p	MIMAT0027461	0.918308651882572
2492	IDNK	ENSG00000148057	hsa-miR-6780a-3p	MIMAT0027461	0.918275953824718
2493	TIMD4	ENSG00000145850	hsa-miR-7154-5p	MIMAT0028218	0.918221002226543
2494	NSG1	ENSG00000168824	hsa-miR-1252-3p	MIMAT0026744	0.918202499119998
2495	MAP4K2	ENSG00000168067	hsa-miR-137-3p	MIMAT0000429	0.918170526318362
2496	MPZL2	ENSG00000149573	hsa-miR-380-3p	MIMAT0000735	0.918060442214744
2497	GALNS	ENSG00000141012	hsa-miR-212-5p	MIMAT0022695	0.918040448842064
2498	CYP1B1	ENSG00000138061	hsa-miR-3618	MIMAT0017998	0.918008363614222
2499	CYP3A7	ENSG00000160870	hsa-miR-329-5p	MIMAT0026555	0.917987761501967
2500	GABPA	ENSG00000154727	hsa-miR-380-3p	MIMAT0000735	0.917985985451766
2501	ZNF326	ENSG00000162664	hsa-miR-1252-3p	MIMAT0026744	0.917941152962096
2502	PDGFRA	ENSG00000134853	hsa-miR-137-3p	MIMAT0000429	0.917938289453265
2503	MAPK14	ENSG00000112062	hsa-miR-7154-5p	MIMAT0028218	0.917932620153373
2504	SEZ6	ENSG00000063015	hsa-miR-4496	MIMAT0019031	0.917923496510513
2505	ZNF300	ENSG00000145908	hsa-miR-6780a-3p	MIMAT0027461	0.917841738919205
2506	YTHDF3	ENSG00000185728	hsa-miR-1252-3p	MIMAT0026744	0.917822050428536
2507	RSRC1	ENSG00000174891	hsa-miR-1252-3p	MIMAT0026744	0.917821299294157
2508	OR8D4	ENSG00000181518	hsa-miR-4496	MIMAT0019031	0.917818312660003
2509	FN3KRP	ENSG00000141560	hsa-miR-7154-5p	MIMAT0028218	0.917817598802207
2510	SMC1A	ENSG00000072501	hsa-miR-4496	MIMAT0019031	0.917812693302603
2511	FANCI	ENSG00000140525	hsa-miR-542-3p	MIMAT0003389	0.917776228572776
2512	FAM153A	ENSG00000170074	hsa-miR-1252-3p	MIMAT0026744	0.917749513355566
2513	HNRNPR	ENSG00000125944	hsa-miR-380-3p	MIMAT0000735	0.917675707957649
2514	BDNF	ENSG00000176697	hsa-miR-380-3p	MIMAT0000735	0.917661065240383
2515	E2F6	ENSG00000169016	hsa-miR-137-3p	MIMAT0000429	0.917660603481901
2516	MYEF2	ENSG00000104177	hsa-miR-380-3p	MIMAT0000735	0.917621679283188
2517	CEP57L1	ENSG00000183137	hsa-miR-4496	MIMAT0019031	0.917587906304481
2518	CNOT6	ENSG00000113300	hsa-miR-1252-3p	MIMAT0026744	0.917566794171425
2519	NEXMIF	ENSG00000050030	hsa-miR-4496	MIMAT0019031	0.917553131608669
2520	NCR3LG1	ENSG00000188211	hsa-miR-6861-5p	MIMAT0027623	0.91753199322185
2521	ST8SIA6	ENSG00000148488	hsa-miR-1252-3p	MIMAT0026744	0.917513498150657
2522	B4GALNT2	ENSG00000167080	hsa-miR-542-3p	MIMAT0003389	0.917466819773183
2523	XPO1	ENSG00000082898	hsa-miR-4496	MIMAT0019031	0.917449126653259
2524	NADK2	ENSG00000152620	hsa-miR-380-3p	MIMAT0000735	0.917420805575631
2525	PM20D2	ENSG00000146281	hsa-miR-380-3p	MIMAT0000735	0.917383464581305
2526	PYURF	ENSG00000145337	hsa-miR-137-3p	MIMAT0000429	0.917353427913206
2527	TANC2	ENSG00000170921	hsa-miR-212-5p	MIMAT0022695	0.917322717365017
2528	CCZ1B	ENSG00000146574	hsa-miR-137-3p	MIMAT0000429	0.917255110870331
2529	CMTM4	ENSG00000183723	hsa-miR-4496	MIMAT0019031	0.91722478038846
2530	FER	ENSG00000151422	hsa-miR-1252-3p	MIMAT0026744	0.917133960841908
2531	GALNT5	ENSG00000136542	hsa-miR-7154-5p	MIMAT0028218	0.917073441656262
2532	MLC1	ENSG00000100427	hsa-miR-137-3p	MIMAT0000429	0.916979250481488
2533	ST8SIA4	ENSG00000113532	hsa-miR-1252-3p	MIMAT0026744	0.916971194947657
2534	AMD1	ENSG00000123505	hsa-miR-137-3p	MIMAT0000429	0.916959436058149
2535	HIPK2	ENSG00000064393	hsa-miR-1252-3p	MIMAT0026744	0.916949640472984
2536	SLC35F3	ENSG00000183780	hsa-miR-380-3p	MIMAT0000735	0.916926678854136
2537	SNTB2	ENSG00000168807	hsa-miR-542-3p	MIMAT0003389	0.916909035062687
2538	ZNF319	ENSG00000166188	hsa-miR-542-3p	MIMAT0003389	0.91690560961616
2539	MORC3	ENSG00000159256	hsa-miR-7154-5p	MIMAT0028218	0.916830127648677
2540	PSMD12	ENSG00000197170	hsa-miR-137-3p	MIMAT0000429	0.916817483954841
2541	AGO3	ENSG00000126070	hsa-miR-7154-5p	MIMAT0028218	0.916813452734786
2542	HLCS	ENSG00000159267	hsa-miR-4496	MIMAT0019031	0.916778493212683
2543	YWHAG	ENSG00000170027	hsa-miR-1288-5p	MIMAT0026743	0.916769318413785
2544	FBXO9	ENSG00000112146	hsa-miR-542-3p	MIMAT0003389	0.916749570057609
2545	MGAT4C	ENSG00000182050	hsa-miR-329-5p	MIMAT0026555	0.916731149502383
2546	PRTG	ENSG00000166450	hsa-miR-7154-5p	MIMAT0028218	0.916712968388706
2547	IGSF1	ENSG00000147255	hsa-miR-4496	MIMAT0019031	0.916708487970615
2548	VGLL4	ENSG00000144560	hsa-miR-3618	MIMAT0017998	0.916679798370714
2549	KITLG	ENSG00000049130	hsa-miR-1252-3p	MIMAT0026744	0.916574277653423
2550	CHST2	ENSG00000175040	hsa-miR-4496	MIMAT0019031	0.91657352177779
2551	WDR11	ENSG00000120008	hsa-miR-1252-3p	MIMAT0026744	0.916513383866464
2552	RANBP1	ENSG00000099901	hsa-miR-137-3p	MIMAT0000429	0.916495636855921
2553	MRPL19	ENSG00000115364	hsa-miR-1252-3p	MIMAT0026744	0.91649363468351
2554	CIBAR1	ENSG00000188343	hsa-miR-148a-5p	MIMAT0004549	0.916438788772052
2555	PICALM	ENSG00000073921	hsa-miR-3618	MIMAT0017998	0.916420054331976
2556	ZNF385D	ENSG00000151789	hsa-miR-7154-5p	MIMAT0028218	0.916407242591994
2557	SLC15A2	ENSG00000163406	hsa-miR-5007-5p	MIMAT0021035	0.916379234740816
2558	DLGAP1	ENSG00000170579	hsa-miR-137-3p	MIMAT0000429	0.916360359949856
2559	GNAQ	ENSG00000156052	hsa-miR-4496	MIMAT0019031	0.916278278256627
2560	EPAS1	ENSG00000116016	hsa-miR-148a-5p	MIMAT0004549	0.91627045735655
2561	MGAT4C	ENSG00000182050	hsa-miR-6780a-3p	MIMAT0027461	0.916194625754296
2562	PRKD3	ENSG00000115825	hsa-miR-1252-3p	MIMAT0026744	0.916189299087016
2563	MCC	ENSG00000171444	hsa-miR-4496	MIMAT0019031	0.916184878283272
2564	MCTS1	ENSG00000232119	hsa-miR-1252-3p	MIMAT0026744	0.916165698837838
2565	NR2F2	ENSG00000185551	hsa-miR-212-5p	MIMAT0022695	0.916087081912923
2566	SCN1A	ENSG00000144285	hsa-miR-148a-5p	MIMAT0004549	0.916079868682659
2567	SCIN	ENSG00000006747	hsa-miR-7154-5p	MIMAT0028218	0.916079720386575
2568	LMAN2L	ENSG00000114988	hsa-miR-3618	MIMAT0017998	0.916059487437375
2569	SH3TC2	ENSG00000169247	hsa-miR-6780a-3p	MIMAT0027461	0.916010559705557
2570	ZFP37	ENSG00000136866	hsa-miR-542-3p	MIMAT0003389	0.915895947922876
2571	TIMM8A	ENSG00000126953	hsa-miR-6861-5p	MIMAT0027623	0.915884469781592
2572	GPR65	ENSG00000140030	hsa-miR-380-3p	MIMAT0000735	0.915836900807044
2573	GTDC1	ENSG00000121964	hsa-miR-6780a-3p	MIMAT0027461	0.915814922740624
2574	USP31	ENSG00000103404	hsa-miR-1252-3p	MIMAT0026744	0.915813408938103
2575	MED30	ENSG00000164758	hsa-miR-7154-5p	MIMAT0028218	0.915804749811933
2576	PROX1	ENSG00000117707	hsa-miR-137-3p	MIMAT0000429	0.915798245120881
2577	TMEM154	ENSG00000170006	hsa-miR-6780a-3p	MIMAT0027461	0.915751755911401
2578	PPP1R21	ENSG00000162869	hsa-miR-6780a-3p	MIMAT0027461	0.915723798131439
2579	SENP3-EIF4A1	ENSG00000277957	hsa-miR-212-5p	MIMAT0022695	0.915706009843076
2580	PAX3	ENSG00000135903	hsa-miR-137-3p	MIMAT0000429	0.915657174635542
2581	ARMC8	ENSG00000114098	hsa-miR-1252-3p	MIMAT0026744	0.915563096822454
2582	FP565260.6	ENSG00000280433	hsa-miR-7154-5p	MIMAT0028218	0.915554021913368
2583	SCUBE3	ENSG00000146197	hsa-miR-4496	MIMAT0019031	0.915486928066868
2584	SCART1	ENSG00000214279	hsa-miR-4496	MIMAT0019031	0.915433705006249
2585	TSHZ3	ENSG00000121297	hsa-miR-148a-5p	MIMAT0004549	0.915336415705145
2586	EXT1	ENSG00000182197	hsa-miR-148a-5p	MIMAT0004549	0.915303067421693
2587	ARL8B	ENSG00000134108	hsa-miR-329-5p	MIMAT0026555	0.915294089681152
2588	FZD5	ENSG00000163251	hsa-miR-212-5p	MIMAT0022695	0.915267633298755
2589	DIP2B	ENSG00000066084	hsa-miR-4496	MIMAT0019031	0.915263701251969
2590	ZNF654	ENSG00000175105	hsa-miR-1252-3p	MIMAT0026744	0.915194778258814
2591	GPRIN3	ENSG00000185477	hsa-miR-148a-5p	MIMAT0004549	0.915184367081768
2592	CBFA2T2	ENSG00000078699	hsa-miR-137-3p	MIMAT0000429	0.915078203366227
2593	DDX31	ENSG00000125485	hsa-miR-542-3p	MIMAT0003389	0.915000506464724
2594	SYT10	ENSG00000110975	hsa-miR-4496	MIMAT0019031	0.914974527084206
2595	XPOT	ENSG00000184575	hsa-miR-7154-5p	MIMAT0028218	0.914955774339209
2596	KCNH8	ENSG00000183960	hsa-miR-542-3p	MIMAT0003389	0.914892679829092
2597	CCL28	ENSG00000151882	hsa-miR-3618	MIMAT0017998	0.914869574822923
2598	KLHDC10	ENSG00000128607	hsa-miR-4496	MIMAT0019031	0.914825096552374
2599	CLVS2	ENSG00000146352	hsa-miR-1252-3p	MIMAT0026744	0.914819293245059
2600	SEMA6D	ENSG00000137872	hsa-miR-148a-5p	MIMAT0004549	0.914749437650727
2601	FNIP2	ENSG00000052795	hsa-miR-1252-3p	MIMAT0026744	0.914734458741139
2602	PDE4D	ENSG00000113448	hsa-miR-148a-5p	MIMAT0004549	0.914655095086748
2603	DYRK2	ENSG00000127334	hsa-miR-4496	MIMAT0019031	0.91447079724264
2604	ZNF480	ENSG00000198464	hsa-miR-329-5p	MIMAT0026555	0.914462140379674
2605	IKZF4	ENSG00000123411	hsa-miR-4496	MIMAT0019031	0.914457121524461
2606	PPP2R5E	ENSG00000154001	hsa-miR-148a-5p	MIMAT0004549	0.914441144240638
2607	GNAI3	ENSG00000065135	hsa-miR-1288-5p	MIMAT0026743	0.914364539568375
2608	ZFHX4	ENSG00000091656	hsa-miR-380-3p	MIMAT0000735	0.914354461626044
2609	CDC27	ENSG00000004897	hsa-miR-212-5p	MIMAT0022695	0.914317360393164
2610	APOOL	ENSG00000155008	hsa-miR-380-3p	MIMAT0000735	0.914310449701699
2611	LPP	ENSG00000145012	hsa-miR-329-5p	MIMAT0026555	0.914303161375475
2612	NFIA	ENSG00000162599	hsa-miR-5007-5p	MIMAT0021035	0.914299793089829
2613	ZBTB18	ENSG00000179456	hsa-miR-137-3p	MIMAT0000429	0.914293445572832
2614	ARHGEF12	ENSG00000196914	hsa-miR-6780a-3p	MIMAT0027461	0.914291696548537
2615	ICA1L	ENSG00000163596	hsa-miR-137-3p	MIMAT0000429	0.914287654791672
2616	HMGB3	ENSG00000029993	hsa-miR-380-3p	MIMAT0000735	0.914264318539296
2617	KDM6A	ENSG00000147050	hsa-miR-380-3p	MIMAT0000735	0.914193364184233
2618	SPAST	ENSG00000021574	hsa-miR-380-3p	MIMAT0000735	0.914183720455382
2619	TMED5	ENSG00000117500	hsa-miR-137-3p	MIMAT0000429	0.914154702746199
2620	SNX30	ENSG00000148158	hsa-miR-7154-5p	MIMAT0028218	0.914145634233864
2621	OR4N2	ENSG00000176294	hsa-miR-4496	MIMAT0019031	0.914092732892114
2622	EBF3	ENSG00000108001	hsa-miR-148a-5p	MIMAT0004549	0.914062768517891
2623	RBMX	ENSG00000147274	hsa-miR-148a-5p	MIMAT0004549	0.914048154267626
2624	SEC22A	ENSG00000121542	hsa-miR-6780a-3p	MIMAT0027461	0.914036735899759
2625	GFRA1	ENSG00000151892	hsa-miR-542-3p	MIMAT0003389	0.913981478580498
2626	PGR	ENSG00000082175	hsa-miR-1252-3p	MIMAT0026744	0.913939041858317
2627	GRM7	ENSG00000196277	hsa-miR-137-3p	MIMAT0000429	0.913898561661781
2628	ZNF621	ENSG00000172888	hsa-miR-1252-3p	MIMAT0026744	0.913787792721492
2629	BICRAL	ENSG00000112624	hsa-miR-137-3p	MIMAT0000429	0.913776538486289
2630	FNIP2	ENSG00000052795	hsa-miR-137-3p	MIMAT0000429	0.913717270263895
2631	ARGLU1	ENSG00000134884	hsa-miR-148a-5p	MIMAT0004549	0.913663698780543
2632	ANKRD28	ENSG00000206560	hsa-miR-7154-5p	MIMAT0028218	0.913658119734131
2633	REG3A	ENSG00000172016	hsa-miR-137-3p	MIMAT0000429	0.913644678684385
2634	EML6	ENSG00000214595	hsa-miR-137-3p	MIMAT0000429	0.913641656452635
2635	JMJD1C	ENSG00000171988	hsa-miR-380-3p	MIMAT0000735	0.913625367442435
2636	SCARA5	ENSG00000168079	hsa-miR-380-3p	MIMAT0000735	0.913623462946653
2637	BCL11B	ENSG00000127152	hsa-miR-1252-3p	MIMAT0026744	0.913580743517117
2638	TMF1	ENSG00000144747	hsa-miR-1252-3p	MIMAT0026744	0.913553731732184
2639	PLEKHA7	ENSG00000166689	hsa-miR-137-3p	MIMAT0000429	0.913550251489316
2640	TPM3	ENSG00000143549	hsa-miR-380-3p	MIMAT0000735	0.913518677394782
2641	ZEB1	ENSG00000148516	hsa-miR-1252-3p	MIMAT0026744	0.913485764005937
2642	CDC42	ENSG00000070831	hsa-miR-137-3p	MIMAT0000429	0.913474206686888
2643	ZNF678	ENSG00000181450	hsa-miR-7154-5p	MIMAT0028218	0.913473400521538
2644	FRRS1L	ENSG00000260230	hsa-miR-148a-5p	MIMAT0004549	0.913458231110862
2645	NDP	ENSG00000124479	hsa-miR-5007-5p	MIMAT0021035	0.913440305674846
2646	CUL3	ENSG00000036257	hsa-miR-137-3p	MIMAT0000429	0.91343823907276
2647	PRDM5	ENSG00000138738	hsa-miR-1252-3p	MIMAT0026744	0.913420026391945
2648	DCANP1	ENSG00000251380	hsa-miR-329-5p	MIMAT0026555	0.913408466798396
2649	FAM126B	ENSG00000155744	hsa-miR-542-3p	MIMAT0003389	0.913384130886584
2650	AP1G1	ENSG00000166747	hsa-miR-4496	MIMAT0019031	0.913373443014798
2651	INSYN2A	ENSG00000188916	hsa-miR-1252-3p	MIMAT0026744	0.913368106124148
2652	SORD	ENSG00000140263	hsa-miR-7154-5p	MIMAT0028218	0.913336254343769
2653	LRRTM4	ENSG00000176204	hsa-miR-137-3p	MIMAT0000429	0.913335209536533
2654	LCP2	ENSG00000043462	hsa-miR-137-3p	MIMAT0000429	0.913299078474212
2655	KCNK12	ENSG00000184261	hsa-miR-4496	MIMAT0019031	0.913283832798613
2656	FOXP1	ENSG00000114861	hsa-miR-137-3p	MIMAT0000429	0.913250323396592
2657	LONRF1	ENSG00000154359	hsa-miR-148a-5p	MIMAT0004549	0.913171669088537
2658	STK32B	ENSG00000152953	hsa-miR-4496	MIMAT0019031	0.913136717294091
2659	PLD5	ENSG00000180287	hsa-miR-148a-5p	MIMAT0004549	0.91312110460265
2660	BUB3	ENSG00000154473	hsa-miR-4496	MIMAT0019031	0.913117795070742
2661	CREM	ENSG00000095794	hsa-miR-1252-3p	MIMAT0026744	0.913106971508035
2662	CNTN1	ENSG00000018236	hsa-miR-148a-5p	MIMAT0004549	0.91306350379586
2663	BMPR2	ENSG00000204217	hsa-miR-1252-3p	MIMAT0026744	0.913055051449633
2664	RGS16	ENSG00000143333	hsa-miR-5007-5p	MIMAT0021035	0.913024693736909
2665	DESI1	ENSG00000100418	hsa-miR-137-3p	MIMAT0000429	0.913016319242428
2666	CFAP36	ENSG00000163001	hsa-miR-1252-3p	MIMAT0026744	0.912980622277629
2667	CDH11	ENSG00000140937	hsa-miR-1252-3p	MIMAT0026744	0.912957982686639
2668	ZNF737	ENSG00000237440	hsa-miR-329-5p	MIMAT0026555	0.912938926006486
2669	WDR26	ENSG00000162923	hsa-miR-148a-5p	MIMAT0004549	0.912936645529541
2670	BZW1	ENSG00000082153	hsa-miR-1252-3p	MIMAT0026744	0.912905160466683
2671	NPHP1	ENSG00000144061	hsa-miR-542-3p	MIMAT0003389	0.912876811998106
2672	ZNF141	ENSG00000131127	hsa-miR-4496	MIMAT0019031	0.912856474893908
2673	LRP2BP	ENSG00000109771	hsa-miR-1252-3p	MIMAT0026744	0.912852531149205
2674	DLX3	ENSG00000064195	hsa-miR-4496	MIMAT0019031	0.912831142291409
2675	EDIL3	ENSG00000164176	hsa-miR-7154-5p	MIMAT0028218	0.912798321252656
2676	SIX4	ENSG00000100625	hsa-miR-5007-5p	MIMAT0021035	0.912668452626962
2677	CPOX	ENSG00000080819	hsa-miR-1252-3p	MIMAT0026744	0.912646917218902
2678	PANK1	ENSG00000152782	hsa-miR-7154-5p	MIMAT0028218	0.912636021364491
2679	MS4A6A	ENSG00000110077	hsa-miR-4496	MIMAT0019031	0.912615397022068
2680	ZNF462	ENSG00000148143	hsa-miR-1252-3p	MIMAT0026744	0.912562870180891
2681	FAT4	ENSG00000196159	hsa-miR-6861-5p	MIMAT0027623	0.912548630500664
2682	BCLAF1	ENSG00000029363	hsa-miR-148a-5p	MIMAT0004549	0.91254673114231
2683	RAB23	ENSG00000112210	hsa-miR-380-3p	MIMAT0000735	0.912504014826893
2684	FAM3C	ENSG00000196937	hsa-miR-7154-5p	MIMAT0028218	0.912484174041794
2685	SPDYE17	ENSG00000186645	hsa-miR-1252-3p	MIMAT0026744	0.912471108829845
2686	SPRY3	ENSG00000168939	hsa-miR-137-3p	MIMAT0000429	0.912409183136222
2687	CACUL1	ENSG00000151893	hsa-miR-148a-5p	MIMAT0004549	0.912398952857127
2688	SFT2D2	ENSG00000213064	hsa-miR-4496	MIMAT0019031	0.912391350700538
2689	NCKAP1	ENSG00000061676	hsa-miR-148a-5p	MIMAT0004549	0.912384695992579
2690	LGALSL	ENSG00000119862	hsa-miR-380-3p	MIMAT0000735	0.912372205569868
2691	SPATS2	ENSG00000123352	hsa-miR-4496	MIMAT0019031	0.912369432401216
2692	ZNF292	ENSG00000188994	hsa-miR-148a-5p	MIMAT0004549	0.912339449822602
2693	CDH18	ENSG00000145526	hsa-miR-7154-5p	MIMAT0028218	0.912338116540027
2694	TP53TG3D	ENSG00000205456	hsa-miR-4496	MIMAT0019031	0.912335841260403
2695	SPARC	ENSG00000113140	hsa-miR-7154-5p	MIMAT0028218	0.912282519393011
2696	POMK	ENSG00000185900	hsa-miR-4496	MIMAT0019031	0.912125840211828
2697	NUP35	ENSG00000163002	hsa-miR-7154-5p	MIMAT0028218	0.912078774663169
2698	TCP10L	ENSG00000242220	hsa-miR-1288-5p	MIMAT0026743	0.912051636832512
2699	PTGS1	ENSG00000095303	hsa-miR-1252-3p	MIMAT0026744	0.911994010166995
2700	RRAGD	ENSG00000025039	hsa-miR-1252-3p	MIMAT0026744	0.911981467152242
2701	RIF1	ENSG00000080345	hsa-miR-7154-5p	MIMAT0028218	0.911980724679259
2702	RAB27B	ENSG00000041353	hsa-miR-542-3p	MIMAT0003389	0.911952921347804
2703	PIK3C2A	ENSG00000011405	hsa-miR-148a-5p	MIMAT0004549	0.911797790602116
2704	OSTN	ENSG00000188729	hsa-miR-380-3p	MIMAT0000735	0.911788144805861
2705	GXYLT1	ENSG00000151233	hsa-miR-4496	MIMAT0019031	0.911710944596431
2706	USP8	ENSG00000138592	hsa-miR-380-3p	MIMAT0000735	0.911675540479023
2707	MARCHF6	ENSG00000145495	hsa-miR-1252-3p	MIMAT0026744	0.911664021656759
2708	PEX11B	ENSG00000131779	hsa-miR-4496	MIMAT0019031	0.91162174264786
2709	CACNA1E	ENSG00000198216	hsa-miR-6780a-3p	MIMAT0027461	0.91161174366872
2710	ARHGAP5	ENSG00000100852	hsa-miR-137-3p	MIMAT0000429	0.911549242740695
2711	INTU	ENSG00000164066	hsa-miR-380-3p	MIMAT0000735	0.911506158638382
2712	ACAT1	ENSG00000075239	hsa-miR-542-3p	MIMAT0003389	0.911488191027613
2713	ZNF737	ENSG00000237440	hsa-miR-6780a-3p	MIMAT0027461	0.911399996408111
2714	ITPRIP	ENSG00000148841	hsa-miR-542-3p	MIMAT0003389	0.9113626256998
2715	TTLL7	ENSG00000137941	hsa-miR-1252-3p	MIMAT0026744	0.911344908696871
2716	ZFX	ENSG00000005889	hsa-miR-1252-3p	MIMAT0026744	0.911339191193496
2717	TRAPPC10	ENSG00000160218	hsa-miR-7154-5p	MIMAT0028218	0.911298101815408
2718	TMPRSS12	ENSG00000186452	hsa-miR-1252-3p	MIMAT0026744	0.911295104258162
2719	TCEANC2	ENSG00000116205	hsa-miR-212-5p	MIMAT0022695	0.911219089393067
2720	ZNF417	ENSG00000173480	hsa-miR-4496	MIMAT0019031	0.911218443011571
2721	TMC1	ENSG00000165091	hsa-miR-4496	MIMAT0019031	0.911213939697443
2722	ZNF605	ENSG00000196458	hsa-miR-7154-5p	MIMAT0028218	0.91115210398599
2723	FNDC3A	ENSG00000102531	hsa-miR-6780a-3p	MIMAT0027461	0.911135129106072
2724	FAT3	ENSG00000165323	hsa-miR-1252-3p	MIMAT0026744	0.911121261875461
2725	ZC3H8	ENSG00000144161	hsa-miR-4496	MIMAT0019031	0.91111953779283
2726	C1orf185	ENSG00000204006	hsa-miR-7154-5p	MIMAT0028218	0.911118361983537
2727	PRR9	ENSG00000203783	hsa-miR-212-5p	MIMAT0022695	0.911090111844989
2728	AL358113.1	ENSG00000285130	hsa-miR-137-3p	MIMAT0000429	0.911058948340674
2729	TTN	ENSG00000155657	hsa-miR-137-3p	MIMAT0000429	0.911044148627585
2730	AKAP5	ENSG00000179841	hsa-miR-148a-5p	MIMAT0004549	0.910982494912745
2731	NAB1	ENSG00000138386	hsa-miR-137-3p	MIMAT0000429	0.910952329658637
2732	OR2AG1	ENSG00000279486	hsa-miR-7154-5p	MIMAT0028218	0.910894864483724
2733	MGAT4A	ENSG00000071073	hsa-miR-4496	MIMAT0019031	0.910891335427095
2734	ZSCAN22	ENSG00000182318	hsa-miR-542-3p	MIMAT0003389	0.910889584090452
2735	SHC4	ENSG00000185634	hsa-miR-1252-3p	MIMAT0026744	0.910889454047593
2736	WSB1	ENSG00000109046	hsa-miR-329-5p	MIMAT0026555	0.910882715083191
2737	LHFPL2	ENSG00000145685	hsa-miR-137-3p	MIMAT0000429	0.910870821104793
2738	POU3F1	ENSG00000185668	hsa-miR-3618	MIMAT0017998	0.910817185521798
2739	NOVA1	ENSG00000139910	hsa-miR-137-3p	MIMAT0000429	0.910773668026771
2740	SP4	ENSG00000105866	hsa-miR-1252-3p	MIMAT0026744	0.910765186498906
2741	STARD13	ENSG00000133121	hsa-miR-148a-5p	MIMAT0004549	0.91076008432842
2742	RBKS	ENSG00000171174	hsa-miR-542-3p	MIMAT0003389	0.910737361292329
2743	DYNAP	ENSG00000178690	hsa-miR-5007-5p	MIMAT0021035	0.910735825472207
2744	PM20D2	ENSG00000146281	hsa-miR-329-5p	MIMAT0026555	0.910720563663441
2745	MAST4	ENSG00000069020	hsa-miR-137-3p	MIMAT0000429	0.91062156205246
2746	BLZF1	ENSG00000117475	hsa-miR-137-3p	MIMAT0000429	0.910621475415194
2747	KLF12	ENSG00000118922	hsa-miR-148a-5p	MIMAT0004549	0.910586772923448
2748	TEAD1	ENSG00000187079	hsa-miR-329-5p	MIMAT0026555	0.910579665002003
2749	SLC7A1	ENSG00000139514	hsa-miR-4496	MIMAT0019031	0.910573523935379
2750	CCDC47	ENSG00000108588	hsa-miR-7154-5p	MIMAT0028218	0.9105373020955
2751	MSH2	ENSG00000095002	hsa-miR-4496	MIMAT0019031	0.910485452630391
2752	RP2	ENSG00000102218	hsa-miR-380-3p	MIMAT0000735	0.910453938080336
2753	OR10J1	ENSG00000196184	hsa-miR-7154-5p	MIMAT0028218	0.910451682985355
2754	CDKN2B	ENSG00000147883	hsa-miR-329-5p	MIMAT0026555	0.910431080077754
2755	CENPC	ENSG00000145241	hsa-miR-1252-3p	MIMAT0026744	0.910417468234658
2756	C5orf51	ENSG00000205765	hsa-miR-380-3p	MIMAT0000735	0.910365849552182
2757	RASGRP1	ENSG00000172575	hsa-miR-1252-3p	MIMAT0026744	0.910328125575431
2758	ABCB10	ENSG00000135776	hsa-miR-7154-5p	MIMAT0028218	0.910261405078738
2759	OR8D1	ENSG00000196341	hsa-miR-6780a-3p	MIMAT0027461	0.910258304823149
2760	PELO	ENSG00000152684	hsa-miR-329-5p	MIMAT0026555	0.910251833889129
2761	ZCCHC2	ENSG00000141664	hsa-miR-4496	MIMAT0019031	0.910200086120452
2762	GPR61	ENSG00000156097	hsa-miR-4496	MIMAT0019031	0.910149584395008
2763	MRPL42	ENSG00000198015	hsa-miR-7154-5p	MIMAT0028218	0.910146378326482
2764	RAG1	ENSG00000166349	hsa-miR-1252-3p	MIMAT0026744	0.909970366005187
2765	ADAM10	ENSG00000137845	hsa-miR-1252-3p	MIMAT0026744	0.909927665790758
2766	NME9	ENSG00000181322	hsa-miR-3618	MIMAT0017998	0.90991163263352
2767	AAK1	ENSG00000115977	hsa-miR-1252-3p	MIMAT0026744	0.909883831174539
2768	CLINT1	ENSG00000113282	hsa-miR-329-5p	MIMAT0026555	0.909879007468734
2769	ZNF736	ENSG00000234444	hsa-miR-380-3p	MIMAT0000735	0.909839407210825
2770	AC106741.1	ENSG00000287694	hsa-miR-380-3p	MIMAT0000735	0.909774541401031
2771	RNF144B	ENSG00000137393	hsa-miR-7154-5p	MIMAT0028218	0.909690520259226
2772	NPTX1	ENSG00000171246	hsa-miR-1288-5p	MIMAT0026743	0.909685991979598
2773	IGF1R	ENSG00000140443	hsa-miR-380-3p	MIMAT0000735	0.909681673856952
2774	STIL	ENSG00000123473	hsa-miR-148a-5p	MIMAT0004549	0.909657744480886
2775	EXPH5	ENSG00000110723	hsa-miR-7154-5p	MIMAT0028218	0.9096408549451
2776	MID2	ENSG00000080561	hsa-miR-7154-5p	MIMAT0028218	0.909640089907518
2777	C12orf73	ENSG00000204954	hsa-miR-7154-5p	MIMAT0028218	0.909568026305209
2778	TMEM263	ENSG00000151135	hsa-miR-1288-5p	MIMAT0026743	0.909541930552801
2779	DCN	ENSG00000011465	hsa-miR-1252-3p	MIMAT0026744	0.909537689108393
2780	FMN1	ENSG00000248905	hsa-miR-542-3p	MIMAT0003389	0.909477963440724
2781	PAG1	ENSG00000076641	hsa-miR-380-3p	MIMAT0000735	0.909454778571942
2782	NOL8	ENSG00000198000	hsa-miR-1252-3p	MIMAT0026744	0.909407678866485
2783	ASPH	ENSG00000198363	hsa-miR-329-5p	MIMAT0026555	0.9093536728988
2784	TTC30A	ENSG00000197557	hsa-miR-6780a-3p	MIMAT0027461	0.909339859164195
2785	ZBTB34	ENSG00000177125	hsa-miR-4496	MIMAT0019031	0.909283377151974
2786	STON1	ENSG00000243244	hsa-miR-380-3p	MIMAT0000735	0.909274334011649
2787	NCOA2	ENSG00000140396	hsa-miR-1252-3p	MIMAT0026744	0.909141498425304
2788	LYPLA1	ENSG00000120992	hsa-miR-1252-3p	MIMAT0026744	0.909126541206491
2789	UBE2L5	ENSG00000236444	hsa-miR-148a-5p	MIMAT0004549	0.909096477797889
2790	LEMD2	ENSG00000161904	hsa-miR-7154-5p	MIMAT0028218	0.909061590371093
2791	EIF4H	ENSG00000106682	hsa-miR-329-5p	MIMAT0026555	0.908999401716489
2792	BOD1L2	ENSG00000228075	hsa-miR-4496	MIMAT0019031	0.908992788278647
2793	SHROOM4	ENSG00000158352	hsa-miR-212-5p	MIMAT0022695	0.908988665842782
2794	UGT2B11	ENSG00000213759	hsa-miR-380-3p	MIMAT0000735	0.908968177934484
2795	NRBF2	ENSG00000148572	hsa-miR-380-3p	MIMAT0000735	0.908859436730082
2796	ZBTB10	ENSG00000205189	hsa-miR-137-3p	MIMAT0000429	0.908795813961045
2797	STIM2	ENSG00000109689	hsa-miR-1252-3p	MIMAT0026744	0.908792452440855
2798	MAPK6	ENSG00000069956	hsa-miR-1252-3p	MIMAT0026744	0.908771664492368
2799	INPP4B	ENSG00000109452	hsa-miR-137-3p	MIMAT0000429	0.908713157169193
2800	GXYLT1	ENSG00000151233	hsa-miR-329-5p	MIMAT0026555	0.908666021786917
2801	FAM135A	ENSG00000082269	hsa-miR-148a-5p	MIMAT0004549	0.908665797754601
2802	ZNF292	ENSG00000188994	hsa-miR-7154-5p	MIMAT0028218	0.908630268102198
2803	ZNF280B	ENSG00000275004	hsa-miR-329-5p	MIMAT0026555	0.908627409277636
2804	ICE2	ENSG00000128915	hsa-miR-1252-3p	MIMAT0026744	0.908617018077328
2805	PTPRD	ENSG00000153707	hsa-miR-380-3p	MIMAT0000735	0.908574962308351
2806	PAXBP1	ENSG00000159086	hsa-miR-137-3p	MIMAT0000429	0.908564540189718
2807	TENM2	ENSG00000145934	hsa-miR-148a-5p	MIMAT0004549	0.908524607097959
2808	HIVEP1	ENSG00000095951	hsa-miR-7154-5p	MIMAT0028218	0.908496198767815
2809	OPHN1	ENSG00000079482	hsa-miR-1252-3p	MIMAT0026744	0.908479620924626
2810	RASSF6	ENSG00000169435	hsa-miR-380-3p	MIMAT0000735	0.908470481661779
2811	RND3	ENSG00000115963	hsa-miR-3618	MIMAT0017998	0.908460228547556
2812	TRHR	ENSG00000174417	hsa-miR-137-3p	MIMAT0000429	0.908451321681138
2813	GPD2	ENSG00000115159	hsa-miR-137-3p	MIMAT0000429	0.908445971081127
2814	ERMP1	ENSG00000099219	hsa-miR-542-3p	MIMAT0003389	0.908423383611156
2815	SMIM41	ENSG00000284791	hsa-miR-6780a-3p	MIMAT0027461	0.908400549134089
2816	TMEM121B	ENSG00000183307	hsa-miR-5007-5p	MIMAT0021035	0.908396188945976
2817	TP53TG3E	ENSG00000275034	hsa-miR-148a-5p	MIMAT0004549	0.908345676673357
2818	ZBTB20	ENSG00000181722	hsa-miR-148a-5p	MIMAT0004549	0.90833032868097
2819	BMPR1B	ENSG00000138696	hsa-miR-1252-3p	MIMAT0026744	0.908283341739911
2820	ZNF391	ENSG00000124613	hsa-miR-380-3p	MIMAT0000735	0.908242496506125
2821	SMAD2	ENSG00000175387	hsa-miR-137-3p	MIMAT0000429	0.908236939979251
2822	G3BP1	ENSG00000145907	hsa-miR-1252-3p	MIMAT0026744	0.908173934861419
2823	ARRDC3	ENSG00000113369	hsa-miR-6780a-3p	MIMAT0027461	0.908105857924079
2824	STX7	ENSG00000079950	hsa-miR-329-5p	MIMAT0026555	0.908098919398636
2825	TP53TG3	ENSG00000183632	hsa-miR-148a-5p	MIMAT0004549	0.908081642074174
2826	CLEC4C	ENSG00000198178	hsa-miR-542-3p	MIMAT0003389	0.908055740111159
2827	ERBB4	ENSG00000178568	hsa-miR-1252-3p	MIMAT0026744	0.908031798141662
2828	MYSM1	ENSG00000162601	hsa-miR-4496	MIMAT0019031	0.90796830858005
2829	PPP2R1B	ENSG00000137713	hsa-miR-329-5p	MIMAT0026555	0.907966878071314
2830	NKAIN3	ENSG00000185942	hsa-miR-148a-5p	MIMAT0004549	0.907898240028059
2831	C18orf25	ENSG00000152242	hsa-miR-1252-3p	MIMAT0026744	0.907843755677888
2832	DIP2C	ENSG00000151240	hsa-miR-3618	MIMAT0017998	0.907806279344968
2833	ZNF525	ENSG00000203326	hsa-miR-329-5p	MIMAT0026555	0.907762593926947
2834	SERPINB13	ENSG00000197641	hsa-miR-4496	MIMAT0019031	0.907728791575424
2835	NXT1	ENSG00000132661	hsa-miR-4496	MIMAT0019031	0.907715921431257
2836	CAPN6	ENSG00000077274	hsa-miR-1252-3p	MIMAT0026744	0.907697182036321
2837	GLYATL3	ENSG00000203972	hsa-miR-380-3p	MIMAT0000735	0.907624184787633
2838	RSL24D1	ENSG00000137876	hsa-miR-1252-3p	MIMAT0026744	0.907611345409866
2839	SLC39A10	ENSG00000196950	hsa-miR-1252-3p	MIMAT0026744	0.90761061919493
2840	ZNF704	ENSG00000164684	hsa-miR-1252-3p	MIMAT0026744	0.907592543161309
2841	COL11A1	ENSG00000060718	hsa-miR-137-3p	MIMAT0000429	0.907590202872855
2842	PHACTR2	ENSG00000112419	hsa-miR-329-5p	MIMAT0026555	0.907588247209765
2843	SYNPO2	ENSG00000172403	hsa-miR-380-3p	MIMAT0000735	0.907552552410033
2844	TRANK1	ENSG00000168016	hsa-miR-7154-5p	MIMAT0028218	0.90754858838697
2845	UBE2E2	ENSG00000182247	hsa-miR-1252-3p	MIMAT0026744	0.907516726925739
2846	LRRC7	ENSG00000033122	hsa-miR-148a-5p	MIMAT0004549	0.907495206912886
2847	TIPARP	ENSG00000163659	hsa-miR-7154-5p	MIMAT0028218	0.90745793114986
2848	CDKL5	ENSG00000008086	hsa-miR-1252-3p	MIMAT0026744	0.907432322206417
2849	TPM3	ENSG00000143549	hsa-miR-1288-5p	MIMAT0026743	0.907385461103938
2850	UBE2Z	ENSG00000159202	hsa-miR-137-3p	MIMAT0000429	0.907382645773003
2851	PDZD8	ENSG00000165650	hsa-miR-4496	MIMAT0019031	0.907361070533174
2852	NIPBL	ENSG00000164190	hsa-miR-137-3p	MIMAT0000429	0.907352514480053
2853	TTC39B	ENSG00000155158	hsa-miR-4496	MIMAT0019031	0.907347594695462
2854	AQP9	ENSG00000103569	hsa-miR-7154-5p	MIMAT0028218	0.907316023938323
2855	LLPH	ENSG00000139233	hsa-miR-1252-3p	MIMAT0026744	0.907277810193337
2856	ZNF451	ENSG00000112200	hsa-miR-380-3p	MIMAT0000735	0.907212863465461
2857	TRIP11	ENSG00000100815	hsa-miR-1252-3p	MIMAT0026744	0.907168139233257
2858	CA10	ENSG00000154975	hsa-miR-7154-5p	MIMAT0028218	0.907157182174424
2859	PPP1R21	ENSG00000162869	hsa-miR-5007-5p	MIMAT0021035	0.907113871830959
2860	PPM1B	ENSG00000138032	hsa-miR-1252-3p	MIMAT0026744	0.907084595261519
2861	PAQR9	ENSG00000188582	hsa-miR-137-3p	MIMAT0000429	0.907074835693844
2862	UBXN7	ENSG00000163960	hsa-miR-6861-5p	MIMAT0027623	0.907065052751592
2863	FAM177B	ENSG00000197520	hsa-miR-137-3p	MIMAT0000429	0.90704126066059
2864	TRHDE	ENSG00000072657	hsa-miR-1288-5p	MIMAT0026743	0.906944412577197
2865	FSD2	ENSG00000186628	hsa-miR-1252-3p	MIMAT0026744	0.906893358736424
2866	ZNF563	ENSG00000188868	hsa-miR-7154-5p	MIMAT0028218	0.906876414822771
2867	ZEB2	ENSG00000169554	hsa-miR-380-3p	MIMAT0000735	0.906818320243194
2868	FRMD6	ENSG00000139926	hsa-miR-137-3p	MIMAT0000429	0.906779270673811
2869	XPR1	ENSG00000143324	hsa-miR-7154-5p	MIMAT0028218	0.906724195430292
2870	PPDPFL	ENSG00000168333	hsa-miR-1252-3p	MIMAT0026744	0.906710953952585
2871	ATXN1	ENSG00000124788	hsa-miR-148a-5p	MIMAT0004549	0.906702555142424
2872	FOXK1	ENSG00000164916	hsa-miR-1252-3p	MIMAT0026744	0.906697661563327
2873	RNF8	ENSG00000112130	hsa-miR-4496	MIMAT0019031	0.906665500311808
2874	MPLKIP	ENSG00000168303	hsa-miR-1252-3p	MIMAT0026744	0.906649179120912
2875	SOCS4	ENSG00000180008	hsa-miR-4496	MIMAT0019031	0.906577397284265
2876	LEPROTL1	ENSG00000104660	hsa-miR-380-3p	MIMAT0000735	0.906573991362147
2877	ARHGAP31	ENSG00000031081	hsa-miR-137-3p	MIMAT0000429	0.906564812964662
2878	CIP2A	ENSG00000163507	hsa-miR-380-3p	MIMAT0000735	0.906522581965241
2879	CSNK1A1	ENSG00000113712	hsa-miR-1252-3p	MIMAT0026744	0.906516023123526
2880	HTR5A	ENSG00000157219	hsa-miR-3618	MIMAT0017998	0.906484730462259
2881	ADD2	ENSG00000075340	hsa-miR-148a-5p	MIMAT0004549	0.906476803841868
2882	EPB41L3	ENSG00000082397	hsa-miR-6780a-3p	MIMAT0027461	0.906459984971981
2883	NHS	ENSG00000188158	hsa-miR-6780a-3p	MIMAT0027461	0.906437804078187
2884	SCN9A	ENSG00000169432	hsa-miR-380-3p	MIMAT0000735	0.906427607486558
2885	TULP3	ENSG00000078246	hsa-miR-137-3p	MIMAT0000429	0.906400886059155
2886	SLC44A1	ENSG00000070214	hsa-miR-6780a-3p	MIMAT0027461	0.906372590136268
2887	OR6N2	ENSG00000188340	hsa-miR-4496	MIMAT0019031	0.906360201658937
2888	ETNK1	ENSG00000139163	hsa-miR-4496	MIMAT0019031	0.906352028161832
2889	DSTN	ENSG00000125868	hsa-miR-380-3p	MIMAT0000735	0.906330938990266
2890	KYNU	ENSG00000115919	hsa-miR-380-3p	MIMAT0000735	0.906319924134798
2891	SERTAD4	ENSG00000082497	hsa-miR-1252-3p	MIMAT0026744	0.90631490968789
2892	RAB2A	ENSG00000104388	hsa-miR-1252-3p	MIMAT0026744	0.906294400508236
2893	PIK3C2B	ENSG00000133056	hsa-miR-1252-3p	MIMAT0026744	0.90627102854618
2894	BLOC1S5	ENSG00000188428	hsa-miR-137-3p	MIMAT0000429	0.906248500577383
2895	PARP4	ENSG00000102699	hsa-miR-137-3p	MIMAT0000429	0.906225565883999
2896	DGKI	ENSG00000157680	hsa-miR-5007-5p	MIMAT0021035	0.906207798491546
2897	TIMM22	ENSG00000177370	hsa-miR-7154-5p	MIMAT0028218	0.906156600082375
2898	SMG7	ENSG00000116698	hsa-miR-6861-5p	MIMAT0027623	0.906149748516858
2899	RRM2B	ENSG00000048392	hsa-miR-1252-3p	MIMAT0026744	0.906122359678149
2900	WAC	ENSG00000095787	hsa-miR-4496	MIMAT0019031	0.906093530904147
2901	WDR26	ENSG00000162923	hsa-miR-1252-3p	MIMAT0026744	0.906062703091729
2902	ZDBF2	ENSG00000204186	hsa-miR-1252-3p	MIMAT0026744	0.906031640482653
2903	SRGAP3	ENSG00000196220	hsa-miR-137-3p	MIMAT0000429	0.906025730893156
2904	FAM122A	ENSG00000187866	hsa-miR-148a-5p	MIMAT0004549	0.906011545227554
2905	EPB41L3	ENSG00000082397	hsa-miR-1252-3p	MIMAT0026744	0.905980132474102
2906	OR51E2	ENSG00000167332	hsa-miR-542-3p	MIMAT0003389	0.905957446451619
2907	SEC62	ENSG00000008952	hsa-miR-1252-3p	MIMAT0026744	0.905918833691613
2908	TRIM51GP	ENSG00000220948	hsa-miR-1252-3p	MIMAT0026744	0.90588826391481
2909	ANKRD40CL	ENSG00000167117	hsa-miR-329-5p	MIMAT0026555	0.905855268598619
2910	HOXD10	ENSG00000128710	hsa-miR-137-3p	MIMAT0000429	0.905816982832364
2911	SLC17A5	ENSG00000119899	hsa-miR-7154-5p	MIMAT0028218	0.905804132603798
2912	GCM2	ENSG00000124827	hsa-miR-7154-5p	MIMAT0028218	0.905742064592186
2913	ATG16L1	ENSG00000085978	hsa-miR-148a-5p	MIMAT0004549	0.905741224473285
2914	ZNF280D	ENSG00000137871	hsa-miR-137-3p	MIMAT0000429	0.905720481204389
2915	ITGB1BP1	ENSG00000119185	hsa-miR-542-3p	MIMAT0003389	0.905712397835972
2916	AFF2	ENSG00000155966	hsa-miR-380-3p	MIMAT0000735	0.905685798990207
2917	DNALI1	ENSG00000163879	hsa-miR-4496	MIMAT0019031	0.905668837714793
2918	TUB	ENSG00000166402	hsa-miR-4496	MIMAT0019031	0.905649781300263
2919	MPPED2	ENSG00000066382	hsa-miR-137-3p	MIMAT0000429	0.905619219631832
2920	EMCN	ENSG00000164035	hsa-miR-137-3p	MIMAT0000429	0.90559822986377
2921	PIK3R1	ENSG00000145675	hsa-miR-542-3p	MIMAT0003389	0.905595113958955
2922	DPP10	ENSG00000175497	hsa-miR-1252-3p	MIMAT0026744	0.90559348612658
2923	NKAIN1	ENSG00000084628	hsa-miR-137-3p	MIMAT0000429	0.905588197771433
2924	PHF21A	ENSG00000135365	hsa-miR-4496	MIMAT0019031	0.905570458968969
2925	CREBZF	ENSG00000137504	hsa-miR-6780a-3p	MIMAT0027461	0.905564277639592
2926	STAU2	ENSG00000040341	hsa-miR-148a-5p	MIMAT0004549	0.905489598777897
2927	DCAF4L2	ENSG00000176566	hsa-miR-380-3p	MIMAT0000735	0.905385360848065
2928	FBN1	ENSG00000166147	hsa-miR-542-3p	MIMAT0003389	0.905364898016408
2929	POLI	ENSG00000101751	hsa-miR-7154-5p	MIMAT0028218	0.905349732729615
2930	ACBD5	ENSG00000107897	hsa-miR-1252-3p	MIMAT0026744	0.905294210034326
2931	ATP2B2	ENSG00000157087	hsa-miR-137-3p	MIMAT0000429	0.905271110751629
2932	UQCRH	ENSG00000173660	hsa-miR-1288-5p	MIMAT0026743	0.905269003123496
2933	PHF20	ENSG00000025293	hsa-miR-137-3p	MIMAT0000429	0.905267010338046
2934	NMNAT3	ENSG00000163864	hsa-miR-6780a-3p	MIMAT0027461	0.905266248042751
2935	EPHA5	ENSG00000145242	hsa-miR-7154-5p	MIMAT0028218	0.905263279566875
2936	GPR161	ENSG00000143147	hsa-miR-6780a-3p	MIMAT0027461	0.905238986879503
2937	GTF3C4	ENSG00000125484	hsa-miR-1252-3p	MIMAT0026744	0.90523274325934
2938	COL12A1	ENSG00000111799	hsa-miR-3618	MIMAT0017998	0.905168419616091
2939	GAPVD1	ENSG00000165219	hsa-miR-4496	MIMAT0019031	0.905148004919818
2940	SEPSECS	ENSG00000109618	hsa-miR-1252-3p	MIMAT0026744	0.90511128186346
2941	G3BP2	ENSG00000138757	hsa-miR-148a-5p	MIMAT0004549	0.905018806343807
2942	KLHL42	ENSG00000087448	hsa-miR-329-5p	MIMAT0026555	0.905014899170474
2943	ATP6V1A	ENSG00000114573	hsa-miR-4496	MIMAT0019031	0.90499760903747
2944	FUT11	ENSG00000196968	hsa-miR-7154-5p	MIMAT0028218	0.904948475100819
2945	NPAS2	ENSG00000170485	hsa-miR-6780a-3p	MIMAT0027461	0.904907440391292
2946	PABPN1	ENSG00000100836	hsa-miR-4496	MIMAT0019031	0.904868789301661
2947	WIPI2	ENSG00000157954	hsa-miR-6780a-3p	MIMAT0027461	0.904858180530214
2948	FAM199X	ENSG00000123575	hsa-miR-1252-3p	MIMAT0026744	0.904852220577399
2949	MAL2	ENSG00000147676	hsa-miR-542-3p	MIMAT0003389	0.904806373476901
2950	AHCYL1	ENSG00000168710	hsa-miR-4496	MIMAT0019031	0.904802160175018
2951	SLC35A3	ENSG00000117620	hsa-miR-6780a-3p	MIMAT0027461	0.904791648490357
2952	ZNF718	ENSG00000250312	hsa-miR-7154-5p	MIMAT0028218	0.904766192379585
2953	KLF13	ENSG00000169926	hsa-miR-148a-5p	MIMAT0004549	0.904753601014761
2954	MAP3K21	ENSG00000143674	hsa-miR-1252-3p	MIMAT0026744	0.904750032023854
2955	LRRTM2	ENSG00000146006	hsa-miR-329-5p	MIMAT0026555	0.904748255566001
2956	SUZ12	ENSG00000178691	hsa-miR-1252-3p	MIMAT0026744	0.904747486440382
2957	OAS1	ENSG00000089127	hsa-miR-4496	MIMAT0019031	0.904725436287754
2958	ZFAND6	ENSG00000086666	hsa-miR-1288-5p	MIMAT0026743	0.904689084250761
2959	NDFIP1	ENSG00000131507	hsa-miR-6780a-3p	MIMAT0027461	0.904673948375343
2960	TMPRSS13	ENSG00000137747	hsa-miR-137-3p	MIMAT0000429	0.904641758484975
2961	TECTB	ENSG00000119913	hsa-miR-4496	MIMAT0019031	0.904635954531406
2962	CLEC6A	ENSG00000205846	hsa-miR-4496	MIMAT0019031	0.904604353244246
2963	KCNQ3	ENSG00000184156	hsa-miR-212-5p	MIMAT0022695	0.904581902423163
2964	MTHFD2	ENSG00000065911	hsa-miR-1252-3p	MIMAT0026744	0.904561932890833
2965	STK3	ENSG00000104375	hsa-miR-1252-3p	MIMAT0026744	0.904549320218536
2966	KDM1B	ENSG00000165097	hsa-miR-7154-5p	MIMAT0028218	0.904514919001693
2967	INTS6	ENSG00000102786	hsa-miR-148a-5p	MIMAT0004549	0.904492672085951
2968	AMMECR1L	ENSG00000144233	hsa-miR-380-3p	MIMAT0000735	0.904472938006116
2969	AGO2	ENSG00000123908	hsa-miR-329-5p	MIMAT0026555	0.904442531805756
2970	PRKAA2	ENSG00000162409	hsa-miR-380-3p	MIMAT0000735	0.904417656599167
2971	CNTN4	ENSG00000144619	hsa-miR-380-3p	MIMAT0000735	0.904406679423305
2972	MEPE	ENSG00000152595	hsa-miR-3618	MIMAT0017998	0.904375682313225
2973	SOCS1	ENSG00000185338	hsa-miR-6861-5p	MIMAT0027623	0.904373494682021
2974	REV3L	ENSG00000009413	hsa-miR-5007-5p	MIMAT0021035	0.904336021688619
2975	PARD3B	ENSG00000116117	hsa-miR-4496	MIMAT0019031	0.904248584021798
2976	KCNC4	ENSG00000116396	hsa-miR-4496	MIMAT0019031	0.904201858101109
2977	ID2	ENSG00000115738	hsa-miR-3618	MIMAT0017998	0.904192478308218
2978	PIKFYVE	ENSG00000115020	hsa-miR-212-5p	MIMAT0022695	0.90415303098347
2979	BPY2B	ENSG00000183795	hsa-miR-6861-5p	MIMAT0027623	0.904146388171943
2980	PLEKHG7	ENSG00000187510	hsa-miR-380-3p	MIMAT0000735	0.904113126203531
2981	CDH19	ENSG00000071991	hsa-miR-7154-5p	MIMAT0028218	0.904073056507222
2982	TPST2	ENSG00000128294	hsa-miR-148a-5p	MIMAT0004549	0.904072643355774
2983	NR3C1	ENSG00000113580	hsa-miR-1252-3p	MIMAT0026744	0.904068774526936
2984	DENND1B	ENSG00000213047	hsa-miR-7154-5p	MIMAT0028218	0.904067514654033
2985	RASSF9	ENSG00000198774	hsa-miR-1252-3p	MIMAT0026744	0.903956456581181
2986	ZC3H14	ENSG00000100722	hsa-miR-380-3p	MIMAT0000735	0.903917466326168
2987	SNAP91	ENSG00000065609	hsa-miR-137-3p	MIMAT0000429	0.903916370586086
2988	PFKFB4	ENSG00000114268	hsa-miR-137-3p	MIMAT0000429	0.903912984243724
2989	KDM5A	ENSG00000073614	hsa-miR-4496	MIMAT0019031	0.903900415519475
2990	BNIP2	ENSG00000140299	hsa-miR-1252-3p	MIMAT0026744	0.90387305596937
2991	NAE1	ENSG00000159593	hsa-miR-1252-3p	MIMAT0026744	0.903866907473634
2992	TMEM167B	ENSG00000215717	hsa-miR-380-3p	MIMAT0000735	0.903824024988034
2993	FBXL17	ENSG00000145743	hsa-miR-137-3p	MIMAT0000429	0.903808794263868
2994	A1CF	ENSG00000148584	hsa-miR-4496	MIMAT0019031	0.903808078174161
2995	IRAK3	ENSG00000090376	hsa-miR-1252-3p	MIMAT0026744	0.903793836434864
2996	ASAH2B	ENSG00000204147	hsa-miR-329-5p	MIMAT0026555	0.903767139103363
2997	RTTN	ENSG00000176225	hsa-miR-7154-5p	MIMAT0028218	0.903706876541243
2998	FANCF	ENSG00000183161	hsa-miR-380-3p	MIMAT0000735	0.903672741960721
2999	FAM168A	ENSG00000054965	hsa-miR-137-3p	MIMAT0000429	0.903668857633693
3000	PPP1R9A	ENSG00000158528	hsa-miR-137-3p	MIMAT0000429	0.903603556277059
3001	ANKS6	ENSG00000165138	hsa-miR-4496	MIMAT0019031	0.903535359394912
3002	TPM4	ENSG00000167460	hsa-miR-6861-5p	MIMAT0027623	0.903429832749018
3003	ZNF483	ENSG00000173258	hsa-miR-380-3p	MIMAT0000735	0.903428216585241
3004	TTC39B	ENSG00000155158	hsa-miR-380-3p	MIMAT0000735	0.903403751865215
3005	ZNF576	ENSG00000124444	hsa-miR-542-3p	MIMAT0003389	0.903350118148987
3006	INPP4A	ENSG00000040933	hsa-miR-4496	MIMAT0019031	0.9032976031159
3007	MTMR2	ENSG00000087053	hsa-miR-1252-3p	MIMAT0026744	0.903244432442164
3008	RNF14	ENSG00000013561	hsa-miR-1288-5p	MIMAT0026743	0.903242350536984
3009	SHISA6	ENSG00000188803	hsa-miR-4496	MIMAT0019031	0.903215351257956
3010	UBTF	ENSG00000108312	hsa-miR-4496	MIMAT0019031	0.903212014641466
3011	C11orf87	ENSG00000185742	hsa-miR-3618	MIMAT0017998	0.90321168745588
3012	WDFY3	ENSG00000163625	hsa-miR-1252-3p	MIMAT0026744	0.903095618025111
3013	SH3D19	ENSG00000109686	hsa-miR-1252-3p	MIMAT0026744	0.902983929637765
3014	HNF4G	ENSG00000164749	hsa-miR-212-5p	MIMAT0022695	0.902981515539216
3015	CEP43	ENSG00000213066	hsa-miR-6780a-3p	MIMAT0027461	0.902949934272264
3016	TJP1	ENSG00000104067	hsa-miR-1252-3p	MIMAT0026744	0.902935499637997
3017	ZNF528	ENSG00000167555	hsa-miR-7154-5p	MIMAT0028218	0.902895768873095
3018	SHROOM3	ENSG00000138771	hsa-miR-4496	MIMAT0019031	0.902855134726083
3019	PIGM	ENSG00000143315	hsa-miR-148a-5p	MIMAT0004549	0.902842409781969
3020	SLC5A9	ENSG00000117834	hsa-miR-6861-5p	MIMAT0027623	0.902806350669415
3021	GFRA1	ENSG00000151892	hsa-miR-4496	MIMAT0019031	0.902778051149562
3022	HIPK2	ENSG00000064393	hsa-miR-6780a-3p	MIMAT0027461	0.902768237017182
3023	BACH2	ENSG00000112182	hsa-miR-3618	MIMAT0017998	0.902676493388537
3024	SNX30	ENSG00000148158	hsa-miR-380-3p	MIMAT0000735	0.902607994163686
3025	RFX7	ENSG00000181827	hsa-miR-3618	MIMAT0017998	0.902601009857722
3026	MBNL3	ENSG00000076770	hsa-miR-7154-5p	MIMAT0028218	0.902544881989529
3027	CCDC141	ENSG00000163492	hsa-miR-4496	MIMAT0019031	0.902544087688362
3028	FGF10	ENSG00000070193	hsa-miR-7154-5p	MIMAT0028218	0.90253479954485
3029	FAF1	ENSG00000185104	hsa-miR-542-3p	MIMAT0003389	0.90253271331262
3030	SLC25A38	ENSG00000144659	hsa-miR-329-5p	MIMAT0026555	0.902411522038923
3031	MGAT4C	ENSG00000182050	hsa-miR-148a-5p	MIMAT0004549	0.902355876819216
3032	STK32A	ENSG00000169302	hsa-miR-380-3p	MIMAT0000735	0.902345804995154
3033	TBPL2	ENSG00000182521	hsa-miR-4496	MIMAT0019031	0.902323323252735
3034	RAB30	ENSG00000137502	hsa-miR-7154-5p	MIMAT0028218	0.90230730689409
3035	BPY2	ENSG00000183753	hsa-miR-6861-5p	MIMAT0027623	0.902300416892878
3036	ZNF585B	ENSG00000245680	hsa-miR-7154-5p	MIMAT0028218	0.902298613050338
3037	FAN1	ENSG00000198690	hsa-miR-4496	MIMAT0019031	0.902287884054953
3038	HS2ST1	ENSG00000153936	hsa-miR-1252-3p	MIMAT0026744	0.902286417918555
3039	KCNJ1	ENSG00000151704	hsa-miR-4496	MIMAT0019031	0.902264934631381
3040	CRACR2A	ENSG00000130038	hsa-miR-6780a-3p	MIMAT0027461	0.902251312497263
3041	JAM2	ENSG00000154721	hsa-miR-1252-3p	MIMAT0026744	0.902239483605411
3042	MARCHF1	ENSG00000145416	hsa-miR-4496	MIMAT0019031	0.902214478928331
3043	MPP6	ENSG00000105926	hsa-miR-329-5p	MIMAT0026555	0.902199770719076
3044	FRMD4A	ENSG00000151474	hsa-miR-380-3p	MIMAT0000735	0.902171004243723
3045	DSCAML1	ENSG00000177103	hsa-miR-137-3p	MIMAT0000429	0.902153346256581
3046	CPEB4	ENSG00000113742	hsa-miR-1252-3p	MIMAT0026744	0.902092858185855
3047	TMPPE	ENSG00000188167	hsa-miR-542-3p	MIMAT0003389	0.902083082771657
3048	COPB2	ENSG00000184432	hsa-miR-1252-3p	MIMAT0026744	0.902081261329017
3049	ZNF207	ENSG00000010244	hsa-miR-4496	MIMAT0019031	0.902046025406453
3050	ELOVL5	ENSG00000012660	hsa-miR-380-3p	MIMAT0000735	0.902016686468234
3051	KSR2	ENSG00000171435	hsa-miR-4496	MIMAT0019031	0.901977428356919
3052	RBM11	ENSG00000185272	hsa-miR-4496	MIMAT0019031	0.901973886988532
3053	NRXN3	ENSG00000021645	hsa-miR-4496	MIMAT0019031	0.901966713435373
3054	ZIC3	ENSG00000156925	hsa-miR-1252-3p	MIMAT0026744	0.901822188319591
3055	DIDO1	ENSG00000101191	hsa-miR-148a-5p	MIMAT0004549	0.901810508475947
3056	PHIP	ENSG00000146247	hsa-miR-4496	MIMAT0019031	0.901792077708626
3057	FAM172A	ENSG00000113391	hsa-miR-137-3p	MIMAT0000429	0.901766885801451
3058	ELAVL4	ENSG00000162374	hsa-miR-4496	MIMAT0019031	0.901739508740691
3059	GTF2A1	ENSG00000165417	hsa-miR-3618	MIMAT0017998	0.901733409436085
3060	MRPL42	ENSG00000198015	hsa-miR-4496	MIMAT0019031	0.901726360481948
3061	CDC25C	ENSG00000158402	hsa-miR-6861-5p	MIMAT0027623	0.901659025669014
3062	HECW2	ENSG00000138411	hsa-miR-5007-5p	MIMAT0021035	0.901657235750377
3063	TBL1XR1	ENSG00000177565	hsa-miR-542-3p	MIMAT0003389	0.90163150110169
3064	VWC2	ENSG00000188730	hsa-miR-380-3p	MIMAT0000735	0.901599738893537
3065	PRICKLE2	ENSG00000163637	hsa-miR-4496	MIMAT0019031	0.901583107729596
3066	AAK1	ENSG00000115977	hsa-miR-4496	MIMAT0019031	0.901581617611761
3067	SHROOM3	ENSG00000138771	hsa-miR-329-5p	MIMAT0026555	0.901544580949099
3068	NECAB1	ENSG00000123119	hsa-miR-1252-3p	MIMAT0026744	0.901481523256019
3069	CASK	ENSG00000147044	hsa-miR-1252-3p	MIMAT0026744	0.901465289551929
3070	PURA	ENSG00000185129	hsa-miR-148a-5p	MIMAT0004549	0.901444811978394
3071	ECT2L	ENSG00000203734	hsa-miR-7154-5p	MIMAT0028218	0.901444084003612
3072	DYNC1LI2	ENSG00000135720	hsa-miR-1288-5p	MIMAT0026743	0.90143117590093
3073	ZNF780B	ENSG00000128000	hsa-miR-1288-5p	MIMAT0026743	0.901409593257234
3074	RNF212	ENSG00000178222	hsa-miR-1252-3p	MIMAT0026744	0.901387814063941
3075	GCA	ENSG00000115271	hsa-miR-380-3p	MIMAT0000735	0.901345383807639
3076	AFF2	ENSG00000155966	hsa-miR-1252-3p	MIMAT0026744	0.901318518971653
3077	CLEC1B	ENSG00000165682	hsa-miR-1252-3p	MIMAT0026744	0.901237202879796
3078	SMARCA5	ENSG00000153147	hsa-miR-1252-3p	MIMAT0026744	0.901213796840246
3079	APLN	ENSG00000171388	hsa-miR-137-3p	MIMAT0000429	0.901195549854279
3080	TENM1	ENSG00000009694	hsa-miR-7154-5p	MIMAT0028218	0.90117521838347
3081	ZNF609	ENSG00000180357	hsa-miR-4496	MIMAT0019031	0.901173653642958
3082	TF	ENSG00000091513	hsa-miR-329-5p	MIMAT0026555	0.901158232318199
3083	ERV3-1	ENSG00000213462	hsa-miR-329-5p	MIMAT0026555	0.901144846573764
3084	VPS4A	ENSG00000132612	hsa-miR-4496	MIMAT0019031	0.901137978656584
3085	TTL	ENSG00000114999	hsa-miR-6780a-3p	MIMAT0027461	0.901099519093098
3086	MYADM	ENSG00000179820	hsa-miR-4496	MIMAT0019031	0.901043212262327
3087	EXOC6B	ENSG00000144036	hsa-miR-4496	MIMAT0019031	0.901042850778947
3088	FAM126A	ENSG00000122591	hsa-miR-4496	MIMAT0019031	0.901019854671424
3089	IKZF2	ENSG00000030419	hsa-miR-1252-3p	MIMAT0026744	0.901007423031673
3090	PPP1R12B	ENSG00000077157	hsa-miR-4496	MIMAT0019031	0.900996310075443
3091	FGF12	ENSG00000114279	hsa-miR-1252-3p	MIMAT0026744	0.900980167270896
3092	PDZD2	ENSG00000133401	hsa-miR-137-3p	MIMAT0000429	0.900927367681951
3093	ZNF615	ENSG00000197619	hsa-miR-542-3p	MIMAT0003389	0.900886253415304
3094	PRRC1	ENSG00000164244	hsa-miR-1252-3p	MIMAT0026744	0.900874842489412
3095	PAN3	ENSG00000152520	hsa-miR-7154-5p	MIMAT0028218	0.900841952656884
3096	SIGLEC8	ENSG00000105366	hsa-miR-4496	MIMAT0019031	0.900782485031547
3097	ELFN2	ENSG00000166897	hsa-miR-4496	MIMAT0019031	0.900705144302621
3098	TSGA10	ENSG00000135951	hsa-miR-4496	MIMAT0019031	0.900703156545795
3099	MYORG	ENSG00000164976	hsa-miR-329-5p	MIMAT0026555	0.90070147731673
3100	SLC30A6	ENSG00000152683	hsa-miR-542-3p	MIMAT0003389	0.900686589444605
3101	ASAH2B	ENSG00000204147	hsa-miR-4496	MIMAT0019031	0.900677603004766
3102	TGFBR3	ENSG00000069702	hsa-miR-7154-5p	MIMAT0028218	0.900637487104996
3103	ST13	ENSG00000100380	hsa-miR-137-3p	MIMAT0000429	0.900630239920342
3104	NDUFS1	ENSG00000023228	hsa-miR-7154-5p	MIMAT0028218	0.900628876095169
3105	SPTBN2	ENSG00000173898	hsa-miR-212-5p	MIMAT0022695	0.900598614095274
3106	ITPRIP	ENSG00000148841	hsa-miR-137-3p	MIMAT0000429	0.900542852633015
3107	CALD1	ENSG00000122786	hsa-miR-380-3p	MIMAT0000735	0.900501104745587
3108	ZSCAN23	ENSG00000187987	hsa-miR-7154-5p	MIMAT0028218	0.90048372655445
3109	CNGB3	ENSG00000170289	hsa-miR-4496	MIMAT0019031	0.900478800660613
3110	MAPK10	ENSG00000109339	hsa-miR-137-3p	MIMAT0000429	0.900461167557523
3111	PRDM1	ENSG00000057657	hsa-miR-380-3p	MIMAT0000735	0.90046092079156
3112	MAFB	ENSG00000204103	hsa-miR-4496	MIMAT0019031	0.90042300463593
3113	C10orf67	ENSG00000179133	hsa-miR-6780a-3p	MIMAT0027461	0.900398616617567
3114	UHMK1	ENSG00000152332	hsa-miR-4496	MIMAT0019031	0.900390494503996
3115	FBXO36	ENSG00000153832	hsa-miR-380-3p	MIMAT0000735	0.900376375847352
3116	CELF4	ENSG00000101489	hsa-miR-329-5p	MIMAT0026555	0.900301319332989
3117	FBXO6	ENSG00000116663	hsa-miR-542-3p	MIMAT0003389	0.90021325429539
3118	DYM	ENSG00000141627	hsa-miR-137-3p	MIMAT0000429	0.90017922829621
3119	TMEM178B	ENSG00000261115	hsa-miR-212-5p	MIMAT0022695	0.900154985005338
3120	PRKAB2	ENSG00000131791	hsa-miR-1252-3p	MIMAT0026744	0.90013239278907
3121	SLC5A7	ENSG00000115665	hsa-miR-137-3p	MIMAT0000429	0.900129890021164
3122	HERC4	ENSG00000148634	hsa-miR-1252-3p	MIMAT0026744	0.900083629230348
3123	ASXL1	ENSG00000171456	hsa-miR-1252-3p	MIMAT0026744	0.900049666391519
3124	CAMTA1	ENSG00000171735	hsa-miR-1252-3p	MIMAT0026744	0.900015238966756
3125	MTFR1	ENSG00000066855	hsa-miR-137-3p	MIMAT0000429	0.900014352247719
3126	TSNAX	ENSG00000116918	hsa-miR-7154-5p	MIMAT0028218	0.899963184226875
3127	PCNX4	ENSG00000126773	hsa-miR-4496	MIMAT0019031	0.899947357091043
3128	SPCS3	ENSG00000129128	hsa-miR-7154-5p	MIMAT0028218	0.899942747386421
3129	ARFGAP3	ENSG00000242247	hsa-miR-3618	MIMAT0017998	0.899930523166731
3130	PGAP1	ENSG00000197121	hsa-miR-148a-5p	MIMAT0004549	0.899917268013982
3131	TRDMT1	ENSG00000107614	hsa-miR-4496	MIMAT0019031	0.899887244294887
3132	SNX30	ENSG00000148158	hsa-miR-4496	MIMAT0019031	0.899882513234441
3133	POLQ	ENSG00000051341	hsa-miR-7154-5p	MIMAT0028218	0.899870110491002
3134	NMNAT2	ENSG00000157064	hsa-miR-4496	MIMAT0019031	0.899854792283826
3135	ZEB1	ENSG00000148516	hsa-miR-329-5p	MIMAT0026555	0.899815842305143
3136	NHLRC2	ENSG00000196865	hsa-miR-1252-3p	MIMAT0026744	0.899786005133716
3137	FKTN	ENSG00000106692	hsa-miR-380-3p	MIMAT0000735	0.899781555351592
3138	CRIM1	ENSG00000150938	hsa-miR-4496	MIMAT0019031	0.899713869879725
3139	SLC16A7	ENSG00000118596	hsa-miR-1252-3p	MIMAT0026744	0.899698758418041
3140	ANXA7	ENSG00000138279	hsa-miR-542-3p	MIMAT0003389	0.899688038063215
3141	SNX16	ENSG00000104497	hsa-miR-1288-5p	MIMAT0026743	0.899682137855045
3142	FERMT2	ENSG00000073712	hsa-miR-7154-5p	MIMAT0028218	0.899661347714554
3143	LIMD1	ENSG00000144791	hsa-miR-4496	MIMAT0019031	0.899627869854054
3144	ZNF33B	ENSG00000196693	hsa-miR-329-5p	MIMAT0026555	0.899554780326735
3145	LCOR	ENSG00000196233	hsa-miR-542-3p	MIMAT0003389	0.899554764440501
3146	NPEPPS	ENSG00000141279	hsa-miR-212-5p	MIMAT0022695	0.89954747681512
3147	RAB3IP	ENSG00000127328	hsa-miR-1288-5p	MIMAT0026743	0.899526868438197
3148	MAP2K6	ENSG00000108984	hsa-miR-148a-5p	MIMAT0004549	0.899489014113009
3149	AMOT	ENSG00000126016	hsa-miR-1252-3p	MIMAT0026744	0.899484409348507
3150	NEDD4L	ENSG00000049759	hsa-miR-1252-3p	MIMAT0026744	0.899473837719326
3151	TAT	ENSG00000198650	hsa-miR-6861-5p	MIMAT0027623	0.899422884660043
3152	MPZL3	ENSG00000160588	hsa-miR-380-3p	MIMAT0000735	0.899397615705186
3153	ITSN2	ENSG00000198399	hsa-miR-212-5p	MIMAT0022695	0.89938710493731
3154	PRTG	ENSG00000166450	hsa-miR-4496	MIMAT0019031	0.899362298549564
3155	SLC13A1	ENSG00000081800	hsa-miR-1252-3p	MIMAT0026744	0.899311859337981
3156	EXOC5	ENSG00000070367	hsa-miR-3618	MIMAT0017998	0.89930201535236
3157	IP6K2	ENSG00000068745	hsa-miR-6861-5p	MIMAT0027623	0.899287593170006
3158	DGKI	ENSG00000157680	hsa-miR-4496	MIMAT0019031	0.899252164038177
3159	HSBP1	ENSG00000230989	hsa-miR-1252-3p	MIMAT0026744	0.899225886871754
3160	AMER2	ENSG00000165566	hsa-miR-1252-3p	MIMAT0026744	0.899217209099206
3161	NEDD4L	ENSG00000049759	hsa-miR-380-3p	MIMAT0000735	0.899198288124019
3162	MXRA5	ENSG00000101825	hsa-miR-542-3p	MIMAT0003389	0.899185098854061
3163	OSBPL3	ENSG00000070882	hsa-miR-1252-3p	MIMAT0026744	0.899177411051392
3164	TPRG1	ENSG00000188001	hsa-miR-212-5p	MIMAT0022695	0.899156294407354
3165	ZNF805	ENSG00000204524	hsa-miR-1252-3p	MIMAT0026744	0.899136468027495
3166	FAM122C	ENSG00000156500	hsa-miR-542-3p	MIMAT0003389	0.899134975892847
3167	TMEM132B	ENSG00000139364	hsa-miR-137-3p	MIMAT0000429	0.899125023927183
3168	PFN2	ENSG00000070087	hsa-miR-4496	MIMAT0019031	0.89910953229892
3169	PBX2	ENSG00000204304	hsa-miR-6780a-3p	MIMAT0027461	0.89902702897328
3170	R3HDM2	ENSG00000179912	hsa-miR-542-3p	MIMAT0003389	0.899005718062556
3171	MGAT4A	ENSG00000071073	hsa-miR-1252-3p	MIMAT0026744	0.898950529286552
3172	REL	ENSG00000162924	hsa-miR-380-3p	MIMAT0000735	0.898935529342896
3173	HDAC4	ENSG00000068024	hsa-miR-4496	MIMAT0019031	0.898920497481546
3174	LRRIQ3	ENSG00000162620	hsa-miR-7154-5p	MIMAT0028218	0.898904752983788
3175	AQR	ENSG00000021776	hsa-miR-4496	MIMAT0019031	0.89883181084482
3176	TOP1	ENSG00000198900	hsa-miR-7154-5p	MIMAT0028218	0.898818490945274
3177	P2RX3	ENSG00000109991	hsa-miR-1252-3p	MIMAT0026744	0.898774783357804
3178	HLA-DOA	ENSG00000204252	hsa-miR-7154-5p	MIMAT0028218	0.898742859646889
3179	SH3TC2	ENSG00000169247	hsa-miR-4496	MIMAT0019031	0.898684255459687
3180	GOLGA7	ENSG00000147533	hsa-miR-137-3p	MIMAT0000429	0.89859520785762
3181	ARFGEF1	ENSG00000066777	hsa-miR-148a-5p	MIMAT0004549	0.898571570100678
3182	THSD4	ENSG00000187720	hsa-miR-380-3p	MIMAT0000735	0.89855767446022
3183	BIRC6	ENSG00000115760	hsa-miR-1252-3p	MIMAT0026744	0.898529515604603
3184	LYSMD4	ENSG00000183060	hsa-miR-542-3p	MIMAT0003389	0.898508054551623
3185	LILRA2	ENSG00000239998	hsa-miR-4496	MIMAT0019031	0.898506352499382
3186	ARL5B	ENSG00000165997	hsa-miR-148a-5p	MIMAT0004549	0.898472721018557
3187	MAP3K1	ENSG00000095015	hsa-miR-137-3p	MIMAT0000429	0.898430879658796
3188	COG8	ENSG00000213380	hsa-miR-212-5p	MIMAT0022695	0.898422339457902
3189	PDGFRA	ENSG00000134853	hsa-miR-148a-5p	MIMAT0004549	0.898416907817136
3190	RAD23A	ENSG00000179262	hsa-miR-148a-5p	MIMAT0004549	0.89840915829734
3191	FZD3	ENSG00000104290	hsa-miR-380-3p	MIMAT0000735	0.898369501002135
3192	SSX2	ENSG00000241476	hsa-miR-4496	MIMAT0019031	0.898363704338559
3193	EAF1	ENSG00000144597	hsa-miR-3618	MIMAT0017998	0.898349565147717
3194	SECISBP2L	ENSG00000138593	hsa-miR-1252-3p	MIMAT0026744	0.898305022398855
3195	ILDR2	ENSG00000143195	hsa-miR-1252-3p	MIMAT0026744	0.898282101349269
3196	RNF170	ENSG00000120925	hsa-miR-542-3p	MIMAT0003389	0.898260109291452
3197	MAGEH1	ENSG00000187601	hsa-miR-6861-5p	MIMAT0027623	0.898250430979442
3198	COL4A6	ENSG00000197565	hsa-miR-4496	MIMAT0019031	0.898221443380557
3199	G2E3	ENSG00000092140	hsa-miR-1252-3p	MIMAT0026744	0.898202945484895
3200	SLC35G3	ENSG00000164729	hsa-miR-3618	MIMAT0017998	0.898168678811682
3201	NSD2	ENSG00000109685	hsa-miR-1252-3p	MIMAT0026744	0.898093770224135
3202	ATXN3L	ENSG00000123594	hsa-miR-212-5p	MIMAT0022695	0.898071952222489
3203	THAP11	ENSG00000168286	hsa-miR-4496	MIMAT0019031	0.898064325096738
3204	EFHC2	ENSG00000183690	hsa-miR-137-3p	MIMAT0000429	0.898018360479576
3205	ABI3BP	ENSG00000154175	hsa-miR-137-3p	MIMAT0000429	0.897990138900234
3206	TLR4	ENSG00000136869	hsa-miR-542-3p	MIMAT0003389	0.897968675807435
3207	GPR85	ENSG00000164604	hsa-miR-1252-3p	MIMAT0026744	0.897963276234943
3208	YTHDF3	ENSG00000185728	hsa-miR-137-3p	MIMAT0000429	0.897956447818288
3209	SLC17A6	ENSG00000091664	hsa-miR-1252-3p	MIMAT0026744	0.897946788855999
3210	LCOR	ENSG00000196233	hsa-miR-1288-5p	MIMAT0026743	0.897946191432613
3211	RUNDC3B	ENSG00000105784	hsa-miR-380-3p	MIMAT0000735	0.89788817061674
3212	KLHL15	ENSG00000174010	hsa-miR-329-5p	MIMAT0026555	0.897886849678679
3213	KLF9	ENSG00000119138	hsa-miR-6780a-3p	MIMAT0027461	0.897883198743124
3214	BCL11B	ENSG00000127152	hsa-miR-137-3p	MIMAT0000429	0.897865969173488
3215	PUS7L	ENSG00000129317	hsa-miR-1252-3p	MIMAT0026744	0.897861244752316
3216	DCBLD2	ENSG00000057019	hsa-miR-542-3p	MIMAT0003389	0.897737387376297
3217	RPRD1A	ENSG00000141425	hsa-miR-4496	MIMAT0019031	0.897735539849251
3218	PHF3	ENSG00000118482	hsa-miR-137-3p	MIMAT0000429	0.897731484182384
3219	MYO6	ENSG00000196586	hsa-miR-4496	MIMAT0019031	0.897721706488247
3220	PLEKHA1	ENSG00000107679	hsa-miR-1252-3p	MIMAT0026744	0.89770259658195
3221	SYT16	ENSG00000139973	hsa-miR-1252-3p	MIMAT0026744	0.897673374140874
3222	ZNF24	ENSG00000172466	hsa-miR-329-5p	MIMAT0026555	0.897667951660021
3223	SULF1	ENSG00000137573	hsa-miR-137-3p	MIMAT0000429	0.89763795158651
3224	RBBP9	ENSG00000089050	hsa-miR-5007-5p	MIMAT0021035	0.89763389414308
3225	GEN1	ENSG00000178295	hsa-miR-137-3p	MIMAT0000429	0.897574219207402
3226	GUCY1A2	ENSG00000152402	hsa-miR-329-5p	MIMAT0026555	0.897571852762726
3227	TMEM132B	ENSG00000139364	hsa-miR-1252-3p	MIMAT0026744	0.897560539340725
3228	BROX	ENSG00000162819	hsa-miR-380-3p	MIMAT0000735	0.897512465794095
3229	RNGTT	ENSG00000111880	hsa-miR-4496	MIMAT0019031	0.897511264624402
3230	CDK14	ENSG00000058091	hsa-miR-329-5p	MIMAT0026555	0.897495197090285
3231	MCL1	ENSG00000143384	hsa-miR-4496	MIMAT0019031	0.897483913258941
3232	FAM199X	ENSG00000123575	hsa-miR-148a-5p	MIMAT0004549	0.897473934296849
3233	XPO1	ENSG00000082898	hsa-miR-6780a-3p	MIMAT0027461	0.897472397265653
3234	NUFIP2	ENSG00000108256	hsa-miR-6780a-3p	MIMAT0027461	0.897471172610431
3235	PARP9	ENSG00000138496	hsa-miR-148a-5p	MIMAT0004549	0.897450322136079
3236	RBM28	ENSG00000106344	hsa-miR-1252-3p	MIMAT0026744	0.897437449616276
3237	DPY19L1	ENSG00000173852	hsa-miR-1252-3p	MIMAT0026744	0.897433399110722
3238	FTHL17	ENSG00000132446	hsa-miR-137-3p	MIMAT0000429	0.897417513643782
3239	DENND4A	ENSG00000174485	hsa-miR-1252-3p	MIMAT0026744	0.897399387332219
3240	SMAD2	ENSG00000175387	hsa-miR-6780a-3p	MIMAT0027461	0.89737694697381
3241	MUSK	ENSG00000030304	hsa-miR-7154-5p	MIMAT0028218	0.897353288655124
3242	SYT11	ENSG00000132718	hsa-miR-329-5p	MIMAT0026555	0.897320986425174
3243	GSPT1	ENSG00000103342	hsa-miR-1252-3p	MIMAT0026744	0.897304146567492
3244	MBD3	ENSG00000071655	hsa-miR-137-3p	MIMAT0000429	0.897251809606541
3245	RSBN1L	ENSG00000187257	hsa-miR-4496	MIMAT0019031	0.89724555814386
3246	CMTR2	ENSG00000180917	hsa-miR-7154-5p	MIMAT0028218	0.897230049483829
3247	CHST9	ENSG00000154080	hsa-miR-1252-3p	MIMAT0026744	0.897217728345169
3248	ATP8B4	ENSG00000104043	hsa-miR-148a-5p	MIMAT0004549	0.897203696353771
3249	CSE1L	ENSG00000124207	hsa-miR-137-3p	MIMAT0000429	0.897194033568137
3250	CHIC1	ENSG00000204116	hsa-miR-1252-3p	MIMAT0026744	0.897064721737439
3251	PLEKHA1	ENSG00000107679	hsa-miR-7154-5p	MIMAT0028218	0.897051074203342
3252	FBXL7	ENSG00000183580	hsa-miR-137-3p	MIMAT0000429	0.897032317954357
3253	HTR1A	ENSG00000178394	hsa-miR-1252-3p	MIMAT0026744	0.897009599707828
3254	XIRP2	ENSG00000163092	hsa-miR-329-5p	MIMAT0026555	0.896980539612524
3255	CDKN1B	ENSG00000111276	hsa-miR-1252-3p	MIMAT0026744	0.896979865708822
3256	TM9SF3	ENSG00000077147	hsa-miR-380-3p	MIMAT0000735	0.896956203667735
3257	NIPSNAP3B	ENSG00000165028	hsa-miR-380-3p	MIMAT0000735	0.896955122430481
3258	UGP2	ENSG00000169764	hsa-miR-329-5p	MIMAT0026555	0.896928083124396
3259	CALCRL	ENSG00000064989	hsa-miR-1252-3p	MIMAT0026744	0.896912396415235
3260	UBR2	ENSG00000024048	hsa-miR-542-3p	MIMAT0003389	0.896859950442472
3261	RYR3	ENSG00000198838	hsa-miR-329-5p	MIMAT0026555	0.896758924814897
3262	NTRK3	ENSG00000140538	hsa-miR-3618	MIMAT0017998	0.896757186904437
3263	GREM1	ENSG00000166923	hsa-miR-329-5p	MIMAT0026555	0.896745275106858
3264	STRIP2	ENSG00000128578	hsa-miR-6780a-3p	MIMAT0027461	0.896717458764798
3265	GIMAP2	ENSG00000106560	hsa-miR-1252-3p	MIMAT0026744	0.896710284916084
3266	ADAMTS6	ENSG00000049192	hsa-miR-6780a-3p	MIMAT0027461	0.896642228615735
3267	PFKM	ENSG00000152556	hsa-miR-542-3p	MIMAT0003389	0.896594647122349
3268	GDA	ENSG00000119125	hsa-miR-7154-5p	MIMAT0028218	0.896583355872772
3269	SLC2A13	ENSG00000151229	hsa-miR-380-3p	MIMAT0000735	0.896559451325838
3270	MYT1L	ENSG00000186487	hsa-miR-542-3p	MIMAT0003389	0.896549230690131
3271	FBN2	ENSG00000138829	hsa-miR-6861-5p	MIMAT0027623	0.896521180829164
3272	JDP2	ENSG00000140044	hsa-miR-137-3p	MIMAT0000429	0.896458296587819
3273	ITGA1	ENSG00000213949	hsa-miR-7154-5p	MIMAT0028218	0.896448839513366
3274	ATG2B	ENSG00000066739	hsa-miR-137-3p	MIMAT0000429	0.896445337144314
3275	BNC2	ENSG00000173068	hsa-miR-1252-3p	MIMAT0026744	0.896444343491988
3276	TAB3	ENSG00000157625	hsa-miR-1252-3p	MIMAT0026744	0.896439205668499
3277	DAZ3	ENSG00000187191	hsa-miR-5007-5p	MIMAT0021035	0.896427429428233
3278	UNC5D	ENSG00000156687	hsa-miR-1252-3p	MIMAT0026744	0.896375654946311
3279	SCN1A	ENSG00000144285	hsa-miR-4496	MIMAT0019031	0.896368566022445
3280	EPHA4	ENSG00000116106	hsa-miR-1252-3p	MIMAT0026744	0.896362769232217
3281	AGO3	ENSG00000126070	hsa-miR-380-3p	MIMAT0000735	0.896325822083682
3282	KCTD16	ENSG00000183775	hsa-miR-7154-5p	MIMAT0028218	0.896321926689498
3283	PRDM6	ENSG00000061455	hsa-miR-4496	MIMAT0019031	0.896321473854392
3284	VAX2	ENSG00000116035	hsa-miR-6780a-3p	MIMAT0027461	0.896316172810748
3285	MRPL33	ENSG00000243147	hsa-miR-6861-5p	MIMAT0027623	0.896263618982395
3286	ARNTL2	ENSG00000029153	hsa-miR-4496	MIMAT0019031	0.896239370124738
3287	CTLA4	ENSG00000163599	hsa-miR-542-3p	MIMAT0003389	0.896235658618455
3288	FIGN	ENSG00000182263	hsa-miR-380-3p	MIMAT0000735	0.896207002135902
3289	LCOR	ENSG00000196233	hsa-miR-148a-5p	MIMAT0004549	0.896176057358696
3290	IGF1R	ENSG00000140443	hsa-miR-1252-3p	MIMAT0026744	0.896163564205304
3291	MTMR2	ENSG00000087053	hsa-miR-380-3p	MIMAT0000735	0.896154745699514
3292	WDR33	ENSG00000136709	hsa-miR-542-3p	MIMAT0003389	0.896151098749381
3293	MXI1	ENSG00000119950	hsa-miR-1252-3p	MIMAT0026744	0.896140301646454
3294	NR6A1	ENSG00000148200	hsa-miR-4496	MIMAT0019031	0.896138892829804
3295	TRIM14	ENSG00000106785	hsa-miR-3618	MIMAT0017998	0.896118155030194
3296	CLPX	ENSG00000166855	hsa-miR-1252-3p	MIMAT0026744	0.896080614380814
3297	ZNF217	ENSG00000171940	hsa-miR-1252-3p	MIMAT0026744	0.896071653784576
3298	HCK	ENSG00000101336	hsa-miR-6780a-3p	MIMAT0027461	0.896014175323852
3299	VEZT	ENSG00000028203	hsa-miR-1288-5p	MIMAT0026743	0.895999997477249
3300	NAALAD2	ENSG00000077616	hsa-miR-137-3p	MIMAT0000429	0.895993669707421
3301	TBC1D19	ENSG00000109680	hsa-miR-7154-5p	MIMAT0028218	0.895981180433935
3302	CRB1	ENSG00000134376	hsa-miR-329-5p	MIMAT0026555	0.895965720566093
3303	WDR12	ENSG00000138442	hsa-miR-380-3p	MIMAT0000735	0.895932339124965
3304	PABPC1	ENSG00000070756	hsa-miR-148a-5p	MIMAT0004549	0.895929453207803
3305	ORAI2	ENSG00000160991	hsa-miR-4496	MIMAT0019031	0.895917000339578
3306	SESTD1	ENSG00000187231	hsa-miR-7154-5p	MIMAT0028218	0.895912378465359
3307	MYB	ENSG00000118513	hsa-miR-1252-3p	MIMAT0026744	0.89584956491483
3308	NCR3LG1	ENSG00000188211	hsa-miR-542-3p	MIMAT0003389	0.895847400172682
3309	ALG9	ENSG00000086848	hsa-miR-1252-3p	MIMAT0026744	0.895839358908093
3310	CDK6	ENSG00000105810	hsa-miR-1252-3p	MIMAT0026744	0.895831736403586
3311	SF3B3	ENSG00000189091	hsa-miR-7154-5p	MIMAT0028218	0.895819914189634
3312	VCAN	ENSG00000038427	hsa-miR-329-5p	MIMAT0026555	0.895818768568541
3313	SERBP1	ENSG00000142864	hsa-miR-1252-3p	MIMAT0026744	0.89578508861882
3314	ATP13A3	ENSG00000133657	hsa-miR-380-3p	MIMAT0000735	0.895759577166753
3315	WDR3	ENSG00000065183	hsa-miR-380-3p	MIMAT0000735	0.895739567530849
3316	PKIA	ENSG00000171033	hsa-miR-4496	MIMAT0019031	0.895719660394729
3317	ITGA5	ENSG00000161638	hsa-miR-137-3p	MIMAT0000429	0.895651271227497
3318	ZC3H6	ENSG00000188177	hsa-miR-7154-5p	MIMAT0028218	0.895620556629374
3319	MXI1	ENSG00000119950	hsa-miR-7154-5p	MIMAT0028218	0.895603221934107
3320	GABRG2	ENSG00000113327	hsa-miR-1288-5p	MIMAT0026743	0.895590234252376
3321	LACTB	ENSG00000103642	hsa-miR-137-3p	MIMAT0000429	0.895532912274176
3322	DDHD1	ENSG00000100523	hsa-miR-1252-3p	MIMAT0026744	0.895495868995956
3323	MSANTD1	ENSG00000188981	hsa-miR-148a-5p	MIMAT0004549	0.895480877166193
3324	LPP	ENSG00000145012	hsa-miR-1252-3p	MIMAT0026744	0.895476193931445
3325	MALSU1	ENSG00000156928	hsa-miR-542-3p	MIMAT0003389	0.895462154003647
3326	MTERF1	ENSG00000127989	hsa-miR-212-5p	MIMAT0022695	0.895399428366467
3327	PTPRJ	ENSG00000149177	hsa-miR-5007-5p	MIMAT0021035	0.895384133435016
3328	RHD	ENSG00000187010	hsa-miR-4496	MIMAT0019031	0.895291051177618
3329	BICD1	ENSG00000151746	hsa-miR-1252-3p	MIMAT0026744	0.895286844741323
3330	SPAG9	ENSG00000008294	hsa-miR-148a-5p	MIMAT0004549	0.895249718962244
3331	RILPL1	ENSG00000188026	hsa-miR-7154-5p	MIMAT0028218	0.895194605189561
3332	DPY19L2	ENSG00000177990	hsa-miR-148a-5p	MIMAT0004549	0.895183329299832
3333	CYP2J2	ENSG00000134716	hsa-miR-6780a-3p	MIMAT0027461	0.895153713636144
3334	NPEPPS	ENSG00000141279	hsa-miR-4496	MIMAT0019031	0.895144974844089
3335	BZW1	ENSG00000082153	hsa-miR-329-5p	MIMAT0026555	0.89514186014442
3336	NXPE1	ENSG00000095110	hsa-miR-7154-5p	MIMAT0028218	0.895129847183678
3337	H3-2	ENSG00000273213	hsa-miR-7154-5p	MIMAT0028218	0.895082336334753
3338	UBN2	ENSG00000157741	hsa-miR-148a-5p	MIMAT0004549	0.895080028588942
3339	NBPF11	ENSG00000263956	hsa-miR-1252-3p	MIMAT0026744	0.895053293746645
3340	PTPRD	ENSG00000153707	hsa-miR-148a-5p	MIMAT0004549	0.895014185182563
3341	TECPR2	ENSG00000196663	hsa-miR-6780a-3p	MIMAT0027461	0.894970619793143
3342	LANCL3	ENSG00000147036	hsa-miR-4496	MIMAT0019031	0.89496133856299
3343	MEGF10	ENSG00000145794	hsa-miR-7154-5p	MIMAT0028218	0.89496116048102
3344	KLF6	ENSG00000067082	hsa-miR-1252-3p	MIMAT0026744	0.894950115945901
3345	GALNT15	ENSG00000131386	hsa-miR-7154-5p	MIMAT0028218	0.894892652778012
3346	VCAN	ENSG00000038427	hsa-miR-4496	MIMAT0019031	0.894882873025871
3347	HNRNPR	ENSG00000125944	hsa-miR-4496	MIMAT0019031	0.894820540758346
3348	PLOD2	ENSG00000152952	hsa-miR-3618	MIMAT0017998	0.894804705081554
3349	MON2	ENSG00000061987	hsa-miR-1252-3p	MIMAT0026744	0.894778567382247
3350	TTN	ENSG00000155657	hsa-miR-5007-5p	MIMAT0021035	0.89475038185345
3351	MTMR4	ENSG00000108389	hsa-miR-7154-5p	MIMAT0028218	0.8947491283097
3352	IFNG	ENSG00000111537	hsa-miR-1252-3p	MIMAT0026744	0.894643685500763
3353	PTCHD1	ENSG00000165186	hsa-miR-1252-3p	MIMAT0026744	0.89461902719096
3354	CYP1B1	ENSG00000138061	hsa-miR-7154-5p	MIMAT0028218	0.89459259673383
3355	WDR20	ENSG00000140153	hsa-miR-542-3p	MIMAT0003389	0.894556658791968
3356	ZBTB41	ENSG00000177888	hsa-miR-6780a-3p	MIMAT0027461	0.894464176854323
3357	ACVR1C	ENSG00000123612	hsa-miR-148a-5p	MIMAT0004549	0.894455927956716
3358	GNAI1	ENSG00000127955	hsa-miR-1252-3p	MIMAT0026744	0.894422465704877
3359	TNPO2	ENSG00000105576	hsa-miR-148a-5p	MIMAT0004549	0.894414979821518
3360	PCSK2	ENSG00000125851	hsa-miR-3618	MIMAT0017998	0.894349840625823
3361	MBOAT2	ENSG00000143797	hsa-miR-7154-5p	MIMAT0028218	0.894319411617674
3362	SUSD3	ENSG00000157303	hsa-miR-137-3p	MIMAT0000429	0.894307404195686
3363	CXADR	ENSG00000154639	hsa-miR-1252-3p	MIMAT0026744	0.894305026658899
3364	TRPC5	ENSG00000072315	hsa-miR-5007-5p	MIMAT0021035	0.894272283283277
3365	CXCL9	ENSG00000138755	hsa-miR-329-5p	MIMAT0026555	0.894246608734051
3366	SORL1	ENSG00000137642	hsa-miR-5007-5p	MIMAT0021035	0.894234312847025
3367	PLXDC2	ENSG00000120594	hsa-miR-7154-5p	MIMAT0028218	0.894230768029392
3368	UBR1	ENSG00000159459	hsa-miR-1252-3p	MIMAT0026744	0.894218290027591
3369	TSC22D2	ENSG00000196428	hsa-miR-1252-3p	MIMAT0026744	0.894197989427204
3370	ITGAV	ENSG00000138448	hsa-miR-380-3p	MIMAT0000735	0.894170102043338
3371	ORC2	ENSG00000115942	hsa-miR-148a-5p	MIMAT0004549	0.89414456154653
3372	CHD6	ENSG00000124177	hsa-miR-542-3p	MIMAT0003389	0.894140586417815
3373	IL1A	ENSG00000115008	hsa-miR-5007-5p	MIMAT0021035	0.894111413931142
3374	CCDC71L	ENSG00000253276	hsa-miR-542-3p	MIMAT0003389	0.894088442529538
3375	DCLK2	ENSG00000170390	hsa-miR-137-3p	MIMAT0000429	0.894086789478022
3376	TMPRSS11B	ENSG00000185873	hsa-miR-1252-3p	MIMAT0026744	0.894063943809079
3377	CEP43	ENSG00000213066	hsa-miR-148a-5p	MIMAT0004549	0.894040876777357
3378	MEF2C	ENSG00000081189	hsa-miR-380-3p	MIMAT0000735	0.893961454208153
3379	TBL1X	ENSG00000101849	hsa-miR-1252-3p	MIMAT0026744	0.893950832144537
3380	BRK1	ENSG00000254999	hsa-miR-542-3p	MIMAT0003389	0.893950275787232
3381	ZNF616	ENSG00000204611	hsa-miR-380-3p	MIMAT0000735	0.893908601860713
3382	OR8G1	ENSG00000197849	hsa-miR-1252-3p	MIMAT0026744	0.893878243838044
3383	TULP4	ENSG00000130338	hsa-miR-1252-3p	MIMAT0026744	0.893871243356613
3384	NEB	ENSG00000183091	hsa-miR-329-5p	MIMAT0026555	0.893858816148959
3385	MCFD2	ENSG00000180398	hsa-miR-329-5p	MIMAT0026555	0.893828581511331
3386	FAM133A	ENSG00000179083	hsa-miR-380-3p	MIMAT0000735	0.893812965456974
3387	PHLDA1	ENSG00000139289	hsa-miR-7154-5p	MIMAT0028218	0.893721087266413
3388	GJD2	ENSG00000159248	hsa-miR-329-5p	MIMAT0026555	0.893720772909981
3389	ANKRD44	ENSG00000065413	hsa-miR-148a-5p	MIMAT0004549	0.893643813178985
3390	KLHL20	ENSG00000076321	hsa-miR-1252-3p	MIMAT0026744	0.893641203154579
3391	CNOT6	ENSG00000113300	hsa-miR-7154-5p	MIMAT0028218	0.893640746369105
3392	YJEFN3	ENSG00000250067	hsa-miR-4496	MIMAT0019031	0.893628358683618
3393	UBR3	ENSG00000144357	hsa-miR-7154-5p	MIMAT0028218	0.893589452248794
3394	KYNU	ENSG00000115919	hsa-miR-1252-3p	MIMAT0026744	0.893532989602204
3395	ZNF276	ENSG00000158805	hsa-miR-380-3p	MIMAT0000735	0.893442130994815
3396	LNPK	ENSG00000144320	hsa-miR-148a-5p	MIMAT0004549	0.893425080294445
3397	STXBP5L	ENSG00000145087	hsa-miR-137-3p	MIMAT0000429	0.893421150493253
3398	HEATR5A	ENSG00000129493	hsa-miR-1252-3p	MIMAT0026744	0.893399927657934
3399	OR2L2	ENSG00000203663	hsa-miR-380-3p	MIMAT0000735	0.893157156207781
3400	NKTR	ENSG00000114857	hsa-miR-6780a-3p	MIMAT0027461	0.893131560542684
3401	SNTN	ENSG00000188817	hsa-miR-542-3p	MIMAT0003389	0.893117000524742
3402	MGA	ENSG00000174197	hsa-miR-212-5p	MIMAT0022695	0.893116583957205
3403	SDAD1	ENSG00000198301	hsa-miR-4496	MIMAT0019031	0.893095963758217
3404	PAFAH1B2	ENSG00000168092	hsa-miR-6780a-3p	MIMAT0027461	0.893089938605385
3405	NAP1L1	ENSG00000187109	hsa-miR-148a-5p	MIMAT0004549	0.893087381965921
3406	ZFHX3	ENSG00000140836	hsa-miR-4496	MIMAT0019031	0.893056015958465
3407	SPAG16	ENSG00000144451	hsa-miR-380-3p	MIMAT0000735	0.893044840780198
3408	MTX2	ENSG00000128654	hsa-miR-148a-5p	MIMAT0004549	0.893023907400535
3409	ZBTB4	ENSG00000174282	hsa-miR-3618	MIMAT0017998	0.893019265630187
3410	AP3M2	ENSG00000070718	hsa-miR-4496	MIMAT0019031	0.89300366995008
3411	TYW3	ENSG00000162623	hsa-miR-212-5p	MIMAT0022695	0.892980051924996
3412	RUFY3	ENSG00000018189	hsa-miR-380-3p	MIMAT0000735	0.892947714316452
3413	CREB5	ENSG00000146592	hsa-miR-137-3p	MIMAT0000429	0.892923033507614
3414	SCN8A	ENSG00000196876	hsa-miR-137-3p	MIMAT0000429	0.892914751088969
3415	OR6N2	ENSG00000188340	hsa-miR-1252-3p	MIMAT0026744	0.892912752660427
3416	CCZ1	ENSG00000122674	hsa-miR-137-3p	MIMAT0000429	0.892862651492978
3417	OTUD3	ENSG00000169914	hsa-miR-4496	MIMAT0019031	0.892822302657812
3418	IL1R1	ENSG00000115594	hsa-miR-137-3p	MIMAT0000429	0.892821434416023
3419	RBM47	ENSG00000163694	hsa-miR-137-3p	MIMAT0000429	0.892798593178444
3420	ZMYM4	ENSG00000146463	hsa-miR-6861-5p	MIMAT0027623	0.892759764631575
3421	TBC1D4	ENSG00000136111	hsa-miR-7154-5p	MIMAT0028218	0.892748016949957
3422	QPRT	ENSG00000103485	hsa-miR-4496	MIMAT0019031	0.892738265191764
3423	CSNK2A1	ENSG00000101266	hsa-miR-148a-5p	MIMAT0004549	0.892737820145178
3424	ATP11B	ENSG00000058063	hsa-miR-7154-5p	MIMAT0028218	0.892713283732989
3425	DCAF12	ENSG00000198876	hsa-miR-4496	MIMAT0019031	0.892654386796691
3426	SOX11	ENSG00000176887	hsa-miR-137-3p	MIMAT0000429	0.892601956407138
3427	EPHA5	ENSG00000145242	hsa-miR-380-3p	MIMAT0000735	0.892601033930456
3428	ATP2C1	ENSG00000017260	hsa-miR-1252-3p	MIMAT0026744	0.892561052334803
3429	FBXO45	ENSG00000174013	hsa-miR-4496	MIMAT0019031	0.892559022748504
3430	FBXO25	ENSG00000147364	hsa-miR-1252-3p	MIMAT0026744	0.892540874790254
3431	NAA15	ENSG00000164134	hsa-miR-329-5p	MIMAT0026555	0.892522932352267
3432	SPAST	ENSG00000021574	hsa-miR-148a-5p	MIMAT0004549	0.892518397149708
3433	RAB5A	ENSG00000144566	hsa-miR-148a-5p	MIMAT0004549	0.892517083579752
3434	LTV1	ENSG00000135521	hsa-miR-7154-5p	MIMAT0028218	0.892512935094545
3435	MAPRE2	ENSG00000166974	hsa-miR-380-3p	MIMAT0000735	0.892476838209785
3436	RPEL1	ENSG00000235376	hsa-miR-7154-5p	MIMAT0028218	0.892452843766272
3437	SORL1	ENSG00000137642	hsa-miR-137-3p	MIMAT0000429	0.892400896486483
3438	ZNF263	ENSG00000006194	hsa-miR-6780a-3p	MIMAT0027461	0.892388520349853
3439	IL22RA2	ENSG00000164485	hsa-miR-148a-5p	MIMAT0004549	0.892385554709242
3440	PELP1	ENSG00000141456	hsa-miR-3618	MIMAT0017998	0.892368092710348
3441	KLHL24	ENSG00000114796	hsa-miR-1252-3p	MIMAT0026744	0.892336675708155
3442	LRR1	ENSG00000165501	hsa-miR-148a-5p	MIMAT0004549	0.89232724184841
3443	MID2	ENSG00000080561	hsa-miR-380-3p	MIMAT0000735	0.892294994941739
3444	FZD1	ENSG00000157240	hsa-miR-1252-3p	MIMAT0026744	0.892277247074196
3445	SRRD	ENSG00000100104	hsa-miR-7154-5p	MIMAT0028218	0.89225112645792
3446	TRAF3	ENSG00000131323	hsa-miR-1252-3p	MIMAT0026744	0.892233590211681
3447	ZBTB33	ENSG00000177485	hsa-miR-1252-3p	MIMAT0026744	0.892227324717567
3448	CLEC1A	ENSG00000150048	hsa-miR-4496	MIMAT0019031	0.892221989749422
3449	DAB1	ENSG00000173406	hsa-miR-148a-5p	MIMAT0004549	0.892185154572979
3450	TIPRL	ENSG00000143155	hsa-miR-380-3p	MIMAT0000735	0.892177346229629
3451	SLC16A1	ENSG00000155380	hsa-miR-3618	MIMAT0017998	0.892177237152702
3452	RIMS2	ENSG00000176406	hsa-miR-6780a-3p	MIMAT0027461	0.892159339213772
3453	CD226	ENSG00000150637	hsa-miR-1252-3p	MIMAT0026744	0.892085087262458
3454	ZNF641	ENSG00000167528	hsa-miR-4496	MIMAT0019031	0.892082826478095
3455	PPP1CB	ENSG00000213639	hsa-miR-542-3p	MIMAT0003389	0.892030740054719
3456	RAD54L	ENSG00000085999	hsa-miR-7154-5p	MIMAT0028218	0.891931343859081
3457	ADAMTS6	ENSG00000049192	hsa-miR-4496	MIMAT0019031	0.891925362722078
3458	ACTR3C	ENSG00000106526	hsa-miR-1252-3p	MIMAT0026744	0.891922494565099
3459	TADA2A	ENSG00000276234	hsa-miR-329-5p	MIMAT0026555	0.891900507172636
3460	MED12L	ENSG00000144893	hsa-miR-212-5p	MIMAT0022695	0.891890958799857
3461	MMP16	ENSG00000156103	hsa-miR-148a-5p	MIMAT0004549	0.891864208640996
3462	ZBTB20	ENSG00000181722	hsa-miR-5007-5p	MIMAT0021035	0.891859347623392
3463	ARHGEF10L	ENSG00000074964	hsa-miR-329-5p	MIMAT0026555	0.891838701446883
3464	DIAPH1	ENSG00000131504	hsa-miR-212-5p	MIMAT0022695	0.89182418842554
3465	CLSPN	ENSG00000092853	hsa-miR-380-3p	MIMAT0000735	0.891812297726814
3466	MKKS	ENSG00000125863	hsa-miR-7154-5p	MIMAT0028218	0.891797628566925
3467	PRRG1	ENSG00000130962	hsa-miR-380-3p	MIMAT0000735	0.891793688869046
3468	SNU13	ENSG00000100138	hsa-miR-542-3p	MIMAT0003389	0.891749845133123
3469	EDEM3	ENSG00000116406	hsa-miR-542-3p	MIMAT0003389	0.891748217929259
3470	NTAQ1	ENSG00000156795	hsa-miR-212-5p	MIMAT0022695	0.891718069089675
3471	ABHD18	ENSG00000164074	hsa-miR-1252-3p	MIMAT0026744	0.891679602255878
3472	MBOAT2	ENSG00000143797	hsa-miR-137-3p	MIMAT0000429	0.891670537705581
3473	ZNF441	ENSG00000197044	hsa-miR-329-5p	MIMAT0026555	0.89164804283067
3474	SF3B1	ENSG00000115524	hsa-miR-4496	MIMAT0019031	0.891645363951046
3475	CAP1	ENSG00000131236	hsa-miR-4496	MIMAT0019031	0.891643131653217
3476	HGSNAT	ENSG00000165102	hsa-miR-4496	MIMAT0019031	0.891641935289089
3477	ZC3H15	ENSG00000065548	hsa-miR-7154-5p	MIMAT0028218	0.891641331548847
3478	BMPR2	ENSG00000204217	hsa-miR-329-5p	MIMAT0026555	0.891578855815363
3479	FAM47E	ENSG00000189157	hsa-miR-1252-3p	MIMAT0026744	0.891545737523236
3480	RB1CC1	ENSG00000023287	hsa-miR-1252-3p	MIMAT0026744	0.891526612037284
3481	TRAM1L1	ENSG00000174599	hsa-miR-7154-5p	MIMAT0028218	0.891517763824623
3482	TMPO	ENSG00000120802	hsa-miR-1252-3p	MIMAT0026744	0.891510328474632
3483	SLC18A2	ENSG00000165646	hsa-miR-148a-5p	MIMAT0004549	0.891487146059143
3484	RAB10	ENSG00000084733	hsa-miR-329-5p	MIMAT0026555	0.891485721958215
3485	FAM221B	ENSG00000204930	hsa-miR-380-3p	MIMAT0000735	0.891484039941918
3486	MAF	ENSG00000178573	hsa-miR-7154-5p	MIMAT0028218	0.891480426437141
3487	ATL3	ENSG00000184743	hsa-miR-6780a-3p	MIMAT0027461	0.891479415591266
3488	AC068547.1	ENSG00000283228	hsa-miR-137-3p	MIMAT0000429	0.891463113246256
3489	ARL6	ENSG00000113966	hsa-miR-148a-5p	MIMAT0004549	0.891462833444432
3490	SH3GLB2	ENSG00000148341	hsa-miR-4496	MIMAT0019031	0.891462146882029
3491	ACOX1	ENSG00000161533	hsa-miR-7154-5p	MIMAT0028218	0.891415078392577
3492	GNB5	ENSG00000069966	hsa-miR-1252-3p	MIMAT0026744	0.891412763570117
3493	ZNF70	ENSG00000187792	hsa-miR-1252-3p	MIMAT0026744	0.89137726053942
3494	GFRA1	ENSG00000151892	hsa-miR-1252-3p	MIMAT0026744	0.89134383241551
3495	MMAB	ENSG00000139428	hsa-miR-1252-3p	MIMAT0026744	0.891299172458556
3496	DNAJB14	ENSG00000164031	hsa-miR-380-3p	MIMAT0000735	0.891293630365871
3497	HOXB3	ENSG00000120093	hsa-miR-4496	MIMAT0019031	0.891290776422732
3498	MRPL42	ENSG00000198015	hsa-miR-329-5p	MIMAT0026555	0.891286597414055
3499	DNAJC10	ENSG00000077232	hsa-miR-329-5p	MIMAT0026555	0.891269596514169
3500	IGF1	ENSG00000017427	hsa-miR-380-3p	MIMAT0000735	0.891209676745306
3501	ENAH	ENSG00000154380	hsa-miR-4496	MIMAT0019031	0.891201279109745
3502	NTNG1	ENSG00000162631	hsa-miR-1288-5p	MIMAT0026743	0.891155177666208
3503	FAM155A	ENSG00000204442	hsa-miR-329-5p	MIMAT0026555	0.891153332749805
3504	IRAG1	ENSG00000072952	hsa-miR-542-3p	MIMAT0003389	0.891134968725428
3505	CSMD1	ENSG00000183117	hsa-miR-137-3p	MIMAT0000429	0.89111508608958
3506	NTRK3	ENSG00000140538	hsa-miR-148a-5p	MIMAT0004549	0.891094678786254
3507	PLEKHG1	ENSG00000120278	hsa-miR-4496	MIMAT0019031	0.891089599734089
3508	BDP1	ENSG00000145734	hsa-miR-137-3p	MIMAT0000429	0.89108843846001
3509	ZBTB20	ENSG00000181722	hsa-miR-6861-5p	MIMAT0027623	0.89106256407761
3510	OSTN	ENSG00000188729	hsa-miR-1252-3p	MIMAT0026744	0.891055591428679
3511	BAIAP2L1	ENSG00000006453	hsa-miR-137-3p	MIMAT0000429	0.891029957823515
3512	STXBP5	ENSG00000164506	hsa-miR-148a-5p	MIMAT0004549	0.890992079087421
3513	ZFYVE16	ENSG00000039319	hsa-miR-380-3p	MIMAT0000735	0.89090651727653
3514	TACR3	ENSG00000169836	hsa-miR-1252-3p	MIMAT0026744	0.890901713064641
3515	DEFA1	ENSG00000206047	hsa-miR-4496	MIMAT0019031	0.890899259013479
3516	ATP2A2	ENSG00000174437	hsa-miR-4496	MIMAT0019031	0.890878326117147
3517	HBG1	ENSG00000213934	hsa-miR-137-3p	MIMAT0000429	0.890860851118072
3518	ERAP2	ENSG00000164308	hsa-miR-7154-5p	MIMAT0028218	0.890856110867378
3519	MCTP1	ENSG00000175471	hsa-miR-329-5p	MIMAT0026555	0.8908531479704
3520	ANOS1	ENSG00000011201	hsa-miR-542-3p	MIMAT0003389	0.890819181740122
3521	PGAP1	ENSG00000197121	hsa-miR-542-3p	MIMAT0003389	0.890806578406124
3522	OR1D2	ENSG00000184166	hsa-miR-542-3p	MIMAT0003389	0.890801033945495
3523	HLA-DQB1	ENSG00000179344	hsa-miR-137-3p	MIMAT0000429	0.8907947980443
3524	GPCPD1	ENSG00000125772	hsa-miR-1252-3p	MIMAT0026744	0.890785582829164
3525	CYP4A11	ENSG00000187048	hsa-miR-4496	MIMAT0019031	0.890777662180208
3526	FAM210B	ENSG00000124098	hsa-miR-329-5p	MIMAT0026555	0.890774408075309
3527	TCFL5	ENSG00000101190	hsa-miR-542-3p	MIMAT0003389	0.890657260603987
3528	DPYD	ENSG00000188641	hsa-miR-148a-5p	MIMAT0004549	0.890640413986225
3529	DNAL1	ENSG00000119661	hsa-miR-1252-3p	MIMAT0026744	0.890635519876862
3530	LHFPL4	ENSG00000156959	hsa-miR-4496	MIMAT0019031	0.890626535893732
3531	RBM12	ENSG00000244462	hsa-miR-7154-5p	MIMAT0028218	0.890614557888833
3532	REV3L	ENSG00000009413	hsa-miR-4496	MIMAT0019031	0.890599565264841
3533	WDR26	ENSG00000162923	hsa-miR-7154-5p	MIMAT0028218	0.89057156687102
3534	PGAP1	ENSG00000197121	hsa-miR-7154-5p	MIMAT0028218	0.890558584318942
3535	TLK1	ENSG00000198586	hsa-miR-1252-3p	MIMAT0026744	0.890544623703548
3536	PBX1	ENSG00000185630	hsa-miR-148a-5p	MIMAT0004549	0.890532503522282
3537	UGT3A1	ENSG00000145626	hsa-miR-7154-5p	MIMAT0028218	0.89052136034088
3538	CXXC4	ENSG00000168772	hsa-miR-1252-3p	MIMAT0026744	0.890474443766566
3539	MAP3K20	ENSG00000091436	hsa-miR-1252-3p	MIMAT0026744	0.890445206149627
3540	FBXO45	ENSG00000174013	hsa-miR-6861-5p	MIMAT0027623	0.890394420152674
3541	ARHGAP5	ENSG00000100852	hsa-miR-1252-3p	MIMAT0026744	0.890391384614135
3542	KCNV1	ENSG00000164794	hsa-miR-7154-5p	MIMAT0028218	0.890372586213368
3543	UBE2G1	ENSG00000132388	hsa-miR-4496	MIMAT0019031	0.890348939525494
3544	RRAGC	ENSG00000116954	hsa-miR-1252-3p	MIMAT0026744	0.890325719527608
3545	KRTAP4-1	ENSG00000198443	hsa-miR-380-3p	MIMAT0000735	0.890262953997273
3546	TIFAB	ENSG00000255833	hsa-miR-6780a-3p	MIMAT0027461	0.890243024800578
3547	CAVIN2	ENSG00000168497	hsa-miR-6780a-3p	MIMAT0027461	0.890238441022207
3548	UBLCP1	ENSG00000164332	hsa-miR-137-3p	MIMAT0000429	0.890215583487589
3549	DENND5B	ENSG00000170456	hsa-miR-329-5p	MIMAT0026555	0.890211077241633
3550	TACC2	ENSG00000138162	hsa-miR-1288-5p	MIMAT0026743	0.890176906850206
3551	CACNA1G	ENSG00000006283	hsa-miR-137-3p	MIMAT0000429	0.890172565076974
3552	MUSK	ENSG00000030304	hsa-miR-4496	MIMAT0019031	0.890137696721393
3553	PAX6	ENSG00000007372	hsa-miR-1252-3p	MIMAT0026744	0.890092508555417
3554	ERG	ENSG00000157554	hsa-miR-137-3p	MIMAT0000429	0.890087084677826
3555	COL4A3	ENSG00000169031	hsa-miR-329-5p	MIMAT0026555	0.890058459588966
3556	TMEM47	ENSG00000147027	hsa-miR-7154-5p	MIMAT0028218	0.889991187854014
3557	BMPER	ENSG00000164619	hsa-miR-1252-3p	MIMAT0026744	0.889983040317701
3558	STK35	ENSG00000125834	hsa-miR-4496	MIMAT0019031	0.889978061806138
3559	DOCK10	ENSG00000135905	hsa-miR-7154-5p	MIMAT0028218	0.889922068531802
3560	CSTF1	ENSG00000101138	hsa-miR-1288-5p	MIMAT0026743	0.889900971255791
3561	SGCG	ENSG00000102683	hsa-miR-329-5p	MIMAT0026555	0.889886608645812
3562	PLAC1	ENSG00000170965	hsa-miR-7154-5p	MIMAT0028218	0.889879229958225
3563	SERPINB9	ENSG00000170542	hsa-miR-4496	MIMAT0019031	0.889875860412899
3564	MSRB3	ENSG00000174099	hsa-miR-1288-5p	MIMAT0026743	0.889873268305715
3565	TSHZ3	ENSG00000121297	hsa-miR-5007-5p	MIMAT0021035	0.889828967982558
3566	INVS	ENSG00000119509	hsa-miR-380-3p	MIMAT0000735	0.889817019514084
3567	KCNJ6	ENSG00000157542	hsa-miR-4496	MIMAT0019031	0.889800775515522
3568	ZC3H8	ENSG00000144161	hsa-miR-1252-3p	MIMAT0026744	0.889796167573182
3569	TMEM170B	ENSG00000205269	hsa-miR-380-3p	MIMAT0000735	0.889774948164655
3570	AGPAT5	ENSG00000155189	hsa-miR-4496	MIMAT0019031	0.889773378404155
3571	GSK3B	ENSG00000082701	hsa-miR-137-3p	MIMAT0000429	0.889741891094761
3572	GSTM2	ENSG00000213366	hsa-miR-6780a-3p	MIMAT0027461	0.889741646158303
3573	ATP1B1	ENSG00000143153	hsa-miR-137-3p	MIMAT0000429	0.889671941518791
3574	NUP50	ENSG00000093000	hsa-miR-148a-5p	MIMAT0004549	0.889665169078987
3575	ARID2	ENSG00000189079	hsa-miR-329-5p	MIMAT0026555	0.889635031199325
3576	USP25	ENSG00000155313	hsa-miR-542-3p	MIMAT0003389	0.889630490248906
3577	GPN1	ENSG00000198522	hsa-miR-137-3p	MIMAT0000429	0.889609750438782
3578	GAD2	ENSG00000136750	hsa-miR-542-3p	MIMAT0003389	0.889559325988869
3579	PARP8	ENSG00000151883	hsa-miR-6861-5p	MIMAT0027623	0.889526283931843
3580	RTKN2	ENSG00000182010	hsa-miR-148a-5p	MIMAT0004549	0.889520088477504
3581	SGIP1	ENSG00000118473	hsa-miR-1252-3p	MIMAT0026744	0.889517412166202
3582	RNF217	ENSG00000146373	hsa-miR-1252-3p	MIMAT0026744	0.88939380601291
3583	DGKK	ENSG00000274588	hsa-miR-4496	MIMAT0019031	0.889323722342218
3584	HEATR5A	ENSG00000129493	hsa-miR-380-3p	MIMAT0000735	0.889314018302258
3585	CASP3	ENSG00000164305	hsa-miR-137-3p	MIMAT0000429	0.889275034612607
3586	ZNF552	ENSG00000178935	hsa-miR-4496	MIMAT0019031	0.889273308019271
3587	RSF1	ENSG00000048649	hsa-miR-1252-3p	MIMAT0026744	0.889263341336253
3588	ETV3	ENSG00000117036	hsa-miR-4496	MIMAT0019031	0.889244505149262
3589	CASP10	ENSG00000003400	hsa-miR-329-5p	MIMAT0026555	0.889219549395651
3590	TRPC5	ENSG00000072315	hsa-miR-4496	MIMAT0019031	0.889165483685557
3591	UCK2	ENSG00000143179	hsa-miR-4496	MIMAT0019031	0.88915488545349
3592	JAK3	ENSG00000105639	hsa-miR-4496	MIMAT0019031	0.889121000551711
3593	KCNA2	ENSG00000177301	hsa-miR-6780a-3p	MIMAT0027461	0.889095413095946
3594	RIMKLA	ENSG00000177181	hsa-miR-4496	MIMAT0019031	0.889065656900658
3595	AKAP5	ENSG00000179841	hsa-miR-380-3p	MIMAT0000735	0.889034596093838
3596	FEN1	ENSG00000168496	hsa-miR-6780a-3p	MIMAT0027461	0.889033528257891
3597	PTPN4	ENSG00000088179	hsa-miR-137-3p	MIMAT0000429	0.889009831577657
3598	PLEKHA3	ENSG00000116095	hsa-miR-4496	MIMAT0019031	0.889007290967759
3599	ATP10D	ENSG00000145246	hsa-miR-1252-3p	MIMAT0026744	0.888988329919829
3600	TRPC4	ENSG00000133107	hsa-miR-380-3p	MIMAT0000735	0.88897988959261
3601	SELENOI	ENSG00000138018	hsa-miR-4496	MIMAT0019031	0.888970053409842
3602	HECW1	ENSG00000002746	hsa-miR-148a-5p	MIMAT0004549	0.888968754072463
3603	WDR55	ENSG00000120314	hsa-miR-4496	MIMAT0019031	0.88896102543537
3604	SETD7	ENSG00000145391	hsa-miR-4496	MIMAT0019031	0.888954723563993
3605	NABP1	ENSG00000173559	hsa-miR-1252-3p	MIMAT0026744	0.888943138811004
3606	TSC22D3	ENSG00000157514	hsa-miR-148a-5p	MIMAT0004549	0.888929747555678
3607	SOD2	ENSG00000112096	hsa-miR-6861-5p	MIMAT0027623	0.888892474448378
3608	UBE2I	ENSG00000103275	hsa-miR-148a-5p	MIMAT0004549	0.888880650483868
3609	CD274	ENSG00000120217	hsa-miR-4496	MIMAT0019031	0.888874742612993
3610	LRRC8C	ENSG00000171488	hsa-miR-329-5p	MIMAT0026555	0.888852018446221
3611	TRIP12	ENSG00000153827	hsa-miR-1252-3p	MIMAT0026744	0.888829935410751
3612	C17orf80	ENSG00000141219	hsa-miR-212-5p	MIMAT0022695	0.88881007908422
3613	CD226	ENSG00000150637	hsa-miR-7154-5p	MIMAT0028218	0.888769333333634
3614	MARCHF1	ENSG00000145416	hsa-miR-329-5p	MIMAT0026555	0.888763096715333
3615	BCL2	ENSG00000171791	hsa-miR-1252-3p	MIMAT0026744	0.888749467978564
3616	CLOCK	ENSG00000134852	hsa-miR-7154-5p	MIMAT0028218	0.88872241801922
3617	MTARC1	ENSG00000186205	hsa-miR-1252-3p	MIMAT0026744	0.88870660283267
3618	MKNK2	ENSG00000099875	hsa-miR-329-5p	MIMAT0026555	0.888681340521545
3619	C17orf58	ENSG00000186665	hsa-miR-137-3p	MIMAT0000429	0.888660715908208
3620	KLHL24	ENSG00000114796	hsa-miR-148a-5p	MIMAT0004549	0.888645482696958
3621	RADX	ENSG00000147231	hsa-miR-1252-3p	MIMAT0026744	0.888571928998462
3622	HNRNPA3	ENSG00000170144	hsa-miR-137-3p	MIMAT0000429	0.888563020671049
3623	SEPTIN7	ENSG00000122545	hsa-miR-1252-3p	MIMAT0026744	0.88855439606253
3624	PTCH1	ENSG00000185920	hsa-miR-4496	MIMAT0019031	0.888550393365742
3625	PANK3	ENSG00000120137	hsa-miR-5007-5p	MIMAT0021035	0.888550309780996
3626	SDAD1	ENSG00000198301	hsa-miR-148a-5p	MIMAT0004549	0.888541432954098
3627	XKR6	ENSG00000171044	hsa-miR-329-5p	MIMAT0026555	0.888464611125478
3628	NBN	ENSG00000104320	hsa-miR-1252-3p	MIMAT0026744	0.88843348489813
3629	CEP120	ENSG00000168944	hsa-miR-1252-3p	MIMAT0026744	0.888426031450309
3630	TAB3	ENSG00000157625	hsa-miR-137-3p	MIMAT0000429	0.888418012297687
3631	FBXO30	ENSG00000118496	hsa-miR-380-3p	MIMAT0000735	0.888410327892961
3632	DNM3	ENSG00000197959	hsa-miR-1252-3p	MIMAT0026744	0.888380862055965
3633	CBFB	ENSG00000067955	hsa-miR-1252-3p	MIMAT0026744	0.888377508448752
3634	AC022384.1	ENSG00000272410	hsa-miR-6780a-3p	MIMAT0027461	0.888359769264855
3635	EN2	ENSG00000164778	hsa-miR-137-3p	MIMAT0000429	0.888352050471306
3636	SOGA1	ENSG00000149639	hsa-miR-4496	MIMAT0019031	0.888344117439085
3637	TARDBP	ENSG00000120948	hsa-miR-1252-3p	MIMAT0026744	0.88831997418948
3638	CCDC90B	ENSG00000137500	hsa-miR-380-3p	MIMAT0000735	0.88831735268457
3639	TWIST1	ENSG00000122691	hsa-miR-137-3p	MIMAT0000429	0.888301173449431
3640	C4orf45	ENSG00000164123	hsa-miR-7154-5p	MIMAT0028218	0.888289410153903
3641	ZNF804A	ENSG00000170396	hsa-miR-137-3p	MIMAT0000429	0.888277647080335
3642	LRRC40	ENSG00000066557	hsa-miR-1252-3p	MIMAT0026744	0.888256692760714
3643	SNRNP48	ENSG00000168566	hsa-miR-7154-5p	MIMAT0028218	0.888249233274329
3644	KIF3B	ENSG00000101350	hsa-miR-542-3p	MIMAT0003389	0.888134846524947
3645	PCNA	ENSG00000132646	hsa-miR-542-3p	MIMAT0003389	0.888125629814156
3646	FAM204A	ENSG00000165669	hsa-miR-4496	MIMAT0019031	0.888118851482057
3647	DEFB132	ENSG00000186458	hsa-miR-1252-3p	MIMAT0026744	0.888111688614021
3648	IRS1	ENSG00000169047	hsa-miR-4496	MIMAT0019031	0.888074429802444
3649	GPR101	ENSG00000165370	hsa-miR-212-5p	MIMAT0022695	0.888067653267207
3650	CAB39	ENSG00000135932	hsa-miR-7154-5p	MIMAT0028218	0.888019543617578
3651	CYP1B1	ENSG00000138061	hsa-miR-5007-5p	MIMAT0021035	0.888002115093765
3652	SREBF2	ENSG00000198911	hsa-miR-212-5p	MIMAT0022695	0.88797710516783
3653	NDUFAF2	ENSG00000164182	hsa-miR-1252-3p	MIMAT0026744	0.887963244013722
3654	MKLN1	ENSG00000128585	hsa-miR-1288-5p	MIMAT0026743	0.887906250337863
3655	BTG4	ENSG00000137707	hsa-miR-7154-5p	MIMAT0028218	0.88790412725085
3656	UBASH3B	ENSG00000154127	hsa-miR-6780a-3p	MIMAT0027461	0.887901961811431
3657	PAWR	ENSG00000177425	hsa-miR-380-3p	MIMAT0000735	0.887807769223472
3658	FKBP7	ENSG00000079150	hsa-miR-4496	MIMAT0019031	0.887739444552496
3659	CYCS	ENSG00000172115	hsa-miR-7154-5p	MIMAT0028218	0.887701445395278
3660	SH3TC2	ENSG00000169247	hsa-miR-6861-5p	MIMAT0027623	0.887689648499497
3661	CDH22	ENSG00000149654	hsa-miR-4496	MIMAT0019031	0.887686524032542
3662	RARB	ENSG00000077092	hsa-miR-1252-3p	MIMAT0026744	0.88768630763755
3663	NT5C2	ENSG00000076685	hsa-miR-1252-3p	MIMAT0026744	0.887660765548428
3664	ZC3H14	ENSG00000100722	hsa-miR-1252-3p	MIMAT0026744	0.887649453740715
3665	ANKRD40	ENSG00000154945	hsa-miR-212-5p	MIMAT0022695	0.887598313086793
3666	SPTY2D1	ENSG00000179119	hsa-miR-1252-3p	MIMAT0026744	0.887596052931253
3667	LRP8	ENSG00000157193	hsa-miR-1252-3p	MIMAT0026744	0.887511952727007
3668	RBAK	ENSG00000146587	hsa-miR-380-3p	MIMAT0000735	0.887507847099917
3669	QTRT2	ENSG00000151576	hsa-miR-4496	MIMAT0019031	0.88750090769438
3670	CERK	ENSG00000100422	hsa-miR-1288-5p	MIMAT0026743	0.887480285592923
3671	RNF13	ENSG00000082996	hsa-miR-6780a-3p	MIMAT0027461	0.887461361639911
3672	ZNF625-ZNF20	ENSG00000213297	hsa-miR-7154-5p	MIMAT0028218	0.887447136826758
3673	KPNA1	ENSG00000114030	hsa-miR-4496	MIMAT0019031	0.887445953325041
3674	BTAF1	ENSG00000095564	hsa-miR-542-3p	MIMAT0003389	0.887418439869873
3675	TMEM65	ENSG00000164983	hsa-miR-1252-3p	MIMAT0026744	0.88740942772516
3676	DZIP3	ENSG00000198919	hsa-miR-329-5p	MIMAT0026555	0.88739797526164
3677	C18orf63	ENSG00000206043	hsa-miR-380-3p	MIMAT0000735	0.887391575957168
3678	ALG2	ENSG00000119523	hsa-miR-542-3p	MIMAT0003389	0.887341027916396
3679	NEK7	ENSG00000151414	hsa-miR-3618	MIMAT0017998	0.887340400785848
3680	ZNF667	ENSG00000198046	hsa-miR-137-3p	MIMAT0000429	0.887338076461749
3681	HAUS2	ENSG00000137814	hsa-miR-542-3p	MIMAT0003389	0.8873279051915
3682	GRIN3A	ENSG00000198785	hsa-miR-7154-5p	MIMAT0028218	0.88729791940594
3683	HNRNPA2B1	ENSG00000122566	hsa-miR-4496	MIMAT0019031	0.88728280206988
3684	MINAR1	ENSG00000169330	hsa-miR-137-3p	MIMAT0000429	0.887280969172454
3685	MAP3K9	ENSG00000006432	hsa-miR-4496	MIMAT0019031	0.887260110705527
3686	GTF2H1	ENSG00000110768	hsa-miR-4496	MIMAT0019031	0.887229186200018
3687	CEACAM19	ENSG00000186567	hsa-miR-137-3p	MIMAT0000429	0.887156581171946
3688	SHPRH	ENSG00000146414	hsa-miR-542-3p	MIMAT0003389	0.887123740494336
3689	ATP8A1	ENSG00000124406	hsa-miR-148a-5p	MIMAT0004549	0.887096271420929
3690	FBXO22	ENSG00000167196	hsa-miR-148a-5p	MIMAT0004549	0.887083947856109
3691	MEF2C	ENSG00000081189	hsa-miR-1252-3p	MIMAT0026744	0.887037494330996
3692	PMEPA1	ENSG00000124225	hsa-miR-137-3p	MIMAT0000429	0.887030899798799
3693	H2BC18	ENSG00000203814	hsa-miR-542-3p	MIMAT0003389	0.886988581395142
3694	SLC9A2	ENSG00000115616	hsa-miR-3618	MIMAT0017998	0.886970298574437
3695	RFX7	ENSG00000181827	hsa-miR-1288-5p	MIMAT0026743	0.886935827822818
3696	NEGR1	ENSG00000172260	hsa-miR-4496	MIMAT0019031	0.886932887510843
3697	FGF13	ENSG00000129682	hsa-miR-7154-5p	MIMAT0028218	0.886905635285363
3698	RSBN1L	ENSG00000187257	hsa-miR-212-5p	MIMAT0022695	0.886832784171207
3699	EZH2	ENSG00000106462	hsa-miR-3618	MIMAT0017998	0.886765786014001
3700	SEC14L2	ENSG00000100003	hsa-miR-1252-3p	MIMAT0026744	0.886763425601847
3701	NDST3	ENSG00000164100	hsa-miR-329-5p	MIMAT0026555	0.886756310690583
3702	MBTD1	ENSG00000011258	hsa-miR-7154-5p	MIMAT0028218	0.886714384660934
3703	KCNQ3	ENSG00000184156	hsa-miR-7154-5p	MIMAT0028218	0.886704237585704
3704	NCBP3	ENSG00000074356	hsa-miR-3618	MIMAT0017998	0.886686608135312
3705	ZBTB33	ENSG00000177485	hsa-miR-1288-5p	MIMAT0026743	0.886664489985219
3706	SUGT1	ENSG00000165416	hsa-miR-4496	MIMAT0019031	0.886660344560037
3707	DCUN1D5	ENSG00000137692	hsa-miR-1252-3p	MIMAT0026744	0.886636475903489
3708	SRGAP2	ENSG00000266028	hsa-miR-542-3p	MIMAT0003389	0.886621638918629
3709	STRIP1	ENSG00000143093	hsa-miR-6780a-3p	MIMAT0027461	0.886611666621536
3710	OSBP2	ENSG00000184792	hsa-miR-137-3p	MIMAT0000429	0.886609961594768
3711	PTBP2	ENSG00000117569	hsa-miR-3618	MIMAT0017998	0.886602559008081
3712	GTF2A1	ENSG00000165417	hsa-miR-148a-5p	MIMAT0004549	0.88660157050566
3713	ZNF41	ENSG00000147124	hsa-miR-148a-5p	MIMAT0004549	0.886562916983521
3714	MIDEAS	ENSG00000156030	hsa-miR-380-3p	MIMAT0000735	0.886561037866186
3715	MIA3	ENSG00000154305	hsa-miR-137-3p	MIMAT0000429	0.886553799927587
3716	GIT2	ENSG00000139436	hsa-miR-137-3p	MIMAT0000429	0.886530311247493
3717	MAP1A	ENSG00000166963	hsa-miR-6780a-3p	MIMAT0027461	0.886464483491482
3718	ZNF385B	ENSG00000144331	hsa-miR-137-3p	MIMAT0000429	0.88646377304502
3719	CLDN16	ENSG00000113946	hsa-miR-1252-3p	MIMAT0026744	0.886401190271434
3720	PPM1L	ENSG00000163590	hsa-miR-380-3p	MIMAT0000735	0.886396023260387
3721	RABL2A	ENSG00000144134	hsa-miR-4496	MIMAT0019031	0.886379290581064
3722	GATM	ENSG00000171766	hsa-miR-329-5p	MIMAT0026555	0.88636067505438
3723	FBN2	ENSG00000138829	hsa-miR-1252-3p	MIMAT0026744	0.886360061143827
3724	LRFN1	ENSG00000128011	hsa-miR-5007-5p	MIMAT0021035	0.886352824413858
3725	ADH6	ENSG00000172955	hsa-miR-4496	MIMAT0019031	0.886348529713826
3726	RPS6KA6	ENSG00000072133	hsa-miR-1252-3p	MIMAT0026744	0.886346844435085
3727	TNPO1	ENSG00000083312	hsa-miR-380-3p	MIMAT0000735	0.886339740622885
3728	PHF21A	ENSG00000135365	hsa-miR-5007-5p	MIMAT0021035	0.886301543983723
3729	SEMA3A	ENSG00000075213	hsa-miR-1252-3p	MIMAT0026744	0.886293004040818
3730	JAKMIP2	ENSG00000176049	hsa-miR-212-5p	MIMAT0022695	0.88629070856176
3731	CPEB3	ENSG00000107864	hsa-miR-1252-3p	MIMAT0026744	0.886250019760786
3732	ILRUN	ENSG00000196821	hsa-miR-6780a-3p	MIMAT0027461	0.886243788173814
3733	KCNH8	ENSG00000183960	hsa-miR-6780a-3p	MIMAT0027461	0.886235823215273
3734	NFIB	ENSG00000147862	hsa-miR-4496	MIMAT0019031	0.886227149250919
3735	WNK3	ENSG00000196632	hsa-miR-3618	MIMAT0017998	0.886211211799831
3736	AC235565.2	ENSG00000284800	hsa-miR-4496	MIMAT0019031	0.886209734253155
3737	COL4A4	ENSG00000081052	hsa-miR-1252-3p	MIMAT0026744	0.886191034494274
3738	TET2	ENSG00000168769	hsa-miR-7154-5p	MIMAT0028218	0.886178834744283
3739	MAX	ENSG00000125952	hsa-miR-4496	MIMAT0019031	0.886159086243621
3740	CREBZF	ENSG00000137504	hsa-miR-380-3p	MIMAT0000735	0.886130410956274
3741	TBC1D15	ENSG00000121749	hsa-miR-6861-5p	MIMAT0027623	0.88612938123844
3742	ATG7	ENSG00000197548	hsa-miR-6780a-3p	MIMAT0027461	0.886119998724041
3743	TRAF3	ENSG00000131323	hsa-miR-137-3p	MIMAT0000429	0.88607074390941
3744	LRRC31	ENSG00000114248	hsa-miR-380-3p	MIMAT0000735	0.886060750034256
3745	EML5	ENSG00000165521	hsa-miR-1288-5p	MIMAT0026743	0.885973855578088
3746	RPS6KA1	ENSG00000117676	hsa-miR-6780a-3p	MIMAT0027461	0.885972126512264
3747	CFAP20DC	ENSG00000163689	hsa-miR-329-5p	MIMAT0026555	0.885947081021024
3748	EPB41L2	ENSG00000079819	hsa-miR-329-5p	MIMAT0026555	0.885912335915087
3749	DACH1	ENSG00000276644	hsa-miR-148a-5p	MIMAT0004549	0.885892434646094
3750	RBBP4	ENSG00000162521	hsa-miR-4496	MIMAT0019031	0.885873728059356
3751	GPALPP1	ENSG00000133114	hsa-miR-137-3p	MIMAT0000429	0.885852368074072
3752	PIH1D2	ENSG00000150773	hsa-miR-380-3p	MIMAT0000735	0.885831363199908
3753	GLT6D1	ENSG00000204007	hsa-miR-3618	MIMAT0017998	0.885821789800685
3754	WASF2	ENSG00000158195	hsa-miR-4496	MIMAT0019031	0.885819463428331
3755	HMGA2	ENSG00000149948	hsa-miR-7154-5p	MIMAT0028218	0.885802057235285
3756	SOD2	ENSG00000112096	hsa-miR-1252-3p	MIMAT0026744	0.885786268664405
3757	FRRS1L	ENSG00000260230	hsa-miR-329-5p	MIMAT0026555	0.885772194020503
3758	ZEB1	ENSG00000148516	hsa-miR-6861-5p	MIMAT0027623	0.885722000378156
3759	CUL4A	ENSG00000139842	hsa-miR-137-3p	MIMAT0000429	0.885691712461029
3760	AGL	ENSG00000162688	hsa-miR-148a-5p	MIMAT0004549	0.885664436515056
3761	YPEL5	ENSG00000119801	hsa-miR-380-3p	MIMAT0000735	0.885648062559201
3762	CDH2	ENSG00000170558	hsa-miR-380-3p	MIMAT0000735	0.885566200078886
3763	DESI1	ENSG00000100418	hsa-miR-4496	MIMAT0019031	0.885556640900159
3764	TADA2B	ENSG00000173011	hsa-miR-137-3p	MIMAT0000429	0.885556187276293
3765	SMAD2	ENSG00000175387	hsa-miR-212-5p	MIMAT0022695	0.885475590071529
3766	CLCN4	ENSG00000073464	hsa-miR-1252-3p	MIMAT0026744	0.885454677895598
3767	GLIPR1	ENSG00000139278	hsa-miR-137-3p	MIMAT0000429	0.88545386450374
3768	KRR1	ENSG00000111615	hsa-miR-1252-3p	MIMAT0026744	0.88542399285457
3769	RAD18	ENSG00000070950	hsa-miR-542-3p	MIMAT0003389	0.885421830592841
3770	SETBP1	ENSG00000152217	hsa-miR-212-5p	MIMAT0022695	0.885410134641505
3771	ADD2	ENSG00000075340	hsa-miR-6780a-3p	MIMAT0027461	0.885370386336785
3772	KCTD16	ENSG00000183775	hsa-miR-148a-5p	MIMAT0004549	0.885359542959078
3773	GRIN2B	ENSG00000273079	hsa-miR-6780a-3p	MIMAT0027461	0.885354910750923
3774	ALPP	ENSG00000163283	hsa-miR-137-3p	MIMAT0000429	0.885201486144205
3775	ZNF813	ENSG00000198346	hsa-miR-542-3p	MIMAT0003389	0.885117934097975
3776	HERC3	ENSG00000138641	hsa-miR-4496	MIMAT0019031	0.88511371941821
3777	ZNF250	ENSG00000196150	hsa-miR-380-3p	MIMAT0000735	0.885092550183232
3778	DCAF12L1	ENSG00000198889	hsa-miR-137-3p	MIMAT0000429	0.885091038529621
3779	ABCB7	ENSG00000131269	hsa-miR-380-3p	MIMAT0000735	0.885075398498058
3780	RIPOR2	ENSG00000111913	hsa-miR-1252-3p	MIMAT0026744	0.885036128635676
3781	SCYL3	ENSG00000000457	hsa-miR-1252-3p	MIMAT0026744	0.885035743792434
3782	VGLL3	ENSG00000206538	hsa-miR-4496	MIMAT0019031	0.88498171405591
3783	GMCL1	ENSG00000087338	hsa-miR-4496	MIMAT0019031	0.884939782493941
3784	COMMD7	ENSG00000149600	hsa-miR-5007-5p	MIMAT0021035	0.884919776446484
3785	ZNF354C	ENSG00000177932	hsa-miR-329-5p	MIMAT0026555	0.88491900749594
3786	DTL	ENSG00000143476	hsa-miR-5007-5p	MIMAT0021035	0.884918839383489
3787	RNF128	ENSG00000133135	hsa-miR-4496	MIMAT0019031	0.884916380122811
3788	STRBP	ENSG00000165209	hsa-miR-1252-3p	MIMAT0026744	0.884900925166217
3789	ODF2L	ENSG00000122417	hsa-miR-1252-3p	MIMAT0026744	0.884899316605553
3790	UACA	ENSG00000137831	hsa-miR-137-3p	MIMAT0000429	0.884887555743715
3791	HGF	ENSG00000019991	hsa-miR-380-3p	MIMAT0000735	0.884847602365182
3792	EDN2	ENSG00000127129	hsa-miR-148a-5p	MIMAT0004549	0.884766705523368
3793	MPP5	ENSG00000072415	hsa-miR-4496	MIMAT0019031	0.884734803523829
3794	HP1BP3	ENSG00000127483	hsa-miR-1252-3p	MIMAT0026744	0.884695635697035
3795	NCOA3	ENSG00000124151	hsa-miR-1252-3p	MIMAT0026744	0.884680586335074
3796	PTPN14	ENSG00000152104	hsa-miR-137-3p	MIMAT0000429	0.884658562949524
3797	PPP3R1	ENSG00000221823	hsa-miR-7154-5p	MIMAT0028218	0.884623732440645
3798	FOXO3	ENSG00000118689	hsa-miR-380-3p	MIMAT0000735	0.884589499364246
3799	RNF115	ENSG00000265491	hsa-miR-1252-3p	MIMAT0026744	0.884566115401486
3800	OR8B3	ENSG00000284609	hsa-miR-7154-5p	MIMAT0028218	0.884550253474668
3801	SLC13A4	ENSG00000164707	hsa-miR-329-5p	MIMAT0026555	0.884512586055715
3802	OR4E2	ENSG00000221977	hsa-miR-148a-5p	MIMAT0004549	0.884465703726057
3803	AP3D1	ENSG00000065000	hsa-miR-542-3p	MIMAT0003389	0.884455867633784
3804	CASD1	ENSG00000127995	hsa-miR-4496	MIMAT0019031	0.884419432256576
3805	TGFB2	ENSG00000092969	hsa-miR-4496	MIMAT0019031	0.884417095563513
3806	MUC20	ENSG00000176945	hsa-miR-7154-5p	MIMAT0028218	0.884324213359383
3807	GEMIN2	ENSG00000092208	hsa-miR-137-3p	MIMAT0000429	0.884318989729602
3808	CARD8	ENSG00000105483	hsa-miR-4496	MIMAT0019031	0.884264086801398
3809	RAP1B	ENSG00000127314	hsa-miR-137-3p	MIMAT0000429	0.884151527595714
3810	OTUD7A	ENSG00000169918	hsa-miR-137-3p	MIMAT0000429	0.884124826215937
3811	LIN7A	ENSG00000111052	hsa-miR-1252-3p	MIMAT0026744	0.884057219232894
3812	SSTR2	ENSG00000180616	hsa-miR-4496	MIMAT0019031	0.884004697684736
3813	JAKMIP2	ENSG00000176049	hsa-miR-1252-3p	MIMAT0026744	0.883974483069227
3814	SMAD3	ENSG00000166949	hsa-miR-148a-5p	MIMAT0004549	0.883966309832169
3815	DLX5	ENSG00000105880	hsa-miR-6780a-3p	MIMAT0027461	0.883950946516202
3816	SLC38A2	ENSG00000134294	hsa-miR-148a-5p	MIMAT0004549	0.8839256140631
3817	TMCO4	ENSG00000162542	hsa-miR-137-3p	MIMAT0000429	0.883922749464182
3818	IL22RA2	ENSG00000164485	hsa-miR-1252-3p	MIMAT0026744	0.883910141418858
3819	ZBTB10	ENSG00000205189	hsa-miR-148a-5p	MIMAT0004549	0.883893061948121
3820	PHLDB1	ENSG00000019144	hsa-miR-7154-5p	MIMAT0028218	0.883884712393521
3821	SKA2	ENSG00000182628	hsa-miR-329-5p	MIMAT0026555	0.883880902654801
3822	ODF2L	ENSG00000122417	hsa-miR-148a-5p	MIMAT0004549	0.883862701961858
3823	USP42	ENSG00000106346	hsa-miR-148a-5p	MIMAT0004549	0.883862362514769
3824	PRRC2B	ENSG00000130723	hsa-miR-3618	MIMAT0017998	0.883861629879402
3825	SPOCK3	ENSG00000196104	hsa-miR-148a-5p	MIMAT0004549	0.883854338434978
3826	PGBD4	ENSG00000182405	hsa-miR-212-5p	MIMAT0022695	0.883835136296485
3827	HRK	ENSG00000135116	hsa-miR-380-3p	MIMAT0000735	0.883818385497115
3828	STRN	ENSG00000115808	hsa-miR-380-3p	MIMAT0000735	0.883794032393644
3829	PTBP3	ENSG00000119314	hsa-miR-4496	MIMAT0019031	0.883790071652986
3830	LUZP2	ENSG00000187398	hsa-miR-1252-3p	MIMAT0026744	0.883739264712589
3831	CHD9	ENSG00000177200	hsa-miR-329-5p	MIMAT0026555	0.883736723982832
3832	KBTBD7	ENSG00000120696	hsa-miR-4496	MIMAT0019031	0.883732610380062
3833	NIPAL1	ENSG00000163293	hsa-miR-1252-3p	MIMAT0026744	0.883720580047951
3834	TTL	ENSG00000114999	hsa-miR-6861-5p	MIMAT0027623	0.883713466793175
3835	SHH	ENSG00000164690	hsa-miR-5007-5p	MIMAT0021035	0.883707030209375
3836	CDK8	ENSG00000132964	hsa-miR-329-5p	MIMAT0026555	0.883705777656211
3837	ZNF189	ENSG00000136870	hsa-miR-329-5p	MIMAT0026555	0.883680461326948
3838	MIA3	ENSG00000154305	hsa-miR-7154-5p	MIMAT0028218	0.88367413806881
3839	CRIPT	ENSG00000119878	hsa-miR-4496	MIMAT0019031	0.883661842096013
3840	PTGS2	ENSG00000073756	hsa-miR-137-3p	MIMAT0000429	0.883628790653179
3841	ZNF26	ENSG00000198393	hsa-miR-1252-3p	MIMAT0026744	0.883628030296128
3842	ZNF483	ENSG00000173258	hsa-miR-148a-5p	MIMAT0004549	0.883622410848317
3843	NXF2B	ENSG00000269437	hsa-miR-4496	MIMAT0019031	0.883483542465118
3844	SCN2A	ENSG00000136531	hsa-miR-1252-3p	MIMAT0026744	0.883482323420527
3845	ACSL3	ENSG00000123983	hsa-miR-7154-5p	MIMAT0028218	0.88345962004779
3846	GPR1	ENSG00000183671	hsa-miR-137-3p	MIMAT0000429	0.883455314562928
3847	BCKDHB	ENSG00000083123	hsa-miR-380-3p	MIMAT0000735	0.88339854225177
3848	MTMR4	ENSG00000108389	hsa-miR-6780a-3p	MIMAT0027461	0.883398006541236
3849	TRERF1	ENSG00000124496	hsa-miR-329-5p	MIMAT0026555	0.883386982835367
3850	URB2	ENSG00000135763	hsa-miR-137-3p	MIMAT0000429	0.883320480055798
3851	TGFBR1	ENSG00000106799	hsa-miR-380-3p	MIMAT0000735	0.883302722493396
3852	ETF1	ENSG00000120705	hsa-miR-148a-5p	MIMAT0004549	0.883286745395675
3853	RTL5	ENSG00000242732	hsa-miR-6780a-3p	MIMAT0027461	0.883281576360027
3854	GPR139	ENSG00000180269	hsa-miR-5007-5p	MIMAT0021035	0.883275147918742
3855	UQCR11	ENSG00000127540	hsa-miR-542-3p	MIMAT0003389	0.883267553892901
3856	SLC24A3	ENSG00000185052	hsa-miR-137-3p	MIMAT0000429	0.883247619447816
3857	SOX17	ENSG00000164736	hsa-miR-542-3p	MIMAT0003389	0.883242264477636
3858	PDCD6IP	ENSG00000170248	hsa-miR-1252-3p	MIMAT0026744	0.883221771474356
3859	PRKAA2	ENSG00000162409	hsa-miR-1252-3p	MIMAT0026744	0.883221147736556
3860	USP30	ENSG00000135093	hsa-miR-212-5p	MIMAT0022695	0.883212130107613
3861	PARP9	ENSG00000138496	hsa-miR-4496	MIMAT0019031	0.883194325428878
3862	RAB7A	ENSG00000075785	hsa-miR-380-3p	MIMAT0000735	0.883129743263612
3863	KMT2A	ENSG00000118058	hsa-miR-148a-5p	MIMAT0004549	0.883100326608482
3864	GTDC1	ENSG00000121964	hsa-miR-380-3p	MIMAT0000735	0.883051580098624
3865	OR5AN1	ENSG00000176495	hsa-miR-6780a-3p	MIMAT0027461	0.883018868637106
3866	ANKRD66	ENSG00000230062	hsa-miR-1252-3p	MIMAT0026744	0.882995946320993
3867	CFAP298	ENSG00000159079	hsa-miR-148a-5p	MIMAT0004549	0.882982344324672
3868	SRSF10	ENSG00000188529	hsa-miR-148a-5p	MIMAT0004549	0.882980704052199
3869	G2E3	ENSG00000092140	hsa-miR-380-3p	MIMAT0000735	0.882971331107794
3870	ERCC4	ENSG00000175595	hsa-miR-4496	MIMAT0019031	0.882941982403837
3871	ATXN7	ENSG00000163635	hsa-miR-7154-5p	MIMAT0028218	0.882930450486857
3872	YWHAG	ENSG00000170027	hsa-miR-7154-5p	MIMAT0028218	0.882924180417823
3873	TTC19	ENSG00000011295	hsa-miR-7154-5p	MIMAT0028218	0.882922493933188
3874	ACSL6	ENSG00000164398	hsa-miR-7154-5p	MIMAT0028218	0.882920953354533
3875	DDI2	ENSG00000197312	hsa-miR-4496	MIMAT0019031	0.882899710804359
3876	CELF2	ENSG00000048740	hsa-miR-4496	MIMAT0019031	0.882896572006465
3877	EPB41	ENSG00000159023	hsa-miR-6780a-3p	MIMAT0027461	0.882867526351297
3878	MS4A2	ENSG00000149534	hsa-miR-137-3p	MIMAT0000429	0.882858531321919
3879	NRP1	ENSG00000099250	hsa-miR-1252-3p	MIMAT0026744	0.88274808984631
3880	C16orf72	ENSG00000182831	hsa-miR-148a-5p	MIMAT0004549	0.882733077870617
3881	EPS15	ENSG00000085832	hsa-miR-380-3p	MIMAT0000735	0.882708365974084
3882	ABI2	ENSG00000138443	hsa-miR-329-5p	MIMAT0026555	0.882705900725792
3883	ZFP30	ENSG00000120784	hsa-miR-148a-5p	MIMAT0004549	0.882683105500549
3884	MPV17L	ENSG00000156968	hsa-miR-1252-3p	MIMAT0026744	0.88262600040293
3885	EDNRB	ENSG00000136160	hsa-miR-380-3p	MIMAT0000735	0.882597099411752
3886	C3orf14	ENSG00000114405	hsa-miR-542-3p	MIMAT0003389	0.882578789466035
3887	CEP43	ENSG00000213066	hsa-miR-7154-5p	MIMAT0028218	0.882568605692243
3888	LANCL3	ENSG00000147036	hsa-miR-380-3p	MIMAT0000735	0.882560975001181
3889	GSTO2	ENSG00000065621	hsa-miR-4496	MIMAT0019031	0.88254964285278
3890	MCC	ENSG00000171444	hsa-miR-1252-3p	MIMAT0026744	0.882523710397649
3891	PLEKHG4B	ENSG00000153404	hsa-miR-6780a-3p	MIMAT0027461	0.882479012459782
3892	ATP2C1	ENSG00000017260	hsa-miR-148a-5p	MIMAT0004549	0.882465597977756
3893	GPC4	ENSG00000076716	hsa-miR-329-5p	MIMAT0026555	0.882401650333457
3894	DCBLD2	ENSG00000057019	hsa-miR-380-3p	MIMAT0000735	0.88233800029499
3895	WDR73	ENSG00000177082	hsa-miR-4496	MIMAT0019031	0.882329197314132
3896	PCDHB16	ENSG00000272674	hsa-miR-4496	MIMAT0019031	0.882288061973309
3897	PMFBP1	ENSG00000118557	hsa-miR-6780a-3p	MIMAT0027461	0.882278246770213
3898	HEMK1	ENSG00000114735	hsa-miR-4496	MIMAT0019031	0.882274981816778
3899	KIF11	ENSG00000138160	hsa-miR-148a-5p	MIMAT0004549	0.882262239302874
3900	ARNTL	ENSG00000133794	hsa-miR-4496	MIMAT0019031	0.8822609582582
3901	E2F3	ENSG00000112242	hsa-miR-4496	MIMAT0019031	0.882258017747235
3902	XPR1	ENSG00000143324	hsa-miR-1252-3p	MIMAT0026744	0.882246283175474
3903	HDAC9	ENSG00000048052	hsa-miR-380-3p	MIMAT0000735	0.88224617777694
3904	GFM1	ENSG00000168827	hsa-miR-3618	MIMAT0017998	0.882242964054428
3905	ACKR4	ENSG00000129048	hsa-miR-137-3p	MIMAT0000429	0.882206034315348
3906	PPP1CB	ENSG00000213639	hsa-miR-137-3p	MIMAT0000429	0.882205493996631
3907	VKORC1L1	ENSG00000196715	hsa-miR-148a-5p	MIMAT0004549	0.88219466786099
3908	NXF2	ENSG00000269405	hsa-miR-4496	MIMAT0019031	0.882155179582928
3909	VPS8	ENSG00000156931	hsa-miR-6780a-3p	MIMAT0027461	0.882154606143089
3910	GRIK3	ENSG00000163873	hsa-miR-212-5p	MIMAT0022695	0.882136222417483
3911	GUF1	ENSG00000151806	hsa-miR-4496	MIMAT0019031	0.882104182356876
3912	SMUG1	ENSG00000123415	hsa-miR-6780a-3p	MIMAT0027461	0.882102742475544
3913	FAM210B	ENSG00000124098	hsa-miR-380-3p	MIMAT0000735	0.882097649408842
3914	ZCCHC13	ENSG00000187969	hsa-miR-329-5p	MIMAT0026555	0.882087223449134
3915	SOX4	ENSG00000124766	hsa-miR-3618	MIMAT0017998	0.882012889284468
3916	SAP30	ENSG00000164105	hsa-miR-6780a-3p	MIMAT0027461	0.882000431165218
3917	TBC1D16	ENSG00000167291	hsa-miR-6780a-3p	MIMAT0027461	0.881982147422688
3918	ZHX2	ENSG00000178764	hsa-miR-1252-3p	MIMAT0026744	0.881900706921802
3919	NPAS3	ENSG00000151322	hsa-miR-1252-3p	MIMAT0026744	0.881898868750785
3920	GPR146	ENSG00000164849	hsa-miR-4496	MIMAT0019031	0.88188178406116
3921	ZNF577	ENSG00000161551	hsa-miR-329-5p	MIMAT0026555	0.881850953110235
3922	ZADH2	ENSG00000180011	hsa-miR-1252-3p	MIMAT0026744	0.881749996361765
3923	STX7	ENSG00000079950	hsa-miR-148a-5p	MIMAT0004549	0.881748196915139
3924	CFL2	ENSG00000165410	hsa-miR-137-3p	MIMAT0000429	0.881724346851725
3925	ST8SIA1	ENSG00000111728	hsa-miR-4496	MIMAT0019031	0.881723308354014
3926	IGFBP5	ENSG00000115461	hsa-miR-137-3p	MIMAT0000429	0.881705976641899
3927	MSH6	ENSG00000116062	hsa-miR-329-5p	MIMAT0026555	0.881658692952028
3928	PHEX	ENSG00000102174	hsa-miR-380-3p	MIMAT0000735	0.881604704396635
3929	FLRT2	ENSG00000185070	hsa-miR-212-5p	MIMAT0022695	0.881576008290504
3930	UNG	ENSG00000076248	hsa-miR-3618	MIMAT0017998	0.881566932167341
3931	AFAP1	ENSG00000196526	hsa-miR-7154-5p	MIMAT0028218	0.881558418518627
3932	ATG14	ENSG00000126775	hsa-miR-137-3p	MIMAT0000429	0.881521147662125
3933	NDFIP1	ENSG00000131507	hsa-miR-1252-3p	MIMAT0026744	0.881519980351399
3934	ZNF365	ENSG00000138311	hsa-miR-212-5p	MIMAT0022695	0.881498773807978
3935	FBN2	ENSG00000138829	hsa-miR-4496	MIMAT0019031	0.881496302642236
3936	ICA1L	ENSG00000163596	hsa-miR-1252-3p	MIMAT0026744	0.881467213656797
3937	TMEM115	ENSG00000126062	hsa-miR-212-5p	MIMAT0022695	0.881452955884324
3938	CALD1	ENSG00000122786	hsa-miR-137-3p	MIMAT0000429	0.881440731251803
3939	NRXN1	ENSG00000179915	hsa-miR-137-3p	MIMAT0000429	0.88143081827053
3940	OR1I1	ENSG00000094661	hsa-miR-212-5p	MIMAT0022695	0.881426809850423
3941	LMOD2	ENSG00000170807	hsa-miR-380-3p	MIMAT0000735	0.881416797596111
3942	GABPB1	ENSG00000104064	hsa-miR-380-3p	MIMAT0000735	0.881388329337978
3943	LRRC27	ENSG00000148814	hsa-miR-4496	MIMAT0019031	0.881359256941001
3944	PEX5L	ENSG00000114757	hsa-miR-148a-5p	MIMAT0004549	0.881339954238843
3945	TNRC6B	ENSG00000100354	hsa-miR-4496	MIMAT0019031	0.88130494231444
3946	THUMPD3	ENSG00000134077	hsa-miR-380-3p	MIMAT0000735	0.881297204134595
3947	SLC6A11	ENSG00000132164	hsa-miR-4496	MIMAT0019031	0.881287946180569
3948	SNX2	ENSG00000205302	hsa-miR-148a-5p	MIMAT0004549	0.881270673322945
3949	NEB	ENSG00000183091	hsa-miR-137-3p	MIMAT0000429	0.881248664822463
3950	PTBP3	ENSG00000119314	hsa-miR-1252-3p	MIMAT0026744	0.881238319584168
3951	KRT72	ENSG00000170486	hsa-miR-137-3p	MIMAT0000429	0.881180799548566
3952	PRPF19	ENSG00000110107	hsa-miR-212-5p	MIMAT0022695	0.881160517120569
3953	CAV2	ENSG00000105971	hsa-miR-7154-5p	MIMAT0028218	0.881152088050358
3954	UBE2QL1	ENSG00000215218	hsa-miR-7154-5p	MIMAT0028218	0.881142784821775
3955	SPRED2	ENSG00000198369	hsa-miR-4496	MIMAT0019031	0.881142633788521
3956	HINFP	ENSG00000172273	hsa-miR-212-5p	MIMAT0022695	0.881131523121945
3957	AP002990.1	ENSG00000255508	hsa-miR-6780a-3p	MIMAT0027461	0.881123191731591
3958	TIA1	ENSG00000116001	hsa-miR-7154-5p	MIMAT0028218	0.881081062546483
3959	SMARCAD1	ENSG00000163104	hsa-miR-1252-3p	MIMAT0026744	0.881056265129521
3960	KCNQ3	ENSG00000184156	hsa-miR-148a-5p	MIMAT0004549	0.881054347055736
3961	ZBTB41	ENSG00000177888	hsa-miR-4496	MIMAT0019031	0.881053638609806
3962	FBXO28	ENSG00000143756	hsa-miR-6780a-3p	MIMAT0027461	0.880976342475309
3963	SCML2	ENSG00000102098	hsa-miR-3618	MIMAT0017998	0.880963996832381
3964	SPTBN4	ENSG00000160460	hsa-miR-137-3p	MIMAT0000429	0.88095708202828
3965	EPHA4	ENSG00000116106	hsa-miR-137-3p	MIMAT0000429	0.880940809629532
3966	HECW2	ENSG00000138411	hsa-miR-3618	MIMAT0017998	0.880933063347256
3967	MCTP2	ENSG00000140563	hsa-miR-6780a-3p	MIMAT0027461	0.880923535053185
3968	MAPK8	ENSG00000107643	hsa-miR-329-5p	MIMAT0026555	0.880898701496875
3969	FAM83F	ENSG00000133477	hsa-miR-1252-3p	MIMAT0026744	0.880815875998799
3970	CEP78	ENSG00000148019	hsa-miR-1252-3p	MIMAT0026744	0.880753312659291
3971	LIPG	ENSG00000101670	hsa-miR-1252-3p	MIMAT0026744	0.880744586427403
3972	GRPEL2	ENSG00000164284	hsa-miR-1252-3p	MIMAT0026744	0.88073274859125
3973	ZNF207	ENSG00000010244	hsa-miR-1252-3p	MIMAT0026744	0.880727984144364
3974	CHEK2	ENSG00000183765	hsa-miR-7154-5p	MIMAT0028218	0.88068991000957
3975	KCTD9	ENSG00000104756	hsa-miR-1252-3p	MIMAT0026744	0.88067715018838
3976	ZNF197	ENSG00000186448	hsa-miR-4496	MIMAT0019031	0.88067067697791
3977	OPN3	ENSG00000054277	hsa-miR-3618	MIMAT0017998	0.880642870587736
3978	UNC5B	ENSG00000107731	hsa-miR-4496	MIMAT0019031	0.880634689256884
3979	OSER1	ENSG00000132823	hsa-miR-212-5p	MIMAT0022695	0.880619540667806
3980	NCEH1	ENSG00000144959	hsa-miR-4496	MIMAT0019031	0.880608608843765
3981	SLITRK2	ENSG00000185985	hsa-miR-4496	MIMAT0019031	0.880594728097431
3982	SEPTIN11	ENSG00000138758	hsa-miR-148a-5p	MIMAT0004549	0.880589651853369
3983	CNKSR3	ENSG00000153721	hsa-miR-1252-3p	MIMAT0026744	0.880529267176096
3984	NBPF15	ENSG00000266338	hsa-miR-1252-3p	MIMAT0026744	0.880481651612448
3985	PLEKHA1	ENSG00000107679	hsa-miR-4496	MIMAT0019031	0.880474114041975
3986	NUAK1	ENSG00000074590	hsa-miR-1252-3p	MIMAT0026744	0.880472783358154
3987	ZDHHC9	ENSG00000188706	hsa-miR-4496	MIMAT0019031	0.880455258776438
3988	HMCN1	ENSG00000143341	hsa-miR-5007-5p	MIMAT0021035	0.880415179223047
3989	ZNF281	ENSG00000162702	hsa-miR-148a-5p	MIMAT0004549	0.880402229979328
3990	LACTB	ENSG00000103642	hsa-miR-542-3p	MIMAT0003389	0.880381838313484
3991	RBM6	ENSG00000004534	hsa-miR-6780a-3p	MIMAT0027461	0.880330202270863
3992	RETREG2	ENSG00000144567	hsa-miR-4496	MIMAT0019031	0.880301130942297
3993	AC022384.1	ENSG00000272410	hsa-miR-1252-3p	MIMAT0026744	0.880244651991673
3994	PTPN14	ENSG00000152104	hsa-miR-1252-3p	MIMAT0026744	0.880179589381537
3995	KLF14	ENSG00000266265	hsa-miR-4496	MIMAT0019031	0.88013681553251
3996	RBM7	ENSG00000076053	hsa-miR-380-3p	MIMAT0000735	0.880133600046112
3997	PIK3CA	ENSG00000121879	hsa-miR-542-3p	MIMAT0003389	0.880121961159996
3998	DAZL	ENSG00000092345	hsa-miR-1288-5p	MIMAT0026743	0.880120252400387
3999	GATAD2A	ENSG00000167491	hsa-miR-5007-5p	MIMAT0021035	0.880117817053694
4000	RASA2	ENSG00000155903	hsa-miR-1252-3p	MIMAT0026744	0.880108421457034
4001	SDC2	ENSG00000169439	hsa-miR-148a-5p	MIMAT0004549	0.880105326031218
4002	STK24	ENSG00000102572	hsa-miR-1252-3p	MIMAT0026744	0.880083606146173
4003	HHIP	ENSG00000164161	hsa-miR-380-3p	MIMAT0000735	0.880018697718507
4004	TSPAN2	ENSG00000134198	hsa-miR-4496	MIMAT0019031	0.879997640712042
4005	GOLGA3	ENSG00000090615	hsa-miR-212-5p	MIMAT0022695	0.879961641108108
4006	VAT1	ENSG00000108828	hsa-miR-212-5p	MIMAT0022695	0.87988699313731
4007	YAF2	ENSG00000015153	hsa-miR-1252-3p	MIMAT0026744	0.879884849714797
4008	AP3B1	ENSG00000132842	hsa-miR-7154-5p	MIMAT0028218	0.879842606410185
4009	GDAP1	ENSG00000104381	hsa-miR-542-3p	MIMAT0003389	0.879827948322007
4010	SPOPL	ENSG00000144228	hsa-miR-1252-3p	MIMAT0026744	0.879817858287751
4011	USP3	ENSG00000140455	hsa-miR-148a-5p	MIMAT0004549	0.879805654558812
4012	CDK6	ENSG00000105810	hsa-miR-4496	MIMAT0019031	0.879787486490214
4013	SNX27	ENSG00000143376	hsa-miR-137-3p	MIMAT0000429	0.879778335823978
4014	ATL2	ENSG00000119787	hsa-miR-380-3p	MIMAT0000735	0.879701600320453
4015	ERCC5	ENSG00000134899	hsa-miR-6780a-3p	MIMAT0027461	0.879694743913803
4016	ATP10D	ENSG00000145246	hsa-miR-148a-5p	MIMAT0004549	0.879680987847922
4017	RUFY3	ENSG00000018189	hsa-miR-1252-3p	MIMAT0026744	0.879680353411071
4018	KHDC4	ENSG00000132680	hsa-miR-1252-3p	MIMAT0026744	0.879678810161028
4019	CFAP61	ENSG00000089101	hsa-miR-137-3p	MIMAT0000429	0.879610713486502
4020	TP53RK	ENSG00000172315	hsa-miR-4496	MIMAT0019031	0.879580814932327
4021	GJB2	ENSG00000165474	hsa-miR-6780a-3p	MIMAT0027461	0.879540608461091
4022	GCH1	ENSG00000131979	hsa-miR-4496	MIMAT0019031	0.87953943298809
4023	FAT4	ENSG00000196159	hsa-miR-1252-3p	MIMAT0026744	0.879514960478363
4024	HS3ST4	ENSG00000182601	hsa-miR-6780a-3p	MIMAT0027461	0.879505745312859
4025	BRWD1	ENSG00000185658	hsa-miR-380-3p	MIMAT0000735	0.87950160307972
4026	LRRC72	ENSG00000205858	hsa-miR-380-3p	MIMAT0000735	0.879493473932396
4027	SMPX	ENSG00000091482	hsa-miR-5007-5p	MIMAT0021035	0.879439714989369
4028	CD84	ENSG00000066294	hsa-miR-1252-3p	MIMAT0026744	0.879412629162269
4029	ZNF717	ENSG00000227124	hsa-miR-329-5p	MIMAT0026555	0.879399583311646
4030	NNT	ENSG00000112992	hsa-miR-1252-3p	MIMAT0026744	0.879389668942594
4031	S100Z	ENSG00000171643	hsa-miR-6861-5p	MIMAT0027623	0.879361112648812
4032	ZNF594	ENSG00000180626	hsa-miR-329-5p	MIMAT0026555	0.879348482701382
4033	TOMM20	ENSG00000173726	hsa-miR-148a-5p	MIMAT0004549	0.879323316462466
4034	SP3	ENSG00000172845	hsa-miR-380-3p	MIMAT0000735	0.879286672118024
4035	HBS1L	ENSG00000112339	hsa-miR-542-3p	MIMAT0003389	0.879260884228512
4036	LMOD2	ENSG00000170807	hsa-miR-7154-5p	MIMAT0028218	0.87925352119559
4037	CANX	ENSG00000127022	hsa-miR-148a-5p	MIMAT0004549	0.879209237259453
4038	ENTPD1	ENSG00000138185	hsa-miR-7154-5p	MIMAT0028218	0.879111898200014
4039	GNAI3	ENSG00000065135	hsa-miR-1252-3p	MIMAT0026744	0.879108248626594
4040	SPTSSA	ENSG00000165389	hsa-miR-5007-5p	MIMAT0021035	0.879101791680942
4041	IQCJ	ENSG00000214216	hsa-miR-148a-5p	MIMAT0004549	0.879096359741006
4042	ODF2L	ENSG00000122417	hsa-miR-329-5p	MIMAT0026555	0.879042507575302
4043	STEAP4	ENSG00000127954	hsa-miR-4496	MIMAT0019031	0.879029000963678
4044	PARD3	ENSG00000148498	hsa-miR-137-3p	MIMAT0000429	0.879017100636001
4045	DSE	ENSG00000111817	hsa-miR-137-3p	MIMAT0000429	0.879008123752045
4046	DTD2	ENSG00000129480	hsa-miR-7154-5p	MIMAT0028218	0.878970902464572
4047	SOAT1	ENSG00000057252	hsa-miR-380-3p	MIMAT0000735	0.878958134156658
4048	MACROD2	ENSG00000172264	hsa-miR-1252-3p	MIMAT0026744	0.878945897064988
4049	TFEC	ENSG00000105967	hsa-miR-542-3p	MIMAT0003389	0.878935941791577
4050	SIK1B	ENSG00000275993	hsa-miR-148a-5p	MIMAT0004549	0.878910393214834
4051	KAT6B	ENSG00000156650	hsa-miR-1288-5p	MIMAT0026743	0.878908911975386
4052	PURB	ENSG00000146676	hsa-miR-4496	MIMAT0019031	0.878898072821574
4053	ZNF800	ENSG00000048405	hsa-miR-380-3p	MIMAT0000735	0.878888164519994
4054	HMGXB4	ENSG00000100281	hsa-miR-6780a-3p	MIMAT0027461	0.87887271854135
4055	CLTB	ENSG00000175416	hsa-miR-6780a-3p	MIMAT0027461	0.878869983188304
4056	KBTBD3	ENSG00000182359	hsa-miR-7154-5p	MIMAT0028218	0.87886980438696
4057	CHIC1	ENSG00000204116	hsa-miR-148a-5p	MIMAT0004549	0.87886821773697
4058	MFSD4B	ENSG00000173214	hsa-miR-380-3p	MIMAT0000735	0.878855747823239
4059	LHX1	ENSG00000273706	hsa-miR-329-5p	MIMAT0026555	0.878840068922012
4060	RUBCNL	ENSG00000102445	hsa-miR-4496	MIMAT0019031	0.878829395722097
4061	ABHD13	ENSG00000139826	hsa-miR-1252-3p	MIMAT0026744	0.878817162231887
4062	XK	ENSG00000047597	hsa-miR-1252-3p	MIMAT0026744	0.878803635112909
4063	KDM5B	ENSG00000117139	hsa-miR-137-3p	MIMAT0000429	0.878751528819862
4064	KPNA5	ENSG00000196911	hsa-miR-7154-5p	MIMAT0028218	0.878696304897648
4065	COPS2	ENSG00000166200	hsa-miR-542-3p	MIMAT0003389	0.878672956195722
4066	ZNF618	ENSG00000157657	hsa-miR-212-5p	MIMAT0022695	0.878662769563744
4067	TF	ENSG00000091513	hsa-miR-1252-3p	MIMAT0026744	0.878645404158083
4068	CHM	ENSG00000188419	hsa-miR-6780a-3p	MIMAT0027461	0.878623579216859
4069	ARNT2	ENSG00000172379	hsa-miR-4496	MIMAT0019031	0.878583201643499
4070	DPYSL2	ENSG00000092964	hsa-miR-7154-5p	MIMAT0028218	0.878562554214734
4071	LUZP2	ENSG00000187398	hsa-miR-148a-5p	MIMAT0004549	0.878547992659404
4072	CAPRIN2	ENSG00000110888	hsa-miR-6780a-3p	MIMAT0027461	0.878546698045652
4073	METTL4	ENSG00000101574	hsa-miR-4496	MIMAT0019031	0.87850436298387
4074	MACO1	ENSG00000204178	hsa-miR-148a-5p	MIMAT0004549	0.878500568404056
4075	ASXL1	ENSG00000171456	hsa-miR-542-3p	MIMAT0003389	0.878493195233818
4076	ESPL1	ENSG00000135476	hsa-miR-6780a-3p	MIMAT0027461	0.878484081835713
4077	WWC2	ENSG00000151718	hsa-miR-148a-5p	MIMAT0004549	0.878464863326703
4078	TCF12	ENSG00000140262	hsa-miR-137-3p	MIMAT0000429	0.878447065565609
4079	NBL1	ENSG00000158747	hsa-miR-7154-5p	MIMAT0028218	0.878434792539914
4080	IFNGR1	ENSG00000027697	hsa-miR-7154-5p	MIMAT0028218	0.878432932330578
4081	JPH2	ENSG00000149596	hsa-miR-6780a-3p	MIMAT0027461	0.878427005378064
4082	GPR158	ENSG00000151025	hsa-miR-1252-3p	MIMAT0026744	0.878420107709337
4083	RAB27A	ENSG00000069974	hsa-miR-380-3p	MIMAT0000735	0.878387579011149
4084	TMPO	ENSG00000120802	hsa-miR-3618	MIMAT0017998	0.878366454327843
4085	GNAQ	ENSG00000156052	hsa-miR-329-5p	MIMAT0026555	0.878333105757
4086	ESRRG	ENSG00000196482	hsa-miR-4496	MIMAT0019031	0.878332110568817
4087	VWA3B	ENSG00000168658	hsa-miR-4496	MIMAT0019031	0.878330499085694
4088	CHD9	ENSG00000177200	hsa-miR-148a-5p	MIMAT0004549	0.878291781017078
4089	PPFIBP1	ENSG00000110841	hsa-miR-148a-5p	MIMAT0004549	0.878275830375113
4090	ZSCAN12	ENSG00000158691	hsa-miR-148a-5p	MIMAT0004549	0.878239558245133
4091	NUCB2	ENSG00000070081	hsa-miR-6780a-3p	MIMAT0027461	0.878228999565809
4092	HECW1	ENSG00000002746	hsa-miR-380-3p	MIMAT0000735	0.878212262087571
4093	DHCR7	ENSG00000172893	hsa-miR-4496	MIMAT0019031	0.878165145277672
4094	MIER1	ENSG00000198160	hsa-miR-148a-5p	MIMAT0004549	0.878164004436821
4095	NETO2	ENSG00000171208	hsa-miR-1252-3p	MIMAT0026744	0.878145263526674
4096	KLHL24	ENSG00000114796	hsa-miR-4496	MIMAT0019031	0.878140777222119
4097	BCAT1	ENSG00000060982	hsa-miR-1252-3p	MIMAT0026744	0.878139075152861
4098	MGAT3	ENSG00000128268	hsa-miR-1252-3p	MIMAT0026744	0.878137301961637
4099	MMD2	ENSG00000136297	hsa-miR-6780a-3p	MIMAT0027461	0.878101883800533
4100	USP9X	ENSG00000124486	hsa-miR-148a-5p	MIMAT0004549	0.878093799244345
4101	FRMD5	ENSG00000171877	hsa-miR-4496	MIMAT0019031	0.878053743532763
4102	TMEM87A	ENSG00000103978	hsa-miR-1252-3p	MIMAT0026744	0.878052356563807
4103	QKI	ENSG00000112531	hsa-miR-542-3p	MIMAT0003389	0.878045305745539
4104	DOCK9	ENSG00000088387	hsa-miR-3618	MIMAT0017998	0.87800264772138
4105	ZBTB21	ENSG00000173276	hsa-miR-542-3p	MIMAT0003389	0.877968322721853
4106	SLC8A1	ENSG00000183023	hsa-miR-148a-5p	MIMAT0004549	0.877920175893172
4107	NCOR1	ENSG00000141027	hsa-miR-4496	MIMAT0019031	0.87791627926236
4108	LRP1B	ENSG00000168702	hsa-miR-148a-5p	MIMAT0004549	0.877914564006679
4109	ZNF432	ENSG00000256087	hsa-miR-380-3p	MIMAT0000735	0.877894636021945
4110	BEST1	ENSG00000167995	hsa-miR-542-3p	MIMAT0003389	0.877822920688949
4111	GAB1	ENSG00000109458	hsa-miR-542-3p	MIMAT0003389	0.877822211208873
4112	NEMP2	ENSG00000189362	hsa-miR-7154-5p	MIMAT0028218	0.877796650579369
4113	CELSR2	ENSG00000143126	hsa-miR-6780a-3p	MIMAT0027461	0.877742804786065
4114	GPATCH2L	ENSG00000089916	hsa-miR-1252-3p	MIMAT0026744	0.877739341345965
4115	CASP9	ENSG00000132906	hsa-miR-4496	MIMAT0019031	0.877717319514444
4116	CSRNP3	ENSG00000178662	hsa-miR-4496	MIMAT0019031	0.877704275398035
4117	ITGA1	ENSG00000213949	hsa-miR-380-3p	MIMAT0000735	0.877694262838775
4118	UBXN2A	ENSG00000173960	hsa-miR-6861-5p	MIMAT0027623	0.87765083344183
4119	CHPT1	ENSG00000111666	hsa-miR-7154-5p	MIMAT0028218	0.877616717693073
4120	EVI5	ENSG00000067208	hsa-miR-1252-3p	MIMAT0026744	0.877608046681814
4121	TMEM154	ENSG00000170006	hsa-miR-148a-5p	MIMAT0004549	0.877606219519491
4122	ADAM22	ENSG00000008277	hsa-miR-6780a-3p	MIMAT0027461	0.877595176270075
4123	VWC2	ENSG00000188730	hsa-miR-4496	MIMAT0019031	0.877527951468326
4124	CCDC43	ENSG00000180329	hsa-miR-542-3p	MIMAT0003389	0.877503531753125
4125	CDH6	ENSG00000113361	hsa-miR-329-5p	MIMAT0026555	0.877498490328528
4126	NECAP1	ENSG00000089818	hsa-miR-137-3p	MIMAT0000429	0.877494130012617
4127	HNRNPU	ENSG00000153187	hsa-miR-6780a-3p	MIMAT0027461	0.877422006524974
4128	MN1	ENSG00000169184	hsa-miR-7154-5p	MIMAT0028218	0.87742099896867
4129	FKBP1A	ENSG00000088832	hsa-miR-4496	MIMAT0019031	0.87737664583454
4130	FAM162A	ENSG00000114023	hsa-miR-1252-3p	MIMAT0026744	0.877364102021234
4131	ZNF215	ENSG00000149054	hsa-miR-7154-5p	MIMAT0028218	0.877351088402755
4132	UBE2F-SCLY	ENSG00000258984	hsa-miR-212-5p	MIMAT0022695	0.877337371365056
4133	UBXN7	ENSG00000163960	hsa-miR-329-5p	MIMAT0026555	0.877315957719813
4134	TEAD1	ENSG00000187079	hsa-miR-3618	MIMAT0017998	0.877247667145482
4135	MS4A6E	ENSG00000166926	hsa-miR-4496	MIMAT0019031	0.877207773416494
4136	DYM	ENSG00000141627	hsa-miR-380-3p	MIMAT0000735	0.877194453506165
4137	VPS50	ENSG00000004766	hsa-miR-4496	MIMAT0019031	0.877182121128684
4138	ACTR3	ENSG00000115091	hsa-miR-1252-3p	MIMAT0026744	0.877101708562581
4139	SLC1A7	ENSG00000162383	hsa-miR-148a-5p	MIMAT0004549	0.877096630272479
4140	PRXL2A	ENSG00000122378	hsa-miR-329-5p	MIMAT0026555	0.877085184142536
4141	NPHP3-ACAD11	ENSG00000274810	hsa-miR-3618	MIMAT0017998	0.877082921973758
4142	KCNMA1	ENSG00000156113	hsa-miR-1288-5p	MIMAT0026743	0.87706982646241
4143	ZFHX3	ENSG00000140836	hsa-miR-148a-5p	MIMAT0004549	0.877027337076198
4144	NPAS3	ENSG00000151322	hsa-miR-542-3p	MIMAT0003389	0.877020684433597
4145	DCN	ENSG00000011465	hsa-miR-137-3p	MIMAT0000429	0.877016939826931
4146	NTRK3	ENSG00000140538	hsa-miR-542-3p	MIMAT0003389	0.876979888249804
4147	NCKAP1	ENSG00000061676	hsa-miR-4496	MIMAT0019031	0.876952325253987
4148	ARGLU1	ENSG00000134884	hsa-miR-7154-5p	MIMAT0028218	0.876937804769661
4149	ETS1	ENSG00000134954	hsa-miR-1252-3p	MIMAT0026744	0.876894458987633
4150	CUL3	ENSG00000036257	hsa-miR-1252-3p	MIMAT0026744	0.876889869608231
4151	UGGT1	ENSG00000136731	hsa-miR-1288-5p	MIMAT0026743	0.876854502640515
4152	TF	ENSG00000091513	hsa-miR-380-3p	MIMAT0000735	0.876660025361328
4153	TMEFF2	ENSG00000144339	hsa-miR-212-5p	MIMAT0022695	0.876632181112087
4154	SRSF10	ENSG00000188529	hsa-miR-4496	MIMAT0019031	0.876631269850789
4155	BRWD3	ENSG00000165288	hsa-miR-148a-5p	MIMAT0004549	0.876628621313749
4156	PANK3	ENSG00000120137	hsa-miR-148a-5p	MIMAT0004549	0.876606975802061
4157	CCDC80	ENSG00000091986	hsa-miR-7154-5p	MIMAT0028218	0.876584603834713
4158	CIP2A	ENSG00000163507	hsa-miR-1252-3p	MIMAT0026744	0.876578371346577
4159	NKAIN3	ENSG00000185942	hsa-miR-380-3p	MIMAT0000735	0.876520865708879
4160	PHC3	ENSG00000173889	hsa-miR-1252-3p	MIMAT0026744	0.87650997914368
4161	MED13	ENSG00000108510	hsa-miR-5007-5p	MIMAT0021035	0.876488593751704
4162	TMX1	ENSG00000139921	hsa-miR-1252-3p	MIMAT0026744	0.876488106163374
4163	NRP1	ENSG00000099250	hsa-miR-212-5p	MIMAT0022695	0.876483531802217
4164	GABPB2	ENSG00000143458	hsa-miR-1252-3p	MIMAT0026744	0.876445387285187
4165	ZNF652	ENSG00000198740	hsa-miR-4496	MIMAT0019031	0.876432812669428
4166	CDK13	ENSG00000065883	hsa-miR-329-5p	MIMAT0026555	0.876391236914299
4167	ZNF239	ENSG00000196793	hsa-miR-6861-5p	MIMAT0027623	0.876362929003297
4168	SEPTIN8	ENSG00000164402	hsa-miR-1252-3p	MIMAT0026744	0.876343305240644
4169	DNAJC15	ENSG00000120675	hsa-miR-1252-3p	MIMAT0026744	0.876336529220815
4170	TSPAN2	ENSG00000134198	hsa-miR-1252-3p	MIMAT0026744	0.876333267776546
4171	C6orf132	ENSG00000188112	hsa-miR-6780a-3p	MIMAT0027461	0.876268563026458
4172	ZNF181	ENSG00000197841	hsa-miR-1252-3p	MIMAT0026744	0.8762539309827
4173	SLK	ENSG00000065613	hsa-miR-7154-5p	MIMAT0028218	0.876185302982864
4174	TMEM127	ENSG00000135956	hsa-miR-4496	MIMAT0019031	0.876184754416779
4175	ACSS3	ENSG00000111058	hsa-miR-329-5p	MIMAT0026555	0.87617743292437
4176	IL12RB2	ENSG00000081985	hsa-miR-4496	MIMAT0019031	0.876160803839587
4177	EPB41L4B	ENSG00000095203	hsa-miR-1252-3p	MIMAT0026744	0.876085298693128
4178	ZNF503	ENSG00000165655	hsa-miR-329-5p	MIMAT0026555	0.876057321781828
4179	PCGF5	ENSG00000180628	hsa-miR-3618	MIMAT0017998	0.876019030365042
4180	PCYOX1	ENSG00000116005	hsa-miR-148a-5p	MIMAT0004549	0.876013268406274
4181	PEX2	ENSG00000164751	hsa-miR-1252-3p	MIMAT0026744	0.875981578297784
4182	TNPO1	ENSG00000083312	hsa-miR-4496	MIMAT0019031	0.875955756888579
4183	GCA	ENSG00000115271	hsa-miR-1252-3p	MIMAT0026744	0.875943468510605
4184	PCDH19	ENSG00000165194	hsa-miR-1288-5p	MIMAT0026743	0.875818679844101
4185	H3-3B	ENSG00000132475	hsa-miR-137-3p	MIMAT0000429	0.875813377600592
4186	BRAF	ENSG00000157764	hsa-miR-4496	MIMAT0019031	0.875716440394583
4187	ZNF292	ENSG00000188994	hsa-miR-4496	MIMAT0019031	0.87570894264926
4188	GABRA4	ENSG00000109158	hsa-miR-1252-3p	MIMAT0026744	0.875690751794779
4189	PPP2R2C	ENSG00000074211	hsa-miR-542-3p	MIMAT0003389	0.875682580640046
4190	ZNF197	ENSG00000186448	hsa-miR-6780a-3p	MIMAT0027461	0.875673821503566
4191	MAN2A1	ENSG00000112893	hsa-miR-137-3p	MIMAT0000429	0.875589576282638
4192	AJAP1	ENSG00000196581	hsa-miR-329-5p	MIMAT0026555	0.875567907641794
4193	ZNF562	ENSG00000171466	hsa-miR-4496	MIMAT0019031	0.875529276859991
4194	ADAT2	ENSG00000189007	hsa-miR-1252-3p	MIMAT0026744	0.875506413012229
4195	GPR180	ENSG00000152749	hsa-miR-1252-3p	MIMAT0026744	0.875490344678595
4196	ZNF33A	ENSG00000189180	hsa-miR-148a-5p	MIMAT0004549	0.875444179928009
4197	ZNF468	ENSG00000204604	hsa-miR-7154-5p	MIMAT0028218	0.875424004687466
4198	DEPDC1	ENSG00000024526	hsa-miR-148a-5p	MIMAT0004549	0.875369913928434
4199	SCYL2	ENSG00000136021	hsa-miR-1252-3p	MIMAT0026744	0.875366567783466
4200	GBP1	ENSG00000117228	hsa-miR-3618	MIMAT0017998	0.875351039729199
4201	GAS2L3	ENSG00000139354	hsa-miR-148a-5p	MIMAT0004549	0.875346667062221
4202	RALGAPA1	ENSG00000174373	hsa-miR-6861-5p	MIMAT0027623	0.875333747482385
4203	PGK1	ENSG00000102144	hsa-miR-5007-5p	MIMAT0021035	0.875302307726831
4204	WIZ	ENSG00000011451	hsa-miR-329-5p	MIMAT0026555	0.875236956534877
4205	SUFU	ENSG00000107882	hsa-miR-4496	MIMAT0019031	0.875201359384301
4206	SLMAP	ENSG00000163681	hsa-miR-5007-5p	MIMAT0021035	0.875187178057309
4207	GLIS3	ENSG00000107249	hsa-miR-380-3p	MIMAT0000735	0.87517066140675
4208	FIG4	ENSG00000112367	hsa-miR-1252-3p	MIMAT0026744	0.875150133768123
4209	SH3TC2	ENSG00000169247	hsa-miR-148a-5p	MIMAT0004549	0.875144561680797
4210	THY1	ENSG00000154096	hsa-miR-4496	MIMAT0019031	0.875131193675894
4211	NHLRC2	ENSG00000196865	hsa-miR-137-3p	MIMAT0000429	0.87512689538321
4212	UBQLN2	ENSG00000188021	hsa-miR-4496	MIMAT0019031	0.875107795936581
4213	OSGEP	ENSG00000092094	hsa-miR-137-3p	MIMAT0000429	0.875100565809329
4214	SMIM15	ENSG00000188725	hsa-miR-1252-3p	MIMAT0026744	0.875097129966688
4215	UBE2G1	ENSG00000132388	hsa-miR-148a-5p	MIMAT0004549	0.875086379307746
4216	CNDP1	ENSG00000150656	hsa-miR-1252-3p	MIMAT0026744	0.875078450071509
4217	KCNJ6	ENSG00000157542	hsa-miR-148a-5p	MIMAT0004549	0.875049444880259
4218	ERVMER34-1	ENSG00000226887	hsa-miR-1288-5p	MIMAT0026743	0.875031774551862
4219	NLRP2B	ENSG00000215174	hsa-miR-329-5p	MIMAT0026555	0.8750296171359
4220	SNTB2	ENSG00000168807	hsa-miR-1252-3p	MIMAT0026744	0.875019651470748
4221	CLUH	ENSG00000132361	hsa-miR-148a-5p	MIMAT0004549	0.875007657862839
4222	TMEFF2	ENSG00000144339	hsa-miR-4496	MIMAT0019031	0.875006328165626
4223	FSD1L	ENSG00000106701	hsa-miR-380-3p	MIMAT0000735	0.874996947967091
4224	SPC25	ENSG00000152253	hsa-miR-380-3p	MIMAT0000735	0.874975705365864
4225	PGRMC1	ENSG00000101856	hsa-miR-1252-3p	MIMAT0026744	0.874950434721836
4226	UVSSA	ENSG00000163945	hsa-miR-4496	MIMAT0019031	0.874939880342445
4227	ABI2	ENSG00000138443	hsa-miR-4496	MIMAT0019031	0.874931399116972
4228	TOR1AIP1	ENSG00000143337	hsa-miR-4496	MIMAT0019031	0.874929916897799
4229	MTMR2	ENSG00000087053	hsa-miR-4496	MIMAT0019031	0.874928269228769
4230	SCML2	ENSG00000102098	hsa-miR-148a-5p	MIMAT0004549	0.874910857109484
4231	DYRK3	ENSG00000143479	hsa-miR-4496	MIMAT0019031	0.874903007166128
4232	TIFA	ENSG00000145365	hsa-miR-5007-5p	MIMAT0021035	0.874899066513943
4233	STX7	ENSG00000079950	hsa-miR-4496	MIMAT0019031	0.874873441990123
4234	N4BP2L1	ENSG00000139597	hsa-miR-4496	MIMAT0019031	0.874869601361863
4235	FKBP1C	ENSG00000198225	hsa-miR-4496	MIMAT0019031	0.874843978453465
4236	ARHGAP40	ENSG00000124143	hsa-miR-6780a-3p	MIMAT0027461	0.874787527305778
4237	GABRG2	ENSG00000113327	hsa-miR-137-3p	MIMAT0000429	0.874777505872786
4238	ANO8	ENSG00000074855	hsa-miR-6780a-3p	MIMAT0027461	0.874739593536379
4239	PTPN7	ENSG00000143851	hsa-miR-4496	MIMAT0019031	0.874739444439352
4240	RPL9	ENSG00000163682	hsa-miR-137-3p	MIMAT0000429	0.874701787600021
4241	SLC9A2	ENSG00000115616	hsa-miR-148a-5p	MIMAT0004549	0.874696263600699
4242	LGI2	ENSG00000153012	hsa-miR-4496	MIMAT0019031	0.874681373334908
4243	ZBTB6	ENSG00000186130	hsa-miR-1252-3p	MIMAT0026744	0.874677033188068
4244	ANLN	ENSG00000011426	hsa-miR-1252-3p	MIMAT0026744	0.874642561172288
4245	OR2AT4	ENSG00000171561	hsa-miR-3618	MIMAT0017998	0.874638947194945
4246	SMIM23	ENSG00000185662	hsa-miR-4496	MIMAT0019031	0.874621330934347
4247	MIB1	ENSG00000101752	hsa-miR-137-3p	MIMAT0000429	0.874599838208768
4248	ARMC1	ENSG00000104442	hsa-miR-137-3p	MIMAT0000429	0.874531243306499
4249	CLASP2	ENSG00000163539	hsa-miR-6780a-3p	MIMAT0027461	0.874527523336441
4250	ETV6	ENSG00000139083	hsa-miR-4496	MIMAT0019031	0.874517167377216
4251	BRWD1	ENSG00000185658	hsa-miR-7154-5p	MIMAT0028218	0.874509678617835
4252	PPP4R3B	ENSG00000275052	hsa-miR-148a-5p	MIMAT0004549	0.874506652281266
4253	FLNA	ENSG00000196924	hsa-miR-6780a-3p	MIMAT0027461	0.874464752389295
4254	TFE3	ENSG00000068323	hsa-miR-6780a-3p	MIMAT0027461	0.87446095870905
4255	KDM5A	ENSG00000073614	hsa-miR-7154-5p	MIMAT0028218	0.8744494047058
4256	JAM2	ENSG00000154721	hsa-miR-148a-5p	MIMAT0004549	0.874428187587825
4257	KIF2A	ENSG00000068796	hsa-miR-380-3p	MIMAT0000735	0.874380198635224
4258	CRKL	ENSG00000099942	hsa-miR-137-3p	MIMAT0000429	0.874379018912661
4259	THEM4	ENSG00000159445	hsa-miR-4496	MIMAT0019031	0.874364976163234
4260	NHS	ENSG00000188158	hsa-miR-380-3p	MIMAT0000735	0.874345595097186
4261	TMF1	ENSG00000144747	hsa-miR-137-3p	MIMAT0000429	0.874296249752784
4262	PDIA4	ENSG00000155660	hsa-miR-6780a-3p	MIMAT0027461	0.87429390377491
4263	NUDCD2	ENSG00000170584	hsa-miR-1252-3p	MIMAT0026744	0.874293441512082
4264	FAR1	ENSG00000197601	hsa-miR-1252-3p	MIMAT0026744	0.874288066017315
4265	PCNX1	ENSG00000100731	hsa-miR-1252-3p	MIMAT0026744	0.874284235000701
4266	TOMM70	ENSG00000154174	hsa-miR-380-3p	MIMAT0000735	0.874236245914318
4267	CARF	ENSG00000138380	hsa-miR-1288-5p	MIMAT0026743	0.874185804385869
4268	PHF14	ENSG00000106443	hsa-miR-4496	MIMAT0019031	0.874174288599222
4269	VTI1A	ENSG00000151532	hsa-miR-329-5p	MIMAT0026555	0.87415502649923
4270	NFYC	ENSG00000066136	hsa-miR-137-3p	MIMAT0000429	0.874141900632134
4271	JADE2	ENSG00000043143	hsa-miR-4496	MIMAT0019031	0.87409929815888
4272	STYX	ENSG00000198252	hsa-miR-137-3p	MIMAT0000429	0.874033905105871
4273	DTWD1	ENSG00000104047	hsa-miR-380-3p	MIMAT0000735	0.874012682504167
4274	POLR2F	ENSG00000100142	hsa-miR-4496	MIMAT0019031	0.874007179740121
4275	OTUD7B	ENSG00000264522	hsa-miR-329-5p	MIMAT0026555	0.873992634252802
4276	DVL2	ENSG00000004975	hsa-miR-137-3p	MIMAT0000429	0.873985332681893
4277	UBXN2B	ENSG00000215114	hsa-miR-1252-3p	MIMAT0026744	0.87395500554839
4278	TRAF6	ENSG00000175104	hsa-miR-148a-5p	MIMAT0004549	0.87392775937887
4279	ELAPOR2	ENSG00000164659	hsa-miR-542-3p	MIMAT0003389	0.873917315499759
4280	NBEAL1	ENSG00000144426	hsa-miR-1252-3p	MIMAT0026744	0.873904061372537
4281	CEP192	ENSG00000101639	hsa-miR-380-3p	MIMAT0000735	0.87389014396312
4282	PKDCC	ENSG00000162878	hsa-miR-1252-3p	MIMAT0026744	0.873826769168451
4283	BTN1A1	ENSG00000124557	hsa-miR-6861-5p	MIMAT0027623	0.873823262390702
4284	FMR1	ENSG00000102081	hsa-miR-7154-5p	MIMAT0028218	0.873817364421784
4285	TMF1	ENSG00000144747	hsa-miR-148a-5p	MIMAT0004549	0.87381609495541
4286	SGCZ	ENSG00000185053	hsa-miR-1252-3p	MIMAT0026744	0.873798630217763
4287	CRCP	ENSG00000241258	hsa-miR-148a-5p	MIMAT0004549	0.87379772189287
4288	ZMYM4	ENSG00000146463	hsa-miR-1252-3p	MIMAT0026744	0.873788334410944
4289	AP4B1	ENSG00000134262	hsa-miR-4496	MIMAT0019031	0.873783110493132
4290	KAT2B	ENSG00000114166	hsa-miR-137-3p	MIMAT0000429	0.873757345426698
4291	LRRC7	ENSG00000033122	hsa-miR-6780a-3p	MIMAT0027461	0.873757267204347
4292	SHMT2	ENSG00000182199	hsa-miR-6720-3p	MIMAT0025851	0.873742290447997
4293	FZD3	ENSG00000104290	hsa-miR-3618	MIMAT0017998	0.873706613175817
4294	GRIK3	ENSG00000163873	hsa-miR-6780a-3p	MIMAT0027461	0.873701292779056
4295	MBTPS2	ENSG00000012174	hsa-miR-4496	MIMAT0019031	0.873697447043576
4296	HPSE2	ENSG00000172987	hsa-miR-3618	MIMAT0017998	0.873628609841418
4297	ZBTB25	ENSG00000089775	hsa-miR-1252-3p	MIMAT0026744	0.87357763873329
4298	GMPS	ENSG00000163655	hsa-miR-4496	MIMAT0019031	0.873573609322257
4299	RAB3B	ENSG00000169213	hsa-miR-212-5p	MIMAT0022695	0.873570899362533
4300	ARX	ENSG00000004848	hsa-miR-6780a-3p	MIMAT0027461	0.873560895316445
4301	PSMD1	ENSG00000173692	hsa-miR-7154-5p	MIMAT0028218	0.873524625729277
4302	SREK1IP1	ENSG00000153006	hsa-miR-1252-3p	MIMAT0026744	0.873522280760748
4303	LAT	ENSG00000213658	hsa-miR-148a-5p	MIMAT0004549	0.873504093056012
4304	ERCC4	ENSG00000175595	hsa-miR-1252-3p	MIMAT0026744	0.873457659240805
4305	PHC3	ENSG00000173889	hsa-miR-329-5p	MIMAT0026555	0.873435748962987
4306	ATE1	ENSG00000107669	hsa-miR-1252-3p	MIMAT0026744	0.873433303479976
4307	TAF5L	ENSG00000135801	hsa-miR-380-3p	MIMAT0000735	0.873390202337969
4308	GNB5	ENSG00000069966	hsa-miR-6780a-3p	MIMAT0027461	0.873387431839407
4309	GTF3C4	ENSG00000125484	hsa-miR-4496	MIMAT0019031	0.873377452021422
4310	MBNL3	ENSG00000076770	hsa-miR-148a-5p	MIMAT0004549	0.873364073955694
4311	NAMPT	ENSG00000105835	hsa-miR-380-3p	MIMAT0000735	0.873352903462787
4312	MIEN1	ENSG00000141741	hsa-miR-212-5p	MIMAT0022695	0.87334802852363
4313	SKA2	ENSG00000182628	hsa-miR-1252-3p	MIMAT0026744	0.873263691953239
4314	SYNPO2	ENSG00000172403	hsa-miR-148a-5p	MIMAT0004549	0.87326343499422
4315	SLC22A15	ENSG00000163393	hsa-miR-7154-5p	MIMAT0028218	0.873259202138779
4316	SYNJ1	ENSG00000159082	hsa-miR-1252-3p	MIMAT0026744	0.873255872881405
4317	RAB30	ENSG00000137502	hsa-miR-1288-5p	MIMAT0026743	0.873254018441291
4318	CLHC1	ENSG00000162994	hsa-miR-1252-3p	MIMAT0026744	0.873214613754221
4319	EPC2	ENSG00000135999	hsa-miR-137-3p	MIMAT0000429	0.87319714876354
4320	ALX4	ENSG00000052850	hsa-miR-137-3p	MIMAT0000429	0.87319405766553
4321	RFTN2	ENSG00000162944	hsa-miR-148a-5p	MIMAT0004549	0.873169214421418
4322	NDUFA5	ENSG00000128609	hsa-miR-1252-3p	MIMAT0026744	0.873168035361742
4323	ZNF487	ENSG00000243660	hsa-miR-329-5p	MIMAT0026555	0.873156920928415
4324	MFSD4B	ENSG00000173214	hsa-miR-542-3p	MIMAT0003389	0.873120098680898
4325	MAP4K5	ENSG00000012983	hsa-miR-137-3p	MIMAT0000429	0.873112966939255
4326	SH3PXD2B	ENSG00000174705	hsa-miR-137-3p	MIMAT0000429	0.873073571912639
4327	TM2D2	ENSG00000169490	hsa-miR-1252-3p	MIMAT0026744	0.873070781081265
4328	ZBED6	ENSG00000257315	hsa-miR-4496	MIMAT0019031	0.873062529134362
4329	ERCC6	ENSG00000225830	hsa-miR-380-3p	MIMAT0000735	0.873039578537555
4330	TKTL2	ENSG00000151005	hsa-miR-137-3p	MIMAT0000429	0.873017401070076
4331	TSHZ2	ENSG00000182463	hsa-miR-4496	MIMAT0019031	0.872971893447093
4332	TCAF1	ENSG00000198420	hsa-miR-1288-5p	MIMAT0026743	0.872957294896705
4333	DCUN1D1	ENSG00000043093	hsa-miR-4496	MIMAT0019031	0.872945594236958
4334	SRRM4	ENSG00000139767	hsa-miR-212-5p	MIMAT0022695	0.87292537404892
4335	MDGA2	ENSG00000139915	hsa-miR-1252-3p	MIMAT0026744	0.872896556271053
4336	TCEA3	ENSG00000204219	hsa-miR-137-3p	MIMAT0000429	0.872880751208194
4337	SH3TC2	ENSG00000169247	hsa-miR-329-5p	MIMAT0026555	0.872867170683793
4338	SAMD1	ENSG00000141858	hsa-miR-4496	MIMAT0019031	0.872855362553782
4339	NUDT21	ENSG00000167005	hsa-miR-148a-5p	MIMAT0004549	0.872831143611483
4340	GRIN2B	ENSG00000273079	hsa-miR-6861-5p	MIMAT0027623	0.872827610053068
4341	BNC2	ENSG00000173068	hsa-miR-148a-5p	MIMAT0004549	0.872805112199801
4342	GLRA3	ENSG00000145451	hsa-miR-5007-5p	MIMAT0021035	0.872782772063018
4343	LMBR1	ENSG00000105983	hsa-miR-148a-5p	MIMAT0004549	0.87276667414753
4344	SCIN	ENSG00000006747	hsa-miR-329-5p	MIMAT0026555	0.872761094181665
4345	RBM23	ENSG00000100461	hsa-miR-4496	MIMAT0019031	0.872744009499771
4346	GPR174	ENSG00000147138	hsa-miR-380-3p	MIMAT0000735	0.872716518729226
4347	FRG2	ENSG00000205097	hsa-miR-1252-3p	MIMAT0026744	0.872708526647138
4348	DPF3	ENSG00000205683	hsa-miR-4496	MIMAT0019031	0.872708285102126
4349	SRP9	ENSG00000143742	hsa-miR-542-3p	MIMAT0003389	0.8727033658461
4350	NNMT	ENSG00000166741	hsa-miR-4496	MIMAT0019031	0.872694632418378
4351	IL22RA2	ENSG00000164485	hsa-miR-137-3p	MIMAT0000429	0.872674304175731
4352	ZBTB37	ENSG00000185278	hsa-miR-5007-5p	MIMAT0021035	0.872673081003204
4353	KCNJ15	ENSG00000157551	hsa-miR-4496	MIMAT0019031	0.87266004603645
4354	PPP2R5C	ENSG00000078304	hsa-miR-3618	MIMAT0017998	0.872647232377511
4355	AP1G1	ENSG00000166747	hsa-miR-7154-5p	MIMAT0028218	0.872558090921688
4356	SRD5A2	ENSG00000277893	hsa-miR-7154-5p	MIMAT0028218	0.872544126271945
4357	MTPN	ENSG00000105887	hsa-miR-542-3p	MIMAT0003389	0.872533834932568
4358	DAZ1	ENSG00000188120	hsa-miR-5007-5p	MIMAT0021035	0.872522832264555
4359	POU2F1	ENSG00000143190	hsa-miR-329-5p	MIMAT0026555	0.872498651295372
4360	GLP1R	ENSG00000112164	hsa-miR-6780a-3p	MIMAT0027461	0.872483024464966
4361	OXTR	ENSG00000180914	hsa-miR-5007-5p	MIMAT0021035	0.872482197350432
4362	SUB1	ENSG00000113387	hsa-miR-148a-5p	MIMAT0004549	0.872481716417667
4363	DACH1	ENSG00000276644	hsa-miR-380-3p	MIMAT0000735	0.872446434169637
4364	B4GALT5	ENSG00000158470	hsa-miR-137-3p	MIMAT0000429	0.872350134728637
4365	CCDC138	ENSG00000163006	hsa-miR-7154-5p	MIMAT0028218	0.87233549497878
4366	C4orf36	ENSG00000163633	hsa-miR-1252-3p	MIMAT0026744	0.87232737846928
4367	KHSRP	ENSG00000088247	hsa-miR-329-5p	MIMAT0026555	0.872311004096333
4368	HIF1A	ENSG00000100644	hsa-miR-380-3p	MIMAT0000735	0.872298883977069
4369	BTAF1	ENSG00000095564	hsa-miR-148a-5p	MIMAT0004549	0.872271225639227
4370	MEPE	ENSG00000152595	hsa-miR-542-3p	MIMAT0003389	0.87222631821816
4371	MAB21L3	ENSG00000173212	hsa-miR-7154-5p	MIMAT0028218	0.872220696212841
4372	FOXQ1	ENSG00000164379	hsa-miR-6780a-3p	MIMAT0027461	0.872171303347717
4373	SMARCA5	ENSG00000153147	hsa-miR-148a-5p	MIMAT0004549	0.872169750312689
4374	TTC28	ENSG00000100154	hsa-miR-137-3p	MIMAT0000429	0.872165985273712
4375	TRMT10A	ENSG00000145331	hsa-miR-4496	MIMAT0019031	0.872054999892346
4376	TRAF3IP2	ENSG00000056972	hsa-miR-4496	MIMAT0019031	0.87204973761712
4377	TSPYL1	ENSG00000189241	hsa-miR-6780a-3p	MIMAT0027461	0.871975139152648
4378	TIMM10B	ENSG00000132286	hsa-miR-329-5p	MIMAT0026555	0.871970707134193
4379	KL	ENSG00000133116	hsa-miR-7154-5p	MIMAT0028218	0.87193780506754
4380	OR4N5	ENSG00000184394	hsa-miR-4496	MIMAT0019031	0.871909196179919
4381	REST	ENSG00000084093	hsa-miR-4496	MIMAT0019031	0.871894810106597
4382	DCAF13	ENSG00000164934	hsa-miR-3618	MIMAT0017998	0.871892277026196
4383	POC1B-GALNT4	ENSG00000259075	hsa-miR-380-3p	MIMAT0000735	0.871850622943839
4384	DAZ4	ENSG00000205916	hsa-miR-5007-5p	MIMAT0021035	0.871775150359098
4385	NLGN4Y	ENSG00000165246	hsa-miR-380-3p	MIMAT0000735	0.871769731885393
4386	ERP44	ENSG00000023318	hsa-miR-1252-3p	MIMAT0026744	0.871769101000141
4387	KIAA0586	ENSG00000100578	hsa-miR-542-3p	MIMAT0003389	0.871720863362254
4388	SMIM14	ENSG00000163683	hsa-miR-542-3p	MIMAT0003389	0.871645984685427
4389	CDH19	ENSG00000071991	hsa-miR-4496	MIMAT0019031	0.871644387616875
4390	ZNF578	ENSG00000258405	hsa-miR-542-3p	MIMAT0003389	0.871633231206399
4391	KMT2A	ENSG00000118058	hsa-miR-4496	MIMAT0019031	0.87161690446223
4392	PROX1	ENSG00000117707	hsa-miR-1252-3p	MIMAT0026744	0.871608006134866
4393	MPC1	ENSG00000060762	hsa-miR-137-3p	MIMAT0000429	0.8716013630862
4394	HCN2	ENSG00000099822	hsa-miR-137-3p	MIMAT0000429	0.871584927197222
4395	CDYL2	ENSG00000166446	hsa-miR-5007-5p	MIMAT0021035	0.871580259435361
4396	ASPH	ENSG00000198363	hsa-miR-4496	MIMAT0019031	0.871554303005892
4397	SAR1B	ENSG00000152700	hsa-miR-137-3p	MIMAT0000429	0.871541782196283
4398	NBPF20	ENSG00000162825	hsa-miR-1252-3p	MIMAT0026744	0.871507500185072
4399	ARMC1	ENSG00000104442	hsa-miR-380-3p	MIMAT0000735	0.871499889425226
4400	NBPF14	ENSG00000270629	hsa-miR-1252-3p	MIMAT0026744	0.871402665919368
4401	HEG1	ENSG00000173706	hsa-miR-137-3p	MIMAT0000429	0.871386423093613
4402	KCTD16	ENSG00000183775	hsa-miR-5007-5p	MIMAT0021035	0.871357462657979
4403	CCDC170	ENSG00000120262	hsa-miR-380-3p	MIMAT0000735	0.871263153156118
4404	ZNF37A	ENSG00000075407	hsa-miR-148a-5p	MIMAT0004549	0.871228205283629
4405	RAB8B	ENSG00000166128	hsa-miR-1252-3p	MIMAT0026744	0.871213666562035
4406	ZNF700	ENSG00000196757	hsa-miR-7154-5p	MIMAT0028218	0.871193979908
4407	RASSF8	ENSG00000123094	hsa-miR-6780a-3p	MIMAT0027461	0.871181435419757
4408	SYT1	ENSG00000067715	hsa-miR-1252-3p	MIMAT0026744	0.871161242000214
4409	OSBPL6	ENSG00000079156	hsa-miR-380-3p	MIMAT0000735	0.871123109017421
4410	GOLGA6L6	ENSG00000277322	hsa-miR-1252-3p	MIMAT0026744	0.871115391502521
4411	HCFC2	ENSG00000111727	hsa-miR-380-3p	MIMAT0000735	0.871114417357313
4412	C16orf90	ENSG00000215131	hsa-miR-212-5p	MIMAT0022695	0.871097202307397
4413	TRIM2	ENSG00000109654	hsa-miR-4496	MIMAT0019031	0.871084594568332
4414	SHC3	ENSG00000148082	hsa-miR-1252-3p	MIMAT0026744	0.871060547139066
4415	CBL	ENSG00000110395	hsa-miR-4496	MIMAT0019031	0.871050419126382
4416	POGZ	ENSG00000143442	hsa-miR-212-5p	MIMAT0022695	0.870992886870347
4417	TRIM13	ENSG00000204977	hsa-miR-4496	MIMAT0019031	0.870982268497386
4418	NT5E	ENSG00000135318	hsa-miR-4496	MIMAT0019031	0.87097482322785
4419	JAK1	ENSG00000162434	hsa-miR-6780a-3p	MIMAT0027461	0.870963071130585
4420	MRPL42	ENSG00000198015	hsa-miR-137-3p	MIMAT0000429	0.87096258669756
4421	KIFC3	ENSG00000140859	hsa-miR-148a-5p	MIMAT0004549	0.870955581438469
4422	SH3GLB1	ENSG00000097033	hsa-miR-148a-5p	MIMAT0004549	0.870954827063235
4423	CHRM3	ENSG00000133019	hsa-miR-380-3p	MIMAT0000735	0.870914561323299
4424	ARF3	ENSG00000134287	hsa-miR-4496	MIMAT0019031	0.870910679284083
4425	TRIM35	ENSG00000104228	hsa-miR-1252-3p	MIMAT0026744	0.870900539138464
4426	RPAP2	ENSG00000122484	hsa-miR-1252-3p	MIMAT0026744	0.870897407221277
4427	IL6ST	ENSG00000134352	hsa-miR-1252-3p	MIMAT0026744	0.870887024295694
4428	DMRT3	ENSG00000064218	hsa-miR-5007-5p	MIMAT0021035	0.870846238780567
4429	RNF111	ENSG00000157450	hsa-miR-380-3p	MIMAT0000735	0.870829265930199
4430	FAM162A	ENSG00000114023	hsa-miR-380-3p	MIMAT0000735	0.870821492310307
4431	HECW2	ENSG00000138411	hsa-miR-1252-3p	MIMAT0026744	0.870800736098989
4432	AMMECR1	ENSG00000101935	hsa-miR-542-3p	MIMAT0003389	0.870795340088533
4433	XKR8	ENSG00000158156	hsa-miR-7154-5p	MIMAT0028218	0.870776664417282
4434	KATNAL1	ENSG00000102781	hsa-miR-1252-3p	MIMAT0026744	0.870759083333048
4435	MACROD2	ENSG00000172264	hsa-miR-4496	MIMAT0019031	0.870717507364415
4436	TIA1	ENSG00000116001	hsa-miR-1252-3p	MIMAT0026744	0.870636730101421
4437	PCDHB7	ENSG00000113212	hsa-miR-137-3p	MIMAT0000429	0.870614024142743
4438	MOB1B	ENSG00000173542	hsa-miR-7154-5p	MIMAT0028218	0.870605756411523
4439	ZNF451	ENSG00000112200	hsa-miR-1252-3p	MIMAT0026744	0.87059806081974
4440	SEPTIN14	ENSG00000154997	hsa-miR-1252-3p	MIMAT0026744	0.870591120851522
4441	UBE2QL1	ENSG00000215218	hsa-miR-148a-5p	MIMAT0004549	0.870520754969943
4442	ZNHIT6	ENSG00000117174	hsa-miR-1252-3p	MIMAT0026744	0.870513312782868
4443	CCDC6	ENSG00000108091	hsa-miR-148a-5p	MIMAT0004549	0.870484328334639
4444	RPGRIP1L	ENSG00000103494	hsa-miR-329-5p	MIMAT0026555	0.870432088489406
4445	CYP1B1	ENSG00000138061	hsa-miR-148a-5p	MIMAT0004549	0.870395379228881
4446	ELFN2	ENSG00000166897	hsa-miR-137-3p	MIMAT0000429	0.870393346150077
4447	EXD2	ENSG00000081177	hsa-miR-1252-3p	MIMAT0026744	0.870367992360635
4448	CLHC1	ENSG00000162994	hsa-miR-148a-5p	MIMAT0004549	0.870356594568849
4449	ZNF431	ENSG00000196705	hsa-miR-329-5p	MIMAT0026555	0.870333476027841
4450	ILDR2	ENSG00000143195	hsa-miR-4496	MIMAT0019031	0.870301887636031
4451	TRPS1	ENSG00000104447	hsa-miR-137-3p	MIMAT0000429	0.870230950552515
4452	XKR5	ENSG00000275591	hsa-miR-5007-5p	MIMAT0021035	0.87021886824681
4453	CERKL	ENSG00000188452	hsa-miR-7154-5p	MIMAT0028218	0.870212738834813
4454	SBNO1	ENSG00000139697	hsa-miR-1252-3p	MIMAT0026744	0.870212696575008
4455	AC026464.6	ENSG00000272617	hsa-miR-212-5p	MIMAT0022695	0.870145922891351
4456	RHEBL1	ENSG00000167550	hsa-miR-542-3p	MIMAT0003389	0.87012582820136
4457	ZDHHC17	ENSG00000186908	hsa-miR-3618	MIMAT0017998	0.870083061954646
4458	NDUFA5	ENSG00000128609	hsa-miR-7154-5p	MIMAT0028218	0.8700823286926
4459	PDIK1L	ENSG00000175087	hsa-miR-7154-5p	MIMAT0028218	0.870057399162834
4460	MRPL22	ENSG00000082515	hsa-miR-4496	MIMAT0019031	0.870013190934407
4461	DNER	ENSG00000187957	hsa-miR-1252-3p	MIMAT0026744	0.870011971641666
4462	MYEF2	ENSG00000104177	hsa-miR-7154-5p	MIMAT0028218	0.869949973297416
4463	BICD2	ENSG00000185963	hsa-miR-212-5p	MIMAT0022695	0.86994971977422
4464	SEC23A	ENSG00000100934	hsa-miR-137-3p	MIMAT0000429	0.869924162919697
4465	FUT9	ENSG00000172461	hsa-miR-6780a-3p	MIMAT0027461	0.869888012168639
4466	KIAA1549	ENSG00000122778	hsa-miR-4496	MIMAT0019031	0.869886650956019
4467	ADAMTS5	ENSG00000154736	hsa-miR-137-3p	MIMAT0000429	0.869882902094261
4468	COL12A1	ENSG00000111799	hsa-miR-6780a-3p	MIMAT0027461	0.869870286695016
4469	KIF27	ENSG00000165115	hsa-miR-4496	MIMAT0019031	0.869851730290587
4470	PNPT1	ENSG00000138035	hsa-miR-380-3p	MIMAT0000735	0.869807864101674
4471	PKHD1L1	ENSG00000205038	hsa-miR-7154-5p	MIMAT0028218	0.869735475891016
4472	CEP135	ENSG00000174799	hsa-miR-148a-5p	MIMAT0004549	0.869734083321324
4473	HELB	ENSG00000127311	hsa-miR-4496	MIMAT0019031	0.869727633510866
4474	CD47	ENSG00000196776	hsa-miR-212-5p	MIMAT0022695	0.869698589441411
4475	PLEKHA3	ENSG00000116095	hsa-miR-329-5p	MIMAT0026555	0.869630445854477
4476	ETV1	ENSG00000006468	hsa-miR-1252-3p	MIMAT0026744	0.869614659283565
4477	MACO1	ENSG00000204178	hsa-miR-1252-3p	MIMAT0026744	0.869554792528175
4478	ZRANB2	ENSG00000132485	hsa-miR-148a-5p	MIMAT0004549	0.869552697685776
4479	KDM7A	ENSG00000006459	hsa-miR-148a-5p	MIMAT0004549	0.869529285464829
4480	CPM	ENSG00000135678	hsa-miR-137-3p	MIMAT0000429	0.869528896249117
4481	ZNF300	ENSG00000145908	hsa-miR-329-5p	MIMAT0026555	0.869502532770355
4482	ARHGAP42	ENSG00000165895	hsa-miR-1288-5p	MIMAT0026743	0.869456412611712
4483	ZIC2	ENSG00000043355	hsa-miR-1252-3p	MIMAT0026744	0.869400597806012
4484	TTC28	ENSG00000100154	hsa-miR-148a-5p	MIMAT0004549	0.86936600966973
4485	IFT172	ENSG00000138002	hsa-miR-148a-5p	MIMAT0004549	0.869360737684585
4486	PAXBP1	ENSG00000159086	hsa-miR-148a-5p	MIMAT0004549	0.869343013962699
4487	ABI2	ENSG00000138443	hsa-miR-6861-5p	MIMAT0027623	0.869322125486483
4488	DSG4	ENSG00000175065	hsa-miR-137-3p	MIMAT0000429	0.869317685496703
4489	RANBP2	ENSG00000153201	hsa-miR-137-3p	MIMAT0000429	0.869317412290627
4490	GLG1	ENSG00000090863	hsa-miR-3618	MIMAT0017998	0.869292924165276
4491	CILK1	ENSG00000112144	hsa-miR-148a-5p	MIMAT0004549	0.869255597852214
4492	LRRC57	ENSG00000180979	hsa-miR-1252-3p	MIMAT0026744	0.869245438958899
4493	DUSP8	ENSG00000184545	hsa-miR-137-3p	MIMAT0000429	0.869230281495805
4494	DCAF17	ENSG00000115827	hsa-miR-1252-3p	MIMAT0026744	0.869215803140137
4495	ZNF613	ENSG00000176024	hsa-miR-542-3p	MIMAT0003389	0.869215319126413
4496	TBL2	ENSG00000106638	hsa-miR-4496	MIMAT0019031	0.869176646777997
4497	SLC33A1	ENSG00000169359	hsa-miR-542-3p	MIMAT0003389	0.869138625400045
4498	RO60	ENSG00000116747	hsa-miR-380-3p	MIMAT0000735	0.869113824818409
4499	GULP1	ENSG00000144366	hsa-miR-380-3p	MIMAT0000735	0.869094978118665
4500	SENP8	ENSG00000166192	hsa-miR-1252-3p	MIMAT0026744	0.869008974560391
4501	INO80C	ENSG00000153391	hsa-miR-542-3p	MIMAT0003389	0.869007105852479
4502	FAM20B	ENSG00000116199	hsa-miR-212-5p	MIMAT0022695	0.868959652422425
4503	AKAP13	ENSG00000170776	hsa-miR-1252-3p	MIMAT0026744	0.868944206946029
4504	SH3TC2	ENSG00000169247	hsa-miR-5007-5p	MIMAT0021035	0.868943603657362
4505	KAT7	ENSG00000136504	hsa-miR-542-3p	MIMAT0003389	0.86892645761952
4506	PUM2	ENSG00000055917	hsa-miR-380-3p	MIMAT0000735	0.868912484163114
4507	MAP3K2	ENSG00000169967	hsa-miR-1252-3p	MIMAT0026744	0.868905870212989
4508	DMP1	ENSG00000152592	hsa-miR-6861-5p	MIMAT0027623	0.868888804103998
4509	OSBPL10	ENSG00000144645	hsa-miR-4496	MIMAT0019031	0.868882082456088
4510	AL355987.1	ENSG00000204003	hsa-miR-7154-5p	MIMAT0028218	0.868849996805698
4511	ANGPTL2	ENSG00000136859	hsa-miR-137-3p	MIMAT0000429	0.868836131530138
4512	TMEM237	ENSG00000155755	hsa-miR-212-5p	MIMAT0022695	0.868798062849359
4513	MINDY3	ENSG00000148481	hsa-miR-380-3p	MIMAT0000735	0.868792770032155
4514	NKX6-3	ENSG00000165066	hsa-miR-6780a-3p	MIMAT0027461	0.868766345336088
4515	FPGT-TNNI3K	ENSG00000259030	hsa-miR-1252-3p	MIMAT0026744	0.868762837743738
4516	CREB3L2	ENSG00000182158	hsa-miR-4496	MIMAT0019031	0.868716433322302
4517	SERTAD2	ENSG00000179833	hsa-miR-5007-5p	MIMAT0021035	0.868705302622869
4518	PCNX4	ENSG00000126773	hsa-miR-329-5p	MIMAT0026555	0.868698523158637
4519	PROX2	ENSG00000119608	hsa-miR-1252-3p	MIMAT0026744	0.868686524139735
4520	ACVR2B	ENSG00000114739	hsa-miR-380-3p	MIMAT0000735	0.868682171118937
4521	NEDD4	ENSG00000069869	hsa-miR-1252-3p	MIMAT0026744	0.868659900149264
4522	SDHD	ENSG00000204370	hsa-miR-7154-5p	MIMAT0028218	0.86863120492195
4523	RBM20	ENSG00000203867	hsa-miR-1288-5p	MIMAT0026743	0.868593614397601
4524	RNF212B	ENSG00000215277	hsa-miR-4496	MIMAT0019031	0.868562617767373
4525	PSMD11	ENSG00000108671	hsa-miR-1252-3p	MIMAT0026744	0.868553487354356
4526	NKPD1	ENSG00000179846	hsa-miR-137-3p	MIMAT0000429	0.868519202886281
4527	SLC12A2	ENSG00000064651	hsa-miR-380-3p	MIMAT0000735	0.868510039014088
4528	OR56A1	ENSG00000180934	hsa-miR-148a-5p	MIMAT0004549	0.868474663556317
4529	PRKCI	ENSG00000163558	hsa-miR-380-3p	MIMAT0000735	0.868460263677549
4530	NSA2	ENSG00000164346	hsa-miR-7154-5p	MIMAT0028218	0.868440652775074
4531	RFPL2	ENSG00000128253	hsa-miR-4496	MIMAT0019031	0.868429182757777
4532	MTCH1	ENSG00000137409	hsa-miR-6861-5p	MIMAT0027623	0.868393196293664
4533	LMLN	ENSG00000185621	hsa-miR-148a-5p	MIMAT0004549	0.868392528946212
4534	ARMC8	ENSG00000114098	hsa-miR-542-3p	MIMAT0003389	0.868332418782476
4535	KDSR	ENSG00000119537	hsa-miR-1252-3p	MIMAT0026744	0.868317494882592
4536	KLHL4	ENSG00000102271	hsa-miR-380-3p	MIMAT0000735	0.86831743123682
4537	SKIL	ENSG00000136603	hsa-miR-1252-3p	MIMAT0026744	0.868301084991828
4538	ARL17B	ENSG00000228696	hsa-miR-4496	MIMAT0019031	0.868295103953093
4539	STC1	ENSG00000159167	hsa-miR-380-3p	MIMAT0000735	0.868274267417776
4540	CDK15	ENSG00000138395	hsa-miR-1252-3p	MIMAT0026744	0.868264801010555
4541	DNAJC15	ENSG00000120675	hsa-miR-380-3p	MIMAT0000735	0.868238174662974
4542	THRAP3	ENSG00000054118	hsa-miR-1252-3p	MIMAT0026744	0.868206379607851
4543	PPP2R3A	ENSG00000073711	hsa-miR-137-3p	MIMAT0000429	0.868074003426745
4544	DNALI1	ENSG00000163879	hsa-miR-329-5p	MIMAT0026555	0.868065658441888
4545	VASH2	ENSG00000143494	hsa-miR-6861-5p	MIMAT0027623	0.868056038914453
4546	ZNF280B	ENSG00000275004	hsa-miR-4496	MIMAT0019031	0.868054700336197
4547	CLCN5	ENSG00000171365	hsa-miR-212-5p	MIMAT0022695	0.868047361939534
4548	SMAD2	ENSG00000175387	hsa-miR-1288-5p	MIMAT0026743	0.868001347129453
4549	RALGAPA2	ENSG00000188559	hsa-miR-1252-3p	MIMAT0026744	0.867990460004883
4550	ERBB3	ENSG00000065361	hsa-miR-6780a-3p	MIMAT0027461	0.867977977061412
4551	NUDT13	ENSG00000166321	hsa-miR-542-3p	MIMAT0003389	0.867950904457166
4552	HS2ST1	ENSG00000153936	hsa-miR-3618	MIMAT0017998	0.867938747216454
4553	LRRC7	ENSG00000033122	hsa-miR-542-3p	MIMAT0003389	0.867878248145759
4554	MMD	ENSG00000108960	hsa-miR-148a-5p	MIMAT0004549	0.867807505640093
4555	RNF125	ENSG00000101695	hsa-miR-542-3p	MIMAT0003389	0.867797635062079
4556	MTTP	ENSG00000138823	hsa-miR-380-3p	MIMAT0000735	0.867768331983279
4557	TBC1D3G	ENSG00000260287	hsa-miR-4496	MIMAT0019031	0.867744971879606
4558	CCNT1	ENSG00000129315	hsa-miR-6780a-3p	MIMAT0027461	0.867734356394963
4559	ADRB1	ENSG00000043591	hsa-miR-137-3p	MIMAT0000429	0.867716185783143
4560	FGD6	ENSG00000180263	hsa-miR-1252-3p	MIMAT0026744	0.867680149227849
4561	STAG2	ENSG00000101972	hsa-miR-380-3p	MIMAT0000735	0.867626691407037
4562	DAAM2	ENSG00000146122	hsa-miR-6780a-3p	MIMAT0027461	0.867613693951728
4563	PROX1	ENSG00000117707	hsa-miR-3618	MIMAT0017998	0.867590099876348
4564	ZDHHC17	ENSG00000186908	hsa-miR-380-3p	MIMAT0000735	0.867568433335528
4565	SIM1	ENSG00000112246	hsa-miR-542-3p	MIMAT0003389	0.867558648989334
4566	TBC1D3H	ENSG00000274226	hsa-miR-4496	MIMAT0019031	0.867548618649045
4567	AGPAT5	ENSG00000155189	hsa-miR-148a-5p	MIMAT0004549	0.867531872685153
4568	NT5C1B	ENSG00000185013	hsa-miR-1252-3p	MIMAT0026744	0.867526166526202
4569	C17orf50	ENSG00000270806	hsa-miR-329-5p	MIMAT0026555	0.867511048444012
4570	AGL	ENSG00000162688	hsa-miR-1252-3p	MIMAT0026744	0.867499155163622
4571	PRKCB	ENSG00000166501	hsa-miR-7154-5p	MIMAT0028218	0.867494966787977
4572	DYNC2LI1	ENSG00000138036	hsa-miR-1252-3p	MIMAT0026744	0.867491463495541
4573	AXL	ENSG00000167601	hsa-miR-5007-5p	MIMAT0021035	0.867474377412357
4574	SIRT1	ENSG00000096717	hsa-miR-1252-3p	MIMAT0026744	0.867462217846623
4575	DYRK1A	ENSG00000157540	hsa-miR-1252-3p	MIMAT0026744	0.867423071004037
4576	DNAAF6	ENSG00000080572	hsa-miR-380-3p	MIMAT0000735	0.86740931692367
4577	OR56A1	ENSG00000180934	hsa-miR-4496	MIMAT0019031	0.867405824941687
4578	MYO1D	ENSG00000176658	hsa-miR-3618	MIMAT0017998	0.867400878181402
4579	FRZB	ENSG00000162998	hsa-miR-7154-5p	MIMAT0028218	0.867383034539652
4580	CNIH1	ENSG00000100528	hsa-miR-1252-3p	MIMAT0026744	0.867306340050665
4581	FRG2B	ENSG00000225899	hsa-miR-1252-3p	MIMAT0026744	0.867299139965786
4582	NEGR1	ENSG00000172260	hsa-miR-1252-3p	MIMAT0026744	0.86729558576337
4583	SERF1B	ENSG00000205572	hsa-miR-542-3p	MIMAT0003389	0.86725559280734
4584	SPDYE1	ENSG00000136206	hsa-miR-380-3p	MIMAT0000735	0.867234439895304
4585	SEC24A	ENSG00000113615	hsa-miR-1252-3p	MIMAT0026744	0.867229730159011
4586	SYPL1	ENSG00000008282	hsa-miR-380-3p	MIMAT0000735	0.867196727326847
4587	PHETA1	ENSG00000198324	hsa-miR-4496	MIMAT0019031	0.867168841184484
4588	DHRS1	ENSG00000157379	hsa-miR-1252-3p	MIMAT0026744	0.867137341012306
4589	SLC30A7	ENSG00000162695	hsa-miR-148a-5p	MIMAT0004549	0.867119154949123
4590	DMTF1	ENSG00000135164	hsa-miR-5007-5p	MIMAT0021035	0.867076315887515
4591	PPP1R12A	ENSG00000058272	hsa-miR-1252-3p	MIMAT0026744	0.86706750679455
4592	PRXL2C	ENSG00000158122	hsa-miR-1252-3p	MIMAT0026744	0.867017054368886
4593	DCP1B	ENSG00000151065	hsa-miR-329-5p	MIMAT0026555	0.866990472459993
4594	ABCC5	ENSG00000114770	hsa-miR-7154-5p	MIMAT0028218	0.866965625367956
4595	ABCC4	ENSG00000125257	hsa-miR-1252-3p	MIMAT0026744	0.866958180234944
4596	CALU	ENSG00000128595	hsa-miR-3618	MIMAT0017998	0.866953886634216
4597	ASXL2	ENSG00000143970	hsa-miR-4496	MIMAT0019031	0.866931458805842
4598	NSD1	ENSG00000165671	hsa-miR-212-5p	MIMAT0022695	0.86688293150459
4599	LPA	ENSG00000198670	hsa-miR-542-3p	MIMAT0003389	0.866829240758582
4600	IGLON5	ENSG00000142549	hsa-miR-137-3p	MIMAT0000429	0.866810840169466
4601	PIWIL1	ENSG00000125207	hsa-miR-5007-5p	MIMAT0021035	0.866791079273308
4602	PMP22	ENSG00000109099	hsa-miR-380-3p	MIMAT0000735	0.866756668746879
4603	PAIP1	ENSG00000172239	hsa-miR-137-3p	MIMAT0000429	0.866732820156628
4604	DCAF5	ENSG00000139990	hsa-miR-1252-3p	MIMAT0026744	0.866663093530347
4605	SKAP1	ENSG00000141293	hsa-miR-6780a-3p	MIMAT0027461	0.866646056494807
4606	SPAG9	ENSG00000008294	hsa-miR-6780a-3p	MIMAT0027461	0.866641092161349
4607	NCOA1	ENSG00000084676	hsa-miR-4496	MIMAT0019031	0.866636596208566
4608	MARCHF5	ENSG00000198060	hsa-miR-380-3p	MIMAT0000735	0.866615071435258
4609	AGFG1	ENSG00000173744	hsa-miR-380-3p	MIMAT0000735	0.866597278823809
4610	AMOTL2	ENSG00000114019	hsa-miR-4496	MIMAT0019031	0.866591778940295
4611	LDLRAD4	ENSG00000168675	hsa-miR-212-5p	MIMAT0022695	0.866572931000183
4612	FMOD	ENSG00000122176	hsa-miR-1252-3p	MIMAT0026744	0.866554355823886
4613	CACNA2D1	ENSG00000153956	hsa-miR-4496	MIMAT0019031	0.866532616187056
4614	BNIP2	ENSG00000140299	hsa-miR-148a-5p	MIMAT0004549	0.866518384582201
4615	ALDH1A2	ENSG00000128918	hsa-miR-542-3p	MIMAT0003389	0.866509676312691
4616	KCNJ13	ENSG00000115474	hsa-miR-1252-3p	MIMAT0026744	0.866497187888674
4617	RP2	ENSG00000102218	hsa-miR-1252-3p	MIMAT0026744	0.866453323865917
4618	GPR158	ENSG00000151025	hsa-miR-148a-5p	MIMAT0004549	0.866452920074172
4619	COL5A2	ENSG00000204262	hsa-miR-148a-5p	MIMAT0004549	0.866429929193585
4620	FNDC3B	ENSG00000075420	hsa-miR-137-3p	MIMAT0000429	0.866374857132098
4621	PRMT3	ENSG00000185238	hsa-miR-1252-3p	MIMAT0026744	0.86636273120432
4622	SNX12	ENSG00000147164	hsa-miR-4496	MIMAT0019031	0.866354328988018
4623	SOX11	ENSG00000176887	hsa-miR-4496	MIMAT0019031	0.866337817293905
4624	GCM2	ENSG00000124827	hsa-miR-4496	MIMAT0019031	0.866335787824766
4625	RUNX1T1	ENSG00000079102	hsa-miR-3618	MIMAT0017998	0.866316200283946
4626	LRP4	ENSG00000134569	hsa-miR-4496	MIMAT0019031	0.866235983497555
4627	PPIE	ENSG00000084072	hsa-miR-6780a-3p	MIMAT0027461	0.866231453690512
4628	GLIPR1	ENSG00000139278	hsa-miR-6780a-3p	MIMAT0027461	0.866228469526522
4629	SC5D	ENSG00000109929	hsa-miR-1252-3p	MIMAT0026744	0.866214444399362
4630	FIG4	ENSG00000112367	hsa-miR-148a-5p	MIMAT0004549	0.866204187428593
4631	VASH2	ENSG00000143494	hsa-miR-542-3p	MIMAT0003389	0.866174384887208
4632	TBX22	ENSG00000122145	hsa-miR-7154-5p	MIMAT0028218	0.866088459023353
4633	GLRB	ENSG00000109738	hsa-miR-148a-5p	MIMAT0004549	0.866039806859305
4634	IPO8	ENSG00000133704	hsa-miR-148a-5p	MIMAT0004549	0.865978490173381
4635	NETO1	ENSG00000166342	hsa-miR-137-3p	MIMAT0000429	0.865962250132332
4636	ADH7	ENSG00000196344	hsa-miR-380-3p	MIMAT0000735	0.865945745171521
4637	ERCC8	ENSG00000049167	hsa-miR-1252-3p	MIMAT0026744	0.865935582692448
4638	HNRNPUL2-BSCL2	ENSG00000234857	hsa-miR-6780a-3p	MIMAT0027461	0.86592466519798
4639	MOXD1	ENSG00000079931	hsa-miR-542-3p	MIMAT0003389	0.865907322320213
4640	AC048338.1	ENSG00000256861	hsa-miR-6780a-3p	MIMAT0027461	0.865904024325413
4641	LPGAT1	ENSG00000123684	hsa-miR-1252-3p	MIMAT0026744	0.865883651224921
4642	AC069544.2	ENSG00000284024	hsa-miR-542-3p	MIMAT0003389	0.865876628674271
4643	PCDHGA6	ENSG00000253731	hsa-miR-1252-3p	MIMAT0026744	0.865856339398631
4644	HSPA12B	ENSG00000132622	hsa-miR-4496	MIMAT0019031	0.865844526151319
4645	SFTPA1	ENSG00000122852	hsa-miR-4496	MIMAT0019031	0.865833844176834
4646	DSG1	ENSG00000134760	hsa-miR-380-3p	MIMAT0000735	0.865826166025214
4647	ADGRL3	ENSG00000150471	hsa-miR-1252-3p	MIMAT0026744	0.865822719076219
4648	THRB	ENSG00000151090	hsa-miR-3618	MIMAT0017998	0.865822005550157
4649	RASAL2	ENSG00000075391	hsa-miR-6780a-3p	MIMAT0027461	0.865801658850071
4650	NPL	ENSG00000135838	hsa-miR-1252-3p	MIMAT0026744	0.865800783652246
4651	JAK1	ENSG00000162434	hsa-miR-1288-5p	MIMAT0026743	0.865753553659285
4652	RBM22	ENSG00000086589	hsa-miR-4496	MIMAT0019031	0.865744002119454
4653	RAB30	ENSG00000137502	hsa-miR-148a-5p	MIMAT0004549	0.865743403670025
4654	TF	ENSG00000091513	hsa-miR-7154-5p	MIMAT0028218	0.865728152997492
4655	CCSER2	ENSG00000107771	hsa-miR-1252-3p	MIMAT0026744	0.865713869067028
4656	HIF1AN	ENSG00000166135	hsa-miR-6780a-3p	MIMAT0027461	0.865674604359585
4657	ARL2-SNX15	ENSG00000273003	hsa-miR-6780a-3p	MIMAT0027461	0.865666969523102
4658	ZNF26	ENSG00000198393	hsa-miR-542-3p	MIMAT0003389	0.865662902910986
4659	DCAF8	ENSG00000132716	hsa-miR-6780a-3p	MIMAT0027461	0.865657529943267
4660	PCSK2	ENSG00000125851	hsa-miR-1252-3p	MIMAT0026744	0.865642713217001
4661	UBE2QL1	ENSG00000215218	hsa-miR-1252-3p	MIMAT0026744	0.865640086588936
4662	BPY2B	ENSG00000183795	hsa-miR-380-3p	MIMAT0000735	0.865628657523884
4663	PARP15	ENSG00000173200	hsa-miR-542-3p	MIMAT0003389	0.865619327329651
4664	ERLIN2	ENSG00000147475	hsa-miR-1252-3p	MIMAT0026744	0.865599756730413
4665	LRP12	ENSG00000147650	hsa-miR-137-3p	MIMAT0000429	0.865598289119658
4666	LMCD1	ENSG00000071282	hsa-miR-137-3p	MIMAT0000429	0.86558456514694
4667	H2BC15	ENSG00000233822	hsa-miR-380-3p	MIMAT0000735	0.865552743518852
4668	MIER3	ENSG00000155545	hsa-miR-137-3p	MIMAT0000429	0.865490126281002
4669	KIF13A	ENSG00000137177	hsa-miR-7154-5p	MIMAT0028218	0.865430817020994
4670	KCNC2	ENSG00000166006	hsa-miR-137-3p	MIMAT0000429	0.865403175785009
4671	EP400	ENSG00000183495	hsa-miR-1252-3p	MIMAT0026744	0.865401843844523
4672	TMEM80	ENSG00000177042	hsa-miR-137-3p	MIMAT0000429	0.86539553383337
4673	SIM1	ENSG00000112246	hsa-miR-380-3p	MIMAT0000735	0.865355051336414
4674	CDK6	ENSG00000105810	hsa-miR-137-3p	MIMAT0000429	0.865348284407292
4675	BPY2C	ENSG00000185894	hsa-miR-380-3p	MIMAT0000735	0.8653126611472
4676	ARIH2	ENSG00000177479	hsa-miR-7154-5p	MIMAT0028218	0.865306849489748
4677	UTY	ENSG00000183878	hsa-miR-380-3p	MIMAT0000735	0.865273553872131
4678	SHE	ENSG00000169291	hsa-miR-1252-3p	MIMAT0026744	0.865203830477473
4679	PDE1A	ENSG00000115252	hsa-miR-137-3p	MIMAT0000429	0.865165494225107
4680	STPG2	ENSG00000163116	hsa-miR-137-3p	MIMAT0000429	0.865139024962107
4681	DEF8	ENSG00000140995	hsa-miR-6780a-3p	MIMAT0027461	0.86512738963412
4682	ZMYM2	ENSG00000121741	hsa-miR-148a-5p	MIMAT0004549	0.865123185436838
4683	PDXDC1	ENSG00000179889	hsa-miR-1252-3p	MIMAT0026744	0.865100970338042
4684	MYO5C	ENSG00000128833	hsa-miR-148a-5p	MIMAT0004549	0.865097696923595
4685	MALT1	ENSG00000172175	hsa-miR-380-3p	MIMAT0000735	0.865080189929876
4686	ADM	ENSG00000148926	hsa-miR-380-3p	MIMAT0000735	0.865046151144343
4687	ELK3	ENSG00000111145	hsa-miR-148a-5p	MIMAT0004549	0.865026149228064
4688	ZNF470	ENSG00000197016	hsa-miR-6780a-3p	MIMAT0027461	0.86502606122323
4689	FRAS1	ENSG00000138759	hsa-miR-1252-3p	MIMAT0026744	0.864979816588462
4690	MOBP	ENSG00000168314	hsa-miR-137-3p	MIMAT0000429	0.864974509972543
4691	AMER2	ENSG00000165566	hsa-miR-4496	MIMAT0019031	0.864973765882192
4692	FAM81A	ENSG00000157470	hsa-miR-137-3p	MIMAT0000429	0.864968130203505
4693	TMEM106B	ENSG00000106460	hsa-miR-7154-5p	MIMAT0028218	0.864957932604066
4694	QKI	ENSG00000112531	hsa-miR-380-3p	MIMAT0000735	0.864923379731604
4695	RPE	ENSG00000197713	hsa-miR-7154-5p	MIMAT0028218	0.864896283478088
4696	FSTL5	ENSG00000168843	hsa-miR-329-5p	MIMAT0026555	0.864892379080222
4697	PIAS2	ENSG00000078043	hsa-miR-1252-3p	MIMAT0026744	0.864856656903131
4698	HDGFL3	ENSG00000166503	hsa-miR-4496	MIMAT0019031	0.864846004583189
4699	CYP26C1	ENSG00000187553	hsa-miR-6780a-3p	MIMAT0027461	0.86479646002391
4700	TMOD3	ENSG00000138594	hsa-miR-1252-3p	MIMAT0026744	0.864793710471844
4701	ZNF527	ENSG00000189164	hsa-miR-1252-3p	MIMAT0026744	0.864775701702865
4702	CACNA2D1	ENSG00000153956	hsa-miR-380-3p	MIMAT0000735	0.864775085381738
4703	ELAVL4	ENSG00000162374	hsa-miR-6861-5p	MIMAT0027623	0.864773028814468
4704	KIAA0408	ENSG00000189367	hsa-miR-542-3p	MIMAT0003389	0.864767152012092
4705	HECTD2	ENSG00000165338	hsa-miR-1252-3p	MIMAT0026744	0.864756905655618
4706	FUBP3	ENSG00000107164	hsa-miR-329-5p	MIMAT0026555	0.864753037819748
4707	NRIP3	ENSG00000175352	hsa-miR-1252-3p	MIMAT0026744	0.864749294288625
4708	CFL2	ENSG00000165410	hsa-miR-4496	MIMAT0019031	0.864747527883957
4709	SGCE	ENSG00000127990	hsa-miR-380-3p	MIMAT0000735	0.864743608472656
4710	KCNK12	ENSG00000184261	hsa-miR-137-3p	MIMAT0000429	0.864725110065135
4711	RNF165	ENSG00000141622	hsa-miR-6780a-3p	MIMAT0027461	0.864694542415895
4712	PTGFR	ENSG00000122420	hsa-miR-3618	MIMAT0017998	0.864693403720196
4713	ZBTB38	ENSG00000177311	hsa-miR-1252-3p	MIMAT0026744	0.864674039522151
4714	PPM1A	ENSG00000100614	hsa-miR-380-3p	MIMAT0000735	0.864653468398549
4715	KPNA6	ENSG00000025800	hsa-miR-3618	MIMAT0017998	0.864648985865623
4716	PCNX4	ENSG00000126773	hsa-miR-148a-5p	MIMAT0004549	0.864613571176015
4717	SFN	ENSG00000175793	hsa-miR-4496	MIMAT0019031	0.864600847828659
4718	BPY2	ENSG00000183753	hsa-miR-380-3p	MIMAT0000735	0.864600604022925
4719	FHL3	ENSG00000183386	hsa-miR-137-3p	MIMAT0000429	0.864594553000476
4720	LCE1E	ENSG00000186226	hsa-miR-137-3p	MIMAT0000429	0.86458006952004
4721	TTC30B	ENSG00000196659	hsa-miR-4496	MIMAT0019031	0.864498663763173
4722	CXADR	ENSG00000154639	hsa-miR-329-5p	MIMAT0026555	0.864496743228593
4723	CEP135	ENSG00000174799	hsa-miR-4496	MIMAT0019031	0.864487091112904
4724	OR56A3	ENSG00000184478	hsa-miR-137-3p	MIMAT0000429	0.864470245206554
4725	IQCK	ENSG00000174628	hsa-miR-148a-5p	MIMAT0004549	0.864464321346813
4726	TPPP	ENSG00000171368	hsa-miR-542-3p	MIMAT0003389	0.864453432463258
4727	GAN	ENSG00000261609	hsa-miR-4496	MIMAT0019031	0.864433135436025
4728	PLCL1	ENSG00000115896	hsa-miR-1252-3p	MIMAT0026744	0.864428970035876
4729	ZNF639	ENSG00000121864	hsa-miR-7154-5p	MIMAT0028218	0.864416637123453
4730	PSME4	ENSG00000068878	hsa-miR-6861-5p	MIMAT0027623	0.864389040495545
4731	KCNH5	ENSG00000140015	hsa-miR-7154-5p	MIMAT0028218	0.864386502959144
4732	L3MBTL4	ENSG00000154655	hsa-miR-148a-5p	MIMAT0004549	0.864384245700356
4733	API5	ENSG00000166181	hsa-miR-137-3p	MIMAT0000429	0.864357911550675
4734	ZBED6	ENSG00000257315	hsa-miR-1252-3p	MIMAT0026744	0.864354079308371
4735	CHN2	ENSG00000106069	hsa-miR-3618	MIMAT0017998	0.864327676807877
4736	SUMO3	ENSG00000184900	hsa-miR-1252-3p	MIMAT0026744	0.86429172379248
4737	PBRM1	ENSG00000163939	hsa-miR-3618	MIMAT0017998	0.864283071983565
4738	DCP1A	ENSG00000272886	hsa-miR-6780a-3p	MIMAT0027461	0.864271364571246
4739	TFAP2C	ENSG00000087510	hsa-miR-137-3p	MIMAT0000429	0.864251306327661
4740	OPCML	ENSG00000183715	hsa-miR-137-3p	MIMAT0000429	0.864232222478502
4741	PAX5	ENSG00000196092	hsa-miR-3618	MIMAT0017998	0.864206680590296
4742	BSN	ENSG00000164061	hsa-miR-4496	MIMAT0019031	0.864184506437159
4743	VSTM5	ENSG00000214376	hsa-miR-329-5p	MIMAT0026555	0.864167220831161
4744	ZDHHC15	ENSG00000102383	hsa-miR-542-3p	MIMAT0003389	0.864161167791538
4745	TRMT61B	ENSG00000171103	hsa-miR-148a-5p	MIMAT0004549	0.864140075073246
4746	HMGN1	ENSG00000205581	hsa-miR-6780a-3p	MIMAT0027461	0.86413905101886
4747	SLC1A2	ENSG00000110436	hsa-miR-1252-3p	MIMAT0026744	0.864133271175858
4748	SREBF2	ENSG00000198911	hsa-miR-6780a-3p	MIMAT0027461	0.864123191506253
4749	POU6F2	ENSG00000106536	hsa-miR-1288-5p	MIMAT0026743	0.86411815163858
4750	C15orf40	ENSG00000169609	hsa-miR-4496	MIMAT0019031	0.864099301284703
4751	TAF15	ENSG00000270647	hsa-miR-137-3p	MIMAT0000429	0.864097891636143
4752	OSBPL10	ENSG00000144645	hsa-miR-7154-5p	MIMAT0028218	0.864015953768853
4753	SDE2	ENSG00000143751	hsa-miR-3618	MIMAT0017998	0.864004153932989
4754	KDM5B	ENSG00000117139	hsa-miR-1252-3p	MIMAT0026744	0.864000182581214
4755	RAB22A	ENSG00000124209	hsa-miR-148a-5p	MIMAT0004549	0.863996764867932
4756	PTPN4	ENSG00000088179	hsa-miR-380-3p	MIMAT0000735	0.863980634959493
4757	PCDHA2	ENSG00000204969	hsa-miR-4496	MIMAT0019031	0.863924280144332
4758	DOCK1	ENSG00000150760	hsa-miR-148a-5p	MIMAT0004549	0.863924256576643
4759	ZNF652	ENSG00000198740	hsa-miR-1252-3p	MIMAT0026744	0.863865919984737
4760	KPNA5	ENSG00000196911	hsa-miR-1252-3p	MIMAT0026744	0.86385486401921
4761	SORCS1	ENSG00000108018	hsa-miR-1252-3p	MIMAT0026744	0.863815088534186
4762	SNX17	ENSG00000115234	hsa-miR-6780a-3p	MIMAT0027461	0.863778869151554
4763	ARID4B	ENSG00000054267	hsa-miR-1252-3p	MIMAT0026744	0.863767239280978
4764	GTPBP8	ENSG00000163607	hsa-miR-329-5p	MIMAT0026555	0.863734742164133
4765	PTCRA	ENSG00000171611	hsa-miR-148a-5p	MIMAT0004549	0.863712489166107
4766	RHOU	ENSG00000116574	hsa-miR-329-5p	MIMAT0026555	0.863704148376428
4767	IL22RA2	ENSG00000164485	hsa-miR-7154-5p	MIMAT0028218	0.863690013695727
4768	ATP8A2	ENSG00000132932	hsa-miR-542-3p	MIMAT0003389	0.863679790181203
4769	MAML1	ENSG00000161021	hsa-miR-212-5p	MIMAT0022695	0.863677170185747
4770	TXNDC16	ENSG00000087301	hsa-miR-1252-3p	MIMAT0026744	0.863625503171691
4771	MAN1A2	ENSG00000198162	hsa-miR-4496	MIMAT0019031	0.863614031409326
4772	RSKR	ENSG00000167524	hsa-miR-4496	MIMAT0019031	0.863610759273627
4773	YIPF6	ENSG00000181704	hsa-miR-1252-3p	MIMAT0026744	0.863576261164001
4774	PPP1R21	ENSG00000162869	hsa-miR-212-5p	MIMAT0022695	0.863574208428603
4775	KLF5	ENSG00000102554	hsa-miR-1252-3p	MIMAT0026744	0.863561926940145
4776	ZIC5	ENSG00000139800	hsa-miR-148a-5p	MIMAT0004549	0.863559042690978
4777	KANK4	ENSG00000132854	hsa-miR-137-3p	MIMAT0000429	0.86351797264903
4778	SLIT3	ENSG00000184347	hsa-miR-6780a-3p	MIMAT0027461	0.863508424035968
4779	VAT1L	ENSG00000171724	hsa-miR-380-3p	MIMAT0000735	0.86350726242462
4780	BAZ2B	ENSG00000123636	hsa-miR-137-3p	MIMAT0000429	0.863486403633157
4781	ALG10B	ENSG00000175548	hsa-miR-380-3p	MIMAT0000735	0.863483571097417
4782	ZEB1	ENSG00000148516	hsa-miR-148a-5p	MIMAT0004549	0.863465724928821
4783	FGF5	ENSG00000138675	hsa-miR-137-3p	MIMAT0000429	0.863444682272155
4784	NRP1	ENSG00000099250	hsa-miR-148a-5p	MIMAT0004549	0.863428152412277
4785	SLC30A9	ENSG00000014824	hsa-miR-4496	MIMAT0019031	0.86338094277184
4786	MSTO1	ENSG00000125459	hsa-miR-6780a-3p	MIMAT0027461	0.863358192129869
4787	HAS3	ENSG00000103044	hsa-miR-4496	MIMAT0019031	0.8633565580729
4788	SNED1	ENSG00000162804	hsa-miR-137-3p	MIMAT0000429	0.863355720574723
4789	SH3BP5	ENSG00000131370	hsa-miR-212-5p	MIMAT0022695	0.863346664873583
4790	OTUD3	ENSG00000169914	hsa-miR-329-5p	MIMAT0026555	0.863336822436664
4791	ELAVL1	ENSG00000066044	hsa-miR-1252-3p	MIMAT0026744	0.863308532052146
4792	SLAIN2	ENSG00000109171	hsa-miR-380-3p	MIMAT0000735	0.863290410955579
4793	UBE2H	ENSG00000186591	hsa-miR-4496	MIMAT0019031	0.863277011149969
4794	RAG2	ENSG00000175097	hsa-miR-1288-5p	MIMAT0026743	0.863253312847478
4795	FZD6	ENSG00000164930	hsa-miR-148a-5p	MIMAT0004549	0.863232495271378
4796	MUC7	ENSG00000171195	hsa-miR-542-3p	MIMAT0003389	0.863153324739191
4797	SLC39A9	ENSG00000029364	hsa-miR-329-5p	MIMAT0026555	0.863152518714291
4798	DDX19A	ENSG00000168872	hsa-miR-137-3p	MIMAT0000429	0.863134520406049
4799	TRUB1	ENSG00000165832	hsa-miR-1252-3p	MIMAT0026744	0.863129340563836
4800	CPEB3	ENSG00000107864	hsa-miR-148a-5p	MIMAT0004549	0.863118549491561
4801	BAG2	ENSG00000112208	hsa-miR-137-3p	MIMAT0000429	0.863116174010056
4802	EIF5A2	ENSG00000163577	hsa-miR-1252-3p	MIMAT0026744	0.863051319048595
4803	OTUD4	ENSG00000164164	hsa-miR-137-3p	MIMAT0000429	0.863038686008991
4804	GUCY1A2	ENSG00000152402	hsa-miR-542-3p	MIMAT0003389	0.863037803285747
4805	AP4E1	ENSG00000081014	hsa-miR-1288-5p	MIMAT0026743	0.863028816325673
4806	PDGFC	ENSG00000145431	hsa-miR-6780a-3p	MIMAT0027461	0.863006881461085
4807	NKD1	ENSG00000140807	hsa-miR-148a-5p	MIMAT0004549	0.862997120253361
4808	NABP1	ENSG00000173559	hsa-miR-148a-5p	MIMAT0004549	0.862985933182693
4809	H2AC11	ENSG00000196787	hsa-miR-148a-5p	MIMAT0004549	0.862883629542284
4810	TLCD4	ENSG00000152078	hsa-miR-4496	MIMAT0019031	0.862852015573831
4811	LRRC2	ENSG00000163827	hsa-miR-542-3p	MIMAT0003389	0.862835934963616
4812	SNX19	ENSG00000120451	hsa-miR-6861-5p	MIMAT0027623	0.86278916043869
4813	UBE2D2	ENSG00000131508	hsa-miR-1252-3p	MIMAT0026744	0.862782205793966
4814	ZMYM6	ENSG00000163867	hsa-miR-542-3p	MIMAT0003389	0.862773382338463
4815	RAP2C	ENSG00000123728	hsa-miR-137-3p	MIMAT0000429	0.862763341395853
4816	SRSF1	ENSG00000136450	hsa-miR-1252-3p	MIMAT0026744	0.862746848697065
4817	KLF8	ENSG00000102349	hsa-miR-7154-5p	MIMAT0028218	0.862727119148188
4818	GRB7	ENSG00000141738	hsa-miR-1288-5p	MIMAT0026743	0.86271432090145
4819	RGS7BP	ENSG00000186479	hsa-miR-6780a-3p	MIMAT0027461	0.862689850548335
4820	MYO19	ENSG00000278259	hsa-miR-542-3p	MIMAT0003389	0.862659421849828
4821	PWWP2A	ENSG00000170234	hsa-miR-380-3p	MIMAT0000735	0.862657899725567
4822	ST8SIA5	ENSG00000101638	hsa-miR-4496	MIMAT0019031	0.862657778913889
4823	ANKRD17	ENSG00000132466	hsa-miR-1252-3p	MIMAT0026744	0.862654867880306
4824	AC093827.5	ENSG00000285458	hsa-miR-1252-3p	MIMAT0026744	0.862631373641362
4825	BRD4	ENSG00000141867	hsa-miR-1252-3p	MIMAT0026744	0.862622103804463
4826	HSBP1	ENSG00000230989	hsa-miR-148a-5p	MIMAT0004549	0.862599232602123
4827	PGBD5	ENSG00000177614	hsa-miR-212-5p	MIMAT0022695	0.862578686872701
4828	HMG20A	ENSG00000140382	hsa-miR-6780a-3p	MIMAT0027461	0.862566226118243
4829	GPATCH2	ENSG00000092978	hsa-miR-1252-3p	MIMAT0026744	0.86250942919361
4830	NRXN1	ENSG00000179915	hsa-miR-1252-3p	MIMAT0026744	0.862506761989957
4831	SLC35A3	ENSG00000117620	hsa-miR-542-3p	MIMAT0003389	0.862503787118212
4832	CREBRF	ENSG00000164463	hsa-miR-148a-5p	MIMAT0004549	0.862470056727629
4833	NFAT5	ENSG00000102908	hsa-miR-148a-5p	MIMAT0004549	0.862455344373973
4834	INO80D	ENSG00000114933	hsa-miR-148a-5p	MIMAT0004549	0.862453001586769
4835	LANCL3	ENSG00000147036	hsa-miR-1288-5p	MIMAT0026743	0.862447098161675
4836	ELAVL1	ENSG00000066044	hsa-miR-148a-5p	MIMAT0004549	0.86234575321276
4837	DOK6	ENSG00000206052	hsa-miR-137-3p	MIMAT0000429	0.862335480821656
4838	SHISA7	ENSG00000187902	hsa-miR-6780a-3p	MIMAT0027461	0.862335451894599
4839	ZNF780A	ENSG00000197782	hsa-miR-329-5p	MIMAT0026555	0.862321221594895
4840	CBR4	ENSG00000145439	hsa-miR-7154-5p	MIMAT0028218	0.862281644829863
4841	KLHL20	ENSG00000076321	hsa-miR-4496	MIMAT0019031	0.862276715933492
4842	TBC1D23	ENSG00000036054	hsa-miR-1252-3p	MIMAT0026744	0.862265054844557
4843	MCTP2	ENSG00000140563	hsa-miR-329-5p	MIMAT0026555	0.862256815987207
4844	ANKRD49	ENSG00000168876	hsa-miR-7154-5p	MIMAT0028218	0.862242748509822
4845	MAS1	ENSG00000130368	hsa-miR-148a-5p	MIMAT0004549	0.862191425045282
4846	ZDHHC20	ENSG00000180776	hsa-miR-148a-5p	MIMAT0004549	0.862178878965169
4847	TLR4	ENSG00000136869	hsa-miR-1252-3p	MIMAT0026744	0.862158032809951
4848	SRP72	ENSG00000174780	hsa-miR-4496	MIMAT0019031	0.862151406103796
4849	CCDC85C	ENSG00000205476	hsa-miR-1252-3p	MIMAT0026744	0.862139794320433
4850	PTCH1	ENSG00000185920	hsa-miR-7154-5p	MIMAT0028218	0.862135537363631
4851	CNOT7	ENSG00000198791	hsa-miR-7154-5p	MIMAT0028218	0.862103589458064
4852	ZNF667	ENSG00000198046	hsa-miR-329-5p	MIMAT0026555	0.86209860716708
4853	SYDE2	ENSG00000097096	hsa-miR-380-3p	MIMAT0000735	0.862094605261725
4854	LSM8	ENSG00000128534	hsa-miR-329-5p	MIMAT0026555	0.86208541544609
4855	NUDT21	ENSG00000167005	hsa-miR-1252-3p	MIMAT0026744	0.862080677855991
4856	FAM114A1	ENSG00000197712	hsa-miR-1252-3p	MIMAT0026744	0.862076989153625
4857	MRTFB	ENSG00000186260	hsa-miR-380-3p	MIMAT0000735	0.862047546882619
4858	NTN1	ENSG00000065320	hsa-miR-4496	MIMAT0019031	0.862045374106345
4859	MKX	ENSG00000150051	hsa-miR-1252-3p	MIMAT0026744	0.862009029975539
4860	ZNF844	ENSG00000223547	hsa-miR-7154-5p	MIMAT0028218	0.861947621711631
4861	RUBCNL	ENSG00000102445	hsa-miR-329-5p	MIMAT0026555	0.861944466252201
4862	IL1RAPL1	ENSG00000169306	hsa-miR-380-3p	MIMAT0000735	0.861936422024636
4863	TBC1D28	ENSG00000189375	hsa-miR-7154-5p	MIMAT0028218	0.861932455833993
4864	STC2	ENSG00000113739	hsa-miR-137-3p	MIMAT0000429	0.861929548511998
4865	SHPRH	ENSG00000146414	hsa-miR-6780a-3p	MIMAT0027461	0.861928978771741
4866	ZRANB2	ENSG00000132485	hsa-miR-1252-3p	MIMAT0026744	0.861901671823549
4867	ZBTB37	ENSG00000185278	hsa-miR-137-3p	MIMAT0000429	0.861888629622597
4868	BIRC6	ENSG00000115760	hsa-miR-380-3p	MIMAT0000735	0.861884870017849
4869	PARD3B	ENSG00000116117	hsa-miR-329-5p	MIMAT0026555	0.861879204458544
4870	GOLGA8N	ENSG00000232653	hsa-miR-7154-5p	MIMAT0028218	0.861867981047437
4871	FARP1	ENSG00000152767	hsa-miR-4496	MIMAT0019031	0.86184777934419
4872	RASGRP1	ENSG00000172575	hsa-miR-4496	MIMAT0019031	0.861834713726562
4873	ZNF532	ENSG00000074657	hsa-miR-137-3p	MIMAT0000429	0.86182620218753
4874	MUC17	ENSG00000169876	hsa-miR-7154-5p	MIMAT0028218	0.861791026748613
4875	POLG	ENSG00000140521	hsa-miR-5007-5p	MIMAT0021035	0.861788537049674
4876	PTPN14	ENSG00000152104	hsa-miR-212-5p	MIMAT0022695	0.861749739167675
4877	LOXL4	ENSG00000138131	hsa-miR-6780a-3p	MIMAT0027461	0.86174282433582
4878	PDE4D	ENSG00000113448	hsa-miR-6861-5p	MIMAT0027623	0.861741895914228
4879	ELMOD2	ENSG00000179387	hsa-miR-137-3p	MIMAT0000429	0.861738256613302
4880	YARS1	ENSG00000134684	hsa-miR-6780a-3p	MIMAT0027461	0.861729423733538
4881	FTO	ENSG00000140718	hsa-miR-1252-3p	MIMAT0026744	0.861710381120442
4882	ZNF652	ENSG00000198740	hsa-miR-5007-5p	MIMAT0021035	0.861694325433634
4883	AC091167.7	ENSG00000284626	hsa-miR-212-5p	MIMAT0022695	0.861660950295463
4884	LCOR	ENSG00000196233	hsa-miR-137-3p	MIMAT0000429	0.861615366480483
4885	GPATCH8	ENSG00000186566	hsa-miR-4496	MIMAT0019031	0.86161428265903
4886	PCSK6	ENSG00000140479	hsa-miR-6861-5p	MIMAT0027623	0.86158918402646
4887	LRP11	ENSG00000120256	hsa-miR-4496	MIMAT0019031	0.861568777255027
4888	BEAN1	ENSG00000166546	hsa-miR-542-3p	MIMAT0003389	0.86148710298517
4889	LPAR1	ENSG00000198121	hsa-miR-6780a-3p	MIMAT0027461	0.861486205202039
4890	SSBP2	ENSG00000145687	hsa-miR-137-3p	MIMAT0000429	0.861466432981454
4891	ZNF107	ENSG00000196247	hsa-miR-329-5p	MIMAT0026555	0.861451521265146
4892	SCOC	ENSG00000153130	hsa-miR-3618	MIMAT0017998	0.861435933043503
4893	ABHD13	ENSG00000139826	hsa-miR-380-3p	MIMAT0000735	0.861434486447292
4894	CAPZB	ENSG00000077549	hsa-miR-380-3p	MIMAT0000735	0.861399571142969
4895	AC005943.1	ENSG00000267059	hsa-miR-6780a-3p	MIMAT0027461	0.861371285081464
4896	NOL4L	ENSG00000197183	hsa-miR-329-5p	MIMAT0026555	0.861323429958906
4897	PLPPR4	ENSG00000117600	hsa-miR-380-3p	MIMAT0000735	0.861314217062329
4898	AGPS	ENSG00000018510	hsa-miR-4496	MIMAT0019031	0.861301102419352
4899	PPIG	ENSG00000138398	hsa-miR-4496	MIMAT0019031	0.861296840157198
4900	PRRC2C	ENSG00000117523	hsa-miR-148a-5p	MIMAT0004549	0.861258375945498
4901	SLC25A16	ENSG00000122912	hsa-miR-380-3p	MIMAT0000735	0.861248307105132
4902	SPTSSB	ENSG00000196542	hsa-miR-7154-5p	MIMAT0028218	0.861164654826833
4903	XRN2	ENSG00000088930	hsa-miR-1288-5p	MIMAT0026743	0.861157778168892
4904	SNAP25	ENSG00000132639	hsa-miR-380-3p	MIMAT0000735	0.861126119892563
4905	MBL2	ENSG00000165471	hsa-miR-137-3p	MIMAT0000429	0.861123681354733
4906	RAD23B	ENSG00000119318	hsa-miR-4496	MIMAT0019031	0.861111578212838
4907	ITPR2	ENSG00000123104	hsa-miR-7154-5p	MIMAT0028218	0.861105990029169
4908	SV2C	ENSG00000122012	hsa-miR-1252-3p	MIMAT0026744	0.861103004816563
4909	MAN1A2	ENSG00000198162	hsa-miR-329-5p	MIMAT0026555	0.861101605264065
4910	SARM1	ENSG00000004139	hsa-miR-212-5p	MIMAT0022695	0.86106031507443
4911	TSG101	ENSG00000074319	hsa-miR-148a-5p	MIMAT0004549	0.861055947083006
4912	FANCB	ENSG00000181544	hsa-miR-4496	MIMAT0019031	0.861052763035085
4913	KLRD1	ENSG00000134539	hsa-miR-4496	MIMAT0019031	0.861038875145488
4914	CLEC6A	ENSG00000205846	hsa-miR-1252-3p	MIMAT0026744	0.861017772788316
4915	OR5D3P	ENSG00000186886	hsa-miR-148a-5p	MIMAT0004549	0.861005878759475
4916	FOXK1	ENSG00000164916	hsa-miR-542-3p	MIMAT0003389	0.860989500051917
4917	PAPOLB	ENSG00000218823	hsa-miR-137-3p	MIMAT0000429	0.860983638839702
4918	PBX3	ENSG00000167081	hsa-miR-148a-5p	MIMAT0004549	0.860941339138053
4919	GAN	ENSG00000261609	hsa-miR-7154-5p	MIMAT0028218	0.860934430177147
4920	TMEM170A	ENSG00000166822	hsa-miR-7154-5p	MIMAT0028218	0.860916926701538
4921	TNIP3	ENSG00000050730	hsa-miR-4496	MIMAT0019031	0.860908379210518
4922	LINGO1	ENSG00000169783	hsa-miR-4496	MIMAT0019031	0.860892841246436
4923	CEP78	ENSG00000148019	hsa-miR-7154-5p	MIMAT0028218	0.860841194129374
4924	RYBP	ENSG00000163602	hsa-miR-1252-3p	MIMAT0026744	0.860811702315018
4925	GINM1	ENSG00000055211	hsa-miR-148a-5p	MIMAT0004549	0.86080773208613
4926	SKP2	ENSG00000145604	hsa-miR-148a-5p	MIMAT0004549	0.860765771281001
4927	DMRTC2	ENSG00000142025	hsa-miR-6861-5p	MIMAT0027623	0.860733750748724
4928	ZNF208	ENSG00000160321	hsa-miR-329-5p	MIMAT0026555	0.860733048332493
4929	MIS18BP1	ENSG00000129534	hsa-miR-7154-5p	MIMAT0028218	0.860714007036304
4930	MYO5A	ENSG00000197535	hsa-miR-1288-5p	MIMAT0026743	0.860702016164284
4931	MORC3	ENSG00000159256	hsa-miR-380-3p	MIMAT0000735	0.860679097216825
4932	SETD5	ENSG00000168137	hsa-miR-6780a-3p	MIMAT0027461	0.860677507075516
4933	KCND1	ENSG00000102057	hsa-miR-137-3p	MIMAT0000429	0.860667230137411
4934	TMEM161B	ENSG00000164180	hsa-miR-1252-3p	MIMAT0026744	0.860601251392682
4935	KYNU	ENSG00000115919	hsa-miR-4496	MIMAT0019031	0.86058761600422
4936	CCN4	ENSG00000104415	hsa-miR-1252-3p	MIMAT0026744	0.860555287488402
4937	SMIM10L2A	ENSG00000178947	hsa-miR-6780a-3p	MIMAT0027461	0.860541120428356
4938	OR56A1	ENSG00000180934	hsa-miR-6780a-3p	MIMAT0027461	0.860491314777478
4939	WBP2NL	ENSG00000183066	hsa-miR-1288-5p	MIMAT0026743	0.860481180432741
4940	TNRC6B	ENSG00000100354	hsa-miR-137-3p	MIMAT0000429	0.860470236270474
4941	PPP1R16B	ENSG00000101445	hsa-miR-137-3p	MIMAT0000429	0.860454366480899
4942	TSPAN14	ENSG00000108219	hsa-miR-6861-5p	MIMAT0027623	0.86045301668074
4943	OR4D2	ENSG00000255713	hsa-miR-4496	MIMAT0019031	0.860427148851851
4944	RGS16	ENSG00000143333	hsa-miR-4496	MIMAT0019031	0.860417904666908
4945	IL3	ENSG00000164399	hsa-miR-1252-3p	MIMAT0026744	0.860376288220345
4946	ILRUN	ENSG00000196821	hsa-miR-4496	MIMAT0019031	0.860310956844983
4947	TWSG1	ENSG00000128791	hsa-miR-4496	MIMAT0019031	0.860285613518979
4948	PDK1	ENSG00000152256	hsa-miR-148a-5p	MIMAT0004549	0.860285580072239
4949	STYXL1	ENSG00000127952	hsa-miR-1252-3p	MIMAT0026744	0.860284206613282
4950	WDR3	ENSG00000065183	hsa-miR-4496	MIMAT0019031	0.860249248776764
4951	PCLO	ENSG00000186472	hsa-miR-380-3p	MIMAT0000735	0.860238753339959
4952	ITCH	ENSG00000078747	hsa-miR-4496	MIMAT0019031	0.860224716829117
4953	ATF7IP2	ENSG00000166669	hsa-miR-3618	MIMAT0017998	0.86021784854399
4954	SLCO2B1	ENSG00000137491	hsa-miR-380-3p	MIMAT0000735	0.860207937109412
4955	PRDM11	ENSG00000019485	hsa-miR-329-5p	MIMAT0026555	0.860203710575996
4956	SUCNR1	ENSG00000198829	hsa-miR-7154-5p	MIMAT0028218	0.860137020614051
4957	R3HCC1L	ENSG00000166024	hsa-miR-6780a-3p	MIMAT0027461	0.860132972490054
4958	NLGN4Y	ENSG00000165246	hsa-miR-1252-3p	MIMAT0026744	0.860129609068015
4959	MLPH	ENSG00000115648	hsa-miR-1288-5p	MIMAT0026743	0.860099507109431
4960	ANGPTL1	ENSG00000116194	hsa-miR-329-5p	MIMAT0026555	0.860067541230617
4961	CENPV	ENSG00000166582	hsa-miR-148a-5p	MIMAT0004549	0.860064151755539
4962	COL6A6	ENSG00000206384	hsa-miR-5007-5p	MIMAT0021035	0.860059858016955
4963	OSBPL6	ENSG00000079156	hsa-miR-1252-3p	MIMAT0026744	0.86005443032089
4964	SPANXN1	ENSG00000203923	hsa-miR-6780a-3p	MIMAT0027461	0.86004319134998
4965	AHR	ENSG00000106546	hsa-miR-137-3p	MIMAT0000429	0.860039256287472
4966	HS1BP3	ENSG00000118960	hsa-miR-6780a-3p	MIMAT0027461	0.860027100050388
4967	ATP2B2	ENSG00000157087	hsa-miR-4496	MIMAT0019031	0.860016649041328
4968	SKP1	ENSG00000113558	hsa-miR-6861-5p	MIMAT0027623	0.859990486245309
4969	KDM5B	ENSG00000117139	hsa-miR-1288-5p	MIMAT0026743	0.859988970349151
4970	PPIL4	ENSG00000131013	hsa-miR-1252-3p	MIMAT0026744	0.859969323430459
4971	PSAT1	ENSG00000135069	hsa-miR-3618	MIMAT0017998	0.859961843154797
4972	CELSR2	ENSG00000143126	hsa-miR-1252-3p	MIMAT0026744	0.859950396791826
4973	ARL3	ENSG00000138175	hsa-miR-4496	MIMAT0019031	0.859941813725626
4974	ATP6V1G2	ENSG00000213760	hsa-miR-4496	MIMAT0019031	0.859936988101594
4975	BHLHE41	ENSG00000123095	hsa-miR-212-5p	MIMAT0022695	0.859920239122657
4976	LRRC3B	ENSG00000179796	hsa-miR-5007-5p	MIMAT0021035	0.859909300204002
4977	PTCD2	ENSG00000049883	hsa-miR-1252-3p	MIMAT0026744	0.859890314993341
4978	SLF2	ENSG00000119906	hsa-miR-4496	MIMAT0019031	0.859889162332283
4979	FMR1	ENSG00000102081	hsa-miR-1252-3p	MIMAT0026744	0.859877456988336
4980	NOVA1	ENSG00000139910	hsa-miR-4496	MIMAT0019031	0.859872360781714
4981	GNA13	ENSG00000120063	hsa-miR-148a-5p	MIMAT0004549	0.859864621139737
4982	MYEF2	ENSG00000104177	hsa-miR-1252-3p	MIMAT0026744	0.859861621880065
4983	CALM3	ENSG00000160014	hsa-miR-137-3p	MIMAT0000429	0.859846107934809
4984	RRP15	ENSG00000067533	hsa-miR-4496	MIMAT0019031	0.85984046752905
4985	DOCK9	ENSG00000088387	hsa-miR-137-3p	MIMAT0000429	0.859819096413533
4986	RXRA	ENSG00000186350	hsa-miR-6780a-3p	MIMAT0027461	0.859803851258766
4987	SYNDIG1	ENSG00000101463	hsa-miR-137-3p	MIMAT0000429	0.859730302245606
4988	TEX49	ENSG00000257987	hsa-miR-6780a-3p	MIMAT0027461	0.859700765831761
4989	RAB18	ENSG00000099246	hsa-miR-542-3p	MIMAT0003389	0.859695917586497
4990	AL357556.3	ENSG00000285053	hsa-miR-5007-5p	MIMAT0021035	0.859668769627719
4991	SLC12A2	ENSG00000064651	hsa-miR-542-3p	MIMAT0003389	0.859663240598183
4992	OR56A1	ENSG00000180934	hsa-miR-329-5p	MIMAT0026555	0.859662282833323
4993	AC013477.1	ENSG00000288637	hsa-miR-137-3p	MIMAT0000429	0.859654507797292
4994	NAPEPLD	ENSG00000161048	hsa-miR-1252-3p	MIMAT0026744	0.859634600724123
4995	DCAF12	ENSG00000198876	hsa-miR-212-5p	MIMAT0022695	0.859616079645125
4996	PNMA8C	ENSG00000277531	hsa-miR-1252-3p	MIMAT0026744	0.859553675686596
4997	NAPEPLD	ENSG00000161048	hsa-miR-4496	MIMAT0019031	0.859508832458878
4998	USF2	ENSG00000105698	hsa-miR-137-3p	MIMAT0000429	0.859425772680564
4999	TMEM221	ENSG00000188051	hsa-miR-4496	MIMAT0019031	0.859425033101024
5000	KMT2C	ENSG00000055609	hsa-miR-148a-5p	MIMAT0004549	0.859413982826135
5001	OSBPL8	ENSG00000091039	hsa-miR-380-3p	MIMAT0000735	0.859400060736978
5002	HECW1	ENSG00000002746	hsa-miR-137-3p	MIMAT0000429	0.85938977833052
5003	ARID1B	ENSG00000049618	hsa-miR-7154-5p	MIMAT0028218	0.859368128559287
5004	TENT4B	ENSG00000121274	hsa-miR-7154-5p	MIMAT0028218	0.859358788485662
5005	TCEANC2	ENSG00000116205	hsa-miR-6780a-3p	MIMAT0027461	0.859349058318476
5006	MITD1	ENSG00000158411	hsa-miR-7154-5p	MIMAT0028218	0.859291049203528
5007	ISM2	ENSG00000100593	hsa-miR-6780a-3p	MIMAT0027461	0.859276476868248
5008	ZBTB6	ENSG00000186130	hsa-miR-148a-5p	MIMAT0004549	0.859258312787166
5009	SH3PXD2B	ENSG00000174705	hsa-miR-4496	MIMAT0019031	0.859254546720171
5010	PURB	ENSG00000146676	hsa-miR-1252-3p	MIMAT0026744	0.859252741727278
5011	BBX	ENSG00000114439	hsa-miR-4496	MIMAT0019031	0.859229486341986
5012	REEP3	ENSG00000165476	hsa-miR-7154-5p	MIMAT0028218	0.859225305504455
5013	SYNJ2BP	ENSG00000213463	hsa-miR-542-3p	MIMAT0003389	0.859205165403217
5014	SLC4A7	ENSG00000033867	hsa-miR-1252-3p	MIMAT0026744	0.859182547268923
5015	CYP24A1	ENSG00000019186	hsa-miR-137-3p	MIMAT0000429	0.859175541285307
5016	PIK3C3	ENSG00000078142	hsa-miR-4496	MIMAT0019031	0.859134605687458
5017	SFT2D2	ENSG00000213064	hsa-miR-1252-3p	MIMAT0026744	0.859133312325384
5018	KIAA1328	ENSG00000150477	hsa-miR-4496	MIMAT0019031	0.859119831784486
5019	AC069544.2	ENSG00000284024	hsa-miR-4496	MIMAT0019031	0.85909075983899
5020	ZNF580	ENSG00000213015	hsa-miR-3618	MIMAT0017998	0.859089530562636
5021	URB1	ENSG00000142207	hsa-miR-6780a-3p	MIMAT0027461	0.859081754740094
5022	UNC13B	ENSG00000198722	hsa-miR-6780a-3p	MIMAT0027461	0.859019138578699
5023	FOXO4	ENSG00000184481	hsa-miR-6861-5p	MIMAT0027623	0.858976257807268
5024	ASH1L	ENSG00000116539	hsa-miR-329-5p	MIMAT0026555	0.858951299130686
5025	FXR1	ENSG00000114416	hsa-miR-1252-3p	MIMAT0026744	0.858941760042218
5026	POM121C	ENSG00000272391	hsa-miR-329-5p	MIMAT0026555	0.858936320976356
5027	RCN2	ENSG00000117906	hsa-miR-148a-5p	MIMAT0004549	0.85893188724802
5028	PPP1R11	ENSG00000204619	hsa-miR-1252-3p	MIMAT0026744	0.858927035663225
5029	AP1S2	ENSG00000182287	hsa-miR-1252-3p	MIMAT0026744	0.858894560275216
5030	RAB11FIP5	ENSG00000135631	hsa-miR-6780a-3p	MIMAT0027461	0.858864871639973
5031	UNC13C	ENSG00000137766	hsa-miR-148a-5p	MIMAT0004549	0.858850192877609
5032	PARD6G	ENSG00000178184	hsa-miR-148a-5p	MIMAT0004549	0.85881988783953
5033	GLRX5	ENSG00000182512	hsa-miR-7154-5p	MIMAT0028218	0.858802497533834
5034	HEATR5B	ENSG00000008869	hsa-miR-1252-3p	MIMAT0026744	0.858764968548597
5035	BIRC5	ENSG00000089685	hsa-miR-542-3p	MIMAT0003389	0.858720486585909
5036	RS1	ENSG00000102104	hsa-miR-1252-3p	MIMAT0026744	0.858709688955792
5037	LRP8	ENSG00000157193	hsa-miR-212-5p	MIMAT0022695	0.858698234643844
5038	TLK1	ENSG00000198586	hsa-miR-212-5p	MIMAT0022695	0.858698211302649
5039	DSG3	ENSG00000134757	hsa-miR-137-3p	MIMAT0000429	0.858696041124399
5040	MED13	ENSG00000108510	hsa-miR-6861-5p	MIMAT0027623	0.858688506954768
5041	ETNK1	ENSG00000139163	hsa-miR-148a-5p	MIMAT0004549	0.858687315505468
5042	SMAD5	ENSG00000113658	hsa-miR-148a-5p	MIMAT0004549	0.858675105735081
5043	WDR37	ENSG00000047056	hsa-miR-1252-3p	MIMAT0026744	0.85865914035562
5044	LNPEP	ENSG00000113441	hsa-miR-380-3p	MIMAT0000735	0.858654900088589
5045	POU3F4	ENSG00000196767	hsa-miR-4496	MIMAT0019031	0.858638620153639
5046	NEIL1	ENSG00000140398	hsa-miR-4496	MIMAT0019031	0.858578943280712
5047	GK	ENSG00000198814	hsa-miR-380-3p	MIMAT0000735	0.858563330070379
5048	AL033529.1	ENSG00000254553	hsa-miR-1288-5p	MIMAT0026743	0.85853070602954
5049	BMP10	ENSG00000163217	hsa-miR-329-5p	MIMAT0026555	0.858506080194418
5050	ZNF260	ENSG00000254004	hsa-miR-137-3p	MIMAT0000429	0.858501929125216
5051	FBXL17	ENSG00000145743	hsa-miR-1252-3p	MIMAT0026744	0.858479840153482
5052	GOLIM4	ENSG00000173905	hsa-miR-148a-5p	MIMAT0004549	0.858475983324638
5053	NR2F2	ENSG00000185551	hsa-miR-148a-5p	MIMAT0004549	0.85839157917183
5054	CDC42	ENSG00000070831	hsa-miR-4496	MIMAT0019031	0.858388851216061
5055	PCGF3	ENSG00000185619	hsa-miR-148a-5p	MIMAT0004549	0.858368958400371
5056	CTBS	ENSG00000117151	hsa-miR-1288-5p	MIMAT0026743	0.858364498793637
5057	CD55	ENSG00000196352	hsa-miR-4496	MIMAT0019031	0.858337199189922
5058	SLC30A10	ENSG00000196660	hsa-miR-148a-5p	MIMAT0004549	0.858318555925933
5059	CLDN22	ENSG00000177300	hsa-miR-137-3p	MIMAT0000429	0.858317922912803
5060	STK38L	ENSG00000211455	hsa-miR-5007-5p	MIMAT0021035	0.858296403729648
5061	GPR27	ENSG00000170837	hsa-miR-4496	MIMAT0019031	0.858293342908456
5062	BVES	ENSG00000112276	hsa-miR-4496	MIMAT0019031	0.858261012848296
5063	PCLO	ENSG00000186472	hsa-miR-1252-3p	MIMAT0026744	0.858258681833415
5064	CCDC93	ENSG00000125633	hsa-miR-7154-5p	MIMAT0028218	0.85817484462892
5065	UGGT1	ENSG00000136731	hsa-miR-1252-3p	MIMAT0026744	0.858155916439725
5066	NRP1	ENSG00000099250	hsa-miR-137-3p	MIMAT0000429	0.858154236411887
5067	SLC4A10	ENSG00000144290	hsa-miR-1252-3p	MIMAT0026744	0.858078513889961
5068	PPP4R1	ENSG00000154845	hsa-miR-6780a-3p	MIMAT0027461	0.858047482376869
5069	AGO1	ENSG00000092847	hsa-miR-1252-3p	MIMAT0026744	0.858041347089989
5070	FNIP1	ENSG00000217128	hsa-miR-380-3p	MIMAT0000735	0.858031424508913
5071	PCDHAC1	ENSG00000248383	hsa-miR-4496	MIMAT0019031	0.85800135614649
5072	CLDN12	ENSG00000157224	hsa-miR-329-5p	MIMAT0026555	0.857991701724078
5073	DOCK4	ENSG00000128512	hsa-miR-1252-3p	MIMAT0026744	0.857991071628289
5074	RC3H1	ENSG00000135870	hsa-miR-1252-3p	MIMAT0026744	0.85797016474498
5075	OR10H5	ENSG00000172519	hsa-miR-542-3p	MIMAT0003389	0.857939437652048
5076	ARHGAP29	ENSG00000137962	hsa-miR-1252-3p	MIMAT0026744	0.857921652534891
5077	FAM114A2	ENSG00000055147	hsa-miR-329-5p	MIMAT0026555	0.857876061778655
5078	RSPRY1	ENSG00000159579	hsa-miR-212-5p	MIMAT0022695	0.857873336969503
5079	C6orf62	ENSG00000112308	hsa-miR-1252-3p	MIMAT0026744	0.857847797948857
5080	RASL11A	ENSG00000122035	hsa-miR-148a-5p	MIMAT0004549	0.857843394057907
5081	IPO11	ENSG00000086200	hsa-miR-7154-5p	MIMAT0028218	0.857818747390322
5082	RCOR1	ENSG00000089902	hsa-miR-4496	MIMAT0019031	0.857805759326542
5083	HS3ST3A1	ENSG00000153976	hsa-miR-6861-5p	MIMAT0027623	0.857802238100754
5084	CNKSR3	ENSG00000153721	hsa-miR-4496	MIMAT0019031	0.857774267944255
5085	KMT5B	ENSG00000110066	hsa-miR-1252-3p	MIMAT0026744	0.857770628460275
5086	EVI2B	ENSG00000185862	hsa-miR-6861-5p	MIMAT0027623	0.85772205268695
5087	OR2M4	ENSG00000171180	hsa-miR-380-3p	MIMAT0000735	0.857707629652121
5088	TMEM106B	ENSG00000106460	hsa-miR-137-3p	MIMAT0000429	0.857665254597973
5089	ACSL6	ENSG00000164398	hsa-miR-137-3p	MIMAT0000429	0.857650312084085
5090	ZNF337	ENSG00000130684	hsa-miR-4496	MIMAT0019031	0.857647944415493
5091	INTU	ENSG00000164066	hsa-miR-1252-3p	MIMAT0026744	0.857643431159292
5092	UBE2H	ENSG00000186591	hsa-miR-7154-5p	MIMAT0028218	0.857636949192614
5093	ASB4	ENSG00000005981	hsa-miR-148a-5p	MIMAT0004549	0.857617288782969
5094	NOD2	ENSG00000167207	hsa-miR-148a-5p	MIMAT0004549	0.857595516384899
5095	SH3GL2	ENSG00000107295	hsa-miR-7154-5p	MIMAT0028218	0.857560366441075
5096	CLIP1	ENSG00000130779	hsa-miR-1252-3p	MIMAT0026744	0.857558490152353
5097	XKR9	ENSG00000221947	hsa-miR-1252-3p	MIMAT0026744	0.857549690242412
5098	ANKRD49	ENSG00000168876	hsa-miR-1252-3p	MIMAT0026744	0.857513006003418
5099	TLL2	ENSG00000095587	hsa-miR-4496	MIMAT0019031	0.857512704833797
5100	SRP19	ENSG00000153037	hsa-miR-6780a-3p	MIMAT0027461	0.857511075631764
5101	CTXN3	ENSG00000205279	hsa-miR-6780a-3p	MIMAT0027461	0.857500879595738
5102	TTC17	ENSG00000052841	hsa-miR-212-5p	MIMAT0022695	0.857490972123086
5103	VMP1	ENSG00000062716	hsa-miR-4496	MIMAT0019031	0.857470181014082
5104	DNAJC6	ENSG00000116675	hsa-miR-542-3p	MIMAT0003389	0.857412510083437
5105	SLF2	ENSG00000119906	hsa-miR-7154-5p	MIMAT0028218	0.857376724132332
5106	ATAD2B	ENSG00000119778	hsa-miR-148a-5p	MIMAT0004549	0.857294192669441
5107	WBP11	ENSG00000084463	hsa-miR-7154-5p	MIMAT0028218	0.857257454858494
5108	TF	ENSG00000091513	hsa-miR-4496	MIMAT0019031	0.857248680584228
5109	DMRTA1	ENSG00000176399	hsa-miR-1252-3p	MIMAT0026744	0.857246231183667
5110	PABPC4L	ENSG00000254535	hsa-miR-380-3p	MIMAT0000735	0.85723165920683
5111	FRY	ENSG00000073910	hsa-miR-137-3p	MIMAT0000429	0.857220571188949
5112	TRAF6	ENSG00000175104	hsa-miR-1252-3p	MIMAT0026744	0.857097676280375
5113	ZBTB10	ENSG00000205189	hsa-miR-380-3p	MIMAT0000735	0.857061115776034
5114	SEMA3A	ENSG00000075213	hsa-miR-7154-5p	MIMAT0028218	0.857002765024187
5115	SYT13	ENSG00000019505	hsa-miR-7154-5p	MIMAT0028218	0.856929308323663
5116	IKBKB	ENSG00000104365	hsa-miR-212-5p	MIMAT0022695	0.85691985699588
5117	ENAH	ENSG00000154380	hsa-miR-1252-3p	MIMAT0026744	0.856895738787109
5118	AGFG1	ENSG00000173744	hsa-miR-1252-3p	MIMAT0026744	0.856868549125887
5119	FAM83F	ENSG00000133477	hsa-miR-4496	MIMAT0019031	0.856844884040985
5120	OLFM3	ENSG00000118733	hsa-miR-1288-5p	MIMAT0026743	0.856781148827769
5121	REPIN1	ENSG00000214022	hsa-miR-4496	MIMAT0019031	0.856780222132307
5122	RAP1B	ENSG00000127314	hsa-miR-1252-3p	MIMAT0026744	0.856744923557497
5123	GRK7	ENSG00000114124	hsa-miR-5007-5p	MIMAT0021035	0.856700394141904
5124	EVA1A	ENSG00000115363	hsa-miR-380-3p	MIMAT0000735	0.856663680091719
5125	NPY1R	ENSG00000164128	hsa-miR-1252-3p	MIMAT0026744	0.856609529876854
5126	SELENOF	ENSG00000183291	hsa-miR-329-5p	MIMAT0026555	0.85660585089958
5127	MORF4L2	ENSG00000123562	hsa-miR-1252-3p	MIMAT0026744	0.85656182693379
5128	PDS5A	ENSG00000121892	hsa-miR-137-3p	MIMAT0000429	0.856529221988518
5129	PRRC2B	ENSG00000130723	hsa-miR-212-5p	MIMAT0022695	0.856452447203632
5130	SDE2	ENSG00000143751	hsa-miR-4496	MIMAT0019031	0.856450743268061
5131	RAB35	ENSG00000111737	hsa-miR-137-3p	MIMAT0000429	0.856428094343458
5132	H2BC15	ENSG00000233822	hsa-miR-212-5p	MIMAT0022695	0.856424495683048
5133	RNF150	ENSG00000170153	hsa-miR-3618	MIMAT0017998	0.856413434438391
5134	ZNF614	ENSG00000142556	hsa-miR-137-3p	MIMAT0000429	0.856391061666918
5135	SPEG	ENSG00000072195	hsa-miR-6780a-3p	MIMAT0027461	0.856380777048937
5136	SLC35F5	ENSG00000115084	hsa-miR-329-5p	MIMAT0026555	0.85633636402745
5137	SEMA3D	ENSG00000153993	hsa-miR-1252-3p	MIMAT0026744	0.856327619497614
5138	LMLN	ENSG00000185621	hsa-miR-380-3p	MIMAT0000735	0.856244004026382
5139	FGB	ENSG00000171564	hsa-miR-5007-5p	MIMAT0021035	0.856123092254887
5140	SMURF2	ENSG00000108854	hsa-miR-1252-3p	MIMAT0026744	0.856120762584561
5141	SP1	ENSG00000185591	hsa-miR-329-5p	MIMAT0026555	0.856118922238708
5142	RSL24D1	ENSG00000137876	hsa-miR-380-3p	MIMAT0000735	0.856105031013697
5143	FMR1	ENSG00000102081	hsa-miR-148a-5p	MIMAT0004549	0.856103975013833
5144	GPRIN3	ENSG00000185477	hsa-miR-6780a-3p	MIMAT0027461	0.856054247849913
5145	DFFA	ENSG00000160049	hsa-miR-3618	MIMAT0017998	0.855983891629124
5146	FAM110C	ENSG00000184731	hsa-miR-1252-3p	MIMAT0026744	0.855965653980157
5147	ABCG8	ENSG00000143921	hsa-miR-1252-3p	MIMAT0026744	0.855954807775162
5148	FAM13B	ENSG00000031003	hsa-miR-148a-5p	MIMAT0004549	0.855941250741754
5149	AMMECR1	ENSG00000101935	hsa-miR-4496	MIMAT0019031	0.855937536211387
5150	SMIM34B	ENSG00000278961	hsa-miR-1252-3p	MIMAT0026744	0.85590614314489
5151	SEC24A	ENSG00000113615	hsa-miR-329-5p	MIMAT0026555	0.855899113625815
5152	PCDHA8	ENSG00000204962	hsa-miR-4496	MIMAT0019031	0.855896719864697
5153	SLC16A12	ENSG00000152779	hsa-miR-1252-3p	MIMAT0026744	0.855858434521324
5154	USP9X	ENSG00000124486	hsa-miR-4496	MIMAT0019031	0.855848259931288
5155	TAB3	ENSG00000157625	hsa-miR-148a-5p	MIMAT0004549	0.855839413598603
5156	ABAT	ENSG00000183044	hsa-miR-4496	MIMAT0019031	0.85580197918551
5157	GOSR2	ENSG00000108433	hsa-miR-380-3p	MIMAT0000735	0.855767898625769
5158	WDR35	ENSG00000118965	hsa-miR-1252-3p	MIMAT0026744	0.855759036776536
5159	FRZB	ENSG00000162998	hsa-miR-137-3p	MIMAT0000429	0.855730827819877
5160	PCDHA3	ENSG00000255408	hsa-miR-4496	MIMAT0019031	0.855723725375623
5161	FRMD4A	ENSG00000151474	hsa-miR-1252-3p	MIMAT0026744	0.855721571394157
5162	NKAIN2	ENSG00000188580	hsa-miR-148a-5p	MIMAT0004549	0.855717341621222
5163	SEC22B	ENSG00000265808	hsa-miR-380-3p	MIMAT0000735	0.855710708208106
5164	PCDHA7	ENSG00000204963	hsa-miR-4496	MIMAT0019031	0.855686852419878
5165	RPS29	ENSG00000213741	hsa-miR-4496	MIMAT0019031	0.855682875297463
5166	LHFPL5	ENSG00000197753	hsa-miR-212-5p	MIMAT0022695	0.855648613130894
5167	PSTK	ENSG00000179988	hsa-miR-148a-5p	MIMAT0004549	0.855603932903603
5168	STAMBP	ENSG00000124356	hsa-miR-4496	MIMAT0019031	0.855558922673906
5169	PCDHA6	ENSG00000081842	hsa-miR-4496	MIMAT0019031	0.855551100378638
5170	JHY	ENSG00000109944	hsa-miR-6861-5p	MIMAT0027623	0.855540553353735
5171	RANBP17	ENSG00000204764	hsa-miR-7154-5p	MIMAT0028218	0.855527116020135
5172	CLOCK	ENSG00000134852	hsa-miR-1252-3p	MIMAT0026744	0.85550244908941
5173	PCDHAC2	ENSG00000243232	hsa-miR-4496	MIMAT0019031	0.855502391805583
5174	GCOM1	ENSG00000137878	hsa-miR-1252-3p	MIMAT0026744	0.855498991867156
5175	PCDHA11	ENSG00000249158	hsa-miR-4496	MIMAT0019031	0.85542821628921
5176	NECAB1	ENSG00000123119	hsa-miR-329-5p	MIMAT0026555	0.85539709625863
5177	DIP2C	ENSG00000151240	hsa-miR-7154-5p	MIMAT0028218	0.855387910241591
5178	PPARGC1A	ENSG00000109819	hsa-miR-4496	MIMAT0019031	0.855373596341794
5179	MYCBP2	ENSG00000005810	hsa-miR-137-3p	MIMAT0000429	0.855320336287641
5180	FUNDC1	ENSG00000069509	hsa-miR-137-3p	MIMAT0000429	0.855316150746591
5181	ZNF280C	ENSG00000056277	hsa-miR-7154-5p	MIMAT0028218	0.855312525233544
5182	DBF4B	ENSG00000161692	hsa-miR-4496	MIMAT0019031	0.855303646985094
5183	USP45	ENSG00000123552	hsa-miR-7154-5p	MIMAT0028218	0.855301398707975
5184	TBX3	ENSG00000135111	hsa-miR-137-3p	MIMAT0000429	0.85527833992526
5185	KRBA2	ENSG00000184619	hsa-miR-6861-5p	MIMAT0027623	0.855245848921227
5186	LONRF2	ENSG00000170500	hsa-miR-329-5p	MIMAT0026555	0.855211114072007
5187	AGPAT4	ENSG00000026652	hsa-miR-212-5p	MIMAT0022695	0.855185286791122
5188	HFE	ENSG00000010704	hsa-miR-1252-3p	MIMAT0026744	0.855161369896105
5189	TBL1XR1	ENSG00000177565	hsa-miR-1252-3p	MIMAT0026744	0.855090338227592
5190	SHANK2	ENSG00000162105	hsa-miR-7154-5p	MIMAT0028218	0.855088097210274
5191	ELMO2	ENSG00000062598	hsa-miR-4496	MIMAT0019031	0.855076454295832
5192	GPR182	ENSG00000166856	hsa-miR-542-3p	MIMAT0003389	0.85506196428191
5193	PCDHA1	ENSG00000204970	hsa-miR-4496	MIMAT0019031	0.855051946493123
5194	TOX2	ENSG00000124191	hsa-miR-4496	MIMAT0019031	0.855050708638273
5195	CUX2	ENSG00000111249	hsa-miR-542-3p	MIMAT0003389	0.855046242492281
5196	NTN4	ENSG00000074527	hsa-miR-7154-5p	MIMAT0028218	0.855044324220562
5197	PGGT1B	ENSG00000164219	hsa-miR-137-3p	MIMAT0000429	0.85503578124189
5198	AQP1	ENSG00000240583	hsa-miR-3618	MIMAT0017998	0.855015295522599
5199	FSBP	ENSG00000265817	hsa-miR-3618	MIMAT0017998	0.855009896856182
5200	GPR182	ENSG00000166856	hsa-miR-4496	MIMAT0019031	0.855006895100566
5201	ABCG2	ENSG00000118777	hsa-miR-148a-5p	MIMAT0004549	0.854962782115495
5202	ZNF37A	ENSG00000075407	hsa-miR-329-5p	MIMAT0026555	0.854867418415234
5203	TMSB15B	ENSG00000269226	hsa-miR-137-3p	MIMAT0000429	0.854854859637542
5204	SUPT3H	ENSG00000196284	hsa-miR-4496	MIMAT0019031	0.854841489999675
5205	PCDHA13	ENSG00000239389	hsa-miR-4496	MIMAT0019031	0.854841193049311
5206	AASS	ENSG00000008311	hsa-miR-137-3p	MIMAT0000429	0.854831051640693
5207	CNTLN	ENSG00000044459	hsa-miR-4496	MIMAT0019031	0.854816370474003
5208	SERF1A	ENSG00000172058	hsa-miR-542-3p	MIMAT0003389	0.854791185124822
5209	TEX44	ENSG00000177673	hsa-miR-137-3p	MIMAT0000429	0.854766547071871
5210	KCNA2	ENSG00000177301	hsa-miR-4496	MIMAT0019031	0.8547632176146
5211	PTPRC	ENSG00000081237	hsa-miR-7154-5p	MIMAT0028218	0.854761092733809
5212	NCAM2	ENSG00000154654	hsa-miR-6780a-3p	MIMAT0027461	0.854744412250719
5213	PRMT8	ENSG00000111218	hsa-miR-6780a-3p	MIMAT0027461	0.85473617101642
5214	NT5DC1	ENSG00000178425	hsa-miR-137-3p	MIMAT0000429	0.854723630965117
5215	VEZF1	ENSG00000136451	hsa-miR-212-5p	MIMAT0022695	0.85469570001202
5216	SETD4	ENSG00000185917	hsa-miR-4496	MIMAT0019031	0.854658176496805
5217	LYPD6	ENSG00000187123	hsa-miR-6780a-3p	MIMAT0027461	0.854651487394074
5218	CACNG5	ENSG00000075429	hsa-miR-542-3p	MIMAT0003389	0.854647133612166
5219	PCDHA5	ENSG00000204965	hsa-miR-4496	MIMAT0019031	0.854641011860291
5220	IL17RA	ENSG00000177663	hsa-miR-542-3p	MIMAT0003389	0.854593810223292
5221	IL4R	ENSG00000077238	hsa-miR-6780a-3p	MIMAT0027461	0.854591318941862
5222	MAGEA6	ENSG00000197172	hsa-miR-137-3p	MIMAT0000429	0.854580261699851
5223	KIF1B	ENSG00000054523	hsa-miR-1252-3p	MIMAT0026744	0.854553033170968
5224	NEMF	ENSG00000165525	hsa-miR-1252-3p	MIMAT0026744	0.854534207153125
5225	ATP5MC3	ENSG00000154518	hsa-miR-148a-5p	MIMAT0004549	0.854520545033934
5226	LARP1B	ENSG00000138709	hsa-miR-380-3p	MIMAT0000735	0.85451679118237
5227	FLI1	ENSG00000151702	hsa-miR-4496	MIMAT0019031	0.854496705989735
5228	SBF2	ENSG00000133812	hsa-miR-7154-5p	MIMAT0028218	0.8544812523092
5229	PLAAT2	ENSG00000133328	hsa-miR-7154-5p	MIMAT0028218	0.854472921294423
5230	LRPPRC	ENSG00000138095	hsa-miR-1252-3p	MIMAT0026744	0.854460376579542
5231	HIPK2	ENSG00000064393	hsa-miR-380-3p	MIMAT0000735	0.854445671459718
5232	SRSF3	ENSG00000112081	hsa-miR-1252-3p	MIMAT0026744	0.854417894633926
5233	RAB3B	ENSG00000169213	hsa-miR-5007-5p	MIMAT0021035	0.85440454056377
5234	ZNF385D	ENSG00000151789	hsa-miR-1252-3p	MIMAT0026744	0.854373758168907
5235	RAD21	ENSG00000164754	hsa-miR-148a-5p	MIMAT0004549	0.854363471194593
5236	IL6ST	ENSG00000134352	hsa-miR-329-5p	MIMAT0026555	0.854358462658561
5237	KCNT2	ENSG00000162687	hsa-miR-148a-5p	MIMAT0004549	0.854320924713023
5238	LRCH2	ENSG00000130224	hsa-miR-380-3p	MIMAT0000735	0.854312828163504
5239	TBX3	ENSG00000135111	hsa-miR-7154-5p	MIMAT0028218	0.854265177855036
5240	ATP1B3	ENSG00000069849	hsa-miR-5007-5p	MIMAT0021035	0.854263734735571
5241	ZBTB21	ENSG00000173276	hsa-miR-1252-3p	MIMAT0026744	0.854251717359375
5242	ARHGAP5	ENSG00000100852	hsa-miR-380-3p	MIMAT0000735	0.854243161888679
5243	ZNF462	ENSG00000148143	hsa-miR-4496	MIMAT0019031	0.854128025736619
5244	SORL1	ENSG00000137642	hsa-miR-148a-5p	MIMAT0004549	0.854126551434439
5245	SCFD1	ENSG00000092108	hsa-miR-1252-3p	MIMAT0026744	0.854058462874235
5246	SOAT2	ENSG00000167780	hsa-miR-137-3p	MIMAT0000429	0.854051620904665
5247	CENPVL3	ENSG00000224109	hsa-miR-380-3p	MIMAT0000735	0.854035511743493
5248	SEMA5A	ENSG00000112902	hsa-miR-7154-5p	MIMAT0028218	0.854017746410046
5249	ANKRD33B	ENSG00000164236	hsa-miR-1252-3p	MIMAT0026744	0.854000236876577
5250	ZNF587	ENSG00000198466	hsa-miR-542-3p	MIMAT0003389	0.853994864940573
5251	SF3B1	ENSG00000115524	hsa-miR-542-3p	MIMAT0003389	0.853966033027847
5252	HEBP2	ENSG00000051620	hsa-miR-6780a-3p	MIMAT0027461	0.853936115555024
5253	CSN2	ENSG00000135222	hsa-miR-1252-3p	MIMAT0026744	0.853917138273293
5254	ATL1	ENSG00000198513	hsa-miR-1252-3p	MIMAT0026744	0.853915684951646
5255	STEAP4	ENSG00000127954	hsa-miR-3618	MIMAT0017998	0.853903950862137
5256	GABRA4	ENSG00000109158	hsa-miR-4496	MIMAT0019031	0.853900272262586
5257	MON2	ENSG00000061987	hsa-miR-212-5p	MIMAT0022695	0.853870231588819
5258	PYGO1	ENSG00000171016	hsa-miR-148a-5p	MIMAT0004549	0.853865679461075
5259	LARGE1	ENSG00000133424	hsa-miR-4496	MIMAT0019031	0.853858371692341
5260	XKR4	ENSG00000206579	hsa-miR-137-3p	MIMAT0000429	0.853856460327631
5261	CASP2	ENSG00000106144	hsa-miR-3618	MIMAT0017998	0.853827667433933
5262	PABPC5	ENSG00000174740	hsa-miR-4496	MIMAT0019031	0.853811969610485
5263	HMGCS1	ENSG00000112972	hsa-miR-4496	MIMAT0019031	0.853808202073978
5264	GPR15	ENSG00000154165	hsa-miR-6861-5p	MIMAT0027623	0.85376923648709
5265	MED14	ENSG00000180182	hsa-miR-137-3p	MIMAT0000429	0.853767934145597
5266	CCDC85C	ENSG00000205476	hsa-miR-4496	MIMAT0019031	0.853766953360967
5267	ZDHHC14	ENSG00000175048	hsa-miR-1252-3p	MIMAT0026744	0.853682494640865
5268	RBM12	ENSG00000244462	hsa-miR-542-3p	MIMAT0003389	0.853680162891816
5269	SOCS6	ENSG00000170677	hsa-miR-380-3p	MIMAT0000735	0.853657564968578
5270	AOX1	ENSG00000138356	hsa-miR-7154-5p	MIMAT0028218	0.853638246309095
5271	DCUN1D5	ENSG00000137692	hsa-miR-380-3p	MIMAT0000735	0.853590137273114
5272	CADM2	ENSG00000175161	hsa-miR-137-3p	MIMAT0000429	0.853530205718566
5273	PPP1R15B	ENSG00000158615	hsa-miR-5007-5p	MIMAT0021035	0.853503721064228
5274	IRX5	ENSG00000176842	hsa-miR-6720-3p	MIMAT0025851	0.853485637480195
5275	NAV1	ENSG00000134369	hsa-miR-212-5p	MIMAT0022695	0.853479929348212
5276	B3GALT1	ENSG00000172318	hsa-miR-212-5p	MIMAT0022695	0.853465828067349
5277	PCGF3	ENSG00000185619	hsa-miR-1252-3p	MIMAT0026744	0.853444016862533
5278	LRRC4	ENSG00000128594	hsa-miR-137-3p	MIMAT0000429	0.853426365495005
5279	RASGRP3	ENSG00000152689	hsa-miR-137-3p	MIMAT0000429	0.853416145734403
5280	LILRA2	ENSG00000239998	hsa-miR-1252-3p	MIMAT0026744	0.853389243377495
5281	ATG4A	ENSG00000101844	hsa-miR-5007-5p	MIMAT0021035	0.853369282975554
5282	LAS1L	ENSG00000001497	hsa-miR-6780a-3p	MIMAT0027461	0.853334219845027
5283	ROCK2	ENSG00000134318	hsa-miR-4496	MIMAT0019031	0.853320670097574
5284	SENP1	ENSG00000079387	hsa-miR-4496	MIMAT0019031	0.853291179551133
5285	JMY	ENSG00000152409	hsa-miR-137-3p	MIMAT0000429	0.853286831280584
5286	PPIG	ENSG00000138398	hsa-miR-148a-5p	MIMAT0004549	0.853273801849963
5287	PEX5L	ENSG00000114757	hsa-miR-4496	MIMAT0019031	0.853266953582814
5288	ARGFX	ENSG00000186103	hsa-miR-542-3p	MIMAT0003389	0.85326045623102
5289	CIITA	ENSG00000179583	hsa-miR-542-3p	MIMAT0003389	0.853255615559695
5290	ZNF716	ENSG00000182111	hsa-miR-380-3p	MIMAT0000735	0.853222532498178
5291	KIF2A	ENSG00000068796	hsa-miR-1252-3p	MIMAT0026744	0.853219888081253
5292	SLC2A3	ENSG00000059804	hsa-miR-380-3p	MIMAT0000735	0.853214662190502
5293	C11orf58	ENSG00000110696	hsa-miR-4496	MIMAT0019031	0.853197666325954
5294	ENKUR	ENSG00000151023	hsa-miR-137-3p	MIMAT0000429	0.853182487773134
5295	NTPCR	ENSG00000135778	hsa-miR-4496	MIMAT0019031	0.853132850827402
5296	CD84	ENSG00000066294	hsa-miR-380-3p	MIMAT0000735	0.853063938857714
5297	MBNL2	ENSG00000139793	hsa-miR-4496	MIMAT0019031	0.853044838129293
5298	PTCHD4	ENSG00000244694	hsa-miR-137-3p	MIMAT0000429	0.853038127234343
5299	CALN1	ENSG00000183166	hsa-miR-212-5p	MIMAT0022695	0.852986842308035
5300	EVX2	ENSG00000174279	hsa-miR-137-3p	MIMAT0000429	0.852953098978218
5301	BACH2	ENSG00000112182	hsa-miR-380-3p	MIMAT0000735	0.852946623802146
5302	PIEZO2	ENSG00000154864	hsa-miR-380-3p	MIMAT0000735	0.852923476239855
5303	YIPF6	ENSG00000181704	hsa-miR-542-3p	MIMAT0003389	0.852923466096321
5304	MS4A7	ENSG00000166927	hsa-miR-380-3p	MIMAT0000735	0.852920376498815
5305	INO80C	ENSG00000153391	hsa-miR-7154-5p	MIMAT0028218	0.852894036821598
5306	FGFBP2	ENSG00000137441	hsa-miR-1288-5p	MIMAT0026743	0.852878706086431
5307	ARAP2	ENSG00000047365	hsa-miR-148a-5p	MIMAT0004549	0.852878321158877
5308	SPON1	ENSG00000262655	hsa-miR-6780a-3p	MIMAT0027461	0.852824030565305
5309	PCNX1	ENSG00000100731	hsa-miR-148a-5p	MIMAT0004549	0.852813602071407
5310	ADGRL2	ENSG00000117114	hsa-miR-1252-3p	MIMAT0026744	0.852803290311291
5311	FBXO22	ENSG00000167196	hsa-miR-7154-5p	MIMAT0028218	0.852796908695403
5312	KALRN	ENSG00000160145	hsa-miR-329-5p	MIMAT0026555	0.85278556140772
5313	RMND5A	ENSG00000153561	hsa-miR-1252-3p	MIMAT0026744	0.85273694626773
5314	CHSY1	ENSG00000131873	hsa-miR-1252-3p	MIMAT0026744	0.852733993492137
5315	PCOLCE2	ENSG00000163710	hsa-miR-380-3p	MIMAT0000735	0.852680912604429
5316	WWP2	ENSG00000198373	hsa-miR-137-3p	MIMAT0000429	0.852657853124956
5317	KLF7	ENSG00000118263	hsa-miR-329-5p	MIMAT0026555	0.852639153703383
5318	IL13RA1	ENSG00000131724	hsa-miR-329-5p	MIMAT0026555	0.852632773136285
5319	SRPK2	ENSG00000135250	hsa-miR-137-3p	MIMAT0000429	0.852631790873942
5320	RAP1A	ENSG00000116473	hsa-miR-3618	MIMAT0017998	0.852607293375868
5321	SEC31B	ENSG00000075826	hsa-miR-6780a-3p	MIMAT0027461	0.852565939849999
5322	FAM120A	ENSG00000048828	hsa-miR-148a-5p	MIMAT0004549	0.852561071438422
5323	MINDY2	ENSG00000128923	hsa-miR-6861-5p	MIMAT0027623	0.85254331081533
5324	WWC2	ENSG00000151718	hsa-miR-1252-3p	MIMAT0026744	0.852520207203718
5325	TM9SF3	ENSG00000077147	hsa-miR-4496	MIMAT0019031	0.852516548466916
5326	FARP1	ENSG00000152767	hsa-miR-7154-5p	MIMAT0028218	0.852508436763286
5327	MPP4	ENSG00000082126	hsa-miR-137-3p	MIMAT0000429	0.852485154526598
5328	ATXN3L	ENSG00000123594	hsa-miR-148a-5p	MIMAT0004549	0.852447001621028
5329	SULT1B1	ENSG00000173597	hsa-miR-4496	MIMAT0019031	0.852444963749189
5330	DDX50	ENSG00000107625	hsa-miR-329-5p	MIMAT0026555	0.852433033945456
5331	ATG4A	ENSG00000101844	hsa-miR-542-3p	MIMAT0003389	0.852428064785409
5332	KHDC4	ENSG00000132680	hsa-miR-4496	MIMAT0019031	0.852419715472196
5333	AKT3	ENSG00000117020	hsa-miR-1252-3p	MIMAT0026744	0.852419531070498
5334	ALG10B	ENSG00000175548	hsa-miR-7154-5p	MIMAT0028218	0.852388876256717
5335	FMN1	ENSG00000248905	hsa-miR-4496	MIMAT0019031	0.852359366344809
5336	PRR14L	ENSG00000183530	hsa-miR-5007-5p	MIMAT0021035	0.852346171883591
5337	ZNRF2	ENSG00000180233	hsa-miR-380-3p	MIMAT0000735	0.852344970569208
5338	SRGAP2C	ENSG00000171943	hsa-miR-4496	MIMAT0019031	0.852293612771723
5339	COBLL1	ENSG00000082438	hsa-miR-137-3p	MIMAT0000429	0.852222536489706
5340	CYP7B1	ENSG00000172817	hsa-miR-148a-5p	MIMAT0004549	0.852219619954953
5341	HFE	ENSG00000010704	hsa-miR-4496	MIMAT0019031	0.852212716389464
5342	RBM18	ENSG00000119446	hsa-miR-329-5p	MIMAT0026555	0.852207246442294
5343	CMTM4	ENSG00000183723	hsa-miR-7154-5p	MIMAT0028218	0.852188282849724
5344	PPP2R2A	ENSG00000221914	hsa-miR-1252-3p	MIMAT0026744	0.852166779008682
5345	PEX26	ENSG00000215193	hsa-miR-1252-3p	MIMAT0026744	0.852146857591788
5346	TET2	ENSG00000168769	hsa-miR-1252-3p	MIMAT0026744	0.852123624255839
5347	RGS7BP	ENSG00000186479	hsa-miR-1252-3p	MIMAT0026744	0.852114296639481
5348	AC009133.6	ENSG00000280893	hsa-miR-6780a-3p	MIMAT0027461	0.852068092885111
5349	EME2	ENSG00000197774	hsa-miR-6780a-3p	MIMAT0027461	0.851990319877983
5350	ZNF398	ENSG00000197024	hsa-miR-4496	MIMAT0019031	0.851982998184102
5351	GNG12	ENSG00000172380	hsa-miR-7154-5p	MIMAT0028218	0.851978600561693
5352	TMEM212	ENSG00000186329	hsa-miR-329-5p	MIMAT0026555	0.851970261141318
5353	INTS4	ENSG00000149262	hsa-miR-7154-5p	MIMAT0028218	0.851919675836144
5354	RNF217	ENSG00000146373	hsa-miR-3618	MIMAT0017998	0.85190172478155
5355	PALM2AKAP2	ENSG00000157654	hsa-miR-148a-5p	MIMAT0004549	0.851895592371616
5356	SLC35A3	ENSG00000117620	hsa-miR-212-5p	MIMAT0022695	0.851868140179696
5357	SLF2	ENSG00000119906	hsa-miR-1252-3p	MIMAT0026744	0.851865472956805
5358	ZNF570	ENSG00000171827	hsa-miR-329-5p	MIMAT0026555	0.851828354447227
5359	ARMC9	ENSG00000135931	hsa-miR-6780a-3p	MIMAT0027461	0.851817198648847
5360	RRAGD	ENSG00000025039	hsa-miR-148a-5p	MIMAT0004549	0.851812630232305
5361	LRRN1	ENSG00000175928	hsa-miR-137-3p	MIMAT0000429	0.851784146581011
5362	C19orf38	ENSG00000214212	hsa-miR-6780a-3p	MIMAT0027461	0.851760769230663
5363	EHHADH	ENSG00000113790	hsa-miR-7154-5p	MIMAT0028218	0.851751637033431
5364	CNKSR3	ENSG00000153721	hsa-miR-329-5p	MIMAT0026555	0.851727833990685
5365	TLR4	ENSG00000136869	hsa-miR-7154-5p	MIMAT0028218	0.8517227061431
5366	TNR	ENSG00000116147	hsa-miR-6780a-3p	MIMAT0027461	0.851698671706773
5367	PLEKHH2	ENSG00000152527	hsa-miR-1252-3p	MIMAT0026744	0.851698301268029
5368	CRYZL1	ENSG00000205758	hsa-miR-329-5p	MIMAT0026555	0.851626119583352
5369	ALDH6A1	ENSG00000119711	hsa-miR-4496	MIMAT0019031	0.851622657798121
5370	REPS2	ENSG00000169891	hsa-miR-1252-3p	MIMAT0026744	0.851563681414008
5371	ABCC5	ENSG00000114770	hsa-miR-6780a-3p	MIMAT0027461	0.851560591066731
5372	FBXL7	ENSG00000183580	hsa-miR-1252-3p	MIMAT0026744	0.851541207659713
5373	CCNDBP1	ENSG00000166946	hsa-miR-1252-3p	MIMAT0026744	0.851518151233444
5374	RAD52	ENSG00000002016	hsa-miR-542-3p	MIMAT0003389	0.851439258641117
5375	UBN2	ENSG00000157741	hsa-miR-6780a-3p	MIMAT0027461	0.851430788455418
5376	TSC22D2	ENSG00000196428	hsa-miR-137-3p	MIMAT0000429	0.85141472352858
5377	TNS4	ENSG00000131746	hsa-miR-4496	MIMAT0019031	0.851403481431383
5378	PPIP5K2	ENSG00000145725	hsa-miR-5007-5p	MIMAT0021035	0.851376693265068
5379	UBE2R2	ENSG00000107341	hsa-miR-212-5p	MIMAT0022695	0.851371920973336
5380	CCDC71L	ENSG00000253276	hsa-miR-148a-5p	MIMAT0004549	0.851365177838637
5381	TTC14	ENSG00000163728	hsa-miR-6780a-3p	MIMAT0027461	0.851350035558805
5382	DLG2	ENSG00000150672	hsa-miR-329-5p	MIMAT0026555	0.851339112392726
5383	TRMT11	ENSG00000066651	hsa-miR-1252-3p	MIMAT0026744	0.851335357758413
5384	CCDC170	ENSG00000120262	hsa-miR-1252-3p	MIMAT0026744	0.851323443322562
5385	HIPK3	ENSG00000110422	hsa-miR-137-3p	MIMAT0000429	0.851314760684037
5386	LCP2	ENSG00000043462	hsa-miR-4496	MIMAT0019031	0.851259815310424
5387	DBN1	ENSG00000113758	hsa-miR-4496	MIMAT0019031	0.851254658064195
5388	NRG3	ENSG00000185737	hsa-miR-6780a-3p	MIMAT0027461	0.851247284491143
5389	CEP63	ENSG00000182923	hsa-miR-6780a-3p	MIMAT0027461	0.851240952275595
5390	ADAMTS4	ENSG00000158859	hsa-miR-4496	MIMAT0019031	0.851237294907636
5391	DDA1	ENSG00000130311	hsa-miR-6861-5p	MIMAT0027623	0.851227262053253
5392	BRI3BP	ENSG00000184992	hsa-miR-7154-5p	MIMAT0028218	0.85122169264654
5393	FZD3	ENSG00000104290	hsa-miR-148a-5p	MIMAT0004549	0.851208222337377
5394	SFT2D2	ENSG00000213064	hsa-miR-7154-5p	MIMAT0028218	0.851096393086975
5395	C6orf62	ENSG00000112308	hsa-miR-329-5p	MIMAT0026555	0.851093098017592
5396	KNSTRN	ENSG00000128944	hsa-miR-6780a-3p	MIMAT0027461	0.851089446196775
5397	DDX11	ENSG00000013573	hsa-miR-212-5p	MIMAT0022695	0.851068010861335
5398	CCDC122	ENSG00000151773	hsa-miR-148a-5p	MIMAT0004549	0.851031504078968
5399	RAD54L2	ENSG00000164080	hsa-miR-4496	MIMAT0019031	0.851028232870641
5400	POU3F2	ENSG00000184486	hsa-miR-1252-3p	MIMAT0026744	0.850993977712674
5401	N4BP2L2	ENSG00000244754	hsa-miR-380-3p	MIMAT0000735	0.850936452627347
5402	KCNH1	ENSG00000143473	hsa-miR-542-3p	MIMAT0003389	0.850917549673652
5403	PDHA1	ENSG00000131828	hsa-miR-542-3p	MIMAT0003389	0.850893325986294
5404	CREB5	ENSG00000146592	hsa-miR-542-3p	MIMAT0003389	0.850887322420158
5405	SMC6	ENSG00000163029	hsa-miR-137-3p	MIMAT0000429	0.850875803848419
5406	FLRT3	ENSG00000125848	hsa-miR-148a-5p	MIMAT0004549	0.850856014658007
5407	CLHC1	ENSG00000162994	hsa-miR-329-5p	MIMAT0026555	0.850852134447486
5408	NIBAN3	ENSG00000167483	hsa-miR-4496	MIMAT0019031	0.850835706435985
5409	EPPIN-WFDC6	ENSG00000249139	hsa-miR-329-5p	MIMAT0026555	0.850799677449566
5410	TNFSF10	ENSG00000121858	hsa-miR-329-5p	MIMAT0026555	0.850790334516522
5411	UBE2W	ENSG00000104343	hsa-miR-137-3p	MIMAT0000429	0.850785871722146
5412	TPT1	ENSG00000133112	hsa-miR-137-3p	MIMAT0000429	0.850781909387697
5413	FNBP1	ENSG00000187239	hsa-miR-6861-5p	MIMAT0027623	0.850745522096519
5414	GRIK2	ENSG00000164418	hsa-miR-4496	MIMAT0019031	0.850745261999956
5415	DCAF4L1	ENSG00000182308	hsa-miR-4496	MIMAT0019031	0.850743256801544
5416	COL19A1	ENSG00000082293	hsa-miR-148a-5p	MIMAT0004549	0.850712266941859
5417	CHPT1	ENSG00000111666	hsa-miR-1252-3p	MIMAT0026744	0.850706553651279
5418	NRGN	ENSG00000154146	hsa-miR-6780a-3p	MIMAT0027461	0.85070480354743
5419	STAT5B	ENSG00000173757	hsa-miR-6780a-3p	MIMAT0027461	0.850688685475573
5420	IPCEF1	ENSG00000074706	hsa-miR-4496	MIMAT0019031	0.850671960980046
5421	ESCO1	ENSG00000141446	hsa-miR-1288-5p	MIMAT0026743	0.850655422992327
5422	PTPN21	ENSG00000070778	hsa-miR-148a-5p	MIMAT0004549	0.850615958810266
5423	AGPS	ENSG00000018510	hsa-miR-1252-3p	MIMAT0026744	0.850524515281297
5424	EMC10	ENSG00000161671	hsa-miR-6780a-3p	MIMAT0027461	0.850421796528181
5425	ZMYM2	ENSG00000121741	hsa-miR-1252-3p	MIMAT0026744	0.850420875465074
5426	PLIN5	ENSG00000214456	hsa-miR-5007-5p	MIMAT0021035	0.850371434721829
5427	MID2	ENSG00000080561	hsa-miR-4496	MIMAT0019031	0.850354040974517
5428	C2orf49	ENSG00000135974	hsa-miR-1288-5p	MIMAT0026743	0.850300748981696
5429	TRPC3	ENSG00000138741	hsa-miR-137-3p	MIMAT0000429	0.850259398504943
5430	NOCT	ENSG00000151014	hsa-miR-329-5p	MIMAT0026555	0.850211457285998
5431	ASB15	ENSG00000146809	hsa-miR-148a-5p	MIMAT0004549	0.850194618632674
5432	SNTG1	ENSG00000147481	hsa-miR-7154-5p	MIMAT0028218	0.850156549230193
5433	LDLRAD4	ENSG00000168675	hsa-miR-148a-5p	MIMAT0004549	0.850143065188003
5434	HSD17B14	ENSG00000087076	hsa-miR-5007-5p	MIMAT0021035	0.850131339910366
5435	KRAS	ENSG00000133703	hsa-miR-7154-5p	MIMAT0028218	0.850081462068046
5436	PRKCA	ENSG00000154229	hsa-miR-329-5p	MIMAT0026555	0.850043534990631
5437	SVIP	ENSG00000198168	hsa-miR-3618	MIMAT0017998	0.850037603630486
5438	NSMCE3	ENSG00000185115	hsa-miR-1288-5p	MIMAT0026743	0.849961377221795
5439	FSTL4	ENSG00000053108	hsa-miR-4496	MIMAT0019031	0.849942834543758
5440	AC112504.2	ENSG00000285558	hsa-miR-6780a-3p	MIMAT0027461	0.849903974118207
5441	ATMIN	ENSG00000166454	hsa-miR-329-5p	MIMAT0026555	0.84987580100762
5442	KDR	ENSG00000128052	hsa-miR-1252-3p	MIMAT0026744	0.849867332098082
5443	TSPAN6	ENSG00000000003	hsa-miR-3618	MIMAT0017998	0.849837892732516
5444	APAF1	ENSG00000120868	hsa-miR-148a-5p	MIMAT0004549	0.849816050050095
5445	SMIM15	ENSG00000188725	hsa-miR-380-3p	MIMAT0000735	0.849814040890249
5446	EIF3E	ENSG00000104408	hsa-miR-1252-3p	MIMAT0026744	0.849808856801502
5447	EPB41L3	ENSG00000082397	hsa-miR-329-5p	MIMAT0026555	0.849802577496774
5448	TNFSF9	ENSG00000125657	hsa-miR-212-5p	MIMAT0022695	0.849801236612959
5449	PDK1	ENSG00000152256	hsa-miR-6780a-3p	MIMAT0027461	0.849774501568375
5450	COPB2	ENSG00000184432	hsa-miR-148a-5p	MIMAT0004549	0.849762287607139
5451	FKBP1A	ENSG00000088832	hsa-miR-137-3p	MIMAT0000429	0.849754723271295
5452	PLEKHG7	ENSG00000187510	hsa-miR-137-3p	MIMAT0000429	0.849725079306762
5453	ZKSCAN4	ENSG00000187626	hsa-miR-1252-3p	MIMAT0026744	0.849690534849384
5454	REST	ENSG00000084093	hsa-miR-137-3p	MIMAT0000429	0.84965038002729
5455	ARHGAP32	ENSG00000134909	hsa-miR-1252-3p	MIMAT0026744	0.849647524230667
5456	NIFK	ENSG00000155438	hsa-miR-6780a-3p	MIMAT0027461	0.849594145094653
5457	ARHGEF26	ENSG00000114790	hsa-miR-329-5p	MIMAT0026555	0.849561564524813
5458	KCNQ5	ENSG00000185760	hsa-miR-4496	MIMAT0019031	0.849554196924107
5459	CTTNBP2	ENSG00000077063	hsa-miR-7154-5p	MIMAT0028218	0.849534433915022
5460	FRK	ENSG00000111816	hsa-miR-1252-3p	MIMAT0026744	0.849528575270575
5461	POLE	ENSG00000177084	hsa-miR-6780a-3p	MIMAT0027461	0.849506775998573
5462	YTHDC1	ENSG00000083896	hsa-miR-137-3p	MIMAT0000429	0.849499457440669
5463	BCAT1	ENSG00000060982	hsa-miR-7154-5p	MIMAT0028218	0.849492042593663
5464	PHACTR4	ENSG00000204138	hsa-miR-137-3p	MIMAT0000429	0.849475561094837
5465	SRSF1	ENSG00000136450	hsa-miR-542-3p	MIMAT0003389	0.849461751440336
5466	SLC25A36	ENSG00000114120	hsa-miR-329-5p	MIMAT0026555	0.849461682933709
5467	RIOK1	ENSG00000124784	hsa-miR-6780a-3p	MIMAT0027461	0.849446738789096
5468	GBP3	ENSG00000117226	hsa-miR-3618	MIMAT0017998	0.849436098749763
5469	LEMD3	ENSG00000174106	hsa-miR-4496	MIMAT0019031	0.849435698593529
5470	SLC11A1	ENSG00000018280	hsa-miR-4496	MIMAT0019031	0.849384903807702
5471	SESN3	ENSG00000149212	hsa-miR-4496	MIMAT0019031	0.849364346676735
5472	DMXL1	ENSG00000172869	hsa-miR-137-3p	MIMAT0000429	0.849317384889426
5473	SPA17	ENSG00000064199	hsa-miR-1252-3p	MIMAT0026744	0.849313601008439
5474	RAB11A	ENSG00000103769	hsa-miR-6780a-3p	MIMAT0027461	0.849296903467754
5475	ZSWIM6	ENSG00000130449	hsa-miR-7154-5p	MIMAT0028218	0.849214530233513
5476	PIK3CA	ENSG00000121879	hsa-miR-380-3p	MIMAT0000735	0.84920219228215
5477	SYCP2	ENSG00000196074	hsa-miR-380-3p	MIMAT0000735	0.84919445201913
5478	TRIM68	ENSG00000167333	hsa-miR-329-5p	MIMAT0026555	0.849182257694901
5479	GPAT4	ENSG00000158669	hsa-miR-1252-3p	MIMAT0026744	0.849083163597283
5480	MTX2	ENSG00000128654	hsa-miR-212-5p	MIMAT0022695	0.849077300095804
5481	N4BP2	ENSG00000078177	hsa-miR-1252-3p	MIMAT0026744	0.849058071458746
5482	NR1D2	ENSG00000174738	hsa-miR-1288-5p	MIMAT0026743	0.849050137581337
5483	FAM126A	ENSG00000122591	hsa-miR-148a-5p	MIMAT0004549	0.849043748762681
5484	ITGB5	ENSG00000082781	hsa-miR-4496	MIMAT0019031	0.849021563393437
5485	RNF170	ENSG00000120925	hsa-miR-1252-3p	MIMAT0026744	0.848983281059993
5486	RNF165	ENSG00000141622	hsa-miR-4496	MIMAT0019031	0.848955458622743
5487	HSPA4L	ENSG00000164070	hsa-miR-4496	MIMAT0019031	0.848949987248509
5488	AKT3	ENSG00000117020	hsa-miR-212-5p	MIMAT0022695	0.848935012066549
5489	AKAP6	ENSG00000151320	hsa-miR-1288-5p	MIMAT0026743	0.848903493756293
5490	GALNT1	ENSG00000141429	hsa-miR-137-3p	MIMAT0000429	0.848902002696126
5491	PPFIA1	ENSG00000131626	hsa-miR-7154-5p	MIMAT0028218	0.848881297125047
5492	KCNH5	ENSG00000140015	hsa-miR-1252-3p	MIMAT0026744	0.848861595480723
5493	KIF13A	ENSG00000137177	hsa-miR-148a-5p	MIMAT0004549	0.848851909880712
5494	REL	ENSG00000162924	hsa-miR-1252-3p	MIMAT0026744	0.848840002393823
5495	ZNF250	ENSG00000196150	hsa-miR-542-3p	MIMAT0003389	0.848835225425334
5496	ELK4	ENSG00000158711	hsa-miR-1252-3p	MIMAT0026744	0.848800139739744
5497	USP14	ENSG00000101557	hsa-miR-1252-3p	MIMAT0026744	0.848796479127996
5498	KCNK12	ENSG00000184261	hsa-miR-542-3p	MIMAT0003389	0.848780914170967
5499	ZBTB7C	ENSG00000184828	hsa-miR-148a-5p	MIMAT0004549	0.848740731022613
5500	LY6K	ENSG00000160886	hsa-miR-4496	MIMAT0019031	0.848733438810001
5501	NCR3LG1	ENSG00000188211	hsa-miR-1252-3p	MIMAT0026744	0.848712437619129
5502	STX6	ENSG00000135823	hsa-miR-1252-3p	MIMAT0026744	0.848711944133085
5503	AAK1	ENSG00000115977	hsa-miR-6780a-3p	MIMAT0027461	0.848704680342498
5504	SEH1L	ENSG00000085415	hsa-miR-1252-3p	MIMAT0026744	0.848702600835218
5505	ENPP4	ENSG00000001561	hsa-miR-7154-5p	MIMAT0028218	0.848696246553399
5506	DGKH	ENSG00000102780	hsa-miR-4496	MIMAT0019031	0.848693283994937
5507	BMP7	ENSG00000101144	hsa-miR-137-3p	MIMAT0000429	0.848685822554874
5508	ADGRL1	ENSG00000072071	hsa-miR-4496	MIMAT0019031	0.848647892913428
5509	TEAD1	ENSG00000187079	hsa-miR-1252-3p	MIMAT0026744	0.848630253083306
5510	ANKRD44	ENSG00000065413	hsa-miR-137-3p	MIMAT0000429	0.848613299209773
5511	TMBIM1	ENSG00000135926	hsa-miR-4496	MIMAT0019031	0.848564109432471
5512	PGR	ENSG00000082175	hsa-miR-7154-5p	MIMAT0028218	0.848549467641872
5513	SESTD1	ENSG00000187231	hsa-miR-380-3p	MIMAT0000735	0.848546628087587
5514	MON1A	ENSG00000164077	hsa-miR-212-5p	MIMAT0022695	0.848501284185675
5515	GLIPR1L2	ENSG00000180481	hsa-miR-329-5p	MIMAT0026555	0.84848398295775
5516	EIF3H	ENSG00000147677	hsa-miR-1252-3p	MIMAT0026744	0.848440944624484
5517	RPS3	ENSG00000149273	hsa-miR-3618	MIMAT0017998	0.848398801753627
5518	KY	ENSG00000174611	hsa-miR-1252-3p	MIMAT0026744	0.8483957047588
5519	GOLT1B	ENSG00000111711	hsa-miR-1252-3p	MIMAT0026744	0.848377936546609
5520	DCUN1D5	ENSG00000137692	hsa-miR-329-5p	MIMAT0026555	0.848339568673484
5521	CXCL14	ENSG00000145824	hsa-miR-137-3p	MIMAT0000429	0.848339414896277
5522	RAG1	ENSG00000166349	hsa-miR-380-3p	MIMAT0000735	0.848329872814769
5523	FBXL4	ENSG00000112234	hsa-miR-3618	MIMAT0017998	0.848293168536315
5524	TNC	ENSG00000041982	hsa-miR-1252-3p	MIMAT0026744	0.848283718706631
5525	ZNF24	ENSG00000172466	hsa-miR-4496	MIMAT0019031	0.848249155560239
5526	GRIN2A	ENSG00000183454	hsa-miR-1252-3p	MIMAT0026744	0.848247287495772
5527	NAALAD2	ENSG00000077616	hsa-miR-4496	MIMAT0019031	0.848228470407305
5528	DYNC2LI1	ENSG00000138036	hsa-miR-3618	MIMAT0017998	0.84822804989548
5529	NR1H4	ENSG00000012504	hsa-miR-1252-3p	MIMAT0026744	0.848205862583793
5530	MLEC	ENSG00000110917	hsa-miR-1252-3p	MIMAT0026744	0.848201458063017
5531	ADAMTS5	ENSG00000154736	hsa-miR-380-3p	MIMAT0000735	0.848157278479086
5532	KMO	ENSG00000117009	hsa-miR-137-3p	MIMAT0000429	0.848145592968158
5533	LAMB1	ENSG00000091136	hsa-miR-148a-5p	MIMAT0004549	0.848085590715792
5534	RPL27A	ENSG00000166441	hsa-miR-4496	MIMAT0019031	0.848064759086434
5535	ZNF124	ENSG00000196418	hsa-miR-137-3p	MIMAT0000429	0.848038361393324
5536	PDE1C	ENSG00000154678	hsa-miR-329-5p	MIMAT0026555	0.848000173129737
5537	PLSCR4	ENSG00000114698	hsa-miR-1252-3p	MIMAT0026744	0.847942044580802
5538	SCML4	ENSG00000146285	hsa-miR-1252-3p	MIMAT0026744	0.84791010228951
5539	TMEM106B	ENSG00000106460	hsa-miR-148a-5p	MIMAT0004549	0.847909250635821
5540	GALNTL6	ENSG00000174473	hsa-miR-380-3p	MIMAT0000735	0.847877875778974
5541	NFIA	ENSG00000162599	hsa-miR-137-3p	MIMAT0000429	0.847840648812087
5542	EMC8	ENSG00000131148	hsa-miR-329-5p	MIMAT0026555	0.847833102032953
5543	AAK1	ENSG00000115977	hsa-miR-148a-5p	MIMAT0004549	0.847792701046456
5544	ARHGAP36	ENSG00000147256	hsa-miR-542-3p	MIMAT0003389	0.847767963995948
5545	TEAD2	ENSG00000074219	hsa-miR-6780a-3p	MIMAT0027461	0.847760371069271
5546	ITGA4	ENSG00000115232	hsa-miR-7154-5p	MIMAT0028218	0.847737714081168
5547	SOSTDC1	ENSG00000171243	hsa-miR-380-3p	MIMAT0000735	0.847704729651037
5548	MYSM1	ENSG00000162601	hsa-miR-1252-3p	MIMAT0026744	0.847695396301997
5549	SLC7A11	ENSG00000151012	hsa-miR-1252-3p	MIMAT0026744	0.847689637568898
5550	C16orf87	ENSG00000155330	hsa-miR-5007-5p	MIMAT0021035	0.847683304275239
5551	RAPGEF2	ENSG00000109756	hsa-miR-380-3p	MIMAT0000735	0.847646959362667
5552	ZNF502	ENSG00000196653	hsa-miR-6861-5p	MIMAT0027623	0.847629100228143
5553	FBXL4	ENSG00000112234	hsa-miR-137-3p	MIMAT0000429	0.847613511461231
5554	CYB5B	ENSG00000103018	hsa-miR-4496	MIMAT0019031	0.847608798277404
5555	CLEC12B	ENSG00000256660	hsa-miR-6780a-3p	MIMAT0027461	0.847577759079354
5556	MAPK6	ENSG00000069956	hsa-miR-542-3p	MIMAT0003389	0.847555829448371
5557	HNRNPUL1	ENSG00000105323	hsa-miR-148a-5p	MIMAT0004549	0.847525880148528
5558	OR4K2	ENSG00000165762	hsa-miR-7154-5p	MIMAT0028218	0.847510465357337
5559	ATF6	ENSG00000118217	hsa-miR-6780a-3p	MIMAT0027461	0.847498595693899
5560	SUGT1	ENSG00000165416	hsa-miR-7154-5p	MIMAT0028218	0.847477203462534
5561	JOSD1	ENSG00000100221	hsa-miR-6780a-3p	MIMAT0027461	0.847432591586247
5562	FEM1C	ENSG00000145780	hsa-miR-1252-3p	MIMAT0026744	0.847401748807336
5563	VCPIP1	ENSG00000175073	hsa-miR-4496	MIMAT0019031	0.847373034582139
5564	OTUD7B	ENSG00000264522	hsa-miR-4496	MIMAT0019031	0.847371491232227
5565	XPO6	ENSG00000169180	hsa-miR-212-5p	MIMAT0022695	0.847353296963617
5566	CD302	ENSG00000241399	hsa-miR-542-3p	MIMAT0003389	0.847340245373582
5567	SHISA9	ENSG00000237515	hsa-miR-4496	MIMAT0019031	0.847297773305621
5568	ZNF652	ENSG00000198740	hsa-miR-380-3p	MIMAT0000735	0.847295630662275
5569	SIAH3	ENSG00000215475	hsa-miR-4496	MIMAT0019031	0.847276632173804
5570	CCDC186	ENSG00000165813	hsa-miR-6780a-3p	MIMAT0027461	0.847273154437338
5571	ZDHHC15	ENSG00000102383	hsa-miR-329-5p	MIMAT0026555	0.847258365640487
5572	ZIM3	ENSG00000141946	hsa-miR-137-3p	MIMAT0000429	0.847237407485323
5573	FKBP5	ENSG00000096060	hsa-miR-1252-3p	MIMAT0026744	0.847211114849286
5574	MAP2K4	ENSG00000065559	hsa-miR-7154-5p	MIMAT0028218	0.847191158011882
5575	IBTK	ENSG00000005700	hsa-miR-380-3p	MIMAT0000735	0.847161531448211
5576	CBLIF	ENSG00000134812	hsa-miR-7154-5p	MIMAT0028218	0.847115126245254
5577	VCPIP1	ENSG00000175073	hsa-miR-380-3p	MIMAT0000735	0.847112427711047
5578	ARPP19	ENSG00000128989	hsa-miR-1252-3p	MIMAT0026744	0.84710726583622
5579	SP3	ENSG00000172845	hsa-miR-329-5p	MIMAT0026555	0.847062420850082
5580	PAPOLG	ENSG00000115421	hsa-miR-380-3p	MIMAT0000735	0.847047435384356
5581	P2RY14	ENSG00000174944	hsa-miR-380-3p	MIMAT0000735	0.84701200519513
5582	ITPRID2	ENSG00000138434	hsa-miR-137-3p	MIMAT0000429	0.846997943111886
5583	TOP3B	ENSG00000100038	hsa-miR-7154-5p	MIMAT0028218	0.84698041909227
5584	YIPF4	ENSG00000119820	hsa-miR-329-5p	MIMAT0026555	0.846953721569859
5585	GPR101	ENSG00000165370	hsa-miR-4496	MIMAT0019031	0.846943354303084
5586	OR5A2	ENSG00000172324	hsa-miR-4496	MIMAT0019031	0.8469105478994
5587	ANLN	ENSG00000011426	hsa-miR-148a-5p	MIMAT0004549	0.846858950181625
5588	ZEB2	ENSG00000169554	hsa-miR-4496	MIMAT0019031	0.846855401370732
5589	CX3CR1	ENSG00000168329	hsa-miR-148a-5p	MIMAT0004549	0.846840727049876
5590	C12orf45	ENSG00000151131	hsa-miR-6861-5p	MIMAT0027623	0.846840515858916
5591	PLXDC2	ENSG00000120594	hsa-miR-137-3p	MIMAT0000429	0.846833161935102
5592	CALM3	ENSG00000160014	hsa-miR-4496	MIMAT0019031	0.846828710291679
5593	FAM241A	ENSG00000174749	hsa-miR-1252-3p	MIMAT0026744	0.846809649503428
5594	TMEFF2	ENSG00000144339	hsa-miR-380-3p	MIMAT0000735	0.846809273454134
5595	SLAMF1	ENSG00000117090	hsa-miR-4496	MIMAT0019031	0.846787415241131
5596	HDGFL3	ENSG00000166503	hsa-miR-1252-3p	MIMAT0026744	0.846779137723279
5597	GSKIP	ENSG00000100744	hsa-miR-1252-3p	MIMAT0026744	0.846755878677349
5598	DEGS1	ENSG00000143753	hsa-miR-1252-3p	MIMAT0026744	0.846730132860137
5599	NIPAL1	ENSG00000163293	hsa-miR-137-3p	MIMAT0000429	0.846713319049717
5600	ZNF566	ENSG00000186017	hsa-miR-7154-5p	MIMAT0028218	0.846702031224625
5601	MGA	ENSG00000174197	hsa-miR-148a-5p	MIMAT0004549	0.846645786253739
5602	TRIT1	ENSG00000043514	hsa-miR-380-3p	MIMAT0000735	0.846636420410193
5603	CLMP	ENSG00000166250	hsa-miR-4496	MIMAT0019031	0.846621820510699
5604	CCPG1	ENSG00000260916	hsa-miR-4496	MIMAT0019031	0.846620188840787
5605	EIF4E	ENSG00000151247	hsa-miR-212-5p	MIMAT0022695	0.846576641707011
5606	NEK6	ENSG00000119408	hsa-miR-7154-5p	MIMAT0028218	0.846572340642425
5607	EDIL3	ENSG00000164176	hsa-miR-4496	MIMAT0019031	0.846557698903436
5608	ITGAV	ENSG00000138448	hsa-miR-137-3p	MIMAT0000429	0.846556765592656
5609	FUT9	ENSG00000172461	hsa-miR-137-3p	MIMAT0000429	0.846547024290638
5610	FBXO30	ENSG00000118496	hsa-miR-1252-3p	MIMAT0026744	0.84650948046002
5611	WDR12	ENSG00000138442	hsa-miR-5007-5p	MIMAT0021035	0.846468128670652
5612	PPP1R8	ENSG00000117751	hsa-miR-380-3p	MIMAT0000735	0.846458407730511
5613	CRIM1	ENSG00000150938	hsa-miR-6861-5p	MIMAT0027623	0.846439033906272
5614	TARDBP	ENSG00000120948	hsa-miR-4496	MIMAT0019031	0.846419953680497
5615	REV3L	ENSG00000009413	hsa-miR-6780a-3p	MIMAT0027461	0.846403171326067
5616	TMEM64	ENSG00000180694	hsa-miR-380-3p	MIMAT0000735	0.846401243933685
5617	SLC38A1	ENSG00000111371	hsa-miR-329-5p	MIMAT0026555	0.846316505701638
5618	RFX7	ENSG00000181827	hsa-miR-4496	MIMAT0019031	0.846311705037364
5619	PDLIM5	ENSG00000163110	hsa-miR-1252-3p	MIMAT0026744	0.846285613665202
5620	CCDC50	ENSG00000152492	hsa-miR-329-5p	MIMAT0026555	0.846248738407747
5621	LIPN	ENSG00000204020	hsa-miR-137-3p	MIMAT0000429	0.846229153025827
5622	C1orf141	ENSG00000203963	hsa-miR-380-3p	MIMAT0000735	0.846207699136765
5623	PDK1	ENSG00000152256	hsa-miR-1252-3p	MIMAT0026744	0.846192307484863
5624	ZZEF1	ENSG00000074755	hsa-miR-137-3p	MIMAT0000429	0.846189099619207
5625	BLACAT1	ENSG00000281406	hsa-miR-137-3p	MIMAT0000429	0.84618459946938
5626	GRIN2B	ENSG00000273079	hsa-miR-148a-5p	MIMAT0004549	0.846166791275337
5627	PAX9	ENSG00000198807	hsa-miR-148a-5p	MIMAT0004549	0.84603276583013
5628	GHR	ENSG00000112964	hsa-miR-1252-3p	MIMAT0026744	0.846026395856998
5629	EML4	ENSG00000143924	hsa-miR-329-5p	MIMAT0026555	0.846012267288649
5630	FKBP9	ENSG00000122642	hsa-miR-7154-5p	MIMAT0028218	0.846001642956685
5631	TBCD	ENSG00000141556	hsa-miR-137-3p	MIMAT0000429	0.84597255377433
5632	FAM120B	ENSG00000112584	hsa-miR-380-3p	MIMAT0000735	0.845956475514166
5633	CELF2	ENSG00000048740	hsa-miR-1252-3p	MIMAT0026744	0.845915637691171
5634	UPB1	ENSG00000100024	hsa-miR-212-5p	MIMAT0022695	0.845898454747682
5635	KCNJ3	ENSG00000162989	hsa-miR-137-3p	MIMAT0000429	0.845869826330521
5636	PHLDB1	ENSG00000019144	hsa-miR-6780a-3p	MIMAT0027461	0.8458500081591
5637	GALNT16	ENSG00000100626	hsa-miR-6861-5p	MIMAT0027623	0.845818784460375
5638	SRD5A2	ENSG00000277893	hsa-miR-1252-3p	MIMAT0026744	0.8458185366066
5639	IQCK	ENSG00000174628	hsa-miR-329-5p	MIMAT0026555	0.845792600243622
5640	SMNDC1	ENSG00000119953	hsa-miR-7154-5p	MIMAT0028218	0.845783105240134
5641	BNIP2	ENSG00000140299	hsa-miR-542-3p	MIMAT0003389	0.845762311408563
5642	CYB5R4	ENSG00000065615	hsa-miR-212-5p	MIMAT0022695	0.845747800810137
5643	FUBP1	ENSG00000162613	hsa-miR-329-5p	MIMAT0026555	0.845702994725404
5644	ATP23	ENSG00000166896	hsa-miR-380-3p	MIMAT0000735	0.845687220143519
5645	KRT27	ENSG00000171446	hsa-miR-4496	MIMAT0019031	0.845622886929965
5646	GCNT3	ENSG00000140297	hsa-miR-148a-5p	MIMAT0004549	0.845605813515903
5647	NUDT12	ENSG00000112874	hsa-miR-380-3p	MIMAT0000735	0.845590475759362
5648	RNASEL	ENSG00000135828	hsa-miR-137-3p	MIMAT0000429	0.845570100680616
5649	RAPGEF5	ENSG00000136237	hsa-miR-4496	MIMAT0019031	0.84556075673114
5650	PLAC8	ENSG00000145287	hsa-miR-6780a-3p	MIMAT0027461	0.845559488168699
5651	ZNF217	ENSG00000171940	hsa-miR-3618	MIMAT0017998	0.845536344375532
5652	GRAMD4	ENSG00000075240	hsa-miR-137-3p	MIMAT0000429	0.845512110129228
5653	ENTPD1	ENSG00000138185	hsa-miR-329-5p	MIMAT0026555	0.845460217392934
5654	PTPRO	ENSG00000151490	hsa-miR-212-5p	MIMAT0022695	0.845458449455938
5655	CCDC117	ENSG00000159873	hsa-miR-212-5p	MIMAT0022695	0.845435192739629
5656	PABPN1	ENSG00000100836	hsa-miR-1252-3p	MIMAT0026744	0.845327199497328
5657	EXOC5	ENSG00000070367	hsa-miR-1252-3p	MIMAT0026744	0.845321312440594
5658	SSPN	ENSG00000123096	hsa-miR-1252-3p	MIMAT0026744	0.845258731374961
5659	C2orf92	ENSG00000228486	hsa-miR-6780a-3p	MIMAT0027461	0.845248082303798
5660	KCNC4	ENSG00000116396	hsa-miR-1252-3p	MIMAT0026744	0.845207728545822
5661	ITGA11	ENSG00000137809	hsa-miR-380-3p	MIMAT0000735	0.845203642181033
5662	MN1	ENSG00000169184	hsa-miR-4496	MIMAT0019031	0.84517913244759
5663	HAX1	ENSG00000143575	hsa-miR-329-5p	MIMAT0026555	0.84513915739601
5664	MGAT4C	ENSG00000182050	hsa-miR-5007-5p	MIMAT0021035	0.845134068180019
5665	ST8SIA1	ENSG00000111728	hsa-miR-542-3p	MIMAT0003389	0.845114543846564
5666	SUZ12	ENSG00000178691	hsa-miR-137-3p	MIMAT0000429	0.845058390573254
5667	DCUN1D3	ENSG00000188215	hsa-miR-1252-3p	MIMAT0026744	0.845032053679155
5668	MYO19	ENSG00000278259	hsa-miR-6780a-3p	MIMAT0027461	0.845022583152303
5669	NUP107	ENSG00000111581	hsa-miR-1252-3p	MIMAT0026744	0.845019633380987
5670	GLRX2	ENSG00000023572	hsa-miR-148a-5p	MIMAT0004549	0.845013476961544
5671	CPD	ENSG00000108582	hsa-miR-148a-5p	MIMAT0004549	0.845000246940182
5672	UPF2	ENSG00000151461	hsa-miR-380-3p	MIMAT0000735	0.844958415271842
5673	DUSP10	ENSG00000143507	hsa-miR-137-3p	MIMAT0000429	0.844946860079247
5674	RHBDD1	ENSG00000144468	hsa-miR-4496	MIMAT0019031	0.844924926702421
5675	TMPO	ENSG00000120802	hsa-miR-148a-5p	MIMAT0004549	0.844881268513226
5676	IRX2	ENSG00000170561	hsa-miR-542-3p	MIMAT0003389	0.844878635043305
5677	ARHGAP12	ENSG00000165322	hsa-miR-4496	MIMAT0019031	0.844864183821705
5678	POLR2M	ENSG00000255529	hsa-miR-380-3p	MIMAT0000735	0.844859934616468
5679	PHYHIPL	ENSG00000165443	hsa-miR-4496	MIMAT0019031	0.844858161089205
5680	PTGS1	ENSG00000095303	hsa-miR-4496	MIMAT0019031	0.844856329510752
5681	TECR	ENSG00000099797	hsa-miR-380-3p	MIMAT0000735	0.844853066473886
5682	MTBP	ENSG00000172167	hsa-miR-7154-5p	MIMAT0028218	0.844839585339697
5683	ADAM22	ENSG00000008277	hsa-miR-380-3p	MIMAT0000735	0.844767781880652
5684	SCML1	ENSG00000047634	hsa-miR-380-3p	MIMAT0000735	0.844763727817592
5685	PDK3	ENSG00000067992	hsa-miR-148a-5p	MIMAT0004549	0.844747858061735
5686	AL049839.2	ENSG00000273259	hsa-miR-137-3p	MIMAT0000429	0.844727530705658
5687	TPRG1	ENSG00000188001	hsa-miR-5007-5p	MIMAT0021035	0.84472055289056
5688	ZNF608	ENSG00000168916	hsa-miR-1252-3p	MIMAT0026744	0.844661198786598
5689	GDPD1	ENSG00000153982	hsa-miR-4496	MIMAT0019031	0.844654964757757
5690	DEDD2	ENSG00000160570	hsa-miR-542-3p	MIMAT0003389	0.844635461488496
5691	AC104389.6	ENSG00000284931	hsa-miR-137-3p	MIMAT0000429	0.844633594931385
5692	IL17RD	ENSG00000144730	hsa-miR-3618	MIMAT0017998	0.844622268258841
5693	AC008695.1	ENSG00000273217	hsa-miR-4496	MIMAT0019031	0.844614936206517
5694	LANCL1	ENSG00000115365	hsa-miR-148a-5p	MIMAT0004549	0.844609194733396
5695	TSPAN11	ENSG00000110900	hsa-miR-542-3p	MIMAT0003389	0.84458515295818
5696	DOK6	ENSG00000206052	hsa-miR-3618	MIMAT0017998	0.844574472748479
5697	GREM1	ENSG00000166923	hsa-miR-3618	MIMAT0017998	0.844513597406194
5698	TOR3A	ENSG00000186283	hsa-miR-6780a-3p	MIMAT0027461	0.844512751628416
5699	KMT2D	ENSG00000167548	hsa-miR-6861-5p	MIMAT0027623	0.844482853219544
5700	NRIP1	ENSG00000180530	hsa-miR-329-5p	MIMAT0026555	0.844474572661416
5701	PLAAT5	ENSG00000168004	hsa-miR-6780a-3p	MIMAT0027461	0.844469271929066
5702	DEPP1	ENSG00000165507	hsa-miR-4496	MIMAT0019031	0.844375322783032
5703	ZFPM2	ENSG00000169946	hsa-miR-137-3p	MIMAT0000429	0.844349448379722
5704	RNF216	ENSG00000011275	hsa-miR-542-3p	MIMAT0003389	0.844311509464944
5705	CD164	ENSG00000135535	hsa-miR-1252-3p	MIMAT0026744	0.844296255488784
5706	NRG1	ENSG00000157168	hsa-miR-1252-3p	MIMAT0026744	0.844271499352794
5707	KLHL28	ENSG00000179454	hsa-miR-3618	MIMAT0017998	0.844267554852535
5708	GAB1	ENSG00000109458	hsa-miR-1252-3p	MIMAT0026744	0.844265954034916
5709	RAD21	ENSG00000164754	hsa-miR-4496	MIMAT0019031	0.844261237648166
5710	KCNB1	ENSG00000158445	hsa-miR-212-5p	MIMAT0022695	0.844235142848982
5711	HMGA2	ENSG00000149948	hsa-miR-137-3p	MIMAT0000429	0.844232608655232
5712	JAK2	ENSG00000096968	hsa-miR-7154-5p	MIMAT0028218	0.844212494843313
5713	PRUNE2	ENSG00000106772	hsa-miR-7154-5p	MIMAT0028218	0.844205225446733
5714	PLCB2	ENSG00000137841	hsa-miR-4496	MIMAT0019031	0.844185839253574
5715	SLC6A3	ENSG00000142319	hsa-miR-6780a-3p	MIMAT0027461	0.844178754477132
5716	LRRC58	ENSG00000163428	hsa-miR-7154-5p	MIMAT0028218	0.844156079484703
5717	MAP3K7	ENSG00000135341	hsa-miR-137-3p	MIMAT0000429	0.844109077142141
5718	TBX15	ENSG00000092607	hsa-miR-137-3p	MIMAT0000429	0.844087241288029
5719	SMAD4	ENSG00000141646	hsa-miR-329-5p	MIMAT0026555	0.844074510479729
5720	CHMP5	ENSG00000086065	hsa-miR-4496	MIMAT0019031	0.844072721003658
5721	PVALB	ENSG00000100362	hsa-miR-137-3p	MIMAT0000429	0.844072242571647
5722	SOX5	ENSG00000134532	hsa-miR-1252-3p	MIMAT0026744	0.844039848340162
5723	JAM3	ENSG00000166086	hsa-miR-329-5p	MIMAT0026555	0.844033283391313
5724	GPR180	ENSG00000152749	hsa-miR-137-3p	MIMAT0000429	0.84401354826722
5725	PGAP1	ENSG00000197121	hsa-miR-3618	MIMAT0017998	0.843995318767822
5726	MAML2	ENSG00000184384	hsa-miR-148a-5p	MIMAT0004549	0.843946991071187
5727	CDC14B	ENSG00000081377	hsa-miR-5007-5p	MIMAT0021035	0.843939002322595
5728	CHCHD1	ENSG00000172586	hsa-miR-4496	MIMAT0019031	0.843934849639045
5729	LAS1L	ENSG00000001497	hsa-miR-6861-5p	MIMAT0027623	0.843925111864958
5730	BCOR	ENSG00000183337	hsa-miR-148a-5p	MIMAT0004549	0.843905232979636
5731	CCR6	ENSG00000112486	hsa-miR-137-3p	MIMAT0000429	0.843861042464365
5732	HNRNPU	ENSG00000153187	hsa-miR-542-3p	MIMAT0003389	0.843859168685767
5733	FAM160B1	ENSG00000151553	hsa-miR-148a-5p	MIMAT0004549	0.843848416583388
5734	RAP1B	ENSG00000127314	hsa-miR-380-3p	MIMAT0000735	0.843829799681996
5735	APAF1	ENSG00000120868	hsa-miR-380-3p	MIMAT0000735	0.843791638566933
5736	ZBTB8B	ENSG00000273274	hsa-miR-6780a-3p	MIMAT0027461	0.843761153988143
5737	KCNK12	ENSG00000184261	hsa-miR-148a-5p	MIMAT0004549	0.843728187635945
5738	OPHN1	ENSG00000079482	hsa-miR-6861-5p	MIMAT0027623	0.843702254115303
5739	STRN3	ENSG00000196792	hsa-miR-1288-5p	MIMAT0026743	0.843686905333736
5740	TRIM44	ENSG00000166326	hsa-miR-1252-3p	MIMAT0026744	0.843675314955775
5741	FBXO22	ENSG00000167196	hsa-miR-380-3p	MIMAT0000735	0.843640339197672
5742	ELOVL2	ENSG00000197977	hsa-miR-6861-5p	MIMAT0027623	0.843611805754959
5743	HNRNPU	ENSG00000153187	hsa-miR-137-3p	MIMAT0000429	0.843605763656627
5744	ZC3H12C	ENSG00000149289	hsa-miR-148a-5p	MIMAT0004549	0.843580595426004
5745	CDYL2	ENSG00000166446	hsa-miR-3618	MIMAT0017998	0.843541901566178
5746	PAM	ENSG00000145730	hsa-miR-380-3p	MIMAT0000735	0.843528299640378
5747	FRYL	ENSG00000075539	hsa-miR-137-3p	MIMAT0000429	0.843504269904754
5748	ZNF770	ENSG00000198146	hsa-miR-7154-5p	MIMAT0028218	0.843461489192308
5749	AJAP1	ENSG00000196581	hsa-miR-4496	MIMAT0019031	0.843458253419686
5750	CNTF	ENSG00000242689	hsa-miR-5007-5p	MIMAT0021035	0.843418473719871
5751	PTCD2	ENSG00000049883	hsa-miR-5007-5p	MIMAT0021035	0.843392066394537
5752	DCLRE1B	ENSG00000118655	hsa-miR-380-3p	MIMAT0000735	0.843387042579912
5753	CBX4	ENSG00000141582	hsa-miR-4496	MIMAT0019031	0.843386659781222
5754	PLCH1	ENSG00000114805	hsa-miR-380-3p	MIMAT0000735	0.843357742339399
5755	SPDYE6	ENSG00000260097	hsa-miR-148a-5p	MIMAT0004549	0.843282388405551
5756	DNAJC15	ENSG00000120675	hsa-miR-1288-5p	MIMAT0026743	0.843279879594631
5757	MEF2A	ENSG00000068305	hsa-miR-7154-5p	MIMAT0028218	0.843269167339365
5758	CD200R1	ENSG00000163606	hsa-miR-380-3p	MIMAT0000735	0.84326678398245
5759	PPP1R9A	ENSG00000158528	hsa-miR-1252-3p	MIMAT0026744	0.843251547751806
5760	ACSL6	ENSG00000164398	hsa-miR-1252-3p	MIMAT0026744	0.84323470640108
5761	CACNA1C	ENSG00000151067	hsa-miR-1252-3p	MIMAT0026744	0.843190730363107
5762	FKTN	ENSG00000106692	hsa-miR-4496	MIMAT0019031	0.843174996439893
5763	NALCN	ENSG00000102452	hsa-miR-6780a-3p	MIMAT0027461	0.843166600709789
5764	BRMS1L	ENSG00000100916	hsa-miR-4496	MIMAT0019031	0.843138790194219
5765	LIX1	ENSG00000145721	hsa-miR-542-3p	MIMAT0003389	0.843108650330124
5766	AIMP1	ENSG00000164022	hsa-miR-137-3p	MIMAT0000429	0.843086674380648
5767	SORT1	ENSG00000134243	hsa-miR-148a-5p	MIMAT0004549	0.843084277920342
5768	KCNB1	ENSG00000158445	hsa-miR-7154-5p	MIMAT0028218	0.843080249497805
5769	GRIA3	ENSG00000125675	hsa-miR-7154-5p	MIMAT0028218	0.843065677078722
5770	GREM1	ENSG00000166923	hsa-miR-6780a-3p	MIMAT0027461	0.843047660040875
5771	RWDD1	ENSG00000111832	hsa-miR-380-3p	MIMAT0000735	0.84300364781372
5772	RAB11B	ENSG00000185236	hsa-miR-137-3p	MIMAT0000429	0.84298995113648
5773	PTBP2	ENSG00000117569	hsa-miR-1252-3p	MIMAT0026744	0.842989678715255
5774	DLAT	ENSG00000150768	hsa-miR-380-3p	MIMAT0000735	0.842963275994077
5775	ZNF658	ENSG00000274349	hsa-miR-380-3p	MIMAT0000735	0.842952035300067
5776	AACS	ENSG00000081760	hsa-miR-137-3p	MIMAT0000429	0.842917761586295
5777	GAN	ENSG00000261609	hsa-miR-1252-3p	MIMAT0026744	0.842896321648483
5778	ZNF366	ENSG00000178175	hsa-miR-5007-5p	MIMAT0021035	0.842886482594849
5779	MAP1B	ENSG00000131711	hsa-miR-542-3p	MIMAT0003389	0.842885630793236
5780	RNF2	ENSG00000121481	hsa-miR-7154-5p	MIMAT0028218	0.84285524812452
5781	CCDC39	ENSG00000284862	hsa-miR-1252-3p	MIMAT0026744	0.842811327278864
5782	GALT	ENSG00000213930	hsa-miR-6780a-3p	MIMAT0027461	0.8428050112517
5783	ZDHHC9	ENSG00000188706	hsa-miR-6861-5p	MIMAT0027623	0.842802904347713
5784	PTPDC1	ENSG00000158079	hsa-miR-329-5p	MIMAT0026555	0.842780010563547
5785	SLC35F1	ENSG00000196376	hsa-miR-3618	MIMAT0017998	0.842767441129385
5786	AC098582.1	ENSG00000287542	hsa-miR-4496	MIMAT0019031	0.842762273745817
5787	FLRT3	ENSG00000125848	hsa-miR-542-3p	MIMAT0003389	0.842751194165734
5788	SLCO2A1	ENSG00000174640	hsa-miR-1252-3p	MIMAT0026744	0.842742247219767
5789	PPP1R12B	ENSG00000077157	hsa-miR-212-5p	MIMAT0022695	0.84272339088978
5790	OR10A3	ENSG00000170683	hsa-miR-1252-3p	MIMAT0026744	0.842698651419638
5791	TMCC3	ENSG00000057704	hsa-miR-4496	MIMAT0019031	0.842675199080608
5792	TOX3	ENSG00000103460	hsa-miR-380-3p	MIMAT0000735	0.842668376603051
5793	SRPX2	ENSG00000102359	hsa-miR-4496	MIMAT0019031	0.842664444815708
5794	ERP44	ENSG00000023318	hsa-miR-329-5p	MIMAT0026555	0.842664286145961
5795	VAMP7	ENSG00000124333	hsa-miR-1252-3p	MIMAT0026744	0.84265867158233
5796	PIGV	ENSG00000060642	hsa-miR-4496	MIMAT0019031	0.842637487137492
5797	EPM2AIP1	ENSG00000178567	hsa-miR-212-5p	MIMAT0022695	0.842629186125708
5798	SRGAP2B	ENSG00000196369	hsa-miR-4496	MIMAT0019031	0.84260336832702
5799	BCL10	ENSG00000142867	hsa-miR-380-3p	MIMAT0000735	0.842578484886589
5800	BTBD7	ENSG00000011114	hsa-miR-7154-5p	MIMAT0028218	0.84256348889942
5801	DCUN1D1	ENSG00000043093	hsa-miR-1252-3p	MIMAT0026744	0.842555802090388
5802	RGS5	ENSG00000143248	hsa-miR-4496	MIMAT0019031	0.842546813739499
5803	STAG2	ENSG00000101972	hsa-miR-148a-5p	MIMAT0004549	0.842537841348731
5804	TXNL4A	ENSG00000141759	hsa-miR-380-3p	MIMAT0000735	0.842535539947885
5805	NCOA1	ENSG00000084676	hsa-miR-1252-3p	MIMAT0026744	0.842519974544256
5806	BFAR	ENSG00000103429	hsa-miR-329-5p	MIMAT0026555	0.842513078768055
5807	NFIX	ENSG00000008441	hsa-miR-137-3p	MIMAT0000429	0.842461634749012
5808	ATXN10	ENSG00000130638	hsa-miR-3618	MIMAT0017998	0.842453252772922
5809	PTCD2	ENSG00000049883	hsa-miR-4496	MIMAT0019031	0.842446627626358
5810	VAPB	ENSG00000124164	hsa-miR-542-3p	MIMAT0003389	0.842430740998613
5811	ZNF468	ENSG00000204604	hsa-miR-329-5p	MIMAT0026555	0.842402553711618
5812	KIF15	ENSG00000163808	hsa-miR-4496	MIMAT0019031	0.842360602378388
5813	ZAR1	ENSG00000182223	hsa-miR-7154-5p	MIMAT0028218	0.842350598332376
5814	RNF139	ENSG00000170881	hsa-miR-1288-5p	MIMAT0026743	0.842340619599318
5815	YLPM1	ENSG00000119596	hsa-miR-4496	MIMAT0019031	0.842337485212343
5816	IGF2BP2	ENSG00000073792	hsa-miR-4496	MIMAT0019031	0.84233176588169
5817	STXBP5L	ENSG00000145087	hsa-miR-380-3p	MIMAT0000735	0.842318375687326
5818	C6orf120	ENSG00000185127	hsa-miR-1288-5p	MIMAT0026743	0.842302331671571
5819	LRRC19	ENSG00000184434	hsa-miR-380-3p	MIMAT0000735	0.842275200443871
5820	CLIC5	ENSG00000112782	hsa-miR-7154-5p	MIMAT0028218	0.842267644927697
5821	CHEK2	ENSG00000183765	hsa-miR-1288-5p	MIMAT0026743	0.842265031566826
5822	FGF5	ENSG00000138675	hsa-miR-148a-5p	MIMAT0004549	0.842170182950531
5823	CLOCK	ENSG00000134852	hsa-miR-6780a-3p	MIMAT0027461	0.842169639294362
5824	THBD	ENSG00000178726	hsa-miR-4496	MIMAT0019031	0.842154007313186
5825	RAB6A	ENSG00000175582	hsa-miR-137-3p	MIMAT0000429	0.842145861308877
5826	NCOA1	ENSG00000084676	hsa-miR-6780a-3p	MIMAT0027461	0.842139659531743
5827	HACD4	ENSG00000188921	hsa-miR-380-3p	MIMAT0000735	0.842133853213158
5828	XPO1	ENSG00000082898	hsa-miR-380-3p	MIMAT0000735	0.842131410036321
5829	MS4A1	ENSG00000156738	hsa-miR-1252-3p	MIMAT0026744	0.842101672447917
5830	USP47	ENSG00000170242	hsa-miR-212-5p	MIMAT0022695	0.842052260207506
5831	LRATD2	ENSG00000168672	hsa-miR-4496	MIMAT0019031	0.842033307024556
5832	LIN7A	ENSG00000111052	hsa-miR-137-3p	MIMAT0000429	0.842019423890097
5833	NEGR1	ENSG00000172260	hsa-miR-148a-5p	MIMAT0004549	0.84201870915371
5834	PLCXD2	ENSG00000240891	hsa-miR-4496	MIMAT0019031	0.841989102037045
5835	CDC37L1	ENSG00000106993	hsa-miR-380-3p	MIMAT0000735	0.841978717711037
5836	MEX3A	ENSG00000254726	hsa-miR-6780a-3p	MIMAT0027461	0.84197414004092
5837	SLC38A5	ENSG00000017483	hsa-miR-6780a-3p	MIMAT0027461	0.841959437254174
5838	GPM6A	ENSG00000150625	hsa-miR-1252-3p	MIMAT0026744	0.841937731249505
5839	LRRC2	ENSG00000163827	hsa-miR-380-3p	MIMAT0000735	0.841920894972375
5840	TCF7L2	ENSG00000148737	hsa-miR-1252-3p	MIMAT0026744	0.84191419196886
5841	C17orf75	ENSG00000108666	hsa-miR-6780a-3p	MIMAT0027461	0.84188741490928
5842	PKN2	ENSG00000065243	hsa-miR-148a-5p	MIMAT0004549	0.841867471775593
5843	CNTN4	ENSG00000144619	hsa-miR-4496	MIMAT0019031	0.841861458930755
5844	CILK1	ENSG00000112144	hsa-miR-137-3p	MIMAT0000429	0.841800394299647
5845	UTP25	ENSG00000117597	hsa-miR-4496	MIMAT0019031	0.841775210066154
5846	CTBP2	ENSG00000175029	hsa-miR-148a-5p	MIMAT0004549	0.841760051560329
5847	PURA	ENSG00000185129	hsa-miR-3618	MIMAT0017998	0.841697498454439
5848	CHMP3	ENSG00000115561	hsa-miR-1252-3p	MIMAT0026744	0.841693525300623
5849	ZNF431	ENSG00000196705	hsa-miR-148a-5p	MIMAT0004549	0.841688856346507
5850	XKR4	ENSG00000206579	hsa-miR-4496	MIMAT0019031	0.841686661585292
5851	SELENOT	ENSG00000198843	hsa-miR-329-5p	MIMAT0026555	0.841680014374205
5852	KLC4	ENSG00000137171	hsa-miR-6780a-3p	MIMAT0027461	0.841643186587411
5853	RBBP6	ENSG00000122257	hsa-miR-148a-5p	MIMAT0004549	0.841632854074366
5854	MAN1A1	ENSG00000111885	hsa-miR-1252-3p	MIMAT0026744	0.841599477704239
5855	ADGRG6	ENSG00000112414	hsa-miR-5007-5p	MIMAT0021035	0.841597764544634
5856	WNK3	ENSG00000196632	hsa-miR-4496	MIMAT0019031	0.841581031041321
5857	FSHR	ENSG00000170820	hsa-miR-380-3p	MIMAT0000735	0.84154127032239
5858	PRR20E	ENSG00000234278	hsa-miR-148a-5p	MIMAT0004549	0.841533566798247
5859	OPRD1	ENSG00000116329	hsa-miR-6780a-3p	MIMAT0027461	0.841526397552641
5860	USP32	ENSG00000170832	hsa-miR-148a-5p	MIMAT0004549	0.841472708658701
5861	OR2M3	ENSG00000228198	hsa-miR-4496	MIMAT0019031	0.841446278073086
5862	BAHD1	ENSG00000140320	hsa-miR-4496	MIMAT0019031	0.841377085908612
5863	OR10K2	ENSG00000180708	hsa-miR-7154-5p	MIMAT0028218	0.841374049467323
5864	SPTLC1	ENSG00000090054	hsa-miR-212-5p	MIMAT0022695	0.841362370165341
5865	RSPH3	ENSG00000130363	hsa-miR-1252-3p	MIMAT0026744	0.841308885722381
5866	CFAP97D1	ENSG00000231256	hsa-miR-380-3p	MIMAT0000735	0.841293798144515
5867	STARD7	ENSG00000084090	hsa-miR-212-5p	MIMAT0022695	0.841293221580635
5868	EIF3M	ENSG00000149100	hsa-miR-4496	MIMAT0019031	0.841277762168959
5869	AC118553.2	ENSG00000283761	hsa-miR-380-3p	MIMAT0000735	0.841253973792777
5870	EPHA5	ENSG00000145242	hsa-miR-137-3p	MIMAT0000429	0.8412338855801
5871	ADGRL3	ENSG00000150471	hsa-miR-4496	MIMAT0019031	0.841228300154109
5872	DIRAS2	ENSG00000165023	hsa-miR-137-3p	MIMAT0000429	0.841221558243373
5873	OLR1	ENSG00000173391	hsa-miR-1252-3p	MIMAT0026744	0.841220011235344
5874	GOLGA6L22	ENSG00000277865	hsa-miR-1252-3p	MIMAT0026744	0.841211604429728
5875	TMEM33	ENSG00000109133	hsa-miR-137-3p	MIMAT0000429	0.841183259323377
5876	MYO5C	ENSG00000128833	hsa-miR-542-3p	MIMAT0003389	0.841177640744186
5877	GALNT17	ENSG00000185274	hsa-miR-1252-3p	MIMAT0026744	0.841169820880947
5878	CEP126	ENSG00000110318	hsa-miR-380-3p	MIMAT0000735	0.841147921205452
5879	LRP2BP	ENSG00000109771	hsa-miR-380-3p	MIMAT0000735	0.841141962540717
5880	PRDX6	ENSG00000117592	hsa-miR-212-5p	MIMAT0022695	0.84113537642505
5881	PRX	ENSG00000105227	hsa-miR-212-5p	MIMAT0022695	0.841086176015931
5882	GLO1	ENSG00000124767	hsa-miR-1252-3p	MIMAT0026744	0.841064554330421
5883	ZFP28	ENSG00000196867	hsa-miR-542-3p	MIMAT0003389	0.841057148758647
5884	RYBP	ENSG00000163602	hsa-miR-4496	MIMAT0019031	0.841033802381021
5885	LSM11	ENSG00000155858	hsa-miR-7154-5p	MIMAT0028218	0.841011685004482
5886	MMP16	ENSG00000156103	hsa-miR-1252-3p	MIMAT0026744	0.841009643965225
5887	ELAVL2	ENSG00000107105	hsa-miR-4496	MIMAT0019031	0.840982282718956
5888	ERF	ENSG00000105722	hsa-miR-148a-5p	MIMAT0004549	0.84096041669469
5889	ALX4	ENSG00000052850	hsa-miR-4496	MIMAT0019031	0.840960366230764
5890	GIMAP1	ENSG00000213203	hsa-miR-1252-3p	MIMAT0026744	0.840956226923729
5891	YME1L1	ENSG00000136758	hsa-miR-380-3p	MIMAT0000735	0.840945197315689
5892	RORB	ENSG00000198963	hsa-miR-7154-5p	MIMAT0028218	0.840940134962901
5893	FASTKD2	ENSG00000118246	hsa-miR-1252-3p	MIMAT0026744	0.840921307379346
5894	KPNA4	ENSG00000186432	hsa-miR-380-3p	MIMAT0000735	0.840901484343357
5895	KCTD12	ENSG00000178695	hsa-miR-137-3p	MIMAT0000429	0.840871994105551
5896	TNKS2	ENSG00000107854	hsa-miR-380-3p	MIMAT0000735	0.840831586339769
5897	GOLGB1	ENSG00000173230	hsa-miR-4496	MIMAT0019031	0.840826713073079
5898	TSPAN14	ENSG00000108219	hsa-miR-380-3p	MIMAT0000735	0.8408256362057
5899	KCNH5	ENSG00000140015	hsa-miR-212-5p	MIMAT0022695	0.840795808113932
5900	PJA2	ENSG00000198961	hsa-miR-1288-5p	MIMAT0026743	0.840792410405726
5901	FAM83F	ENSG00000133477	hsa-miR-6861-5p	MIMAT0027623	0.840748410555537
5902	CLTC	ENSG00000141367	hsa-miR-329-5p	MIMAT0026555	0.840706148119351
5903	AL445238.1	ENSG00000285566	hsa-miR-380-3p	MIMAT0000735	0.840704231503417
5904	AK6	ENSG00000085231	hsa-miR-5007-5p	MIMAT0021035	0.840669316028287
5905	PRR20D	ENSG00000227151	hsa-miR-148a-5p	MIMAT0004549	0.84060578652559
5906	PEX3	ENSG00000034693	hsa-miR-1252-3p	MIMAT0026744	0.840566706662578
5907	INTU	ENSG00000164066	hsa-miR-7154-5p	MIMAT0028218	0.840534151238703
5908	EIF5A2	ENSG00000163577	hsa-miR-4496	MIMAT0019031	0.840462692677944
5909	GBX2	ENSG00000168505	hsa-miR-6861-5p	MIMAT0027623	0.840454775263399
5910	MEP1A	ENSG00000112818	hsa-miR-1252-3p	MIMAT0026744	0.840361034733908
5911	BARHL2	ENSG00000143032	hsa-miR-6780a-3p	MIMAT0027461	0.840356646080333
5912	ARPP19	ENSG00000128989	hsa-miR-7154-5p	MIMAT0028218	0.840355267145213
5913	CHUK	ENSG00000213341	hsa-miR-1252-3p	MIMAT0026744	0.84033594064173
5914	DOCK7	ENSG00000116641	hsa-miR-4496	MIMAT0019031	0.840326340995742
5915	TUBA1B	ENSG00000123416	hsa-miR-3618	MIMAT0017998	0.840317511754379
5916	FLRT2	ENSG00000185070	hsa-miR-5007-5p	MIMAT0021035	0.840268354531326
5917	FAM168A	ENSG00000054965	hsa-miR-6780a-3p	MIMAT0027461	0.840234498753753
5918	RBM4	ENSG00000173933	hsa-miR-542-3p	MIMAT0003389	0.840232364312436
5919	MIGA1	ENSG00000180488	hsa-miR-148a-5p	MIMAT0004549	0.840217902525658
5920	SHOX	ENSG00000185960	hsa-miR-137-3p	MIMAT0000429	0.840208855886128
5921	GEN1	ENSG00000178295	hsa-miR-7154-5p	MIMAT0028218	0.840184031030559
5922	ZHX3	ENSG00000174306	hsa-miR-4496	MIMAT0019031	0.840180308732559
5923	INTS14	ENSG00000138614	hsa-miR-329-5p	MIMAT0026555	0.840125444575198
5924	TPR	ENSG00000047410	hsa-miR-148a-5p	MIMAT0004549	0.840119824409173
5925	RAP1A	ENSG00000116473	hsa-miR-5007-5p	MIMAT0021035	0.840107798399323
5926	APLN	ENSG00000171388	hsa-miR-1252-3p	MIMAT0026744	0.840107032479797
5927	RABGAP1L	ENSG00000152061	hsa-miR-4496	MIMAT0019031	0.840045937976249
5928	LOX	ENSG00000113083	hsa-miR-1252-3p	MIMAT0026744	0.840035326148467
5929	PKIA	ENSG00000171033	hsa-miR-6780a-3p	MIMAT0027461	0.84001873801504
5930	GCNT4	ENSG00000176928	hsa-miR-380-3p	MIMAT0000735	0.840013315266219
5931	HDAC1	ENSG00000116478	hsa-miR-4496	MIMAT0019031	0.839994345123983
5932	ACADSB	ENSG00000196177	hsa-miR-1252-3p	MIMAT0026744	0.839987940456722
5933	NBPF20	ENSG00000162825	hsa-miR-329-5p	MIMAT0026555	0.839948495052481
5934	PAAF1	ENSG00000175575	hsa-miR-148a-5p	MIMAT0004549	0.839942989403139
5935	CUL4B	ENSG00000158290	hsa-miR-380-3p	MIMAT0000735	0.839918457711824
5936	ADGRL2	ENSG00000117114	hsa-miR-7154-5p	MIMAT0028218	0.839910971230284
5937	TGM4	ENSG00000163810	hsa-miR-329-5p	MIMAT0026555	0.839879439599847
5938	MAP3K2	ENSG00000169967	hsa-miR-137-3p	MIMAT0000429	0.839865697707978
5939	FMO2	ENSG00000094963	hsa-miR-7154-5p	MIMAT0028218	0.83984212903752
5940	MGA	ENSG00000174197	hsa-miR-7154-5p	MIMAT0028218	0.839841137445595
5941	KCNJ9	ENSG00000162728	hsa-miR-6780a-3p	MIMAT0027461	0.839839492457908
5942	KREMEN1	ENSG00000183762	hsa-miR-4496	MIMAT0019031	0.839763038493869
5943	ABHD2	ENSG00000140526	hsa-miR-4496	MIMAT0019031	0.839738239114867
5944	OR2T5	ENSG00000203661	hsa-miR-1252-3p	MIMAT0026744	0.839733713956265
5945	MPHOSPH9	ENSG00000051825	hsa-miR-212-5p	MIMAT0022695	0.839732802985682
5946	KCTD10	ENSG00000110906	hsa-miR-148a-5p	MIMAT0004549	0.839715942734746
5947	USP13	ENSG00000058056	hsa-miR-542-3p	MIMAT0003389	0.83970616874553
5948	B3GALT5	ENSG00000183778	hsa-miR-4496	MIMAT0019031	0.839706108273847
5949	RNF41	ENSG00000181852	hsa-miR-212-5p	MIMAT0022695	0.839693481778466
5950	SLC22A5	ENSG00000197375	hsa-miR-6780a-3p	MIMAT0027461	0.839690198058498
5951	CDK17	ENSG00000059758	hsa-miR-7154-5p	MIMAT0028218	0.839667437390825
5952	VAPB	ENSG00000124164	hsa-miR-7154-5p	MIMAT0028218	0.83958767919595
5953	IFI6	ENSG00000126709	hsa-miR-148a-5p	MIMAT0004549	0.839583063752035
5954	FLRT2	ENSG00000185070	hsa-miR-3618	MIMAT0017998	0.839566317471718
5955	KIAA0232	ENSG00000170871	hsa-miR-4496	MIMAT0019031	0.839523468884033
5956	RAB3C	ENSG00000152932	hsa-miR-4496	MIMAT0019031	0.839502400596398
5957	HAP1	ENSG00000173805	hsa-miR-1252-3p	MIMAT0026744	0.839485853010513
5958	ABCD2	ENSG00000173208	hsa-miR-137-3p	MIMAT0000429	0.839484642459924
5959	TRIM25	ENSG00000121060	hsa-miR-4496	MIMAT0019031	0.83947803212302
5960	PDK1	ENSG00000152256	hsa-miR-4496	MIMAT0019031	0.839451355537584
5961	WDR82	ENSG00000164091	hsa-miR-380-3p	MIMAT0000735	0.839445538593513
5962	HDX	ENSG00000165259	hsa-miR-137-3p	MIMAT0000429	0.839423720942704
5963	WTAP	ENSG00000146457	hsa-miR-542-3p	MIMAT0003389	0.839409453829841
5964	ZIC1	ENSG00000152977	hsa-miR-1252-3p	MIMAT0026744	0.839380633727896
5965	MCOLN2	ENSG00000153898	hsa-miR-1252-3p	MIMAT0026744	0.839339668801777
5966	IFT172	ENSG00000138002	hsa-miR-7154-5p	MIMAT0028218	0.839290749687044
5967	HDGFL3	ENSG00000166503	hsa-miR-137-3p	MIMAT0000429	0.839290721479749
5968	CRIM1	ENSG00000150938	hsa-miR-148a-5p	MIMAT0004549	0.839283185595732
5969	MPC2	ENSG00000143158	hsa-miR-329-5p	MIMAT0026555	0.83927129927381
5970	SMAD5	ENSG00000113658	hsa-miR-380-3p	MIMAT0000735	0.83924425755528
5971	RAP2A	ENSG00000125249	hsa-miR-148a-5p	MIMAT0004549	0.839231457227621
5972	GDF6	ENSG00000156466	hsa-miR-212-5p	MIMAT0022695	0.839226356397208
5973	IQGAP1	ENSG00000140575	hsa-miR-1252-3p	MIMAT0026744	0.839204644947313
5974	TNS4	ENSG00000131746	hsa-miR-5007-5p	MIMAT0021035	0.839200396282669
5975	GCDH	ENSG00000105607	hsa-miR-6780a-3p	MIMAT0027461	0.839138969245502
5976	PRR20C	ENSG00000229665	hsa-miR-148a-5p	MIMAT0004549	0.839135144809542
5977	MGAT5B	ENSG00000167889	hsa-miR-137-3p	MIMAT0000429	0.83912070614881
5978	ETNK2	ENSG00000143845	hsa-miR-1252-3p	MIMAT0026744	0.839108550687316
5979	CCDC127	ENSG00000164366	hsa-miR-542-3p	MIMAT0003389	0.839078392676942
5980	IFT20	ENSG00000109083	hsa-miR-137-3p	MIMAT0000429	0.839063250711175
5981	LARS2	ENSG00000011376	hsa-miR-6780a-3p	MIMAT0027461	0.839053092051991
5982	ZNF44	ENSG00000197857	hsa-miR-7154-5p	MIMAT0028218	0.839051204492726
5983	ANKFN1	ENSG00000153930	hsa-miR-7154-5p	MIMAT0028218	0.839024835399306
5984	PIK3C2B	ENSG00000133056	hsa-miR-212-5p	MIMAT0022695	0.839022411274962
5985	MGMT	ENSG00000170430	hsa-miR-4496	MIMAT0019031	0.839021066687859
5986	F11R	ENSG00000158769	hsa-miR-3618	MIMAT0017998	0.839005375273647
5987	FAM135B	ENSG00000147724	hsa-miR-137-3p	MIMAT0000429	0.838996501795175
5988	CLVS2	ENSG00000146352	hsa-miR-7154-5p	MIMAT0028218	0.838979590259636
5989	ZNF568	ENSG00000198453	hsa-miR-7154-5p	MIMAT0028218	0.838956888431529
5990	ABI2	ENSG00000138443	hsa-miR-148a-5p	MIMAT0004549	0.838951086095053
5991	ADAMTS19	ENSG00000145808	hsa-miR-542-3p	MIMAT0003389	0.838943202879174
5992	MARK3	ENSG00000075413	hsa-miR-137-3p	MIMAT0000429	0.83893031303813
5993	PPP1R2	ENSG00000184203	hsa-miR-212-5p	MIMAT0022695	0.838889155205129
5994	TRIM67	ENSG00000119283	hsa-miR-4496	MIMAT0019031	0.838880682339415
5995	ZCWPW2	ENSG00000206559	hsa-miR-1252-3p	MIMAT0026744	0.838864519492712
5996	ZNF780B	ENSG00000128000	hsa-miR-1252-3p	MIMAT0026744	0.838858825740296
5997	TSPAN14	ENSG00000108219	hsa-miR-329-5p	MIMAT0026555	0.838819819553867
5998	TSC22D2	ENSG00000196428	hsa-miR-542-3p	MIMAT0003389	0.838795923946349
5999	KLHL14	ENSG00000197705	hsa-miR-148a-5p	MIMAT0004549	0.838782706703615
6000	GPR180	ENSG00000152749	hsa-miR-7154-5p	MIMAT0028218	0.838713255042126
6001	STK4	ENSG00000101109	hsa-miR-6780a-3p	MIMAT0027461	0.838694497090751
6002	ERAP2	ENSG00000164308	hsa-miR-5007-5p	MIMAT0021035	0.83866159447627
6003	COL1A2	ENSG00000164692	hsa-miR-1252-3p	MIMAT0026744	0.838660985874286
6004	DOCK9	ENSG00000088387	hsa-miR-4496	MIMAT0019031	0.838637705511386
6005	DTWD1	ENSG00000104047	hsa-miR-329-5p	MIMAT0026555	0.838636380811791
6006	CLUAP1	ENSG00000103351	hsa-miR-137-3p	MIMAT0000429	0.83862927589437
6007	TMEM161B	ENSG00000164180	hsa-miR-4496	MIMAT0019031	0.838626015322257
6008	ADSS2	ENSG00000035687	hsa-miR-148a-5p	MIMAT0004549	0.838622544089419
6009	KMT2C	ENSG00000055609	hsa-miR-3618	MIMAT0017998	0.838620051087009
6010	TMEM59	ENSG00000116209	hsa-miR-1252-3p	MIMAT0026744	0.838593271947564
6011	TRIQK	ENSG00000205133	hsa-miR-542-3p	MIMAT0003389	0.838571603520463
6012	TOX	ENSG00000198846	hsa-miR-1252-3p	MIMAT0026744	0.8385356500542
6013	TRAF3IP1	ENSG00000204104	hsa-miR-380-3p	MIMAT0000735	0.83848369675819
6014	SENP6	ENSG00000112701	hsa-miR-148a-5p	MIMAT0004549	0.838441945840626
6015	ALG14	ENSG00000172339	hsa-miR-7154-5p	MIMAT0028218	0.838434734936566
6016	POLDIP3	ENSG00000100227	hsa-miR-6780a-3p	MIMAT0027461	0.838421338263136
6017	GTSF1	ENSG00000170627	hsa-miR-1252-3p	MIMAT0026744	0.838409010026063
6018	DMBX1	ENSG00000197587	hsa-miR-6780a-3p	MIMAT0027461	0.838378955652259
6019	CDKN2B	ENSG00000147883	hsa-miR-7154-5p	MIMAT0028218	0.838344615099779
6020	KCNE2	ENSG00000159197	hsa-miR-7154-5p	MIMAT0028218	0.838297719776478
6021	VPS53	ENSG00000141252	hsa-miR-212-5p	MIMAT0022695	0.838284840807806
6022	GREM1	ENSG00000166923	hsa-miR-7154-5p	MIMAT0028218	0.838242640898929
6023	PAX3	ENSG00000135903	hsa-miR-380-3p	MIMAT0000735	0.838200097757054
6024	GALNT5	ENSG00000136542	hsa-miR-1252-3p	MIMAT0026744	0.838193747372545
6025	TENT4B	ENSG00000121274	hsa-miR-380-3p	MIMAT0000735	0.838173923403808
6026	FBXO42	ENSG00000037637	hsa-miR-1252-3p	MIMAT0026744	0.838173667033674
6027	TBC1D9	ENSG00000109436	hsa-miR-148a-5p	MIMAT0004549	0.838168468619672
6028	KDM2A	ENSG00000173120	hsa-miR-6780a-3p	MIMAT0027461	0.838128390562471
6029	STX7	ENSG00000079950	hsa-miR-137-3p	MIMAT0000429	0.838103393357608
6030	CNTN3	ENSG00000113805	hsa-miR-137-3p	MIMAT0000429	0.838093630800506
6031	MTAP	ENSG00000099810	hsa-miR-212-5p	MIMAT0022695	0.838088843021249
6032	CNNM4	ENSG00000158158	hsa-miR-542-3p	MIMAT0003389	0.838083856576468
6033	AIF1L	ENSG00000126878	hsa-miR-1252-3p	MIMAT0026744	0.838057988091266
6034	SLC26A2	ENSG00000155850	hsa-miR-3618	MIMAT0017998	0.838052574092718
6035	KHSRP	ENSG00000088247	hsa-miR-148a-5p	MIMAT0004549	0.838040457375932
6036	TBCK	ENSG00000145348	hsa-miR-1288-5p	MIMAT0026743	0.838014549654411
6037	TRIM44	ENSG00000166326	hsa-miR-7154-5p	MIMAT0028218	0.837995585449455
6038	DNAJB5	ENSG00000137094	hsa-miR-137-3p	MIMAT0000429	0.837993231083611
6039	RNF168	ENSG00000163961	hsa-miR-4496	MIMAT0019031	0.837965152024382
6040	NCBP2	ENSG00000114503	hsa-miR-1252-3p	MIMAT0026744	0.837956864534798
6041	FAXC	ENSG00000146267	hsa-miR-1252-3p	MIMAT0026744	0.837909382812845
6042	OR4K17	ENSG00000176230	hsa-miR-542-3p	MIMAT0003389	0.837897021205115
6043	RGP1	ENSG00000107185	hsa-miR-4496	MIMAT0019031	0.837892961260992
6044	USP53	ENSG00000145390	hsa-miR-1252-3p	MIMAT0026744	0.837868173653473
6045	EPC2	ENSG00000135999	hsa-miR-380-3p	MIMAT0000735	0.837860495847641
6046	MAFB	ENSG00000204103	hsa-miR-329-5p	MIMAT0026555	0.837819092574973
6047	RWDD2A	ENSG00000013392	hsa-miR-1252-3p	MIMAT0026744	0.837804209881141
6048	CRACR2A	ENSG00000130038	hsa-miR-212-5p	MIMAT0022695	0.837802728104897
6049	PDIK1L	ENSG00000175087	hsa-miR-4496	MIMAT0019031	0.837774928312235
6050	DENND4B	ENSG00000198837	hsa-miR-137-3p	MIMAT0000429	0.83775580313709
6051	SLC16A1	ENSG00000155380	hsa-miR-329-5p	MIMAT0026555	0.837743825288399
6052	FGF14	ENSG00000102466	hsa-miR-4496	MIMAT0019031	0.837731401398133
6053	TRPC3	ENSG00000138741	hsa-miR-1252-3p	MIMAT0026744	0.837708967790467
6054	ZFYVE27	ENSG00000155256	hsa-miR-6780a-3p	MIMAT0027461	0.837702225164771
6055	USP8	ENSG00000138592	hsa-miR-6780a-3p	MIMAT0027461	0.837698786968529
6056	DHFR2	ENSG00000178700	hsa-miR-3618	MIMAT0017998	0.837670003892483
6057	AQP1	ENSG00000240583	hsa-miR-1252-3p	MIMAT0026744	0.837666629214972
6058	HS1BP3	ENSG00000118960	hsa-miR-6861-5p	MIMAT0027623	0.837663824203712
6059	RSF1	ENSG00000048649	hsa-miR-542-3p	MIMAT0003389	0.837653906315242
6060	ZNF654	ENSG00000175105	hsa-miR-380-3p	MIMAT0000735	0.83763605458084
6061	CCDC186	ENSG00000165813	hsa-miR-329-5p	MIMAT0026555	0.837632867718023
6062	TET3	ENSG00000187605	hsa-miR-542-3p	MIMAT0003389	0.837617228632907
6063	DDX10	ENSG00000178105	hsa-miR-1252-3p	MIMAT0026744	0.837602283545169
6064	HYAL4	ENSG00000106302	hsa-miR-7154-5p	MIMAT0028218	0.837597652397204
6065	C5orf47	ENSG00000185056	hsa-miR-6780a-3p	MIMAT0027461	0.837595637304939
6066	SALL4	ENSG00000101115	hsa-miR-5007-5p	MIMAT0021035	0.837589706718766
6067	MAP2K4	ENSG00000065559	hsa-miR-137-3p	MIMAT0000429	0.837558627587655
6068	FMN1	ENSG00000248905	hsa-miR-1252-3p	MIMAT0026744	0.837551504763456
6069	L3MBTL3	ENSG00000198945	hsa-miR-148a-5p	MIMAT0004549	0.837549313543967
6070	TLR3	ENSG00000164342	hsa-miR-148a-5p	MIMAT0004549	0.837528798637945
6071	SF3A1	ENSG00000099995	hsa-miR-3618	MIMAT0017998	0.837518618671088
6072	SLC35E3	ENSG00000175782	hsa-miR-4496	MIMAT0019031	0.837516908937284
6073	C1orf87	ENSG00000162598	hsa-miR-6861-5p	MIMAT0027623	0.837498081986757
6074	PHACTR3	ENSG00000087495	hsa-miR-6780a-3p	MIMAT0027461	0.837478467685194
6075	OPCML	ENSG00000183715	hsa-miR-4496	MIMAT0019031	0.837464029515957
6076	HSD17B11	ENSG00000198189	hsa-miR-137-3p	MIMAT0000429	0.837448103573319
6077	SYNPO2	ENSG00000172403	hsa-miR-542-3p	MIMAT0003389	0.837447259175213
6078	ANKRD17	ENSG00000132466	hsa-miR-380-3p	MIMAT0000735	0.83742404780409
6079	NSD1	ENSG00000165671	hsa-miR-1252-3p	MIMAT0026744	0.837400131832598
6080	EIF4EBP2	ENSG00000148730	hsa-miR-4496	MIMAT0019031	0.837399471304793
6081	FAM83F	ENSG00000133477	hsa-miR-212-5p	MIMAT0022695	0.837353840142241
6082	KCTD16	ENSG00000183775	hsa-miR-380-3p	MIMAT0000735	0.837336404412561
6083	PDE4DIP	ENSG00000178104	hsa-miR-1252-3p	MIMAT0026744	0.837325140400216
6084	DCAF10	ENSG00000122741	hsa-miR-1252-3p	MIMAT0026744	0.83730774381939
6085	PLEKHA4	ENSG00000105559	hsa-miR-148a-5p	MIMAT0004549	0.837224868109463
6086	MTDH	ENSG00000147649	hsa-miR-380-3p	MIMAT0000735	0.837200866930473
6087	GPX8	ENSG00000164294	hsa-miR-1252-3p	MIMAT0026744	0.837169779388069
6088	ZNF502	ENSG00000196653	hsa-miR-6780a-3p	MIMAT0027461	0.837128817258397
6089	ADGRF3	ENSG00000173567	hsa-miR-1252-3p	MIMAT0026744	0.837123006439089
6090	DNAJB14	ENSG00000164031	hsa-miR-1252-3p	MIMAT0026744	0.837096675542679
6091	KITLG	ENSG00000049130	hsa-miR-148a-5p	MIMAT0004549	0.837092860110445
6092	SYF2	ENSG00000117614	hsa-miR-137-3p	MIMAT0000429	0.83709079592664
6093	TNRC6C	ENSG00000078687	hsa-miR-7154-5p	MIMAT0028218	0.8370851352511
6094	STRN	ENSG00000115808	hsa-miR-3618	MIMAT0017998	0.837049942848006
6095	UBASH3A	ENSG00000160185	hsa-miR-542-3p	MIMAT0003389	0.83702692387696
6096	MMP16	ENSG00000156103	hsa-miR-329-5p	MIMAT0026555	0.837014539150807
6097	SLC11A2	ENSG00000110911	hsa-miR-4496	MIMAT0019031	0.837004878054951
6098	NBPF9	ENSG00000269713	hsa-miR-1252-3p	MIMAT0026744	0.836996616401741
6099	DDX17	ENSG00000100201	hsa-miR-4496	MIMAT0019031	0.836991354061894
6100	HBS1L	ENSG00000112339	hsa-miR-7154-5p	MIMAT0028218	0.836987238601924
6101	AKAP11	ENSG00000023516	hsa-miR-4496	MIMAT0019031	0.836979789223377
6102	RLIM	ENSG00000131263	hsa-miR-4496	MIMAT0019031	0.836937327750158
6103	MFSD6	ENSG00000151690	hsa-miR-380-3p	MIMAT0000735	0.836935141467852
6104	NSD2	ENSG00000109685	hsa-miR-212-5p	MIMAT0022695	0.836933603251109
6105	HINT3	ENSG00000111911	hsa-miR-4496	MIMAT0019031	0.836920067379154
6106	PTGS1	ENSG00000095303	hsa-miR-148a-5p	MIMAT0004549	0.836918000068983
6107	EXOC6	ENSG00000138190	hsa-miR-329-5p	MIMAT0026555	0.836913251700465
6108	RBPJ	ENSG00000168214	hsa-miR-148a-5p	MIMAT0004549	0.836865690565939
6109	MIER3	ENSG00000155545	hsa-miR-4496	MIMAT0019031	0.836864391201101
6110	PPP1R37	ENSG00000104866	hsa-miR-137-3p	MIMAT0000429	0.836713174441279
6111	UBXN7	ENSG00000163960	hsa-miR-148a-5p	MIMAT0004549	0.83668407746467
6112	LRPAP1	ENSG00000163956	hsa-miR-1252-3p	MIMAT0026744	0.836676941126279
6113	PANK1	ENSG00000152782	hsa-miR-1252-3p	MIMAT0026744	0.836614892669856
6114	XXYLT1	ENSG00000173950	hsa-miR-212-5p	MIMAT0022695	0.836614491127229
6115	ATF6	ENSG00000118217	hsa-miR-329-5p	MIMAT0026555	0.836608992343693
6116	RFX7	ENSG00000181827	hsa-miR-7154-5p	MIMAT0028218	0.836576688475753
6117	MICU1	ENSG00000107745	hsa-miR-137-3p	MIMAT0000429	0.836541578312157
6118	MYORG	ENSG00000164976	hsa-miR-6861-5p	MIMAT0027623	0.836531272489938
6119	CLEC1B	ENSG00000165682	hsa-miR-137-3p	MIMAT0000429	0.836523090399903
6120	MTDH	ENSG00000147649	hsa-miR-1252-3p	MIMAT0026744	0.836478812063974
6121	KIAA1958	ENSG00000165185	hsa-miR-1252-3p	MIMAT0026744	0.836451975978245
6122	FLYWCH1	ENSG00000059122	hsa-miR-7154-5p	MIMAT0028218	0.836447958519131
6123	RCOR1	ENSG00000089902	hsa-miR-1252-3p	MIMAT0026744	0.836440464039348
6124	ITGA3	ENSG00000005884	hsa-miR-6780a-3p	MIMAT0027461	0.836414412957966
6125	RUNX1	ENSG00000159216	hsa-miR-380-3p	MIMAT0000735	0.836406792656822
6126	FNBP1L	ENSG00000137942	hsa-miR-1252-3p	MIMAT0026744	0.836350711075299
6127	CDC42EP3	ENSG00000163171	hsa-miR-137-3p	MIMAT0000429	0.836334163571918
6128	NR6A1	ENSG00000148200	hsa-miR-1252-3p	MIMAT0026744	0.836262149262867
6129	WDHD1	ENSG00000198554	hsa-miR-1252-3p	MIMAT0026744	0.83626092927279
6130	PTAR1	ENSG00000188647	hsa-miR-137-3p	MIMAT0000429	0.836237166650015
6131	KCNH5	ENSG00000140015	hsa-miR-148a-5p	MIMAT0004549	0.836234215117429
6132	PIGY	ENSG00000255072	hsa-miR-137-3p	MIMAT0000429	0.83622359639089
6133	PTPN11	ENSG00000179295	hsa-miR-4496	MIMAT0019031	0.836219441054987
6134	BUB3	ENSG00000154473	hsa-miR-1252-3p	MIMAT0026744	0.836163122456449
6135	PDE7B	ENSG00000171408	hsa-miR-4496	MIMAT0019031	0.836138868496653
6136	EAF1	ENSG00000144597	hsa-miR-380-3p	MIMAT0000735	0.836123427371024
6137	KLF10	ENSG00000155090	hsa-miR-5007-5p	MIMAT0021035	0.83608772794031
6138	HARS2	ENSG00000112855	hsa-miR-4496	MIMAT0019031	0.8360857498178
6139	RYR2	ENSG00000198626	hsa-miR-137-3p	MIMAT0000429	0.836070834938801
6140	GAB4	ENSG00000215568	hsa-miR-542-3p	MIMAT0003389	0.836062940590616
6141	PRMT3	ENSG00000185238	hsa-miR-7154-5p	MIMAT0028218	0.836019182186733
6142	LIN7A	ENSG00000111052	hsa-miR-542-3p	MIMAT0003389	0.836014823014102
6143	STX12	ENSG00000117758	hsa-miR-1252-3p	MIMAT0026744	0.835976638265249
6144	PARP8	ENSG00000151883	hsa-miR-1288-5p	MIMAT0026743	0.835975644719103
6145	DOCK7	ENSG00000116641	hsa-miR-7154-5p	MIMAT0028218	0.835969404493482
6146	ING3	ENSG00000071243	hsa-miR-1252-3p	MIMAT0026744	0.835906581905016
6147	PHF2	ENSG00000197724	hsa-miR-4496	MIMAT0019031	0.835901878716134
6148	CACHD1	ENSG00000158966	hsa-miR-6780a-3p	MIMAT0027461	0.835886756989562
6149	DSP	ENSG00000096696	hsa-miR-137-3p	MIMAT0000429	0.835876646761637
6150	THAP2	ENSG00000173451	hsa-miR-1252-3p	MIMAT0026744	0.835861736553588
6151	P3H1	ENSG00000117385	hsa-miR-3618	MIMAT0017998	0.835854671185624
6152	ALG11	ENSG00000253710	hsa-miR-1252-3p	MIMAT0026744	0.835849227065604
6153	TFPI	ENSG00000003436	hsa-miR-7154-5p	MIMAT0028218	0.835819293179782
6154	GLRA2	ENSG00000101958	hsa-miR-6780a-3p	MIMAT0027461	0.835805950379315
6155	FYB2	ENSG00000187889	hsa-miR-1252-3p	MIMAT0026744	0.835801813506744
6156	MAP1B	ENSG00000131711	hsa-miR-137-3p	MIMAT0000429	0.835788145241289
6157	PKP1	ENSG00000081277	hsa-miR-4496	MIMAT0019031	0.835759017239604
6158	CORO1B	ENSG00000172725	hsa-miR-6780a-3p	MIMAT0027461	0.83575441536765
6159	FGF13	ENSG00000129682	hsa-miR-380-3p	MIMAT0000735	0.835728009242069
6160	MCMDC2	ENSG00000178460	hsa-miR-380-3p	MIMAT0000735	0.83572452034344
6161	UNC13C	ENSG00000137766	hsa-miR-5007-5p	MIMAT0021035	0.835711921786288
6162	ALG14	ENSG00000172339	hsa-miR-542-3p	MIMAT0003389	0.83568642699611
6163	POLK	ENSG00000122008	hsa-miR-137-3p	MIMAT0000429	0.835680595191918
6164	ZNF280B	ENSG00000275004	hsa-miR-7154-5p	MIMAT0028218	0.835667341223623
6165	XKR4	ENSG00000206579	hsa-miR-7154-5p	MIMAT0028218	0.835666672115948
6166	FOXP1	ENSG00000114861	hsa-miR-1252-3p	MIMAT0026744	0.835661089678672
6167	ABHD16A	ENSG00000204427	hsa-miR-6861-5p	MIMAT0027623	0.835660392327481
6168	MRTO4	ENSG00000053372	hsa-miR-7154-5p	MIMAT0028218	0.835658004287563
6169	ZYG11B	ENSG00000162378	hsa-miR-5007-5p	MIMAT0021035	0.835651938388345
6170	TMEM50A	ENSG00000183726	hsa-miR-3618	MIMAT0017998	0.83563543339554
6171	L3MBTL4	ENSG00000154655	hsa-miR-329-5p	MIMAT0026555	0.835629807880834
6172	SUSD5	ENSG00000173705	hsa-miR-3618	MIMAT0017998	0.835629510544451
6173	LYST	ENSG00000143669	hsa-miR-148a-5p	MIMAT0004549	0.835588931631513
6174	EOGT	ENSG00000163378	hsa-miR-137-3p	MIMAT0000429	0.83552724971225
6175	PCDH15	ENSG00000150275	hsa-miR-1252-3p	MIMAT0026744	0.835519568161909
6176	ABCC5	ENSG00000114770	hsa-miR-329-5p	MIMAT0026555	0.835511843459688
6177	CUL1	ENSG00000055130	hsa-miR-7154-5p	MIMAT0028218	0.835496163688316
6178	INTS14	ENSG00000138614	hsa-miR-148a-5p	MIMAT0004549	0.835489596471226
6179	FBXL3	ENSG00000005812	hsa-miR-148a-5p	MIMAT0004549	0.835479559199339
6180	MFSD2A	ENSG00000168389	hsa-miR-212-5p	MIMAT0022695	0.83544700028072
6181	TBC1D3	ENSG00000274611	hsa-miR-4496	MIMAT0019031	0.835445876808404
6182	AC242842.3	ENSG00000286185	hsa-miR-4496	MIMAT0019031	0.835443139864912
6183	POLR2J2	ENSG00000228049	hsa-miR-137-3p	MIMAT0000429	0.835407410442338
6184	TRIQK	ENSG00000205133	hsa-miR-7154-5p	MIMAT0028218	0.835391587631619
6185	NLGN4Y	ENSG00000165246	hsa-miR-5007-5p	MIMAT0021035	0.83533559020839
6186	COLEC12	ENSG00000158270	hsa-miR-4496	MIMAT0019031	0.835280194078106
6187	HMGXB4	ENSG00000100281	hsa-miR-542-3p	MIMAT0003389	0.835268730998913
6188	FARP1	ENSG00000152767	hsa-miR-329-5p	MIMAT0026555	0.835265213530246
6189	CACNB4	ENSG00000182389	hsa-miR-380-3p	MIMAT0000735	0.835243750511322
6190	MLH1	ENSG00000076242	hsa-miR-6780a-3p	MIMAT0027461	0.835222083581208
6191	ZNF814	ENSG00000204514	hsa-miR-4496	MIMAT0019031	0.835199336816577
6192	DTX2	ENSG00000091073	hsa-miR-137-3p	MIMAT0000429	0.835197528066269
6193	RALGPS2	ENSG00000116191	hsa-miR-5007-5p	MIMAT0021035	0.835188413258159
6194	NXNL2	ENSG00000130045	hsa-miR-137-3p	MIMAT0000429	0.835176212731886
6195	SOST	ENSG00000167941	hsa-miR-380-3p	MIMAT0000735	0.83516263752182
6196	SPTLC2	ENSG00000100596	hsa-miR-137-3p	MIMAT0000429	0.835118214175478
6197	APBB2	ENSG00000163697	hsa-miR-542-3p	MIMAT0003389	0.835035127145982
6198	PDZD7	ENSG00000186862	hsa-miR-212-5p	MIMAT0022695	0.835007887083693
6199	FBXO28	ENSG00000143756	hsa-miR-137-3p	MIMAT0000429	0.835006689325411
6200	SKP1	ENSG00000113558	hsa-miR-4496	MIMAT0019031	0.834976587830007
6201	HGF	ENSG00000019991	hsa-miR-1252-3p	MIMAT0026744	0.834945580491966
6202	RGS21	ENSG00000253148	hsa-miR-1252-3p	MIMAT0026744	0.834931541141701
6203	ZNF439	ENSG00000171291	hsa-miR-7154-5p	MIMAT0028218	0.834927457399992
6204	CD163	ENSG00000177575	hsa-miR-4496	MIMAT0019031	0.834882090758319
6205	BCL2L2	ENSG00000129473	hsa-miR-212-5p	MIMAT0022695	0.834877744460891
6206	FCN1	ENSG00000085265	hsa-miR-4496	MIMAT0019031	0.834870027493861
6207	OR5M3	ENSG00000174937	hsa-miR-6861-5p	MIMAT0027623	0.834853677300104
6208	NCK1	ENSG00000158092	hsa-miR-4496	MIMAT0019031	0.834826144082934
6209	ZNF197	ENSG00000186448	hsa-miR-329-5p	MIMAT0026555	0.834805916931337
6210	TTC39B	ENSG00000155158	hsa-miR-1252-3p	MIMAT0026744	0.834774942354485
6211	AEBP2	ENSG00000139154	hsa-miR-1252-3p	MIMAT0026744	0.834758166055954
6212	GPATCH2	ENSG00000092978	hsa-miR-329-5p	MIMAT0026555	0.834735497583697
6213	ZIC4	ENSG00000174963	hsa-miR-1252-3p	MIMAT0026744	0.834709308017307
6214	CHUK	ENSG00000213341	hsa-miR-329-5p	MIMAT0026555	0.834655975156822
6215	PRKAG2	ENSG00000106617	hsa-miR-7154-5p	MIMAT0028218	0.834578182014817
6216	KATNAL1	ENSG00000102781	hsa-miR-329-5p	MIMAT0026555	0.834567015681215
6217	TOGARAM1	ENSG00000198718	hsa-miR-329-5p	MIMAT0026555	0.834559991289685
6218	GTPBP3	ENSG00000130299	hsa-miR-148a-5p	MIMAT0004549	0.834492075246603
6219	FBXO32	ENSG00000156804	hsa-miR-148a-5p	MIMAT0004549	0.834464191506868
6220	INTS6	ENSG00000102786	hsa-miR-7154-5p	MIMAT0028218	0.834420103774953
6221	CENPC	ENSG00000145241	hsa-miR-380-3p	MIMAT0000735	0.834284518848415
6222	CCSER2	ENSG00000107771	hsa-miR-380-3p	MIMAT0000735	0.834198997480961
6223	ITSN1	ENSG00000205726	hsa-miR-3618	MIMAT0017998	0.834164400954088
6224	GP5	ENSG00000178732	hsa-miR-7154-5p	MIMAT0028218	0.834144345817606
6225	PDE11A	ENSG00000128655	hsa-miR-4496	MIMAT0019031	0.834140626788759
6226	SLC16A14	ENSG00000163053	hsa-miR-1252-3p	MIMAT0026744	0.834120810473808
6227	CDH8	ENSG00000150394	hsa-miR-148a-5p	MIMAT0004549	0.834086885159293
6228	DCHS2	ENSG00000197410	hsa-miR-7154-5p	MIMAT0028218	0.834076931035629
6229	TRMT6	ENSG00000089195	hsa-miR-212-5p	MIMAT0022695	0.834075899206
6230	KIF6	ENSG00000164627	hsa-miR-6780a-3p	MIMAT0027461	0.834075830498561
6231	IKZF2	ENSG00000030419	hsa-miR-380-3p	MIMAT0000735	0.834060816704915
6232	FDX1	ENSG00000137714	hsa-miR-329-5p	MIMAT0026555	0.834056827223476
6233	CDK17	ENSG00000059758	hsa-miR-1252-3p	MIMAT0026744	0.834046726743198
6234	CCDC71L	ENSG00000253276	hsa-miR-5007-5p	MIMAT0021035	0.834038257903714
6235	IPO7	ENSG00000205339	hsa-miR-7154-5p	MIMAT0028218	0.834035420220369
6236	SYTL4	ENSG00000102362	hsa-miR-6780a-3p	MIMAT0027461	0.834000424902241
6237	ETNK1	ENSG00000139163	hsa-miR-1252-3p	MIMAT0026744	0.833997706252449
6238	CARF	ENSG00000138380	hsa-miR-380-3p	MIMAT0000735	0.833941395114286
6239	CBLN4	ENSG00000054803	hsa-miR-329-5p	MIMAT0026555	0.833925394565583
6240	LRRC20	ENSG00000172731	hsa-miR-137-3p	MIMAT0000429	0.833903156888127
6241	AGFG1	ENSG00000173744	hsa-miR-4496	MIMAT0019031	0.833898887532297
6242	C18orf25	ENSG00000152242	hsa-miR-542-3p	MIMAT0003389	0.833898485775711
6243	NKAIN3	ENSG00000185942	hsa-miR-7154-5p	MIMAT0028218	0.833874021397035
6244	URM1	ENSG00000167118	hsa-miR-4496	MIMAT0019031	0.833869898285535
6245	ZBTB8A	ENSG00000160062	hsa-miR-329-5p	MIMAT0026555	0.833821200888303
6246	STIM2	ENSG00000109689	hsa-miR-137-3p	MIMAT0000429	0.833817307346474
6247	HNF4G	ENSG00000164749	hsa-miR-148a-5p	MIMAT0004549	0.83381444932787
6248	UNC5D	ENSG00000156687	hsa-miR-380-3p	MIMAT0000735	0.83380951809298
6249	AC096887.1	ENSG00000272305	hsa-miR-542-3p	MIMAT0003389	0.833793934167289
6250	SLC19A2	ENSG00000117479	hsa-miR-1252-3p	MIMAT0026744	0.83375074733625
6251	ARHGAP26	ENSG00000145819	hsa-miR-380-3p	MIMAT0000735	0.833737282239853
6252	RASGEF1B	ENSG00000138670	hsa-miR-148a-5p	MIMAT0004549	0.833721847082104
6253	NYNRIN	ENSG00000205978	hsa-miR-1252-3p	MIMAT0026744	0.833718072767695
6254	NCKAP1	ENSG00000061676	hsa-miR-1288-5p	MIMAT0026743	0.833701516815328
6255	ST8SIA5	ENSG00000101638	hsa-miR-1252-3p	MIMAT0026744	0.833692402240774
6256	LGALSL	ENSG00000119862	hsa-miR-6861-5p	MIMAT0027623	0.833691741782882
6257	AGFG1	ENSG00000173744	hsa-miR-3618	MIMAT0017998	0.833675160689773
6258	RIMS2	ENSG00000176406	hsa-miR-1252-3p	MIMAT0026744	0.833645147362335
6259	GDAP1	ENSG00000104381	hsa-miR-329-5p	MIMAT0026555	0.833596971378517
6260	LRP12	ENSG00000147650	hsa-miR-148a-5p	MIMAT0004549	0.833547321357945
6261	BNIP3	ENSG00000176171	hsa-miR-1252-3p	MIMAT0026744	0.83354328875048
6262	REL	ENSG00000162924	hsa-miR-4496	MIMAT0019031	0.833542269074332
6263	LEKR1	ENSG00000197980	hsa-miR-148a-5p	MIMAT0004549	0.833497366291896
6264	ZNF780B	ENSG00000128000	hsa-miR-7154-5p	MIMAT0028218	0.833495994322807
6265	BNIP2	ENSG00000140299	hsa-miR-4496	MIMAT0019031	0.833464284091238
6266	MYLK4	ENSG00000145949	hsa-miR-4496	MIMAT0019031	0.833447557170244
6267	USP49	ENSG00000164663	hsa-miR-4496	MIMAT0019031	0.833438241728096
6268	CDK5R1	ENSG00000176749	hsa-miR-329-5p	MIMAT0026555	0.833396754267088
6269	ZHX3	ENSG00000174306	hsa-miR-1252-3p	MIMAT0026744	0.833379296799017
6270	TDRD6	ENSG00000180113	hsa-miR-1252-3p	MIMAT0026744	0.833347367477403
6271	PARM1	ENSG00000169116	hsa-miR-1252-3p	MIMAT0026744	0.83332577138483
6272	LYSMD3	ENSG00000176018	hsa-miR-1252-3p	MIMAT0026744	0.83330481735669
6273	ONECUT2	ENSG00000119547	hsa-miR-6780a-3p	MIMAT0027461	0.833276163302668
6274	PRPF38A	ENSG00000134748	hsa-miR-148a-5p	MIMAT0004549	0.833273761385027
6275	PUS7L	ENSG00000129317	hsa-miR-137-3p	MIMAT0000429	0.833237439872458
6276	HACD2	ENSG00000206527	hsa-miR-542-3p	MIMAT0003389	0.833212065948426
6277	ULK2	ENSG00000083290	hsa-miR-1252-3p	MIMAT0026744	0.833210478513524
6278	RPAP2	ENSG00000122484	hsa-miR-6861-5p	MIMAT0027623	0.833202471357063
6279	LPCAT2	ENSG00000087253	hsa-miR-380-3p	MIMAT0000735	0.833198760754543
6280	MEX3B	ENSG00000183496	hsa-miR-6780a-3p	MIMAT0027461	0.83318371332317
6281	NIPAL1	ENSG00000163293	hsa-miR-542-3p	MIMAT0003389	0.833172016774496
6282	NDUFA13	ENSG00000186010	hsa-miR-7154-5p	MIMAT0028218	0.83315706214863
6283	DSE	ENSG00000111817	hsa-miR-329-5p	MIMAT0026555	0.833156364701722
6284	GJC1	ENSG00000182963	hsa-miR-1252-3p	MIMAT0026744	0.833137313355568
6285	AKAP1	ENSG00000121057	hsa-miR-380-3p	MIMAT0000735	0.83313600401334
6286	PTCH1	ENSG00000185920	hsa-miR-212-5p	MIMAT0022695	0.833122235547494
6287	VEZF1	ENSG00000136451	hsa-miR-380-3p	MIMAT0000735	0.833098113506131
6288	MMRN2	ENSG00000173269	hsa-miR-4496	MIMAT0019031	0.833087943242931
6289	MIA3	ENSG00000154305	hsa-miR-148a-5p	MIMAT0004549	0.83306404000381
6290	THAP6	ENSG00000174796	hsa-miR-1252-3p	MIMAT0026744	0.833060081326352
6291	SEPTIN11	ENSG00000138758	hsa-miR-7154-5p	MIMAT0028218	0.833050562073932
6292	ADGRG6	ENSG00000112414	hsa-miR-1252-3p	MIMAT0026744	0.833031928532473
6293	CHRM2	ENSG00000181072	hsa-miR-137-3p	MIMAT0000429	0.833023661067311
6294	TRPC4	ENSG00000133107	hsa-miR-137-3p	MIMAT0000429	0.83300676281287
6295	VPS13C	ENSG00000129003	hsa-miR-380-3p	MIMAT0000735	0.832975398967263
6296	LARGE1	ENSG00000133424	hsa-miR-7154-5p	MIMAT0028218	0.832946270377396
6297	CDKAL1	ENSG00000145996	hsa-miR-329-5p	MIMAT0026555	0.83292365615677
6298	A1CF	ENSG00000148584	hsa-miR-7154-5p	MIMAT0028218	0.832921503010588
6299	ATP2B2	ENSG00000157087	hsa-miR-148a-5p	MIMAT0004549	0.832889351351052
6300	HINFP	ENSG00000172273	hsa-miR-5007-5p	MIMAT0021035	0.832865685334107
6301	ACAA2	ENSG00000167315	hsa-miR-4496	MIMAT0019031	0.832825041834982
6302	CCND2	ENSG00000118971	hsa-miR-4496	MIMAT0019031	0.83282151409396
6303	SGTB	ENSG00000197860	hsa-miR-1252-3p	MIMAT0026744	0.832821447771267
6304	SLCO1A2	ENSG00000084453	hsa-miR-7154-5p	MIMAT0028218	0.832786253556823
6305	ABITRAM	ENSG00000119328	hsa-miR-329-5p	MIMAT0026555	0.832758068146345
6306	MAPKAPK5	ENSG00000089022	hsa-miR-1288-5p	MIMAT0026743	0.832755699973835
6307	USP28	ENSG00000048028	hsa-miR-329-5p	MIMAT0026555	0.832754003169761
6308	SAMD12	ENSG00000177570	hsa-miR-1252-3p	MIMAT0026744	0.832749597755187
6309	WDR76	ENSG00000092470	hsa-miR-137-3p	MIMAT0000429	0.832728396349314
6310	DOCK5	ENSG00000147459	hsa-miR-212-5p	MIMAT0022695	0.832727935831811
6311	BBX	ENSG00000114439	hsa-miR-1252-3p	MIMAT0026744	0.832701591490978
6312	MGAT4C	ENSG00000182050	hsa-miR-7154-5p	MIMAT0028218	0.832700355351039
6313	ARL17A	ENSG00000185829	hsa-miR-4496	MIMAT0019031	0.832663425446084
6314	GYG1	ENSG00000163754	hsa-miR-7154-5p	MIMAT0028218	0.832651116179119
6315	TULP4	ENSG00000130338	hsa-miR-6780a-3p	MIMAT0027461	0.832644384557388
6316	STARD4	ENSG00000164211	hsa-miR-3618	MIMAT0017998	0.83259091883224
6317	CYP3A5	ENSG00000106258	hsa-miR-4496	MIMAT0019031	0.832584596239984
6318	CTSK	ENSG00000143387	hsa-miR-542-3p	MIMAT0003389	0.832569130278106
6319	WDR7	ENSG00000091157	hsa-miR-5007-5p	MIMAT0021035	0.832563735740316
6320	NRIP1	ENSG00000180530	hsa-miR-4496	MIMAT0019031	0.832560470767752
6321	CAVIN2	ENSG00000168497	hsa-miR-137-3p	MIMAT0000429	0.832552899258354
6322	ZNF292	ENSG00000188994	hsa-miR-380-3p	MIMAT0000735	0.832547126799478
6323	WASL	ENSG00000106299	hsa-miR-380-3p	MIMAT0000735	0.832530273841759
6324	RPS6KA5	ENSG00000100784	hsa-miR-137-3p	MIMAT0000429	0.832504832201041
6325	GPR12	ENSG00000132975	hsa-miR-4496	MIMAT0019031	0.832503006447332
6326	FAXC	ENSG00000146267	hsa-miR-4496	MIMAT0019031	0.83249929408513
6327	DNASE1L3	ENSG00000163687	hsa-miR-542-3p	MIMAT0003389	0.832498662276565
6328	SS18L1	ENSG00000184402	hsa-miR-7154-5p	MIMAT0028218	0.832493651180267
6329	ZNF720	ENSG00000197302	hsa-miR-212-5p	MIMAT0022695	0.832442554899049
6330	NCOR2	ENSG00000196498	hsa-miR-6861-5p	MIMAT0027623	0.832409192086551
6331	INTU	ENSG00000164066	hsa-miR-148a-5p	MIMAT0004549	0.832366482079317
6332	ANKRD39	ENSG00000213337	hsa-miR-3618	MIMAT0017998	0.832364220747581
6333	DCAF8L1	ENSG00000226372	hsa-miR-137-3p	MIMAT0000429	0.832364168461732
6334	NR4A3	ENSG00000119508	hsa-miR-380-3p	MIMAT0000735	0.832357010216792
6335	SCN2A	ENSG00000136531	hsa-miR-7154-5p	MIMAT0028218	0.832340816707551
6336	DR1	ENSG00000117505	hsa-miR-4496	MIMAT0019031	0.832329137733195
6337	RAB3B	ENSG00000169213	hsa-miR-329-5p	MIMAT0026555	0.832309221847751
6338	ZBTB20	ENSG00000181722	hsa-miR-1288-5p	MIMAT0026743	0.832306775292551
6339	GSX2	ENSG00000180613	hsa-miR-6780a-3p	MIMAT0027461	0.832303166492521
6340	SUCNR1	ENSG00000198829	hsa-miR-4496	MIMAT0019031	0.832301132561931
6341	NIPA1	ENSG00000170113	hsa-miR-1252-3p	MIMAT0026744	0.832279967912423
6342	ZSCAN23	ENSG00000187987	hsa-miR-148a-5p	MIMAT0004549	0.832211661733772
6343	ABHD10	ENSG00000144827	hsa-miR-4496	MIMAT0019031	0.832188798939151
6344	GPR179	ENSG00000277399	hsa-miR-6780a-3p	MIMAT0027461	0.832147554219937
6345	DPH6	ENSG00000134146	hsa-miR-137-3p	MIMAT0000429	0.832117499676132
6346	SMIM31	ENSG00000248771	hsa-miR-6780a-3p	MIMAT0027461	0.832100849009585
6347	FAM186B	ENSG00000135436	hsa-miR-6861-5p	MIMAT0027623	0.832083473694362
6348	GDPD4	ENSG00000178795	hsa-miR-542-3p	MIMAT0003389	0.832082649210306
6349	TSPAN14	ENSG00000108219	hsa-miR-6780a-3p	MIMAT0027461	0.83203355212923
6350	OPRPN	ENSG00000171199	hsa-miR-137-3p	MIMAT0000429	0.83201850122203
6351	SPDYE1	ENSG00000136206	hsa-miR-148a-5p	MIMAT0004549	0.832011898395023
6352	RAP1B	ENSG00000127314	hsa-miR-148a-5p	MIMAT0004549	0.832006840120907
6353	PTGER3	ENSG00000050628	hsa-miR-329-5p	MIMAT0026555	0.832006029822745
6354	PCGF3	ENSG00000185619	hsa-miR-4496	MIMAT0019031	0.831996723499477
6355	ZCWPW2	ENSG00000206559	hsa-miR-4496	MIMAT0019031	0.831959255108647
6356	NOVA1	ENSG00000139910	hsa-miR-380-3p	MIMAT0000735	0.831926649254211
6357	ERI2	ENSG00000196678	hsa-miR-380-3p	MIMAT0000735	0.831910574331449
6358	SASH1	ENSG00000111961	hsa-miR-1252-3p	MIMAT0026744	0.831893000258336
6359	EYA1	ENSG00000104313	hsa-miR-7154-5p	MIMAT0028218	0.831890651348095
6360	USP8	ENSG00000138592	hsa-miR-1252-3p	MIMAT0026744	0.831890634260515
6361	STAU1	ENSG00000124214	hsa-miR-148a-5p	MIMAT0004549	0.831859188871531
6362	PIK3CB	ENSG00000051382	hsa-miR-7154-5p	MIMAT0028218	0.831848018240544
6363	ZFP36L1	ENSG00000185650	hsa-miR-148a-5p	MIMAT0004549	0.831842113862209
6364	CELF1	ENSG00000149187	hsa-miR-329-5p	MIMAT0026555	0.831826197908788
6365	EFHD2	ENSG00000142634	hsa-miR-329-5p	MIMAT0026555	0.831818729815195
6366	NBPF14	ENSG00000270629	hsa-miR-329-5p	MIMAT0026555	0.831817211791766
6367	CCDC85C	ENSG00000205476	hsa-miR-148a-5p	MIMAT0004549	0.831808643456654
6368	OR2T6	ENSG00000198104	hsa-miR-329-5p	MIMAT0026555	0.831790358996174
6369	HDX	ENSG00000165259	hsa-miR-212-5p	MIMAT0022695	0.831767240299043
6370	DHX29	ENSG00000067248	hsa-miR-7154-5p	MIMAT0028218	0.831762202244287
6371	RASAL2	ENSG00000075391	hsa-miR-212-5p	MIMAT0022695	0.831748110141285
6372	PCDH9	ENSG00000184226	hsa-miR-5007-5p	MIMAT0021035	0.831724934808428
6373	HDAC2	ENSG00000196591	hsa-miR-1252-3p	MIMAT0026744	0.831718170602175
6374	ATAD2B	ENSG00000119778	hsa-miR-1252-3p	MIMAT0026744	0.831649732351342
6375	TNPO1	ENSG00000083312	hsa-miR-137-3p	MIMAT0000429	0.831644474402628
6376	RIF1	ENSG00000080345	hsa-miR-329-5p	MIMAT0026555	0.831575979140285
6377	AC013477.1	ENSG00000288637	hsa-miR-1252-3p	MIMAT0026744	0.831572759854955
6378	MFAP5	ENSG00000197614	hsa-miR-4496	MIMAT0019031	0.831560753275258
6379	LSM14A	ENSG00000257103	hsa-miR-148a-5p	MIMAT0004549	0.831510001439441
6380	TRHDE	ENSG00000072657	hsa-miR-542-3p	MIMAT0003389	0.831486699625009
6381	COMMD5	ENSG00000170619	hsa-miR-3618	MIMAT0017998	0.831476664571154
6382	ACP1	ENSG00000143727	hsa-miR-7154-5p	MIMAT0028218	0.831463340942552
6383	TMED3	ENSG00000166557	hsa-miR-4496	MIMAT0019031	0.831452083242281
6384	KCTD2	ENSG00000180901	hsa-miR-212-5p	MIMAT0022695	0.831441297750224
6385	TRMT13	ENSG00000122435	hsa-miR-137-3p	MIMAT0000429	0.831391468228407
6386	SLC35D2	ENSG00000130958	hsa-miR-4496	MIMAT0019031	0.831377384067194
6387	CEP57L1	ENSG00000183137	hsa-miR-137-3p	MIMAT0000429	0.831332378584898
6388	FAM111B	ENSG00000189057	hsa-miR-148a-5p	MIMAT0004549	0.831308429862602
6389	H2AC11	ENSG00000196787	hsa-miR-6780a-3p	MIMAT0027461	0.831284208460737
6390	GTDC1	ENSG00000121964	hsa-miR-1288-5p	MIMAT0026743	0.83127717216448
6391	PANK3	ENSG00000120137	hsa-miR-137-3p	MIMAT0000429	0.831253727958563
6392	ADH1B	ENSG00000196616	hsa-miR-137-3p	MIMAT0000429	0.831224088153393
6393	PRRC2B	ENSG00000130723	hsa-miR-4496	MIMAT0019031	0.83122400810671
6394	TSPAN12	ENSG00000106025	hsa-miR-137-3p	MIMAT0000429	0.831213904330904
6395	EPB41L5	ENSG00000115109	hsa-miR-148a-5p	MIMAT0004549	0.831199583742524
6396	CILK1	ENSG00000112144	hsa-miR-1252-3p	MIMAT0026744	0.831195274875759
6397	FST	ENSG00000134363	hsa-miR-4496	MIMAT0019031	0.831192414641895
6398	KIF26B	ENSG00000162849	hsa-miR-1252-3p	MIMAT0026744	0.831176382568218
6399	KRT1	ENSG00000167768	hsa-miR-137-3p	MIMAT0000429	0.831172422022739
6400	GPR174	ENSG00000147138	hsa-miR-1252-3p	MIMAT0026744	0.831163424331433
6401	DNAL1	ENSG00000119661	hsa-miR-4496	MIMAT0019031	0.831143446700713
6402	NSMCE1	ENSG00000169189	hsa-miR-542-3p	MIMAT0003389	0.831128906984597
6403	DYRK1A	ENSG00000157540	hsa-miR-148a-5p	MIMAT0004549	0.831118294440806
6404	SAMD4A	ENSG00000020577	hsa-miR-4496	MIMAT0019031	0.831070076634182
6405	PALD1	ENSG00000107719	hsa-miR-148a-5p	MIMAT0004549	0.831050102193515
6406	GDAP1	ENSG00000104381	hsa-miR-7154-5p	MIMAT0028218	0.831004979229057
6407	NRXN3	ENSG00000021645	hsa-miR-137-3p	MIMAT0000429	0.83100106959904
6408	MTX3	ENSG00000177034	hsa-miR-148a-5p	MIMAT0004549	0.830999251273802
6409	PCMTD1	ENSG00000168300	hsa-miR-1252-3p	MIMAT0026744	0.830998993370031
6410	C5orf15	ENSG00000113583	hsa-miR-542-3p	MIMAT0003389	0.830998306172737
6411	SLC30A10	ENSG00000196660	hsa-miR-1252-3p	MIMAT0026744	0.830990602567304
6412	HRNR	ENSG00000197915	hsa-miR-7154-5p	MIMAT0028218	0.830988648114676
6413	TBC1D15	ENSG00000121749	hsa-miR-4496	MIMAT0019031	0.830975420692205
6414	GPATCH2L	ENSG00000089916	hsa-miR-4496	MIMAT0019031	0.830973061954834
6415	PRRG1	ENSG00000130962	hsa-miR-137-3p	MIMAT0000429	0.830936200665437
6416	TTC30B	ENSG00000196659	hsa-miR-148a-5p	MIMAT0004549	0.830853927156813
6417	ZNF615	ENSG00000197619	hsa-miR-1252-3p	MIMAT0026744	0.830844656213091
6418	LEMD2	ENSG00000161904	hsa-miR-4496	MIMAT0019031	0.830843617942445
6419	MCM9	ENSG00000111877	hsa-miR-6861-5p	MIMAT0027623	0.830836775380692
6420	ZNF774	ENSG00000196391	hsa-miR-137-3p	MIMAT0000429	0.830814526687173
6421	CCR6	ENSG00000112486	hsa-miR-7154-5p	MIMAT0028218	0.830811359691126
6422	COL8A1	ENSG00000144810	hsa-miR-380-3p	MIMAT0000735	0.830774749520578
6423	FMO3	ENSG00000007933	hsa-miR-3618	MIMAT0017998	0.8307406191957
6424	DIS3L2	ENSG00000144535	hsa-miR-6780a-3p	MIMAT0027461	0.830739833651165
6425	USP53	ENSG00000145390	hsa-miR-380-3p	MIMAT0000735	0.83073462632727
6426	ALDH6A1	ENSG00000119711	hsa-miR-7154-5p	MIMAT0028218	0.830730042849185
6427	PRR7	ENSG00000131188	hsa-miR-1288-5p	MIMAT0026743	0.830715259049444
6428	SCN2A	ENSG00000136531	hsa-miR-148a-5p	MIMAT0004549	0.830669633158509
6429	LEF1	ENSG00000138795	hsa-miR-212-5p	MIMAT0022695	0.830667025480468
6430	IRF2	ENSG00000168310	hsa-miR-380-3p	MIMAT0000735	0.830642434145519
6431	RALGPS1	ENSG00000136828	hsa-miR-542-3p	MIMAT0003389	0.830631224775302
6432	SESTD1	ENSG00000187231	hsa-miR-4496	MIMAT0019031	0.830608305518526
6433	TAOK1	ENSG00000160551	hsa-miR-4496	MIMAT0019031	0.830594977553298
6434	SF3B1	ENSG00000115524	hsa-miR-148a-5p	MIMAT0004549	0.830584728019578
6435	GATD3A	ENSG00000160221	hsa-miR-137-3p	MIMAT0000429	0.830583391354606
6436	PLXNA2	ENSG00000076356	hsa-miR-1252-3p	MIMAT0026744	0.830582267045643
6437	RFFL	ENSG00000092871	hsa-miR-148a-5p	MIMAT0004549	0.830575298313623
6438	ENTPD7	ENSG00000198018	hsa-miR-380-3p	MIMAT0000735	0.830541154348783
6439	GPSM2	ENSG00000121957	hsa-miR-380-3p	MIMAT0000735	0.830521487099495
6440	FICD	ENSG00000198855	hsa-miR-380-3p	MIMAT0000735	0.830515439890336
6441	SENP1	ENSG00000079387	hsa-miR-6780a-3p	MIMAT0027461	0.830493221280854
6442	DDX3X	ENSG00000215301	hsa-miR-4496	MIMAT0019031	0.830482793004798
6443	EGR2	ENSG00000122877	hsa-miR-137-3p	MIMAT0000429	0.830457506440326
6444	GABRA2	ENSG00000151834	hsa-miR-148a-5p	MIMAT0004549	0.830451134211987
6445	PRKG1	ENSG00000185532	hsa-miR-148a-5p	MIMAT0004549	0.83044606571057
6446	GMNC	ENSG00000205835	hsa-miR-1252-3p	MIMAT0026744	0.830445781296872
6447	RBM28	ENSG00000106344	hsa-miR-380-3p	MIMAT0000735	0.830399852612949
6448	FNDC3A	ENSG00000102531	hsa-miR-1288-5p	MIMAT0026743	0.830396056141365
6449	BBX	ENSG00000114439	hsa-miR-137-3p	MIMAT0000429	0.830395870486775
6450	KATNAL2	ENSG00000167216	hsa-miR-1252-3p	MIMAT0026744	0.830331463354564
6451	EIF2A	ENSG00000144895	hsa-miR-5007-5p	MIMAT0021035	0.830312579816943
6452	GLIS1	ENSG00000174332	hsa-miR-148a-5p	MIMAT0004549	0.830306361116153
6453	SLC6A5	ENSG00000165970	hsa-miR-380-3p	MIMAT0000735	0.830290317735031
6454	RASA1	ENSG00000145715	hsa-miR-380-3p	MIMAT0000735	0.830262851403505
6455	SLC38A1	ENSG00000111371	hsa-miR-4496	MIMAT0019031	0.830259159417817
6456	CA6	ENSG00000131686	hsa-miR-542-3p	MIMAT0003389	0.830220247278736
6457	TMEM59	ENSG00000116209	hsa-miR-4496	MIMAT0019031	0.830207563251667
6458	RFPL1	ENSG00000128250	hsa-miR-4496	MIMAT0019031	0.830168358851628
6459	SCAF11	ENSG00000139218	hsa-miR-3618	MIMAT0017998	0.830166004962447
6460	C9orf24	ENSG00000164972	hsa-miR-137-3p	MIMAT0000429	0.830162463992237
6461	KLF12	ENSG00000118922	hsa-miR-212-5p	MIMAT0022695	0.830159881361718
6462	MTO1	ENSG00000135297	hsa-miR-1252-3p	MIMAT0026744	0.830131085820438
6463	FGL2	ENSG00000127951	hsa-miR-7154-5p	MIMAT0028218	0.830119062706501
6464	ANO3	ENSG00000134343	hsa-miR-380-3p	MIMAT0000735	0.830116918691308
6465	GALNT3	ENSG00000115339	hsa-miR-4496	MIMAT0019031	0.830111020889299
6466	RRP15	ENSG00000067533	hsa-miR-1252-3p	MIMAT0026744	0.830106391566342
6467	ZNF397	ENSG00000186812	hsa-miR-5007-5p	MIMAT0021035	0.830098843719349
6468	ATG5	ENSG00000057663	hsa-miR-1252-3p	MIMAT0026744	0.830098241029854
6469	OSBP	ENSG00000110048	hsa-miR-6780a-3p	MIMAT0027461	0.830061566188734
6470	IKZF1	ENSG00000185811	hsa-miR-137-3p	MIMAT0000429	0.8300099920408
6471	STXBP5	ENSG00000164506	hsa-miR-380-3p	MIMAT0000735	0.830000687510378
6472	OR5AS1	ENSG00000181785	hsa-miR-7154-5p	MIMAT0028218	0.829961375770556
6473	PTCD2	ENSG00000049883	hsa-miR-3618	MIMAT0017998	0.829959496915106
6474	ZNF224	ENSG00000267680	hsa-miR-137-3p	MIMAT0000429	0.829945697851859
6475	USP53	ENSG00000145390	hsa-miR-329-5p	MIMAT0026555	0.829939352067841
6476	MTDH	ENSG00000147649	hsa-miR-148a-5p	MIMAT0004549	0.829931607073935
6477	KLRD1	ENSG00000134539	hsa-miR-380-3p	MIMAT0000735	0.829925755008164
6478	RPAP2	ENSG00000122484	hsa-miR-4496	MIMAT0019031	0.829925393544303
6479	MYH4	ENSG00000264424	hsa-miR-212-5p	MIMAT0022695	0.829920177895883
6480	MBNL2	ENSG00000139793	hsa-miR-380-3p	MIMAT0000735	0.829911626570758
6481	SRRM5	ENSG00000226763	hsa-miR-380-3p	MIMAT0000735	0.829909939977755
6482	ARHGEF26	ENSG00000114790	hsa-miR-6861-5p	MIMAT0027623	0.829887416768681
6483	DSC2	ENSG00000134755	hsa-miR-1252-3p	MIMAT0026744	0.82988424667339
6484	PDS5B	ENSG00000083642	hsa-miR-1252-3p	MIMAT0026744	0.829880568380243
6485	HGF	ENSG00000019991	hsa-miR-3618	MIMAT0017998	0.829868667685332
6486	SH3GLB1	ENSG00000097033	hsa-miR-1252-3p	MIMAT0026744	0.829864131260086
6487	SALL3	ENSG00000256463	hsa-miR-1252-3p	MIMAT0026744	0.829807768839237
6488	ENAM	ENSG00000132464	hsa-miR-4496	MIMAT0019031	0.829784420243599
6489	SLC16A10	ENSG00000112394	hsa-miR-1252-3p	MIMAT0026744	0.829774299224348
6490	GOLGA8A	ENSG00000175265	hsa-miR-1252-3p	MIMAT0026744	0.829768154257759
6491	SH3PXD2A	ENSG00000107957	hsa-miR-4496	MIMAT0019031	0.82972583823293
6492	ROCK1	ENSG00000067900	hsa-miR-1252-3p	MIMAT0026744	0.82970649953076
6493	SERTM1	ENSG00000180440	hsa-miR-212-5p	MIMAT0022695	0.829638451500327
6494	GOLGA7B	ENSG00000155265	hsa-miR-4496	MIMAT0019031	0.829622339694678
6495	PRRG4	ENSG00000135378	hsa-miR-4496	MIMAT0019031	0.829619423999731
6496	MBNL3	ENSG00000076770	hsa-miR-1252-3p	MIMAT0026744	0.829613421489763
6497	CTBS	ENSG00000117151	hsa-miR-1252-3p	MIMAT0026744	0.829611066517238
6498	DDHD1	ENSG00000100523	hsa-miR-148a-5p	MIMAT0004549	0.829595887389783
6499	PABPC5	ENSG00000174740	hsa-miR-7154-5p	MIMAT0028218	0.829578805214854
6500	ZNF418	ENSG00000196724	hsa-miR-380-3p	MIMAT0000735	0.829565391891119
6501	PPM1D	ENSG00000170836	hsa-miR-148a-5p	MIMAT0004549	0.829548598693225
6502	BAG5	ENSG00000166170	hsa-miR-380-3p	MIMAT0000735	0.829434005221018
6503	ZC3H6	ENSG00000188177	hsa-miR-1252-3p	MIMAT0026744	0.829422249181318
6504	SCEL	ENSG00000136155	hsa-miR-137-3p	MIMAT0000429	0.829419736768105
6505	DOCK10	ENSG00000135905	hsa-miR-6780a-3p	MIMAT0027461	0.829413157496017
6506	CD96	ENSG00000153283	hsa-miR-6861-5p	MIMAT0027623	0.8294103428496
6507	SC5D	ENSG00000109929	hsa-miR-4496	MIMAT0019031	0.829402516369778
6508	MRPL50	ENSG00000136897	hsa-miR-380-3p	MIMAT0000735	0.829396175245164
6509	PHF11	ENSG00000136147	hsa-miR-542-3p	MIMAT0003389	0.829362456015037
6510	OR52A1	ENSG00000182070	hsa-miR-137-3p	MIMAT0000429	0.82935984396327
6511	HMCN1	ENSG00000143341	hsa-miR-6780a-3p	MIMAT0027461	0.829341765192892
6512	LHX6	ENSG00000106852	hsa-miR-380-3p	MIMAT0000735	0.829340622108874
6513	ERBB4	ENSG00000178568	hsa-miR-137-3p	MIMAT0000429	0.829319484069356
6514	RIF1	ENSG00000080345	hsa-miR-1288-5p	MIMAT0026743	0.8293062917236
6515	SMURF2	ENSG00000108854	hsa-miR-5007-5p	MIMAT0021035	0.82930512078076
6516	RHBDL2	ENSG00000158315	hsa-miR-5007-5p	MIMAT0021035	0.829263599918313
6517	OR6F1	ENSG00000169214	hsa-miR-137-3p	MIMAT0000429	0.829259940340134
6518	KRT38	ENSG00000171360	hsa-miR-148a-5p	MIMAT0004549	0.829244891929347
6519	UCHL5	ENSG00000116750	hsa-miR-148a-5p	MIMAT0004549	0.829239807886374
6520	TRAM2	ENSG00000065308	hsa-miR-4496	MIMAT0019031	0.829172505524295
6521	SYNE1	ENSG00000131018	hsa-miR-7154-5p	MIMAT0028218	0.829137531151366
6522	RPS6KA3	ENSG00000177189	hsa-miR-148a-5p	MIMAT0004549	0.829128917045218
6523	FIGN	ENSG00000182263	hsa-miR-329-5p	MIMAT0026555	0.829119986994647
6524	DNAJC4	ENSG00000110011	hsa-miR-137-3p	MIMAT0000429	0.82909412315184
6525	ITGAV	ENSG00000138448	hsa-miR-4496	MIMAT0019031	0.82905889457244
6526	SIK1	ENSG00000142178	hsa-miR-148a-5p	MIMAT0004549	0.829053584074263
6527	PDAP1	ENSG00000106244	hsa-miR-329-5p	MIMAT0026555	0.829050910985792
6528	DDX3Y	ENSG00000067048	hsa-miR-148a-5p	MIMAT0004549	0.829013298037038
6529	PDE7A	ENSG00000205268	hsa-miR-212-5p	MIMAT0022695	0.828998779946154
6530	KDM4A	ENSG00000066135	hsa-miR-137-3p	MIMAT0000429	0.828982344630576
6531	AMOTL1	ENSG00000166025	hsa-miR-148a-5p	MIMAT0004549	0.828981599484764
6532	CYP46A1	ENSG00000036530	hsa-miR-5007-5p	MIMAT0021035	0.828977604321046
6533	RC3H2	ENSG00000056586	hsa-miR-212-5p	MIMAT0022695	0.828971171608563
6534	SPRED3	ENSG00000188766	hsa-miR-6861-5p	MIMAT0027623	0.828954839045578
6535	GPR45	ENSG00000135973	hsa-miR-1252-3p	MIMAT0026744	0.828942507347811
6536	KCTD16	ENSG00000183775	hsa-miR-4496	MIMAT0019031	0.828941022435691
6537	MACC1	ENSG00000183742	hsa-miR-1252-3p	MIMAT0026744	0.828934147157749
6538	BHLHE40	ENSG00000134107	hsa-miR-4496	MIMAT0019031	0.8289022390036
6539	NUCKS1	ENSG00000069275	hsa-miR-1252-3p	MIMAT0026744	0.828844477196542
6540	TACC1	ENSG00000147526	hsa-miR-1288-5p	MIMAT0026743	0.828800364205292
6541	PTPN22	ENSG00000134242	hsa-miR-1252-3p	MIMAT0026744	0.828790663476062
6542	ATE1	ENSG00000107669	hsa-miR-4496	MIMAT0019031	0.82876091299337
6543	CIITA	ENSG00000179583	hsa-miR-1252-3p	MIMAT0026744	0.828743526270379
6544	CLN3	ENSG00000188603	hsa-miR-4496	MIMAT0019031	0.828738231028802
6545	COPS2	ENSG00000166200	hsa-miR-137-3p	MIMAT0000429	0.828701870603004
6546	KIF3B	ENSG00000101350	hsa-miR-1252-3p	MIMAT0026744	0.828693700364379
6547	FBXO21	ENSG00000135108	hsa-miR-7154-5p	MIMAT0028218	0.828681046754809
6548	EMSY	ENSG00000158636	hsa-miR-542-3p	MIMAT0003389	0.828679064522475
6549	ZNF215	ENSG00000149054	hsa-miR-1252-3p	MIMAT0026744	0.828677872816201
6550	CAVIN4	ENSG00000170681	hsa-miR-4496	MIMAT0019031	0.828673850962209
6551	SMG1	ENSG00000157106	hsa-miR-148a-5p	MIMAT0004549	0.828639078967916
6552	FOXN3	ENSG00000053254	hsa-miR-1252-3p	MIMAT0026744	0.828633016250671
6553	ACTR3	ENSG00000115091	hsa-miR-148a-5p	MIMAT0004549	0.828632817853831
6554	ZDHHC3	ENSG00000163812	hsa-miR-6780a-3p	MIMAT0027461	0.828627465082615
6555	OSBP	ENSG00000110048	hsa-miR-4496	MIMAT0019031	0.828625421583181
6556	GIPC3	ENSG00000179855	hsa-miR-6861-5p	MIMAT0027623	0.828625325122812
6557	TTC39B	ENSG00000155158	hsa-miR-3618	MIMAT0017998	0.828560015391914
6558	PLA2G15	ENSG00000103066	hsa-miR-137-3p	MIMAT0000429	0.828532139139452
6559	CHRFAM7A	ENSG00000166664	hsa-miR-329-5p	MIMAT0026555	0.828495936127167
6560	IL36G	ENSG00000136688	hsa-miR-1252-3p	MIMAT0026744	0.828479842939722
6561	CD46	ENSG00000117335	hsa-miR-5007-5p	MIMAT0021035	0.82846952573124
6562	ATPAF1	ENSG00000123472	hsa-miR-212-5p	MIMAT0022695	0.828395330688722
6563	HIVEP2	ENSG00000010818	hsa-miR-380-3p	MIMAT0000735	0.828392063189073
6564	IKBKB	ENSG00000104365	hsa-miR-6780a-3p	MIMAT0027461	0.828391413458072
6565	RPS9	ENSG00000170889	hsa-miR-6780a-3p	MIMAT0027461	0.828355641632369
6566	SBSPON	ENSG00000164764	hsa-miR-7154-5p	MIMAT0028218	0.828343962796165
6567	LNX2	ENSG00000139517	hsa-miR-1252-3p	MIMAT0026744	0.828317567468955
6568	DTHD1	ENSG00000197057	hsa-miR-212-5p	MIMAT0022695	0.828270353652779
6569	PRDX5	ENSG00000126432	hsa-miR-137-3p	MIMAT0000429	0.828269096967042
6570	AQR	ENSG00000021776	hsa-miR-212-5p	MIMAT0022695	0.828245952976129
6571	AUNIP	ENSG00000127423	hsa-miR-4496	MIMAT0019031	0.828237149636864
6572	RUBCN	ENSG00000145016	hsa-miR-6780a-3p	MIMAT0027461	0.828211121001426
6573	MTF1	ENSG00000188786	hsa-miR-329-5p	MIMAT0026555	0.828209875961644
6574	NBPF3	ENSG00000142794	hsa-miR-1252-3p	MIMAT0026744	0.828209405630438
6575	MCMDC2	ENSG00000178460	hsa-miR-329-5p	MIMAT0026555	0.828180627663107
6576	GRID2	ENSG00000152208	hsa-miR-380-3p	MIMAT0000735	0.828160343935676
6577	TEX2	ENSG00000136478	hsa-miR-137-3p	MIMAT0000429	0.828151532262126
6578	TNFRSF10D	ENSG00000173530	hsa-miR-329-5p	MIMAT0026555	0.828138355066494
6579	PEG10	ENSG00000242265	hsa-miR-6861-5p	MIMAT0027623	0.828077935580325
6580	HID1	ENSG00000167861	hsa-miR-6861-5p	MIMAT0027623	0.82806476382107
6581	C5orf63	ENSG00000164241	hsa-miR-212-5p	MIMAT0022695	0.828062971739087
6582	VGLL3	ENSG00000206538	hsa-miR-380-3p	MIMAT0000735	0.828048204852056
6583	VPS13B	ENSG00000132549	hsa-miR-4496	MIMAT0019031	0.828024563680076
6584	DDX58	ENSG00000107201	hsa-miR-4496	MIMAT0019031	0.828021564145399
6585	CYP4F3	ENSG00000186529	hsa-miR-7154-5p	MIMAT0028218	0.828019415200208
6586	TNNI1	ENSG00000159173	hsa-miR-4496	MIMAT0019031	0.827999701087139
6587	CCL7	ENSG00000108688	hsa-miR-380-3p	MIMAT0000735	0.827951081410117
6588	CDH10	ENSG00000040731	hsa-miR-1252-3p	MIMAT0026744	0.827939669674894
6589	PCDHB9	ENSG00000177839	hsa-miR-148a-5p	MIMAT0004549	0.827923242023328
6590	BAZ2B	ENSG00000123636	hsa-miR-1252-3p	MIMAT0026744	0.827922770134882
6591	HRK	ENSG00000135116	hsa-miR-542-3p	MIMAT0003389	0.827910567316293
6592	PEPD	ENSG00000124299	hsa-miR-137-3p	MIMAT0000429	0.827901092874509
6593	ADAMTS12	ENSG00000151388	hsa-miR-6861-5p	MIMAT0027623	0.827888251434705
6594	ACVR2B	ENSG00000114739	hsa-miR-1288-5p	MIMAT0026743	0.827859463795408
6595	PEX26	ENSG00000215193	hsa-miR-329-5p	MIMAT0026555	0.827825658242087
6596	CRYBG1	ENSG00000112297	hsa-miR-148a-5p	MIMAT0004549	0.827809398188379
6597	HSPH1	ENSG00000120694	hsa-miR-212-5p	MIMAT0022695	0.827786610269911
6598	PRKG1	ENSG00000185532	hsa-miR-1252-3p	MIMAT0026744	0.827785272236294
6599	RNF169	ENSG00000166439	hsa-miR-6780a-3p	MIMAT0027461	0.827782838057532
6600	PRYP3	ENSG00000169763	hsa-miR-329-5p	MIMAT0026555	0.827756544940371
6601	TUG1	ENSG00000253352	hsa-miR-1252-3p	MIMAT0026744	0.827748830198825
6602	AFF1	ENSG00000172493	hsa-miR-6780a-3p	MIMAT0027461	0.827699859684309
6603	DLC1	ENSG00000164741	hsa-miR-6780a-3p	MIMAT0027461	0.827698160758698
6604	SLAMF9	ENSG00000162723	hsa-miR-137-3p	MIMAT0000429	0.827675638449337
6605	BCR	ENSG00000186716	hsa-miR-4496	MIMAT0019031	0.827663242862043
6606	TRPS1	ENSG00000104447	hsa-miR-1252-3p	MIMAT0026744	0.827653369995634
6607	CDKL5	ENSG00000008086	hsa-miR-7154-5p	MIMAT0028218	0.827650539130444
6608	NMNAT3	ENSG00000163864	hsa-miR-4496	MIMAT0019031	0.827637522523926
6609	DSEL	ENSG00000171451	hsa-miR-1252-3p	MIMAT0026744	0.82762905741799
6610	AC009163.3	ENSG00000260092	hsa-miR-5007-5p	MIMAT0021035	0.827606712453056
6611	ENOX1	ENSG00000120658	hsa-miR-4496	MIMAT0019031	0.827606464836705
6612	ADGRE2	ENSG00000127507	hsa-miR-137-3p	MIMAT0000429	0.82760491774675
6613	NRIP3	ENSG00000175352	hsa-miR-542-3p	MIMAT0003389	0.827577515230251
6614	MAP3K8	ENSG00000107968	hsa-miR-1252-3p	MIMAT0026744	0.827568036181754
6615	RNF217	ENSG00000146373	hsa-miR-542-3p	MIMAT0003389	0.827554227820721
6616	ACTR10	ENSG00000131966	hsa-miR-1252-3p	MIMAT0026744	0.827504672954195
6617	TMEM65	ENSG00000164983	hsa-miR-148a-5p	MIMAT0004549	0.82746765455799
6618	NIBAN1	ENSG00000135842	hsa-miR-6780a-3p	MIMAT0027461	0.82744390357317
6619	CYRIB	ENSG00000153310	hsa-miR-1252-3p	MIMAT0026744	0.827438595125985
6620	PABPC5	ENSG00000174740	hsa-miR-1252-3p	MIMAT0026744	0.827412761346046
6621	EDN1	ENSG00000078401	hsa-miR-7154-5p	MIMAT0028218	0.827412735432443
6622	MOB1B	ENSG00000173542	hsa-miR-1252-3p	MIMAT0026744	0.827401045508894
6623	HYDIN	ENSG00000157423	hsa-miR-1288-5p	MIMAT0026743	0.827371586753555
6624	CHMP7	ENSG00000147457	hsa-miR-6780a-3p	MIMAT0027461	0.827369115884298
6625	SLC25A17	ENSG00000100372	hsa-miR-329-5p	MIMAT0026555	0.827361852672683
6626	SIKE1	ENSG00000052723	hsa-miR-1252-3p	MIMAT0026744	0.82735322935211
6627	SP1	ENSG00000185591	hsa-miR-137-3p	MIMAT0000429	0.827351639005589
6628	MYSM1	ENSG00000162601	hsa-miR-148a-5p	MIMAT0004549	0.827343575585722
6629	ST6GALNAC3	ENSG00000184005	hsa-miR-380-3p	MIMAT0000735	0.827315814404113
6630	TEX13D	ENSG00000282419	hsa-miR-4496	MIMAT0019031	0.827293980098111
6631	REV3L	ENSG00000009413	hsa-miR-137-3p	MIMAT0000429	0.827273639985114
6632	FAM210B	ENSG00000124098	hsa-miR-4496	MIMAT0019031	0.827266436582058
6633	MID2	ENSG00000080561	hsa-miR-329-5p	MIMAT0026555	0.827261812780201
6634	ELOA	ENSG00000011007	hsa-miR-1252-3p	MIMAT0026744	0.827259648199202
6635	HMBOX1	ENSG00000147421	hsa-miR-137-3p	MIMAT0000429	0.827226200963439
6636	ZNF331	ENSG00000130844	hsa-miR-380-3p	MIMAT0000735	0.827218275015939
6637	DKK1	ENSG00000107984	hsa-miR-329-5p	MIMAT0026555	0.827210233622718
6638	ITSN1	ENSG00000205726	hsa-miR-4496	MIMAT0019031	0.827204252924138
6639	ARHGAP23	ENSG00000275832	hsa-miR-1252-3p	MIMAT0026744	0.827201676769409
6640	NKTR	ENSG00000114857	hsa-miR-6861-5p	MIMAT0027623	0.827198920133616
6641	SOX6	ENSG00000110693	hsa-miR-148a-5p	MIMAT0004549	0.827193010012538
6642	CSRNP3	ENSG00000178662	hsa-miR-542-3p	MIMAT0003389	0.827188355737635
6643	SLC19A2	ENSG00000117479	hsa-miR-137-3p	MIMAT0000429	0.827168141486843
6644	CASKIN2	ENSG00000177303	hsa-miR-6780a-3p	MIMAT0027461	0.827133490529431
6645	BMT2	ENSG00000164603	hsa-miR-329-5p	MIMAT0026555	0.827129834076558
6646	FAM204A	ENSG00000165669	hsa-miR-3618	MIMAT0017998	0.827105029216339
6647	KIN	ENSG00000151657	hsa-miR-1252-3p	MIMAT0026744	0.827074179888467
6648	ZNF300	ENSG00000145908	hsa-miR-1252-3p	MIMAT0026744	0.827061724243271
6649	IKZF3	ENSG00000161405	hsa-miR-329-5p	MIMAT0026555	0.826993585468565
6650	HAPLN1	ENSG00000145681	hsa-miR-1252-3p	MIMAT0026744	0.826944180291404
6651	PSMD12	ENSG00000197170	hsa-miR-329-5p	MIMAT0026555	0.826909409318748
6652	SAMD5	ENSG00000203727	hsa-miR-1252-3p	MIMAT0026744	0.826908272048699
6653	ABHD13	ENSG00000139826	hsa-miR-148a-5p	MIMAT0004549	0.826895692147015
6654	PAN3	ENSG00000152520	hsa-miR-1252-3p	MIMAT0026744	0.826891284700247
6655	SIM2	ENSG00000159263	hsa-miR-3618	MIMAT0017998	0.826866981762163
6656	NARS2	ENSG00000137513	hsa-miR-380-3p	MIMAT0000735	0.826866183766231
6657	BCL2L11	ENSG00000153094	hsa-miR-148a-5p	MIMAT0004549	0.826850778685746
6658	CHD8	ENSG00000100888	hsa-miR-6780a-3p	MIMAT0027461	0.826832451814123
6659	MBL2	ENSG00000165471	hsa-miR-542-3p	MIMAT0003389	0.826803062045782
6660	NOTCH1	ENSG00000148400	hsa-miR-137-3p	MIMAT0000429	0.826801342958275
6661	ARHGAP11A	ENSG00000198826	hsa-miR-137-3p	MIMAT0000429	0.826799374580715
6662	C18orf54	ENSG00000166845	hsa-miR-4496	MIMAT0019031	0.826796822303305
6663	AGBL1	ENSG00000273540	hsa-miR-6780a-3p	MIMAT0027461	0.826796732591174
6664	MED13L	ENSG00000123066	hsa-miR-7154-5p	MIMAT0028218	0.826782549455907
6665	C2CD2	ENSG00000157617	hsa-miR-137-3p	MIMAT0000429	0.826780691515417
6666	RRAGD	ENSG00000025039	hsa-miR-137-3p	MIMAT0000429	0.826777618102465
6667	SHC4	ENSG00000185634	hsa-miR-4496	MIMAT0019031	0.826768000084802
6668	BMPR1A	ENSG00000107779	hsa-miR-1252-3p	MIMAT0026744	0.826756310832387
6669	OR4F5	ENSG00000186092	hsa-miR-542-3p	MIMAT0003389	0.826737137407182
6670	GPR65	ENSG00000140030	hsa-miR-1252-3p	MIMAT0026744	0.826734426565719
6671	CSDC2	ENSG00000172346	hsa-miR-137-3p	MIMAT0000429	0.82672464178209
6672	BTBD11	ENSG00000151136	hsa-miR-212-5p	MIMAT0022695	0.826721659730157
6673	DEPP1	ENSG00000165507	hsa-miR-3618	MIMAT0017998	0.826719372147135
6674	SHC4	ENSG00000185634	hsa-miR-380-3p	MIMAT0000735	0.826695235848697
6675	APEX2	ENSG00000169188	hsa-miR-4496	MIMAT0019031	0.826692263651522
6676	DNA2	ENSG00000138346	hsa-miR-148a-5p	MIMAT0004549	0.826677583607156
6677	MED28	ENSG00000118579	hsa-miR-4496	MIMAT0019031	0.826670218698693
6678	HERC4	ENSG00000148634	hsa-miR-4496	MIMAT0019031	0.826636386476346
6679	CDKN1B	ENSG00000111276	hsa-miR-1288-5p	MIMAT0026743	0.82660765998509
6680	PRDM10	ENSG00000170325	hsa-miR-212-5p	MIMAT0022695	0.826600026307059
6681	ABRA	ENSG00000174429	hsa-miR-380-3p	MIMAT0000735	0.826552631948412
6682	GRAMD1C	ENSG00000178075	hsa-miR-1252-3p	MIMAT0026744	0.826524647991192
6683	PASK	ENSG00000115687	hsa-miR-380-3p	MIMAT0000735	0.826521037812841
6684	ZNF41	ENSG00000147124	hsa-miR-1252-3p	MIMAT0026744	0.826516312168823
6685	UBE2W	ENSG00000104343	hsa-miR-7154-5p	MIMAT0028218	0.826437964658854
6686	ZNF613	ENSG00000176024	hsa-miR-6780a-3p	MIMAT0027461	0.826417829588961
6687	HDGFL3	ENSG00000166503	hsa-miR-7154-5p	MIMAT0028218	0.826411609119159
6688	AGO3	ENSG00000126070	hsa-miR-1252-3p	MIMAT0026744	0.826395473171754
6689	SIL1	ENSG00000120725	hsa-miR-4496	MIMAT0019031	0.826364203864937
6690	PTBP3	ENSG00000119314	hsa-miR-329-5p	MIMAT0026555	0.826364067109436
6691	RELCH	ENSG00000134444	hsa-miR-7154-5p	MIMAT0028218	0.826355502570798
6692	CFAP221	ENSG00000163075	hsa-miR-137-3p	MIMAT0000429	0.826344446318985
6693	SLC7A9	ENSG00000021488	hsa-miR-1252-3p	MIMAT0026744	0.826338438447129
6694	SLC22A23	ENSG00000137266	hsa-miR-137-3p	MIMAT0000429	0.826321334576421
6695	PSG3	ENSG00000221826	hsa-miR-7154-5p	MIMAT0028218	0.826313398363258
6696	RAB3B	ENSG00000169213	hsa-miR-1288-5p	MIMAT0026743	0.826303421946048
6697	TIMMDC1	ENSG00000113845	hsa-miR-1252-3p	MIMAT0026744	0.826298079167704
6698	CASZ1	ENSG00000130940	hsa-miR-1252-3p	MIMAT0026744	0.826276652075555
6699	CCDC73	ENSG00000186714	hsa-miR-1252-3p	MIMAT0026744	0.826266184941503
6700	RPS6KA5	ENSG00000100784	hsa-miR-542-3p	MIMAT0003389	0.826205053799834
6701	FAM169A	ENSG00000198780	hsa-miR-148a-5p	MIMAT0004549	0.826202779181286
6702	NHLRC2	ENSG00000196865	hsa-miR-380-3p	MIMAT0000735	0.826198390331733
6703	COL11A1	ENSG00000060718	hsa-miR-5007-5p	MIMAT0021035	0.826167972626068
6704	EIF1AX	ENSG00000173674	hsa-miR-7154-5p	MIMAT0028218	0.826156085663439
6705	EXOC2	ENSG00000112685	hsa-miR-3618	MIMAT0017998	0.826089040569847
6706	OTOGL	ENSG00000165899	hsa-miR-329-5p	MIMAT0026555	0.826044517044481
6707	FRMD3	ENSG00000172159	hsa-miR-3618	MIMAT0017998	0.826031040183425
6708	ZNRF2	ENSG00000180233	hsa-miR-6861-5p	MIMAT0027623	0.82602456772894
6709	HNRNPD	ENSG00000138668	hsa-miR-1252-3p	MIMAT0026744	0.825996950724902
6710	ENGASE	ENSG00000167280	hsa-miR-6780a-3p	MIMAT0027461	0.825988798689769
6711	C21orf91	ENSG00000154642	hsa-miR-5007-5p	MIMAT0021035	0.825976159581072
6712	OPRM1	ENSG00000112038	hsa-miR-380-3p	MIMAT0000735	0.825972391261933
6713	RNF152	ENSG00000176641	hsa-miR-7154-5p	MIMAT0028218	0.825961023272426
6714	ZNF583	ENSG00000198440	hsa-miR-7154-5p	MIMAT0028218	0.825960721317895
6715	KIF5A	ENSG00000155980	hsa-miR-380-3p	MIMAT0000735	0.825944825043679
6716	TP53TG3E	ENSG00000275034	hsa-miR-1252-3p	MIMAT0026744	0.825907264259589
6717	MTX3	ENSG00000177034	hsa-miR-380-3p	MIMAT0000735	0.825869662225254
6718	CDC42SE2	ENSG00000158985	hsa-miR-148a-5p	MIMAT0004549	0.82584118242099
6719	MEGF9	ENSG00000106780	hsa-miR-1252-3p	MIMAT0026744	0.82581651590331
6720	TFAM	ENSG00000108064	hsa-miR-4496	MIMAT0019031	0.825805364830891
6721	SERAC1	ENSG00000122335	hsa-miR-1252-3p	MIMAT0026744	0.825727796286815
6722	SLC6A6	ENSG00000131389	hsa-miR-6780a-3p	MIMAT0027461	0.825726813297087
6723	KIF3A	ENSG00000131437	hsa-miR-148a-5p	MIMAT0004549	0.825715187640956
6724	EBF1	ENSG00000164330	hsa-miR-1252-3p	MIMAT0026744	0.825709699624912
6725	PDE10A	ENSG00000112541	hsa-miR-1252-3p	MIMAT0026744	0.825668074031896
6726	MS4A7	ENSG00000166927	hsa-miR-4496	MIMAT0019031	0.825642305172207
6727	DUSP6	ENSG00000139318	hsa-miR-4496	MIMAT0019031	0.825636816738909
6728	FOXO3	ENSG00000118689	hsa-miR-1288-5p	MIMAT0026743	0.825576939557685
6729	PDIK1L	ENSG00000175087	hsa-miR-1252-3p	MIMAT0026744	0.825572159034696
6730	TRANK1	ENSG00000168016	hsa-miR-6780a-3p	MIMAT0027461	0.825572058659423
6731	LRRTM3	ENSG00000198739	hsa-miR-5007-5p	MIMAT0021035	0.825571322114603
6732	SUPT4H1	ENSG00000213246	hsa-miR-148a-5p	MIMAT0004549	0.825568970689866
6733	FAXC	ENSG00000146267	hsa-miR-6861-5p	MIMAT0027623	0.825568318947652
6734	RFX3	ENSG00000080298	hsa-miR-7154-5p	MIMAT0028218	0.825560967047803
6735	GPRIN1	ENSG00000169258	hsa-miR-542-3p	MIMAT0003389	0.825560522346395
6736	SNX21	ENSG00000124104	hsa-miR-7154-5p	MIMAT0028218	0.825540948612997
6737	RSPH3	ENSG00000130363	hsa-miR-380-3p	MIMAT0000735	0.825488121990006
6738	CPSF2	ENSG00000165934	hsa-miR-4496	MIMAT0019031	0.825464057583586
6739	ERAP1	ENSG00000164307	hsa-miR-1252-3p	MIMAT0026744	0.825446906653626
6740	TTC9	ENSG00000133985	hsa-miR-1252-3p	MIMAT0026744	0.825400140720711
6741	LONRF2	ENSG00000170500	hsa-miR-1252-3p	MIMAT0026744	0.825394848658578
6742	ITGA5	ENSG00000161638	hsa-miR-4496	MIMAT0019031	0.82537364281452
6743	LHFPL6	ENSG00000183722	hsa-miR-6780a-3p	MIMAT0027461	0.825362774583542
6744	RCHY1	ENSG00000163743	hsa-miR-7154-5p	MIMAT0028218	0.825266292082479
6745	PEX13	ENSG00000162928	hsa-miR-1252-3p	MIMAT0026744	0.825256650040787
6746	RAG1	ENSG00000166349	hsa-miR-212-5p	MIMAT0022695	0.825228611786748
6747	ITGA6	ENSG00000091409	hsa-miR-148a-5p	MIMAT0004549	0.825219918075053
6748	SLAIN2	ENSG00000109171	hsa-miR-148a-5p	MIMAT0004549	0.825196817524431
6749	TP53TG3	ENSG00000183632	hsa-miR-1252-3p	MIMAT0026744	0.82518836300065
6750	DGAT2L6	ENSG00000184210	hsa-miR-4496	MIMAT0019031	0.825161912327655
6751	C13orf42	ENSG00000226792	hsa-miR-212-5p	MIMAT0022695	0.825131935408892
6752	GCA	ENSG00000115271	hsa-miR-137-3p	MIMAT0000429	0.825086548667678
6753	TPP2	ENSG00000134900	hsa-miR-7154-5p	MIMAT0028218	0.825066403582067
6754	FAM9C	ENSG00000187268	hsa-miR-148a-5p	MIMAT0004549	0.825064610550507
6755	RNF130	ENSG00000113269	hsa-miR-329-5p	MIMAT0026555	0.825023493861215
6756	MED13	ENSG00000108510	hsa-miR-4496	MIMAT0019031	0.825019263621915
6757	SLC30A4	ENSG00000104154	hsa-miR-4496	MIMAT0019031	0.825012411346368
6758	CMC2	ENSG00000103121	hsa-miR-6780a-3p	MIMAT0027461	0.824989203980191
6759	SMC1A	ENSG00000072501	hsa-miR-1252-3p	MIMAT0026744	0.824959728491841
6760	PAPSS2	ENSG00000198682	hsa-miR-137-3p	MIMAT0000429	0.824934484121381
6761	TRMT13	ENSG00000122435	hsa-miR-148a-5p	MIMAT0004549	0.824924665640744
6762	PRKAR2A	ENSG00000114302	hsa-miR-4496	MIMAT0019031	0.824916880713901
6763	CLINT1	ENSG00000113282	hsa-miR-1252-3p	MIMAT0026744	0.824903235107081
6764	EOGT	ENSG00000163378	hsa-miR-1252-3p	MIMAT0026744	0.82489456542424
6765	MYO9A	ENSG00000066933	hsa-miR-380-3p	MIMAT0000735	0.824851299628341
6766	ATXN10	ENSG00000130638	hsa-miR-1252-3p	MIMAT0026744	0.824833804535014
6767	SMC3	ENSG00000108055	hsa-miR-148a-5p	MIMAT0004549	0.824833400817436
6768	ZNF484	ENSG00000127081	hsa-miR-6861-5p	MIMAT0027623	0.824833376591191
6769	CA10	ENSG00000154975	hsa-miR-6780a-3p	MIMAT0027461	0.82482385707279
6770	WDR31	ENSG00000148225	hsa-miR-1252-3p	MIMAT0026744	0.82481108055833
6771	RICTOR	ENSG00000164327	hsa-miR-1252-3p	MIMAT0026744	0.824810953095564
6772	CCL24	ENSG00000106178	hsa-miR-3618	MIMAT0017998	0.824771173872291
6773	VWA5B1	ENSG00000158816	hsa-miR-4496	MIMAT0019031	0.824736071478311
6774	TENT4B	ENSG00000121274	hsa-miR-1252-3p	MIMAT0026744	0.824711531291251
6775	TNIK	ENSG00000154310	hsa-miR-1252-3p	MIMAT0026744	0.824708193596165
6776	LEPROTL1	ENSG00000104660	hsa-miR-4496	MIMAT0019031	0.824696542504875
6777	SKIL	ENSG00000136603	hsa-miR-380-3p	MIMAT0000735	0.824682980909559
6778	ZNF727	ENSG00000214652	hsa-miR-1252-3p	MIMAT0026744	0.824675139147773
6779	PRUNE2	ENSG00000106772	hsa-miR-4496	MIMAT0019031	0.824665298075014
6780	ELP4	ENSG00000109911	hsa-miR-1252-3p	MIMAT0026744	0.824658927992271
6781	TRIP11	ENSG00000100815	hsa-miR-148a-5p	MIMAT0004549	0.824648285523506
6782	TP53TG3D	ENSG00000205456	hsa-miR-1252-3p	MIMAT0026744	0.824644171704238
6783	GNG10	ENSG00000242616	hsa-miR-7154-5p	MIMAT0028218	0.824604269581099
6784	VPS35	ENSG00000069329	hsa-miR-4496	MIMAT0019031	0.824602139490596
6785	MAP9	ENSG00000164114	hsa-miR-380-3p	MIMAT0000735	0.82458986625106
6786	NR5A2	ENSG00000116833	hsa-miR-3618	MIMAT0017998	0.824587567314213
6787	RND3	ENSG00000115963	hsa-miR-148a-5p	MIMAT0004549	0.824575950266787
6788	HAPLN1	ENSG00000145681	hsa-miR-380-3p	MIMAT0000735	0.82451052116539
6789	HTR4	ENSG00000164270	hsa-miR-6780a-3p	MIMAT0027461	0.824506159926656
6790	DAB2IP	ENSG00000136848	hsa-miR-5007-5p	MIMAT0021035	0.824500804147572
6791	SLITRK2	ENSG00000185985	hsa-miR-1252-3p	MIMAT0026744	0.824496065674159
6792	FOXO3	ENSG00000118689	hsa-miR-4496	MIMAT0019031	0.824473032079799
6793	KIRREL1	ENSG00000183853	hsa-miR-6861-5p	MIMAT0027623	0.82446425374728
6794	PNPLA8	ENSG00000135241	hsa-miR-1252-3p	MIMAT0026744	0.824414641498256
6795	UBN2	ENSG00000157741	hsa-miR-212-5p	MIMAT0022695	0.824414350353771
6796	PGK2	ENSG00000170950	hsa-miR-1252-3p	MIMAT0026744	0.824395611884798
6797	GDA	ENSG00000119125	hsa-miR-148a-5p	MIMAT0004549	0.824388780790025
6798	ZNF776	ENSG00000152443	hsa-miR-4496	MIMAT0019031	0.824347726257687
6799	PRKACB	ENSG00000142875	hsa-miR-6861-5p	MIMAT0027623	0.824308816594825
6800	PITPNC1	ENSG00000154217	hsa-miR-380-3p	MIMAT0000735	0.824289063109268
6801	LCORL	ENSG00000178177	hsa-miR-1252-3p	MIMAT0026744	0.82428233975684
6802	INSL5	ENSG00000172410	hsa-miR-212-5p	MIMAT0022695	0.824232848704863
6803	CFAP299	ENSG00000197826	hsa-miR-1252-3p	MIMAT0026744	0.824214528631509
6804	AMACR	ENSG00000242110	hsa-miR-6780a-3p	MIMAT0027461	0.824212796747872
6805	BNIP3L	ENSG00000104765	hsa-miR-7154-5p	MIMAT0028218	0.82419600582254
6806	B3GALT5	ENSG00000183778	hsa-miR-7154-5p	MIMAT0028218	0.824179751351103
6807	ZNF302	ENSG00000089335	hsa-miR-380-3p	MIMAT0000735	0.824169065135572
6808	RECQL	ENSG00000004700	hsa-miR-137-3p	MIMAT0000429	0.824141833459202
6809	CARS1	ENSG00000110619	hsa-miR-212-5p	MIMAT0022695	0.824138097663867
6810	ADAMTS5	ENSG00000154736	hsa-miR-1252-3p	MIMAT0026744	0.824113455329124
6811	ATOH8	ENSG00000168874	hsa-miR-212-5p	MIMAT0022695	0.824095428567764
6812	LATS1	ENSG00000131023	hsa-miR-4496	MIMAT0019031	0.824094660850785
6813	DBNL	ENSG00000136279	hsa-miR-6780a-3p	MIMAT0027461	0.824085800107719
6814	CLEC6A	ENSG00000205846	hsa-miR-329-5p	MIMAT0026555	0.824077665633262
6815	ASH1L	ENSG00000116539	hsa-miR-6861-5p	MIMAT0027623	0.824042733814802
6816	GPR34	ENSG00000171659	hsa-miR-1252-3p	MIMAT0026744	0.824036502757845
6817	ASXL2	ENSG00000143970	hsa-miR-329-5p	MIMAT0026555	0.824023298768525
6818	GPC6	ENSG00000183098	hsa-miR-148a-5p	MIMAT0004549	0.824019111240668
6819	UQCRB	ENSG00000156467	hsa-miR-4496	MIMAT0019031	0.824016069400117
6820	EFNB2	ENSG00000125266	hsa-miR-6861-5p	MIMAT0027623	0.82401551511913
6821	SS18L1	ENSG00000184402	hsa-miR-1252-3p	MIMAT0026744	0.823991733344961
6822	MCMDC2	ENSG00000178460	hsa-miR-542-3p	MIMAT0003389	0.823990750740813
6823	SDCBP	ENSG00000137575	hsa-miR-4496	MIMAT0019031	0.823989604459757
6824	OR10Z1	ENSG00000198967	hsa-miR-380-3p	MIMAT0000735	0.823969239093777
6825	CFAP43	ENSG00000197748	hsa-miR-1252-3p	MIMAT0026744	0.823934124329533
6826	HDAC2	ENSG00000196591	hsa-miR-148a-5p	MIMAT0004549	0.823925221522468
6827	POU4F1	ENSG00000152192	hsa-miR-4496	MIMAT0019031	0.823869276769032
6828	MAPK6	ENSG00000069956	hsa-miR-1288-5p	MIMAT0026743	0.823864730018789
6829	GPX1	ENSG00000233276	hsa-miR-4496	MIMAT0019031	0.823854337536057
6830	FLRT3	ENSG00000125848	hsa-miR-4496	MIMAT0019031	0.823850038335784
6831	CKAP5	ENSG00000175216	hsa-miR-1252-3p	MIMAT0026744	0.823783071945862
6832	GABRB2	ENSG00000145864	hsa-miR-1252-3p	MIMAT0026744	0.82374986419741
6833	CISH	ENSG00000114737	hsa-miR-7154-5p	MIMAT0028218	0.823732821257137
6834	IMPACT	ENSG00000154059	hsa-miR-148a-5p	MIMAT0004549	0.82372765881465
6835	SPATA6L	ENSG00000106686	hsa-miR-7154-5p	MIMAT0028218	0.823720715290563
6836	POLQ	ENSG00000051341	hsa-miR-380-3p	MIMAT0000735	0.823691322092523
6837	CFL2	ENSG00000165410	hsa-miR-1252-3p	MIMAT0026744	0.823604634346283
6838	LILRB4	ENSG00000186818	hsa-miR-7154-5p	MIMAT0028218	0.823588543072555
6839	ASPH	ENSG00000198363	hsa-miR-7154-5p	MIMAT0028218	0.823564612963299
6840	FABP2	ENSG00000145384	hsa-miR-4496	MIMAT0019031	0.823549808445756
6841	SEC22C	ENSG00000093183	hsa-miR-329-5p	MIMAT0026555	0.823546885885774
6842	BBC3	ENSG00000105327	hsa-miR-4496	MIMAT0019031	0.823524525064941
6843	ANOS1	ENSG00000011201	hsa-miR-380-3p	MIMAT0000735	0.823517354382291
6844	SPICE1	ENSG00000163611	hsa-miR-329-5p	MIMAT0026555	0.823516365839386
6845	ZNF423	ENSG00000102935	hsa-miR-380-3p	MIMAT0000735	0.823499596419287
6846	FSBP	ENSG00000265817	hsa-miR-148a-5p	MIMAT0004549	0.823480204376095
6847	MOB1B	ENSG00000173542	hsa-miR-4496	MIMAT0019031	0.823430821653649
6848	PTEN	ENSG00000171862	hsa-miR-148a-5p	MIMAT0004549	0.823419378242235
6849	DCT	ENSG00000080166	hsa-miR-4496	MIMAT0019031	0.823372225592999
6850	SMC2	ENSG00000136824	hsa-miR-1252-3p	MIMAT0026744	0.823370741761269
6851	LYN	ENSG00000254087	hsa-miR-1252-3p	MIMAT0026744	0.823366957459707
6852	CHRNA7	ENSG00000175344	hsa-miR-1252-3p	MIMAT0026744	0.823355407751492
6853	LANCL3	ENSG00000147036	hsa-miR-329-5p	MIMAT0026555	0.823354962879921
6854	THAP2	ENSG00000173451	hsa-miR-380-3p	MIMAT0000735	0.823343615799085
6855	FEZ1	ENSG00000149557	hsa-miR-329-5p	MIMAT0026555	0.823339919385383
6856	DPP8	ENSG00000074603	hsa-miR-7154-5p	MIMAT0028218	0.823311150067307
6857	HS2ST1	ENSG00000153936	hsa-miR-4496	MIMAT0019031	0.823299115620942
6858	SMAD4	ENSG00000141646	hsa-miR-6780a-3p	MIMAT0027461	0.823232637974882
6859	ZDHHC15	ENSG00000102383	hsa-miR-1252-3p	MIMAT0026744	0.823228365811261
6860	TMEM139	ENSG00000178826	hsa-miR-6780a-3p	MIMAT0027461	0.823214200333917
6861	SYPL2	ENSG00000143028	hsa-miR-4496	MIMAT0019031	0.82319454299987
6862	CACUL1	ENSG00000151893	hsa-miR-1252-3p	MIMAT0026744	0.823135652828048
6863	GP6	ENSG00000088053	hsa-miR-212-5p	MIMAT0022695	0.823080294308928
6864	ARHGAP31	ENSG00000031081	hsa-miR-1252-3p	MIMAT0026744	0.823036227537004
6865	CEP57L1	ENSG00000183137	hsa-miR-1252-3p	MIMAT0026744	0.823034505582563
6866	GTF2A1	ENSG00000165417	hsa-miR-4496	MIMAT0019031	0.823033709722807
6867	BMP10	ENSG00000163217	hsa-miR-7154-5p	MIMAT0028218	0.82302943581112
6868	FMNL3	ENSG00000161791	hsa-miR-212-5p	MIMAT0022695	0.823028489049744
6869	DCD	ENSG00000161634	hsa-miR-329-5p	MIMAT0026555	0.822999926125059
6870	SOX5	ENSG00000134532	hsa-miR-4496	MIMAT0019031	0.822968965995458
6871	HIF1AN	ENSG00000166135	hsa-miR-212-5p	MIMAT0022695	0.822962119285973
6872	PCDH8	ENSG00000136099	hsa-miR-7154-5p	MIMAT0028218	0.822928170417734
6873	ADCY1	ENSG00000164742	hsa-miR-137-3p	MIMAT0000429	0.822925519096282
6874	EIF4G3	ENSG00000075151	hsa-miR-148a-5p	MIMAT0004549	0.822909904231088
6875	KCTD18	ENSG00000155729	hsa-miR-148a-5p	MIMAT0004549	0.822898633952222
6876	C5AR2	ENSG00000134830	hsa-miR-1252-3p	MIMAT0026744	0.822893850145721
6877	CLCC1	ENSG00000121940	hsa-miR-7154-5p	MIMAT0028218	0.822832521361745
6878	DTWD1	ENSG00000104047	hsa-miR-148a-5p	MIMAT0004549	0.822807206044409
6879	OTUD4	ENSG00000164164	hsa-miR-4496	MIMAT0019031	0.822798341455132
6880	SACM1L	ENSG00000211456	hsa-miR-148a-5p	MIMAT0004549	0.822755029782775
6881	ADAT2	ENSG00000189007	hsa-miR-4496	MIMAT0019031	0.822724115765863
6882	ZNF660	ENSG00000144792	hsa-miR-7154-5p	MIMAT0028218	0.822679120180637
6883	OR8B3	ENSG00000284609	hsa-miR-148a-5p	MIMAT0004549	0.822641658895861
6884	NEMP1	ENSG00000166881	hsa-miR-380-3p	MIMAT0000735	0.822637015355462
6885	ANO4	ENSG00000151572	hsa-miR-137-3p	MIMAT0000429	0.822613066497863
6886	ASAH1	ENSG00000104763	hsa-miR-1252-3p	MIMAT0026744	0.822608547561066
6887	KPNA3	ENSG00000102753	hsa-miR-542-3p	MIMAT0003389	0.822578398198358
6888	RNF217	ENSG00000146373	hsa-miR-148a-5p	MIMAT0004549	0.822566591725834
6889	SLC24A2	ENSG00000155886	hsa-miR-137-3p	MIMAT0000429	0.822554688490286
6890	DGLUCY	ENSG00000133943	hsa-miR-5007-5p	MIMAT0021035	0.822531713335977
6891	ASB3	ENSG00000115239	hsa-miR-148a-5p	MIMAT0004549	0.822509617802279
6892	LSAMP	ENSG00000185565	hsa-miR-7154-5p	MIMAT0028218	0.822497840512057
6893	TCF12	ENSG00000140262	hsa-miR-542-3p	MIMAT0003389	0.822497442399165
6894	ZDHHC3	ENSG00000163812	hsa-miR-1252-3p	MIMAT0026744	0.822478496268938
6895	ZFAND5	ENSG00000107372	hsa-miR-137-3p	MIMAT0000429	0.822438556266002
6896	F11R	ENSG00000158769	hsa-miR-148a-5p	MIMAT0004549	0.82239505415102
6897	COPS2	ENSG00000166200	hsa-miR-1252-3p	MIMAT0026744	0.822392812848386
6898	RREB1	ENSG00000124782	hsa-miR-148a-5p	MIMAT0004549	0.822383429654497
6899	IFIT1	ENSG00000185745	hsa-miR-1252-3p	MIMAT0026744	0.822371115625925
6900	LSM8	ENSG00000128534	hsa-miR-1252-3p	MIMAT0026744	0.822310655062776
6901	ZNF81	ENSG00000197779	hsa-miR-380-3p	MIMAT0000735	0.822307734116857
6902	EFHC1	ENSG00000096093	hsa-miR-4496	MIMAT0019031	0.822295709678458
6903	TPR	ENSG00000047410	hsa-miR-380-3p	MIMAT0000735	0.822235699124851
6904	MAP3K20	ENSG00000091436	hsa-miR-148a-5p	MIMAT0004549	0.822209807275784
6905	TMEM106B	ENSG00000106460	hsa-miR-3618	MIMAT0017998	0.822193612581908
6906	PPP1R3A	ENSG00000154415	hsa-miR-137-3p	MIMAT0000429	0.82219285020369
6907	GPRIN3	ENSG00000185477	hsa-miR-1252-3p	MIMAT0026744	0.822177254680535
6908	PPP6C	ENSG00000119414	hsa-miR-4496	MIMAT0019031	0.822177053359232
6909	CENPJ	ENSG00000151849	hsa-miR-542-3p	MIMAT0003389	0.822176443267515
6910	UBE2E3	ENSG00000170035	hsa-miR-148a-5p	MIMAT0004549	0.822170933175618
6911	ZNF627	ENSG00000198551	hsa-miR-4496	MIMAT0019031	0.822129814438421
6912	WWC1	ENSG00000113645	hsa-miR-137-3p	MIMAT0000429	0.822125061626328
6913	MMP8	ENSG00000118113	hsa-miR-3618	MIMAT0017998	0.822105829052988
6914	FRK	ENSG00000111816	hsa-miR-6780a-3p	MIMAT0027461	0.822098992608113
6915	HOXC4	ENSG00000198353	hsa-miR-137-3p	MIMAT0000429	0.822083563712842
6916	SCN2A	ENSG00000136531	hsa-miR-380-3p	MIMAT0000735	0.822075592201024
6917	PDLIM5	ENSG00000163110	hsa-miR-4496	MIMAT0019031	0.822071516514588
6918	MYBPC3	ENSG00000134571	hsa-miR-137-3p	MIMAT0000429	0.822061972708143
6919	AC098850.3	ENSG00000266302	hsa-miR-4496	MIMAT0019031	0.822056328958275
6920	ASB7	ENSG00000183475	hsa-miR-1252-3p	MIMAT0026744	0.822039769820287
6921	PRKG2	ENSG00000138669	hsa-miR-4496	MIMAT0019031	0.8220131770235
6922	OR2C3	ENSG00000196242	hsa-miR-4496	MIMAT0019031	0.821999614606541
6923	HEY2	ENSG00000135547	hsa-miR-329-5p	MIMAT0026555	0.821958834799785
6924	C1S	ENSG00000182326	hsa-miR-4496	MIMAT0019031	0.821957006018826
6925	CTSO	ENSG00000256043	hsa-miR-4496	MIMAT0019031	0.821945852627265
6926	BNC2	ENSG00000173068	hsa-miR-380-3p	MIMAT0000735	0.821937300476962
6927	AFAP1L1	ENSG00000157510	hsa-miR-542-3p	MIMAT0003389	0.821935976656308
6928	EPN1	ENSG00000063245	hsa-miR-4496	MIMAT0019031	0.821904186615398
6929	DDX3Y	ENSG00000067048	hsa-miR-5007-5p	MIMAT0021035	0.82188695519362
6930	YWHAZ	ENSG00000164924	hsa-miR-7154-5p	MIMAT0028218	0.821881872844589
6931	NRXN3	ENSG00000021645	hsa-miR-380-3p	MIMAT0000735	0.821820040836019
6932	KDM3A	ENSG00000115548	hsa-miR-148a-5p	MIMAT0004549	0.8217950573221
6933	TMEM260	ENSG00000070269	hsa-miR-148a-5p	MIMAT0004549	0.821782874544483
6934	EGF	ENSG00000138798	hsa-miR-7154-5p	MIMAT0028218	0.821771879144185
6935	GTF2E2	ENSG00000197265	hsa-miR-137-3p	MIMAT0000429	0.821760411247432
6936	NTPCR	ENSG00000135778	hsa-miR-7154-5p	MIMAT0028218	0.821718423079908
6937	TTC37	ENSG00000198677	hsa-miR-5007-5p	MIMAT0021035	0.821705582399372
6938	DMAC2L	ENSG00000125375	hsa-miR-1252-3p	MIMAT0026744	0.821695976117161
6939	PRKAR2B	ENSG00000005249	hsa-miR-3618	MIMAT0017998	0.82167660489109
6940	RIOX2	ENSG00000170854	hsa-miR-4496	MIMAT0019031	0.821674679122966
6941	BNIPL	ENSG00000163141	hsa-miR-329-5p	MIMAT0026555	0.821671921052726
6942	SARM1	ENSG00000004139	hsa-miR-4496	MIMAT0019031	0.821671383680203
6943	SAP30L	ENSG00000164576	hsa-miR-1252-3p	MIMAT0026744	0.821637317724857
6944	DST	ENSG00000151914	hsa-miR-148a-5p	MIMAT0004549	0.821628974655053
6945	SUPT7L	ENSG00000119760	hsa-miR-4496	MIMAT0019031	0.821613371032159
6946	TRIM72	ENSG00000177238	hsa-miR-1252-3p	MIMAT0026744	0.821610562547322
6947	ZNF292	ENSG00000188994	hsa-miR-1252-3p	MIMAT0026744	0.821594042068084
6948	MSH6	ENSG00000116062	hsa-miR-148a-5p	MIMAT0004549	0.821567598693822
6949	HOXB3	ENSG00000120093	hsa-miR-148a-5p	MIMAT0004549	0.821530702650739
6950	GALC	ENSG00000054983	hsa-miR-4496	MIMAT0019031	0.821517137776983
6951	ASTN2	ENSG00000148219	hsa-miR-5007-5p	MIMAT0021035	0.821490342646774
6952	FBXW2	ENSG00000119402	hsa-miR-4496	MIMAT0019031	0.821483532735769
6953	MSI1	ENSG00000135097	hsa-miR-4496	MIMAT0019031	0.821448227161389
6954	LRP1B	ENSG00000168702	hsa-miR-5007-5p	MIMAT0021035	0.821434702855393
6955	SCN8A	ENSG00000196876	hsa-miR-1252-3p	MIMAT0026744	0.82142963639833
6956	NDFIP2	ENSG00000102471	hsa-miR-329-5p	MIMAT0026555	0.821419750869397
6957	PLA2R1	ENSG00000153246	hsa-miR-1252-3p	MIMAT0026744	0.821404382252388
6958	GPD2	ENSG00000115159	hsa-miR-1252-3p	MIMAT0026744	0.821392157395241
6959	STARD13	ENSG00000133121	hsa-miR-212-5p	MIMAT0022695	0.82138575580896
6960	USP46	ENSG00000109189	hsa-miR-137-3p	MIMAT0000429	0.821381620869393
6961	PHF10	ENSG00000130024	hsa-miR-542-3p	MIMAT0003389	0.821354021095495
6962	AKAP12	ENSG00000131016	hsa-miR-4496	MIMAT0019031	0.821322671964424
6963	HSF2	ENSG00000025156	hsa-miR-1252-3p	MIMAT0026744	0.82131392095919
6964	INPP5F	ENSG00000198825	hsa-miR-1252-3p	MIMAT0026744	0.821299362032647
6965	PDE7A	ENSG00000205268	hsa-miR-1252-3p	MIMAT0026744	0.821298429970994
6966	THADA	ENSG00000115970	hsa-miR-4496	MIMAT0019031	0.821280005100358
6967	IL1A	ENSG00000115008	hsa-miR-1252-3p	MIMAT0026744	0.821276458150519
6968	LILRA2	ENSG00000239998	hsa-miR-5007-5p	MIMAT0021035	0.821268442127781
6969	ILDR2	ENSG00000143195	hsa-miR-329-5p	MIMAT0026555	0.821265230972143
6970	MPPED2	ENSG00000066382	hsa-miR-1288-5p	MIMAT0026743	0.821254111862773
6971	KCNMB1	ENSG00000145936	hsa-miR-137-3p	MIMAT0000429	0.82121676593332
6972	OR51G2	ENSG00000176893	hsa-miR-212-5p	MIMAT0022695	0.821199832149229
6973	IL20RA	ENSG00000016402	hsa-miR-7154-5p	MIMAT0028218	0.821187576014573
6974	FAM241A	ENSG00000174749	hsa-miR-148a-5p	MIMAT0004549	0.821179941210132
6975	EPRS1	ENSG00000136628	hsa-miR-7154-5p	MIMAT0028218	0.821174492990936
6976	YIPF4	ENSG00000119820	hsa-miR-3618	MIMAT0017998	0.821138262628258
6977	ZFP30	ENSG00000120784	hsa-miR-380-3p	MIMAT0000735	0.821126886220211
6978	PSD3	ENSG00000156011	hsa-miR-3618	MIMAT0017998	0.821125530034168
6979	COL14A1	ENSG00000187955	hsa-miR-5007-5p	MIMAT0021035	0.821091853905262
6980	PANX2	ENSG00000073150	hsa-miR-137-3p	MIMAT0000429	0.821083347343992
6981	SIGLEC8	ENSG00000105366	hsa-miR-1252-3p	MIMAT0026744	0.821049436047806
6982	GABRB3	ENSG00000166206	hsa-miR-6861-5p	MIMAT0027623	0.82103723772726
6983	SAP30L	ENSG00000164576	hsa-miR-7154-5p	MIMAT0028218	0.82101292368006
6984	HMGCR	ENSG00000113161	hsa-miR-380-3p	MIMAT0000735	0.820990971683981
6985	CDKL5	ENSG00000008086	hsa-miR-4496	MIMAT0019031	0.820976388515595
6986	GORAB	ENSG00000120370	hsa-miR-329-5p	MIMAT0026555	0.820961219488802
6987	NDST1	ENSG00000070614	hsa-miR-4496	MIMAT0019031	0.820952535261538
6988	RHD	ENSG00000187010	hsa-miR-542-3p	MIMAT0003389	0.820950637656754
6989	XPR1	ENSG00000143324	hsa-miR-148a-5p	MIMAT0004549	0.820937670741237
6990	KCMF1	ENSG00000176407	hsa-miR-1252-3p	MIMAT0026744	0.820934804567467
6991	CPEB4	ENSG00000113742	hsa-miR-6780a-3p	MIMAT0027461	0.820929926844902
6992	CHST9	ENSG00000154080	hsa-miR-4496	MIMAT0019031	0.820911777308422
6993	ABL1	ENSG00000097007	hsa-miR-4496	MIMAT0019031	0.820883874837472
6994	NR2F2	ENSG00000185551	hsa-miR-4496	MIMAT0019031	0.820874650352835
6995	ARHGAP26	ENSG00000145819	hsa-miR-6780a-3p	MIMAT0027461	0.820874425889335
6996	QPCT	ENSG00000115828	hsa-miR-380-3p	MIMAT0000735	0.820872060218716
6997	SCYL3	ENSG00000000457	hsa-miR-6780a-3p	MIMAT0027461	0.820852341204797
6998	ATRNL1	ENSG00000107518	hsa-miR-4496	MIMAT0019031	0.82084218591906
6999	MGAT4A	ENSG00000071073	hsa-miR-380-3p	MIMAT0000735	0.820829299087991
7000	PPP2R2B	ENSG00000156475	hsa-miR-6780a-3p	MIMAT0027461	0.82082874772501
7001	PAN2	ENSG00000135473	hsa-miR-4496	MIMAT0019031	0.820816885631865
7002	MTARC1	ENSG00000186205	hsa-miR-212-5p	MIMAT0022695	0.820800135945928
7003	ZDHHC20	ENSG00000180776	hsa-miR-380-3p	MIMAT0000735	0.820766844624219
7004	ZNHIT6	ENSG00000117174	hsa-miR-137-3p	MIMAT0000429	0.82073075703815
7005	IAPP	ENSG00000121351	hsa-miR-380-3p	MIMAT0000735	0.820713077997149
7006	SP1	ENSG00000185591	hsa-miR-4496	MIMAT0019031	0.820702842454855
7007	LPAR3	ENSG00000171517	hsa-miR-1288-5p	MIMAT0026743	0.820602235309159
7008	NAP1L1	ENSG00000187109	hsa-miR-542-3p	MIMAT0003389	0.820585367746866
7009	CAPN2	ENSG00000162909	hsa-miR-212-5p	MIMAT0022695	0.820556248649348
7010	LONRF2	ENSG00000170500	hsa-miR-4496	MIMAT0019031	0.820534130751653
7011	CDC37L1	ENSG00000106993	hsa-miR-1252-3p	MIMAT0026744	0.820512590696518
7012	MGA	ENSG00000174197	hsa-miR-4496	MIMAT0019031	0.820496619408185
7013	CHAMP1	ENSG00000198824	hsa-miR-1252-3p	MIMAT0026744	0.820495891636952
7014	GRK3	ENSG00000100077	hsa-miR-148a-5p	MIMAT0004549	0.820490266349469
7015	TFAP2A	ENSG00000137203	hsa-miR-148a-5p	MIMAT0004549	0.820439451428165
7016	NPHP3	ENSG00000113971	hsa-miR-3618	MIMAT0017998	0.820404788469533
7017	ITGA9	ENSG00000144668	hsa-miR-329-5p	MIMAT0026555	0.820392030976056
7018	AC005670.2	ENSG00000262633	hsa-miR-137-3p	MIMAT0000429	0.820330493657615
7019	RIF1	ENSG00000080345	hsa-miR-148a-5p	MIMAT0004549	0.820315121569528
7020	PFDN6	ENSG00000204220	hsa-miR-6780a-3p	MIMAT0027461	0.82028228101935
7021	HHAT	ENSG00000054392	hsa-miR-1288-5p	MIMAT0026743	0.820278417054735
7022	RBM7	ENSG00000076053	hsa-miR-542-3p	MIMAT0003389	0.820277616992464
7023	CSMD2	ENSG00000121904	hsa-miR-6780a-3p	MIMAT0027461	0.820274085211005
7024	RFTN2	ENSG00000162944	hsa-miR-1252-3p	MIMAT0026744	0.820251166822624
7025	CFLAR	ENSG00000003402	hsa-miR-7154-5p	MIMAT0028218	0.820248570587226
7026	B3GNT7	ENSG00000156966	hsa-miR-329-5p	MIMAT0026555	0.820247189119889
7027	LMBR1L	ENSG00000139636	hsa-miR-1288-5p	MIMAT0026743	0.820228984036176
7028	FRRS1L	ENSG00000260230	hsa-miR-1252-3p	MIMAT0026744	0.820209924755586
7029	PIK3C3	ENSG00000078142	hsa-miR-148a-5p	MIMAT0004549	0.820204365538119
7030	SLAMF8	ENSG00000158714	hsa-miR-380-3p	MIMAT0000735	0.820196229184111
7031	MMGT1	ENSG00000169446	hsa-miR-1252-3p	MIMAT0026744	0.82018857757679
7032	PNMA6A	ENSG00000235961	hsa-miR-4496	MIMAT0019031	0.820186790215462
7033	F7	ENSG00000057593	hsa-miR-212-5p	MIMAT0022695	0.820149738134133
7034	ZNF268	ENSG00000090612	hsa-miR-6861-5p	MIMAT0027623	0.820137685349668
7035	TUBGCP3	ENSG00000126216	hsa-miR-380-3p	MIMAT0000735	0.820136312214977
7036	MAGEA3	ENSG00000221867	hsa-miR-137-3p	MIMAT0000429	0.820108441088993
7037	NPY1R	ENSG00000164128	hsa-miR-380-3p	MIMAT0000735	0.820088760954801
7038	STXBP3	ENSG00000116266	hsa-miR-7154-5p	MIMAT0028218	0.82008777715965
7039	PGRMC2	ENSG00000164040	hsa-miR-1252-3p	MIMAT0026744	0.820080872134116
7040	FAM120A	ENSG00000048828	hsa-miR-1252-3p	MIMAT0026744	0.820068232269153
7041	CD59	ENSG00000085063	hsa-miR-1252-3p	MIMAT0026744	0.820032757756068
7042	MYLK	ENSG00000065534	hsa-miR-1252-3p	MIMAT0026744	0.820006361818345
7043	C7	ENSG00000112936	hsa-miR-4496	MIMAT0019031	0.819982052966959
7044	BDH1	ENSG00000161267	hsa-miR-1252-3p	MIMAT0026744	0.819971832902937
7045	DOCK7	ENSG00000116641	hsa-miR-1288-5p	MIMAT0026743	0.819966965842113
7046	CENPF	ENSG00000117724	hsa-miR-3618	MIMAT0017998	0.819926007580194
7047	RNF169	ENSG00000166439	hsa-miR-7154-5p	MIMAT0028218	0.819918683131054
7048	GNAZ	ENSG00000128266	hsa-miR-212-5p	MIMAT0022695	0.819836779358488
7049	DACH2	ENSG00000126733	hsa-miR-380-3p	MIMAT0000735	0.819779169680973
7050	SRSF3	ENSG00000112081	hsa-miR-4496	MIMAT0019031	0.819749087969775
7051	ERVH48-1	ENSG00000233056	hsa-miR-6861-5p	MIMAT0027623	0.819743736863977
7052	CLEC1A	ENSG00000150048	hsa-miR-7154-5p	MIMAT0028218	0.819735014739945
7053	TENT5C	ENSG00000183508	hsa-miR-148a-5p	MIMAT0004549	0.819731165626184
7054	ZBTB11	ENSG00000066422	hsa-miR-380-3p	MIMAT0000735	0.819712438512891
7055	TRIM58	ENSG00000162722	hsa-miR-4496	MIMAT0019031	0.819711633920827
7056	OCLN	ENSG00000197822	hsa-miR-148a-5p	MIMAT0004549	0.819704253139739
7057	MEGF10	ENSG00000145794	hsa-miR-137-3p	MIMAT0000429	0.819654161753775
7058	ADD3	ENSG00000148700	hsa-miR-1252-3p	MIMAT0026744	0.81963751832337
7059	GNB5	ENSG00000069966	hsa-miR-380-3p	MIMAT0000735	0.819608342180756
7060	MEGF9	ENSG00000106780	hsa-miR-6780a-3p	MIMAT0027461	0.819605971737551
7061	ENPP5	ENSG00000112796	hsa-miR-329-5p	MIMAT0026555	0.819584566612412
7062	AMER2	ENSG00000165566	hsa-miR-6780a-3p	MIMAT0027461	0.81955209374381
7063	CCDC71L	ENSG00000253276	hsa-miR-1252-3p	MIMAT0026744	0.819541272061233
7064	NBPF26	ENSG00000273136	hsa-miR-1252-3p	MIMAT0026744	0.819523876492277
7065	SLC2A14	ENSG00000173262	hsa-miR-380-3p	MIMAT0000735	0.81949918475477
7066	TMEM155	ENSG00000164112	hsa-miR-6780a-3p	MIMAT0027461	0.819485614530835
7067	LRP4	ENSG00000134569	hsa-miR-137-3p	MIMAT0000429	0.819473139200634
7068	BMP5	ENSG00000112175	hsa-miR-137-3p	MIMAT0000429	0.819449655127334
7069	ANKRD42	ENSG00000137494	hsa-miR-380-3p	MIMAT0000735	0.819448465617641
7070	PKP1	ENSG00000081277	hsa-miR-6780a-3p	MIMAT0027461	0.819426190238275
7071	ING1	ENSG00000153487	hsa-miR-380-3p	MIMAT0000735	0.819414578811694
7072	MINDY2	ENSG00000128923	hsa-miR-380-3p	MIMAT0000735	0.819383124691273
7073	CELF3	ENSG00000159409	hsa-miR-7154-5p	MIMAT0028218	0.819360849139843
7074	MAGEA12	ENSG00000213401	hsa-miR-4496	MIMAT0019031	0.819358043065895
7075	NRCAM	ENSG00000091129	hsa-miR-4496	MIMAT0019031	0.81932907602942
7076	ASTN1	ENSG00000152092	hsa-miR-4496	MIMAT0019031	0.819323909814373
7077	MSMO1	ENSG00000052802	hsa-miR-148a-5p	MIMAT0004549	0.819315896007464
7078	TSTD3	ENSG00000279170	hsa-miR-380-3p	MIMAT0000735	0.819294472847644
7079	PIK3CB	ENSG00000051382	hsa-miR-1252-3p	MIMAT0026744	0.819292548772711
7080	KCNJ9	ENSG00000162728	hsa-miR-4496	MIMAT0019031	0.819288791346447
7081	DGKH	ENSG00000102780	hsa-miR-148a-5p	MIMAT0004549	0.819244091636808
7082	RBM25	ENSG00000119707	hsa-miR-6861-5p	MIMAT0027623	0.819222405408945
7083	CHST11	ENSG00000171310	hsa-miR-4496	MIMAT0019031	0.819215902966721
7084	DNAJC3	ENSG00000102580	hsa-miR-1252-3p	MIMAT0026744	0.819206807987237
7085	CBX5	ENSG00000094916	hsa-miR-542-3p	MIMAT0003389	0.819189674468355
7086	SIAH3	ENSG00000215475	hsa-miR-212-5p	MIMAT0022695	0.819186688214734
7087	TM9SF3	ENSG00000077147	hsa-miR-1252-3p	MIMAT0026744	0.819161518410633
7088	GRIP2	ENSG00000144596	hsa-miR-6780a-3p	MIMAT0027461	0.81915560610941
7089	ONECUT2	ENSG00000119547	hsa-miR-148a-5p	MIMAT0004549	0.819135587835508
7090	USP8	ENSG00000138592	hsa-miR-148a-5p	MIMAT0004549	0.819132551460331
7091	MICB	ENSG00000204516	hsa-miR-380-3p	MIMAT0000735	0.819119717891611
7092	EMC1	ENSG00000127463	hsa-miR-1252-3p	MIMAT0026744	0.819118836038434
7093	RBMS3	ENSG00000144642	hsa-miR-329-5p	MIMAT0026555	0.81909712990683
7094	AC010422.6	ENSG00000269693	hsa-miR-4496	MIMAT0019031	0.819057582528765
7095	GTF2E1	ENSG00000153767	hsa-miR-148a-5p	MIMAT0004549	0.818902230749751
7096	C6orf47	ENSG00000204439	hsa-miR-542-3p	MIMAT0003389	0.818899269086992
7097	KIAA1958	ENSG00000165185	hsa-miR-329-5p	MIMAT0026555	0.818880993689573
7098	PPTC7	ENSG00000196850	hsa-miR-1288-5p	MIMAT0026743	0.818856971056707
7099	MLX	ENSG00000108788	hsa-miR-6780a-3p	MIMAT0027461	0.818820189494532
7100	UNC79	ENSG00000133958	hsa-miR-4496	MIMAT0019031	0.818789213264201
7101	TRIM67	ENSG00000119283	hsa-miR-329-5p	MIMAT0026555	0.818782358399723
7102	WDR59	ENSG00000103091	hsa-miR-380-3p	MIMAT0000735	0.818768765308991
7103	SLC30A4	ENSG00000104154	hsa-miR-1252-3p	MIMAT0026744	0.818765762098079
7104	BBS4	ENSG00000140463	hsa-miR-329-5p	MIMAT0026555	0.818755480770841
7105	CEP170	ENSG00000143702	hsa-miR-1252-3p	MIMAT0026744	0.81871742088605
7106	CARNMT1	ENSG00000156017	hsa-miR-329-5p	MIMAT0026555	0.818699491872746
7107	DHDDS	ENSG00000117682	hsa-miR-4496	MIMAT0019031	0.818679758351921
7108	CTCF	ENSG00000102974	hsa-miR-148a-5p	MIMAT0004549	0.818639844044526
7109	CSTF1	ENSG00000101138	hsa-miR-148a-5p	MIMAT0004549	0.81861511865714
7110	TMED10	ENSG00000170348	hsa-miR-380-3p	MIMAT0000735	0.818602701861219
7111	INPP4B	ENSG00000109452	hsa-miR-4496	MIMAT0019031	0.81860110574378
7112	DUSP10	ENSG00000143507	hsa-miR-380-3p	MIMAT0000735	0.818585807373563
7113	CFAP36	ENSG00000163001	hsa-miR-148a-5p	MIMAT0004549	0.818536950944118
7114	PAPOLG	ENSG00000115421	hsa-miR-1252-3p	MIMAT0026744	0.81851066111969
7115	NCOA7	ENSG00000111912	hsa-miR-1252-3p	MIMAT0026744	0.818498136462174
7116	INHBA	ENSG00000122641	hsa-miR-380-3p	MIMAT0000735	0.818484806121532
7117	F5	ENSG00000198734	hsa-miR-1288-5p	MIMAT0026743	0.818483699758736
7118	MBIP	ENSG00000151332	hsa-miR-6780a-3p	MIMAT0027461	0.818480705345153
7119	OR2V2	ENSG00000182613	hsa-miR-542-3p	MIMAT0003389	0.81847704876732
7120	RBM3	ENSG00000102317	hsa-miR-148a-5p	MIMAT0004549	0.818462632033332
7121	NLGN4Y	ENSG00000165246	hsa-miR-7154-5p	MIMAT0028218	0.818462096060726
7122	ZC3H10	ENSG00000135482	hsa-miR-4496	MIMAT0019031	0.818459727953616
7123	COA7	ENSG00000162377	hsa-miR-6780a-3p	MIMAT0027461	0.818452965181261
7124	AL451062.2	ENSG00000284989	hsa-miR-148a-5p	MIMAT0004549	0.818451027986861
7125	BMI1	ENSG00000168283	hsa-miR-380-3p	MIMAT0000735	0.818443342271915
7126	ATM	ENSG00000149311	hsa-miR-7154-5p	MIMAT0028218	0.818441713210866
7127	ATP11B	ENSG00000058063	hsa-miR-4496	MIMAT0019031	0.818428604575804
7128	GRM5	ENSG00000168959	hsa-miR-137-3p	MIMAT0000429	0.818419760701783
7129	HTN3	ENSG00000205649	hsa-miR-7154-5p	MIMAT0028218	0.818414293019822
7130	HBS1L	ENSG00000112339	hsa-miR-137-3p	MIMAT0000429	0.818402621431441
7131	EBF2	ENSG00000221818	hsa-miR-6861-5p	MIMAT0027623	0.818388743599226
7132	CDC25C	ENSG00000158402	hsa-miR-6780a-3p	MIMAT0027461	0.818388320115714
7133	SH3TC2	ENSG00000169247	hsa-miR-380-3p	MIMAT0000735	0.818343831282491
7134	IKZF1	ENSG00000185811	hsa-miR-542-3p	MIMAT0003389	0.818333759474085
7135	SNX19	ENSG00000120451	hsa-miR-329-5p	MIMAT0026555	0.818311973922374
7136	KLF3	ENSG00000109787	hsa-miR-380-3p	MIMAT0000735	0.818308914273625
7137	SRRM4	ENSG00000139767	hsa-miR-6780a-3p	MIMAT0027461	0.818305135560815
7138	ARIH1	ENSG00000166233	hsa-miR-5007-5p	MIMAT0021035	0.818285192912344
7139	HMG20A	ENSG00000140382	hsa-miR-1252-3p	MIMAT0026744	0.818284924578678
7140	TIMP3	ENSG00000100234	hsa-miR-4496	MIMAT0019031	0.818183527278602
7141	CHD1	ENSG00000153922	hsa-miR-380-3p	MIMAT0000735	0.81817982408407
7142	VPS13C	ENSG00000129003	hsa-miR-4496	MIMAT0019031	0.818178644373022
7143	TRPC4	ENSG00000133107	hsa-miR-329-5p	MIMAT0026555	0.81816530375303
7144	FRMD1	ENSG00000153303	hsa-miR-212-5p	MIMAT0022695	0.818149569795552
7145	TPGS2	ENSG00000134779	hsa-miR-4496	MIMAT0019031	0.818143689433502
7146	ZNF589	ENSG00000164048	hsa-miR-329-5p	MIMAT0026555	0.818141217774941
7147	DPH6	ENSG00000134146	hsa-miR-3618	MIMAT0017998	0.818133938994651
7148	KCNS1	ENSG00000124134	hsa-miR-7154-5p	MIMAT0028218	0.818130622341445
7149	ZNF514	ENSG00000144026	hsa-miR-542-3p	MIMAT0003389	0.818119025519867
7150	SCYL3	ENSG00000000457	hsa-miR-7154-5p	MIMAT0028218	0.818117359745603
7151	FRMD6	ENSG00000139926	hsa-miR-380-3p	MIMAT0000735	0.818096521926711
7152	EXOC4	ENSG00000131558	hsa-miR-380-3p	MIMAT0000735	0.81805569261774
7153	RBM25	ENSG00000119707	hsa-miR-7154-5p	MIMAT0028218	0.818049055065299
7154	SC5D	ENSG00000109929	hsa-miR-380-3p	MIMAT0000735	0.818041651216408
7155	TTLL5	ENSG00000119685	hsa-miR-4496	MIMAT0019031	0.818037582031202
7156	CRP	ENSG00000132693	hsa-miR-212-5p	MIMAT0022695	0.818033398522645
7157	FCGR3B	ENSG00000162747	hsa-miR-6861-5p	MIMAT0027623	0.817993408706412
7158	HACD2	ENSG00000206527	hsa-miR-1288-5p	MIMAT0026743	0.817980846590357
7159	ME1	ENSG00000065833	hsa-miR-4496	MIMAT0019031	0.817980723281934
7160	ADA2	ENSG00000093072	hsa-miR-4496	MIMAT0019031	0.817961335065916
7161	SLC12A2	ENSG00000064651	hsa-miR-7154-5p	MIMAT0028218	0.817941275105779
7162	C1orf52	ENSG00000162642	hsa-miR-1252-3p	MIMAT0026744	0.817926640053512
7163	KCNA1	ENSG00000111262	hsa-miR-4496	MIMAT0019031	0.817901207406155
7164	ST8SIA1	ENSG00000111728	hsa-miR-7154-5p	MIMAT0028218	0.817897415565382
7165	LIFR	ENSG00000113594	hsa-miR-1252-3p	MIMAT0026744	0.817894940237685
7166	ELAVL2	ENSG00000107105	hsa-miR-148a-5p	MIMAT0004549	0.817887200407646
7167	CSF3R	ENSG00000119535	hsa-miR-4496	MIMAT0019031	0.817879443248257
7168	SLC25A32	ENSG00000164933	hsa-miR-3618	MIMAT0017998	0.817861846417996
7169	RABGAP1L	ENSG00000152061	hsa-miR-380-3p	MIMAT0000735	0.817858727148002
7170	ITGB1	ENSG00000150093	hsa-miR-542-3p	MIMAT0003389	0.817855349241333
7171	ZNF720	ENSG00000197302	hsa-miR-7154-5p	MIMAT0028218	0.817851850130036
7172	OR4F17	ENSG00000176695	hsa-miR-542-3p	MIMAT0003389	0.817843303264933
7173	ST6GALNAC3	ENSG00000184005	hsa-miR-4496	MIMAT0019031	0.817842190247322
7174	ANLN	ENSG00000011426	hsa-miR-7154-5p	MIMAT0028218	0.817837713442673
7175	SGPL1	ENSG00000166224	hsa-miR-137-3p	MIMAT0000429	0.817835551915295
7176	UNC5C	ENSG00000182168	hsa-miR-148a-5p	MIMAT0004549	0.817826289937041
7177	DEPDC5	ENSG00000100150	hsa-miR-5007-5p	MIMAT0021035	0.817815116204058
7178	ARID2	ENSG00000189079	hsa-miR-1252-3p	MIMAT0026744	0.817802720945639
7179	RAP1B	ENSG00000127314	hsa-miR-329-5p	MIMAT0026555	0.817779953395865
7180	RHOBTB1	ENSG00000072422	hsa-miR-1252-3p	MIMAT0026744	0.817749591793549
7181	BHLHB9	ENSG00000198908	hsa-miR-1252-3p	MIMAT0026744	0.817739759151165
7182	ILDR2	ENSG00000143195	hsa-miR-5007-5p	MIMAT0021035	0.817715831517266
7183	SMIM10L2B	ENSG00000196972	hsa-miR-6780a-3p	MIMAT0027461	0.817695520744031
7184	PCDH18	ENSG00000189184	hsa-miR-137-3p	MIMAT0000429	0.817670377530687
7185	DNAJC18	ENSG00000170464	hsa-miR-1252-3p	MIMAT0026744	0.817656803922857
7186	CSMD3	ENSG00000164796	hsa-miR-137-3p	MIMAT0000429	0.817652303360234
7187	PEAK1	ENSG00000173517	hsa-miR-380-3p	MIMAT0000735	0.81764025124814
7188	TUSC3	ENSG00000104723	hsa-miR-329-5p	MIMAT0026555	0.817611387402795
7189	PRPF18	ENSG00000165630	hsa-miR-148a-5p	MIMAT0004549	0.817591387929897
7190	DEFB125	ENSG00000178591	hsa-miR-3618	MIMAT0017998	0.817582038995644
7191	ZFX	ENSG00000005889	hsa-miR-380-3p	MIMAT0000735	0.817580255581887
7192	DTWD1	ENSG00000104047	hsa-miR-137-3p	MIMAT0000429	0.817543233909243
7193	GEN1	ENSG00000178295	hsa-miR-148a-5p	MIMAT0004549	0.817513380953182
7194	NAP1L1	ENSG00000187109	hsa-miR-4496	MIMAT0019031	0.817504058980021
7195	TMPRSS4	ENSG00000137648	hsa-miR-137-3p	MIMAT0000429	0.817484496831403
7196	CNKSR3	ENSG00000153721	hsa-miR-6780a-3p	MIMAT0027461	0.817461693907621
7197	HECA	ENSG00000112406	hsa-miR-1252-3p	MIMAT0026744	0.817432385884995
7198	ENAH	ENSG00000154380	hsa-miR-542-3p	MIMAT0003389	0.817426617077973
7199	GREB1L	ENSG00000141449	hsa-miR-148a-5p	MIMAT0004549	0.817421720711885
7200	PCBP2	ENSG00000197111	hsa-miR-7154-5p	MIMAT0028218	0.817421311787003
7201	YKT6	ENSG00000106636	hsa-miR-1288-5p	MIMAT0026743	0.817390614656625
7202	TAB3	ENSG00000157625	hsa-miR-380-3p	MIMAT0000735	0.817386363593873
7203	ODF2L	ENSG00000122417	hsa-miR-7154-5p	MIMAT0028218	0.817379149551601
7204	PTK2	ENSG00000169398	hsa-miR-4496	MIMAT0019031	0.817364135475879
7205	CACNA1A	ENSG00000141837	hsa-miR-212-5p	MIMAT0022695	0.817363368789869
7206	SYNPO2	ENSG00000172403	hsa-miR-1252-3p	MIMAT0026744	0.817357590020485
7207	ZNF442	ENSG00000198342	hsa-miR-1252-3p	MIMAT0026744	0.817355500580592
7208	BRIP1	ENSG00000136492	hsa-miR-380-3p	MIMAT0000735	0.817345519943371
7209	EYA3	ENSG00000158161	hsa-miR-4496	MIMAT0019031	0.81733109519023
7210	POGLUT1	ENSG00000163389	hsa-miR-4496	MIMAT0019031	0.817330939228798
7211	SLC30A4	ENSG00000104154	hsa-miR-3618	MIMAT0017998	0.817300670239085
7212	SPTLC3	ENSG00000172296	hsa-miR-4496	MIMAT0019031	0.817283266198266
7213	PAM	ENSG00000145730	hsa-miR-6780a-3p	MIMAT0027461	0.817221313273282
7214	HEXA	ENSG00000213614	hsa-miR-542-3p	MIMAT0003389	0.817197399967989
7215	FAM120AOS	ENSG00000188938	hsa-miR-6780a-3p	MIMAT0027461	0.817154872015196
7216	ESYT2	ENSG00000117868	hsa-miR-3618	MIMAT0017998	0.81709255334878
7217	RABL2B	ENSG00000079974	hsa-miR-4496	MIMAT0019031	0.817056814342573
7218	CST11	ENSG00000125831	hsa-miR-137-3p	MIMAT0000429	0.817039650714932
7219	TYW5	ENSG00000162971	hsa-miR-380-3p	MIMAT0000735	0.817033045047458
7220	NCKAP1	ENSG00000061676	hsa-miR-7154-5p	MIMAT0028218	0.817030164214818
7221	AC078815.1	ENSG00000288591	hsa-miR-1252-3p	MIMAT0026744	0.817004184842357
7222	PPP3CB	ENSG00000107758	hsa-miR-1252-3p	MIMAT0026744	0.817001985436637
7223	KCNIP2	ENSG00000120049	hsa-miR-6861-5p	MIMAT0027623	0.816957262673768
7224	RPTN	ENSG00000215853	hsa-miR-212-5p	MIMAT0022695	0.816955287032533
7225	PCDH19	ENSG00000165194	hsa-miR-1252-3p	MIMAT0026744	0.816943231133908
7226	LDOC1	ENSG00000182195	hsa-miR-1252-3p	MIMAT0026744	0.816864138196457
7227	ST6GALNAC5	ENSG00000117069	hsa-miR-4496	MIMAT0019031	0.816862386959204
7228	PHEX	ENSG00000102174	hsa-miR-1252-3p	MIMAT0026744	0.816860103287739
7229	GALNT14	ENSG00000158089	hsa-miR-6780a-3p	MIMAT0027461	0.81682178242911
7230	PCGF3	ENSG00000185619	hsa-miR-212-5p	MIMAT0022695	0.816809069006876
7231	ZPBP2	ENSG00000186075	hsa-miR-3618	MIMAT0017998	0.816805592942976
7232	YES1	ENSG00000176105	hsa-miR-148a-5p	MIMAT0004549	0.816799724543167
7233	ZCCHC10	ENSG00000155329	hsa-miR-380-3p	MIMAT0000735	0.81678476263348
7234	SSH1	ENSG00000084112	hsa-miR-6780a-3p	MIMAT0027461	0.816767046519883
7235	N4BP2L2	ENSG00000244754	hsa-miR-148a-5p	MIMAT0004549	0.816752135734408
7236	SKA3	ENSG00000165480	hsa-miR-6861-5p	MIMAT0027623	0.816748417184702
7237	TMEM168	ENSG00000146802	hsa-miR-380-3p	MIMAT0000735	0.816744932814347
7238	KCNJ15	ENSG00000157551	hsa-miR-380-3p	MIMAT0000735	0.816724542617394
7239	STEAP4	ENSG00000127954	hsa-miR-6780a-3p	MIMAT0027461	0.816712603892207
7240	HERC4	ENSG00000148634	hsa-miR-148a-5p	MIMAT0004549	0.816686874762167
7241	SGMS2	ENSG00000164023	hsa-miR-380-3p	MIMAT0000735	0.816655789414172
7242	PHF20L1	ENSG00000129292	hsa-miR-212-5p	MIMAT0022695	0.816648201324579
7243	CNOT7	ENSG00000198791	hsa-miR-148a-5p	MIMAT0004549	0.816644451108091
7244	VWC2	ENSG00000188730	hsa-miR-7154-5p	MIMAT0028218	0.816610389282735
7245	GCSH	ENSG00000140905	hsa-miR-380-3p	MIMAT0000735	0.816577587074296
7246	SMAD5	ENSG00000113658	hsa-miR-329-5p	MIMAT0026555	0.816561301978774
7247	SGK3	ENSG00000104205	hsa-miR-148a-5p	MIMAT0004549	0.816560573003449
7248	ZNF236	ENSG00000130856	hsa-miR-4496	MIMAT0019031	0.81655840215949
7249	DEK	ENSG00000124795	hsa-miR-148a-5p	MIMAT0004549	0.816554322830101
7250	C16orf72	ENSG00000182831	hsa-miR-1252-3p	MIMAT0026744	0.816542774859104
7251	LIPH	ENSG00000163898	hsa-miR-542-3p	MIMAT0003389	0.816532504903558
7252	RNF214	ENSG00000167257	hsa-miR-5007-5p	MIMAT0021035	0.816530964993817
7253	ATP1B1	ENSG00000143153	hsa-miR-329-5p	MIMAT0026555	0.816515789280676
7254	OTOGL	ENSG00000165899	hsa-miR-137-3p	MIMAT0000429	0.816513082242048
7255	GLRX2	ENSG00000023572	hsa-miR-329-5p	MIMAT0026555	0.816509523377961
7256	GNAI3	ENSG00000065135	hsa-miR-4496	MIMAT0019031	0.81650415245125
7257	MAL2	ENSG00000147676	hsa-miR-380-3p	MIMAT0000735	0.816485162133309
7258	CAP2	ENSG00000112186	hsa-miR-4496	MIMAT0019031	0.816458760336699
7259	ISY1-RAB43	ENSG00000261796	hsa-miR-212-5p	MIMAT0022695	0.816392684570419
7260	AFF2	ENSG00000155966	hsa-miR-148a-5p	MIMAT0004549	0.816378441067671
7261	CDH6	ENSG00000113361	hsa-miR-1252-3p	MIMAT0026744	0.816365566159558
7262	BMP5	ENSG00000112175	hsa-miR-329-5p	MIMAT0026555	0.816351707204193
7263	FLVCR2	ENSG00000119686	hsa-miR-137-3p	MIMAT0000429	0.816340334579928
7264	NUDT3	ENSG00000272325	hsa-miR-1252-3p	MIMAT0026744	0.816322116271586
7265	SCNN1G	ENSG00000166828	hsa-miR-7154-5p	MIMAT0028218	0.816306818489097
7266	RNF41	ENSG00000181852	hsa-miR-148a-5p	MIMAT0004549	0.81629782731952
7267	BVES	ENSG00000112276	hsa-miR-1252-3p	MIMAT0026744	0.816220661825838
7268	EDEM3	ENSG00000116406	hsa-miR-1252-3p	MIMAT0026744	0.816199928606669
7269	PNPLA8	ENSG00000135241	hsa-miR-380-3p	MIMAT0000735	0.816193722352144
7270	PCDHA12	ENSG00000251664	hsa-miR-1252-3p	MIMAT0026744	0.816161509263087
7271	NAV2	ENSG00000166833	hsa-miR-7154-5p	MIMAT0028218	0.816160047122438
7272	STXBP3	ENSG00000116266	hsa-miR-4496	MIMAT0019031	0.816141587559833
7273	KRT10	ENSG00000186395	hsa-miR-1252-3p	MIMAT0026744	0.816128142202016
7274	ARHGEF11	ENSG00000132694	hsa-miR-4496	MIMAT0019031	0.816114554522145
7275	PPP1R17	ENSG00000106341	hsa-miR-542-3p	MIMAT0003389	0.816112617815251
7276	ONECUT2	ENSG00000119547	hsa-miR-4496	MIMAT0019031	0.81609412591059
7277	CLINT1	ENSG00000113282	hsa-miR-4496	MIMAT0019031	0.816091720596793
7278	RAB27B	ENSG00000041353	hsa-miR-4496	MIMAT0019031	0.816075616670206
7279	NFATC2	ENSG00000101096	hsa-miR-4496	MIMAT0019031	0.816066577919061
7280	OR14J1	ENSG00000204695	hsa-miR-6861-5p	MIMAT0027623	0.816061345131886
7281	CARNMT1	ENSG00000156017	hsa-miR-7154-5p	MIMAT0028218	0.816056234263771
7282	PPP6R3	ENSG00000110075	hsa-miR-1252-3p	MIMAT0026744	0.816035869524797
7283	BAHCC1	ENSG00000266074	hsa-miR-5007-5p	MIMAT0021035	0.816023695880989
7284	ZNF287	ENSG00000141040	hsa-miR-380-3p	MIMAT0000735	0.816012852168468
7285	CDCP1	ENSG00000163814	hsa-miR-4496	MIMAT0019031	0.815999067789298
7286	DCTN4	ENSG00000132912	hsa-miR-4496	MIMAT0019031	0.815978243451706
7287	MTMR9	ENSG00000104643	hsa-miR-148a-5p	MIMAT0004549	0.815961674656084
7288	CAMK4	ENSG00000152495	hsa-miR-380-3p	MIMAT0000735	0.815961138975915
7289	ZXDB	ENSG00000198455	hsa-miR-1252-3p	MIMAT0026744	0.815926453386986
7290	FCHO2	ENSG00000157107	hsa-miR-329-5p	MIMAT0026555	0.815914740800212
7291	TTC33	ENSG00000113638	hsa-miR-1252-3p	MIMAT0026744	0.815899033861481
7292	SOX21	ENSG00000125285	hsa-miR-1252-3p	MIMAT0026744	0.815891783600711
7293	PSMD5	ENSG00000095261	hsa-miR-380-3p	MIMAT0000735	0.815850946796877
7294	ANP32D	ENSG00000139223	hsa-miR-6780a-3p	MIMAT0027461	0.815836244374843
7295	EP400	ENSG00000183495	hsa-miR-5007-5p	MIMAT0021035	0.815787551195621
7296	HTR2A	ENSG00000102468	hsa-miR-1252-3p	MIMAT0026744	0.815696379797777
7297	MIPOL1	ENSG00000151338	hsa-miR-137-3p	MIMAT0000429	0.815673495975129
7298	DSC2	ENSG00000134755	hsa-miR-3618	MIMAT0017998	0.815661237919923
7299	FBXL20	ENSG00000108306	hsa-miR-542-3p	MIMAT0003389	0.81565459375127
7300	ZNF343	ENSG00000088876	hsa-miR-6780a-3p	MIMAT0027461	0.815648359026462
7301	FNBP1L	ENSG00000137942	hsa-miR-4496	MIMAT0019031	0.815633954515202
7302	ZFP90	ENSG00000184939	hsa-miR-329-5p	MIMAT0026555	0.81559689438904
7303	NFIA	ENSG00000162599	hsa-miR-1252-3p	MIMAT0026744	0.815581143570861
7304	ACER2	ENSG00000177076	hsa-miR-212-5p	MIMAT0022695	0.815572106151177
7305	POU2F1	ENSG00000143190	hsa-miR-6861-5p	MIMAT0027623	0.815561688346671
7306	BACH1	ENSG00000156273	hsa-miR-137-3p	MIMAT0000429	0.815542973189848
7307	ERVH48-1	ENSG00000233056	hsa-miR-6720-3p	MIMAT0025851	0.815519085690395
7308	SCN1A	ENSG00000144285	hsa-miR-1288-5p	MIMAT0026743	0.815509161485592
7309	HELZ	ENSG00000198265	hsa-miR-1252-3p	MIMAT0026744	0.815497456217468
7310	GALNT1	ENSG00000141429	hsa-miR-4496	MIMAT0019031	0.815486979273753
7311	KIF16B	ENSG00000089177	hsa-miR-3618	MIMAT0017998	0.815476817134954
7312	TMEM209	ENSG00000146842	hsa-miR-5007-5p	MIMAT0021035	0.815460210819421
7313	RIC1	ENSG00000107036	hsa-miR-137-3p	MIMAT0000429	0.815437835275352
7314	GPR137C	ENSG00000180998	hsa-miR-137-3p	MIMAT0000429	0.815378321999446
7315	WNK1	ENSG00000060237	hsa-miR-3618	MIMAT0017998	0.815366976253434
7316	FFAR1	ENSG00000126266	hsa-miR-6861-5p	MIMAT0027623	0.815343339732762
7317	OSBPL10	ENSG00000144645	hsa-miR-1252-3p	MIMAT0026744	0.815335301541707
7318	KLB	ENSG00000134962	hsa-miR-5007-5p	MIMAT0021035	0.815325725234817
7319	GSK3B	ENSG00000082701	hsa-miR-329-5p	MIMAT0026555	0.815313972399606
7320	DLD	ENSG00000091140	hsa-miR-380-3p	MIMAT0000735	0.815301276703911
7321	DENND5B	ENSG00000170456	hsa-miR-1252-3p	MIMAT0026744	0.815301161772811
7322	ULK2	ENSG00000083290	hsa-miR-137-3p	MIMAT0000429	0.815298751690627
7323	FGGY	ENSG00000172456	hsa-miR-380-3p	MIMAT0000735	0.815241987953331
7324	FAM126A	ENSG00000122591	hsa-miR-1252-3p	MIMAT0026744	0.815236882181043
7325	ZDHHC5	ENSG00000156599	hsa-miR-137-3p	MIMAT0000429	0.815215828375771
7326	AC093155.3	ENSG00000267561	hsa-miR-380-3p	MIMAT0000735	0.815204634968143
7327	TEX9	ENSG00000151575	hsa-miR-148a-5p	MIMAT0004549	0.815191916717796
7328	FLNA	ENSG00000196924	hsa-miR-542-3p	MIMAT0003389	0.815180444220239
7329	TPR	ENSG00000047410	hsa-miR-137-3p	MIMAT0000429	0.815175136093116
7330	DGKH	ENSG00000102780	hsa-miR-7154-5p	MIMAT0028218	0.815173109270377
7331	UBE2D1	ENSG00000072401	hsa-miR-1252-3p	MIMAT0026744	0.815116631694868
7332	VPS13A	ENSG00000197969	hsa-miR-329-5p	MIMAT0026555	0.815103710703768
7333	MS4A2	ENSG00000149534	hsa-miR-212-5p	MIMAT0022695	0.815101626784245
7334	NIPBL	ENSG00000164190	hsa-miR-1252-3p	MIMAT0026744	0.815089898523964
7335	PREX2	ENSG00000046889	hsa-miR-329-5p	MIMAT0026555	0.815085755916251
7336	SLC44A1	ENSG00000070214	hsa-miR-137-3p	MIMAT0000429	0.815083447831243
7337	FUBP1	ENSG00000162613	hsa-miR-1252-3p	MIMAT0026744	0.815078376260979
7338	GABRA1	ENSG00000022355	hsa-miR-329-5p	MIMAT0026555	0.815058878202392
7339	SLC14A1	ENSG00000141469	hsa-miR-1252-3p	MIMAT0026744	0.815035859673945
7340	ARIH1	ENSG00000166233	hsa-miR-3618	MIMAT0017998	0.815023255305401
7341	E2F4	ENSG00000205250	hsa-miR-1252-3p	MIMAT0026744	0.815018668515613
7342	ZBTB8A	ENSG00000160062	hsa-miR-1288-5p	MIMAT0026743	0.815017510333041
7343	CLDN12	ENSG00000157224	hsa-miR-7154-5p	MIMAT0028218	0.81501471059716
7344	SEC31A	ENSG00000138674	hsa-miR-4496	MIMAT0019031	0.815012315214747
7345	HUS1	ENSG00000136273	hsa-miR-542-3p	MIMAT0003389	0.814997949263663
7346	BEND4	ENSG00000188848	hsa-miR-4496	MIMAT0019031	0.814994976375869
7347	CUL4B	ENSG00000158290	hsa-miR-1252-3p	MIMAT0026744	0.814987064291998
7348	PHF12	ENSG00000109118	hsa-miR-329-5p	MIMAT0026555	0.814984433085514
7349	RAVER2	ENSG00000162437	hsa-miR-4496	MIMAT0019031	0.814983145770645
7350	ZDHHC20	ENSG00000180776	hsa-miR-1252-3p	MIMAT0026744	0.814972828870561
7351	ERCC6	ENSG00000225830	hsa-miR-148a-5p	MIMAT0004549	0.814954964680563
7352	PFKM	ENSG00000152556	hsa-miR-6780a-3p	MIMAT0027461	0.814929835918053
7353	CEP44	ENSG00000164118	hsa-miR-148a-5p	MIMAT0004549	0.814914850795461
7354	USP15	ENSG00000135655	hsa-miR-7154-5p	MIMAT0028218	0.814897738108538
7355	PAX5	ENSG00000196092	hsa-miR-6780a-3p	MIMAT0027461	0.814846864266436
7356	KLF12	ENSG00000118922	hsa-miR-6780a-3p	MIMAT0027461	0.814845104535918
7357	NEMF	ENSG00000165525	hsa-miR-7154-5p	MIMAT0028218	0.814841039070735
7358	SSUH2	ENSG00000125046	hsa-miR-212-5p	MIMAT0022695	0.814791199223056
7359	PLEKHA2	ENSG00000169499	hsa-miR-1252-3p	MIMAT0026744	0.814778104215884
7360	RIF1	ENSG00000080345	hsa-miR-4496	MIMAT0019031	0.81476005714027
7361	PCM1	ENSG00000078674	hsa-miR-1288-5p	MIMAT0026743	0.8147573788799
7362	KLRD1	ENSG00000134539	hsa-miR-542-3p	MIMAT0003389	0.814756761258218
7363	CCDC170	ENSG00000120262	hsa-miR-137-3p	MIMAT0000429	0.814736891677336
7364	ZNF287	ENSG00000141040	hsa-miR-148a-5p	MIMAT0004549	0.81472506526251
7365	CISD2	ENSG00000145354	hsa-miR-380-3p	MIMAT0000735	0.814722094394255
7366	SIX3	ENSG00000138083	hsa-miR-542-3p	MIMAT0003389	0.814710229209112
7367	MBNL2	ENSG00000139793	hsa-miR-1252-3p	MIMAT0026744	0.814661740289881
7368	VASH1	ENSG00000071246	hsa-miR-4496	MIMAT0019031	0.81464737106956
7369	MAGEA3	ENSG00000221867	hsa-miR-4496	MIMAT0019031	0.814645732305679
7370	SUFU	ENSG00000107882	hsa-miR-148a-5p	MIMAT0004549	0.814634035525081
7371	LYRM7	ENSG00000186687	hsa-miR-148a-5p	MIMAT0004549	0.814627738155462
7372	HADH	ENSG00000138796	hsa-miR-380-3p	MIMAT0000735	0.81462430545595
7373	C3orf62	ENSG00000188315	hsa-miR-6861-5p	MIMAT0027623	0.814606097984341
7374	IRF6	ENSG00000117595	hsa-miR-4496	MIMAT0019031	0.814591973452605
7375	PDCD6IP	ENSG00000170248	hsa-miR-1288-5p	MIMAT0026743	0.814584225134641
7376	GNAZ	ENSG00000128266	hsa-miR-542-3p	MIMAT0003389	0.814581460724597
7377	MFRP	ENSG00000235718	hsa-miR-4496	MIMAT0019031	0.814558060667825
7378	KCNG4	ENSG00000168418	hsa-miR-6861-5p	MIMAT0027623	0.814554457614665
7379	TMEM260	ENSG00000070269	hsa-miR-329-5p	MIMAT0026555	0.814547570981133
7380	RFC5	ENSG00000111445	hsa-miR-329-5p	MIMAT0026555	0.814520186589404
7381	ANP32E	ENSG00000143401	hsa-miR-148a-5p	MIMAT0004549	0.81451060863803
7382	PDE7B	ENSG00000171408	hsa-miR-1288-5p	MIMAT0026743	0.814505216952674
7383	ZMYM4	ENSG00000146463	hsa-miR-148a-5p	MIMAT0004549	0.814503907120775
7384	TMEM8B	ENSG00000137103	hsa-miR-6780a-3p	MIMAT0027461	0.814486999570917
7385	FMN1	ENSG00000248905	hsa-miR-7154-5p	MIMAT0028218	0.814485224626513
7386	ACADM	ENSG00000117054	hsa-miR-148a-5p	MIMAT0004549	0.814459097413585
7387	PAPOLG	ENSG00000115421	hsa-miR-329-5p	MIMAT0026555	0.814442374844681
7388	SELENOI	ENSG00000138018	hsa-miR-1288-5p	MIMAT0026743	0.814423164320689
7389	SHISA2	ENSG00000180730	hsa-miR-1252-3p	MIMAT0026744	0.814414392107652
7390	MRPL21	ENSG00000197345	hsa-miR-6861-5p	MIMAT0027623	0.814407109759632
7391	PLD5	ENSG00000180287	hsa-miR-5007-5p	MIMAT0021035	0.814405044759117
7392	PRPF38B	ENSG00000134186	hsa-miR-137-3p	MIMAT0000429	0.814353894961757
7393	MCHR2	ENSG00000152034	hsa-miR-4496	MIMAT0019031	0.814318477566348
7394	SLITRK5	ENSG00000165300	hsa-miR-148a-5p	MIMAT0004549	0.814304278538073
7395	TPBGL	ENSG00000261594	hsa-miR-137-3p	MIMAT0000429	0.81429061747477
7396	SLC16A14	ENSG00000163053	hsa-miR-380-3p	MIMAT0000735	0.814266248486519
7397	NUBPL	ENSG00000151413	hsa-miR-137-3p	MIMAT0000429	0.814251440100916
7398	AQP4	ENSG00000171885	hsa-miR-1252-3p	MIMAT0026744	0.814247896851104
7399	HNRNPU	ENSG00000153187	hsa-miR-1252-3p	MIMAT0026744	0.814225089606296
7400	OR10H5	ENSG00000172519	hsa-miR-4496	MIMAT0019031	0.814192959946509
7401	SUSD5	ENSG00000173705	hsa-miR-4496	MIMAT0019031	0.814191045261784
7402	DIPK2A	ENSG00000181744	hsa-miR-1252-3p	MIMAT0026744	0.814184307361401
7403	EZH2	ENSG00000106462	hsa-miR-148a-5p	MIMAT0004549	0.814183092563927
7404	ALOX12B	ENSG00000179477	hsa-miR-329-5p	MIMAT0026555	0.814180801887431
7405	SAR1A	ENSG00000079332	hsa-miR-7154-5p	MIMAT0028218	0.814174517918702
7406	PPP1R12B	ENSG00000077157	hsa-miR-542-3p	MIMAT0003389	0.814154270879029
7407	CLCN4	ENSG00000073464	hsa-miR-4496	MIMAT0019031	0.814119189885566
7408	SLC2A10	ENSG00000197496	hsa-miR-6861-5p	MIMAT0027623	0.814063019856584
7409	ATG10	ENSG00000152348	hsa-miR-1252-3p	MIMAT0026744	0.814052756108768
7410	AC119674.2	ENSG00000284686	hsa-miR-6780a-3p	MIMAT0027461	0.814035540292279
7411	ZBTB18	ENSG00000179456	hsa-miR-148a-5p	MIMAT0004549	0.814034874057709
7412	PSD4	ENSG00000125637	hsa-miR-4496	MIMAT0019031	0.813983896983272
7413	BCL11B	ENSG00000127152	hsa-miR-4496	MIMAT0019031	0.813968254347962
7414	UBQLN4	ENSG00000160803	hsa-miR-6780a-3p	MIMAT0027461	0.813966578724754
7415	CHD1L	ENSG00000131778	hsa-miR-380-3p	MIMAT0000735	0.813940229100742
7416	SEC23IP	ENSG00000107651	hsa-miR-6780a-3p	MIMAT0027461	0.813926588023597
7417	GIMAP2	ENSG00000106560	hsa-miR-137-3p	MIMAT0000429	0.813924295006691
7418	OR5A1	ENSG00000172320	hsa-miR-1252-3p	MIMAT0026744	0.813923576657074
7419	OR4Q3	ENSG00000182652	hsa-miR-6780a-3p	MIMAT0027461	0.813882310056476
7420	BACH2	ENSG00000112182	hsa-miR-542-3p	MIMAT0003389	0.813825097306914
7421	PRKACB	ENSG00000142875	hsa-miR-380-3p	MIMAT0000735	0.813811353283461
7422	CHML	ENSG00000203668	hsa-miR-1252-3p	MIMAT0026744	0.813808049293742
7423	NKAIN3	ENSG00000185942	hsa-miR-1288-5p	MIMAT0026743	0.813796315006211
7424	TAB2	ENSG00000055208	hsa-miR-148a-5p	MIMAT0004549	0.813763871984649
7425	TTC19	ENSG00000011295	hsa-miR-4496	MIMAT0019031	0.813740278639257
7426	FAM83F	ENSG00000133477	hsa-miR-137-3p	MIMAT0000429	0.813704577331687
7427	RBM11	ENSG00000185272	hsa-miR-7154-5p	MIMAT0028218	0.813699967515352
7428	ZPR1	ENSG00000109917	hsa-miR-6780a-3p	MIMAT0027461	0.813683669552069
7429	RASSF6	ENSG00000169435	hsa-miR-1252-3p	MIMAT0026744	0.813682009241554
7430	C8orf34	ENSG00000165084	hsa-miR-1252-3p	MIMAT0026744	0.813624655542211
7431	TPM3	ENSG00000143549	hsa-miR-1252-3p	MIMAT0026744	0.813616892105008
7432	RPS15A	ENSG00000134419	hsa-miR-212-5p	MIMAT0022695	0.813598870277368
7433	SLC9A6	ENSG00000198689	hsa-miR-1252-3p	MIMAT0026744	0.813547288418977
7434	FAM186B	ENSG00000135436	hsa-miR-6780a-3p	MIMAT0027461	0.813535967841874
7435	ADM	ENSG00000148926	hsa-miR-329-5p	MIMAT0026555	0.813529252435617
7436	ORC2	ENSG00000115942	hsa-miR-7154-5p	MIMAT0028218	0.813508851600473
7437	PIP4K2C	ENSG00000166908	hsa-miR-137-3p	MIMAT0000429	0.813506016318783
7438	FAM241A	ENSG00000174749	hsa-miR-137-3p	MIMAT0000429	0.813496493869911
7439	WIPF2	ENSG00000171475	hsa-miR-1288-5p	MIMAT0026743	0.81348882022893
7440	TLL2	ENSG00000095587	hsa-miR-380-3p	MIMAT0000735	0.813477225609948
7441	SPIN1	ENSG00000106723	hsa-miR-4496	MIMAT0019031	0.813472648167786
7442	AKAP6	ENSG00000151320	hsa-miR-7154-5p	MIMAT0028218	0.813466501903083
7443	SLC25A53	ENSG00000269743	hsa-miR-7154-5p	MIMAT0028218	0.813449620953821
7444	KLHL28	ENSG00000179454	hsa-miR-137-3p	MIMAT0000429	0.813410804435309
7445	TCF19	ENSG00000137310	hsa-miR-329-5p	MIMAT0026555	0.813403194418307
7446	DEPP1	ENSG00000165507	hsa-miR-6861-5p	MIMAT0027623	0.813394029155021
7447	FCHO2	ENSG00000157107	hsa-miR-380-3p	MIMAT0000735	0.813383656287904
7448	SURF6	ENSG00000148296	hsa-miR-6780a-3p	MIMAT0027461	0.813381203684376
7449	CDCA7L	ENSG00000164649	hsa-miR-137-3p	MIMAT0000429	0.813373428835699
7450	LIN28B	ENSG00000187772	hsa-miR-1252-3p	MIMAT0026744	0.813352744955823
7451	CCDC88A	ENSG00000115355	hsa-miR-137-3p	MIMAT0000429	0.813326004290228
7452	YPEL4	ENSG00000166793	hsa-miR-6780a-3p	MIMAT0027461	0.813308233067972
7453	EEF1AKMT2	ENSG00000203791	hsa-miR-380-3p	MIMAT0000735	0.81324618157393
7454	SLC30A7	ENSG00000162695	hsa-miR-4496	MIMAT0019031	0.813239776426283
7455	RGPD2	ENSG00000185304	hsa-miR-380-3p	MIMAT0000735	0.813222701285305
7456	POU6F1	ENSG00000184271	hsa-miR-6780a-3p	MIMAT0027461	0.813212655250579
7457	AC005192.1	ENSG00000288640	hsa-miR-7154-5p	MIMAT0028218	0.813188632214807
7458	GSR	ENSG00000104687	hsa-miR-148a-5p	MIMAT0004549	0.813166306821208
7459	OR2L13	ENSG00000196071	hsa-miR-380-3p	MIMAT0000735	0.81314708917269
7460	USP31	ENSG00000103404	hsa-miR-329-5p	MIMAT0026555	0.813122474766669
7461	AP1S3	ENSG00000152056	hsa-miR-137-3p	MIMAT0000429	0.813098239545166
7462	MCOLN3	ENSG00000055732	hsa-miR-4496	MIMAT0019031	0.813084154498813
7463	TBPL1	ENSG00000028839	hsa-miR-542-3p	MIMAT0003389	0.813079372547243
7464	CHST5	ENSG00000135702	hsa-miR-5007-5p	MIMAT0021035	0.813067913418608
7465	ABCC9	ENSG00000069431	hsa-miR-7154-5p	MIMAT0028218	0.813027952573086
7466	CNTN1	ENSG00000018236	hsa-miR-1252-3p	MIMAT0026744	0.813020431891364
7467	RTKN2	ENSG00000182010	hsa-miR-1252-3p	MIMAT0026744	0.813010004682565
7468	LRRTM2	ENSG00000146006	hsa-miR-380-3p	MIMAT0000735	0.812980887567844
7469	BTD	ENSG00000169814	hsa-miR-6780a-3p	MIMAT0027461	0.812937563573877
7470	BRINP3	ENSG00000162670	hsa-miR-137-3p	MIMAT0000429	0.812930544115829
7471	TDRD3	ENSG00000083544	hsa-miR-137-3p	MIMAT0000429	0.812899451141227
7472	RAB3C	ENSG00000152932	hsa-miR-1252-3p	MIMAT0026744	0.812891351723867
7473	PPP1R1C	ENSG00000150722	hsa-miR-148a-5p	MIMAT0004549	0.81286878157393
7474	ACTR2	ENSG00000138071	hsa-miR-148a-5p	MIMAT0004549	0.81286436226459
7475	PPP2R5A	ENSG00000066027	hsa-miR-329-5p	MIMAT0026555	0.812858709873172
7476	CDKL2	ENSG00000138769	hsa-miR-148a-5p	MIMAT0004549	0.812849558035531
7477	EXOSC9	ENSG00000123737	hsa-miR-380-3p	MIMAT0000735	0.812781702525275
7478	CREBL2	ENSG00000111269	hsa-miR-380-3p	MIMAT0000735	0.812757882764636
7479	MATR3	ENSG00000280987	hsa-miR-329-5p	MIMAT0026555	0.81275146103443
7480	YOD1	ENSG00000180667	hsa-miR-542-3p	MIMAT0003389	0.812746732196944
7481	GASK1A	ENSG00000144649	hsa-miR-7154-5p	MIMAT0028218	0.812731395900898
7482	PDE7A	ENSG00000205268	hsa-miR-148a-5p	MIMAT0004549	0.812729806304822
7483	ZNF562	ENSG00000171466	hsa-miR-542-3p	MIMAT0003389	0.812727966100713
7484	VPS4B	ENSG00000119541	hsa-miR-6861-5p	MIMAT0027623	0.81272348860673
7485	ZNF283	ENSG00000167637	hsa-miR-3618	MIMAT0017998	0.812721367909829
7486	ZDHHC5	ENSG00000156599	hsa-miR-1252-3p	MIMAT0026744	0.812715362274863
7487	ARHGAP17	ENSG00000140750	hsa-miR-3618	MIMAT0017998	0.812691159490973
7488	LORICRIN	ENSG00000203782	hsa-miR-7154-5p	MIMAT0028218	0.812690593457154
7489	PLA2G4F	ENSG00000168907	hsa-miR-6780a-3p	MIMAT0027461	0.812684091708866
7490	ZBTB41	ENSG00000177888	hsa-miR-1252-3p	MIMAT0026744	0.812664120238004
7491	FOXC1	ENSG00000054598	hsa-miR-4496	MIMAT0019031	0.812646648848443
7492	LRATD1	ENSG00000162981	hsa-miR-1252-3p	MIMAT0026744	0.812646442327719
7493	GAPVD1	ENSG00000165219	hsa-miR-329-5p	MIMAT0026555	0.812612670639691
7494	NME6	ENSG00000172113	hsa-miR-212-5p	MIMAT0022695	0.812596569121709
7495	MARK3	ENSG00000075413	hsa-miR-212-5p	MIMAT0022695	0.812567280827661
7496	TTN	ENSG00000155657	hsa-miR-1252-3p	MIMAT0026744	0.812547279520615
7497	SYNE1	ENSG00000131018	hsa-miR-6780a-3p	MIMAT0027461	0.812528501886475
7498	GPR155	ENSG00000163328	hsa-miR-329-5p	MIMAT0026555	0.812523895177683
7499	KLHL24	ENSG00000114796	hsa-miR-7154-5p	MIMAT0028218	0.81250270772577
7500	USP34	ENSG00000115464	hsa-miR-148a-5p	MIMAT0004549	0.812448594398265
7501	TMED5	ENSG00000117500	hsa-miR-148a-5p	MIMAT0004549	0.812400825156972
7502	GDNF	ENSG00000168621	hsa-miR-542-3p	MIMAT0003389	0.812392415448556
7503	SEMA6C	ENSG00000143434	hsa-miR-4496	MIMAT0019031	0.812361750757522
7504	AGAP3	ENSG00000133612	hsa-miR-212-5p	MIMAT0022695	0.812356648267449
7505	OR4D10	ENSG00000254466	hsa-miR-542-3p	MIMAT0003389	0.812338158494985
7506	AXDND1	ENSG00000162779	hsa-miR-4496	MIMAT0019031	0.812330527655298
7507	FAM104A	ENSG00000133193	hsa-miR-6861-5p	MIMAT0027623	0.812329208836991
7508	INO80C	ENSG00000153391	hsa-miR-1252-3p	MIMAT0026744	0.812317589671917
7509	COL19A1	ENSG00000082293	hsa-miR-1252-3p	MIMAT0026744	0.812296608084485
7510	MBTPS2	ENSG00000012174	hsa-miR-137-3p	MIMAT0000429	0.812285887317907
7511	INTS4	ENSG00000149262	hsa-miR-212-5p	MIMAT0022695	0.812234007110786
7512	PABPC1L2A	ENSG00000186288	hsa-miR-148a-5p	MIMAT0004549	0.812215589268239
7513	ZNF347	ENSG00000197937	hsa-miR-380-3p	MIMAT0000735	0.812166086628074
7514	PIK3CA	ENSG00000121879	hsa-miR-148a-5p	MIMAT0004549	0.812162322953767
7515	TMEM181	ENSG00000146433	hsa-miR-380-3p	MIMAT0000735	0.812118520622136
7516	AL109811.3	ENSG00000277726	hsa-miR-1252-3p	MIMAT0026744	0.812096208625428
7517	CCDC88A	ENSG00000115355	hsa-miR-148a-5p	MIMAT0004549	0.812086266898295
7518	AJUBA	ENSG00000129474	hsa-miR-212-5p	MIMAT0022695	0.812077278470109
7519	RUNDC3B	ENSG00000105784	hsa-miR-1252-3p	MIMAT0026744	0.812065313983509
7520	DOCK5	ENSG00000147459	hsa-miR-4496	MIMAT0019031	0.812041756919727
7521	PCDHA4	ENSG00000204967	hsa-miR-1252-3p	MIMAT0026744	0.812024665914285
7522	ST6GALNAC5	ENSG00000117069	hsa-miR-1252-3p	MIMAT0026744	0.812023581203552
7523	ZNF805	ENSG00000204524	hsa-miR-7154-5p	MIMAT0028218	0.812019823933814
7524	SLX4IP	ENSG00000149346	hsa-miR-1252-3p	MIMAT0026744	0.812016117911076
7525	MARCHF3	ENSG00000173926	hsa-miR-542-3p	MIMAT0003389	0.812003577244755
7526	KLHDC2	ENSG00000165516	hsa-miR-4496	MIMAT0019031	0.81199000206101
7527	KCNMB4	ENSG00000135643	hsa-miR-7154-5p	MIMAT0028218	0.811937086088079
7528	ADAM28	ENSG00000042980	hsa-miR-4496	MIMAT0019031	0.811935435987641
7529	CELF2	ENSG00000048740	hsa-miR-137-3p	MIMAT0000429	0.811911640471594
7530	C1orf21	ENSG00000116667	hsa-miR-1252-3p	MIMAT0026744	0.811874487809547
7531	CREB1	ENSG00000118260	hsa-miR-148a-5p	MIMAT0004549	0.811864150631545
7532	RHOQ	ENSG00000119729	hsa-miR-7154-5p	MIMAT0028218	0.811855101156316
7533	SEC22C	ENSG00000093183	hsa-miR-7154-5p	MIMAT0028218	0.811846459306156
7534	STRBP	ENSG00000165209	hsa-miR-4496	MIMAT0019031	0.811843925357846
7535	ATP8A1	ENSG00000124406	hsa-miR-1252-3p	MIMAT0026744	0.811843723388497
7536	NYAP2	ENSG00000144460	hsa-miR-1252-3p	MIMAT0026744	0.811812778547332
7537	SUN1	ENSG00000164828	hsa-miR-4496	MIMAT0019031	0.811776147349798
7538	PDP2	ENSG00000172840	hsa-miR-148a-5p	MIMAT0004549	0.81173830072284
7539	KAT6A	ENSG00000083168	hsa-miR-1252-3p	MIMAT0026744	0.811674419873576
7540	MAPRE2	ENSG00000166974	hsa-miR-1252-3p	MIMAT0026744	0.811666054278664
7541	H2BC18	ENSG00000203814	hsa-miR-4496	MIMAT0019031	0.811656121930634
7542	SLC7A6	ENSG00000103064	hsa-miR-4496	MIMAT0019031	0.811630051449595
7543	TMA7	ENSG00000232112	hsa-miR-1252-3p	MIMAT0026744	0.811617617929465
7544	GOLM2	ENSG00000166734	hsa-miR-148a-5p	MIMAT0004549	0.811615332520831
7545	NDUFA9	ENSG00000139180	hsa-miR-4496	MIMAT0019031	0.811577288189015
7546	FBXO41	ENSG00000163013	hsa-miR-6861-5p	MIMAT0027623	0.811565460570728
7547	RBM39	ENSG00000131051	hsa-miR-1252-3p	MIMAT0026744	0.811557262244924
7548	RBPJ	ENSG00000168214	hsa-miR-1252-3p	MIMAT0026744	0.811539883453066
7549	ITLN1	ENSG00000179914	hsa-miR-6861-5p	MIMAT0027623	0.811537768715002
7550	ADK	ENSG00000156110	hsa-miR-4496	MIMAT0019031	0.811480266166391
7551	SV2A	ENSG00000159164	hsa-miR-212-5p	MIMAT0022695	0.811477898366892
7552	OR2M3	ENSG00000228198	hsa-miR-380-3p	MIMAT0000735	0.81144398079719
7553	STRN	ENSG00000115808	hsa-miR-7154-5p	MIMAT0028218	0.811404362212135
7554	NEUROD1	ENSG00000162992	hsa-miR-137-3p	MIMAT0000429	0.811397891031698
7555	SELENOF	ENSG00000183291	hsa-miR-6861-5p	MIMAT0027623	0.811371697082962
7556	BDP1	ENSG00000145734	hsa-miR-148a-5p	MIMAT0004549	0.811340526592745
7557	AKAP11	ENSG00000023516	hsa-miR-1252-3p	MIMAT0026744	0.811279044561273
7558	DCUN1D5	ENSG00000137692	hsa-miR-148a-5p	MIMAT0004549	0.811271312687099
7559	RET	ENSG00000165731	hsa-miR-212-5p	MIMAT0022695	0.811269335320439
7560	LLPH	ENSG00000139233	hsa-miR-3618	MIMAT0017998	0.811266692271571
7561	SNAI2	ENSG00000019549	hsa-miR-137-3p	MIMAT0000429	0.8112141655957
7562	TCEAL9	ENSG00000185222	hsa-miR-148a-5p	MIMAT0004549	0.811213696168012
7563	SSX7	ENSG00000187754	hsa-miR-4496	MIMAT0019031	0.811193973334591
7564	MAP4K3	ENSG00000011566	hsa-miR-1252-3p	MIMAT0026744	0.811188974584078
7565	PATE1	ENSG00000171053	hsa-miR-7154-5p	MIMAT0028218	0.811187617227375
7566	NUFIP1	ENSG00000083635	hsa-miR-4496	MIMAT0019031	0.811181950486782
7567	GYG2	ENSG00000056998	hsa-miR-1252-3p	MIMAT0026744	0.811116196834541
7568	ZDHHC2	ENSG00000104219	hsa-miR-4496	MIMAT0019031	0.81108258706206
7569	TMEM161B	ENSG00000164180	hsa-miR-148a-5p	MIMAT0004549	0.811058145179411
7570	RTRAF	ENSG00000087302	hsa-miR-1252-3p	MIMAT0026744	0.811054785582206
7571	SEPTIN10	ENSG00000186522	hsa-miR-380-3p	MIMAT0000735	0.81102299498153
7572	DIS3	ENSG00000083520	hsa-miR-1252-3p	MIMAT0026744	0.811022052673888
7573	ARF6	ENSG00000165527	hsa-miR-3618	MIMAT0017998	0.811015865889068
7574	TRIP12	ENSG00000153827	hsa-miR-4496	MIMAT0019031	0.811004650724678
7575	RAPH1	ENSG00000173166	hsa-miR-1252-3p	MIMAT0026744	0.811000387493544
7576	DIMT1	ENSG00000086189	hsa-miR-1252-3p	MIMAT0026744	0.810989394054063
7577	NFATC3	ENSG00000072736	hsa-miR-329-5p	MIMAT0026555	0.810964828185155
7578	NBPF12	ENSG00000268043	hsa-miR-329-5p	MIMAT0026555	0.810960444569297
7579	MED4	ENSG00000136146	hsa-miR-6861-5p	MIMAT0027623	0.810927870488389
7580	C16orf86	ENSG00000159761	hsa-miR-6780a-3p	MIMAT0027461	0.810912804711399
7581	COX18	ENSG00000163626	hsa-miR-4496	MIMAT0019031	0.810898120805734
7582	PSRC1	ENSG00000134222	hsa-miR-4496	MIMAT0019031	0.810890129108707
7583	EPHA8	ENSG00000070886	hsa-miR-137-3p	MIMAT0000429	0.810869262996732
7584	HNRNPA0	ENSG00000177733	hsa-miR-4496	MIMAT0019031	0.810859015368018
7585	FREM2	ENSG00000150893	hsa-miR-4496	MIMAT0019031	0.810844642290357
7586	ARFGEF3	ENSG00000112379	hsa-miR-4496	MIMAT0019031	0.810824338105945
7587	GRM5	ENSG00000168959	hsa-miR-329-5p	MIMAT0026555	0.810759946738452
7588	KDSR	ENSG00000119537	hsa-miR-380-3p	MIMAT0000735	0.810742177954934
7589	EMC2	ENSG00000104412	hsa-miR-148a-5p	MIMAT0004549	0.810733795139994
7590	RASIP1	ENSG00000105538	hsa-miR-137-3p	MIMAT0000429	0.810725998848072
7591	SGO1	ENSG00000129810	hsa-miR-148a-5p	MIMAT0004549	0.810716871738352
7592	XDH	ENSG00000158125	hsa-miR-542-3p	MIMAT0003389	0.810706074117901
7593	AC011530.1	ENSG00000268434	hsa-miR-7154-5p	MIMAT0028218	0.810691564372108
7594	TRIM6	ENSG00000121236	hsa-miR-137-3p	MIMAT0000429	0.810666848651358
7595	GRIN2A	ENSG00000183454	hsa-miR-4496	MIMAT0019031	0.810657538016599
7596	RNGTT	ENSG00000111880	hsa-miR-1252-3p	MIMAT0026744	0.810653700020076
7597	MRFAP1	ENSG00000179010	hsa-miR-1252-3p	MIMAT0026744	0.810594403800086
7598	UBASH3B	ENSG00000154127	hsa-miR-1252-3p	MIMAT0026744	0.810575333998167
7599	PPARGC1A	ENSG00000109819	hsa-miR-329-5p	MIMAT0026555	0.81056731817112
7600	GRIP1	ENSG00000155974	hsa-miR-6780a-3p	MIMAT0027461	0.810552721851933
7601	REV3L	ENSG00000009413	hsa-miR-212-5p	MIMAT0022695	0.810533290090017
7602	PSME2	ENSG00000100911	hsa-miR-212-5p	MIMAT0022695	0.810520561949508
7603	GRHPR	ENSG00000137106	hsa-miR-6861-5p	MIMAT0027623	0.810510278357917
7604	HDAC2	ENSG00000196591	hsa-miR-5007-5p	MIMAT0021035	0.810501383875434
7605	UFL1	ENSG00000014123	hsa-miR-1252-3p	MIMAT0026744	0.810494264056689
7606	ZNF709	ENSG00000242852	hsa-miR-4496	MIMAT0019031	0.810453847734228
7607	TBC1D4	ENSG00000136111	hsa-miR-148a-5p	MIMAT0004549	0.810452970879933
7608	RBM28	ENSG00000106344	hsa-miR-542-3p	MIMAT0003389	0.810423313385492
7609	RNF150	ENSG00000170153	hsa-miR-1252-3p	MIMAT0026744	0.810412912552142
7610	TBC1D7	ENSG00000145979	hsa-miR-4496	MIMAT0019031	0.810411342182493
7611	STX3	ENSG00000166900	hsa-miR-212-5p	MIMAT0022695	0.8103668489625
7612	CLDN16	ENSG00000113946	hsa-miR-380-3p	MIMAT0000735	0.810343557333394
7613	NT5E	ENSG00000135318	hsa-miR-148a-5p	MIMAT0004549	0.810338046251548
7614	SH3D19	ENSG00000109686	hsa-miR-329-5p	MIMAT0026555	0.810317149576516
7615	TIMM22	ENSG00000177370	hsa-miR-380-3p	MIMAT0000735	0.810315751023138
7616	MCTP1	ENSG00000175471	hsa-miR-6780a-3p	MIMAT0027461	0.810303883137615
7617	CAT	ENSG00000121691	hsa-miR-380-3p	MIMAT0000735	0.810294386482213
7618	SPPL3	ENSG00000157837	hsa-miR-148a-5p	MIMAT0004549	0.810291177428448
7619	ZNF490	ENSG00000188033	hsa-miR-6720-3p	MIMAT0025851	0.810268665367679
7620	DTWD2	ENSG00000169570	hsa-miR-6861-5p	MIMAT0027623	0.810265508067426
7621	PLEKHH1	ENSG00000054690	hsa-miR-6861-5p	MIMAT0027623	0.810240332112903
7622	ZNF431	ENSG00000196705	hsa-miR-7154-5p	MIMAT0028218	0.81019196126003
7623	DNAJC15	ENSG00000120675	hsa-miR-4496	MIMAT0019031	0.810188550997504
7624	SLC35B3	ENSG00000124786	hsa-miR-148a-5p	MIMAT0004549	0.810177502466361
7625	ABI2	ENSG00000138443	hsa-miR-137-3p	MIMAT0000429	0.810159767982755
7626	FBXO21	ENSG00000135108	hsa-miR-380-3p	MIMAT0000735	0.810140321732906
7627	SERF2	ENSG00000140264	hsa-miR-4496	MIMAT0019031	0.810135477264127
7628	CANX	ENSG00000127022	hsa-miR-380-3p	MIMAT0000735	0.810117061682892
7629	CAB39L	ENSG00000102547	hsa-miR-1252-3p	MIMAT0026744	0.810098330361896
7630	DCLK1	ENSG00000133083	hsa-miR-7154-5p	MIMAT0028218	0.810097569308504
7631	LMCD1	ENSG00000071282	hsa-miR-7154-5p	MIMAT0028218	0.810087678204438
7632	AC004593.2	ENSG00000285162	hsa-miR-3618	MIMAT0017998	0.810075727302935
7633	PCNX4	ENSG00000126773	hsa-miR-1252-3p	MIMAT0026744	0.810075042865517
7634	RAP1GAP2	ENSG00000132359	hsa-miR-4496	MIMAT0019031	0.810068006186066
7635	RFX5	ENSG00000143390	hsa-miR-329-5p	MIMAT0026555	0.810065545404235
7636	PARM1	ENSG00000169116	hsa-miR-380-3p	MIMAT0000735	0.810057328078473
7637	PNKD	ENSG00000127838	hsa-miR-137-3p	MIMAT0000429	0.810055050672914
7638	ELAPOR2	ENSG00000164659	hsa-miR-6780a-3p	MIMAT0027461	0.809991209738356
7639	ETFBKMT	ENSG00000139160	hsa-miR-4496	MIMAT0019031	0.809983463570388
7640	EIF2S3	ENSG00000130741	hsa-miR-137-3p	MIMAT0000429	0.809964511493845
7641	USP48	ENSG00000090686	hsa-miR-137-3p	MIMAT0000429	0.809886863271176
7642	PAPOLA	ENSG00000090060	hsa-miR-137-3p	MIMAT0000429	0.809867112475937
7643	GDF7	ENSG00000143869	hsa-miR-1252-3p	MIMAT0026744	0.809863257084845
7644	KIN	ENSG00000151657	hsa-miR-4496	MIMAT0019031	0.809833790880152
7645	TBCEL	ENSG00000154114	hsa-miR-7154-5p	MIMAT0028218	0.809833626905339
7646	SRGAP2	ENSG00000266028	hsa-miR-4496	MIMAT0019031	0.809826831413612
7647	GALNTL6	ENSG00000174473	hsa-miR-148a-5p	MIMAT0004549	0.80980725072821
7648	CSNK1A1	ENSG00000113712	hsa-miR-5007-5p	MIMAT0021035	0.809794975639071
7649	MYBPC1	ENSG00000196091	hsa-miR-4496	MIMAT0019031	0.809771242805893
7650	ST6GAL2	ENSG00000144057	hsa-miR-542-3p	MIMAT0003389	0.809755988409982
7651	SGCZ	ENSG00000185053	hsa-miR-137-3p	MIMAT0000429	0.809749786070431
7652	CBX5	ENSG00000094916	hsa-miR-148a-5p	MIMAT0004549	0.809733594085406
7653	COBLL1	ENSG00000082438	hsa-miR-1252-3p	MIMAT0026744	0.809723433941828
7654	PCDH10	ENSG00000138650	hsa-miR-148a-5p	MIMAT0004549	0.809721832275526
7655	IP6K1	ENSG00000176095	hsa-miR-148a-5p	MIMAT0004549	0.809718215673593
7656	PSG8	ENSG00000124467	hsa-miR-380-3p	MIMAT0000735	0.80971001920991
7657	ATP8A2	ENSG00000132932	hsa-miR-6780a-3p	MIMAT0027461	0.809681978591202
7658	MGA	ENSG00000174197	hsa-miR-1288-5p	MIMAT0026743	0.809675376001065
7659	TMEM263	ENSG00000151135	hsa-miR-148a-5p	MIMAT0004549	0.809671673774843
7660	LINGO2	ENSG00000174482	hsa-miR-380-3p	MIMAT0000735	0.809656997446725
7661	IER5	ENSG00000162783	hsa-miR-4496	MIMAT0019031	0.809656613114514
7662	JUN	ENSG00000177606	hsa-miR-137-3p	MIMAT0000429	0.809619154098218
7663	ANK2	ENSG00000145362	hsa-miR-148a-5p	MIMAT0004549	0.809572647225693
7664	CRCP	ENSG00000241258	hsa-miR-1288-5p	MIMAT0026743	0.809568619423973
7665	AC008770.4	ENSG00000286098	hsa-miR-7154-5p	MIMAT0028218	0.809550421630488
7666	UVRAG	ENSG00000198382	hsa-miR-1288-5p	MIMAT0026743	0.809539063972842
7667	GNPDA2	ENSG00000163281	hsa-miR-380-3p	MIMAT0000735	0.809492823014144
7668	TMED3	ENSG00000166557	hsa-miR-1252-3p	MIMAT0026744	0.809459433817825
7669	PDE12	ENSG00000174840	hsa-miR-7154-5p	MIMAT0028218	0.809435707014465
7670	SNRPE	ENSG00000182004	hsa-miR-7154-5p	MIMAT0028218	0.809422105894909
7671	ANKRD34B	ENSG00000189127	hsa-miR-148a-5p	MIMAT0004549	0.809419708851815
7672	TIMM8A	ENSG00000126953	hsa-miR-212-5p	MIMAT0022695	0.809413091772131
7673	GNPDA2	ENSG00000163281	hsa-miR-7154-5p	MIMAT0028218	0.809395646880446
7674	NETO2	ENSG00000171208	hsa-miR-542-3p	MIMAT0003389	0.809390113673945
7675	HHLA1	ENSG00000132297	hsa-miR-6780a-3p	MIMAT0027461	0.809387112879332
7676	XIAP	ENSG00000101966	hsa-miR-137-3p	MIMAT0000429	0.809386344078584
7677	GCLM	ENSG00000023909	hsa-miR-7154-5p	MIMAT0028218	0.809365684488488
7678	NPEPPS	ENSG00000141279	hsa-miR-1252-3p	MIMAT0026744	0.809336252373507
7679	SLC30A1	ENSG00000170385	hsa-miR-7154-5p	MIMAT0028218	0.809327988004163
7680	IQGAP1	ENSG00000140575	hsa-miR-4496	MIMAT0019031	0.80932370922114
7681	PURA	ENSG00000185129	hsa-miR-212-5p	MIMAT0022695	0.809301792402779
7682	GPR15	ENSG00000154165	hsa-miR-380-3p	MIMAT0000735	0.809274462670283
7683	CLEC5A	ENSG00000258227	hsa-miR-542-3p	MIMAT0003389	0.809272102218699
7684	XPO4	ENSG00000132953	hsa-miR-380-3p	MIMAT0000735	0.809248712075731
7685	TBX19	ENSG00000143178	hsa-miR-1252-3p	MIMAT0026744	0.809245258936065
7686	G3BP1	ENSG00000145907	hsa-miR-148a-5p	MIMAT0004549	0.809232547598214
7687	PTGER3	ENSG00000050628	hsa-miR-7154-5p	MIMAT0028218	0.809199320564794
7688	SHISAL1	ENSG00000138944	hsa-miR-137-3p	MIMAT0000429	0.809198545364622
7689	TRPC6	ENSG00000137672	hsa-miR-148a-5p	MIMAT0004549	0.809191692286355
7690	UXS1	ENSG00000115652	hsa-miR-7154-5p	MIMAT0028218	0.809168580734909
7691	SCN10A	ENSG00000185313	hsa-miR-7154-5p	MIMAT0028218	0.80915058939091
7692	CUX1	ENSG00000257923	hsa-miR-212-5p	MIMAT0022695	0.809145025014072
7693	AGO4	ENSG00000134698	hsa-miR-4496	MIMAT0019031	0.809141804959845
7694	GRPEL2	ENSG00000164284	hsa-miR-329-5p	MIMAT0026555	0.809137264218598
7695	SYNM	ENSG00000182253	hsa-miR-5007-5p	MIMAT0021035	0.809118110015633
7696	TMEM242	ENSG00000215712	hsa-miR-148a-5p	MIMAT0004549	0.809101946662153
7697	SRP19	ENSG00000153037	hsa-miR-7154-5p	MIMAT0028218	0.80908572542998
7698	LINC00672	ENSG00000263874	hsa-miR-1252-3p	MIMAT0026744	0.809081913063785
7699	RPS4X	ENSG00000198034	hsa-miR-4496	MIMAT0019031	0.808936985469293
7700	GCLC	ENSG00000001084	hsa-miR-7154-5p	MIMAT0028218	0.808931185284995
7701	PAX5	ENSG00000196092	hsa-miR-137-3p	MIMAT0000429	0.808923717232079
7702	SEMA4F	ENSG00000135622	hsa-miR-3618	MIMAT0017998	0.808922930222292
7703	STX11	ENSG00000135604	hsa-miR-4496	MIMAT0019031	0.808897735291476
7704	WIPF2	ENSG00000171475	hsa-miR-5007-5p	MIMAT0021035	0.80887365977299
7705	KCTD12	ENSG00000178695	hsa-miR-1252-3p	MIMAT0026744	0.808871911852779
7706	RASSF9	ENSG00000198774	hsa-miR-3618	MIMAT0017998	0.808856527969419
7707	RSKR	ENSG00000167524	hsa-miR-329-5p	MIMAT0026555	0.808854489315956
7708	DOCK10	ENSG00000135905	hsa-miR-148a-5p	MIMAT0004549	0.808791110717719
7709	ARHGEF12	ENSG00000196914	hsa-miR-212-5p	MIMAT0022695	0.808775118764035
7710	BCL10	ENSG00000142867	hsa-miR-1252-3p	MIMAT0026744	0.808762336073665
7711	PDS5A	ENSG00000121892	hsa-miR-1252-3p	MIMAT0026744	0.808758668918549
7712	C19orf47	ENSG00000160392	hsa-miR-212-5p	MIMAT0022695	0.808752807071697
7713	MME	ENSG00000196549	hsa-miR-1252-3p	MIMAT0026744	0.808718392128222
7714	GPRIN3	ENSG00000185477	hsa-miR-329-5p	MIMAT0026555	0.80870975047863
7715	EEA1	ENSG00000102189	hsa-miR-4496	MIMAT0019031	0.808678662477331
7716	EML5	ENSG00000165521	hsa-miR-1252-3p	MIMAT0026744	0.808675046260213
7717	RLIM	ENSG00000131263	hsa-miR-148a-5p	MIMAT0004549	0.808636943877147
7718	LMBRD2	ENSG00000164187	hsa-miR-1252-3p	MIMAT0026744	0.808619890625941
7719	DENND1B	ENSG00000213047	hsa-miR-329-5p	MIMAT0026555	0.808589343732649
7720	PLEKHA3	ENSG00000116095	hsa-miR-148a-5p	MIMAT0004549	0.808555551456899
7721	CEBPG	ENSG00000153879	hsa-miR-380-3p	MIMAT0000735	0.80854962199349
7722	GASK1B	ENSG00000164125	hsa-miR-6780a-3p	MIMAT0027461	0.80854655469186
7723	AL662899.2	ENSG00000263020	hsa-miR-4496	MIMAT0019031	0.808534880282081
7724	NBPF1	ENSG00000219481	hsa-miR-1252-3p	MIMAT0026744	0.80852832207803
7725	RAI1	ENSG00000108557	hsa-miR-380-3p	MIMAT0000735	0.808512324761856
7726	DNALI1	ENSG00000163879	hsa-miR-5007-5p	MIMAT0021035	0.808490473184695
7727	MAGEA6	ENSG00000197172	hsa-miR-4496	MIMAT0019031	0.808483420776103
7728	MMP16	ENSG00000156103	hsa-miR-542-3p	MIMAT0003389	0.80841247959182
7729	SGK1	ENSG00000118515	hsa-miR-137-3p	MIMAT0000429	0.808402555320968
7730	BNC2	ENSG00000173068	hsa-miR-212-5p	MIMAT0022695	0.808372511543941
7731	KBTBD2	ENSG00000170852	hsa-miR-7154-5p	MIMAT0028218	0.808360373044005
7732	ZNF410	ENSG00000119725	hsa-miR-137-3p	MIMAT0000429	0.808341896158759
7733	GREB1L	ENSG00000141449	hsa-miR-3618	MIMAT0017998	0.808303328547255
7734	AP000812.4	ENSG00000284922	hsa-miR-6780a-3p	MIMAT0027461	0.808291408098645
7735	LMO4	ENSG00000143013	hsa-miR-4496	MIMAT0019031	0.808279351874461
7736	ADIPOQ	ENSG00000181092	hsa-miR-6861-5p	MIMAT0027623	0.808253691231961
7737	WDFY2	ENSG00000139668	hsa-miR-6780a-3p	MIMAT0027461	0.808230786353704
7738	NAA25	ENSG00000111300	hsa-miR-137-3p	MIMAT0000429	0.808228107466906
7739	SEPSECS	ENSG00000109618	hsa-miR-6780a-3p	MIMAT0027461	0.808212199437452
7740	AKAP10	ENSG00000108599	hsa-miR-148a-5p	MIMAT0004549	0.808201696978153
7741	ADAM10	ENSG00000137845	hsa-miR-7154-5p	MIMAT0028218	0.808193368922747
7742	FAM111B	ENSG00000189057	hsa-miR-7154-5p	MIMAT0028218	0.808170460326818
7743	ABHD4	ENSG00000100439	hsa-miR-4496	MIMAT0019031	0.808165719821041
7744	GPR37L1	ENSG00000170075	hsa-miR-6780a-3p	MIMAT0027461	0.808160485396085
7745	ZNF615	ENSG00000197619	hsa-miR-4496	MIMAT0019031	0.808140519834115
7746	NYAP2	ENSG00000144460	hsa-miR-380-3p	MIMAT0000735	0.808139648994277
7747	C3AR1	ENSG00000171860	hsa-miR-4496	MIMAT0019031	0.808110155091367
7748	MCF2L	ENSG00000126217	hsa-miR-329-5p	MIMAT0026555	0.808107071043016
7749	DOCK10	ENSG00000135905	hsa-miR-212-5p	MIMAT0022695	0.808082505364623
7750	FHL1	ENSG00000022267	hsa-miR-1252-3p	MIMAT0026744	0.808076764314814
7751	SLFN5	ENSG00000166750	hsa-miR-148a-5p	MIMAT0004549	0.808048170721459
7752	CEP57L1	ENSG00000183137	hsa-miR-6780a-3p	MIMAT0027461	0.808023708302157
7753	SRGAP3	ENSG00000196220	hsa-miR-1288-5p	MIMAT0026743	0.808006636981201
7754	WNT5A	ENSG00000114251	hsa-miR-4496	MIMAT0019031	0.807952597056079
7755	ENTPD1	ENSG00000138185	hsa-miR-1252-3p	MIMAT0026744	0.807951643609106
7756	OR6C75	ENSG00000187857	hsa-miR-380-3p	MIMAT0000735	0.807938905337344
7757	SIGLEC9	ENSG00000129450	hsa-miR-212-5p	MIMAT0022695	0.807890412331185
7758	CBX5	ENSG00000094916	hsa-miR-212-5p	MIMAT0022695	0.807878978621288
7759	DAB2	ENSG00000153071	hsa-miR-6780a-3p	MIMAT0027461	0.807871817454228
7760	FSTL1	ENSG00000163430	hsa-miR-148a-5p	MIMAT0004549	0.807865851005277
7761	UNC5D	ENSG00000156687	hsa-miR-7154-5p	MIMAT0028218	0.807859640961216
7762	ZBTB32	ENSG00000011590	hsa-miR-4496	MIMAT0019031	0.80784342134675
7763	FBXO8	ENSG00000164117	hsa-miR-1288-5p	MIMAT0026743	0.807842676506749
7764	SESTD1	ENSG00000187231	hsa-miR-137-3p	MIMAT0000429	0.807828829057253
7765	FAM8A1	ENSG00000137414	hsa-miR-148a-5p	MIMAT0004549	0.807820111574967
7766	VPS13B	ENSG00000132549	hsa-miR-7154-5p	MIMAT0028218	0.807806665497235
7767	MON2	ENSG00000061987	hsa-miR-542-3p	MIMAT0003389	0.807797669013912
7768	SOCS7	ENSG00000274211	hsa-miR-1252-3p	MIMAT0026744	0.807764396144217
7769	CD109	ENSG00000156535	hsa-miR-380-3p	MIMAT0000735	0.807762596834774
7770	LRP2BP	ENSG00000109771	hsa-miR-148a-5p	MIMAT0004549	0.807740982090115
7771	SMC5	ENSG00000198887	hsa-miR-329-5p	MIMAT0026555	0.807717844103613
7772	CNN2	ENSG00000064666	hsa-miR-329-5p	MIMAT0026555	0.807709781068759
7773	KCNC4	ENSG00000116396	hsa-miR-6861-5p	MIMAT0027623	0.807706053826558
7774	MINDY2	ENSG00000128923	hsa-miR-4496	MIMAT0019031	0.807696742114336
7775	CTNND2	ENSG00000169862	hsa-miR-4496	MIMAT0019031	0.807692800788188
7776	IHO1	ENSG00000173421	hsa-miR-3618	MIMAT0017998	0.807686597362599
7777	DCUN1D5	ENSG00000137692	hsa-miR-6780a-3p	MIMAT0027461	0.807675677119359
7778	IRS1	ENSG00000169047	hsa-miR-7154-5p	MIMAT0028218	0.807655913647956
7779	MRPL50	ENSG00000136897	hsa-miR-1252-3p	MIMAT0026744	0.807632566046577
7780	ABCB7	ENSG00000131269	hsa-miR-7154-5p	MIMAT0028218	0.80763232834671
7781	LXN	ENSG00000079257	hsa-miR-148a-5p	MIMAT0004549	0.807582635728916
7782	ARMC8	ENSG00000114098	hsa-miR-4496	MIMAT0019031	0.807554807661212
7783	TNFRSF11A	ENSG00000141655	hsa-miR-6861-5p	MIMAT0027623	0.807544109054291
7784	FCGR3A	ENSG00000203747	hsa-miR-6861-5p	MIMAT0027623	0.807540412109037
7785	AC242842.3	ENSG00000286185	hsa-miR-380-3p	MIMAT0000735	0.807519832725502
7786	ELL2	ENSG00000118985	hsa-miR-148a-5p	MIMAT0004549	0.807498775257667
7787	PHLPP2	ENSG00000040199	hsa-miR-137-3p	MIMAT0000429	0.807469543280297
7788	ADAMTS3	ENSG00000156140	hsa-miR-1252-3p	MIMAT0026744	0.807466515996359
7789	DIAPH3	ENSG00000139734	hsa-miR-148a-5p	MIMAT0004549	0.807459419554879
7790	HMGXB4	ENSG00000100281	hsa-miR-4496	MIMAT0019031	0.807448389647241
7791	SAP130	ENSG00000136715	hsa-miR-329-5p	MIMAT0026555	0.807440806403586
7792	METTL9	ENSG00000197006	hsa-miR-148a-5p	MIMAT0004549	0.80742813320184
7793	SOS1	ENSG00000115904	hsa-miR-380-3p	MIMAT0000735	0.807420260596053
7794	MGAT4D	ENSG00000205301	hsa-miR-137-3p	MIMAT0000429	0.807398226675882
7795	GDPD2	ENSG00000130055	hsa-miR-6780a-3p	MIMAT0027461	0.807374745284601
7796	PREP	ENSG00000085377	hsa-miR-329-5p	MIMAT0026555	0.807368927779219
7797	VAPA	ENSG00000101558	hsa-miR-137-3p	MIMAT0000429	0.80734752382909
7798	SUSD1	ENSG00000106868	hsa-miR-4496	MIMAT0019031	0.80733507758738
7799	TRMT9B	ENSG00000250305	hsa-miR-380-3p	MIMAT0000735	0.807329729907231
7800	ZNF154	ENSG00000179909	hsa-miR-1252-3p	MIMAT0026744	0.807320039684272
7801	ZBBX	ENSG00000169064	hsa-miR-329-5p	MIMAT0026555	0.80728606353544
7802	FUT9	ENSG00000172461	hsa-miR-4496	MIMAT0019031	0.807277935915014
7803	RABGAP1L	ENSG00000152061	hsa-miR-1252-3p	MIMAT0026744	0.807250810731316
7804	GABRA1	ENSG00000022355	hsa-miR-1252-3p	MIMAT0026744	0.807185118515664
7805	C2orf88	ENSG00000187699	hsa-miR-542-3p	MIMAT0003389	0.807167464233611
7806	LHX4	ENSG00000121454	hsa-miR-1252-3p	MIMAT0026744	0.807143382648118
7807	DCTN5	ENSG00000166847	hsa-miR-6780a-3p	MIMAT0027461	0.807108398166891
7808	OR5A1	ENSG00000172320	hsa-miR-380-3p	MIMAT0000735	0.807103789482801
7809	TRIP4	ENSG00000103671	hsa-miR-148a-5p	MIMAT0004549	0.807086132199882
7810	TMEM123	ENSG00000152558	hsa-miR-4496	MIMAT0019031	0.807050922202261
7811	BMPR2	ENSG00000204217	hsa-miR-4496	MIMAT0019031	0.807042800752386
7812	ST6GALNAC5	ENSG00000117069	hsa-miR-5007-5p	MIMAT0021035	0.807031598543587
7813	TBC1D3L	ENSG00000274512	hsa-miR-4496	MIMAT0019031	0.807024275693087
7814	TP63	ENSG00000073282	hsa-miR-137-3p	MIMAT0000429	0.807023326930912
7815	KMT2C	ENSG00000055609	hsa-miR-4496	MIMAT0019031	0.807003596236936
7816	TP53INP1	ENSG00000164938	hsa-miR-1252-3p	MIMAT0026744	0.80699839516773
7817	ZSCAN31	ENSG00000235109	hsa-miR-6780a-3p	MIMAT0027461	0.806972034502368
7818	UGP2	ENSG00000169764	hsa-miR-137-3p	MIMAT0000429	0.806964007644974
7819	EIF1AD	ENSG00000175376	hsa-miR-329-5p	MIMAT0026555	0.806960521686732
7820	TBP	ENSG00000112592	hsa-miR-4496	MIMAT0019031	0.806957841330456
7821	FAM78B	ENSG00000188859	hsa-miR-380-3p	MIMAT0000735	0.806951252120796
7822	NAA25	ENSG00000111300	hsa-miR-1252-3p	MIMAT0026744	0.806945968101037
7823	MAN1A2	ENSG00000198162	hsa-miR-148a-5p	MIMAT0004549	0.80692102785361
7824	KCNA1	ENSG00000111262	hsa-miR-137-3p	MIMAT0000429	0.806913102769222
7825	DDN	ENSG00000181418	hsa-miR-542-3p	MIMAT0003389	0.806893634000937
7826	ABHD2	ENSG00000140526	hsa-miR-1288-5p	MIMAT0026743	0.806892461499352
7827	GDF11	ENSG00000135414	hsa-miR-4496	MIMAT0019031	0.806851815321521
7828	ZNF138	ENSG00000197008	hsa-miR-329-5p	MIMAT0026555	0.806847012606694
7829	RSBN1	ENSG00000081019	hsa-miR-542-3p	MIMAT0003389	0.806834872469526
7830	SLC25A3	ENSG00000075415	hsa-miR-148a-5p	MIMAT0004549	0.806815052122683
7831	AC139491.7	ENSG00000285476	hsa-miR-7154-5p	MIMAT0028218	0.806802905050068
7832	AGAP1	ENSG00000157985	hsa-miR-4496	MIMAT0019031	0.806793556731477
7833	PDE1C	ENSG00000154678	hsa-miR-4496	MIMAT0019031	0.806790253361291
7834	ELF2	ENSG00000109381	hsa-miR-1252-3p	MIMAT0026744	0.806788255176272
7835	ERBIN	ENSG00000112851	hsa-miR-1252-3p	MIMAT0026744	0.806780271744753
7836	MBTD1	ENSG00000011258	hsa-miR-148a-5p	MIMAT0004549	0.806780098748792
7837	P4HA1	ENSG00000122884	hsa-miR-148a-5p	MIMAT0004549	0.806744155579202
7838	BSND	ENSG00000162399	hsa-miR-1252-3p	MIMAT0026744	0.806736248712664
7839	ZNF346	ENSG00000113761	hsa-miR-212-5p	MIMAT0022695	0.806732888253238
7840	ADGRV1	ENSG00000164199	hsa-miR-137-3p	MIMAT0000429	0.806693098768643
7841	PDCD6IP	ENSG00000170248	hsa-miR-6780a-3p	MIMAT0027461	0.806678796026999
7842	DYRK2	ENSG00000127334	hsa-miR-380-3p	MIMAT0000735	0.806663764968487
7843	PTDSS1	ENSG00000156471	hsa-miR-1252-3p	MIMAT0026744	0.806653378600182
7844	MYRIP	ENSG00000170011	hsa-miR-1252-3p	MIMAT0026744	0.806650478082775
7845	HTRA4	ENSG00000169495	hsa-miR-148a-5p	MIMAT0004549	0.806648661097137
7846	MMAA	ENSG00000151611	hsa-miR-4496	MIMAT0019031	0.806647427462072
7847	PTGER3	ENSG00000050628	hsa-miR-542-3p	MIMAT0003389	0.806647015016329
7848	TRAF6	ENSG00000175104	hsa-miR-6780a-3p	MIMAT0027461	0.806629240271731
7849	KIF3A	ENSG00000131437	hsa-miR-380-3p	MIMAT0000735	0.806610186018135
7850	PAQR9	ENSG00000188582	hsa-miR-4496	MIMAT0019031	0.806593357375792
7851	MADCAM1	ENSG00000099866	hsa-miR-380-3p	MIMAT0000735	0.806579988474631
7852	ARSG	ENSG00000141337	hsa-miR-4496	MIMAT0019031	0.806567813967409
7853	AXDND1	ENSG00000162779	hsa-miR-6780a-3p	MIMAT0027461	0.806537505791686
7854	GLS	ENSG00000115419	hsa-miR-1252-3p	MIMAT0026744	0.806473126883117
7855	DOCK9	ENSG00000088387	hsa-miR-1252-3p	MIMAT0026744	0.80646376879175
7856	ORC5	ENSG00000164815	hsa-miR-4496	MIMAT0019031	0.806437793328502
7857	SAMD12	ENSG00000177570	hsa-miR-380-3p	MIMAT0000735	0.806432611942334
7858	KCMF1	ENSG00000176407	hsa-miR-7154-5p	MIMAT0028218	0.806422534381789
7859	ZNF507	ENSG00000168813	hsa-miR-1252-3p	MIMAT0026744	0.806412578774556
7860	AGO1	ENSG00000092847	hsa-miR-542-3p	MIMAT0003389	0.806409082313386
7861	LOXL3	ENSG00000115318	hsa-miR-137-3p	MIMAT0000429	0.80640899124926
7862	U2SURP	ENSG00000163714	hsa-miR-6861-5p	MIMAT0027623	0.806333003383788
7863	CBX6	ENSG00000183741	hsa-miR-542-3p	MIMAT0003389	0.806307298652794
7864	OR8G1	ENSG00000197849	hsa-miR-137-3p	MIMAT0000429	0.806305641303751
7865	TM4SF1	ENSG00000169908	hsa-miR-137-3p	MIMAT0000429	0.806291594083914
7866	SHANK2	ENSG00000162105	hsa-miR-1288-5p	MIMAT0026743	0.80627078288394
7867	ZBTB10	ENSG00000205189	hsa-miR-7154-5p	MIMAT0028218	0.806254101892405
7868	ACSL6	ENSG00000164398	hsa-miR-4496	MIMAT0019031	0.806222654737919
7869	SLC38A6	ENSG00000139974	hsa-miR-212-5p	MIMAT0022695	0.806204752906867
7870	XK	ENSG00000047597	hsa-miR-380-3p	MIMAT0000735	0.80619546225412
7871	OR8A1	ENSG00000196119	hsa-miR-329-5p	MIMAT0026555	0.806188325190244
7872	SYNCRIP	ENSG00000135316	hsa-miR-1252-3p	MIMAT0026744	0.806183272140261
7873	BPTF	ENSG00000171634	hsa-miR-148a-5p	MIMAT0004549	0.806182617831137
7874	CYP2C9	ENSG00000138109	hsa-miR-4496	MIMAT0019031	0.806181768491482
7875	AOX1	ENSG00000138356	hsa-miR-4496	MIMAT0019031	0.806170339904304
7876	SP5	ENSG00000204335	hsa-miR-1252-3p	MIMAT0026744	0.806143584489943
7877	CEP192	ENSG00000101639	hsa-miR-1252-3p	MIMAT0026744	0.80611939309813
7878	PARP8	ENSG00000151883	hsa-miR-1252-3p	MIMAT0026744	0.806114030095725
7879	SCN9A	ENSG00000169432	hsa-miR-148a-5p	MIMAT0004549	0.806111967944592
7880	CST9	ENSG00000173335	hsa-miR-4496	MIMAT0019031	0.806036743258596
7881	SIRPB1	ENSG00000101307	hsa-miR-4496	MIMAT0019031	0.806035310251643
7882	RO60	ENSG00000116747	hsa-miR-329-5p	MIMAT0026555	0.806029169237521
7883	JADE2	ENSG00000043143	hsa-miR-137-3p	MIMAT0000429	0.806007783835545
7884	SPON1	ENSG00000262655	hsa-miR-6861-5p	MIMAT0027623	0.805960118644554
7885	ZNF831	ENSG00000124203	hsa-miR-4496	MIMAT0019031	0.805952661464239
7886	CEP85L	ENSG00000111860	hsa-miR-7154-5p	MIMAT0028218	0.805949660241149
7887	TMEM106B	ENSG00000106460	hsa-miR-329-5p	MIMAT0026555	0.805944210492502
7888	FYN	ENSG00000010810	hsa-miR-329-5p	MIMAT0026555	0.805919789300768
7889	TSPAN2	ENSG00000134198	hsa-miR-7154-5p	MIMAT0028218	0.805918515902407
7890	TBX18	ENSG00000112837	hsa-miR-5007-5p	MIMAT0021035	0.805905885798052
7891	PDE3A	ENSG00000172572	hsa-miR-1252-3p	MIMAT0026744	0.805887878339483
7892	PAQR5	ENSG00000137819	hsa-miR-1252-3p	MIMAT0026744	0.805878733789526
7893	XKR6	ENSG00000171044	hsa-miR-1252-3p	MIMAT0026744	0.805878382615285
7894	CDK17	ENSG00000059758	hsa-miR-542-3p	MIMAT0003389	0.805857007266511
7895	PCSK1	ENSG00000175426	hsa-miR-7154-5p	MIMAT0028218	0.805853317924253
7896	EFNB2	ENSG00000125266	hsa-miR-212-5p	MIMAT0022695	0.805845332299159
7897	SYT13	ENSG00000019505	hsa-miR-4496	MIMAT0019031	0.805824694464357
7898	BNIPL	ENSG00000163141	hsa-miR-1288-5p	MIMAT0026743	0.805776286834543
7899	WEE2	ENSG00000214102	hsa-miR-4496	MIMAT0019031	0.805754589944285
7900	KCNMA1	ENSG00000156113	hsa-miR-380-3p	MIMAT0000735	0.805728122997307
7901	JHY	ENSG00000109944	hsa-miR-5007-5p	MIMAT0021035	0.80571124444057
7902	STXBP5L	ENSG00000145087	hsa-miR-1252-3p	MIMAT0026744	0.805707339260088
7903	APOLD1	ENSG00000178878	hsa-miR-1252-3p	MIMAT0026744	0.805701303599874
7904	FSBP	ENSG00000265817	hsa-miR-380-3p	MIMAT0000735	0.805693554072878
7905	CDRT1	ENSG00000241322	hsa-miR-4496	MIMAT0019031	0.805684956861449
7906	PLA2R1	ENSG00000153246	hsa-miR-4496	MIMAT0019031	0.805680062737068
7907	AAK1	ENSG00000115977	hsa-miR-1288-5p	MIMAT0026743	0.805672005274611
7908	PSMD1	ENSG00000173692	hsa-miR-4496	MIMAT0019031	0.805649816342832
7909	CCDC43	ENSG00000180329	hsa-miR-380-3p	MIMAT0000735	0.805627156590758
7910	ZDHHC3	ENSG00000163812	hsa-miR-329-5p	MIMAT0026555	0.805623072746343
7911	GIPC2	ENSG00000137960	hsa-miR-148a-5p	MIMAT0004549	0.805617701129447
7912	AKAP5	ENSG00000179841	hsa-miR-1252-3p	MIMAT0026744	0.805585879475699
7913	CREB3L3	ENSG00000060566	hsa-miR-6861-5p	MIMAT0027623	0.805584521958017
7914	ANO6	ENSG00000177119	hsa-miR-1252-3p	MIMAT0026744	0.805555143765711
7915	ADCY2	ENSG00000078295	hsa-miR-137-3p	MIMAT0000429	0.805526454110831
7916	TNFRSF19	ENSG00000127863	hsa-miR-1252-3p	MIMAT0026744	0.805501831200713
7917	NEU3	ENSG00000162139	hsa-miR-148a-5p	MIMAT0004549	0.805471632938772
7918	TMX4	ENSG00000125827	hsa-miR-4496	MIMAT0019031	0.805435784336267
7919	ZEB2	ENSG00000169554	hsa-miR-137-3p	MIMAT0000429	0.805422747493123
7920	BCL11B	ENSG00000127152	hsa-miR-542-3p	MIMAT0003389	0.805406189355845
7921	EIF5	ENSG00000100664	hsa-miR-380-3p	MIMAT0000735	0.805386609781454
7922	SPRYD7	ENSG00000123178	hsa-miR-380-3p	MIMAT0000735	0.805369939852448
7923	FOXK1	ENSG00000164916	hsa-miR-6861-5p	MIMAT0027623	0.80535070173142
7924	LCOR	ENSG00000196233	hsa-miR-4496	MIMAT0019031	0.805342183571799
7925	MEAF6	ENSG00000163875	hsa-miR-1252-3p	MIMAT0026744	0.805337065424668
7926	TMEM121B	ENSG00000183307	hsa-miR-542-3p	MIMAT0003389	0.805335381690068
7927	MRPL27	ENSG00000108826	hsa-miR-1252-3p	MIMAT0026744	0.805329398973055
7928	INSYN2B	ENSG00000204767	hsa-miR-380-3p	MIMAT0000735	0.805310361284139
7929	SLC38A1	ENSG00000111371	hsa-miR-148a-5p	MIMAT0004549	0.805291772850895
7930	CSRNP3	ENSG00000178662	hsa-miR-1288-5p	MIMAT0026743	0.805265532013986
7931	CNKSR3	ENSG00000153721	hsa-miR-380-3p	MIMAT0000735	0.805255543680756
7932	TFDP2	ENSG00000114126	hsa-miR-1252-3p	MIMAT0026744	0.805230002391924
7933	AKT3	ENSG00000117020	hsa-miR-7154-5p	MIMAT0028218	0.805202190622135
7934	NKX2-4	ENSG00000125816	hsa-miR-6780a-3p	MIMAT0027461	0.805191823485604
7935	PBX1	ENSG00000185630	hsa-miR-6780a-3p	MIMAT0027461	0.805167888508457
7936	INTS6L	ENSG00000165359	hsa-miR-1252-3p	MIMAT0026744	0.805165819236368
7937	PTPRZ1	ENSG00000106278	hsa-miR-148a-5p	MIMAT0004549	0.805140226668883
7938	RALGAPA2	ENSG00000188559	hsa-miR-329-5p	MIMAT0026555	0.805106749020704
7939	CYP8B1	ENSG00000180432	hsa-miR-4496	MIMAT0019031	0.805105659600968
7940	KIAA1549L	ENSG00000110427	hsa-miR-380-3p	MIMAT0000735	0.805066046618429
7941	CLVS1	ENSG00000177182	hsa-miR-380-3p	MIMAT0000735	0.805054463931147
7942	PIGX	ENSG00000163964	hsa-miR-1252-3p	MIMAT0026744	0.805054302744766
7943	OLFM4	ENSG00000102837	hsa-miR-148a-5p	MIMAT0004549	0.805051456097334
7944	DDX1	ENSG00000079785	hsa-miR-5007-5p	MIMAT0021035	0.805024957570351
7945	CUX1	ENSG00000257923	hsa-miR-5007-5p	MIMAT0021035	0.805014472506201
7946	AL590132.1	ENSG00000284299	hsa-miR-148a-5p	MIMAT0004549	0.805005239188171
7947	AC009879.3	ENSG00000285791	hsa-miR-6780a-3p	MIMAT0027461	0.805004008924497
7948	FCGR1B	ENSG00000198019	hsa-miR-380-3p	MIMAT0000735	0.805003373487939
7949	NLGN4Y	ENSG00000165246	hsa-miR-148a-5p	MIMAT0004549	0.804951009099299
7950	ZNF239	ENSG00000196793	hsa-miR-148a-5p	MIMAT0004549	0.804943855361447
7951	LRRFIP1	ENSG00000124831	hsa-miR-329-5p	MIMAT0026555	0.804930780197236
7952	KIF16B	ENSG00000089177	hsa-miR-4496	MIMAT0019031	0.804925047917138
7953	RBMS1	ENSG00000153250	hsa-miR-4496	MIMAT0019031	0.804885819883264
7954	DEFA1B	ENSG00000240247	hsa-miR-4496	MIMAT0019031	0.804874026142833
7955	CAPN6	ENSG00000077274	hsa-miR-380-3p	MIMAT0000735	0.804840272840289
7956	KPNA6	ENSG00000025800	hsa-miR-329-5p	MIMAT0026555	0.804835202694982
7957	NUP35	ENSG00000163002	hsa-miR-329-5p	MIMAT0026555	0.804824333922219
7958	CLK3	ENSG00000179335	hsa-miR-329-5p	MIMAT0026555	0.804769129309349
7959	ATXN1	ENSG00000124788	hsa-miR-542-3p	MIMAT0003389	0.804752311813234
7960	BHMT	ENSG00000145692	hsa-miR-7154-5p	MIMAT0028218	0.804746401008767
7961	PAPPA	ENSG00000182752	hsa-miR-7154-5p	MIMAT0028218	0.804731141646172
7962	MPRIP	ENSG00000133030	hsa-miR-6780a-3p	MIMAT0027461	0.804711484608725
7963	B4GALT4	ENSG00000121578	hsa-miR-542-3p	MIMAT0003389	0.804704418507012
7964	RPL11	ENSG00000142676	hsa-miR-137-3p	MIMAT0000429	0.804691975330627
7965	MAP1B	ENSG00000131711	hsa-miR-5007-5p	MIMAT0021035	0.804664706919927
7966	PIK3C3	ENSG00000078142	hsa-miR-137-3p	MIMAT0000429	0.804654199731131
7967	BDKRB2	ENSG00000168398	hsa-miR-212-5p	MIMAT0022695	0.804578414924643
7968	PCYT1A	ENSG00000161217	hsa-miR-4496	MIMAT0019031	0.804575483315485
7969	ACOT11	ENSG00000162390	hsa-miR-1288-5p	MIMAT0026743	0.804574637562395
7970	MAFF	ENSG00000185022	hsa-miR-3618	MIMAT0017998	0.804572818645793
7971	RAB3GAP2	ENSG00000118873	hsa-miR-3618	MIMAT0017998	0.804569816946387
7972	TNFSF18	ENSG00000120337	hsa-miR-6780a-3p	MIMAT0027461	0.804537759717687
7973	G6PC2	ENSG00000152254	hsa-miR-4496	MIMAT0019031	0.804536642174408
7974	DPPA4	ENSG00000121570	hsa-miR-4496	MIMAT0019031	0.804533612948333
7975	EMP2	ENSG00000213853	hsa-miR-4496	MIMAT0019031	0.804525092302472
7976	BDP1	ENSG00000145734	hsa-miR-380-3p	MIMAT0000735	0.804507716895411
7977	BRS3	ENSG00000102239	hsa-miR-1252-3p	MIMAT0026744	0.804480183793589
7978	NUDT11	ENSG00000196368	hsa-miR-4496	MIMAT0019031	0.80445320067453
7979	H3-2	ENSG00000273213	hsa-miR-542-3p	MIMAT0003389	0.804446423439034
7980	SLTM	ENSG00000137776	hsa-miR-148a-5p	MIMAT0004549	0.804437887510722
7981	USP15	ENSG00000135655	hsa-miR-329-5p	MIMAT0026555	0.804437768940135
7982	SLX4IP	ENSG00000149346	hsa-miR-329-5p	MIMAT0026555	0.804405641032627
7983	POLR3G	ENSG00000113356	hsa-miR-380-3p	MIMAT0000735	0.804402418914242
7984	UBE2QL1	ENSG00000215218	hsa-miR-3618	MIMAT0017998	0.804392190713655
7985	ENPP6	ENSG00000164303	hsa-miR-7154-5p	MIMAT0028218	0.804391982214197
7986	XPNPEP3	ENSG00000196236	hsa-miR-1252-3p	MIMAT0026744	0.804390030175776
7987	E2F5	ENSG00000133740	hsa-miR-4496	MIMAT0019031	0.804386921055945
7988	FAM81A	ENSG00000157470	hsa-miR-212-5p	MIMAT0022695	0.804353909553161
7989	ANAPC11	ENSG00000141552	hsa-miR-7154-5p	MIMAT0028218	0.80435295871125
7990	GYPE	ENSG00000197465	hsa-miR-329-5p	MIMAT0026555	0.804329198111939
7991	ASAH2	ENSG00000188611	hsa-miR-4496	MIMAT0019031	0.804316616748232
7992	BAG2	ENSG00000112208	hsa-miR-380-3p	MIMAT0000735	0.804298994319852
7993	RIT1	ENSG00000143622	hsa-miR-148a-5p	MIMAT0004549	0.804297658224608
7994	ZNF544	ENSG00000198131	hsa-miR-6780a-3p	MIMAT0027461	0.804295402837905
7995	CLSTN2	ENSG00000158258	hsa-miR-6780a-3p	MIMAT0027461	0.804285913760313
7996	GMEB1	ENSG00000162419	hsa-miR-1252-3p	MIMAT0026744	0.804274805379116
7997	OR10D3	ENSG00000197309	hsa-miR-1252-3p	MIMAT0026744	0.804223947987962
7998	SGTB	ENSG00000197860	hsa-miR-137-3p	MIMAT0000429	0.804223216764702
7999	GNB1	ENSG00000078369	hsa-miR-148a-5p	MIMAT0004549	0.804220546441563
8000	ZNF652	ENSG00000198740	hsa-miR-137-3p	MIMAT0000429	0.804216452509549
8001	TAL1	ENSG00000162367	hsa-miR-4496	MIMAT0019031	0.804194022584173
8002	GPATCH4	ENSG00000160818	hsa-miR-6780a-3p	MIMAT0027461	0.804170770040951
8003	GANC	ENSG00000214013	hsa-miR-329-5p	MIMAT0026555	0.804162073295973
8004	OR2AT4	ENSG00000171561	hsa-miR-1252-3p	MIMAT0026744	0.80415980858808
8005	BZW2	ENSG00000136261	hsa-miR-5007-5p	MIMAT0021035	0.80413651146431
8006	ABCG8	ENSG00000143921	hsa-miR-4496	MIMAT0019031	0.804133801333336
8007	TUT7	ENSG00000083223	hsa-miR-148a-5p	MIMAT0004549	0.804107364939716
8008	GCOM1	ENSG00000137878	hsa-miR-4496	MIMAT0019031	0.804061020678384
8009	PANK1	ENSG00000152782	hsa-miR-148a-5p	MIMAT0004549	0.804060509840903
8010	ACTG2	ENSG00000163017	hsa-miR-329-5p	MIMAT0026555	0.804049810339078
8011	DEFA3	ENSG00000239839	hsa-miR-4496	MIMAT0019031	0.804030476635428
8012	DNAJA2	ENSG00000069345	hsa-miR-380-3p	MIMAT0000735	0.804027067762732
8013	ZBTB34	ENSG00000177125	hsa-miR-137-3p	MIMAT0000429	0.804026667593843
8014	ZCRB1	ENSG00000139168	hsa-miR-137-3p	MIMAT0000429	0.803999682941395
8015	RNF121	ENSG00000137522	hsa-miR-542-3p	MIMAT0003389	0.803974085648311
8016	RIOK2	ENSG00000058729	hsa-miR-1252-3p	MIMAT0026744	0.803966440441659
8017	GFRA1	ENSG00000151892	hsa-miR-7154-5p	MIMAT0028218	0.8039633666319
8018	HACD2	ENSG00000206527	hsa-miR-380-3p	MIMAT0000735	0.80391395409515
8019	HOXC8	ENSG00000037965	hsa-miR-1252-3p	MIMAT0026744	0.803896775984872
8020	HIF1AN	ENSG00000166135	hsa-miR-542-3p	MIMAT0003389	0.803895041943842
8021	AFF2	ENSG00000155966	hsa-miR-6861-5p	MIMAT0027623	0.803838601685216
8022	FYTTD1	ENSG00000122068	hsa-miR-542-3p	MIMAT0003389	0.803836479671612
8023	DGKH	ENSG00000102780	hsa-miR-542-3p	MIMAT0003389	0.803830010081373
8024	GPR180	ENSG00000152749	hsa-miR-1288-5p	MIMAT0026743	0.803820189055343
8025	SNF8	ENSG00000159210	hsa-miR-3618	MIMAT0017998	0.803810392407027
8026	ZBED8	ENSG00000221886	hsa-miR-148a-5p	MIMAT0004549	0.803806465626987
8027	GJD2	ENSG00000159248	hsa-miR-1252-3p	MIMAT0026744	0.803798430743776
8028	SLC35G1	ENSG00000176273	hsa-miR-6780a-3p	MIMAT0027461	0.803784468272271
8029	EIF4E3	ENSG00000163412	hsa-miR-1252-3p	MIMAT0026744	0.803781042834655
8030	SRPRA	ENSG00000182934	hsa-miR-3618	MIMAT0017998	0.803748061639544
8031	SLC28A3	ENSG00000197506	hsa-miR-329-5p	MIMAT0026555	0.803745893178707
8032	MTHFD1	ENSG00000100714	hsa-miR-542-3p	MIMAT0003389	0.803740324746912
8033	NFYB	ENSG00000120837	hsa-miR-4496	MIMAT0019031	0.803717034673839
8034	HDAC2	ENSG00000196591	hsa-miR-329-5p	MIMAT0026555	0.803710476648607
8035	LNPEP	ENSG00000113441	hsa-miR-7154-5p	MIMAT0028218	0.803694623479449
8036	RNF4	ENSG00000063978	hsa-miR-4496	MIMAT0019031	0.803687452744774
8037	TTC26	ENSG00000105948	hsa-miR-4496	MIMAT0019031	0.803680064100938
8038	MSTN	ENSG00000138379	hsa-miR-5007-5p	MIMAT0021035	0.803658987216283
8039	ARFGEF2	ENSG00000124198	hsa-miR-6861-5p	MIMAT0027623	0.803642026641619
8040	CASR	ENSG00000036828	hsa-miR-4496	MIMAT0019031	0.80363173772292
8041	VWA2	ENSG00000165816	hsa-miR-1252-3p	MIMAT0026744	0.803619454726281
8042	KLF9	ENSG00000119138	hsa-miR-1288-5p	MIMAT0026743	0.803594580135899
8043	IGF1	ENSG00000017427	hsa-miR-4496	MIMAT0019031	0.80358791835661
8044	MAS1	ENSG00000130368	hsa-miR-4496	MIMAT0019031	0.80358507085418
8045	RNF217	ENSG00000146373	hsa-miR-6780a-3p	MIMAT0027461	0.803573059672742
8046	SERTM2	ENSG00000260802	hsa-miR-148a-5p	MIMAT0004549	0.803569174817929
8047	TMPO	ENSG00000120802	hsa-miR-7154-5p	MIMAT0028218	0.803560355447437
8048	FCGR1A	ENSG00000150337	hsa-miR-380-3p	MIMAT0000735	0.803553475696649
8049	AC005520.1	ENSG00000258653	hsa-miR-6780a-3p	MIMAT0027461	0.8035452982372
8050	NAP1L1	ENSG00000187109	hsa-miR-1252-3p	MIMAT0026744	0.80353660149236
8051	KCNMA1	ENSG00000156113	hsa-miR-4496	MIMAT0019031	0.803532463101939
8052	AL451062.2	ENSG00000284989	hsa-miR-6780a-3p	MIMAT0027461	0.803525397119298
8053	JUN	ENSG00000177606	hsa-miR-542-3p	MIMAT0003389	0.803517907793483
8054	ANKRD33B	ENSG00000164236	hsa-miR-6780a-3p	MIMAT0027461	0.803499855246707
8055	TMEM87A	ENSG00000103978	hsa-miR-1288-5p	MIMAT0026743	0.803490680411731
8056	CYP2C19	ENSG00000165841	hsa-miR-380-3p	MIMAT0000735	0.803482915714296
8057	OPA1	ENSG00000198836	hsa-miR-1252-3p	MIMAT0026744	0.803477829628945
8058	ZNF117	ENSG00000152926	hsa-miR-329-5p	MIMAT0026555	0.803455916764513
8059	SUPT4H1	ENSG00000213246	hsa-miR-1252-3p	MIMAT0026744	0.803418262093087
8060	IGF2R	ENSG00000197081	hsa-miR-1252-3p	MIMAT0026744	0.803408232167666
8061	E2F7	ENSG00000165891	hsa-miR-4496	MIMAT0019031	0.803407148620351
8062	MATR3	ENSG00000280987	hsa-miR-380-3p	MIMAT0000735	0.803403247119581
8063	ATP6V1G2-DDX39B	ENSG00000254870	hsa-miR-148a-5p	MIMAT0004549	0.803398937496647
8064	ALDH3B2	ENSG00000132746	hsa-miR-4496	MIMAT0019031	0.803377854284599
8065	SLC4A1	ENSG00000004939	hsa-miR-212-5p	MIMAT0022695	0.803360326143394
8066	SMIM42	ENSG00000288460	hsa-miR-4496	MIMAT0019031	0.803325144017726
8067	MAP2K6	ENSG00000108984	hsa-miR-137-3p	MIMAT0000429	0.803320812078241
8068	TNRC6B	ENSG00000100354	hsa-miR-1252-3p	MIMAT0026744	0.803318200719752
8069	NPRL2	ENSG00000114388	hsa-miR-6780a-3p	MIMAT0027461	0.803309570740276
8070	OTX2	ENSG00000165588	hsa-miR-137-3p	MIMAT0000429	0.803294370691412
8071	AGGF1	ENSG00000164252	hsa-miR-1288-5p	MIMAT0026743	0.803292841834482
8072	ADCY9	ENSG00000162104	hsa-miR-1252-3p	MIMAT0026744	0.803280708004185
8073	CERS6	ENSG00000172292	hsa-miR-1252-3p	MIMAT0026744	0.803276529861391
8074	KIRREL1	ENSG00000183853	hsa-miR-329-5p	MIMAT0026555	0.803261459710539
8075	ZNF461	ENSG00000197808	hsa-miR-4496	MIMAT0019031	0.803261247901488
8076	CCDC113	ENSG00000103021	hsa-miR-6780a-3p	MIMAT0027461	0.803257737456746
8077	REEP5	ENSG00000129625	hsa-miR-1252-3p	MIMAT0026744	0.803239398935977
8078	PYGO1	ENSG00000171016	hsa-miR-380-3p	MIMAT0000735	0.803233121870853
8079	MOB3B	ENSG00000120162	hsa-miR-542-3p	MIMAT0003389	0.803233071462911
8080	USP6	ENSG00000129204	hsa-miR-148a-5p	MIMAT0004549	0.803221140936322
8081	SUPT20H	ENSG00000102710	hsa-miR-137-3p	MIMAT0000429	0.803219678185077
8082	ANKRD33B	ENSG00000164236	hsa-miR-542-3p	MIMAT0003389	0.8032101241525
8083	AL590132.1	ENSG00000284299	hsa-miR-1288-5p	MIMAT0026743	0.803203887549914
8084	PRR14L	ENSG00000183530	hsa-miR-329-5p	MIMAT0026555	0.803203776865256
8085	SORD	ENSG00000140263	hsa-miR-6780a-3p	MIMAT0027461	0.803181111627248
8086	PAQR5	ENSG00000137819	hsa-miR-1288-5p	MIMAT0026743	0.803178877801493
8087	P3H3	ENSG00000110811	hsa-miR-137-3p	MIMAT0000429	0.803177008903144
8088	CFAP58	ENSG00000120051	hsa-miR-7154-5p	MIMAT0028218	0.80315992224059
8089	AC020915.4	ENSG00000283515	hsa-miR-6780a-3p	MIMAT0027461	0.80310810529824
8090	PSD3	ENSG00000156011	hsa-miR-329-5p	MIMAT0026555	0.803098202346015
8091	GALNT4	ENSG00000257594	hsa-miR-380-3p	MIMAT0000735	0.803074117638228
8092	AXDND1	ENSG00000162779	hsa-miR-329-5p	MIMAT0026555	0.80307371849757
8093	CYP4A22	ENSG00000162365	hsa-miR-4496	MIMAT0019031	0.803063825096388
8094	USP8	ENSG00000138592	hsa-miR-6861-5p	MIMAT0027623	0.803055741959687
8095	TNR	ENSG00000116147	hsa-miR-1252-3p	MIMAT0026744	0.803046519875169
8096	PTGER3	ENSG00000050628	hsa-miR-1252-3p	MIMAT0026744	0.803031231641325
8097	CD83	ENSG00000112149	hsa-miR-137-3p	MIMAT0000429	0.803024079578316
8098	SGCG	ENSG00000102683	hsa-miR-1288-5p	MIMAT0026743	0.80297885725385
8099	SEPHS1	ENSG00000086475	hsa-miR-1252-3p	MIMAT0026744	0.802975599425422
8100	RABL3	ENSG00000144840	hsa-miR-1252-3p	MIMAT0026744	0.802970514549268
8101	TRAPPC11	ENSG00000168538	hsa-miR-6780a-3p	MIMAT0027461	0.802955637628816
8102	PRICKLE2	ENSG00000163637	hsa-miR-6780a-3p	MIMAT0027461	0.802953247655406
8103	EEA1	ENSG00000102189	hsa-miR-329-5p	MIMAT0026555	0.802950454219121
8104	BAG4	ENSG00000156735	hsa-miR-1252-3p	MIMAT0026744	0.802941109059153
8105	HNRNPA3	ENSG00000170144	hsa-miR-380-3p	MIMAT0000735	0.802930100979393
8106	BTBD18	ENSG00000233436	hsa-miR-212-5p	MIMAT0022695	0.802925874395868
8107	BUB3	ENSG00000154473	hsa-miR-329-5p	MIMAT0026555	0.80291389399031
8108	ADAMTS3	ENSG00000156140	hsa-miR-6780a-3p	MIMAT0027461	0.802908141665965
8109	ARHGEF26	ENSG00000114790	hsa-miR-542-3p	MIMAT0003389	0.802872466038831
8110	MYO18A	ENSG00000196535	hsa-miR-380-3p	MIMAT0000735	0.802864540160974
8111	ENO4	ENSG00000188316	hsa-miR-380-3p	MIMAT0000735	0.80282043305742
8112	DNAL1	ENSG00000119661	hsa-miR-329-5p	MIMAT0026555	0.802814641540862
8113	TCF7L2	ENSG00000148737	hsa-miR-329-5p	MIMAT0026555	0.802802887681929
8114	NCOA7	ENSG00000111912	hsa-miR-329-5p	MIMAT0026555	0.802797544556675
8115	UGT2A3	ENSG00000135220	hsa-miR-329-5p	MIMAT0026555	0.802787546813392
8116	PRPS2	ENSG00000101911	hsa-miR-1252-3p	MIMAT0026744	0.802786095556745
8117	CCNF	ENSG00000162063	hsa-miR-4496	MIMAT0019031	0.802745652757483
8118	NFAT5	ENSG00000102908	hsa-miR-6861-5p	MIMAT0027623	0.802741348971359
8119	EPB41L1	ENSG00000088367	hsa-miR-380-3p	MIMAT0000735	0.802707758612388
8120	ASAH2B	ENSG00000204147	hsa-miR-1252-3p	MIMAT0026744	0.802704171000852
8121	WDR36	ENSG00000134987	hsa-miR-4496	MIMAT0019031	0.802702647310478
8122	ST7L	ENSG00000007341	hsa-miR-6780a-3p	MIMAT0027461	0.802681142910283
8123	PHLDA1	ENSG00000139289	hsa-miR-3618	MIMAT0017998	0.802660523856352
8124	EXD2	ENSG00000081177	hsa-miR-6780a-3p	MIMAT0027461	0.802659242826573
8125	SLC36A4	ENSG00000180773	hsa-miR-329-5p	MIMAT0026555	0.802638661855536
8126	PRUNE1	ENSG00000143363	hsa-miR-1288-5p	MIMAT0026743	0.802623214785781
8127	ACER3	ENSG00000078124	hsa-miR-1252-3p	MIMAT0026744	0.80260186645108
8128	SNX19	ENSG00000120451	hsa-miR-212-5p	MIMAT0022695	0.80259322380278
8129	TMSB4X	ENSG00000205542	hsa-miR-148a-5p	MIMAT0004549	0.802584256845373
8130	C3orf62	ENSG00000188315	hsa-miR-4496	MIMAT0019031	0.802548099625921
8131	HLA-DQA2	ENSG00000237541	hsa-miR-137-3p	MIMAT0000429	0.802537061263757
8132	OR5M3	ENSG00000174937	hsa-miR-380-3p	MIMAT0000735	0.802491690738063
8133	COL8A2	ENSG00000171812	hsa-miR-329-5p	MIMAT0026555	0.80244250579061
8134	SLFN13	ENSG00000154760	hsa-miR-4496	MIMAT0019031	0.802432340164166
8135	PKHD1L1	ENSG00000205038	hsa-miR-1252-3p	MIMAT0026744	0.80238204620067
8136	ITGBL1	ENSG00000198542	hsa-miR-380-3p	MIMAT0000735	0.802358515510948
8137	EXTL2	ENSG00000162694	hsa-miR-6780a-3p	MIMAT0027461	0.802346224140703
8138	ARRDC3	ENSG00000113369	hsa-miR-5007-5p	MIMAT0021035	0.802345236871954
8139	DDI2	ENSG00000197312	hsa-miR-6861-5p	MIMAT0027623	0.802329516938412
8140	ATAT1	ENSG00000137343	hsa-miR-4496	MIMAT0019031	0.80232111864094
8141	FTO	ENSG00000140718	hsa-miR-329-5p	MIMAT0026555	0.802310089955099
8142	GNG4	ENSG00000168243	hsa-miR-1252-3p	MIMAT0026744	0.8022961720075
8143	CLSPN	ENSG00000092853	hsa-miR-6780a-3p	MIMAT0027461	0.802292647418454
8144	REEP3	ENSG00000165476	hsa-miR-148a-5p	MIMAT0004549	0.802285564664011
8145	RAD50	ENSG00000113522	hsa-miR-4496	MIMAT0019031	0.802277526847724
8146	CSNK1A1	ENSG00000113712	hsa-miR-137-3p	MIMAT0000429	0.80227292573981
8147	LIN7C	ENSG00000148943	hsa-miR-7154-5p	MIMAT0028218	0.802260722974571
8148	NECTIN3	ENSG00000177707	hsa-miR-148a-5p	MIMAT0004549	0.802222409567986
8149	FAM9C	ENSG00000187268	hsa-miR-7154-5p	MIMAT0028218	0.802215007745745
8150	AL157392.5	ENSG00000282246	hsa-miR-1252-3p	MIMAT0026744	0.802202012032915
8151	SMCHD1	ENSG00000101596	hsa-miR-329-5p	MIMAT0026555	0.802198205286066
8152	CDC5L	ENSG00000096401	hsa-miR-7154-5p	MIMAT0028218	0.802194172338785
8153	NAPG	ENSG00000134265	hsa-miR-1252-3p	MIMAT0026744	0.802141462485141
8154	TMEM30A	ENSG00000112697	hsa-miR-1252-3p	MIMAT0026744	0.802130587246866
8155	STX3	ENSG00000166900	hsa-miR-1288-5p	MIMAT0026743	0.802105992723042
8156	MAP4K2	ENSG00000168067	hsa-miR-542-3p	MIMAT0003389	0.802066061039478
8157	RASA1	ENSG00000145715	hsa-miR-148a-5p	MIMAT0004549	0.802030581637237
8158	OGN	ENSG00000106809	hsa-miR-148a-5p	MIMAT0004549	0.802030324673532
8159	MTMR2	ENSG00000087053	hsa-miR-148a-5p	MIMAT0004549	0.802029227419172
8160	PARD6B	ENSG00000124171	hsa-miR-148a-5p	MIMAT0004549	0.802015240850882
8161	CKAP2L	ENSG00000169607	hsa-miR-212-5p	MIMAT0022695	0.801990065064827
8162	SOX5	ENSG00000134532	hsa-miR-148a-5p	MIMAT0004549	0.801983182938041
8163	SARNP	ENSG00000205323	hsa-miR-542-3p	MIMAT0003389	0.801968019769784
8164	CA8	ENSG00000178538	hsa-miR-1252-3p	MIMAT0026744	0.801923271578999
8165	TGFBR2	ENSG00000163513	hsa-miR-1252-3p	MIMAT0026744	0.801920366916115
8166	GRAMD1B	ENSG00000023171	hsa-miR-137-3p	MIMAT0000429	0.801910347246886
8167	PDE3A	ENSG00000172572	hsa-miR-148a-5p	MIMAT0004549	0.801884130565858
8168	MR1	ENSG00000153029	hsa-miR-380-3p	MIMAT0000735	0.801877794763672
8169	SLITRK5	ENSG00000165300	hsa-miR-1288-5p	MIMAT0026743	0.801844449889815
8170	ROR1	ENSG00000185483	hsa-miR-4496	MIMAT0019031	0.801835077620958
8171	TFDP1	ENSG00000198176	hsa-miR-1252-3p	MIMAT0026744	0.801805972304305
8172	AEN	ENSG00000181026	hsa-miR-6780a-3p	MIMAT0027461	0.801771489300346
8173	AEBP2	ENSG00000139154	hsa-miR-148a-5p	MIMAT0004549	0.801768906639984
8174	CD5L	ENSG00000073754	hsa-miR-3618	MIMAT0017998	0.801749098657659
8175	TMEM255A	ENSG00000125355	hsa-miR-1252-3p	MIMAT0026744	0.801739138546264
8176	SOS1	ENSG00000115904	hsa-miR-148a-5p	MIMAT0004549	0.801728908406493
8177	TEX15	ENSG00000133863	hsa-miR-137-3p	MIMAT0000429	0.801697218031009
8178	CTNNA3	ENSG00000183230	hsa-miR-1252-3p	MIMAT0026744	0.8016847109055
8179	TUBA1B	ENSG00000123416	hsa-miR-6780a-3p	MIMAT0027461	0.801675812432736
8180	FAM76A	ENSG00000009780	hsa-miR-148a-5p	MIMAT0004549	0.801645663443931
8181	SKAP2	ENSG00000005020	hsa-miR-1252-3p	MIMAT0026744	0.801585722738232
8182	SLC38A2	ENSG00000134294	hsa-miR-1252-3p	MIMAT0026744	0.801553347168131
8183	TRAM1	ENSG00000067167	hsa-miR-1288-5p	MIMAT0026743	0.801529789438422
8184	RELL1	ENSG00000181826	hsa-miR-137-3p	MIMAT0000429	0.801506747611717
8185	HEPACAM	ENSG00000165478	hsa-miR-7154-5p	MIMAT0028218	0.801483860442394
8186	DNTTIP2	ENSG00000067334	hsa-miR-148a-5p	MIMAT0004549	0.801474557810737
8187	NIPSNAP3A	ENSG00000136783	hsa-miR-1252-3p	MIMAT0026744	0.801461087230004
8188	ZNF230	ENSG00000159882	hsa-miR-7154-5p	MIMAT0028218	0.801453802137075
8189	MAP4K4	ENSG00000071054	hsa-miR-4496	MIMAT0019031	0.801449972142172
8190	PARN	ENSG00000140694	hsa-miR-6780a-3p	MIMAT0027461	0.801441424091947
8191	SYF2	ENSG00000117614	hsa-miR-6861-5p	MIMAT0027623	0.801435669556893
8192	LRRC8C	ENSG00000171488	hsa-miR-4496	MIMAT0019031	0.801432637131451
8193	LRRK2	ENSG00000188906	hsa-miR-148a-5p	MIMAT0004549	0.801428808300176
8194	CNNM1	ENSG00000119946	hsa-miR-4496	MIMAT0019031	0.801427405332224
8195	EIF4B	ENSG00000063046	hsa-miR-3618	MIMAT0017998	0.801425215455369
8196	ARL5B	ENSG00000165997	hsa-miR-329-5p	MIMAT0026555	0.801412265230319
8197	BICC1	ENSG00000122870	hsa-miR-137-3p	MIMAT0000429	0.801377824946513
8198	C17orf80	ENSG00000141219	hsa-miR-5007-5p	MIMAT0021035	0.801366252692267
8199	C1orf185	ENSG00000204006	hsa-miR-329-5p	MIMAT0026555	0.80135667300716
8200	SESTD1	ENSG00000187231	hsa-miR-148a-5p	MIMAT0004549	0.801347456172478
8201	PDCD7	ENSG00000090470	hsa-miR-329-5p	MIMAT0026555	0.801342611712501
8202	RNF115	ENSG00000265491	hsa-miR-4496	MIMAT0019031	0.801283051439967
8203	TMEM51	ENSG00000171729	hsa-miR-5007-5p	MIMAT0021035	0.801253158342789
8204	CCDC186	ENSG00000165813	hsa-miR-380-3p	MIMAT0000735	0.801244907293972
8205	DNAJB9	ENSG00000128590	hsa-miR-4496	MIMAT0019031	0.801239118146514
8206	LTBP2	ENSG00000119681	hsa-miR-380-3p	MIMAT0000735	0.801200899802157
8207	TRIP11	ENSG00000100815	hsa-miR-137-3p	MIMAT0000429	0.801157790289311
8208	IRAK3	ENSG00000090376	hsa-miR-329-5p	MIMAT0026555	0.801141949477075
8209	RAP2B	ENSG00000181467	hsa-miR-1288-5p	MIMAT0026743	0.80113728478354
8210	SAP30L	ENSG00000164576	hsa-miR-4496	MIMAT0019031	0.80113102423461
8211	GSK3B	ENSG00000082701	hsa-miR-148a-5p	MIMAT0004549	0.801126844368452
8212	GPATCH2L	ENSG00000089916	hsa-miR-148a-5p	MIMAT0004549	0.801126547176391
8213	C1GALT1	ENSG00000106392	hsa-miR-542-3p	MIMAT0003389	0.801124261024353
8214	NMNAT3	ENSG00000163864	hsa-miR-7154-5p	MIMAT0028218	0.801116089375521
8215	TBC1D12	ENSG00000108239	hsa-miR-137-3p	MIMAT0000429	0.80110076716982
8216	ZNF527	ENSG00000189164	hsa-miR-6780a-3p	MIMAT0027461	0.801099960134028
8217	OR9Q2	ENSG00000186513	hsa-miR-1252-3p	MIMAT0026744	0.801084764798729
8218	ZBTB21	ENSG00000173276	hsa-miR-148a-5p	MIMAT0004549	0.801072794791749
8219	THAP1	ENSG00000131931	hsa-miR-380-3p	MIMAT0000735	0.801069392175559
8220	ESRP1	ENSG00000104413	hsa-miR-4496	MIMAT0019031	0.801057309701009
8221	SLC9A2	ENSG00000115616	hsa-miR-4496	MIMAT0019031	0.80104922835592
8222	OR52A5	ENSG00000171944	hsa-miR-329-5p	MIMAT0026555	0.801047559839118
8223	NUP50	ENSG00000093000	hsa-miR-329-5p	MIMAT0026555	0.801017751421891
8224	DHX35	ENSG00000101452	hsa-miR-4496	MIMAT0019031	0.801010068112416
8225	BZW1	ENSG00000082153	hsa-miR-7154-5p	MIMAT0028218	0.800995374447918
8226	DRP2	ENSG00000102385	hsa-miR-1252-3p	MIMAT0026744	0.800983230106779
8227	WDHD1	ENSG00000198554	hsa-miR-329-5p	MIMAT0026555	0.800929332723249
8228	AC010547.4	ENSG00000261611	hsa-miR-329-5p	MIMAT0026555	0.80091012223568
8229	LIN52	ENSG00000205659	hsa-miR-1252-3p	MIMAT0026744	0.800901219308012
8230	SRGAP3	ENSG00000196220	hsa-miR-148a-5p	MIMAT0004549	0.800896488328842
8231	RPRD2	ENSG00000163125	hsa-miR-380-3p	MIMAT0000735	0.80089154761059
8232	KIF5B	ENSG00000170759	hsa-miR-4496	MIMAT0019031	0.800877385996591
8233	AC137834.1	ENSG00000258830	hsa-miR-212-5p	MIMAT0022695	0.80085932458194
8234	GPRC5A	ENSG00000013588	hsa-miR-6780a-3p	MIMAT0027461	0.80085754229224
8235	ATRAID	ENSG00000138085	hsa-miR-3618	MIMAT0017998	0.800853931228811
8236	EXD2	ENSG00000081177	hsa-miR-212-5p	MIMAT0022695	0.800836080241255
8237	RBM7	ENSG00000076053	hsa-miR-148a-5p	MIMAT0004549	0.800834508539468
8238	PRKCE	ENSG00000171132	hsa-miR-1252-3p	MIMAT0026744	0.800833468301019
8239	TRIM39	ENSG00000204599	hsa-miR-6780a-3p	MIMAT0027461	0.800826198083093
8240	STXBP4	ENSG00000166263	hsa-miR-212-5p	MIMAT0022695	0.80080909503681
8241	FLG2	ENSG00000143520	hsa-miR-7154-5p	MIMAT0028218	0.800799826647946
8242	FAM122B	ENSG00000156504	hsa-miR-148a-5p	MIMAT0004549	0.800790294222167
8243	SLC25A16	ENSG00000122912	hsa-miR-542-3p	MIMAT0003389	0.80078646154911
8244	INTS7	ENSG00000143493	hsa-miR-1252-3p	MIMAT0026744	0.800773245530172
8245	LLPH	ENSG00000139233	hsa-miR-542-3p	MIMAT0003389	0.800754167563944
8246	ARHGEF28	ENSG00000214944	hsa-miR-1252-3p	MIMAT0026744	0.800751511086565
8247	GBE1	ENSG00000114480	hsa-miR-542-3p	MIMAT0003389	0.800731912559477
8248	NPAP1	ENSG00000185823	hsa-miR-4496	MIMAT0019031	0.800706204273953
8249	ZNF619	ENSG00000177873	hsa-miR-137-3p	MIMAT0000429	0.80070265547327
8250	SOX11	ENSG00000176887	hsa-miR-148a-5p	MIMAT0004549	0.800695613883001
8251	PRR5L	ENSG00000135362	hsa-miR-1252-3p	MIMAT0026744	0.800680363934214
8252	GRID2	ENSG00000152208	hsa-miR-137-3p	MIMAT0000429	0.800680064069057
8253	MIB1	ENSG00000101752	hsa-miR-329-5p	MIMAT0026555	0.80067427081219
8254	SHOC2	ENSG00000108061	hsa-miR-148a-5p	MIMAT0004549	0.800674018959163
8255	ANGPT1	ENSG00000154188	hsa-miR-137-3p	MIMAT0000429	0.800655445902962
8256	GALNT10	ENSG00000164574	hsa-miR-542-3p	MIMAT0003389	0.800645277651877
8257	POGLUT1	ENSG00000163389	hsa-miR-542-3p	MIMAT0003389	0.800640758248274
8258	CYP7B1	ENSG00000172817	hsa-miR-1252-3p	MIMAT0026744	0.80061382755257
8259	ERCC4	ENSG00000175595	hsa-miR-329-5p	MIMAT0026555	0.800599984164732
8260	NCKIPSD	ENSG00000213672	hsa-miR-3618	MIMAT0017998	0.800590438293298
8261	OPRM1	ENSG00000112038	hsa-miR-137-3p	MIMAT0000429	0.800588753163871
8262	KLF7	ENSG00000118263	hsa-miR-137-3p	MIMAT0000429	0.800570806104066
8263	MYLIP	ENSG00000007944	hsa-miR-542-3p	MIMAT0003389	0.800554508871822
8264	COTL1	ENSG00000103187	hsa-miR-1252-3p	MIMAT0026744	0.80054895292403
8265	SATB2	ENSG00000119042	hsa-miR-329-5p	MIMAT0026555	0.800545095953053
8266	CLPB	ENSG00000162129	hsa-miR-329-5p	MIMAT0026555	0.800540874561452
8267	FLT3	ENSG00000122025	hsa-miR-542-3p	MIMAT0003389	0.800537370253695
8268	MMP16	ENSG00000156103	hsa-miR-1288-5p	MIMAT0026743	0.800491250114712
8269	SLC10A7	ENSG00000120519	hsa-miR-380-3p	MIMAT0000735	0.800487689692117
8270	COG4	ENSG00000103051	hsa-miR-6780a-3p	MIMAT0027461	0.800482519116049
8271	SELENOT	ENSG00000198843	hsa-miR-6861-5p	MIMAT0027623	0.800479676553258
8272	VMA21	ENSG00000160131	hsa-miR-4496	MIMAT0019031	0.800475618458096
8273	QKI	ENSG00000112531	hsa-miR-4496	MIMAT0019031	0.800473549225642
8274	HIPK3	ENSG00000110422	hsa-miR-1252-3p	MIMAT0026744	0.800441771664206
8275	MAB21L1	ENSG00000180660	hsa-miR-148a-5p	MIMAT0004549	0.80043457706368
8276	PTEN	ENSG00000171862	hsa-miR-1252-3p	MIMAT0026744	0.800426271554105
8277	USP31	ENSG00000103404	hsa-miR-4496	MIMAT0019031	0.800418664224119
8278	C5orf24	ENSG00000181904	hsa-miR-380-3p	MIMAT0000735	0.800393656647732
8279	OR8G1	ENSG00000197849	hsa-miR-4496	MIMAT0019031	0.800377830726572
8280	PUM1	ENSG00000134644	hsa-miR-329-5p	MIMAT0026555	0.800349419052881
8281	PCNX1	ENSG00000100731	hsa-miR-4496	MIMAT0019031	0.800332146050235
8282	SLC25A4	ENSG00000151729	hsa-miR-380-3p	MIMAT0000735	0.800285531755261
8283	DYRK2	ENSG00000127334	hsa-miR-137-3p	MIMAT0000429	0.80027218961236
8284	ATP6V1G2-DDX39B	ENSG00000254870	hsa-miR-542-3p	MIMAT0003389	0.800237452726659
8285	GPBP1L1	ENSG00000159592	hsa-miR-6861-5p	MIMAT0027623	0.800226543574516
8286	UBE2J1	ENSG00000198833	hsa-miR-1288-5p	MIMAT0026743	0.800225891360179
8287	TVP23B	ENSG00000171928	hsa-miR-380-3p	MIMAT0000735	0.800212144224344
8288	TNFSF11	ENSG00000120659	hsa-miR-329-5p	MIMAT0026555	0.80018917697528
8289	SERTM2	ENSG00000260802	hsa-miR-1252-3p	MIMAT0026744	0.80017477659696
8290	NCKAP1L	ENSG00000123338	hsa-miR-212-5p	MIMAT0022695	0.800165462120807
8291	LHX9	ENSG00000143355	hsa-miR-4496	MIMAT0019031	0.800153843905312
8292	TGFA	ENSG00000163235	hsa-miR-4496	MIMAT0019031	0.800130682373204
8293	VEZF1	ENSG00000136451	hsa-miR-137-3p	MIMAT0000429	0.800109264533501
8294	RNF169	ENSG00000166439	hsa-miR-4496	MIMAT0019031	0.800089826030644
8295	RRAGC	ENSG00000116954	hsa-miR-5007-5p	MIMAT0021035	0.800077205548853
8296	CDC14B	ENSG00000081377	hsa-miR-542-3p	MIMAT0003389	0.80006374090917
8297	HSPA4L	ENSG00000164070	hsa-miR-1252-3p	MIMAT0026744	0.800046863629986
8298	GTDC1	ENSG00000121964	hsa-miR-329-5p	MIMAT0026555	0.800042574979196
8299	NUP58	ENSG00000139496	hsa-miR-380-3p	MIMAT0000735	0.800022688408491
8300	POGK	ENSG00000143157	hsa-miR-148a-5p	MIMAT0004549	0.800013797339041
8301	FAR2	ENSG00000064763	hsa-miR-4496	MIMAT0019031	0.80000862484771
