mid,post,min75
RBM26,PAK3,EPC2
RAVER2,TXNDC8,ARMCX6
RREB1,PSG4,PPY
SNX25,GPR61,FAM83C
ATXN2L,ZNF367,SCAI
CTNNA3,CELSR2,ARMCX2
TMEM65,KCNK10,TMEM115
SIK1B,CENPB,AC114982.2
NAB2,BPY2B,OGT
MITF,BPY2C,APCDD1L
SWT1,BPY2,RBM25
WBP1L,PFN2,ARMCX3
NPIPB3,ERV3-1,SERPINA9
INPP5A,AL391628.1,RBMS1
MUC4,AC003002.2,CAPZA1
TCTEX1D2,PAXBP1,NCR3LG1
DIPK2A,TRIM71,PTCHD4
MEIS1,NEFL,FXR1
SLC30A4,OAS1,NFKBIZ
USP30,DUSP10,MOSPD2
GATAD2B,SPDYE3,C14orf28
ERVV-2,CDC6,PGR
KDM7A,TMPO,CCER1
PTPN12,GATAD2B,ZNF540
ADAMTS19,S100PBP,EDEM3
FNDC5,TOP2B,MRPL42
MTAP,AC137834.1,KCNIP2
VARS1,NCR3LG1,RAB11A
CHD9,PPP1R3F,SLC35A3
SPIN1,OLIG3,MIPOL1
RHOBTB1,PPP2CA,KMT5A
XRCC4,FIGNL2,NOL10
SLC12A2,CYRIB,ATG5
NUP58,RELA,FOXJ3
ITSN1,NOVA2,TSG101
CYYR1,RALGPS2,MAT2A
BPY2C,TIMP3,LHX8
DR1,MAL2,HNRNPA1
DMRT3,ERVFRD-1,CAND2
BPY2B,ATRX,PCNX4
CSNK1G3,ZNF474,YPEL5
CA7,CHRDL1,KIDINS220
BPY2,PTPN4,ERVV-2
EFNA3,NRK,MAGEC1
INO80D,NSMCE3,SRRD
EPHA7,CCL1,CLEC12A
KDM6A,THY1,ZDHHC21
CDC20B,NMNAT3,DNAJC24
SCAF1,USB1,EPC1
GUCY1A2,CDC27,CHD9
MBD2,DDI2,LCMT2
NOVA1,CTNNBIP1,GLP2R
SOX11,LIN28B,OR51I2
ZNF710,C14orf28,NRCAM
BAZ1A,GID4,TMEM239
MED13,CNKSR2,FZD3
ZCCHC2,RECK,JRK
KLF12,PPP2R5C,ZPLD1
AHCYL2,LRP6,NCBP3
CXXC4,CERS2,SPRED1
MARCHF8,IFITM10,ST6GALNAC5
UNC79,SKI,TMCO1
HEY2,PDCD4,ATP8B3
TNFRSF25,SACS,MARK3
SH3BP4,GRIN2D,FGG
SNRK,ARID3B,ELMOD1
AHCYL1,PPP2CB,AL121594.1
PPP4R2,DIO1,MGAT4C
TDRD7,GPR26,ZNF281
LRRTM3,GABPB2,TP53TG3F
SLC35A1,PRRC2C,CRYZL1
PDLIM3,FGF12,KIN
ESRRA,HLA-DQA2,PEG3
VASH2,FXR2,MEGF9
NLRP10,ZDHHC11B,MAN2B2
PDE6D,SPDYE17,TBC1D15
PCDH9,ZNF583,GOLM2
SOX6,HTR2A,ZBTB20
UNC5C,NOVA1,PATZ1
KLHL10,STMN2,DSG2
SP4,BTG1,MRTFB
YBX1,PSMA3,UBR3
DCDC2,TMEM184C,ZIC5
SMAD2,C1QBP,ZNF853
RGS6,FGF18,AC104389.5
NCR3LG1,CLCN5,PHIP
HMGN3,PCGF6,BTN3A1
LRRC10B,DPYSL2,METAP2
LCMT1,CLYBL,FAXC
STOX2,SP4,GASK1B
LPP,PURA,ABL2
DDX5,PELI1,CCR1
MPP1,EVPLL,ZC3H14
POU6F2,KIDINS220,VEGFD
NFATC2,NR2F2,BCAS2
ZFP36L2,KLK4,CEP350
BCAP29,MYO1A,BICRAL
TFAP2A,SPAAR,ACSL6
APPL2,PLP2,FRRS1
ZNF326,REV3L,SLCO2B1
CCNI,PPP2R5A,FOXJ1
KIAA1671,FAM214B,E2F2
MAML1,USP31,HELLS
AP3S1,RBMS1,TRIM47
VPS37A,STAG2,GPR173
AHR,OR6C4,CABYR
ING3,IGDCC3,C12orf50
PTPN2,PTGFRN,MXI1
SERP1,SOX5,TYRO3
PTGFRN,RNF24,KITLG
ZC3H14,BRWD1,OR6C75
KCNMB2,TTN,RSBN1
P2RX2,ZBTB7C,MAX
CHST9,SUSD6,CAMSAP2
EPHA5,SCML2,CBL
ESRRG,GABRG2,C5orf24
SYT16,KDM7A,KCNAB3
PRR16,PCDH9,EREG
FLRT2,VIPAS39,AL022238.3
PPP1R21,ZNF83,AKAIN1
XPO4,GSTM2,MEIOC
NEUROD4,FRS2,TRMT9B
COL25A1,TET2,CCNT1
RSRC2,SPICE1,SRP14
TRIM71,PDIK1L,HCN1
HLF,ACVR2A,NTRK3
CNTN3,CYSTM1,YWHAZ
NCOA2,MICB,CAND1
LMBR1L,PTPN12,FAM241A
QKI,STIM2,GEN1
NXT2,ARMCX2,DPH5
WAPL,TTC7B,TTC9
ZBTB21,ELAVL2,UBE2E3
FAM167A,GNAQ,GGT7
DENND1B,YOD1,AK2
OTUD7B,LRFN3,KNCN
ELOVL1,HLA-DQA1,GSK3B
PRADC1,CEP97,DYNC2LI1
JAK2,ARHGAP21,PCARE
FAM98A,RLF,PDP2
NXPH2,MYCBP,RHOU
MAPKAPK2,GNG5,ZNF324
HNRNPDL,CD200,BACH2
NCKAP1,NFIB,PSMB9
PLEKHM3,MBNL1,ACVR2A
PDE10A,RBFOX2,RTL6
TMX1,MTAP,PROX2
LURAP1L,GRIP1,ARID2
C6orf47,UBXN2B,SGPP1
NFYB,PKD2,LIPA
AK7,CD2AP,HNRNPD
POU2F1,ELP4,SERF1B
MRPS33,LIMCH1,ACTR3C
RC3H2,FAM110D,CD8B
PHF6,SREK1IP1,BCL2L11
GLIPR1L1,EPHA5,FNBP1
CCSER1,TMEM260,MAGI1
MED11,SLAIN1,FUT9
GPCPD1,IL12A,ITPRID2
NCKAP5,SLC2A14,MDGA2
FYN,ACADVL,CCNG2
UST,NTN4,PDGFD
ABHD6,MCOLN3,VAMP8
ARID4B,DDX56,FSD1L
MMP16,GJD2,AL513165.2
CTNNB1,JAZF1,OR11A1
ZBTB7B,DENND11,SV2C
RBPJ,C12orf56,ZNF131
YBX3,ARAF,AKIRIN2
ZBTB20,FIGN,SLC30A4
SCRIB,KCNG4,ZBBX
FAM126B,IL21,PCLO
GIGYF1,STC1,KIAA1958
KTN1,FLRT2,GPR135
LIN28B,TMPRSS4,GRIA1
SLC6A8,KANTR,ELK3
TSNAX,CNOT6,SMAD2
NUTM2D,EXPH5,TFB1M
RWDD4,RPS6KA5,C12orf45
GLIS3,L3MBTL3,VPS13B
CUL5,CDK8,ZFC3H1
SLITRK5,MAP3K1,FAM78B
FHOD3,PPP1R10,UGP2
DMRT2,GAD2,QSER1
GPR137B,ZNF462,SLC9B2
MAPK1IP1L,CS,CD8B2
SIK1,MFHAS1,GALNTL6
ZC3H3,ZNF518A,SLC35A2
ZNF618,LIFR,ZNF776
SRSF1,PROX1,RNF111
CLTC,NTSR1,SLC4A7
RAB21,CADM1,LAS1L
CDC37L1,EWSR1,SMC2
CBL,BIVM,HIPK1
SPPL3,KCTD20,HCN4
OR5A1,PCDHA12,ACSM1
TMPO,ARID1A,DPP8
ZRANB2,STRADB,RPS6KA3
RFX3,NSD3,AMOTL1
PTPRG,DNAJC21,C12orf73
C15orf61,NCKAP1,LANCL2
PTN,TMEM121B,CACNG2
COL19A1,ZNF630,FRMPD4
TP53TG3E,GPATCH1,COX7C
APLF,NRG1,ATXN1
AKT2,SEL1L,PAXIP1
MGAT4C,IGF2BP1,TTC7B
TP53TG3,C11orf58,TRIM4
GJC1,SMOC2,LST1
MAP3K14,RC3H2,IGSF9B
ACOT11,TNKS2,GREM1
ZNF148,MARCHF6,ZBED6
TRIM36,CHST9,RANBP17
RIC8B,ROBO2,HSBP1
MORC3,GRIN2B,BMP8A
RORA,RYBP,TNFAIP2
ILF3,MAPRE1,XKR4
EGR2,SESN3,C1orf141
MARCKS,H3-3B,CYP1A1
NEFH,CHSY1,STOX2
MYB,RALBP1,TMEM104
LBX1,SOX6,TNRC6B
PTER,CSTB,ZC3H6
ZNF704,ATP2C1,FBXW2
DDI2,TNRC6B,ELAVL3
ZBTB26,MYRIP,MON2
CUX2,Z82206.1,ARMC5
TAF7L,C18orf25,HS6ST2
PURA,LMLN,RSPO3
CUL3,DCAF7,SLC38A1
MDGA2,JHY,SLC1A3
KCNAB3,SLITRK5,CYRIA
FOXN3,HECTD1,AIDA
KIF13B,LHX9,CTBS
ZFY,NABP1,FAM122A
GDAP2,USP9X,GFOD2
ALDH1A2,SKP2,HEMK1
CUX1,FCHO2,SENP5
TP53TG3D,FAM120C,SOX11
PAQR3,FHOD3,ZNF850
UBR3,ST8SIA5,LPP
IPMK,ATP10B,TOR1AIP2
PDPN,FANCF,ABCC8
PALM2AKAP2,NWD2,GNAQ
GDF11,POLR2G,KALRN
TBC1D1,DRICH1,AP3B2
UBN2,NAB1,FARSB
CHD4,FRK,RASGEF1B
GABRA2,ELP1,STX6
RNF11,DIDO1,SERF1A
PLCB4,KCNC4,DDX46
PTPN11,KRTAP5-9,DNAL1
C1orf141,NCCRP1,NFAT5
SYT9,CIPC,STK3
ATP11C,ZDHHC9,NOX1
SLC17A6,LDB3,ARL6IP1
MRPL42,MAP3K2,CRIPT
METTL9,SLC4A7,SCIN
UBE2G1,MGAT4C,SMU1
MARCHF7,TEX15,FAT3
XPO1,PKP4,PSD2
TRIM23,ACVR2B,DRAXIN
RBM27,GSK3B,HNRNPA1L2
USP15,FRMD6,SPTLC2
SLC35A3,TP53TG3D,ELK4
NCOA3,RNF175,TRDMT1
EFR3A,FAXC,SNRPD1
TMEM212,KIAA1143,IYD
DEPP1,PTPN6,FOXG1
NR2C1,TP53TG3F,SNRNP200
JADE1,MLH3,DIAPH3
PWWP2A,SLC6A5,INPP5K
SH3TC2,TP53TG3,CYP4F3
TCF4,TP53TG3E,ANKEF1
ST8SIA4,KLF9,C2CD2L
NFAT5,MLH1,OR52I1
TMEM229B,PUDP,ALCAM
TLL2,SLC26A9,ABCA13
CDK13,PDE2A,DDX24
ZFHX4,SRGAP1,OSBPL3
MAPK6,TULP4,DHH
FAM237B,USP42,SMARCA2
NPFFR1,INSM2,MMP16
PUM2,FO393400.1,ANKLE2
SLC4A7,RND3,CKAP2
CEP192,SELP,CHEK2
MAPK8,PEX26,KRT38
FRMD4B,SPDYE5,TK2
PGAP1,FKBP7,NXPH1
ITGA1,MPZL1,REELD1
GSTM2,SNX9,SP4
KAT6B,NR6A1,CBX5
PITPNA,SPDYE8,THEM4
DHX15,SPDYE11,KCNMA1
DEFA6,RCN2,CACNB1
CNTN5,ZBTB20,PLPPR4
BCLAF3,PIK3CD,ZNF148
MRGBP,NAMPT,KRTAP24-1
SUN2,ITPRID2,CARD16
DDIT4,SLC25A36,WDR6
ARHGEF18,TNPO1,SLC16A14
SIPA1L2,RPL13,SETD7
CEP128,MOCS3,F13A1
ZNF462,CHD1,CD320
ACAP2,NHSL1,BCO1
BCOR,ABHD14A-ACY1,ELOF1
DCX,DTNA,G6PC3
NFIA,TWNK,PTCD3
CHD7,CAMK1D,ANKH
GRIP1,KCNH7,LHX1
HERPUD2,NTM,CRACDL
NAB1,ZNF608,CCDC40
ABHD5,TAOK1,DRAM2
ELAVL2,COL24A1,EFNB1
SMCR8,SYNCRIP,PHTF2
POLR2J3,MRPL42,PPP1R18
POLR2J2,TMF1,CHD1L
PIAS2,FAM126A,PIGA
SPRED1,SMAD2,POGZ
SLITRK4,DLGAP2,PCDH9
GRSF1,RETREG2,STXBP1
RC3H1,TTLL4,PNISR
YPEL5,PANK3,ZNF571
CLEC16A,XPO1,CCDC6
SH3TC1,PRDM9,NKAIN2
CEP135,FTO,EDAR
ADAM20,GPAM,NMNAT3
RSKR,USP15,NHLRC2
LRRC7,SLC35A3,CLN8
HIPK3,GLIS2,MED4
FMNL2,NRIP3,WDR47
C12orf45,CCDC201,EIF4E
KDM3B,DNAL1,CRIM1
ERBIN,ZBTB37,MAL2
TLCD4,ADGRE2,CACNG6
PRDM1,PLAGL2,AC078927.1
FAM76B,FAM114A1,CCT3
LIMCH1,VSIG4,CHRDL1
MMACHC,NCBP3,CARF
CCNG2,SPDYE6,RPS6KA5
EML6,POLB,OTOF
DYRK2,TENT4B,SIGLEC5
SYT1,POU3F2,ANGPT1
NRG2,NR4A2,GPR65
C5orf24,SH3TC2,FRMD4A
SLC4A4,SIX3,PPM1K
SMURF2,SOCS6,PML
BEND6,CNIH1,SFT2D2
NPNT,ETF1,KIF3B
UHRF1BP1L,SLC8A1,SNX1
XKR4,CELF1,ZNF615
CAPRIN2,FBXL19,AAK1
GALNT5,CSMD1,PLPP7
TMSB15B,CDK13,TMED2
CNTD1,CHD1L,HSF4
OR8A1,SYNJ1,PRSS56
SS18,AKAP12,GATA4
FGF8,GRAMD2B,GRIA3
MYH9,CCNL1,STAMBP
DNAI4,GUCY1A2,RNF227
CALCOCO1,GDF11,SLC12A2
PDE5A,RHBDL3,LRRC7
ADAM22,EPC1,RRP8
BEND4,ARID2,SPATA5
GLIS2,WNT2B,RSBN1L
JADE2,DEFB129,UGDH
FRMD7,PGAP1,VWA5A
MSI2,ITGA1,PRPF40A
ADAM9,HECTD2,POMT1
DCAF5,KCNK2,TTN
PRKAA1,SGIP1,PURA
PPARGC1A,FA2H,CCDC80
PHTF2,SLC12A5,INO80D
ARIH1,CEP170B,ARHGEF38
ERVFRD-1,FGD3,BOLA2
SHROOM2,ATXN1L,SPINK7
VWA5A,CCDC134,GNG11
RBM24,TBX15,APH1B
RNASE6,GPR139,DDX1
SEZ6L2,CAPN6,SORBS1
CELF1,CHAC1,NKX6-2
SLC7A11,NQO2,GPR180
IKZF3,AL512785.2,CNTN5
AFF4,EIF4G2,SLC17A5
OR4K13,ADGRG2,NR2C2
EBF3,TRAF4,TXNRD2
RBBP5,UBN2,RARA
SPATA16,DCX,TXLNA
KCNQ3,CCSER2,CNKSR2
SLC25A5,PLA2G12A,NOP9
PCDHA10,HOXB1,DCUN1D5
MSI1,OR5A1,KIF2A
FKBP4,CEP104,ST8SIA3
AL583836.1,CTNNA3,RUBCN
SCRT1,PAPOLB,ZSWIM5
NDUFA5,TFAP2A,AC068547.1
SLC8A1,RTL5,CYP46A1
SLC46A3,MAX,NAMPT
DOCK9,BABAM2,GRIK2
FAM78A,PALM2AKAP2,EIF1AX
YWHAG,GRSF1,NETO1
SCN1A,WDR3,SCN1A
MTFMT,RALA,YLPM1
SLC6A15,EIF2AK2,FAM199X
KCND2,SIM1,POU6F2
NAA15,USF2,OR7A5
RTF1,IRAK1BP1,OR9Q1
OSR2,FAM186B,C1orf21
CYRIA,ANK1,CXADR
DSC2,MROH7,RASSF4
RCOR2,LRIG2,OAS1
AKAP10,UBR5,NPEPPS
GIMAP2,GJA1,POU3F4
HIPK2,C12orf45,EML5
MAT2B,OR10H5,CYYR1
SLAIN1,MAP1B,SNX18
AC242842.3,PPP1R12B,SP5
APPL1,FXYD3,TET2
NTN4,DDX25,HHLA1
SNX19,PPP3CB,MCFD2
B4GALT6,PSMB2,RNF130
TP53TG3B,SPDYE9,MPHOSPH6
AMY2B,ABAT,GPR155
INO80C,SIRPB1,TAF13
REV3L,NT5C1B-RDH14,CDH6
MAD2L1,GLRA3,EIF2B2
NRIP1,DYRK2,LRP2BP
C9orf85,TMEM248,HMBOX1
PDIA6,AC005041.1,AC005520.1
TSHZ2,LRMDA,GABRG2
CST6,ABCD3,COPS2
FGF11,SPDYE16,SHTN1
C11orf87,KDM6A,RBM46
LTN1,TGFBI,IGSF10
HTR2C,CHD6,BEST4
DUSP5,GLG1,EIF5B
LMBRD2,ZFAND6,FAM120C
NAV3,TNS1,SLC41A1
VBP1,PRPF19,PCDH20
ZBTB37,ZNF566,ZDHHC24
DENND4A,MTMR6,RANBP2
PPP6R2,PBRM1,CTNNA3
MEX3C,YEATS4,GAPVD1
TTN,XKR4,SULT1C4
C6orf62,PAX5,BMPR2
C10orf88,SRCAP,RCCD1
SGCG,ATP9A,AP1B1
RSBN1L,NUDT5,IRS1
ZMAT4,ZNF444,OR51L1
SLC30A6,ZIC3,VAPB
DOCK4,THEM5,UBE2D3
FXYD6,SKIL,PDE4B
NLK,HMGA1,STAM
SYT14,SNX27,ARMCX4
GCSH,BTBD9,SLC35C2
DUSP4,AC004997.1,GPALPP1
LAMP3,LIN52,AGPS
KCNK10,YJEFN3,ZNF638
CD2AP,SIGLEC1,INPP4B
SRSF10,PLGRKT,CC2D2B
RNF145,POU2F1,AFAP1L2
COBL,BEND4,DNASE1L1
NRXN1,MOB3B,BRPF3
NUTM2G,EPB41L5,ZBTB8B
GYPA,AGO2,PURB
GABRA6,GPLD1,ZNF644
EDIL3,AKIRIN1,USP47
DGKH,TMEM120B,ARL14EPL
CXCL5,BZW1,RFX8
SNAPC5,SCAI,TTC34
TIAL1,STMP1,BOLL
MRPL52,MGAT4A,PROS1
UFSP2,THPO,APBB2
NEUROD2,NAV1,CLEC5A
PTPN13,KIF2A,PLEKHA1
SEC22B,PTPRT,ICE2
RPS6KA5,KLHL15,MIER2
SPDYE3,ARIH1,SPRY4
ERVH48-1,KAT6A,DIPK2A
NCK1,CRIM1,NEGR1
RGPD1,KCNK12,TCERG1L
FBLN2,PTPN3,DYRK1A
ONECUT2,CHD3,GPC6
KIAA1109,IPO7,SIPA1L3
PRKAB2,MED13L,SUCLA2
PIP5KL1,LRCH4,ZIK1
ZNF573,SMIM30,GOLIM4
NCK2,BCLAF1,ZNF330
ATOX1,CPLX1,RAP1B
PAFAH1B2,SLC20A1,EFL1
FURIN,PDGFA,GABRA2
ANTXR2,CNOT6L,CPNE4
ABCC9,TRIM44,ATL1
TMEM33,RBBP5,SLC2A4RG
NUCKS1,ATP6V1A,ZNF141
MLLT3,CALM3,PAX9
LGI3,PCCB,IFT172
EVA1A,NOL7,SRD5A1
IQSEC1,GRM8,PHF6
SCAI,PTMS,WEE2
NRG1,PLEK2,MOSMO
FNTA,FBXO21,PANK2
SPDYE4,FAM214A,HYOU1
FGF18,OR2T35,PUM2
ZNF124,WDCP,PCYT1A
DDN,GABRA4,SESTD1
PKIA,HEMK1,STC1
CFAP300,GPATCH11,CSNK2B
ASPH,MACROD2,AC022335.1
FUT9,ATP1B2,ENTPD1
GLRB,SLC30A9,NDST1
SMARCD1,PXDN,PLS3
BOLA2,XYLT1,TCP10L2
NAPEPLD,TFIP11,SYTL5
UGDH,PRPF4B,PLCB4
MINDY2,SCN1A,BACE1
PLCH1,DOCK10,MARVELD2
SCRT2,ATN1,CENPJ
MED12L,TANC2,NAA25
CYP46A1,C4orf54,GAS2L3
SRARP,OSR2,PTCH1
RNF165,NIFK,FAM20B
MTF1,HIKESHI,CRCP
PWP1,LUC7L3,SPIN3
SLC6A5,C7,TSGA10
AC019117.3,TNFSF13B,RFFL
KDM3A,DESI1,PLEKHH2
TSPYL1,POU4F1,STK38L
ORMDL2,AC242842.3,NONO
ASIC1,PLCZ1,GFRA2
ZNF280C,OR2T2,SUPT7L
MYO1D,SPRY3,SAR1B
SERPINB8,SCN5A,LCP2
PRLR,TMEM161B,PCDH11Y
RBM41,IKZF5,CD2BP2
PSG11,PAN3,ZC3H12C
TMEM170B,TXLNA,OPRM1
OPRM1,ZNRF3,NFIA
CTTNBP2NL,POGK,NDEL1
HPGD,ACTR3,DMTF1
CA8,ZFHX3,PPP2R2B
MTM1,CPM,INTS14
CCDC126,WWC3,OR9Q2
TSN,PPM1M,MFAP5
RAB3B,POU2F2,SH3PXD2A
IZUMO2,KLHL31,RNF123
ZNF763,AC106886.5,GUCY1A2
RBM33,UCHL5,LZTS2
RYBP,FIG4,CD302
BCAT1,KPNA5,SGO1
SH3BP5,LSAMP,IL2RG
CSRNP3,FCHSD2,PPP1R2B
MPRIP,PALM3,SCUBE2
C22orf42,SF3B1,TMEM63A
DNAJA3,ABL2,PRXL2B
CRISPLD1,MAP2K6,MSI2
SRCIN1,RNF2,NUTM2D
OXSR1,SMAD1,RBPJ
PAIP1,DAB1,CCDC90B
NFASC,STAP1,FPGT-TNNI3K
GRIN2B,ARRB1,ZNF432
KIT,NSRP1,STYX
LAMA4,SMARCD2,MOB1B
RPAP2,COL4A4,PCDH10
GPM6B,SCIMP,FAM76B
CLIC4,SYNPO2L,CPN2
STK38,DPP3,PPP1R27
HDGFL3,SLC35A2,PLEKHH1
BICRAL,PHF7,SNTB2
ARHGAP5,NDST4,MMP24OS
TANC2,ECPAS,PTPRD
YY1,TMEM155,USP37
NTRK3,FOXP1,CDH2
HDAC9,MEX3B,C7orf57
LHX5,PCDH19,MTHFD1
EVI5,DCAF10,CELA3B
ARL6,MTF2,PTPN23
KLF15,DYNC1I2,ARHGAP19
ASAP2,AASS,GRB10
LHX9,MED23,FAM53B
FZD3,CSTF3,AC018755.2
TPD52L1,SRSF10,LRRC46
AC078815.1,ITGB1,LONRF2
H3-3B,LARP1,SLF2
TTC26,FAM118B,ZNF81
CAB39,PRKD3,ACER3
ZNF184,GOLPH3,GRM4
BICD1,KLF12,RSPH3
RHOXF2,KCTD15,PPP2R5A
FSD1L,LHX4,TTC39B
BRWD3,USP38,SHPRH
ADGRF4,LRIG3,ST8SIA5
TIMM10B,NHEJ1,SEMA6A
MBNL2,PIANP,ZNF229
SPOCK3,CELF6,ZNF462
PRRT4,ZFYVE9,PCDH11X
C16orf46,RICTOR,LILRB4
ELAVL4,C13orf46,CLRN1
NSL1,DDX6,OR2M3
TRIM42,SEC22B,AP000812.4
PIK3R3,RPS29,ARRB1
NYAP2,BLACAT1,CHPT1
ATP10A,INTU,SERPINB4
TOGARAM1,UBE2K,SF3B1
GNG5,RBM43,MYOT
SLC24A2,POGZ,PCDH19
SIX1,KCND1,TMED10
GRAMD2B,CCDC144A,CNTN1
XRN1,MYPOP,ST6GAL2
SCN9A,ACOT11,NKAIN3
L3MBTL4,FZD4,BTN3A3
SLC30A1,FLNA,TBRG1
VGLL3,FBXW11,CBLN4
DPH6,API5,SHISA9
PPP2R1B,EDDM13,XIRP2
SIX4,PCDHGA12,GGA2
METTL16,LURAP1,DICER1
OAS1,ONECUT2,FAIM2
PBX3,KLF10,NUFIP2
CCDC88A,CEP89,SP3
MEGF10,HOXC5,CCDC192
PTPRO,TYRO3,API5
PDE3A,RFX3,ZFP90
KLHL28,CELF2,TMEM154
JUN,ASH1L,SF3B3
IKZF5,SLC6A14,CXCL14
JAKMIP2,STAU2,P3H2
TMEM154,SMCO4,RBM3
PTPN14,HNRNPLL,AP1M1
TIMM22,TMEM143,SRSF10
ADAM23,PPME1,FBXO32
MSH6,PIGX,NAA20
RBM7,CSN1S1,CETN1
COPS2,ZNF774,MAP9
TBC1D12,VAT1L,ALDH1L2
OSER1,CDK5R2,GFI1
SSH2,ZBTB34,ASAH1
ANKRD52,TUBB,FAM9C
HEPACAM2,SYNE3,ZNF26
CREB1,ST6GAL2,MED13
RORB,LRRC7,GALNT1
DRGX,KLHDC8A,UGT2B28
AKT3,ZNF124,C6orf120
CHL1,RIOK3,THEMIS
HLTF,PKIA,POLR2C
SPTLC3,CD276,TWSG1
GNB5,SASS6,MFN1
INSYN2B,ASPH,ATL3
AGPS,ARHGEF38,ZNF546
FYCO1,APOL6,CNPY1
ZNF385A,DGKH,UTP6
NKAIN3,FUT9,SDR42E1
DPP4,CISH,SERPINB3
PRDM2,TNRC6A,TRIB3
MRPL46,EZR,ACSBG1
AP5M1,ZEB2,HDAC2
CLVS2,STK39,ARHGEF37
EIF4E,SLC24A4,IGF2BP2
PEDS1,TPST2,OR5H14
PPP1R3F,UBE2Q1,FIG4
TFEC,SMAD7,ONECUT1
TTL,SYNPO,LAMC3
MAP2,RAB15,RMND5A
TMEM196,TRMT9B,MORC3
CCDC88C,RUNX2,AL357556.3
CNEP1R1,SYPL2,TERF1
FARP1,EPGN,RIF1
TRIM2,CREB1,AGFG1
DGKG,PRR5L,TFG
HABP4,MTF1,UGT3A1
RPL23A,ASTN1,PABPC5
PPARGC1B,ATP11C,OSMR
ADAMTSL5,PPP2R3A,CALD1
CGGBP1,ACVR1C,DOCK7
BRPF1,NACC2,PTCHD1
SBSPON,TRPS1,ADAM9
MAP3K20,SCN4B,FAM114A1
ZNF207,R3HDM1,GABRA4
COCH,VPS50,POLE
COBLL1,SLC25A27,FGF2
SRSF6,XKR3,RTL10
UBE2D2,LILRA1,MTMR9
VIL1,ARPP19,SYAP1
CECR2,STARD5,CNTN2
MACO1,ZNF587,WNK3
STK3,PLEKHH2,NDUFS1
PAX8,LPGAT1,ELP4
CLPB,ZNF436,NDUFA5
ZNF324B,KLHL42,TNR
PARP8,KANSL1,ELP5
RNF123,DMBX1,PCDH7
FMN1,ACADSB,DENND1B
PHIP,PRTG,C9orf50
TSC22D2,B3GAT2,CPSF2
MIER1,UVRAG,DGKH
LOX,LMNA,GXYLT1
LZTS3,FAM98A,DSEL
PKHD1L1,MATN2,MMD
FRS2,RAB3B,HIP1
LRMDA,CSAG1,ZNF207
ZIC2,MAP7D1,CCDC201
CHRNA7,FAF1,RITA1
GPBP1,MAP3K4,MYO18B
METTL8,ZNF69,CACNA1C
SSR1,C12orf66,CLSTN2
DIP2C,CEP350,SENP6
NMNAT3,E2F7,PHF20
GABRA1,NTRK3,ZNF292
MSRB3,KCNF1,CREBL2
PBK,CACNB2,PARP14
PPM1E,CEACAM8,TCF4
BLOC1S5,CHP1,P2RY2
MACC1,ZSWIM6,TTC17
INTS2,MT1M,FRYL
AIDA,KBTBD7,ALDH8A1
EPB41,PDAP1,COL4A5
HOOK3,ABCB9,FAM193B
PTCH1,FRMPD3,TRERF1
CAMK4,EGR1,IL17C
RNF150,LRRC57,TMEM65
UBE2W,AC069544.2,POLG2
ROR1,SLC35F5,SCN2A
TBC1D19,SETBP1,PCBP2
BCLAF1,ANAPC15,AP5M1
RND1,VPS4A,ONECUT2
STK38L,ATP2B4,NCKAP1
PAIP2B,EPHA4,OR7G2
RAP2C,COL1A2,PSME2
CREG2,SMARCAD1,EVI2A
FGF13,HIC2,CHRNA5
ABI2,SIX4,PPP1R2
CDK15,BAZ1B,TDRD6
LUC7L2,SPN,WWC3
PRPF4B,ZNF875,NUDCD3
HEPHL1,HAUS4,TMEM263
ELAVL1,PPP1R3A,SLC8A1
TNFAIP6,BICRAL,ITGA1
CTCF,ZHX3,ZSCAN26
HMGA1,LDOC1,CNOT4
PLCB1,STXBP4,GADD45A
LUZP2,OPN4,HTR6
BACH2,CASZ1,DAAM2
C16orf72,WFDC2,EPB41L4B
MEMO1,MYPN,IDE
RSL1D1,RMND5A,ARL4A
ZNF599,ATOX1,PPM1M
ALCAM,BICD1,RAB3B
PI4K2B,CNTNAP5,CDK12
KCNJ6,MYOM1,NDN
ZNF706,RIC3,RNF7
INPP4B,LHFPL2,ATAD2
FZD5,SLC7A7,AC001226.2
MCTP2,GPX8,SIGLEC6
ARHGAP42,LASP1,ZNF274
BMT2,FZD3,RASAL2
ZNF777,AC005324.2,KATNBL1
ST18,ANKS1A,TP53BP1
SLC38A4,PPP1R15B,EXOC6B
PLAAT3,SPRY2,ITGB6
IRF2BP2,CAB39,SHC3
NGLY1,TMEM241,SEPSECS
FNDC3A,LRPPRC,CCSAP
UCHL1,UGP2,SGMS2
ZNF516,GK,RB1
UBL3,SLC25A16,AREL1
MRPL39,IRS1,OR4K2
STX7,OTUD4,PPARA
KCNA2,FSD1L,SLC2A1
XPR1,KDELR2,PLD6
MAP3K5,GFPT2,APPBP2
TMEM106B,ITM2B,DMD
CUL2,BRWD3,NUP98
ALKAL2,MMP21,WBP1L
CCDC171,AGBL1,CELF2
ALG9,MTUS2,GSG1L
ACSBG2,TMSB4X,EIF2AK3
GORASP2,NAA25,PARVA
CD69,NABP2,AC005041.1
DCAF10,ZBTB26,SPOPL
CDK12,NUTF2,FO393400.1
SMC5,PARD3B,FUNDC2
ZNF22,MT1B,CAMTA1
VOPP1,LIN7A,COQ7
CDKL5,DPP4,FCGR2B
TMEM74,SLC27A1,PROSER2
FAT3,VAMP1,ZIC3
OTULIN,NSL1,KCNK2
IP6K2,IGHMBP2,DDI2
SLC44A1,ARHGAP25,ETF1
PTPN4,PDE10A,PHLDA1
ARFGEF3,APBB3,FAM171B
OR8H2,OSBPL8,NOX5
PAK3,PTBP3,FBXL20
SLC12A5,PTAFR,GAGE1
KHDC4,MAPK1IP1L,EPHA7
RNF152,SGMS1,ZNF445
LRP12,SLC7A11,KCTD16
IL12A,SAMD9,SEMA3A
KMT2E,RALY,TINF2
MOSPD2,ATP2B1,CERS3
CHST11,CSRNP3,IKZF2
MAPRE1,JAG1,FLRT2
ACSL3,XRN1,SH3RF1
SLC5A3,TMEM33,FAM47A
ZNF615,TMTC2,NRIP1
NEK9,PHF24,ZNF496
PHF14,PDZD2,SEC63
PSMF1,ZMYM4,PNPLA4
EIF1,SLC30A1,NLN
CD9,SMAP1,PLEKHA3
CTTNBP2,ATG13,OS9
CREBRF,SERHL2,IGF2BP1
RBM12,C1GALT1,MID1
FIGN,VPS13A,CD47
HM13,NR5A1,PHC3
LNPEP,NHS,KLF3
DESI1,POU6F2,AKAP8
DRAM1,WNT1,ZNF654
ELOVL2,RACGAP1,OR7A17
CAMK1D,CCDC88A,MTF1
WDR26,DEPDC5,GRIN2B
HSPH1,PRMT9,VWC2
HECA,SMIM3,HHLA2
MME,MYH10,EI24
SMIM14,BCL7A,RALGAPA2
TRIM5,KLHL28,C8orf37
DPP8,OR3A3,GGA3
RGS7BP,XAF1,GALNT7
TCEAL9,SCAMP2,AC091167.7
SNRNP27,BCHE,SLC35B3
ZMIZ1,UBIAD1,SPRY2
ZNF343,DPP10,TSPAN33
NCAM2,GPR55,TRIM24
PSG2,MAP3K3,PTPRO
SLC35A4,CPNE5,SMIM13
GXYLT1,CAMSAP2,FGD6
NAP1L1,ERVH48-1,RAD21
HYDIN,DDX3X,DYTN
ELOVL7,TRPM3,PPIP5K2
SETD6,ELMOD1,PCSK7
TCEANC2,PRDM11,FAM86B1
PDK3,CPEB2,PPP1R36
DSG1,SNIP1,MAST4
RNF38,NDUFB5,CUX1
SNN,MAGED1,NUFIP1
RIMS1,GDE1,SLFN14
MTX3,SSH2,MRPL22
APP,GRAMD1C,NUDT16
BTAF1,TXLNG,SLC1A2
IGSF5,GTF2A1,DNAJC10
TPT1,SLC22A25,TAOK1
MYO1C,LMNB1,HBS1L
RAPGEF6,NCKAP1L,NAV2
ETS1,ZBTB7B,TCEAL8
NRG3,PAPOLG,DYRK3
RNF114,SH3D19,DCTN4
GAN,ESRRG,CLMN
SCEL,TRIM67,ITGA9
LEMD3,SENP3-EIF4A1,CHD3
PPP3R1,OPRM1,ITPRIPL2
LRRN1,ATXN7L2,ERBB4
TMEM135,CENPP,ZC3HAV1
SFTPA2,NFAT5,DTWD1
SLC16A4,AGTR2,GPR148
PCDHA4,SEMA7A,HOMER1
FXR1,RPL10,LRPAP1
LSM6,DIAPH1,DGKI
CHFR,ENOPH1,TMEM33
FAM160B2,PHF13,SLCO1C1
B3GALT2,KIAA2013,FGF12
ZMYM5,NDUFA3,C6orf89
AP2B1,LONP2,PCDHA12
CD59,AHDC1,MYEF2
NAA25,GMEB1,FBXO48
NEBL,EFHC2,FAM214A
MAP1B,ABCC5,FAM229B
SEPTIN14,ZNF724,BRAP
SORCS1,NKAIN3,HERC4
DDX3Y,C10orf99,ZNF395
GPC6,NDUFB8,ARRDC4
HP1BP3,AP5M1,C2orf73
CYB5R4,GK5,AMER2
GTDC1,WFDC3,PRKG2
PPP2R2B,MLYCD,LSM8
ZNF81,PLXDC2,SLC7A9
MEX3A,BAZ2A,KDM7A
KIF3A,THRA,GPATCH2L
PTAR1,BAHD1,FRS2
SPIN2B,DACT1,RNF212
ITGA4,TMEM212,PLAGL2
ITGB3,CBLB,SS18
AC019257.8,CASP14,MTMR7
OR2M3,PIM1,NRG1
FGF14,MAP2,SPRYD4
ATP1B3,EPS15,ATP11A
NLGN1,HSF5,SPTBN2
CHST10,FARP1,RPIA
GJA1,BCL7B,MRPL50
CCNT2,RPS6KA3,INTU
MTDH,IFT52,FAM126B
CCDC68,WT1,CUZD1
CADM2,ZNF226,CCNI
BUB3,NUDT4,CD38
SGO1,GLS2,TCEANC2
FAM110C,PYM1,CACNG7
AARS1,HIVEP3,FAM107A
SPIN3,LHX1,FER
AKAP8L,CA6,CARS1
ATPAF1,CGGBP1,ERLIN2
ZNF621,VTA1,SH3GLB1
N4BP2,BRPF1,KLHL9
HOXC9,CYP2U1,ZBTB24
ZMYM2,CA13,FSTL1
DHX35,AGBL2,SOGA1
DOCK8,TP53TG3B,TTC22
ANKRD28,BTD,ASB3
MID1IP1,TENM3,MAP4K4
MRTFB,DNAI4,MAP3K2
SERBP1,VIL1,U2SURP
KLF8,NOX5,NRG4
ARPC5,NDUFAB1,RALGAPB
GLCCI1,UPRT,SPART
AC005324.2,BBS9,NFYB
TRIM66,STATH,RPRD1A
ENTPD5,TCF7L2,ZNF180
ARNTL2,AC022400.5,UBA5
LRCH2,RIMBP2,RFX7
DLG2,SERTAD3,BEND6
LARP4B,ZNF710,CADM2
SPDYE17,PPP3CC,RIC1
UBE2E3,DHRSX,APC
EIF2B5,RPS20,CAMK4
THSD7B,TNFRSF11B,CDK14
IGFBP5,PHIP,PAPPA
TEX49,RHOBTB2,RIC8B
ANKRD17,GCLM,AC012651.1
ZC3H6,AZIN2,C1orf52
RBFOX1,SMPD3,PFKL
SESN3,TBC1D3K,HHEX
USP36,PTP4A2,AC118553.2
PDE1B,ZNF652,KCTD10
BAG2,SKP1,SPTLC1
SMIM27,ABCF2,CALB1
FAM180A,GPBP1,KCNK17
PUM1,MPIG6B,FAM156B
PRDM11,SERP2,TBPL1
SHE,GALP,ZNF490
C1orf21,ACBD5,PRTG
NATD1,SALL4,GABRB3
NHSL2,ALPK2,CPLANE1
RBMS1,STAC2,USP25
SPAG9,NPAS3,ZNF500
PDGFD,SSR1,METTL15
METTL14,NUS1,AMPH
NREP,C2orf49,SIRPB1
MBD5,RNF41,SNAPC3
PRTG,ZNFX1,LSAMP
GNAI3,DTX1,ZDHHC23
ELP4,TENM2,PDS5B
SYK,TMEM229B,KIAA0232
IKZF4,TSPY2,SHLD3
RBM14-RBM4,ZBTB6,PXDN
ZBTB44,SALL2,IDH1
MGAT5,NBPF20,GLIPR1L1
RAB11FIP2,HOOK3,LRRK1
ZNF195,PTCH1,SENP1
OR2A5,C6orf62,ASB9
PCNP,CAMK4,VIL1
EML2,HEBP2,POU4F1
RUNX1T1,DCDC2,IQCM
SLC35F4,ANKRD20A3P,SLC24A2
FAM53A,ROR1,WDR88
BTG1,NR0B1,TRAF5
NSD1,IQANK1,NQO1
STRN3,CCL20,PDCD6IP
MEPCE,TUT7,LOX
STRBP,CXXC5,TAF1
ZEB2,JADE1,PAQR3
AC022415.2,KLHL14,PPT1
MXD1,FOSL2,EHMT1
DYNC2LI1,HSPB7,CYP4V2
MTRNR2L13,PRB1,HIF1AN
YTHDF3,ZNF280C,STRN
EPHA3,TOB1,FRMD7
MEI4,GTPBP1,POMK
ZNF654,SPDYE1,KPNA4
MAPK4,ZNF3,PLCXD1
RPGRIP1L,COIL,SKAP2
HAPLN1,LRRC40,THAP11
CLEC2D,SPRYD3,PLLP
EMB,GRIN1,SHISA7
BLZF1,KLK13,SCN4B
ZBTB18,AP1G1,PABPN1
AL391628.1,NLRC3,ARHGAP32
SDC1,FRMPD4,AMER1
ATG2B,GALNT1,PEX13
GTPBP4,PARD6B,KLHL11
LMCD1,ADGRL2,SLC30A6
SMARCAD1,BCAM,SEC31B
AAK1,WDR47,TPRG1
RHOU,KDM5C,SOX5
AGO1,ANK3,BBS4
FBXL4,CD34,TGIF2
SLC35F5,BACH2,OR4S2
PLEKHO2,ZNF512,RFPL1
ITGB6,SOGA1,CNKSR3
MAP7D2,TEAD1,JAG1
PPIP5K2,APTX,ABHD16A
PCDHB7,GDF6,RFX3
CEMIP,ARSH,ERCC8
STYX,PUM2,PTEN
YWHAQ,KCNJ6,ARNT
ZNF738,AC067968.1,IMMT
C18orf25,CSTF2,OR6B1
GRHL1,ZNF706,EIF3H
BCL9L,PRKCE,NAA30
UBFD1,SMG1,BCL11B
SRGAP1,ATP10A,KCND2
REST,CNKSR3,ZNF652
ZNF431,DIAPH2,ZNF112
FAM214A,PGBD2,CCM2
FRK,SHROOM4,CTBP2
NAT8L,INPP4B,MAF
SUZ12,TEX2,ADCYAP1
IRS1,OR4F17,AC008397.2
FNBP1L,CAMKMT,GRB14
C5orf63,MCTP2,SYNCRIP
PCSK7,AUP1,CLDN11
PRDM6,ANKRD44,ATP1A2
KIN,CLIP2,UPP2
RICTOR,ERBB4,NHSL2
SAMD12,BMT2,DDN
DUS4L-BCAP29,RIMS4,NDFIP2
TRNT1,JMJD6,CACFD1
CLU,NHLRC2,HNF4G
SLC25A16,PRRG1,PGM2L1
SEMA3A,IQSEC2,TENM1
ATXN1,KCTD1,COL11A1
E2F5,IPO4,ZNF587B
TREM1,RNF130,MIER1
KLHL5,KIF1C,CACNA2D1
AGO3,DLAT,ELOA
SHISA9,MAMLD1,ITGB3
EGFR,DCN,ELAVL1
MZT1,SRP72,UGT1A1
CRYBG3,EPHA3,SNTG1
STARD7,STX7,KLF12
CENPBD1,ANP32A,INMT-MINDY4
KPNA5,ANKRD18B,SH3TC2
DRD3,ATAD2B,TTPAL
MANEA,TCF4,RHEB
KDM2B,STYX,AL354761.1
ATRX,ELAPOR1,SLC4A8
SORBS1,KLF3,SLC30A1
GLYATL2,ARMCX1,EPHB2
NABP1,TSTD2,PRICKLE2
RPL37A,AP2B1,GCNT1
VPS13A,TMEM106B,NWD2
PPEF2,MIER1,FRRS1L
NBEA,NETO1,N4BP2
RSBN1,IGSF11,PANK3
DUSP21,CCDC171,ATG16L2
HTR7,STBD1,DLC1
H2AZ1,SNAI3,DOCK9
FTO,PCBD2,TFEC
NF1,AC010616.1,LUZP1
PRKD3,CHIC1,UGT2B11
MOB3B,PAFAH1B1,TIMM50
NRP2,SPRED1,UBE2K
NUDT3,C2orf50,XPNPEP3
LRRC19,OSBPL11,ZBTB37
SIRT1,MSI2,PCCB
PELI1,DDX5,GNG12
TRAPPC13,IMMP2L,BRWD1
DCAF17,SUCO,ZNF814
CARD8,CDH13,LYPLA1
GABRG2,CRYBB1,PRELID3B
GRIN2A,SLC9A9,PRELP
MTREX,USP36,ADAMTS19
PAM,IQUB,SV2B
NEMF,E2F4,CHL1
ZFP3,OR5M1,PRRT2
SESTD1,TAF10,P2RX6
DGKI,WASF2,FGF13
PGGT1B,SLC17A7,SINHCAF
ENDOD1,WIPF3,RANBP9
DAAM1,SLC44A1,CYB5R4
ZNF487,SLX1A,DNALI1
SENP7,LRRC15,IL1RAP
TNFSF18,EPC2,CCL22
DCAF7,CUL4B,PPP1R15B
RBM15B,CTDSP1,MGLL
DCP1A,FAM155A,ELOC
VSNL1,BVES,TMEM8B
FBXO33,ARFGEF3,LARS1
TRIM33,A1CF,SIT1
ADGRL2,FAM43B,CNR1
ID4,RNF152,TMEM212
C2CD4C,LRP12,SUGT1
NKX3-1,SORCS2,ASH1L
FGF9,CBFB,FKTN
PARP9,TET3,AMMECR1
ITPR1,KMT2E,AC013477.1
ARHGAP44,AC020907.6,RUNX3
ALG8,HGF,MDN1
RAB8B,PDE7A,TPP1
CEP43,MSL1,NEUROD6
MBL2,SLC5A3,BCL9L
NFATC1,TTC39C,OR52E4
KYNU,NFATC2,MORN3
KDELR3,LMAN2L,DLAT
MACROH2A2,NHSL2,CT47A12
AJUBA,ADRA1D,KDM5B
SMCP,TRPC4,SVIP
AFM,WDTC1,MIB1
CEP68,TRIM24,VAMP3
WIF1,FHL2,ZC3H8
SLC6A1,RBM12,TNFRSF9
DNAJC21,KIAA1958,SMPD1
CLVS1,CCDC85C,NSL1
CHPT1,EMSY,SRGAP1
NKTR,DEDD2,TJP1
FBXO25,CIITA,KLB
KCNA1,LNPEP,DENND2D
LRRC4,CST1,ZNF888
UBXN2B,MANBA,UBN2
VPS26A,RSPO2,MFSD9
BLACAT1,NEDD9,MLC1
TMEM245,XPO4,SYT16
E2F7,RMND5B,SUN1
FAM204A,HSPH1,RAD54L
HMBOX1,NKAIN2,MRPL43
MBNL1,SLX1B,TMEM178B
KLHL7,CSDE1,COX5A
FSTL1,TRIM5,LIM2
AHI1,DPP8,PHF20L1
TAOK1,ZNF618,FBXO22
LSAMP,REEP3,RPS19
PSMA8,KIAA0319L,USP9X
TDG,ZMIZ1,OCLN
GRK6,RIMS1,PROX1
TNKS2,XYLB,MBD2
PLEKHF2,NR3C2,DDX3X
CSNK1A1,ATOH8,WDR70
ZFP42,FAAP20,NA
NPR3,C19orf84,NA
SLC43A2,RNF138,NA
DBN1,MALT1,NA
PHF20L1,ADAM23,NA
TMED5,ACSL3,NA
SLC1A5,CSRNP2,NA
SALL4,NCAM2,NA
NSD3,MORC4,NA
WWC3,ABCB10,NA
ANKRD33B,NXNL2,NA
HACD4,EVI5,NA
FAM222B,SIX6,NA
IGDCC4,OR56B2P,NA
FSCN3,PDE4A,NA
C2orf88,HIP1,NA
SLC7A14,NKTR,NA
FAM91A1,CNRIP1,NA
PIAS4,LAGE3,NA
PPP4R3A,UNC5B,NA
MSANTD2,PABPN1,NA
NBR1,SETD1B,NA
ASH1L,ZFAND5,NA
PLXNC1,PDK3,NA
FAAH2,RNF38,NA
CDH20,GJC1,NA
PCDHA12,NRBP2,NA
KL,SYT1,NA
ELK4,DMTF1,NA
ST6GAL2,DNAJB2,NA
MAP3K2,AGAP1,NA
IREB2,CIBAR1,NA
TEKT1,HIPK3,NA
VWC2,IPO11,NA
CDY1,PRLR,NA
STAC,ZDHHC2,NA
FAM71C,CHD7,NA
SREK1IP1,KRR1,NA
RASGRF2,TPT1,NA
DNAJC10,OTULIN,NA
OLFM3,BCL2L15,NA
RAPGEF5,KCTD12,NA
F13A1,NDN,NA
CEP57L1,IREB2,NA
CALN1,LRRN1,NA
DACH1,THRAP3,NA
TMLHE,FBXO42,NA
FAM227A,LGR4,NA
CADPS,TMEM135,NA
MYT1L,Z83844.1,NA
RAB11A,UBE2H,NA
ADO,TMEM167A,NA
HACD2,ATP6V1B2,NA
H4C15,LSM6,NA
KLRD1,ZNF280B,NA
MASP1,FBXO41,NA
MED14,LRCOL1,NA
SLC16A6,FMNL3,NA
HCFC2,CLIC4,NA
CTBS,KYNU,NA
TCEAL8,GALNT13,NA
NT5DC4,DDX55,NA
PSME3,MASP1,NA
CDY1B,PLA2G4D,NA
GBP3,GOLGA6L6,NA
PHF3,PEX19,NA
CAND1,C11orf87,NA
RIOK2,DRP2,NA
SMURF1,GOLM2,NA
AL358113.1,NEBL,NA
TNKS,YWHAG,NA
HSBP1,GNB4,NA
SEPTIN4,HMMR,NA
POLR1A,OLFML1,NA
TMEM200C,PLEKHG5,NA
HNRNPLL,MAPK8IP3,NA
DACH2,GPC6,NA
AR,XKR7,NA
CACUL1,ENKUR,NA
PAFAH1B1,RGS6,NA
PDZD4,GTDC1,NA
EIF4E3,ZFC3H1,NA
IL36B,PPP2R2B,NA
GULP1,NUP58,NA
RO60,THAP9,NA
RBM6,PTAR1,NA
FAM160A1,MPP3,NA
USP37,CREG2,NA
ZNF385D,CCNI,NA
INTS6,BOLA2-SMG1P6,NA
ATP11B,NBEA,NA
COL5A1,OR2M3,NA
DDX25,FGF14,NA
WASL,CLSTN2,NA
TSPAN13,SERP1,NA
PDE1C,SENP5,NA
RRM1,FRAT2,NA
VMA21,DCUN1D3,NA
TMEM168,LEMD2,NA
ZBTB33,CLDN8,NA
SHOC2,KIF21A,NA
BRWD1,PCLAF,NA
GDPD1,HIF3A,NA
ZFHX2,AC007192.1,NA
ABCG4,CCNT2,NA
PCGF5,ESR1,NA
KIAA1958,CADM2,NA
AC093884.1,PRH2,NA
ZMAT3,POLR3C,NA
LRRC41,RSKR,NA
ALPG,CPEB3,NA
AC118553.2,SWAP70,NA
SLC38A6,BSND,NA
ZCCHC9,SPATA12,NA
TCF7L2,TJAP1,NA
PITPNC1,C1orf21,NA
PPP1R3B,GTF2H1,NA
ZNF678,CHD2,NA
ITM2B,SIGLEC8,NA
SP110,KCNJ5,NA
RCOR3,SEC22C,NA
FAM117B,ZFHX4,NA
SPATA17,CHTOP,NA
FLNA,CTDSPL,NA
ABCG2,MCCD1,NA
HECW2,LCOR,NA
SLC36A4,HTR4,NA
CEP97,CELF4,NA
FABP6,ATP9B,NA
SF3B1,NXF1,NA
ZBTB7A,BACH1,NA
OR2AT4,ABHD16A,NA
ELL,MAVS,NA
GPR158,SYT14,NA
TUG1,BUD23,NA
TRAPPC2,PECAM1,NA
HNRNPA0,OR4F5,NA
HLA-DRA,ARNTL2,NA
FUBP1,ZNF396,NA
RBFOX2,PGRMC1,NA
BTF3L4,LBX1,NA
ADSL,RBFA,NA
PEX19,ARHGAP26,NA
YIF1B,THSD7B,NA
TASOR2,ARHGEF15,NA
SLCO3A1,IGFBP5,NA
CACNA1I,PITPNA,NA
ACP3,RBFOX1,NA
ZNF746,IRAG1,NA
LECT2,RHPN2,NA
ZNF224,BAG2,NA
GOT2,GEN1,NA
DMRTA1,SH3BGRL2,NA
FBN2,TEX261,NA
DPP10,IKZF4,NA
DISP2,BRAF,NA
PRKAR2B,POLR1G,NA
TMEM215,FAM120A,NA
CCDC50,FRMD4B,NA
STEAP4,EFCAB14,NA
RIMKLA,SPAG9,NA
TOX3,KRTAP4-7,NA
LYPLA1,NTNG1,NA
FAM9C,CDKL5,NA
DCUN1D5,PLAG1,NA
ETV5,RBM7,NA
ADAR,TBC1D3H,NA
CEP78,LRRC41,NA
NUDT4,GAB1,NA
TRIM44,HAPLN1,NA
OSBPL6,TBX2,NA
GNAQ,ARL1,NA
MCU,APOB,NA
TRPM8,SHMT2,NA
SPDYE16,ITGA11,NA
IGFL3,RSAD2,NA
LYN,CASK,NA
RGS4,APLP1,NA
CDY2A,RPRD2,NA
WIPF2,RAD54L2,NA
ATRNL1,ST8SIA2,NA
EIF1AY,CFAP61,NA
IPO11,MEGF11,NA
RAB33B,SCART1,NA
MTRNR2L7,GIPC3,NA
CAPRIN1,PCDH11X,NA
STXBP4,AC018809.3,NA
ZNF16,ADAM19,NA
DCUN1D1,AHCYL2,NA
EFCAB14,NGF,NA
FAM210B,NUTM2D,NA
RNF4,CLRN1,NA
MRRF,LPP,NA
AZIN1,SYT9,NA
C2orf68,RNASEH2B,NA
C6orf120,VIRMA,NA
CDY2B,WNK3,NA
OXR1,TBC1D3G,NA
GMFB,KIF15,NA
KIAA2026,SMAD3,NA
ZNF26,NPEPPS,NA
CACNB4,NOL11,NA
CYBB,APLN,NA
EMG1,MDM2,NA
C9,SEC11C,NA
KPNB1,IGF1R,NA
SEMA4D,KCNJ2,NA
RNF2,DMXL1,NA
MAU2,SRPK1,NA
STAT2,SMAP2,NA
BHLHA15,NEUROG2,NA
ECHDC1,DEXI,NA
MED1,UBA3,NA
TTLL7,ATF7,NA
POU2AF1,KLHL24,NA
UBR5,CLP1,NA
NEB,ATP6V1G2,NA
SNX11,DSC3,NA
TCTN3,PREP,NA
PAPSS2,C3orf80,NA
SEPTIN3,GRB10,NA
TLCD5,GIGYF1,NA
TMEM255A,ANKRD18A,NA
OXCT1,RGP1,NA
PCDH19,GYPA,NA
CCDC73,IL17RD,NA
HS3ST3A1,TACC1,NA
ACVR2B,LMOD3,NA
TENM1,CCDC97,NA
USH2A,C4orf50,NA
ERICH3,CBX5,NA
HNRNPH3,DLEC1,NA
FOXJ1,LMCD1,NA
METTL17,SH3BGRL3,NA
AL049697.1,MAPRE2,NA
DFFB,FBXL4,NA
CDC73,CDH7,NA
ATP6V0A2,CTSB,NA
EXT1,ITGB6,NA
SRGAP3,HOXA5,NA
H2AZ2,LYSMD3,NA
RNGTT,HDGFL3,NA
DARS2,EZH2,NA
MEX3B,TBC1D20,NA
TNRC6B,SPRY1,NA
PAK2,PBXIP1,NA
QSER1,WDR82,NA
KHDRBS3,HHIP,NA
PDE11A,CTXND1,NA
CLMN,C17orf113,NA
AJAP1,VDR,NA
PGR,OTUD6A,NA
ADAMTS3,RBM24,NA
IFIT3,DVL3,NA
TRAF5,DGKG,NA
POP4,FAM71D,NA
NEO1,CALB1,NA
PXDNL,RAB21,NA
ZBTB6,C20orf203,NA
WDR36,STRN,NA
BMP3,ZNF431,NA
SLCO1A2,HACE1,NA
FAM90A1,EPHA7,NA
SYNCRIP,KIF17,NA
SKI,ZNF597,NA
ETNK1,CD5L,NA
HMGCLL1,UBE2Z,NA
ABHD13,BTC,NA
RASAL2,COL4A1,NA
OR5D3P,PTBP2,NA
KCTD16,IFT172,NA
NEXMIF,PHTF2,NA
SSR3,NRAS,NA
VPS50,GAN,NA
ZNF614,KIFBP,NA
MAP10,IL10RB,NA
ALG10B,RNF169,NA
AFTPH,SH2D4A,NA
PPP1R17,CACNA1E,NA
GPC4,AP3M1,NA
ERCC5,ASCC1,NA
PDZD8,ARHGAP1,NA
ARL5B,RNMT,NA
ATP2B1,CLMN,NA
DECR1,ZFHX2,NA
NAALADL2,G2E3,NA
ZNF141,SLC4A8,NA
GPR85,PLEKHF2,NA
VKORC1L1,ATXN1,NA
KCNJ1,RAB11FIP5,NA
H3-5,MPLKIP,NA
PPM1L,SELENOI,NA
TRHDE,PISD,NA
KPNA1,ZNF830,NA
BOLA2-SMG1P6,SYT12,NA
TMEM87B,NPLOC4,NA
PIK3R1,RAB5B,NA
KALRN,CBL,NA
MAPKAPK5,BMPR2,NA
RRAGB,ZNF277,NA
NFIB,CD47,NA
SLC6A4,FAM204A,NA
KCMF1,CYTIP,NA
PYGO1,TBC1D5,NA
THRAP3,FUNDC2,NA
COLGALT2,VSTM5,NA
FBXW2,KRIT1,NA
ZNF699,USP27X,NA
AC139491.7,AL135905.2,NA
CTDSPL2,MMP16,NA
PRICKLE1,FSTL1,NA
FAM171B,ZNF800,NA
PPM1K,FGF13,NA
SULT1C4,NKD1,NA
ACADVL,ZNF536,NA
YPEL2,SLC25A35,NA
SLC25A31,AQP7,NA
TXNDC17,C2orf73,NA
XPO7,SCML4,NA
UTY,ATF2,NA
BLID,MISP,NA
ALDH8A1,ZNF704,NA
DTWD1,SCD,NA
ACVR2A,SMPD1,NA
ENPP5,AL445423.3,NA
MTRNR2L5,CARD8,NA
GPATCH11,PPFIA4,NA
AQR,NFIX,NA
PPP1R3A,KCNC2,NA
FASTKD2,CDCP1,NA
FAM149B1,KIRREL2,NA
PLEKHA3,AC090360.1,NA
GPR173,PPP4R3A,NA
NHLRC2,KANSL3,NA
ARSI,ZNF598,NA
PAQR9,NAA30,NA
REEP3,UHRF1BP1,NA
ZC3H12B,C9orf40,NA
COL5A2,SESTD1,NA
ZNF737,PLOD2,NA
OR2L3,PGGT1B,NA
PRDM16,AC098850.3,NA
SLC16A10,RAPGEF2,NA
USP6,LRG1,NA
MYH3,HOMER1,NA
EIF4G2,RHOA,NA
EML4,AAK1,NA
ARMC1,TBC1D28,NA
PPP1R12A,CHST12,NA
A1BG,LMBR1,NA
IDE,ULK3,NA
NETO2,RRP1B,NA
TMEM182,RPP30,NA
SEMA3E,CASTOR2,NA
ERCC6L2,FAM217B,NA
MBTD1,TMED3,NA
PLXNA2,ATP13A3,NA
HMGN5,NID1,NA
ZHX1,SDC2,NA
ERLIN1,PHF12,NA
GABPB2,CPSF2,NA
AGBL4,LACTB2,NA
PCDH10,BRIP1,NA
ZNF649,RTRAF,NA
NAA30,OR6Y1,NA
CAMK2A,ZNF425,NA
RTRAF,TMEM222,NA
SIRPA,KCNMA1,NA
CACNA2D1,SPATA17,NA
SPIN2A,SLC8A3,NA
BAG1,EVI2B,NA
TMEM253,C3orf52,NA
ITCH,CCL4,NA
GNE,TNKS,NA
MCM5,SGPP2,NA
NDFIP2,PARP9,NA
PLXDC2,ITPR1,NA
CPEB3,FCRL2,NA
CCNT1,RHO,NA
TAF9B,SCUBE3,NA
KMT2A,UBTD1,NA
BCL2A1,GTF2H5,NA
DIRAS1,MRPL20,NA
COL14A1,EPOP,NA
RIPOR3,PDX1,NA
ZNF440,EIF1,NA
EED,DTWD2,NA
PRRG1,AKAP7,NA
CNOT6L,OR12D3,NA
RBM14,C20orf96,NA
MFAP5,ECHDC2,NA
DCLK1,LUZP1,NA
KLHL15,RBM18,NA
CCDC80,RORA,NA
SNED1,GABRB2,NA
SLIT3,ADAMTS12,NA
EHBP1L1,PLEKHO2,NA
ZNF117,PYROXD1,NA
BBIP1,RPGRIP1L,NA
LCN10,MARS1,NA
CDK19,VPS35,NA
USP3,SOGA3,NA
CCNJL,URM1,NA
DDX6,SH2B3,NA
ARF6,GANC,NA
MAGI2,PHF21A,NA
MEF2A,LYRM1,NA
SSPN,TTL,NA
RGS17,KCNQ2,NA
NOL7,AMMECR1L,NA
ANKHD1,CHD9,NA
RHAG,NUFIP2,NA
TCF12,CMSS1,NA
ZFHX3,C22orf39,NA
FAM122A,TDG,NA
OR2T12,ELOVL7,NA
NEFL,LIMD2,NA
PSPC1,SUCLG1,NA
CBLB,OR2H2,NA
TYW5,ADAMTSL4,NA
NUFIP2,C5AR1,NA
DNAAF2,SPRYD4,NA
PHF13,ERMN,NA
GOLPH3L,NPR3,NA
STPG2,PSAT1,NA
CENPE,C4orf17,NA
ZNF589,PGLYRP4,NA
DCHS2,BPIFB2,NA
PLCXD2,FBF1,NA
AGFG1,KAT7,NA
CEP41,GXYLT1,NA
SLC25A24,GNG11,NA
SUCNR1,TTPAL,NA
KANTR,INHBC,NA
PPP2CB,FUBP1,NA
ZNF483,IGDCC4,NA
CYBRD1,AF196969.1,NA
MMAA,C15orf39,NA
NWD2,RNF217,NA
GSPT1,IL6R,NA
RAB44,DISC1,NA
LIN7C,SLC7A14,NA
PCDH7,MGA,NA
USP32,MRPL11,NA
INTS4,WWP1,NA
TRDMT1,TTC13,NA
TMEM8B,TGFBR1,NA
MKLN1,LOXL3,NA
DGCR8,CARD6,NA
SCAMP1,COL14A1,NA
NRDE2,MSANTD2,NA
RNF169,SLITRK1,NA
MRPS5,ZNF609,NA
RASA1,KCNJ10,NA
STX17,CHRAC1,NA
CFC1,ACVR1B,NA
BHLHB9,CEP76,NA
CPSF6,AHCTF1,NA
GAGE1,CPSF7,NA
SBNO1,DAZAP2,NA
TSNAXIP1,BEST3,NA
MACROD2,EIF2B2,NA
SPATS2L,SMC1A,NA
CFC1B,AKR1C8P,NA
C4orf54,RMI2,NA
NR2C2,TBC1D10B,NA
GABRQ,STAC,NA
SASH3,KHNYN,NA
ITPRID1,EZH1,NA
DRAM2,MUC21,NA
BTC,ZNF92,NA
SYNPO2,VWC2,NA
BCL2L13,MPZ,NA
RNMT,OLA1,NA
COPB1,GPATCH8,NA
HHIP,MMP19,NA
AMMECR1,CSRP1,NA
AGO4,PLEKHA1,NA
SPEN,RASGRF2,NA
CDC6,PAIP2B,NA
PLPPR5,UBE4B,NA
FAM135B,MEFV,NA
RAB9A,OLFM3,NA
SH3RF1,SNCAIP,NA
PPP2R3C,F13A1,NA
PDF,VWA1,NA
C21orf91,JADE2,NA
RSF1,AC002094.3,NA
KCNMB3,ZDHHC11,NA
HIGD1A,DCT,NA
GOLGA8F,LRRIQ3,NA
ABI1,ZSWIM5,NA
NOTCH4,MYT1L,NA
ECT2,ALDH5A1,NA
OR8D1,BASP1,NA
STRN,ARHGEF33,NA
ST8SIA3,ZNF730,NA
RIT2,DERL2,NA
DIAPH2,COL25A1,NA
FBXO32,HACD2,NA
GUCY1A1,JADE3,NA
PAN3,AGO3,NA
FOXB1,NNT,NA
MDM1,INKA2,NA
IL3RA,AGO1,NA
ZNF449,ZNF324B,NA
TRPS1,WNK1,NA
FMR1,TPD52L3,NA
ANK3,STOX2,NA
RBM20,KLRD1,NA
CCDC141,ADAMTS4,NA
LCOR,ANKRD20A2P,NA
MIGA2,RAP2C,NA
ZBTB8B,IL18BP,NA
NOX4,HCFC2,NA
ZFP1,SYNGR1,NA
RAB30,TRPC3,NA
CEACAM5,STAT5B,NA
MOB1B,VEGFC,NA
SAMD8,ABCA1,NA
SURF4,BRMS1L,NA
POLE,CLTCL1,NA
RAP1B,IQSEC1,NA
SMIM10,PDE5A,NA
ZNF76,RTN4,NA
KCNB1,TENM4,NA
STATH,UBE2D1,NA
NPIPB4,VLDLR,NA
PARP12,SNRPD3,NA
NSD2,MSH6,NA
BAG4,FAM124B,NA
IMPACT,PHF3,NA
KLHL31,FAT2,NA
TPBG,CDYL2,NA
DNAJC24,CAND1,NA
IGLON5,SERPINA6,NA
ZNF84,KIF13A,NA
IGSF11,KPNA6,NA
ANOS1,HAND1,NA
ROBO1,EPB41,NA
ZNF611,UBA2,NA
UGCG,MAP3K9,NA
OAS2,TMEM200C,NA
PKHD1,DACH2,NA
ZNF844,RNF185,NA
TNFRSF13C,DISP1,NA
LGALSL,CLN6,NA
CYP2C9,MRPL27,NA
GOLGA4,GULP1,NA
PANK3,ZBTB2,NA
HELZ,RUNX1T1,NA
EPHA4,FOS,NA
MARCHF1,CPEB4,NA
RFX6,HOXA13,NA
XYLT1,AL139260.3,NA
ANKRD6,ADAMTSL5,NA
NEGR1,ERCC5,NA
RCBTB1,SERBP1,NA
C20orf202,DSE,NA
IRAK1BP1,CASP2,NA
HTR3B,LHFPL4,NA
DCAF12,KLLN,NA
LMBRD1,APOBEC3F,NA
RNF138,RASGRF1,NA
LNPK,GRN,NA
ACKR3,TMEM26,NA
FBXW7,IARS1,NA
ATG5,SMARCA2,NA
CPPED1,MFSD6,NA
CBLN2,WASL,NA
SNX1,FGB,NA
MTRNR2L1,BARD1,NA
MID1,PDE1C,NA
AK2,TMEM30B,NA
LARS1,PTPRD,NA
SLC16A7,PWWP2A,NA
ARID2,CRYBG1,NA
CLCN3,VMA21,NA
FRMD4A,CDC42SE1,NA
SPDYE6,RSBN1,NA
EXOC5,PDE4B,NA
SUGT1,STK38,NA
C1orf122,SYNDIG1,NA
KLHDC8A,GDPD1,NA
MYC,CALCOCO1,NA
WDHD1,PLCB4,NA
IMPG2,JARID2,NA
HNRNPR,NOL4L,NA
ACSS3,WDR73,NA
CLEC5A,CAPRIN2,NA
PTGS2,MGAT3,NA
NUTF2,GABRD,NA
PCDHGB6,RBMX,NA
COX7C,KDM2A,NA
NFKBIZ,CHCHD4,NA
KRAS,MINDY2,NA
FEM1C,ZMAT3,NA
EIF2AK2,ZNF860,NA
PDE4DIP,CASR,NA
ZNF800,GPR45,NA
LAMB1,CIZ1,NA
TMEM108,SUMO4,NA
FST,STIM1,NA
PARVG,CMYA5,NA
SNTG1,CD8B2,NA
ANKRD44,SLC38A6,NA
NIPA1,TUB,NA
DLST,PITPNC1,NA
PROKR1,TPRG1,NA
SMC1A,ADCK1,NA
NAPG,NUMA1,NA
OTX2,KCNMB1,NA
TARDBP,PTPRG,NA
KAT6A,DLST,NA
MTMR10,B3GNT2,NA
EIF3J,IKBKE,NA
F11,AMD1,NA
PIK3C3,WDR20,NA
GAREM1,NCOA4,NA
FOXP1,CHRNA4,NA
ABI3BP,ZNF772,NA
HSPA5,BZW2,NA
UBR7,PCDHA4,NA
OTUD4,WSCD1,NA
ST8SIA5,SF1,NA
EML1,C2orf72,NA
LIN54,SLFN14,NA
NEMP1,HIPK2,NA
LMTK2,AC068547.1,NA
PRKAB1,IL10,NA
TRPM3,CTTNBP2NL,NA
PARVA,SMARCD1,NA
RGL1,BTF3L4,NA
DYRK1B,KIF21B,NA
SMIM18,DDN,NA
BRAF,SUPT4H1,NA
SORCS3,TASOR2,NA
ZSCAN30,PPP1R13L,NA
STC1,IDH2,NA
HMGA2,FAM83F,NA
TJP1,SAMD12,NA
TSPAN19,TUBA4B,NA
HLA-DQA1,ZNF746,NA
HSPA4L,ARHGAP42,NA
ALG14,ZNF850,NA
KCNA4,RASA2,NA
CERS2,CSF2RA,NA
SLC7A9,TKFC,NA
MICU3,NANP,NA
SHPRH,CCDC71,NA
ASXL2,VSNL1,NA
TENM3,ARHGAP24,NA
SRSF4,CYSRT1,NA
SH3BGRL,SAA2,NA
SYT10,SMAD4,NA
MYO5A,ANKS6,NA
VPS35,GFRA1,NA
SMARCA2,CCDC50,NA
EIF1AX,TMEM211,NA
MET,ASB8,NA
AGO2,OARD1,NA
ELF2,ANKRD52,NA
ATXN7,GRAMD1B,NA
EZH2,ATXN7L3,NA
TKTL1,RANBP10,NA
HLCS,RIMKLA,NA
DUT,CD209,NA
LINGO2,AGPAT5,NA
MUCL3,STRIP1,NA
EPAS1,NCDN,NA
ARSB,ZFYVE26,NA
AK1,ARID4B,NA
TCF24,DLGAP1,NA
UTRN,CLDN12,NA
MECP2,NRXN2,NA
MEGF9,ZDHHC22,NA
PLPPR4,MRRF,NA
LAMC1,INTS6,NA
RLIM,ST3GAL6,NA
SZRD1,FUT8,NA
KCNMA1,SNN,NA
CALHM5,ATXN2L,NA
MGLL,CCPG1,NA
PRDM10,SLC39A10,NA
TENT4A,MCU,NA
PRIM2,YAF2,NA
EIF5A2,PHACTR2,NA
CLOCK,JPH2,NA
MDFIC,PFDN6,NA
ESM1,MBD2,NA
CDH8,CNTD1,NA
KIF15,NUDC,NA
CDC42,RPL34,NA
KIAA0040,STRADA,NA
OSBPL7,NPAT,NA
OR2T6,ARMC2,NA
ITGB8,BACE1,NA
LVRN,SLC4A4,NA
RASGRP2,HNRNPA0,NA
PRRG4,CDH23,NA
SLC35F1,ELF2,NA
GSK3B,FNDC3A,NA
FGFR2,AP2M1,NA
DNAJB7,SLC9A6,NA
RNLS,CUL1,NA
HAUS3,TOP3B,NA
TP53TG3F,METRN,NA
SGCD,CHAF1A,NA
CLDN12,SCN2A,NA
SYN2,ABCG4,NA
PDS5B,HDX,NA
PLD5,CADM4,NA
FGD6,NME6,NA
JAG1,PHF8,NA
PTGES3,MTM1,NA
SHISA3,KNG1,NA
MTRNR2L11,ZNF385D,NA
AMPH,C2orf68,NA
RAP2A,OR2T11,NA
TRAF6,PBX3,NA
ULBP1,URB2,NA
GNA13,KIN,NA
SAMD3,CNTFR,NA
CDKN2AIP,PYGO2,NA
MEIS2,AL139353.1,NA
ATP5F1E,ONECUT3,NA
ABO,PLXNA4,NA
GOLGA3,HS3ST3B1,NA
AP3B2,FAM161A,NA
DYRK1A,DCAF12L1,NA
SLC9B2,COL6A5,NA
WNK3,CACNB4,NA
SIGLEC6,ENOSF1,NA
INSL5,PYHIN1,NA
AMBN,CCDC80,NA
ADH5,ERO1A,NA
DLG3,RNF182,NA
SNX17,FKBP14,NA
EBF1,SEMA3E,NA
BRINP2,NLRX1,NA
USP28,ABCG8,NA
PTEN,ATRIP,NA
ZNF891,MAP4K3,NA
CACNG5,MESP2,NA
ZFYVE16,ZIC5,NA
C4orf46,GRM4,NA
HAPLN2,ECHDC1,NA
MBOAT2,KCNMB3,NA
PURB,MAN1A2,NA
UPF2,AP1M1,NA
PEX11A,SPATA32,NA
SPDYE5,SGCB,NA
LSM5,SZRD1,NA
RAB22A,BTG2,NA
SLC38A2,INSRR,NA
SPDYE8,ZFP62,NA
HAUS1,PLCD3,NA
GRID2,CDC25A,NA
BCHE,BMPR1B,NA
TBC1D22A,COPS2,NA
SPDYE9,PHF14,NA
SPDYE11,GOLGA6L1,NA
ZC4H2,CACNG5,NA
PTPRD,MED1,NA
ACO1,ABCC9,NA
SS18L2,RELCH,NA
VWC2L,TLCD5,NA
RAP2B,MTRNR2L10,NA
PCDH8,OXCT1,NA
ZNF624,SLC22A7,NA
CNFN,KMT2D,NA
NMT2,HS3ST3A1,NA
ZDHHC18,TMEM158,NA
PDE4A,CDIN1,NA
KAT7,NFYB,NA
ANKRD12,TENM1,NA
FAM126A,PRR3,NA
CCDC85C,SYCE2,NA
ZNF397,ANXA4,NA
BPTF,APEX2,NA
NRF1,C1orf226,NA
PCGF3,P2RY1,NA
UPRT,QKI,NA
SOD2,UQCC3,NA
MAS1,PLLP,NA
ELAPOR2,MB,NA
PLXNA4,ULK2,NA
LARP6,ENAH,NA
SGPL1,ARSD,NA
IPO7,ABI2,NA
TBC1D3K,ACSM6,NA
PGM2,TTC33,NA
GPX7,C15orf40,NA
TAFA2,TVP23A,NA
SERPINB13,PAQR3,NA
NBPF12,TIAL1,NA
CD109,AL049839.2,NA
LRIG2,SRGAP3,NA
ZNF503,NRN1,NA
CRY1,NDEL1,NA
FAM221B,CPPED1,NA
HNRNPU,PEA15,NA
PDE12,FAR1,NA
RABL2B,MEIS1,NA
SRP9,ZNF26,NA
NEUROG2,ACIN1,NA
AC137834.1,ZNF148,NA
ARHGAP24,PLEKHG4,NA
MICAL3,RNF149,NA
KLF4,SLC6A1,NA
PABPC4L,SORT1,NA
UHRF2,THAP2,NA
MFSD4B,OR6B1,NA
INTS3,TEX9,NA
RALY,DCP1A,NA
CD46,VPS13D,NA
RHOG,XPR1,NA
DAZ2,TMC8,NA
MBTPS2,GSPT1,NA
PKD2,FGFRL1,NA
GALNT6,WDR36,NA
RBBP4,CAMK2A,NA
KAT2B,BMP3,NA
SP3,SLC1A1,NA
APPBP2,PUM1,NA
ZNF415,EDEM3,NA
POTEC,OCM2,NA
GOLGA6L1,EIF3M,NA
EYA4,BTN1A1,NA
ZNF587B,GRIN3A,NA
TBCEL,DMRTA1,NA
ZFX,ZNF750,NA
B3GALT5,CD4,NA
AC098850.3,CHCHD5,NA
TERF1,DLX3,NA
SNX16,KCTD16,NA
C3orf38,EPHB1,NA
ASF1A,NANOGNB,NA
CNKSR3,CASC3,NA
ZNF391,ATP6AP2,NA
BCAS4,ALG10B,NA
KDM1B,LGALS8,NA
KCND3,PIKFYVE,NA
DYRK3,IL13,NA
PLEKHA1,USP44,NA
RRP15,GPC4,NA
ETV1,ARL5B,NA
PCBD2,PLPPR5,NA
MAP2K6,SART3,NA
TPCN1,SMCP,NA
KCNQ5,CAND2,NA
TSPYL4,ZNF660,NA
RNF6,SAMD8,NA
ZNF419,VKORC1L1,NA
MRO,PIGT,NA
GIPC2,TOB2,NA
ZNF830,CD300LG,NA
TMEM268,PBX1,NA
SLC25A48,HOXD10,NA
OR4K2,PPM1L,NA
MAJIN,FBXL20,NA
MMAB,CNST,NA
MMS22L,PTPN14,NA
AKAP6,SPATA16,NA
MAL2,ALS2CL,NA
TBCE,PHEX,NA
ZNF546,PRELID3B,NA
NEK7,KPNA1,NA
FGL2,SYN3,NA
CBFA2T2,TCTA,NA
ADAM12,TFDP2,NA
GOPC,POLR2J3,NA
PIAS1,PATE4,NA
SMG1,PIK3R1,NA
LPCAT2,PPP2R2A,NA
CREB5,CYCS,NA
GDNF,MAPKAPK5,NA
TPTE,TENT5A,NA
CEP170,EIF3F,NA
EHD2,IMPACT,NA
KIAA0232,IGSF10,NA
AGBL1,RAB4B-EGLN2,NA
POLR2C,FAM78B,NA
C1QTNF7,CEP20,NA
UGGT1,ST6GAL1,NA
ASAH2,ERN1,NA
MLEC,MGME1,NA
OR6C1,DUSP8,NA
CCN3,HARS2,NA
SV2C,AC012531.3,NA
CELF2,MIP,NA
TREML2,PTPN11,NA
HAT1,GCNT7,NA
LRRC3B,OPN5,NA
OSBPL8,FBXW2,NA
TMEM218,PCDHB2,NA
PAPOLG,VASP,NA
ZNF568,AC010197.2,NA
HERC4,IRAK4,NA
JMY,EFNB3,NA
IDNK,AC139491.7,NA
TIMD4,ZCCHC3,NA
NSG1,ZEB1,NA
MAP4K2,TMEM250,NA
MPZL2,ATP6V1G2-DDX39B,NA
GALNS,OCM,NA
CYP1B1,TBC1D9B,NA
CYP3A7,SFR1,NA
GABPA,ARPC5,NA
PDGFRA,CTDSPL2,NA
MAPK14,SLC1A2,NA
SEZ6,GGA2,NA
ZNF300,PHLDB1,NA
RSRC1,TTC36,NA
OR8D4,FAM171B,NA
FN3KRP,MAZ,NA
FANCI,IL17REL,NA
FAM153A,ETV6,NA
BDNF,TTC23L,NA
E2F6,PPM1K,NA
MYEF2,CALN1,NA
CNOT6,PCSK2,NA
ST8SIA6,YPEL2,NA
B4GALNT2,KCNH5,NA
NADK2,GOLGA6L22,NA
PM20D2,NEPRO,NA
PYURF,UTY,NA
CCZ1B,ESD,NA
CMTM4,DTWD1,NA
FER,NAP1L5,NA
MLC1,CACNG7,NA
AMD1,RNPEPL1,NA
SLC35F3,LRP11,NA
SNTB2,FOXO1,NA
ZNF319,NPS,NA
PSMD12,IP6K1,NA
FBXO9,ZBED6,NA
IGSF1,AQR,NA
VGLL4,HRH4,NA
KITLG,PRKCD,NA
CHST2,SPOPL,NA
WDR11,PLEKHA3,NA
RANBP1,DAAM1,NA
MRPL19,PORCN,NA
CIBAR1,PAQR9,NA
PICALM,SEPTIN10,NA
SLC15A2,PCGF5,NA
DLGAP1,SLC41A2,NA
MCC,YIPF3,NA
MCTS1,EDIL3,NA
NR2F2,POLE3,NA
SCIN,TMPRSS11F,NA
LMAN2L,SNX12,NA
ZFP37,ACOT2,NA
TIMM8A,MDFI,NA
GPR65,PAPPA,NA
USP31,CCDC190,NA
MED30,PIK3R2,NA
PROX1,ENY2,NA
SENP3-EIF4A1,HERC3,NA
PAX3,ABHD15,NA
ARMC8,TBC1D22B,NA
FP565260.6,CREB5,NA
SCUBE3,CENPS,NA
SCART1,MLLT6,NA
TSHZ3,GBP4,NA
ARL8B,CRNKL1,NA
DIP2B,ILDR2,NA
GPRIN3,SUPT16H,NA
DDX31,C1orf116,NA
XPOT,TMEM182,NA
KCNH8,RGS5,NA
CCL28,PPP1R16B,NA
KLHDC10,SYVN1,NA
SEMA6D,RHOG,NA
FNIP2,MBTD1,NA
PDE4D,DNAJC10,NA
ZNF480,HTR2C,NA
PPP2R5E,ANKRD49,NA
CDC27,POLE,NA
APOOL,AL662899.2,NA
ARHGEF12,PRRT2,NA
ICA1L,FRAS1,NA
HMGB3,B3GALT5,NA
SPAST,VTI1A,NA
SNX30,SLC25A12,NA
OR4N2,MMACHC,NA
RBMX,STOML1,NA
SEC22A,ARL15,NA
GFRA1,KDM5B,NA
GRM7,TAF4,NA
ARGLU1,SIPA1L3,NA
REG3A,PSG11,NA
JMJD1C,METTL14,NA
SCARA5,CACNA2D1,NA
BCL11B,PARP16,NA
TMF1,SRP14,NA
PLEKHA7,POLR3G,NA
TPM3,P2RY6,NA
ZEB1,PRKACB,NA
FRRS1L,ATL3,NA
NDP,TOP2A,NA
PRDM5,NXPH3,NA
DCANP1,RPAP2,NA
AP1G1,NGFR,NA
INSYN2A,YPEL5,NA
SORD,HSD17B6,NA
LRRTM4,ITCH,NA
LCP2,STX16-NPEPL1,NA
KCNK12,RGS17,NA
LONRF1,LAPTM5,NA
STK32B,ZKSCAN3,NA
CREM,NDFIP2,NA
CNTN1,GALK2,NA
BMPR2,CLIP1,NA
RGS16,TOP3A,NA
CFAP36,EHD4,NA
CDH11,C1orf74,NA
BZW1,XK,NA
NPHP1,CNTRL,NA
LRP2BP,ZNF420,NA
DLX3,RBM23,NA
CPOX,UQCRB,NA
PANK1,PRRG2,NA
MS4A6A,C1orf94,NA
FAT4,LRRC2,NA
RAB23,DTL,NA
FAM3C,RFK,NA
SPRY3,MTCH2,NA
SFT2D2,MFAP5,NA
SPATS2,TMC6,NA
ZNF292,GNB1L,NA
CDH18,ZFP28,NA
SPARC,TUG1,NA
POMK,ZNF117,NA
NUP35,ZNF319,NA
TCP10L,MAML2,NA
PTGS1,IL1RN,NA
RRAGD,KIRREL1,NA
RIF1,GNPAT,NA
RAB27B,GAPVD1,NA
PIK3C2A,ZNF214,NA
OSTN,FAM13A,NA
USP8,LPIN1,NA
MARCHF6,FLVCR1,NA
PEX11B,UCHL1,NA
CACNA1E,FAM237B,NA
INTU,RERE,NA
ACAT1,BMP1,NA
ITPRIP,MEX3A,NA
TRAPPC10,C7orf25,NA
TMPRSS12,WDFY1,NA
ZNF417,BUB3,NA
TMC1,ZNF615,NA
ZNF605,TBL1XR1,NA
ZC3H8,SYT7,NA
C1orf185,TGFBRAP1,NA
PRR9,TCF12,NA
AKAP5,ADAMTS17,NA
OR2AG1,SV2C,NA
MGAT4A,PRKAR1B,NA
ZSCAN22,VPS37D,NA
SHC4,TBC1D15,NA
WSB1,ZNF43,NA
LHFPL2,LINGO1,NA
POU3F1,KDM2B,NA
STARD13,ARL10,NA
RBKS,GOLPH3L,NA
DYNAP,C1orf43,NA
MAST4,SGPP1,NA
TEAD1,BTN2A2,NA
SLC7A1,MED13,NA
CCDC47,PLCXD2,NA
MSH2,AC073283.3,NA
RP2,CHORDC1,NA
OR10J1,YTHDF3,NA
CDKN2B,CTDNEP1,NA
CENPC,NR4A3,NA
C5orf51,CTSL,NA
RASGRP1,KIAA1614,NA
ABCB10,TSHZ3,NA
PELO,ZNF483,NA
GPR61,CEP43,NA
RAG1,VANGL1,NA
ADAM10,LIN7C,NA
NME9,EPHB2,NA
CLINT1,PCDH7,NA
ZNF736,TRDMT1,NA
AC106741.1,NUDT16,NA
RNF144B,SET,NA
NPTX1,TFEC,NA
IGF1R,MKLN1,NA
STIL,GFRA2,NA
EXPH5,STX1B,NA
MID2,TMED8,NA
C12orf73,EPYC,NA
TMEM263,PCIF1,NA
DCN,NRDE2,NA
PAG1,FAT3,NA
NOL8,ACKR2,NA
TTC30A,KLHDC10,NA
ZBTB34,UBE2D2,NA
STON1,ZDHHC16,NA
UBE2L5,STX17,NA
LEMD2,REST,NA
EIF4H,EPB41L3,NA
BOD1L2,CCDC121,NA
SHROOM4,SYNJ2,NA
UGT2B11,RASSF1,NA
NRBF2,MREG,NA
ZBTB10,SLC5A10,NA
STIM2,ADRB2,NA
FAM135A,FBXL17,NA
ZNF280B,UBR3,NA
ICE2,MIB1,NA
PAXBP1,GOLT1B,NA
TENM2,AL158151.3,NA
HIVEP1,GPR88,NA
OPHN1,SDC4,NA
RASSF6,TOM1L2,NA
RND3,ZNF672,NA
TRHR,CORO2B,NA
GPD2,DCUN1D5,NA
ERMP1,NDUFA11,NA
SMIM41,SLC16A10,NA
TMEM121B,PRORP,NA
BMPR1B,EIF5A2,NA
G3BP1,CFL2,NA
ARRDC3,SFXN2,NA
CLEC4C,NECAP1,NA
ERBB4,ITIH4,NA
MYSM1,PCARE,NA
ZNF525,MFSD4A,NA
NXT1,PIF1,NA
CAPN6,CXCL8,NA
GLYATL3,CAMKK2,NA
RSL24D1,RNF4,NA
SLC39A10,AMMECR1,NA
COL11A1,FARSB,NA
PHACTR2,ZNF99,NA
TRANK1,SPEN,NA
UBE2E2,FAM135B,NA
TIPARP,JCAD,NA
UBE2Z,HUS1,NA
NIPBL,RHOT1,NA
TTC39B,MID2,NA
AQP9,PSMC4,NA
LLPH,MAP3K7,NA
ZNF451,FKBP6,NA
TRIP11,BIRC6,NA
CA10,NFIA,NA
PPM1B,GOLGA8F,NA
UBXN7,SLC36A1,NA
FAM177B,ST8SIA3,NA
FSD2,AURKC,NA
ZNF563,FARP2,NA
FRMD6,ERFE,NA
PPDPFL,CEMIP2,NA
FOXK1,STK4,NA
RNF8,KIAA0232,NA
MPLKIP,ZNF648,NA
SOCS4,GUCY1A1,NA
LEPROTL1,PSORS1C2,NA
ARHGAP31,KCNIP2,NA
CIP2A,FASLG,NA
HTR5A,RPL37A,NA
ADD2,CBLIF,NA
EPB41L3,USP37,NA
NHS,GNA11,NA
TULP3,MEIS3,NA
OR6N2,SPIN1,NA
DSTN,PRKAR2A,NA
SERTAD4,ABLIM3,NA
RAB2A,CCDC34,NA
PIK3C2B,OLR1,NA
PARP4,OAS2,NA
SMG7,NARS2,NA
RRM2B,MAT2A,NA
WAC,HPSE,NA
ZDBF2,ITGAL,NA
OR51E2,FAM81A,NA
SEC62,ARHGEF2,NA
TRIM51GP,SGK2,NA
ANKRD40CL,POU3F1,NA
HOXD10,SLC39A9,NA
SLC17A5,COA5,NA
GCM2,POMGNT1,NA
ATG16L1,KCTD17,NA
ZNF280D,WAPL,NA
ITGB1BP1,ZBTB8B,NA
AFF2,MCTP1,NA
DNALI1,SARM1,NA
TUB,GTPBP10,NA
MPPED2,RGPD1,NA
EMCN,PDP2,NA
NKAIN1,RAB30,NA
PHF21A,ELFN2,NA
CREBZF,GPX2,NA
STAU2,FAM83G,NA
DCAF4L2,RRAGC,NA
FBN1,F8,NA
POLI,TIFA,NA
ACBD5,MED17,NA
ATP2B2,TUBG1,NA
UQCRH,WNT11,NA
PHF20,BCL11B,NA
GPR161,GNAI1,NA
GTF3C4,AP1M2,NA
COL12A1,LATS1,NA
GAPVD1,ERVV-2,NA
SEPSECS,TMEM127,NA
G3BP2,ZDHHC20,NA
KLHL42,ANOS1,NA
ATP6V1A,NEU3,NA
FUT11,LEMD3,NA
NPAS2,FRY,NA
PABPN1,SBK2,NA
WIPI2,CACUL1,NA
FAM199X,SCG3,NA
ZNF718,PRKCQ,NA
KLF13,EP400,NA
MAP3K21,SLF2,NA
LRRTM2,IL2RB,NA
ZFAND6,RPS3,NA
NDFIP1,SLC2A3,NA
TMPRSS13,NEGR1,NA
TECTB,GLP1R,NA
CLEC6A,CADM3,NA
MTHFD2,PTPA,NA
AMMECR1L,AKAP6,NA
PRKAA2,ZNF451,NA
CNTN4,SHCBP1,NA
MEPE,NUDT11,NA
SOCS1,TMEM201,NA
PARD3B,MMS22L,NA
KCNC4,RASSF9,NA
ID2,CST2,NA
PIKFYVE,C17orf58,NA
PLEKHG7,TMEM239,NA
CDH19,KCTD10,NA
TPST2,PTEN,NA
NR3C1,RSBN1L,NA
RASSF9,SLC12A4,NA
SNAP91,DMWD,NA
PFKFB4,CYB5RL,NA
KDM5A,SGTA,NA
BNIP2,LBH,NA
NAE1,SON,NA
TMEM167B,AL096711.2,NA
FBXL17,KANK1,NA
A1CF,NFAM1,NA
IRAK3,CSRP2,NA
ASAH2B,TMOD1,NA
RTTN,TRAM1L1,NA
FANCF,IRS2,NA
FAM168A,ZNF79,NA
PPP1R9A,CORO1C,NA
ANKS6,HNRNPR,NA
TPM4,ACSS3,NA
ZNF576,ADPRHL1,NA
INPP4A,SCN7A,NA
MTMR2,ZBTB41,NA
RNF14,MTARC1,NA
SHISA6,ALG2,NA
UBTF,GLI3,NA
WDFY3,VCAN,NA
SH3D19,AC005520.1,NA
HNF4G,HAS2,NA
ZNF528,TMEM200B,NA
SHROOM3,OR2L2,NA
PIGM,CDH8,NA
SLC5A9,KRAS,NA
RFX7,RERG,NA
MBNL3,FAM104A,NA
FGF10,SNTG1,NA
FAF1,RBM3,NA
SLC25A38,CSKMT,NA
STK32A,BDH2,NA
TBPL2,ESR2,NA
ZNF585B,ADO,NA
FAN1,ZNF641,NA
HS2ST1,USP9Y,NA
CRACR2A,STAU1,NA
JAM2,SUDS3,NA
MPP6,TNNI1,NA
DSCAML1,CLASP2,NA
CPEB4,VSIG10,NA
TMPPE,CDKN1B,NA
COPB2,OR8D1,NA
ELOVL5,VPS53,NA
KSR2,IRAK2,NA
RBM11,SMOX,NA
NRXN3,PDE6D,NA
ZIC3,COL5A2,NA
DIDO1,TSPAN18,NA
FAM172A,BSN,NA
GTF2A1,NRXN3,NA
CDC25C,KLHDC8B,NA
TBL1XR1,KCNE5,NA
PRICKLE2,ABI3BP,NA
NECAB1,AMOTL2,NA
CASK,NT5C2,NA
ECT2L,OR51I2,NA
DYNC1LI2,UTP23,NA
ZNF780B,SLC38A2,NA
RNF212,VAMP3,NA
GCA,INTS2,NA
CLEC1B,SLC10A7,NA
SMARCA5,ANKRD26,NA
APLN,DNAI2,NA
ZNF609,TNR,NA
TF,BAK1,NA
ERV3-1,IGSF9B,NA
VPS4A,PARVA,NA
MYADM,RGL1,NA
EXOC6B,HOXC8,NA
IKZF2,PALLD,NA
PPP1R12B,BAZ2B,NA
FGF12,ADAMTS5,NA
PDZD2,SNX11,NA
PRRC1,ID4,NA
SIGLEC8,KDM5A,NA
ELFN2,ITPR3,NA
TSGA10,TRIM33,NA
MYORG,ERCC8,NA
TGFBR3,CCDC43,NA
ST13,RGS16,NA
NDUFS1,ZBTB39,NA
SPTBN2,CD59,NA
CALD1,FSTL4,NA
ZSCAN23,MUC16,NA
CNGB3,ETV1,NA
MAPK10,AL049697.1,NA
MAFB,GRIK3,NA
C10orf67,RIMS3,NA
UHMK1,UBQLN2,NA
FBXO36,FOXA2,NA
CELF4,DCHS2,NA
FBXO6,FRG2B,NA
DYM,SP1,NA
TMEM178B,AL590560.2,NA
SLC5A7,MON1A,NA
ASXL1,BTBD3,NA
CAMTA1,FAM122B,NA
MTFR1,FER,NA
PCNX4,ZDHHC18,NA
SPCS3,NHLH1,NA
ARFGAP3,FAM90A26,NA
POLQ,GJB1,NA
NMNAT2,FRMD3,NA
FKTN,DEDD,NA
CRIM1,DNA2,NA
ANXA7,FAM160A1,NA
FERMT2,SOD2,NA
LIMD1,CENPBD1,NA
ZNF33B,SOCS7,NA
NPEPPS,NCAPG2,NA
RAB3IP,MEDAG,NA
AMOT,MBLAC1,NA
NEDD4L,TPP1,NA
TAT,PLPBP,NA
MPZL3,DNAJC25,NA
ITSN2,CACNA1B,NA
SLC13A1,EIF1AX,NA
AMER2,B4GALT2,NA
MXRA5,LPAR3,NA
OSBPL3,ADRA2C,NA
TPRG1,ARHGEF37,NA
ZNF805,NR1I2,NA
FAM122C,CD96,NA
TMEM132B,SSX2B,NA
PFN2,TMEM263,NA
PBX2,TCEANC,NA
R3HDM2,AGBL5,NA
REL,LRIF1,NA
HDAC4,AASDHPPT,NA
LRRIQ3,GLIS3,NA
TOP1,DCAF11,NA
P2RX3,RBM20,NA
HLA-DOA,HLCS,NA
GOLGA7,PRXL2A,NA
ARFGEF1,GJB7,NA
THSD4,PHC2,NA
BIRC6,LARP4,NA
LYSMD4,ZZZ3,NA
LILRA2,AC011330.3,NA
MAP3K1,EGFLAM,NA
COG8,IPO5,NA
RAD23A,FLRT3,NA
SSX2,ARSB,NA
EAF1,PPM1B,NA
SECISBP2L,EFCAB2,NA
ILDR2,TAFA1,NA
RNF170,CFAP44,NA
MAGEH1,SIGIRR,NA
COL4A6,BCL6,NA
G2E3,OR10H4,NA
SLC35G3,ABHD5,NA
ATXN3L,PIP5K1B,NA
THAP11,HLA-DOA,NA
EFHC2,LNPK,NA
TLR4,PRR29,NA
RUNDC3B,PLA2G2F,NA
KLF9,DGCR2,NA
PUS7L,SUGT1,NA
DCBLD2,RLIM,NA
RPRD1A,STK35,NA
MYO6,RCOR1,NA
ZNF24,G3BP1,NA
SULF1,INO80D,NA
RBBP9,SULF1,NA
GEN1,TBL3,NA
BROX,SLC22A15,NA
CDK14,B4GALNT2,NA
MCL1,NEK9,NA
RBM28,TACR1,NA
DPY19L1,SSH1,NA
FTHL17,ZFPM2,NA
MUSK,GADL1,NA
SYT11,STX16,NA
MBD3,POU6F1,NA
CMTR2,SCN4A,NA
ATP8B4,PXMP4,NA
CSE1L,ELAVL4,NA
CHIC1,SFTPA2,NA
FBXL7,C1QL3,NA
HTR1A,CEP250,NA
XIRP2,NBPF3,NA
CDKN1B,ZNF345,NA
TM9SF3,SLC30A7,NA
NIPSNAP3B,PCDHGB3,NA
UGP2,CDC42,NA
CALCRL,SLC11A2,NA
UBR2,KCNA2,NA
RYR3,RBM17,NA
GREM1,PLEKHG6,NA
STRIP2,MIER3,NA
ADAMTS6,RAB3IP,NA
PFKM,LRRC8A,NA
GDA,XPO7,NA
SLC2A13,NDUFA12,NA
JDP2,SGCD,NA
BNC2,TF,NA
TAB3,CEACAM1,NA
DAZ3,EIF4E,NA
UNC5D,GLYCTK,NA
VAX2,PCDHGA11,NA
MRPL33,PCDHGC5,NA
CTLA4,PLD5,NA
WDR33,IL17RA,NA
MXI1,PGBD5,NA
NR6A1,ATP8B3,NA
TRIM14,COL8A1,NA
CLPX,POU2AF1,NA
ZNF217,ZBTB7A,NA
HCK,PKNOX2,NA
VEZT,RIPK1,NA
NAALAD2,RAP2A,NA
CRB1,MED8,NA
WDR12,MC2R,NA
PABPC1,MAB21L1,NA
ORAI2,OXGR1,NA
CDK6,GNA13,NA
SF3B3,FAM107B,NA
VCAN,CALCB,NA
ATP13A3,SAMD5,NA
WDR3,BNC2,NA
ITGA5,BMF,NA
LACTB,SNX19,NA
DDHD1,RELT,NA
MSANTD1,GARRE1,NA
MALSU1,PLD3,NA
MTERF1,RNLS,NA
PTPRJ,WDR27,NA
RHD,C11orf45,NA
RILPL1,PHF6,NA
DPY19L2,CUX1,NA
CYP2J2,AMBN,NA
NXPE1,MTHFR,NA
H3-2,TSC1,NA
NBPF11,PRPSAP1,NA
TECPR2,LGSN,NA
LANCL3,CDK16,NA
KLF6,PCDHGA1,NA
GALNT15,AAGAB,NA
PLOD2,YJU2,NA
MON2,CD109,NA
MTMR4,CHN2,NA
IFNG,ZC3H12A,NA
PTCHD1,OPCML,NA
WDR20,PCDHGB4,NA
ZBTB41,MBOAT2,NA
ACVR1C,AATK,NA
GNAI1,KLHL11,NA
TNPO2,MT1X,NA
PCSK2,SLC30A4,NA
SUSD3,FAM90A1,NA
CXADR,P2RX5-TAX1BP3,NA
TRPC5,LSM5,NA
CXCL9,MED28,NA
SORL1,NBPF1,NA
UBR1,RAB22A,NA
ITGAV,CCDC28A,NA
ORC2,VAX1,NA
CHD6,KIF5A,NA
IL1A,SERPINF1,NA
CCDC71L,RAD9A,NA
DCLK2,RPS6KB2,NA
TMPRSS11B,PDXK,NA
MEF2C,HAUS5,NA
TBL1X,GRID2,NA
BRK1,SMARCD3,NA
ZNF616,DENND4A,NA
OR8G1,OSBPL3,NA
TULP4,ZNF264,NA
MCFD2,EPHA2,NA
FAM133A,ACO1,NA
PHLDA1,SS18L2,NA
GJD2,VEGFB,NA
KLHL20,LGI1,NA
YJEFN3,RNF165,NA
ZNF276,NCOA1,NA
STXBP5L,RAP2B,NA
HEATR5A,WNT7A,NA
OR2L2,PCDH8,NA
SNTN,ZNF624,NA
MGA,CDIP1,NA
SDAD1,NMT2,NA
SPAG16,KCNB1,NA
MTX2,SNX3,NA
ZBTB4,KPNA2,NA
AP3M2,PCDHGA4,NA
TYW3,SGSM2,NA
RUFY3,TSHZ2,NA
SCN8A,PCDHGA7,NA
CCZ1,PCDHGC4,NA
OTUD3,QSOX1,NA
IL1R1,PLA2G3,NA
RBM47,DNMT3A,NA
ZMYM4,ARHGEF9,NA
TBC1D4,ADGRB2,NA
QPRT,PRKD1,NA
CSNK2A1,ARAP2,NA
ATP2C1,BPTF,NA
FBXO45,HNF1B,NA
RAB5A,ATP7A,NA
LTV1,PCDHGB5,NA
MAPRE2,DRC3,NA
RPEL1,PRPH2,NA
ZNF263,KMT2A,NA
IL22RA2,BBC3,NA
PELP1,MEGF10,NA
KLHL24,SHBG,NA
LRR1,ALG14,NA
FZD1,CCDC13,NA
SRRD,RHOU,NA
TRAF3,OLFML2A,NA
CLEC1A,ZNF577,NA
DAB1,RNF144B,NA
TIPRL,PCDHGB1,NA
SLC16A1,TAFA2,NA
RIMS2,KCND2,NA
CD226,OPRD1,NA
ZNF641,PRR11,NA
PPP1CB,SERPINB13,NA
RAD54L,ZNF445,NA
ACTR3C,PCDHGB7,NA
TADA2A,PCDHGB2,NA
ARHGEF10L,NBPF12,NA
DIAPH1,ZNF503,NA
CLSPN,CASP9,NA
MKKS,LYVE1,NA
SNU13,GCN1,NA
EDEM3,ADAT1,NA
NTAQ1,MBNL2,NA
ABHD18,PCDHGA5,NA
ZNF441,TMEM119,NA
CAP1,PCDHGA10,NA
HGSNAT,ABHD4,NA
ZC3H15,MRGPRE,NA
FAM47E,SLC28A3,NA
RB1CC1,P2RY2,NA
TRAM1L1,UNC13A,NA
SLC18A2,KRTAP11-1,NA
RAB10,CCDC127,NA
MAF,CCDC6,NA
ATL3,H4C5,NA
AC068547.1,KPNB1,NA
SH3GLB2,PDE12,NA
ACOX1,CD164L2,NA
ZNF70,BBX,NA
DNAJB14,RGS4,NA
HOXB3,DEFB108B,NA
IGF1,EMC10,NA
ENAH,PI4K2B,NA
NTNG1,SATB1,NA
FAM155A,SNRNP27,NA
IRAG1,MFSD4B,NA
CSMD1,PLEKHG7,NA
PLEKHG1,FBXO28,NA
BDP1,THAP11,NA
BAIAP2L1,PCDHGA3,NA
STXBP5,CAMK1G,NA
TACR3,CD46,NA
DEFA1,ABCB11,NA
ATP2A2,ATXN7,NA
HBG1,ACY1,NA
ERAP2,CERS3,NA
MCTP1,CPSF6,NA
OR1D2,PAK5,NA
HLA-DQB1,PCDHGC3,NA
CYP4A11,RBBP4,NA
TCFL5,IKZF3,NA
DPYD,CYRIA,NA
DNAL1,NEXMIF,NA
LHFPL4,SP3,NA
TLK1,APPBP2,NA
PBX1,INTS7,NA
UGT3A1,SETD1A,NA
KCNV1,WIZ,NA
RRAGC,CD38,NA
KRTAP4-1,CAV1,NA
TIFAB,PIK3C2A,NA
CAVIN2,TBCEL,NA
UBLCP1,PCDHGA2,NA
DENND5B,AC091551.1,NA
TACC2,DHX37,NA
CACNA1G,C8A,NA
PAX6,CBFA2T3,NA
ERG,ASF1A,NA
COL4A3,PCDHGA9,NA
TMEM47,ZNF891,NA
BMPER,TRIM36,NA
STK35,RPS25,NA
DOCK10,CNR1,NA
CSTF1,AC104389.5,NA
PLAC1,CLEC1B,NA
SERPINB9,NUTM2E,NA
INVS,LOX,NA
AGPAT5,ABHD2,NA
ATP1B1,EYA3,NA
NUP50,C15orf61,NA
USP25,EVC,NA
GPN1,CACNG1,NA
GAD2,SLC25A44,NA
RTKN2,TTC14,NA
SGIP1,PTGES2,NA
RNF217,CDC14A,NA
DGKK,CRTC3,NA
CASP3,INA,NA
ZNF552,ZNF460,NA
ETV3,LIMD1,NA
CASP10,ADM2,NA
UCK2,CDH20,NA
JAK3,RSPH3,NA
FEN1,FAM126B,NA
ATP10D,ADCYAP1R1,NA
TRPC4,PURB,NA
SELENOI,KCNQ5,NA
HECW1,TPD52L1,NA
WDR55,PEAK1,NA
SETD7,PTS,NA
TSC22D3,ADCYAP1,NA
UBE2I,SLC2A5,NA
CD274,ZNF708,NA
LRRC8C,TMEM268,NA
TRIP12,S100A7A,NA
C17orf80,COL12A1,NA
BCL2,SFMBT2,NA
MTARC1,MAJIN,NA
MKNK2,PPIP5K2,NA
C17orf58,CREG1,NA
RADX,HCAR3,NA
HNRNPA3,TINF2,NA
SEPTIN7,SMIM23,NA
XKR6,PNPLA8,NA
NBN,SNX33,NA
CEP120,IL10RA,NA
FBXO30,POTEC,NA
DNM3,ACSS1,NA
CBFB,FKTN,NA
AC022384.1,MCUR1,NA
EN2,LRRC3B,NA
SOGA1,LTBP1,NA
CCDC90B,CBFA2T2,NA
TWIST1,EDA2R,NA
C4orf45,BEND2,NA
ZNF804A,ABHD12B,NA
LRRC40,GOPC,NA
SNRNP48,RASGEF1B,NA
KIF3B,UNC13C,NA
PCNA,NFATC4,NA
DEFB132,GDNF,NA
GPR101,ZNF776,NA
SREBF2,RABL3,NA
NDUFAF2,CDH9,NA
BTG4,SRSF8,NA
UBASH3B,TWF1,NA
PAWR,EIF3E,NA
FKBP7,MAS1,NA
CYCS,OR10G4,NA
CDH22,PDHA2,NA
RARB,ZNF287,NA
NT5C2,UTRN,NA
ANKRD40,DCAF8,NA
SPTY2D1,SHISA6,NA
LRP8,TTLL6,NA
RBAK,VAMP2,NA
QTRT2,OR6C1,NA
CERK,PLBD2,NA
RNF13,MSL3,NA
ZNF625-ZNF20,NCOA2,NA
DZIP3,PTPN9,NA
C18orf63,SUPT6H,NA
ALG2,DUSP4,NA
ZNF667,PRKCI,NA
HAUS2,FMN1,NA
GRIN3A,ZRANB2,NA
HNRNPA2B1,FFAR2,NA
MINAR1,DTD2,NA
MAP3K9,DUSP14,NA
GTF2H1,ZNF512B,NA
CEACAM19,BAG4,NA
ATP8A1,VGLL3,NA
FBXO22,KLC1,NA
PMEPA1,RPUSD3,NA
H2BC18,NDST1,NA
SLC9A2,CLDN10,NA
SEC14L2,PGRMC2,NA
NDST3,RAB36,NA
NCBP3,SCUBE1,NA
SRGAP2,NSG1,NA
STRIP1,PLAT,NA
OSBP2,AQP11,NA
PTBP2,HIPK1,NA
ZNF41,OR5B2,NA
MIDEAS,ILRUN,NA
MIA3,SPATA2,NA
GIT2,ZNF33A,NA
MAP1A,NOTO,NA
ZNF385B,FCRL3,NA
CLDN16,ZNF326,NA
RABL2A,DSG2,NA
GATM,SYNGAP1,NA
LRFN1,CD1C,NA
ADH6,STEAP2,NA
RPS6KA6,BNIP2,NA
TNPO1,RSRC1,NA
ILRUN,OAS3,NA
AC235565.2,WEE1,NA
COL4A4,FAM153A,NA
TET2,DHX40,NA
MAX,C11orf95,NA
TBC1D15,SLC25A2,NA
ATG7,SULF2,NA
LRRC31,HIRIP3,NA
EML5,NDFIP1,NA
RPS6KA1,ST8SIA6,NA
CFAP20DC,TBC1D16,NA
EPB41L2,DDX3Y,NA
GPALPP1,PDS5A,NA
PIH1D2,COL27A1,NA
GLT6D1,BCL2L2,NA
WASF2,OSBP,NA
CUL4A,PARN,NA
AGL,ADNP,NA
CDH2,CRIP3,NA
TADA2B,ARSA,NA
CLCN4,AL136295.5,NA
GLIPR1,RAC1,NA
KRR1,ASB6,NA
RAD18,PATJ,NA
SETBP1,SOS1,NA
ALPP,SCARB1,NA
ZNF813,EXOC6B,NA
HERC3,ST8SIA4,NA
ZNF250,TOR2A,NA
DCAF12L1,SLCO5A1,NA
ABCB7,KLF11,NA
RIPOR2,BCL2L1,NA
SCYL3,SIPA1L1,NA
GMCL1,TTC9,NA
COMMD7,TPM3,NA
ZNF354C,COL20A1,NA
DTL,TMEM245,NA
RNF128,ESPL1,NA
ODF2L,PLEKHG4B,NA
UACA,MYB,NA
HGF,MRAS,NA
EDN2,FOXL2NB,NA
MPP5,TBC1D3L,NA
FOXO3,KITLG,NA
RNF115,TPSD1,NA
OR8B3,WDR11,NA
SLC13A4,MRPL19,NA
OR4E2,PROB1,NA
AP3D1,PYGO1,NA
CASD1,MDGA2,NA
TGFB2,ARF3,NA
MUC20,KRBA2,NA
GEMIN2,DPH1,NA
OTUD7A,ENPEP,NA
LIN7A,DYNC1LI2,NA
SSTR2,ANKRD50,NA
SMAD3,ALAS1,NA
DLX5,KCNN1,NA
TMCO4,NLK,NA
PHLDB1,TRIM58,NA
SKA2,FANCA,NA
USP42,MCTS1,NA
PRRC2B,SNAI1,NA
PGBD4,FITM2,NA
HRK,ELMO1,NA
PTBP3,LZTFL1,NA
KBTBD7,CDC37L1,NA
NIPAL1,ABITRAM,NA
SHH,PPARGC1B,NA
CDK8,PSME2,NA
ZNF189,SAMD1,NA
CRIPT,AP1S1,NA
NXF2B,EEF1AKMT2,NA
SCN2A,LAMP2,NA
GPR1,CACNA1I,NA
BCKDHB,SLC6A17,NA
TRERF1,PATL1,NA
URB2,MAPK8IP1,NA
TGFBR1,FOXP2,NA
ETF1,CDIPT,NA
RTL5,SEPTIN3,NA
GPR139,MYLK3,NA
UQCR11,RPL13A,NA
SLC24A3,ABCA7,NA
SOX17,TMEM213,NA
PDCD6IP,MAB21L4,NA
RAB7A,HMGB3,NA
OR5AN1,GPR37L1,NA
ANKRD66,BFAR,NA
CFAP298,CENPE,NA
ERCC4,ARMC8,NA
TTC19,KLHL33,NA
ACSL6,KDM6B,NA
MS4A2,SLC8A2,NA
NRP1,CD164,NA
EPS15,ERBIN,NA
ZFP30,SPTLC2,NA
MPV17L,UQCRQ,NA
EDNRB,UBE2D3,NA
C3orf14,ZNF490,NA
GSTO2,ATP12A,NA
PLEKHG4B,RPIA,NA
WDR73,PLXNA2,NA
PCDHB16,OR2A5,NA
PMFBP1,MECP2,NA
HEMK1,PARP3,NA
KIF11,ZNF654,NA
ARNTL,FAM102A,NA
E2F3,MEA1,NA
GFM1,DISP2,NA
ACKR4,PLXNC1,NA
NXF2,RP2,NA
VPS8,TBKBP1,NA
GRIK3,Z84488.1,NA
GUF1,PIGV,NA
SMUG1,PRRG4,NA
ZCCHC13,ZDHHC3,NA
SOX4,POLR2J2,NA
SAP30,KIAA1586,NA
TBC1D16,CLVS2,NA
ZHX2,MAB21L2,NA
NPAS3,SMUG1,NA
GPR146,ANKRD12,NA
ZNF577,FNIP2,NA
ZADH2,DCAF4L2,NA
CFL2,TRIB2,NA
ST8SIA1,ENTPD7,NA
PHEX,UBE2W,NA
UNG,HSBP1,NA
AFAP1,ZNF770,NA
ATG14,NCAPH,NA
ZNF365,HEBP1,NA
TMEM115,ARHGAP17,NA
OR1I1,STK32B,NA
LMOD2,TMEM214,NA
GABPB1,PDLIM3,NA
LRRC27,SOBP,NA
PEX5L,ADGRG1,NA
THUMPD3,ZC2HC1A,NA
SLC6A11,UVSSA,NA
SNX2,ZNF470,NA
KRT72,FBXL3,NA
PRPF19,TBCK,NA
CAV2,CHMP2B,NA
UBE2QL1,FNBP1L,NA
SPRED2,CELF3,NA
HINFP,ADA2,NA
AP002990.1,PAPOLA,NA
TIA1,ARHGAP6,NA
FBXO28,C16orf87,NA
SCML2,CEMIP,NA
SPTBN4,PLA2G2D,NA
FAM83F,ARGFX,NA
LIPG,PGR,NA
GRPEL2,C14orf132,NA
CHEK2,G6PC2,NA
KCTD9,GEMIN7,NA
ZNF197,ADAMTS6,NA
OPN3,ZNF621,NA
UNC5B,CYP11B2,NA
NCEH1,TMEM138,NA
SLITRK2,FAM53A,NA
SEPTIN11,ADAM12,NA
NBPF15,SESN2,NA
NUAK1,ANKRD13B,NA
ZDHHC9,PRDM5,NA
HMCN1,HEATR3,NA
ZNF281,INSYN2A,NA
RETREG2,SMIM27,NA
KLF14,SLC25A53,NA
PIK3CA,PRKRIP1,NA
DAZL,SLC25A14,NA
GATAD2A,ENAM,NA
RASA2,TMA7,NA
SDC2,ZBTB16,NA
STK24,CREM,NA
TSPAN2,RYR2,NA
VAT1,PRKCA,NA
YAF2,TLR4,NA
AP3B1,AKTIP,NA
GDAP1,COG5,NA
SPOPL,ADAMTS3,NA
SNX27,AC024598.1,NA
ATL2,TEP1,NA
CFAP61,CFAP36,NA
TP53RK,TBC1D30,NA
GJB2,CDH11,NA
GCH1,PNKD,NA
HS3ST4,LRP2BP,NA
LRRC72,ZNF720,NA
SMPX,VPS37C,NA
CD84,GYG2,NA
ZNF717,ATP6V0E1,NA
NNT,PDZRN3,NA
S100Z,PI4KB,NA
ZNF594,APOOL,NA
TOMM20,DCPS,NA
HBS1L,MEF2C,NA
CANX,PLXDC1,NA
ENTPD1,CCER1,NA
SPTSSA,IPPK,NA
IQCJ,CPOX,NA
PARD3,C18orf63,NA
DSE,SPECC1,NA
DTD2,IQCB1,NA
SOAT1,RAI14,NA
HMGXB4,GSTO2,NA
CLTB,ATXN3,NA
KBTBD3,ZNF316,NA
LHX1,PEG10,NA
RUBCNL,EID1,NA
XK,ULK1,NA
KDM5B,GNL3L,NA
CHM,LRP1B,NA
ARNT2,OR5A2,NA
DPYSL2,GTF2F2,NA
METTL4,PDE1A,NA
ESPL1,PTGS1,NA
WWC2,RRAGD,NA
NBL1,CYP20A1,NA
IFNGR1,REPIN1,NA
JPH2,ELMOD2,NA
RAB27A,SMIM34B,NA
VWA3B,KIAA0100,NA
PPFIBP1,CEP83,NA
ZSCAN12,RAVER1,NA
NUCB2,ARF1,NA
DHCR7,RAB11FIP4,NA
MGAT3,ABHD18,NA
MMD2,TRERF1,NA
USP9X,CACNG2,NA
FRMD5,PXT1,NA
TMEM87A,FNTA,NA
NCOR1,MARK2,NA
LRP1B,RESF1,NA
ZNF432,BOLL,NA
BEST1,FOXO3,NA
GAB1,DCTN2,NA
NEMP2,NAA50,NA
CELSR2,TTLL7,NA
GPATCH2L,ZFX,NA
CASP9,ERC2,NA
UBXN2A,TMPRSS12,NA
CCDC43,DHX36,NA
CDH6,BAAT,NA
NECAP1,KLHL36,NA
MN1,TMEM178A,NA
FKBP1A,TOMM22,NA
FAM162A,FAM8A1,NA
ZNF215,TRIM59,NA
UBE2F-SCLY,POU3F4,NA
MS4A6E,ZC4H2,NA
ACTR3,N4BP2,NA
SLC1A7,GATD3A,NA
PRXL2A,CHST11,NA
NPHP3-ACAD11,TADA2A,NA
TMEFF2,PPM1E,NA
PHC3,CPLX2,NA
ZNF652,AL162377.3,NA
ZNF239,SHC4,NA
SEPTIN8,AC093323.1,NA
DNAJC15,UBXN4,NA
C6orf132,SH3PXD2B,NA
ZNF181,DLGAP4,NA
SLK,MSS51,NA
TMEM127,TSGA10,NA
IL12RB2,PGPEP1,NA
EPB41L4B,LRRC63,NA
PCYOX1,SIRPG,NA
PEX2,PAPSS1,NA
GABRA4,BOLA2,NA
PPP2R2C,PEX13,NA
MAN2A1,PDPR,NA
ZNF562,SP7,NA
ADAT2,CENPC,NA
GPR180,SDR42E2,NA
ZNF33A,RASGRP1,NA
ZNF468,ZBED3,NA
DEPDC1,FABP1,NA
SCYL2,CREBRF,NA
GBP1,SURF4,NA
GAS2L3,LMBR1L,NA
RALGAPA1,CLMP,NA
PGK1,DAGLA,NA
WIZ,ICE2,NA
SUFU,ITGA10,NA
SLMAP,RAG1,NA
FIG4,LENG8,NA
THY1,SLC12A2,NA
UBQLN2,ZNF862,NA
OSGEP,ADAM10,NA
SMIM15,RBM27,NA
CNDP1,INHBA,NA
ERVMER34-1,TCF19,NA
NLRP2B,CHRD,NA
CLUH,GNS,NA
SPC25,IL33,NA
PGRMC1,SREBF2,NA
UVSSA,COPS7B,NA
TOR1AIP1,TSC22D2,NA
TIFA,COX16,NA
N4BP2L1,NKAIN1,NA
FKBP1C,MYORG,NA
ARHGAP40,CDKN2A,NA
ANO8,LMX1B,NA
PTPN7,SS18,NA
RPL9,DICER1,NA
LGI2,NEU1,NA
ANLN,TUSC1,NA
SMIM23,WDR55,NA
MIB1,NBPF19,NA
CLASP2,OR4E2,NA
ETV6,MDGA1,NA
PPP4R3B,KRT13,NA
TFE3,SETD6,NA
KIF2A,SPOUT1,NA
CRKL,IRX2,NA
THEM4,OR2A7,NA
PDIA4,NOL8,NA
NUDCD2,DCTN4,NA
FAR1,TOX4,NA
PCNX1,NIPSNAP2,NA
TOMM70,AGBL4,NA
CARF,NFASC,NA
VTI1A,OR2A4,NA
NFYC,ZG16,NA
POLR2F,PPCS,NA
DVL2,GAB4,NA
NBEAL1,MARS2,NA
PKDCC,GYPE,NA
BTN1A1,HDAC5,NA
SGCZ,CSF1R,NA
CRCP,USP47,NA
AP4B1,WDR62,NA
SHMT2,LYPLA1,NA
HPSE2,THBS1,NA
ZBTB25,SLC25A48,NA
GMPS,BOD1L2,NA
ARX,ELL,NA
PSMD1,MCHR2,NA
LAT,SLC35E3,NA
ATE1,PDK1,NA
TAF5L,FSIP2,NA
NAMPT,KSR1,NA
MIEN1,MT1H,NA
SLC22A15,GCH1,NA
SYNJ1,ICOSLG,NA
CLHC1,FOXN3,NA
EPC2,ZNF778,NA
ALX4,THEM4,NA
RFTN2,MAPK6,NA
MAP4K5,ALG1,NA
SH3PXD2B,TNPO3,NA
TM2D2,SSTR3,NA
ZBED6,ALG9,NA
ERCC6,CORO2A,NA
TKTL2,POC1B,NA
TCAF1,ALDH2,NA
SRRM4,STARD9,NA
TCEA3,PBX2,NA
SAMD1,CRLS1,NA
NUDT21,LMOD1,NA
GLRA3,ZNF782,NA
LMBR1,OPHN1,NA
RBM23,CENPF,NA
GPR174,CDH24,NA
FRG2,SPNS2,NA
DPF3,SMYD1,NA
NNMT,IKBKB,NA
KCNJ15,IMMP1L,NA
PPP2R5C,CGN,NA
SRD5A2,NRBF2,NA
MTPN,RABGAP1L,NA
DAZ1,CEP128,NA
GLP1R,IL2RG,NA
OXTR,TBR1,NA
SUB1,ACSM2B,NA
B4GALT5,MYOCD,NA
CCDC138,LSM12,NA
C4orf36,RNF227,NA
KHSRP,RSL24D1,NA
HIF1A,AVPI1,NA
MAB21L3,UBE2E2,NA
FOXQ1,CACNG3,NA
TTC28,ATE1,NA
TRMT10A,KRT222,NA
TRAF3IP2,TUBA1B,NA
OR4N5,ACTR10,NA
DCAF13,ZNF831,NA
POC1B-GALNT4,LLPH,NA
DAZ4,TTC38,NA
NLGN4Y,ZSCAN29,NA
ERP44,MSH3,NA
KIAA0586,PPT2,NA
ZNF578,GPR101,NA
MPC1,ZC3H14,NA
HCN2,TRIP11,NA
CDYL2,RSRC2,NA
SAR1B,TRANK1,NA
NBPF20,BHLHB9,NA
NBPF14,CHM,NA
HEG1,TRAK2,NA
CCDC170,DCSTAMP,NA
ZNF37A,CZIB,NA
ZNF700,FAM131B,NA
RASSF8,TIAM1,NA
GOLGA6L6,PCDHA10,NA
C16orf90,FSD2,NA
SHC3,CYB5R4,NA
POGZ,GPR68,NA
TRIM13,EXT1,NA
NT5E,RFT1,NA
JAK1,DCHS1,NA
KIFC3,NRG3,NA
SH3GLB1,MACO1,NA
CHRM3,ENTPD3,NA
ARF3,PPDPFL,NA
TRIM35,ORC4,NA
IL6ST,FOXK1,NA
RNF111,INPP4A,NA
XKR8,SEMA6D,NA
KATNAL1,TOP1,NA
ZNHIT6,PTPN18,NA
CCDC6,FAM161B,NA
EXD2,AK2,NA
XKR5,PSKH1,NA
CERKL,CSNK1A1,NA
AC026464.6,ITGB8,NA
RHEBL1,RBPJ,NA
ZDHHC17,SERTAD4,NA
PDIK1L,RAB2A,NA
MRPL22,PIK3C2B,NA
DNER,TMEM178B,NA
BICD2,CYP2R1,NA
SEC23A,SLC35A4,NA
KIAA1549,ATL2,NA
ADAMTS5,B3GNT5,NA
KIF27,SMIM24,NA
PNPT1,RRM2B,NA
HELB,OR3A2,NA
CD47,WDR26,NA
CPM,ZDBF2,NA
IFT172,MTDH,NA
DSG4,FXR1,NA
RANBP2,KIF6,NA
GLG1,SEC62,NA
CILK1,TNFSF11,NA
LRRC57,TRIM51GP,NA
DUSP8,UNC45A,NA
ZNF613,PRSS22,NA
TBL2,KCNH1,NA
SLC33A1,SLK,NA
SENP8,TESMIN,NA
FAM20B,OR56A1,NA
AKAP13,SPECC1L-ADORA2A,NA
DMP1,HIVEP2,NA
OSBPL10,REPS2,NA
AL355987.1,TNS2,NA
ANGPTL2,ANKRD40,NA
TMEM237,ZMYM2,NA
MINDY3,CHMP7,NA
NKX6-3,GCSAM,NA
FPGT-TNNI3K,SC5D,NA
CREB3L2,DNAJA1,NA
SERTAD2,DNAJC17,NA
PROX2,GGA3,NA
NEDD4,ASTN2,NA
SDHD,PABPC1L2A,NA
RNF212B,SLC35D1,NA
PSMD11,FOXJ2,NA
NKPD1,PIAS1,NA
OR56A1,RTL4,NA
PRKCI,GTF3C4,NA
NSA2,FNBP1,NA
RFPL2,PPT2-EGFL8,NA
MTCH1,SEPSECS,NA
LMLN,GALNT16,NA
KDSR,TMEM196,NA
KLHL4,ZNF407,NA
SKIL,TRHDE,NA
ARL17B,TOMM70,NA
PPP2R3A,HCN1,NA
CLCN5,DMAC1,NA
RALGAPA2,ZNF592,NA
ERBB3,SOCS2,NA
NUDT13,TEKT2,NA
MMD,FAM199X,NA
RNF125,NTRK2,NA
MTTP,NIPAL3,NA
TBC1D3G,BRCA1,NA
ADRB1,WDR59,NA
STAG2,EDN1,NA
DAAM2,RNF44,NA
SIM1,VAMP7,NA
TBC1D3H,MAP3K21,NA
NT5C1B,SUZ12,NA
C17orf50,ZNF76,NA
PRKCB,PAX8,NA
AXL,FBXL16,NA
DNAAF6,MTHFD2,NA
FRZB,STK3,NA
CNIH1,WNT9A,NA
FRG2B,NUDT3,NA
SERF1B,PDCD1LG2,NA
SPDYE1,CALML3,NA
SEC24A,EIF4H,NA
SYPL1,EIF2S1,NA
PHETA1,FURIN,NA
DHRS1,ARL3,NA
SLC30A7,ZACN,NA
DMTF1,MLLT10,NA
PRXL2C,AC004687.2,NA
DCP1B,NOC3L,NA
ABCC5,KRTAP4-4,NA
ABCC4,SUPT3H,NA
CALU,ARL5A,NA
LPA,NLGN2,NA
PIWIL1,RPS6KA6,NA
PMP22,ADRA2A,NA
SKAP1,C3orf56,NA
NCOA1,TSPAN14,NA
MARCHF5,ALPK3,NA
AMOTL2,CLVS1,NA
LDLRAD4,NR3C1,NA
FMOD,OR51A4,NA
KCNJ13,POP4,NA
FNDC3B,WDR12,NA
PRMT3,NAE1,NA
SNX12,HS3ST1,NA
LRP4,IRAK3,NA
PPIE,MSTN,NA
SC5D,BCL7C,NA
TBX22,RNF213,NA
IPO8,F2R,NA
NETO1,PHC1,NA
ADH7,GMPS,NA
ERCC8,PNRC1,NA
HNRNPUL2-BSCL2,ADAMTS8,NA
MOXD1,BCL2L14,NA
AC048338.1,RNF144A,NA
LPGAT1,TBC1D12,NA
AC069544.2,CEP63,NA
PCDHGA6,SETDB2,NA
HSPA12B,ZNF285,NA
SFTPA1,LARS2,NA
ADGRL3,SPA17,NA
THRB,MTMR2,NA
NPL,GAS7,NA
RBM22,HINT1,NA
CCSER2,NPAP1,NA
HIF1AN,WDFY3,NA
ARL2-SNX15,UPF2,NA
DCAF8,NUDCD3,NA
PARP15,RIF1,NA
ERLIN2,KRTAP4-5,NA
H2BC15,ERCC2,NA
MIER3,TJP1,NA
KIF13A,ROCK1,NA
KCNC2,TTC30A,NA
EP400,CILP,NA
TMEM80,GDAP2,NA
ARIH2,RAB8B,NA
PDE1A,TARBP1,NA
DEF8,ZPBP2,NA
PDXDC1,SH3PXD2A,NA
MYO5C,CREBL2,NA
MALT1,AL121594.1,NA
ADM,SNX13,NA
ELK3,CASP3,NA
ZNF470,SRRM4,NA
FRAS1,YPEL4,NA
MOBP,EIF3J,NA
FAM81A,EEF1B2,NA
RPE,HS2ST1,NA
FSTL5,GJA3,NA
CYP26C1,BMPR1A,NA
TMOD3,JAM2,NA
ZNF527,TGM3,NA
KIAA0408,THTPA,NA
HECTD2,RUFY4,NA
FUBP3,CXXC4,NA
NRIP3,ARID3A,NA
SGCE,MXI1,NA
PTGFR,COPB2,NA
ZBTB38,GREM1,NA
PPM1A,PLCG2,NA
KPNA6,KLF2,NA
SFN,DPF1,NA
FHL3,ITSN1,NA
LCE1E,KDM5D,NA
TTC30B,C9orf72,NA
OR56A3,CD58,NA
IQCK,TRIM46,NA
TPPP,PTCHD1,NA
PLCL1,E2F2,NA
ZNF639,KDM4E,NA
PSME4,ANKMY2,NA
KCNH5,BPNT2,NA
API5,DENND1B,NA
CHN2,DR1,NA
SUMO3,STRA6,NA
PBRM1,STK40,NA
TFAP2C,TBC1D13,NA
OPCML,BCL3,NA
PAX5,AC006254.1,NA
BSN,C17orf97,NA
VSTM5,CEP68,NA
ZDHHC15,NECAB1,NA
TRMT61B,SLCO4A1,NA
HMGN1,AZIN1,NA
SLC1A2,RNF212,NA
C15orf40,ELP2,NA
TAF15,GRK5,NA
SDE2,AFF2,NA
PCDHA2,PSMA5,NA
DOCK1,SMARCA5,NA
GTPBP8,VANGL2,NA
PTCRA,FBXW7,NA
ATP8A2,ADAR,NA
TXNDC16,SLC30A8,NA
MAN1A2,CSF1,NA
YIPF6,QTRT2,NA
KLF5,HCN4,NA
ZIC5,IKZF2,NA
KANK4,FHDC1,NA
VAT1L,ABCC2,NA
BAZ2B,PRRC1,NA
FGF5,OCLN,NA
SLC30A9,FAHD2A,NA
MSTO1,PHKG2,NA
HAS3,EFCC1,NA
SLAIN2,AL445989.1,NA
UBE2H,NCOA7,NA
RAG2,TATDN2,NA
FZD6,LCP2,NA
MUC7,TNN,NA
SLC39A9,ZNF768,NA
DDX19A,IL17RE,NA
TRUB1,SNX22,NA
AP4E1,AL360181.3,NA
PDGFC,OTX2,NA
NKD1,BAZ1A,NA
H2AC11,RPS6KB1,NA
LRRC2,ASXL2,NA
ZMYM6,PAWR,NA
GRB7,SPOCK2,NA
MYO19,LOXL2,NA
AC093827.5,SIVA1,NA
BRD4,CABP1,NA
PGBD5,PRKAB2,NA
HMG20A,LUZP2,NA
GPATCH2,COL11A2,NA
DOK6,HERC4,NA
SHISA7,AC126283.2,NA
ZNF780A,ASXL1,NA
CBR4,ARHGAP28,NA
TBC1D23,CAMTA1,NA
ANKRD49,YIPF6,NA
ZDHHC20,PFKFB3,NA
SRP72,GSK3A,NA
CNOT7,MAP7,NA
SYDE2,C2CD4A,NA
LSM8,GUF1,NA
FAM114A1,FBXO31,NA
NTN1,NFATC1,NA
MKX,TRAPPC9,NA
IL1RAPL1,SLC16A7,NA
TBC1D28,DDX19B,NA
STC2,PARP1,NA
GOLGA8N,SLC6A3,NA
ZNF532,FAM78A,NA
MUC17,AMOT,NA
POLG,NEDD4L,NA
LOXL4,GHR,NA
ELMOD2,ATG10,NA
YARS1,ZNF250,NA
AC091167.7,CPXM2,NA
GPATCH8,DYRK1A,NA
PCSK6,SLC13A1,NA
LRP11,TMEM181,NA
BEAN1,TMEM192,NA
LPAR1,FOXF1,NA
SSBP2,AKAIN1,NA
ZNF107,AMER2,NA
SCOC,TRARG1,NA
CAPZB,COL9A2,NA
AC005943.1,NR2C2,NA
NOL4L,ZNF805,NA
PPIG,PRKAA1,NA
PRRC2C,VEPH1,NA
SPTSSB,SYS1-DBNDD2,NA
XRN2,TGDS,NA
SNAP25,UBALD2,NA
RAD23B,KCTD21,NA
ITPR2,NYNRIN,NA
SARM1,HOMER2,NA
TSG101,SF3A3,NA
FANCB,PLPP6,NA
PAPOLB,SLIT3,NA
TMEM170A,FAM155B,NA
TNIP3,P2RX3,NA
LINGO1,ABCB8,NA
GINM1,GALNT3,NA
SKP2,UGT8,NA
DMRTC2,SMC5,NA
ZNF208,KATNB1,NA
MIS18BP1,MUC3A,NA
SETD5,NAP1L1,NA
KCND1,SLC35F6,NA
TMEM161B,FUT10,NA
CCN4,ICOS,NA
SMIM10L2A,INSIG2,NA
WBP2NL,TNRC6C,NA
PPP1R16B,DIRAS1,NA
TSPAN14,SUSD5,NA
OR4D2,CLEC4F,NA
IL3,GLYR1,NA
TWSG1,LDLRAP1,NA
PDK1,CD200R1,NA
STYXL1,RPLP1,NA
PCLO,SECISBP2L,NA
ATF7IP2,RNGTT,NA
SLCO2B1,LDB1,NA
R3HCC1L,RTL8B,NA
MLPH,NRCAM,NA
ANGPTL1,MMP2,NA
CENPV,HOXD13,NA
COL6A6,MIEN1,NA
SPANXN1,JPH3,NA
HS1BP3,NSD2,NA
SKP1,AL451062.2,NA
PPIL4,RTL9,NA
PSAT1,CDH2,NA
ARL3,GDA,NA
ATP6V1G2,RAB27A,NA
BHLHE41,GPR85,NA
PTCD2,SLC17A6,NA
SLF2,DDHD1,NA
CALM3,HTRA1,NA
RXRA,INO80C,NA
SYNDIG1,PUS7L,NA
RAB18,BAIAP2L1,NA
AL357556.3,PKD2L2,NA
AC013477.1,TSPAN5,NA
PNMA8C,AC091167.2,NA
USF2,PHF23,NA
TMEM221,SIK3,NA
KMT2C,MEX3C,NA
ARID1B,MGAT4B,NA
TENT4B,SYT16,NA
MITD1,EBF1,NA
ISM2,ABHD1,NA
BBX,ERC1,NA
SYNJ2BP,GALC,NA
CYP24A1,DOCK9,NA
KIAA1328,ATMIN,NA
ZNF580,ATPAF1,NA
URB1,TMEM132B,NA
UNC13B,FAM117A,NA
FOXO4,TMPRSS15,NA
POM121C,MAPRE3,NA
RCN2,RBM28,NA
PPP1R11,DPY19L1,NA
AP1S2,CES5A,NA
RAB11FIP5,PIGM,NA
UNC13C,ADAMTS9,NA
PARD6G,TMEM131,NA
GLRX5,TLDC2,NA
HEATR5B,N4BP1,NA
BIRC5,POLR2D,NA
RS1,BMP8A,NA
DSG3,FAM98B,NA
SMAD5,HTR1A,NA
WDR37,AOX1,NA
POU3F4,APLP2,NA
NEIL1,MTUS1,NA
GK,DSEL,NA
AL033529.1,CALCRL,NA
BMP10,ANXA2,NA
ZNF260,FAM120AOS,NA
GOLIM4,GSC2,NA
CD55,HIF1AN,NA
SLC30A10,FPGT,NA
CLDN22,GIMAP2,NA
GPR27,ANTXR2,NA
BVES,KIAA1671,NA
CCDC93,CCSAP,NA
SLC4A10,ATP1A2,NA
PPP4R1,IFNLR1,NA
FNIP1,CCNJL,NA
PCDHAC1,TERB2,NA
OR10H5,ARFIP2,NA
ARHGAP29,ZNF613,NA
FAM114A2,CLPB,NA
RSPRY1,GLYATL3,NA
RASL11A,TAB3,NA
RCOR1,UNC5D,NA
KMT5B,PPP1R12A,NA
EVI2B,AC097104.1,NA
OR2M4,HEXIM1,NA
ZNF337,DYSF,NA
ASB4,FAM222B,NA
NOD2,LONRF3,NA
SH3GL2,CCDC141,NA
CLIP1,CLPX,NA
XKR9,ZNF217,NA
SRP19,ARL2,NA
CTXN3,ADRB3,NA
TTC17,NPRL2,NA
VMP1,ENOX1,NA
DNAJC6,RORB,NA
ATAD2B,CD93,NA
WBP11,PDIA3,NA
FRY,ELAVL1,NA
SYT13,LRRC25,NA
IKBKB,TCP10L,NA
REPIN1,MRPS6,NA
GRK7,CFAP77,NA
NPY1R,RRP15,NA
SELENOF,DYNLL2,NA
MORF4L2,CDK6,NA
PDS5A,PARVB,NA
RAB35,PLEKHG3,NA
SPEG,TBC1D22A,NA
SEMA3D,SAXO1,NA
FGB,ME2,NA
SP1,KCNE3,NA
DFFA,CDRT4,NA
ABCG8,ZNF142,NA
FAM13B,ANXA2R,NA
SMIM34B,GOLGA7B,NA
PCDHA8,ORMDL1,NA
SLC16A12,C16orf72,NA
ABAT,GID8,NA
GOSR2,SLC43A2,NA
WDR35,NPHP3-ACAD11,NA
PCDHA3,DDX59,NA
NKAIN2,STRBP,NA
PCDHA7,NBPF11,NA
RPS29,GRM1,NA
LHFPL5,CLPSL1,NA
PSTK,KLF6,NA
STAMBP,AC013477.1,NA
PCDHA6,KPNA4,NA
JHY,TRIM10,NA
RANBP17,MON2,NA
PCDHAC2,ADD2,NA
GCOM1,IFNG,NA
PCDHA11,IL1RL1,NA
MYCBP2,MPC1L,NA
FUNDC1,ALX4,NA
DBF4B,WNT4,NA
USP45,E2F6,NA
TBX3,CTDSP2,NA
KRBA2,FHIT,NA
LONRF2,EXT2,NA
AGPAT4,ZNF737,NA
HFE,SLC16A14,NA
SHANK2,NAPEPLD,NA
ELMO2,DNASE1,NA
GPR182,BMI1,NA
PCDHA1,CXADR,NA
TOX2,RSRP1,NA
AQP1,POC1A,NA
FSBP,TMEM65,NA
SUPT3H,PLEKHM3,NA
PCDHA13,UBR1,NA
AASS,EEF2,NA
CNTLN,YAP1,NA
SERF1A,OR56A3,NA
TEX44,CRTAP,NA
PTPRC,PLPPR4,NA
PRMT8,TMPRSS11B,NA
NT5DC1,KLHL8,NA
VEZF1,ASPN,NA
SETD4,MSANTD3,NA
LYPD6,TBL1X,NA
PCDHA5,ANGPTL3,NA
IL17RA,CEP85L,NA
IL4R,OR8G1,NA
MAGEA6,ARMS2,NA
KIF1B,NKRF,NA
ATP5MC3,KCNJ12,NA
LARP1B,GPX6,NA
FLI1,C11orf54,NA
SBF2,CX3CL1,NA
PLAAT2,KLHL20,NA
LRPPRC,CNBP,NA
SRSF3,DNAJC14,NA
RAD21,CHST6,NA
KCNT2,OTUD7A,NA
SCFD1,PXN,NA
SOAT2,SOX12,NA
CENPVL3,RTCA,NA
SEMA5A,HEATR5A,NA
ZNF587,GMPPB,NA
HEBP2,TFEB,NA
CSN2,AC099489.1,NA
ATL1,SLC31A1,NA
LARGE1,ZNF736,NA
CASP2,MYDGF,NA
PABPC5,EBF4,NA
HMGCS1,ZNF37A,NA
GPR15,FAM181B,NA
ZDHHC14,ANXA8,NA
SOCS6,AL132780.3,NA
AOX1,TPCN2,NA
PPP1R15B,EFHC1,NA
IRX5,LRRC49,NA
NAV1,OR6N2,NA
B3GALT1,KCNN3,NA
RASGRP3,SLC5A9,NA
ATG4A,FGF9,NA
LAS1L,EEF1A2,NA
ROCK2,ATP2B2,NA
SENP1,SFMBT1,NA
ARGFX,SFRP4,NA
CIITA,ATP6V0E2,NA
ZNF716,DCDC2C,NA
SLC2A3,MIPOL1,NA
C11orf58,APC,NA
ENKUR,ZBTB25,NA
NTPCR,BTBD7,NA
PTCHD4,PRSS16,NA
EVX2,FBXO25,NA
PIEZO2,PI15,NA
MS4A7,GALE,NA
FGFBP2,ZNF195,NA
ARAP2,SAP30L,NA
SPON1,PHOX2B,NA
RMND5A,FZD1,NA
CHSY1,NUP210,NA
PCOLCE2,TRAF3,NA
WWP2,ZBTB33,NA
KLF7,CYP3A5,NA
IL13RA1,HMOX1,NA
SRPK2,CD226,NA
RAP1A,GREB1L,NA
SEC31B,SMO,NA
FAM120A,FCRL4,NA
MPP4,ATP1A4,NA
SULT1B1,BORCS8,NA
DDX50,ACTR3C,NA
PRR14L,UBE2L5,NA
ZNRF2,METTL8,NA
SRGAP2C,TLX1,NA
CYP7B1,TINCR,NA
RBM18,AC091167.7,NA
PPP2R2A,CD300E,NA
PEX26,TK2,NA
AC009133.6,SMC6,NA
EME2,FBXL18,NA
ZNF398,UCK2,NA
GNG12,SGSH,NA
ZNF570,DNASE1L3,NA
ARMC9,MORN1,NA
C19orf38,FAM47E,NA
EHHADH,RB1CC1,NA
TNR,C8orf58,NA
PLEKHH2,TMUB2,NA
CRYZL1,P2RY8,NA
ALDH6A1,ANXA8L1,NA
REPS2,GNB5,NA
CCNDBP1,ZNF70,NA
RAD52,DRGX,NA
TNS4,C6orf201,NA
UBE2R2,HCAR1,NA
TTC14,FGF5,NA
TRMT11,EIF4A2,NA
CEP63,APBA1,NA
ADAMTS4,MMAB,NA
DDA1,ABHD17B,NA
BRI3BP,CLRN3,NA
KNSTRN,PPP2R2C,NA
DDX11,EFNA3,NA
CCDC122,FAM163B,NA
RAD54L2,ELOVL6,NA
POU3F2,CNTNAP4,NA
N4BP2L2,SNX29,NA
KCNH1,AC048338.1,NA
PDHA1,ITFG1,NA
SMC6,OSTN,NA
FLRT3,SNX1,NA
NIBAN3,CERCAM,NA
EPPIN-WFDC6,ERLIN2,NA
TNFSF10,TACR3,NA
FNBP1,SLC30A10,NA
GRIK2,DDO,NA
DCAF4L1,GPCPD1,NA
NRGN,CNTN2,NA
STAT5B,EEPD1,NA
IPCEF1,TBCD,NA
ESCO1,EPHA6,NA
PTPN21,DLG5,NA
EMC10,EFR3B,NA
PLIN5,C5orf63,NA
C2orf49,RPH3A,NA
TRPC3,AC093512.2,NA
NOCT,C1QTNF1,NA
ASB15,TLK1,NA
HSD17B14,ERI1,NA
PRKCA,TMEM184B,NA
SVIP,MAP3K20,NA
NSMCE3,ANKRD23,NA
FSTL4,GPR182,NA
AC112504.2,ARHGAP5,NA
ATMIN,TAL1,NA
KDR,C5orf49,NA
TSPAN6,AKAP10,NA
APAF1,TTC28,NA
EIF3E,SGMS2,NA
TNFSF9,ZNF569,NA
ZKSCAN4,PPM1F,NA
ARHGAP32,TDRKH,NA
NIFK,PAX6,NA
ARHGEF26,FANCE,NA
YTHDC1,GPRIN3,NA
PHACTR4,BMPER,NA
SLC25A36,ARHGEF11,NA
RIOK1,SERPINA1,NA
SLC11A1,ZC3H8,NA
DMXL1,CYYR1,NA
SPA17,HNF4A,NA
ZSWIM6,BLOC1S3,NA
SYCP2,GLCCI1,NA
TRIM68,PHF19,NA
GPAT4,MPL,NA
NR1D2,NSUN3,NA
ITGB5,MED20,NA
GALNT1,NCL,NA
PPFIA1,NOTCH3,NA
USP14,DNM3,NA
ZBTB7C,DAPK2,NA
LY6K,ZFP36L2,NA
STX6,PKM,NA
SEH1L,LRRFIP2,NA
ENPP4,TRIB3,NA
BMP7,CEP57L1,NA
ADGRL1,FGFR1,NA
TMBIM1,RSF1,NA
MON1A,KCNK6,NA
GLIPR1L2,ZNF703,NA
EIF3H,TBC1D23,NA
RPS3,CACFD1,NA
KY,LAMA4,NA
GOLT1B,ATP10D,NA
CXCL14,MEF2B,NA
TNC,EGLN1,NA
NR1H4,EPN1,NA
KMO,TRIP12,NA
RPL27A,SH2D7,NA
PLSCR4,BCL2,NA
SCML4,CEP135,NA
GALNTL6,TGFBR3,NA
EMC8,N4BP3,NA
ARHGAP36,HECTD4,NA
TEAD2,RADX,NA
SOSTDC1,KCTD5,NA
C16orf87,SEPTIN7,NA
RAPGEF2,SPRR2D,NA
ZNF502,WWC2,NA
CYB5B,NBN,NA
CLEC12B,CBX2,NA
HNRNPUL1,CEP120,NA
ATF6,TARDBP,NA
JOSD1,CCDC152,NA
VCPIP1,ACP2,NA
XPO6,ZFPL1,NA
CD302,SRSF1,NA
SIAH3,DFFA,NA
CCDC186,DEFB132,NA
ZIM3,KLRC3,NA
FKBP5,TLN2,NA
MAP2K4,NDUFAF2,NA
IBTK,PAG1,NA
CBLIF,SLC24A3,NA
ARPP19,FOCAD,NA
P2RY14,AR,NA
ITPRID2,SPRY4,NA
TOP3B,ELOC,NA
YIPF4,SEC31B,NA
OR5A2,A1BG,NA
CX3CR1,BBIP1,NA
FAM241A,RARB,NA
SLAMF1,BCL6B,NA
GSKIP,CHMP4A,NA
DEGS1,WASF1,NA
ZNF566,TARM1,NA
TRIT1,SLC35C2,NA
CLMP,RBM33,NA
CCPG1,SPTY2D1,NA
NEK6,UBA52,NA
PPP1R8,CYP4A22,NA
TMEM64,TNS3,NA
SLC38A1,LRP8,NA
PDLIM5,PRMT5,NA
LIPN,FEM1A,NA
ZZEF1,HNRNPUL1,NA
PAX9,MECOM,NA
GHR,RPL14,NA
FKBP9,TRIM39,NA
TBCD,MIA3,NA
FAM120B,PTGER3,NA
UPB1,MCM8,NA
KCNJ3,C12orf42,NA
GALNT16,CDH26,NA
SMNDC1,ZBTB10,NA
ATP23,FBRS,NA
KRT27,CDRT1,NA
GCNT3,DIRAS2,NA
NUDT12,FLOT2,NA
RNASEL,COL6A1,NA
PLAC8,PLXNA3,NA
GRAMD4,MYH9,NA
CCDC117,RRP7A,NA
C2orf92,TMX2,NA
ITGA11,MYO5B,NA
HAX1,BCAT1,NA
DCUN1D3,PJA1,NA
NUP107,SEC14L2,NA
GLRX2,TTC5,NA
CPD,CREB3L2,NA
DUSP10,UBR4,NA
RHBDD1,SGSM1,NA
IRX2,RTP2,NA
ARHGAP12,MBD5,NA
POLR2M,CYP2B6,NA
PHYHIPL,OGT,NA
TECR,ZNF185,NA
MTBP,FPGS,NA
SCML1,CLDN16,NA
AL049839.2,MUCL3,NA
ZNF608,GMFB,NA
DEDD2,CCDC197,NA
AC104389.6,FBN2,NA
IL17RD,IQGAP1,NA
AC008695.1,PTGIS,NA
LANCL1,AC009779.3,NA
TSPAN11,ZDHHC21,NA
TOR3A,SEMA3A,NA
KMT2D,SERPIND1,NA
PLAAT5,ZNF100,NA
ZFPM2,FO681492.1,NA
RNF216,SIRT1,NA
CD164,CHST3,NA
PRUNE2,EXOC8,NA
PLCB2,RALGPS1,NA
SLC6A3,PRR23A,NA
LRRC58,MUC20,NA
MAP3K7,ZC3H6,NA
TBX15,GABRA3,NA
SMAD4,S100A12,NA
CHMP5,RBM12B,NA
PVALB,PACRGL,NA
SOX5,YPEL3,NA
JAM3,STX11,NA
MAML2,CD3G,NA
CDC14B,RAD51B,NA
CHCHD1,HOXD11,NA
CCR6,HELZ,NA
FAM160B1,AC068775.1,NA
ZC3H12C,RTL3,NA
FRYL,ONECUT1,NA
ZNF770,KIF3B,NA
CNTF,TECR,NA
DCLRE1B,HMGN5,NA
CBX4,SNAP29,NA
CD200R1,CYP19A1,NA
CACNA1C,KLHL3,NA
NALCN,CLCN4,NA
BRMS1L,RAVER2,NA
LIX1,AL441992.2,NA
AIMP1,ZDHHC15,NA
SORT1,PNPLA7,NA
GRIA3,CYP11B1,NA
RWDD1,KCTD7,NA
RAB11B,XAGE1B,NA
DLAT,TAF8,NA
ZNF658,AJAP1,NA
AACS,RUBCNL,NA
ZNF366,AC113348.2,NA
CCDC39,TFAM,NA
GALT,RND2,NA
PTPDC1,HMX3,NA
AC098582.1,TRIM4,NA
SLCO2A1,RIPOR2,NA
OR10A3,SCYL3,NA
TMCC3,WDR48,NA
SRPX2,LANCL1,NA
VAMP7,BTN3A1,NA
PIGV,ODF2L,NA
EPM2AIP1,MT1G,NA
SRGAP2B,FCGR1A,NA
BCL10,KL,NA
BTBD7,HP1BP3,NA
RGS5,NCOA3,NA
TXNL4A,CEP85,NA
BFAR,RNF115,NA
NFIX,MTO1,NA
ATXN10,LRRC59,NA
VAPB,ATP5MPL,NA
ZAR1,RFX6,NA
RNF139,EN2,NA
YLPM1,CNNM2,NA
IGF2BP2,SERPINB1,NA
CLIC5,MAP3K14,NA
THBD,MORC3,NA
RAB6A,RPS15A,NA
MS4A1,PAAF1,NA
USP47,CHRNB2,NA
LRATD2,GLTP,NA
SLC38A5,PMAIP1,NA
GPM6A,ZNF580,NA
C17orf75,PCGF2,NA
PKN2,JAKMIP2,NA
UTP25,AKT3,NA
CTBP2,IL22RA2,NA
CHMP3,FAM131C,NA
SELENOT,USH2A,NA
KLC4,CNNM4,NA
RBBP6,SMOC1,NA
MAN1A1,ARHGAP12,NA
ADGRG6,NWD1,NA
FSHR,THOC2,NA
PRR20E,ASB16,NA
OPRD1,ADAM22,NA
BAHD1,PLAA,NA
OR10K2,BAMBI,NA
SPTLC1,NIPAL1,NA
RSPH3,CAPN5,NA
CFAP97D1,EMX2,NA
EIF3M,NCMAP,NA
DIRAS2,TRIM16,NA
OLR1,CLN3,NA
GOLGA6L22,ANKRD13A,NA
GALNT17,RGPD4,NA
CEP126,SPOCK1,NA
PRDX6,PIK3IP1,NA
PRX,RAMP3,NA
GLO1,BMP6,NA
ZFP28,TNC,NA
LSM11,ARHGEF12,NA
ERF,IL5RA,NA
GIMAP1,NTPCR,NA
YME1L1,PDCD6IP,NA
KPNA4,PRKAA2,NA
KCTD12,ITGB3,NA
GOLGB1,CKAP2L,NA
PJA2,TRIM29,NA
AL445238.1,RAB11FIP1,NA
AK6,SYNC,NA
PRR20D,LSM8,NA
PEX3,KSR2,NA
GBX2,RALGAPB,NA
MEP1A,ACKR4,NA
BARHL2,ANKRD66,NA
CHUK,TMEM117,NA
DOCK7,RASSF6,NA
TUBA1B,NDE1,NA
RBM4,CXCL9,NA
MIGA1,ZNF346,NA
SHOX,NRSN2,NA
ZHX3,PPP1R3D,NA
INTS14,CEP78,NA
TPR,LRRC1,NA
RABGAP1L,NRP1,NA
GCNT4,SLC25A23,NA
HDAC1,NOD2,NA
ACADSB,SLC29A1,NA
PAAF1,DPT,NA
CUL4B,SEMA3F,NA
TGM4,MPV17L,NA
FMO2,CTSC,NA
KCNJ9,PSD4,NA
KREMEN1,MCC,NA
ABHD2,AC011473.4,NA
OR2T5,RAB1A,NA
MPHOSPH9,TMC5,NA
KCTD10,BRPF3,NA
USP13,AC098582.1,NA
RNF41,SYTL4,NA
SLC22A5,SNRNP70,NA
CDK17,POLG,NA
IFI6,STAT3,NA
RAB3C,ACOX1,NA
HAP1,LYPD1,NA
ABCD2,MICALL1,NA
TRIM25,QSER1,NA
WDR82,ATP8A1,NA
HDX,RNF220,NA
WTAP,TRAPPC3,NA
ZIC1,SYT15,NA
MCOLN2,PAICS,NA
MPC2,ZHX2,NA
GDF6,ZNF680,NA
IQGAP1,SCHIP1,NA
GCDH,NBPF10,NA
PRR20C,HDAC10,NA
MGAT5B,AC018362.3,NA
ETNK2,ADAM15,NA
CCDC127,EPM2AIP1,NA
IFT20,ZADH2,NA
LARS2,C17orf100,NA
ZNF44,PIP5K1A,NA
ANKFN1,RILPL1,NA
MGMT,KCNK15,NA
F11R,EIF2S3B,NA
MARK3,DCLK1,NA
PPP1R2,DENND1A,NA
TRIM67,CHTF8,NA
ZCWPW2,AL358113.1,NA
KLHL14,ABRAXAS2,NA
STK4,TRAPPC1,NA
COL1A2,ICA1L,NA
CLUAP1,SDC3,NA
ADSS2,DOCK4,NA
TMEM59,ARHGAP29,NA
TRIQK,CEP57,NA
TOX,NFKB1,NA
TRAF3IP1,SDK1,NA
SENP6,MMP24,NA
POLDIP3,MARCHF7,NA
GTSF1,LRAT,NA
DMBX1,SEC61A2,NA
KCNE2,ATXN10,NA
VPS53,BEND3,NA
FBXO42,B4GALNT1,NA
TBC1D9,CRCP,NA
KDM2A,CALCOCO2,NA
CNNM4,MLX,NA
AIF1L,INHBB,NA
SLC26A2,USP2,NA
TBCK,LIPG,NA
DNAJB5,GRPEL2,NA
RNF168,ZNF207,NA
NCBP2,NR2C1,NA
FAXC,ELF4,NA
OR4K17,KCTD9,NA
RGP1,CANT1,NA
USP53,NDUFB4,NA
RWDD2A,MTA3,NA
DENND4B,CENPN,NA
ZFYVE27,XPNPEP2,NA
DHFR2,ZNF362,NA
TET3,FAXDC2,NA
DDX10,NBPF15,NA
HYAL4,NUAK1,NA
C5orf47,PCDH17,NA
L3MBTL3,ATG7,NA
TLR3,ELF3,NA
SF3A1,ZBTB45,NA
SLC35E3,ATP6V0B,NA
C1orf87,CAP1,NA
PHACTR3,NUP98,NA
HSD17B11,SRSF4,NA
EIF4EBP2,KAAG1,NA
PLEKHA4,PHLPP2,NA
GPX8,SERTAD1,NA
ADGRF3,AC022384.1,NA
SYF2,AL583836.1,NA
TNRC6C,TMEM59,NA
UBASH3A,SMIM8,NA
SLC11A2,CCNJ,NA
NBPF9,STK24,NA
DDX17,SPINDOC,NA
AKAP11,HBP1,NA
MFSD6,ATP5F1A,NA
HINT3,SEMA6A,NA
EXOC6,SFRP2,NA
PPP1R37,CDR2,NA
LRPAP1,SHANK3,NA
XXYLT1,STING1,NA
MICU1,SOWAHA,NA
FLYWCH1,ZXDA,NA
ITGA3,HTR1B,NA
RUNX1,RUFY3,NA
CDC42EP3,KHDC4,NA
PIGY,VASH2,NA
PDE7B,APCDD1L,NA
KLF10,GPR153,NA
HARS2,CAST,NA
RYR2,SYT10,NA
GAB4,NACA,NA
STX12,FAT4,NA
PHF2,IQCG,NA
CACHD1,CNOT4,NA
DSP,CPD,NA
THAP2,ZC3H10,NA
P3H1,CD84,NA
ALG11,TRIM13,NA
TFPI,MRPS11,NA
GLRA2,SRSF11,NA
FYB2,BCAS4,NA
PKP1,ST3GAL2,NA
CORO1B,TMEM101,NA
MCMDC2,SLC1A7,NA
POLK,BOD1,NA
ABHD16A,KLF16,NA
MRTO4,PPAT,NA
ZYG11B,GNAI3,NA
TMEM50A,PMEPA1,NA
SUSD5,NRIP2,NA
LYST,CHD4,NA
EOGT,THBS2,NA
PCDH15,MAF,NA
CUL1,KLF13,NA
FBXL3,FAM53C,NA
MFSD2A,LANCL3,NA
TBC1D3,ABHD13,NA
COLEC12,RGPD3,NA
MLH1,HADHA,NA
ZNF814,IDS,NA
DTX2,DIP2C,NA
RALGPS2,FICD,NA
NXNL2,MXRA7,NA
SOST,H3C14,NA
SPTLC2,ELAPOR2,NA
APBB2,ADAMTS14,NA
PDZD7,GPR158,NA
RGS21,RCC1,NA
ZNF439,ZDHHC23,NA
CD163,TASOR,NA
BCL2L2,GDF5,NA
FCN1,ZNF718,NA
OR5M3,TFF1,NA
AEBP2,ZFYVE16,NA
ZIC4,AP1S2,NA
PRKAG2,NETO2,NA
GTPBP3,CARD17,NA
GP5,SPANXN5,NA
SLC16A14,COPS5,NA
TRMT6,TMEM87A,NA
KIF6,KLHL25,NA
FDX1,MICA,NA
SYTL4,FGD1,NA
CBLN4,HILPDA,NA
LRRC20,MXD1,NA
URM1,SHKBP1,NA
ZBTB8A,BTG3,NA
AC096887.1,DGKI,NA
SLC19A2,NONO,NA
ARHGAP26,CEBPG,NA
RASGEF1B,GPATCH2L,NA
NYNRIN,RAB11FIP2,NA
BNIP3,H3C15,NA
LEKR1,DYNC1I1,NA
MYLK4,PHLDB2,NA
USP49,TRIM21,NA
CDK5R1,TRUB2,NA
TDRD6,DPF2,NA
PARM1,TSN,NA
LYSMD3,DENND1C,NA
PRPF38A,NAT8L,NA
ULK2,FAM162A,NA
NDUFA13,GAP43,NA
AKAP1,CANX,NA
MMRN2,SUMF2,NA
THAP6,VCL,NA
CHRM2,DAB2,NA
VPS13C,HDAC9,NA
CDKAL1,ZNHIT6,NA
ACAA2,C4orf19,NA
CCND2,SLMAP,NA
SGTB,MACROH2A2,NA
ABITRAM,SIK2,NA
WDR76,ALKBH8,NA
DOCK5,AL133353.2,NA
ARL17A,FCGR1B,NA
GYG1,ETS1,NA
STARD4,CUL3,NA
CYP3A5,PHLDA1,NA
CTSK,PNMA8A,NA
WDR7,CTH,NA
GPR12,PRR23D2,NA
DNASE1L3,DROSHA,NA
SS18L1,DRAXIN,NA
ZNF720,CIP2A,NA
NCOR2,LMO3,NA
ANKRD39,TTC31,NA
DCAF8L1,GABRG3,NA
NR4A3,ACTN4,NA
GSX2,ELK3,NA
ABHD10,PHC3,NA
GPR179,DEPTOR,NA
SMIM31,KLK9,NA
FAM186B,THEM6,NA
GDPD4,TMX1,NA
OPRPN,CXCL3,NA
PTGER3,SLC2A4,NA
ERI2,SEPTIN8,NA
SASH1,JTB,NA
EYA1,DNAJC15,NA
STAU1,TSPAN2,NA
PIK3CB,ZSCAN22,NA
ZFP36L1,ZNF181,NA
EFHD2,ST6GALNAC1,NA
DHX29,ACHE,NA
HDAC2,DSTYK,NA
LSM14A,UBE2I,NA
COMMD5,NLGN4X,NA
ACP1,SCN3B,NA
TMED3,OSBPL10,NA
KCTD2,FBXO15,NA
TRMT13,EPB41L4B,NA
SLC35D2,CXCL12,NA
FAM111B,SREBF1,NA
ADH1B,PRRC2B,NA
TSPAN12,TNFRSF13C,NA
EPB41L5,CBLN3,NA
KIF26B,PEX2,NA
KRT1,DUSP22,NA
NSMCE1,GCA,NA
SAMD4A,PRR23D1,NA
PALD1,SEZ6L,NA
PCMTD1,DMD,NA
C5orf15,SHROOM2,NA
HRNR,NMRK1,NA
MCM9,HADH,NA
ZNF774,RBM46,NA
COL8A1,OR8J3,NA
FMO3,EBF2,NA
DIS3L2,MCMDC2,NA
PRR7,ATM,NA
LEF1,ARMH1,NA
IRF2,C8orf37,NA
RALGPS1,ZMYM3,NA
GATD3A,CDX2,NA
RFFL,GRAMD2A,NA
ENTPD7,ADAT2,NA
GPSM2,GPR180,NA
FICD,SERINC5,NA
DDX3X,S100A16,NA
PRKG1,SCYL2,NA
GMNC,GAK,NA
KATNAL2,NSUN7,NA
EIF2A,SPON1,NA
GLIS1,OR2A1,NA
CA6,TAGLN,NA
RFPL1,NET1,NA
SCAF11,SLC25A40,NA
C9orf24,SMIM15,NA
MTO1,CNDP1,NA
ANO3,SNTB2,NA
GALNT3,OR9Q2,NA
OSBP,C2orf88,NA
IKZF1,AC118553.2,NA
OR5AS1,KLHL4,NA
MYH4,RAB2B,NA
SRRM5,KIF5C,NA
SALL3,ICA1,NA
ENAM,FP565260.3,NA
GOLGA8A,KLHL21,NA
SH3PXD2A,TMEM165,NA
ROCK1,ANLN,NA
SERTM1,MAP1A,NA
GOLGA7B,CCDC184,NA
ZNF418,PDZD9,NA
PPM1D,C21orf62,NA
BAG5,ANO6,NA
CD96,HNRNPUL2-BSCL2,NA
MRPL50,SLC66A1,NA
PHF11,MYO10,NA
OR52A1,USP12,NA
LHX6,ZSCAN9,NA
RHBDL2,NUDCD2,NA
OR6F1,PCNX1,NA
KRT38,GIT2,NA
UCHL5,SELENOM,NA
TRAM2,DSTN,NA
SYNE1,ZC3H12C,NA
RPS6KA3,MS4A7,NA
DNAJC4,SLC22A2,NA
PDAP1,MFAP3L,NA
PDE7A,EEF1A1,NA
KDM4A,DEFB112,NA
AMOTL1,EPS8L2,NA
SPRED3,SPRYD7,NA
GPR45,UBN1,NA
BHLHE40,C1QTNF6,NA
TACC1,GSE1,NA
PTPN22,NBEAL1,NA
CLN3,HDAC2,NA
FBXO21,NSFL1C,NA
EMSY,RAD50,NA
CAVIN4,PKDCC,NA
ZDHHC3,SGCZ,NA
GIPC3,NES,NA
PLA2G15,MKNK2,NA
CHRFAM7A,TXNL4A,NA
IL36G,PPP2R1B,NA
HIVEP2,CD82,NA
RPS9,MYNN,NA
LNX2,SV2B,NA
DTHD1,MBLAC2,NA
PRDX5,C1orf198,NA
AUNIP,ERCC4,NA
RUBCN,CLEC2D,NA
NBPF3,TBXA2R,NA
TEX2,H2BC9,NA
TNFRSF10D,SKA2,NA
PEG10,ZSWIM2,NA
HID1,MMP11,NA
VPS13B,DLG4,NA
DDX58,OR6P1,NA
CYP4F3,CLHC1,NA
TNNI1,C1QTNF7,NA
CCL7,EXOSC3,NA
CDH10,NDUFA5,NA
PCDHB9,GSTCD,NA
PEPD,OR2J3,NA
ADAMTS12,TM2D2,NA
CRYBG1,TMEM216,NA
PRYP3,DEAF1,NA
AFF1,AL162231.1,NA
DLC1,CYB561D1,NA
SLAMF9,C4orf46,NA
BCR,CA7,NA
DSEL,HMGB2,NA
AC009163.3,ASAH2,NA
ENOX1,TMCO5A,NA
ADGRE2,SEZ6,NA
MAP3K8,COL3A1,NA
ACTR10,AL139011.2,NA
NIBAN1,CFAP221,NA
CYRIB,FRG2,NA
EDN1,MTTP,NA
CHMP7,ISM2,NA
SLC25A17,SLC6A4,NA
SIKE1,CBX7,NA
ST6GALNAC3,COQ10A,NA
TEX13D,HAUS6,NA
ELOA,TECTA,NA
ZNF331,GATC,NA
DKK1,GIMAP1,NA
ARHGAP23,ACAA1,NA
CASKIN2,NCOA6,NA
SAMD5,SLC25A15,NA
SIM2,GRIN2A,NA
NARS2,MAP3K13,NA
BCL2L11,XKR8,NA
CHD8,C4orf36,NA
NOTCH1,MOXD1,NA
ARHGAP11A,ZNF107,NA
C18orf54,TIMM13,NA
MED13L,SUPT20H,NA
C2CD2,VSIR,NA
BMPR1A,RHD,NA
OR4F5,MAPKAPK2,NA
CSDC2,ANKIB1,NA
BTBD11,LYZL4,NA
APEX2,NUDT12,NA
DNA2,MAN2B2,NA
MED28,ZBTB44,NA
ABRA,SHISA7,NA
GRAMD1C,MIDEAS,NA
PASK,LYPD5,NA
SIL1,PLCB1,NA
RELCH,ALAD,NA
CFAP221,DLG1,NA
SLC22A23,ERP44,NA
PSG3,ADGRF5,NA
TIMMDC1,KCNE4,NA
CASZ1,UBE2L3,NA
FAM169A,SMARCC2,NA
EXOC2,ARPIN,NA
OTOGL,CEACAM6,NA
FRMD3,ABCC8,NA
HNRNPD,PITPNM2,NA
ENGASE,FSCN3,NA
ZNF583,GABRR2,NA
KIF5A,NBPF14,NA
CDC42SE2,TMEM265,NA
TFAM,TRIM72,NA
SERAC1,MOSPD3,NA
SLC6A6,EPCAM,NA
DUSP6,APRT,NA
SUPT4H1,PIFO,NA
GPRIN1,SHC3,NA
SNX21,NBPF26,NA
CPSF2,STXBP5L,NA
ERAP1,NEDD4,NA
TTC9,FAM114A2,NA
LHFPL6,SP2,NA
RCHY1,TRIM35,NA
PEX13,IL6ST,NA
ITGA6,NIN,NA
DGAT2L6,LAT2,NA
C13orf42,CYP2C19,NA
TPP2,HECW2,NA
RNF130,KIAA0040,NA
CMC2,PRR20A,NA
PRKAR2A,SRF,NA
MYO9A,AL031708.1,NA
SMC3,KATNAL1,NA
ZNF484,OR5AU1,NA
WDR31,SGK3,NA
CCL24,KCNAB2,NA
VWA5B1,EEF1E1,NA
TNIK,MAGEA1,NA
ZNF727,TRAF1,NA
GNG10,CHAF1B,NA
MAP9,VASH1,NA
NR5A2,TIA1,NA
HTR4,NR2E1,NA
DAB2IP,PRR20E,NA
KIRREL1,CCNC,NA
PNPLA8,PHETA2,NA
PGK2,SEPTIN14,NA
ZNF776,IGLON5,NA
PRKACB,PRRG3,NA
LCORL,FBXO30,NA
CFAP299,AUTS2,NA
AMACR,ZNF514,NA
BNIP3L,CHL1,NA
ZNF302,IMPDH1,NA
RECQL,SLC18A2,NA
CARS1,CYP46A1,NA
ATOH8,EXD2,NA
LATS1,GREM2,NA
DBNL,TFG,NA
GPR34,SBNO1,NA
UQCRB,B4GALNT3,NA
EFNB2,DGCR8,NA
SDCBP,SPINK2,NA
OR10Z1,AMER1,NA
CFAP43,ZYG11B,NA
POU4F1,KCNA1,NA
GPX1,FBXO36,NA
CKAP5,DNER,NA
GABRB2,UMAD1,NA
CISH,RTP1,NA
SPATA6L,ZFYVE27,NA
LILRB4,PRR20B,NA
FABP2,ADGRG3,NA
SEC22C,UPF3B,NA
BBC3,CPNE4,NA
SPICE1,NECTIN1,NA
ZNF423,BLOC1S1,NA
DCT,SHH,NA
SMC2,SMIM10L2A,NA
FEZ1,WDFY2,NA
TMEM139,PDRG1,NA
SYPL2,PRAMEF8,NA
GP6,HRH1,NA
FMNL3,MCF2L,NA
DCD,HGSNAT,NA
ADCY1,ZNF562,NA
EIF4G3,COQ8B,NA
KCTD18,CROT,NA
C5AR2,ZIC2,NA
CLCC1,SAP18,NA
SACM1L,SORCS1,NA
ZNF660,NEMP1,NA
ANO4,PLA2G4A,NA
ASAH1,PPP1R1A,NA
KPNA3,SPTBN2,NA
DGLUCY,SMARCC1,NA
ASB3,PFKFB2,NA
ZFAND5,GPR52,NA
IFIT1,DCAF17,NA
EFHC1,KLB,NA
PPP6C,LIPH,NA
CENPJ,ARHGAP11B,NA
ZNF627,ANKRD9,NA
WWC1,PRDX6,NA
MMP8,NF2,NA
HOXC4,TGM4,NA
MYBPC3,ZNF546,NA
ASB7,FMOD,NA
PRKG2,SLC35A1,NA
OR2C3,ADRA1B,NA
C1S,SENP8,NA
CTSO,P2RX1,NA
AFAP1L1,AKAP13,NA
EPN1,CDC42BPA,NA
YWHAZ,VPS28,NA
TMEM260,ZNF765,NA
EGF,FPGT-TNNI3K,NA
GTF2E2,SENP1,NA
TTC37,CCDC71L,NA
DMAC2L,PROX2,NA
RIOX2,RADIL,NA
BNIPL,TCEANC2,NA
SAP30L,ABCG5,NA
DST,SLC25A45,NA
SUPT7L,PSMD11,NA
TRIM72,EXOC5,NA
GALC,MINDY3,NA
ASTN2,CDKN1A,NA
PLA2R1,BEGAIN,NA
USP46,AFAP1L1,NA
PHF10,RIMS2,NA
AKAP12,BCAT2,NA
HSF2,KDSR,NA
INPP5F,KIAA1549,NA
THADA,CDK15,NA
KCNMB1,ZNF317,NA
OR51G2,MBD1,NA
IL20RA,XPOT,NA
EPRS1,DNAJB7,NA
PSD3,FAM3C,NA
PANX2,AK9,NA
GABRB3,FBXO48,NA
HMGCR,HAT1,NA
GORAB,REG1B,NA
NDST1,SOCS3,NA
ABL1,FAM160B2,NA
QPCT,ATF6,NA
PAN2,MTMR4,NA
IAPP,ARHGEF7,NA
LPAR3,OTUD5,NA
CAPN2,RALGAPA2,NA
CHAMP1,ERO1B,NA
GRK3,SLC5A5,NA
NPHP3,ZNF844,NA
ITGA9,TICAM2,NA
AC005670.2,BHLHE22,NA
PFDN6,USP3,NA
HHAT,APLF,NA
CSMD2,HHAT,NA
CFLAR,FGD6,NA
B3GNT7,CD44,NA
SLAMF8,HMCN1,NA
MMGT1,NT5C1B,NA
PNMA6A,ZMYND10,NA
F7,AGL,NA
ZNF268,DYNC2LI1,NA
TUBGCP3,POLR1A,NA
MAGEA3,HCLS1,NA
STXBP3,C5,NA
PGRMC2,ATP2A2,NA
MYLK,RNFT2,NA
C7,PRM2,NA
BDH1,MRPL43,NA
CENPF,ZNF318,NA
GNAZ,SPAG5,NA
TENT5C,LYNX1,NA
ZBTB11,CALM2,NA
TRIM58,DNAJA2,NA
OCLN,PABPC1,NA
ADD3,PCYT2,NA
NBPF26,SEC24A,NA
SLC2A14,DPAGT1,NA
TMEM155,SV2A,NA
BMP5,CLCN3,NA
ANKRD42,DGKQ,NA
ING1,SMIM31,NA
CELF3,DHRS1,NA
MAGEA12,AKIRIN2,NA
NRCAM,POLH,NA
ASTN1,MXD3,NA
MSMO1,PRXL2C,NA
TSTD3,C5orf24,NA
RBM25,LHX5,NA
DNAJC3,KRT6A,NA
CBX5,ABCC4,NA
GRIP2,UBE2N,NA
MICB,LRBA,NA
EMC1,VPS39,NA
RBMS3,PLPPR2,NA
AC010422.6,ERCC1,NA
GTF2E1,GVQW3,NA
PPTC7,IL12RB1,NA
MLX,STX3,NA
WDR59,NKX3-1,NA
BBS4,DCAF5,NA
CARNMT1,UNC79,NA
DHDDS,FOXC2,NA
TMED10,BNIP3L,NA
NCOA7,TMEM8B,NA
INHBA,OR52E4,NA
F5,HSD3B2,NA
MBIP,KCNJ13,NA
OR2V2,TNIK,NA
RBM3,GRHL3,NA
ZC3H10,RAB14,NA
COA7,PRMT3,NA
AL451062.2,GLDN,NA
BMI1,GNAO1,NA
ATM,SFT2D2,NA
GRM5,RAET1E,NA
HTN3,TM7SF3,NA
EBF2,SOAT1,NA
KLF3,CNOT7,NA
TIMP3,CCDC174,NA
CHD1,MSH5-SAPCD1,NA
FRMD1,HDAC8,NA
TPGS2,PCDHGA6,NA
KCNS1,NLE1,NA
ZNF514,ADGRL3,NA
EXOC4,NPL,NA
TTLL5,TMC7,NA
CRP,SSU72,NA
FCGR3B,PDSS2,NA
ME1,FAM227A,NA
ADA2,UBE2QL1,NA
C1orf52,TGFBR2,NA
LIFR,VMP1,NA
CSF3R,SSTR4,NA
SLC25A32,HSPD1,NA
ITGB1,CNIH4,NA
OR4F17,CNIH2,NA
DEPDC5,PAIP1,NA
SMIM10L2B,LRRK1,NA
PCDH18,THAP7,NA
DNAJC18,NPTX2,NA
CSMD3,ARPC2,NA
PEAK1,AK3,NA
TUSC3,SHE,NA
PRPF18,RPL4,NA
DEFB125,CYSLTR1,NA
TMPRSS4,PDXDC1,NA
GREB1L,ELFN1,NA
PCBP2,DPF3,NA
YKT6,PRR9,NA
PTK2,AGMAT,NA
CACNA1A,RHOQ,NA
ZNF442,NCEH1,NA
BRIP1,PIAS2,NA
EYA3,RNF141,NA
POGLUT1,TMOD3,NA
HEXA,ZNF527,NA
FAM120AOS,LHFPL5,NA
ESYT2,KLHL23,NA
CST11,ZBTB38,NA
PPP3CB,ECE1,NA
KCNIP2,ESAM,NA
RPTN,ADAL,NA
LDOC1,IRF1,NA
ST6GALNAC5,RASSF3,NA
GALNT14,ZNF689,NA
ZPBP2,NEMF,NA
YES1,TOR4A,NA
ZCCHC10,MGAT1,NA
SSH1,PTPN13,NA
SKA3,MAOB,NA
SGMS2,PLCL1,NA
SGK3,DOK2,NA
ZNF236,PRDM12,NA
DEK,SNTA1,NA
LIPH,TAS2R4,NA
RNF214,SUMO3,NA
CAP2,PCDH20,NA
ISY1-RAB43,SLC28A2,NA
FLVCR2,CCDC14,NA
SCNN1G,GPD2,NA
NAV2,MINPP1,NA
KRT10,LCE1E,NA
ARHGEF11,TM9SF4,NA
OR14J1,RCAN2,NA
PPP6R3,CECR2,NA
BAHCC1,FRMD5,NA
ZNF287,MINAR1,NA
CDCP1,ASXL3,NA
DCTN4,SKIDA1,NA
MTMR9,TP53TG3C,NA
ZXDB,CA10,NA
FCHO2,PTPN1,NA
TTC33,TMEM109,NA
SOX21,CRKL,NA
PSMD5,EFNB2,NA
ANP32D,NCAPD3,NA
HTR2A,TXNDC16,NA
MIPOL1,TSPAN6,NA
FBXL20,STAT2,NA
ZFP90,KLF5,NA
ACER2,NDUFA4,NA
BACH1,B4GAT1,NA
KIF16B,CARMIL3,NA
TMEM209,HACD4,NA
RIC1,RGMA,NA
GPR137C,EIF3I,NA
WNK1,ADH4,NA
FFAR1,VWC2L,NA
KLB,B4GALT1,NA
DLD,IRGQ,NA
FGGY,NEURL1B,NA
ZDHHC5,LAMC1,NA
AC093155.3,CRYAB,NA
TEX9,GNB1,NA
UBE2D1,SMIM35,NA
PREX2,KNSTRN,NA
SLC14A1,OXSR1,NA
E2F4,TRUB1,NA
SEC31A,VCP,NA
HUS1,CELSR3,NA
PHF12,FBXL12,NA
CEP44,GEMIN6,NA
SSUH2,F8A1,NA
PLEKHA2,ST8SIA1,NA
PCM1,TMCO1,NA
CISD2,TBC1D4,NA
SIX3,ETS2,NA
VASH1,CDV3,NA
LYRM7,SAMD14,NA
HADH,RABIF,NA
C3orf62,PAK2,NA
IRF6,ANKRD17,NA
MFRP,AC093827.5,NA
KCNG4,BRD4,NA
RFC5,GPATCH2,NA
ANP32E,NRXN1,NA
ACADM,SCN1B,NA
SHISA2,SMIM12,NA
MRPL21,DCBLD2,NA
PRPF38B,MCL1,NA
MCHR2,NIPSNAP3B,NA
TPBGL,ISLR,NA
NUBPL,ZBTB18,NA
AQP4,EFNA5,NA
ALOX12B,OR2A42,NA
SAR1A,IPO9,NA
SLC2A10,XRRA1,NA
ATG10,NUDT21,NA
AC119674.2,OR2T33,NA
PSD4,MKX,NA
UBQLN4,DPY19L3,NA
CHD1L,STX18,NA
SEC23IP,AC010542.3,NA
OR4Q3,GCNT1,NA
CHML,CCNF,NA
TAB2,PREX2,NA
ZPR1,USP8,NA
C8orf34,MYO1C,NA
RPS15A,SLCO2B1,NA
SLC9A6,DNAH5,NA
PIP4K2C,CALHM4,NA
SLC25A53,C11orf65,NA
TCF19,C16orf54,NA
SURF6,C3orf33,NA
CDCA7L,FEZ1,NA
YPEL4,TPD52,NA
EEF1AKMT2,ZNF582,NA
RGPD2,HOXD1,NA
POU6F1,WIPF2,NA
AC005192.1,STARD4,NA
GSR,RPA1,NA
OR2L13,OLFM2,NA
AP1S3,ADAM2,NA
MCOLN3,ELK4,NA
TBPL1,SPRED3,NA
CHST5,AC104452.1,NA
BTD,ATP11B,NA
BRINP3,APOBEC3D,NA
TDRD3,FNBP4,NA
PPP1R1C,ACP6,NA
ACTR2,KPNA3,NA
PPP2R5A,SKAP1,NA
CDKL2,DCAF12,NA
EXOSC9,CLEC6A,NA
CREBL2,FBXO22,NA
MATR3,LCORL,NA
YOD1,FBLN7,NA
GASK1A,ZNF200,NA
VPS4B,ZBTB5,NA
ZNF283,ANK2,NA
ARHGAP17,RIDA,NA
LORICRIN,KRTAP10-7,NA
PLA2G4F,TMEM74,NA
FOXC1,ITPR2,NA
LRATD1,DARS2,NA
NME6,LHPP,NA
GPR155,CCN4,NA
USP34,KCNC1,NA
SEMA6C,UNC13B,NA
AGAP3,DDHD2,NA
OR4D10,SVIP,NA
AXDND1,NPTXR,NA
FAM104A,AL928654.3,NA
PABPC1L2A,IL3,NA
ZNF347,ZNF71,NA
TMEM181,COL26A1,NA
AL109811.3,STYXL1,NA
SLX4IP,RPL37,NA
MARCHF3,NLGN4Y,NA
KLHDC2,OSBPL6,NA
KCNMB4,ELK1,NA
ADAM28,DERL1,NA
RHOQ,PPIL4,NA
SUN1,KCNQ4,NA
PDP2,DCAF4L1,NA
SLC7A6,NENF,NA
TMA7,PTCD2,NA
GOLM2,FMR1,NA
NDUFA9,MYEF2,NA
FBXO41,ZNF81,NA
RBM39,COL10A1,NA
ITLN1,SLAIN2,NA
ADK,C10orf82,NA
SV2A,SCAMP5,NA
NEUROD1,NIPA1,NA
RET,TRIM66,NA
SNAI2,EIF3L,NA
SSX7,ZNF594,NA
MAP4K3,PRR12,NA
PATE1,RAB43,NA
NUFIP1,PNMA8C,NA
GYG2,POLDIP3,NA
ZDHHC2,CRYBG2,NA
SEPTIN10,CDH6,NA
DIS3,ARHGDIA,NA
RAPH1,SLC13A5,NA
DIMT1,CDCA8,NA
NFATC3,HDAC7,NA
MED4,FAR2,NA
C16orf86,YBX3,NA
COX18,RAD51D,NA
PSRC1,WASHC4,NA
EPHA8,CDH16,NA
FREM2,TMEM179,NA
EMC2,MPHOSPH8,NA
RASIP1,MAFG,NA
XDH,TMEM170B,NA
AC011530.1,NIPAL2,NA
TRIM6,CNTNAP1,NA
MRFAP1,ITGA6,NA
PSME2,PRR20C,NA
GRHPR,PPP1R11,NA
UFL1,ERRFI1,NA
ZNF709,SP6,NA
TBC1D7,DIP2B,NA
STX3,ZNF605,NA
CAT,CYP3A7,NA
ZNF490,SH3BP2,NA
DTWD2,BMP8B,NA
PLEKHH1,TMEM154,NA
SLC35B3,AC005324.3,NA
SERF2,KRTAP5-7,NA
CAB39L,ZNF268,NA
AC004593.2,IL7R,NA
RAP1GAP2,XRCC2,NA
RFX5,HEATR5B,NA
PNKD,RS1,NA
ETFBKMT,ABLIM1,NA
EIF2S3,WDR37,NA
USP48,ELL2,NA
PAPOLA,TRIM40,NA
GDF7,PLEKHH1,NA
MYBPC1,NFATC2IP,NA
IP6K1,TRAF6,NA
PSG8,IGF2R,NA
IER5,CLTA,NA
ANK2,MLEC,NA
AC008770.4,PRR20D,NA
UVRAG,TMPPE,NA
GNPDA2,PCLO,NA
SNRPE,RBM14-RBM4,NA
ANKRD34B,UGGT1,NA
HHLA1,TAF5L,NA
XIAP,SPATA5L1,NA
GCLM,TIMM17B,NA
TBX19,SLC4A10,NA
SHISAL1,C12orf73,NA
TRPC6,TAF5,NA
UXS1,PRKN,NA
SCN10A,UBE2D4,NA
SYNM,DEFB125,NA
TMEM242,RC3H1,NA
LINC00672,SERTM2,NA
RPS4X,FBXO32,NA
GCLC,ALOXE3,NA
SEMA4F,TRIM16L,NA
STX11,CYP8B1,NA
C19orf47,CRCT1,NA
EEA1,ASB12,NA
CEBPG,KMT5B,NA
GASK1B,SRC,NA
AL662899.2,CACNB3,NA
NBPF1,OR2V2,NA
RAI1,HS3ST5,NA
SGK1,SPRING1,NA
KBTBD2,TRIM55,NA
ZNF410,STUM,NA
AP000812.4,XKR9,NA
LMO4,CYB5D2,NA
ADIPOQ,SLC50A1,NA
WDFY2,FBXO45,NA
ABHD4,GPR157,NA
GPR37L1,PPP1R3C,NA
C3AR1,ZNF215,NA
MCF2L,ANGEL1,NA
FHL1,DCLK2,NA
SLFN5,ELOF1,NA
WNT5A,COL4A6,NA
OR6C75,NAA40,NA
SIGLEC9,SLC40A1,NA
DAB2,ADGB,NA
ZBTB32,PLAUR,NA
FBXO8,CDS1,NA
FAM8A1,ARL6IP6,NA
SOCS7,OR7D4,NA
CNN2,S1PR2,NA
CTNND2,GDAP1,NA
IHO1,UBL4A,NA
LXN,SLC24A2,NA
TNFRSF11A,AGFG1,NA
FCGR3A,RXRG,NA
ELL2,RBM4,NA
PHLPP2,SPATA6,NA
DIAPH3,RAP1B,NA
SAP130,FKBP15,NA
SOS1,ASPA,NA
MGAT4D,KATNAL2,NA
GDPD2,DERPC,NA
PREP,NPY1R,NA
VAPA,SHANK1,NA
SUSD1,POU5F1B,NA
TRMT9B,MORF4L2,NA
ZNF154,SFXN1,NA
ZBBX,MED21,NA
LHX4,SPRED2,NA
DCTN5,EPHA10,NA
TRIP4,BEST1,NA
TMEM123,IL15RA,NA
TBC1D3L,SEPTIN11,NA
TP63,SEMA3D,NA
TP53INP1,AIPL1,NA
ZSCAN31,ZNF879,NA
EIF1AD,GGTA1,NA
TBP,ESM1,NA
FAM78B,SNX30,NA
ZNF138,SAMD4A,NA
SLC25A3,SMURF2,NA
AGAP1,MBOAT1,NA
P4HA1,UBASH3B,NA
BSND,FAM110C,NA
ZNF346,FNTB,NA
ADGRV1,SLC16A12,NA
PTDSS1,ZBTB9,NA
MYRIP,OTOR,NA
HTRA4,WDR35,NA
MADCAM1,CRACR2A,NA
ARSG,AP3B2,NA
GLS,FRMD4A,NA
ORC5,SEPHS2,NA
ZNF507,FZD10,NA
LOXL3,FAM219A,NA
U2SURP,CLOCK,NA
CBX6,GCOM1,NA
TM4SF1,NOL6,NA
SP5,AC010326.2,NA
CST9,XCR1,NA
SIRPB1,LRRC6,NA
ZNF831,DUSP7,NA
CEP85L,UBTD2,NA
TBX18,ATG2A,NA
PAQR5,HFE,NA
PCSK1,TAT,NA
WEE2,SLC9A4,NA
APOLD1,SBF1,NA
CDRT1,RAPGEF3,NA
CREB3L3,MGAT5,NA
ANO6,NACC1,NA
ADCY2,TCAIM,NA
TNFRSF19,MTG1,NA
NEU3,EMID1,NA
TMX4,CHN1,NA
EIF5,SAMD7,NA
SPRYD7,MAGT1,NA
MEAF6,CHPF,NA
MRPL27,PSME3IP1,NA
TFDP2,FBXO44,NA
NKX2-4,SELENON,NA
INTS6L,KREMEN1,NA
PTPRZ1,IGF1,NA
CYP8B1,PAQR8,NA
KIAA1549L,NOTCH1,NA
PIGX,RBM39,NA
OLFM4,FAM118A,NA
DDX1,FAM160B1,NA
AL590132.1,ZMAT4,NA
AC009879.3,KIF1B,NA
FCGR1B,KCNK5,NA
LRRFIP1,SRSF3,NA
DEFA1B,CRYBB2,NA
CLK3,SSBP2,NA
BHMT,MOB1B,NA
PAPPA,MLN,NA
B4GALT4,ZBTB21,NA
RPL11,MYLK,NA
BDKRB2,RASSF7,NA
PCYT1A,TREML4,NA
MAFF,SCAMP4,NA
RAB3GAP2,ARHGAP11A,NA
G6PC2,RELL1,NA
DPPA4,SCFD1,NA
EMP2,SUPT7L,NA
BRS3,ANKRD33B,NA
NUDT11,DNAJC2,NA
SLTM,GPR183,NA
POLR3G,CSN2,NA
ENPP6,ATL1,NA
XPNPEP3,KHDC1,NA
ANAPC11,ADAMTS15,NA
GYPE,CYP1A2,NA
RIT1,MAP4K4,NA
ZNF544,RELN,NA
CLSTN2,ZNF518B,NA
GMEB1,RNF215,NA
OR10D3,ZDHHC14,NA
GNB1,PADI3,NA
TAL1,MUSK,NA
GPATCH4,ZNF740,NA
GANC,PARP14,NA
BZW2,ELOVL1,NA
TUT7,SLC9A1,NA
ACTG2,AL133352.1,NA
DEFA3,PCGF3,NA
DNAJA2,LILRA2,NA
ZCRB1,AMIGO1,NA
RNF121,INSL3,NA
HOXC8,SALL3,NA
FYTTD1,ANO3,NA
SNF8,PMP22,NA
ZBED8,AC113554.1,NA
SLC35G1,TMEM134,NA
SRPRA,MARCKSL1,NA
SLC28A3,CALHM3,NA
MTHFD1,ARHGAP32,NA
MSTN,DSC2,NA
ARFGEF2,PALD1,NA
CASR,PRPH,NA
VWA2,NOTCH2,NA
SERTM2,BCLAF3,NA
FCGR1A,HRH2,NA
AC005520.1,NTAQ1,NA
CYP2C19,LGR5,NA
OPA1,TCP11X1,NA
IGF2R,IFNAR1,NA
ATP6V1G2-DDX39B,NAA15,NA
ALDH3B2,GLP2R,NA
SLC4A1,NSA2,NA
SMIM42,MACC1,NA
NPRL2,MSRB3,NA
AGGF1,METTL22,NA
ADCY9,REELD1,NA
CERS6,CLEC14A,NA
ZNF461,SLC39A8,NA
CCDC113,LSMEM2,NA
REEP5,HMGCS2,NA
SUPT20H,A4GNT,NA
P3H3,RTF1,NA
CFAP58,PKNOX1,NA
AC020915.4,SLC39A11,NA
GALNT4,OSBPL5,NA
CYP4A22,COL1A1,NA
CD83,SEPTIN6,NA
SEPHS1,SETX,NA
RABL3,RGS7BP,NA
TRAPPC11,FKBP5,NA
BTBD18,GRK6,NA
MYO18A,MARVELD2,NA
ENO4,MMRN2,NA
UGT2A3,TYR,NA
PRPS2,MUC5AC,NA
CCNF,CNN2,NA
EPB41L1,ZNF275,NA
ST7L,MACF1,NA
PRUNE1,STX2,NA
ACER3,SDHC,NA
TMSB4X,PDGFRB,NA
HLA-DQA2,LCA5,NA
COL8A2,TMA16,NA
SLFN13,OPA3,NA
ITGBL1,TMEM104,NA
EXTL2,SLC38A1,NA
ATAT1,NRP2,NA
GNG4,ZRANB1,NA
RAD50,FBXL7,NA
NECTIN3,AC006064.6,NA
AL157392.5,CCNDBP1,NA
SMCHD1,AC116366.2,NA
CDC5L,AC004593.2,NA
TMEM30A,HAP1,NA
OGN,ZNF529,NA
PARD6B,GFI1,NA
CKAP2L,IMP3,NA
SARNP,GPR149,NA
TGFBR2,TRMT11,NA
GRAMD1B,CCDC170,NA
MR1,H2AC20,NA
TFDP1,AXL,NA
AEN,LYPD3,NA
CD5L,ATXN7L1,NA
TEX15,CAVIN1,NA
FAM76A,WSB1,NA
SKAP2,DHX8,NA
TRAM1,LIN7B,NA
RELL1,OSBPL2,NA
HEPACAM,GDAP1L1,NA
DNTTIP2,HSH2D,NA
NIPSNAP3A,TCERG1,NA
ZNF230,CHPT1,NA
MAP4K4,SDR16C5,NA
PARN,BMP10,NA
LRRK2,CXCL17,NA
CNNM1,TSPAN31,NA
EIF4B,DNASE2,NA
BICC1,AGPS,NA
PDCD7,TRMT6,NA
TMEM51,ARMC7,NA
DNAJB9,CRAMP1,NA
LTBP2,MTPN,NA
C1GALT1,VPS25,NA
OR9Q2,ZNF506,NA
THAP1,PAIP2,NA
ESRP1,FRMD8,NA
OR52A5,LHX8,NA
DRP2,PCBP2,NA
AC010547.4,COG8,NA
LIN52,CDKAL1,NA
RPRD2,KBTBD6,NA
KIF5B,CLEC17A,NA
GPRC5A,PPP1R36,NA
ATRAID,CMPK1,NA
PRKCE,AZGP1,NA
TRIM39,RRP9,NA
FLG2,MUL1,NA
FAM122B,CCDC32,NA
INTS7,HES2,NA
ARHGEF28,FAM186A,NA
GBE1,GFPT1,NA
NPAP1,SULT4A1,NA
ZNF619,BPIFB6,NA
PRR5L,ARMH3,NA
ANGPT1,INPP5K,NA
GALNT10,KDR,NA
NCKIPSD,ZKSCAN4,NA
MYLIP,CFAP300,NA
COTL1,SIN3B,NA
SATB2,HNRNPUL2,NA
FLT3,FAM136A,NA
SLC10A7,RBPJL,NA
COG4,GABRA2,NA
MAB21L1,FRG2C,NA
SLC25A4,PNMA2,NA
GPBP1L1,MICOS10,NA
UBE2J1,TRAM1,NA
TVP23B,AL022238.3,NA
TNFSF11,CDK2,NA
NCKAP1L,SNX6,NA
TGFA,MGRN1,NA
POGK,ZNF365,NA
FAR2,TRIM8,NA
NA,PPIL6,NA
NA,HSPA12B,NA
NA,CYTH2,NA
NA,TMEM129,NA
NA,FBXO40,NA
NA,GPAT4,NA
NA,RCE1,NA
NA,IPO8,NA
NA,RNF170,NA
NA,RPRD1B,NA
NA,SMU1,NA
NA,RALGAPA1,NA
NA,REL,NA
NA,RNF135,NA
NA,LRRC14B,NA
NA,USP14,NA
NA,SH2B1,NA
NA,BTRC,NA
NA,HIC1,NA
NA,AD000671.2,NA
NA,ASCC3,NA
NA,STX6,NA
NA,AC006059.2,NA
NA,SEH1L,NA
NA,GLI2,NA
NA,PDCD2,NA
NA,LINS1,NA
NA,MOBP,NA
NA,EIF3H,NA
NA,CARNS1,NA
NA,KY,NA
NA,BMERB1,NA
NA,OR4D2,NA
NA,PDGFRA,NA
NA,BCAN,NA
NA,EIF2B1,NA
NA,LONRF1,NA
NA,NR1H4,NA
NA,APBB2,NA
NA,TSPAN11,NA
NA,REEP4,NA
NA,TOMM34,NA
NA,HOXC6,NA
NA,ZPR1,NA
NA,PLSCR4,NA
NA,ASIC2,NA
NA,SLC1A3,NA
NA,TFRC,NA
NA,LIN54,NA
NA,GNPDA2,NA
NA,OTUB1,NA
NA,PIK3AP1,NA
NA,MEOX2,NA
NA,HEYL,NA
NA,MYSM1,NA
NA,MDM4,NA
NA,ALDH6A1,NA
NA,FEZF2,NA
NA,CHCHD3,NA
NA,SEC14L5,NA
NA,ETV3,NA
NA,JMJD8,NA
NA,SCN8A,NA
NA,FEM1C,NA
NA,PPP1R1C,NA
NA,PNMA8B,NA
NA,KLC4,NA
NA,RTTN,NA
NA,SLC9B2,NA
NA,SZT2,NA
NA,AP000356.5,NA
NA,CDK9,NA
NA,RASAL2,NA
NA,KIR2DL3,NA
NA,F5,NA
NA,TOLLIP,NA
NA,OR9I1,NA
NA,DDX21,NA
NA,FAM241A,NA
NA,SLC12A3,NA
NA,PRX,NA
NA,ZNF530,NA
NA,DPH3,NA
NA,EPB41L1,NA
NA,GSKIP,NA
NA,DEGS1,NA
NA,MATR3,NA
NA,GSG1L,NA
NA,NTN1,NA
NA,GPR3,NA
NA,HOXB3,NA
NA,CCR7,NA
NA,PLEC,NA
NA,TPRN,NA
NA,PPP4R4,NA
NA,RIN3,NA
NA,MDM1,NA
NA,FCER1G,NA
NA,HR,NA
NA,DDX43,NA
NA,MTHFD1,NA
NA,PEDS1,NA
NA,DLD,NA
NA,PDLIM5,NA
NA,PRIMA1,NA
NA,SPATA31D3,NA
NA,MNT,NA
NA,PLCXD3,NA
NA,BBOF1,NA
NA,IGFBP4,NA
NA,FAT1,NA
NA,SLC41A1,NA
NA,HOOK1,NA
NA,SAFB,NA
NA,MON1B,NA
NA,BEND7,NA
NA,CDK18,NA
NA,SLC10A3,NA
NA,SRD5A2,NA
NA,TAF9B,NA
NA,MPHOSPH6,NA
NA,LRRTM2,NA
NA,MYO18B,NA
NA,HYKK,NA
NA,TNFRSF1B,NA
NA,SRSF5,NA
NA,FAM104B,NA
NA,SLC12A1,NA
NA,TIGD6,NA
NA,TRIO,NA
NA,HAPLN4,NA
NA,PRELP,NA
NA,CWC15,NA
NA,CCDC9B,NA
NA,ANKRD45,NA
NA,SSPN,NA
NA,SPIB,NA
NA,ZNF283,NA
NA,C17orf75,NA
NA,FBXO17,NA
NA,RHOJ,NA
NA,SYT5,NA
NA,DAZ2,NA
NA,ADAM17,NA
NA,GINS4,NA
NA,DAZ4,NA
NA,NUP107,NA
NA,SIRT2,NA
NA,AC008397.2,NA
NA,METTL1,NA
NA,SORL1,NA
NA,ZCCHC12,NA
NA,HPD,NA
NA,NAV3,NA
NA,MUC5B,NA
NA,SLC39A1,NA
NA,DAZ3,NA
NA,ADCY1,NA
NA,ERI2,NA
NA,MICU3,NA
NA,TP53INP1,NA
NA,HID1,NA
NA,NBPF9,NA
NA,MPPED2,NA
NA,TRMT10A,NA
NA,NANOS2,NA
NA,TULP3,NA
NA,PSD2,NA
NA,PHAX,NA
NA,NAALADL2,NA
NA,PTPMT1,NA
NA,DNAI3,NA
NA,DIS3,NA
NA,PLPP4,NA
NA,DCLRE1B,NA
NA,WASHC3,NA
NA,MEF2A,NA
NA,TREML2,NA
NA,POLR1D,NA
NA,C3orf62,NA
NA,NDUFC2,NA
NA,ATG9B,NA
NA,SDK2,NA
NA,CLIP3,NA
NA,MYD88,NA
NA,C5AR2,NA
NA,DAZ1,NA
NA,TRIM9,NA
NA,SNX18,NA
NA,RASSF4,NA
NA,ZNF233,NA
NA,IP6K2,NA
NA,SLC12A6,NA
NA,RIC8B,NA
NA,ERICH1,NA
NA,TNFSF18,NA
NA,SLC4A11,NA
NA,SDR42E1,NA
NA,CREB3L1,NA
NA,FABP3,NA
NA,LYPD6,NA
NA,GGA1,NA
NA,CLEC9A,NA
NA,MANSC1,NA
NA,LY6K,NA
NA,PFDN1,NA
NA,PPP1R9A,NA
NA,ACSL6,NA
NA,CACNA1C,NA
NA,NADSYN1,NA
NA,AP1B1,NA
NA,CCDC24,NA
NA,LRP3,NA
NA,TLCD4,NA
NA,TRPM6,NA
NA,RNF43,NA
NA,EEF2K,NA
NA,PPOX,NA
NA,SUFU,NA
NA,WNT16,NA
NA,CCDC39,NA
NA,LPL,NA
NA,SLCO2A1,NA
NA,RWDD1,NA
NA,OR10A3,NA
NA,SLC6A7,NA
NA,C2orf66,NA
NA,CKS2,NA
NA,BCL2L13,NA
NA,RHOBTB1,NA
NA,DCUN1D1,NA
NA,CCDC91,NA
NA,ERF,NA
NA,MIGA2,NA
NA,ZNF599,NA
NA,WBP1L,NA
NA,VAT1,NA
NA,KCNS1,NA
NA,USP24,NA
NA,RNASEH2C,NA
NA,RAD54L,NA
NA,RAB33B,NA
NA,DENND2C,NA
NA,WBP2,NA
NA,SELENOO,NA
NA,KMO,NA
NA,EIF3A,NA
NA,NKIRAS2,NA
NA,AL138752.2,NA
NA,SOCS4,NA
NA,MS4A1,NA
NA,MYLIP,NA
NA,RHPN1,NA
NA,SREK1,NA
NA,LRATD2,NA
NA,PLEKHA6,NA
NA,GPM6A,NA
NA,MYOG,NA
NA,SH2D1B,NA
NA,PERCC1,NA
NA,VCPIP1,NA
NA,PHACTR1,NA
NA,AKAP5,NA
NA,HDGFL2,NA
NA,COX7B,NA
NA,CHMP3,NA
NA,CFAP97,NA
NA,ZNF25,NA
NA,SUMO2,NA
NA,MAN1A1,NA
NA,SOX9,NA
NA,TMSB4Y,NA
NA,CYB5B,NA
NA,AC011498.4,NA
NA,CCNI2,NA
NA,COX6C,NA
NA,GMDS,NA
NA,HOXD3,NA
NA,SLIT2,NA
NA,OR4K2,NA
NA,FAM133B,NA
NA,SHOC2,NA
NA,INTS6L,NA
NA,GALNT17,NA
NA,AARS2,NA
NA,ADGRL1,NA
NA,OAZ2,NA
NA,GLO1,NA
NA,ITFG2,NA
NA,TYW1B,NA
NA,VCPKMT,NA
NA,FKBP1A,NA
NA,FASTKD2,NA
NA,PIK3CA,NA
NA,CCDC61,NA
NA,GALNT10,NA
NA,NDUFA9,NA
NA,CD86,NA
NA,SOS2,NA
NA,SERTAD2,NA
NA,LAS1L,NA
NA,TNS4,NA
NA,EDNRB,NA
NA,NUTM2A,NA
NA,RBMS3,NA
NA,LRRC32,NA
NA,PEX3,NA
NA,ARNTL,NA
NA,GRK1,NA
NA,SLC36A4,NA
NA,MEP1A,NA
NA,AL031681.2,NA
NA,INSM1,NA
NA,CHUK,NA
NA,TINAG,NA
NA,OR4S2,NA
NA,FMO1,NA
NA,HSD17B3,NA
NA,CDK17,NA
NA,AC244197.3,NA
NA,LDLRAD2,NA
NA,UHMK1,NA
NA,AOC3,NA
NA,RBM15B,NA
NA,IGF2BP3,NA
NA,MKRN2,NA
NA,CEACAM4,NA
NA,PDYN,NA
NA,SOX21,NA
NA,ORAI2,NA
NA,PTGS2,NA
NA,OR2T5,NA
NA,HPSE2,NA
NA,MDN1,NA
NA,ANGPT4,NA
NA,HOXC10,NA
NA,GJB3,NA
NA,GAGE1,NA
NA,ZIC1,NA
NA,UBE2R2,NA
NA,MCOLN2,NA
NA,PACS1,NA
NA,MMRN1,NA
NA,GNG12,NA
NA,ETNK2,NA
NA,CNOT3,NA
NA,CD48,NA
NA,SIRPB2,NA
NA,DIMT1,NA
NA,ZCWPW2,NA
NA,ZNF780B,NA
NA,CDC73,NA
NA,PTGIR,NA
NA,MT2A,NA
NA,YME1L1,NA
NA,COQ9,NA
NA,LRRC55,NA
NA,CRIPT,NA
NA,NCK2,NA
NA,DEFB4A,NA
NA,SEC16A,NA
NA,TOX,NA
NA,FKBP4,NA
NA,ZNF713,NA
NA,AP2A1,NA
NA,GTSF1,NA
NA,SSTR2,NA
NA,TENT5C,NA
NA,STAMBP,NA
NA,ZNF705D,NA
NA,TMEM272,NA
NA,GALNT5,NA
NA,LONRF2,NA
NA,C7orf33,NA
NA,PTPDC1,NA
NA,AIF1L,NA
NA,P2RX2,NA
NA,CLCF1,NA
NA,PCK1,NA
NA,NCBP2,NA
NA,POGLUT1,NA
NA,MYLK4,NA
NA,GPR12,NA
NA,LRRK2,NA
NA,C9orf152,NA
NA,TMEM95,NA
NA,USP53,NA
NA,RWDD2A,NA
NA,CYB5A,NA
NA,CCL4L2,NA
NA,ST6GALNAC5,NA
NA,ZNF644,NA
NA,CNTNAP2,NA
NA,PTTG1IP,NA
NA,AQP1,NA
NA,RNF122,NA
NA,AC235565.2,NA
NA,SEMA4D,NA
NA,MSI1,NA
NA,KRTAP5-5,NA
NA,GPR63,NA
NA,CATSPER2,NA
NA,DDX10,NA
NA,FRRS1L,NA
NA,FBXO27,NA
NA,CST9,NA
NA,CPNE3,NA
NA,ZNF783,NA
NA,SHPRH,NA
NA,SLC6A15,NA
NA,RAD9B,NA
NA,KCNA5,NA
NA,FAM163A,NA
NA,AC107871.1,NA
NA,NSD1,NA
NA,PTPRE,NA
NA,SNED1,NA
NA,NEIL2,NA
NA,PDE4DIP,NA
NA,PTER,NA
NA,KLRC4-KLRK1,NA
NA,AMOTL1,NA
NA,ITGA3,NA
NA,TUFT1,NA
NA,SHOX2,NA
NA,TCF20,NA
NA,SLX4IP,NA
NA,TNFAIP1,NA
NA,ADGRF3,NA
NA,DNAJB14,NA
NA,MACIR,NA
NA,PAX2,NA
NA,AP003071.5,NA
NA,RAB9B,NA
NA,SMIM19,NA
NA,GPR135,NA
NA,C1QTNF9,NA
NA,NAV2,NA
NA,STARD8,NA
NA,NOL12,NA
NA,RPL11,NA
NA,SMYD4,NA
NA,DNAAF6,NA
NA,CRACDL,NA
NA,GSDMA,NA
NA,H6PD,NA
NA,LRPAP1,NA
NA,ARPC1B,NA
NA,PANK1,NA
NA,SLC35E2B,NA
NA,GPR179,NA
NA,SLC17A8,NA
NA,NLGN1,NA
NA,ARHGEF6,NA
NA,ZFP3,NA
NA,BRINP2,NA
NA,OR4D10,NA
NA,HSPA8,NA
NA,WDHD1,NA
NA,CFAP92,NA
NA,CCDC148,NA
NA,FNDC5,NA
NA,SKAP2,NA
NA,UTP15,NA
NA,AP5B1,NA
NA,HOXA9,NA
NA,TSPAN9,NA
NA,RAB42,NA
NA,MS4A6A,NA
NA,STX12,NA
NA,CHFR,NA
NA,CES3,NA
NA,ZNF827,NA
NA,ING3,NA
NA,GOLGA7,NA
NA,ALG11,NA
NA,MC1R,NA
NA,FYB2,NA
NA,AMIGO2,NA
NA,TET1,NA
NA,SUN1,NA
NA,SP140,NA
NA,TRAPPC2L,NA
NA,PGAP3,NA
NA,ACTL6B,NA
NA,SPCS3,NA
NA,N4BP2L2,NA
NA,BLZF1,NA
NA,NCSTN,NA
NA,PCDH15,NA
NA,PDE1B,NA
NA,INPP5F,NA
NA,KLRG1,NA
NA,SPTBN5,NA
NA,TRMT5,NA
NA,ANKS4B,NA
NA,APOBEC3C,NA
NA,FAIM2,NA
NA,SRSF12,NA
NA,AC068946.1,NA
NA,PSEN1,NA
NA,WEE2,NA
NA,FGFR1OP2,NA
NA,LYRM7,NA
NA,LRRC10B,NA
NA,UNC119B,NA
NA,MTA1,NA
NA,SYNDIG1L,NA
NA,REV1,NA
NA,SEMA4F,NA
NA,KHDRBS2,NA
NA,DDX42,NA
NA,PDCD7,NA
NA,ARHGEF26,NA
NA,RGS21,NA
NA,TAF12,NA
NA,TTC39B,NA
NA,AEBP2,NA
NA,VSTM4,NA
NA,ZIC4,NA
NA,SOX7,NA
NA,RAP1GDS1,NA
NA,TMED10,NA
NA,HBS1L,NA
NA,ANGPT1,NA
NA,LHFPL3,NA
NA,AC027644.4,NA
NA,CUX2,NA
NA,CRK,NA
NA,AQP6,NA
NA,FNDC3B,NA
NA,CUL5,NA
NA,DCBLD1,NA
NA,SLC17A3,NA
NA,HRK,NA
NA,DNAJC7,NA
NA,RAB1B,NA
NA,TRPM2,NA
NA,ST7,NA
NA,ETNK1,NA
NA,SCN9A,NA
NA,LY6G5B,NA
NA,ZNF585A,NA
NA,UBA5,NA
NA,XPNPEP3,NA
NA,MEF2D,NA
NA,MSN,NA
NA,MYRF,NA
NA,HMGXB4,NA
NA,SLC19A2,NA
NA,SLITRK3,NA
NA,SLC48A1,NA
NA,FILIP1,NA
NA,ZDHHC5,NA
NA,NPFFR1,NA
NA,CDC25B,NA
NA,EMCN,NA
NA,IRX4,NA
NA,PLEKHA8,NA
NA,BNIP3,NA
NA,TMED5,NA
NA,DBF4B,NA
NA,FAM71F1,NA
NA,BAX,NA
NA,ALDH3B1,NA
NA,RSPO4,NA
NA,LRRC19,NA
NA,PGBD4,NA
NA,ZNF555,NA
NA,OTUD7B,NA
NA,MAN2A2,NA
NA,TDRD6,NA
NA,PARM1,NA
NA,LZTR1,NA
NA,EGFR,NA
NA,PPP6C,NA
NA,SRPX2,NA
NA,FGF11,NA
NA,SPPL3,NA
NA,SPATS2L,NA
NA,SRP54,NA
NA,AFF4,NA
NA,UGT3A1,NA
NA,MPP2,NA
NA,THAP6,NA
NA,ARX,NA
NA,ADGRG6,NA
NA,GATM,NA
NA,C1QTNF9B,NA
NA,CSF3R,NA
NA,SGTB,NA
NA,AGXT2,NA
NA,TRAF7,NA
NA,HOXB13,NA
NA,CASKIN1,NA
NA,HPGD,NA
NA,XPNPEP1,NA
NA,NEUROD2,NA
NA,AFAP1L2,NA
NA,MEIOB,NA
NA,HSD17B2,NA
NA,PPP6R2,NA
NA,DEFB134,NA
NA,UQCRFS1,NA
NA,LAPTM4B,NA
NA,SNX16,NA
NA,SPIRE1,NA
NA,SCN3A,NA
NA,RAB3C,NA
NA,KCNJ14,NA
NA,AVPR1A,NA
NA,GLT6D1,NA
NA,CXXC1,NA
NA,CC2D2A,NA
NA,MEI4,NA
NA,TECPR2,NA
NA,SASH1,NA
NA,BLOC1S6,NA
NA,MYO15B,NA
NA,BRD3OS,NA
NA,SSX2,NA
NA,TAB2,NA
NA,ERICH3,NA
NA,DYNC2H1,NA
NA,TIGD3,NA
NA,SLC16A2,NA
NA,RALGDS,NA
NA,ALG12,NA
NA,ACSBG2,NA
NA,IL1R1,NA
NA,SIT1,NA
NA,GOLGA6L9,NA
NA,TLCD3A,NA
NA,GLDC,NA
NA,HAUS2,NA
NA,AC026954.2,NA
NA,MRTFA,NA
NA,OR5AS1,NA
NA,SPATS1,NA
NA,PDLIM2,NA
NA,ANKRD34C,NA
NA,MDC1,NA
NA,CILK1,NA
NA,KIF26B,NA
NA,GPR174,NA
NA,MRPS23,NA
NA,RBIS,NA
NA,TIGD5,NA
NA,CIAO2A,NA
NA,CDH22,NA
NA,PCMTD1,NA
NA,SYNPO2,NA
NA,ACAD10,NA
NA,CRISP1,NA
NA,JDP2,NA
NA,HEATR1,NA
NA,WDFY4,NA
NA,DGLUCY,NA
NA,RGS8,NA
NA,SLC35D3,NA
NA,MVB12B,NA
NA,RASA1,NA
NA,ZNF589,NA
NA,PRSS23,NA
NA,WDR13,NA
NA,PLB1,NA
NA,TXNL1,NA
NA,CLPTM1L,NA
NA,HEPN1,NA
NA,GMNC,NA
NA,RAD23A,NA
NA,PPAN-P2RY11,NA
NA,RPS6KA1,NA
NA,ZNF578,NA
NA,TMCC1,NA
NA,ATG5,NA
NA,ABT1,NA
NA,FANCI,NA
NA,GUCY1B1,NA
NA,SH3RF2,NA
NA,FIBIN,NA
NA,CCDC177,NA
NA,PDS5B,NA
NA,SH3GLB1,NA
NA,MYO19,NA
NA,GOLGA8A,NA
NA,IL9R,NA
NA,TPRA1,NA
NA,WARS2,NA
NA,ZNF557,NA
NA,PPP1R17,NA
NA,ZNF705G,NA
NA,MBNL3,NA
NA,CTBS,NA
NA,VPS26C,NA
NA,CMTM4,NA
NA,GNLY,NA
NA,ABCA13,NA
NA,CSNK2A1,NA
NA,RBBP6,NA
NA,C6orf132,NA
NA,ARL13B,NA
NA,STAT6,NA
NA,RFFL,NA
NA,PNOC,NA
NA,NOS1,NA
NA,GAL3ST1,NA
NA,AGGF1,NA
NA,SUV39H1,NA
NA,YARS1,NA
NA,SPARC,NA
NA,WNT2,NA
NA,MYCN,NA
NA,ZFAND1,NA
NA,CHMP4C,NA
NA,COA3,NA
NA,TPGS2,NA
NA,MFNG,NA
NA,SLC9A7,NA
NA,RALYL,NA
NA,CASP10,NA
NA,MOB1A,NA
NA,KHDC1L,NA
NA,GRWD1,NA
NA,RAB5IF,NA
NA,NUCKS1,NA
NA,ZC3H4,NA
NA,IVNS1ABP,NA
NA,PITPNM3,NA
NA,PTPN22,NA
NA,BRD9,NA
NA,P2RX4,NA
NA,MICU2,NA
NA,USP13,NA
NA,CBX6,NA
NA,ADIPOR1,NA
NA,IL36G,NA
NA,RIOK1,NA
NA,NAGA,NA
NA,STKLD1,NA
NA,KNDC1,NA
NA,LNX2,NA
NA,SNTB1,NA
NA,NIPBL,NA
NA,CDNF,NA
NA,FAM107A,NA
NA,PLA2G4F,NA
NA,RSAD1,NA
NA,GPR15,NA
NA,MSMO1,NA
NA,ABTB2,NA
NA,SCIN,NA
NA,ZNF141,NA
NA,DDX4,NA
NA,TTC21B,NA
NA,KRTAP1-1,NA
NA,TMEM164,NA
NA,CDH10,NA
NA,LEKR1,NA
NA,PRKX,NA
NA,HNF1A,NA
NA,ETV5,NA
NA,PRKG1,NA
NA,NF1,NA
NA,RAB6C,NA
NA,ETV3L,NA
NA,MARK1,NA
NA,MAP3K8,NA
NA,GCC1,NA
NA,KCNMB4,NA
NA,DOC2A,NA
NA,PABPC5,NA
NA,HLF,NA
NA,ACADL,NA
NA,SIKE1,NA
NA,SLC22A11,NA
NA,YIPF4,NA
NA,SLC35F2,NA
NA,TMEM59L,NA
NA,GRIP2,NA
NA,ARRDC4,NA
NA,TSPYL4,NA
NA,ELOA,NA
NA,ARHGAP23,NA
NA,SSX7,NA
NA,SAMD13,NA
NA,SLCO1A2,NA
NA,OR2AT4,NA
NA,ZNF300,NA
NA,CPT2,NA
NA,STARD13,NA
NA,TLK2,NA
NA,ZNF221,NA
NA,CHST2,NA
NA,GJD3,NA
NA,TRMT13,NA
NA,ACE,NA
NA,CDCA7L,NA
NA,HECTD3,NA
NA,MTURN,NA
NA,SIN3A,NA
NA,NUP160,NA
NA,CDC34,NA
NA,GPR65,NA
NA,WNT5A,NA
NA,PEAR1,NA
NA,DCLK3,NA
NA,KLF17,NA
NA,ZNF197,NA
NA,DAB2IP,NA
NA,CAMSAP1,NA
NA,BOC,NA
NA,SGCE,NA
NA,ZNF41,NA
NA,ZNF697,NA
NA,MATN1,NA
NA,G6PC,NA
NA,SAMD4B,NA
NA,KCNH2,NA
NA,IL12B,NA
NA,SLC7A9,NA
NA,CRY2,NA
NA,TIMMDC1,NA
NA,EXTL2,NA
NA,SH2D6,NA
NA,CCDC73,NA
NA,INHA,NA
NA,OR2L3,NA
NA,THBS3,NA
NA,BID,NA
NA,ZCCHC18,NA
NA,MTR,NA
NA,MFGE8,NA
NA,LRRC27,NA
NA,MPDZ,NA
NA,CTSH,NA
NA,MRE11,NA
NA,RANBP17,NA
NA,HNRNPD,NA
NA,SLC35G1,NA
NA,OPALIN,NA
NA,HIRA,NA
NA,CCNB1,NA
NA,UBE2G1,NA
NA,DOK3,NA
NA,ATAD3C,NA
NA,FAM111A,NA
NA,MEGF9,NA
NA,SNRPD1,NA
NA,MARCHF3,NA
NA,LDLRAD1,NA
NA,TCAF1,NA
NA,SERAC1,NA
NA,C10orf67,NA
NA,ACTR1A,NA
NA,KAT14,NA
NA,ATOH7,NA
NA,OR8B8,NA
NA,TSHZ1,NA
NA,CDKL1,NA
NA,ERAP1,NA
NA,STPG2,NA
NA,NCAPG,NA
NA,LYRM9,NA
NA,KLF15,NA
NA,AQP2,NA
NA,SLC13A3,NA
NA,PLEKHS1,NA
NA,EHD1,NA
NA,AL109811.3,NA
NA,ADCY4,NA
NA,TNKS1BP1,NA
NA,HS3ST4,NA
NA,SLAMF6,NA
NA,GNL1,NA
NA,IVD,NA
NA,SRGAP2,NA
NA,CDH12,NA
NA,MRO,NA
NA,MAPK13,NA
NA,C15orf62,NA
NA,CNTN4,NA
NA,CLINT1,NA
NA,EOGT,NA
NA,SERPINH1,NA
NA,WDR31,NA
NA,DTHD1,NA
NA,CSDC2,NA
NA,AC019117.3,NA
NA,SDAD1,NA
NA,FLG2,NA
NA,HHLA1,NA
NA,ZNF727,NA
NA,HAUS3,NA
NA,PSMF1,NA
NA,DTNB,NA
NA,DDX24,NA
NA,ZNF576,NA
NA,FAM95C,NA
NA,TMEM98,NA
NA,ZNF488,NA
NA,SLITRK2,NA
NA,KDM1A,NA
NA,MYZAP,NA
NA,PGK2,NA
NA,ZNF639,NA
NA,GINS2,NA
NA,NIPA2,NA
NA,CDK5R1,NA
NA,MUC4,NA
NA,RNF121,NA
NA,LCE1B,NA
NA,ZMIZ2,NA
NA,CFAP299,NA
NA,PPP3CA,NA
NA,GPR34,NA
NA,RB1,NA
NA,MLPH,NA
NA,SS18L1,NA
NA,SSR3,NA
NA,USF3,NA
NA,EXOSC9,NA
NA,CFAP43,NA
NA,VWA5A,NA
NA,GALNT15,NA
NA,FAM229A,NA
NA,CKAP5,NA
NA,MYO1D,NA
NA,UNC80,NA
NA,TCTE1,NA
NA,GUCA1B,NA
NA,OSBPL9,NA
NA,GATD1,NA
NA,CXCL16,NA
NA,MADCAM1,NA
NA,JAK1,NA
NA,ZC3H12B,NA
NA,SLC25A37,NA
NA,VWA5B1,NA
NA,CD200R1L,NA
NA,AC010132.3,NA
NA,ABCG2,NA
NA,POLR1F,NA
NA,SMC2,NA
NA,LYN,NA
NA,HOXB6,NA
NA,CHRNA7,NA
NA,CPLANE1,NA
NA,TFCP2L1,NA
NA,CCSER1,NA
NA,PDE11A,NA
NA,DST,NA
NA,ATXN7L3B,NA
NA,MSH5,NA
NA,PRDM2,NA
NA,LRRC3,NA
NA,ARHGAP31,NA
NA,EML6,NA
NA,NANOG,NA
NA,ST3GAL4,NA
NA,PCSK5,NA
NA,DEUP1,NA
NA,C1orf141,NA
NA,SPINT1,NA
NA,PRKCB,NA
NA,PCSK9,NA
NA,LIN28A,NA
NA,FYCO1,NA
NA,ABCC11,NA
NA,SAXO2,NA
NA,SOX13,NA
NA,UBXN7,NA
NA,IRX5,NA
NA,ASAH1,NA
NA,SBNO2,NA
NA,CFAP57,NA
NA,OOSP2,NA
NA,AFDN,NA
NA,ASB5,NA
NA,NTF3,NA
NA,TMEM132D,NA
NA,MTMR9,NA
NA,BSDC1,NA
NA,IFIT1,NA
NA,GLRA2,NA
NA,ASAP1,NA
NA,TRAPPC8,NA
NA,AFTPH,NA
NA,SYNE2,NA
NA,INPP5B,NA
NA,TUT4,NA
NA,CHRNB4,NA
NA,NSMAF,NA
NA,ASB7,NA
NA,MMP13,NA
NA,GFI1B,NA
NA,TMEM63C,NA
NA,ZFAND3,NA
NA,DCTN5,NA
NA,HUNK,NA
NA,BMS1,NA
NA,DMAC2L,NA
NA,PRUNE2,NA
NA,GRID1,NA
NA,ZNF292,NA
NA,CDH19,NA
NA,PER3,NA
NA,ALDH1L2,NA
NA,NEURL2,NA
NA,H4C14,NA
NA,UBAP1,NA
NA,CEP152,NA
NA,FUT6,NA
NA,PLA2R1,NA
NA,COL6A2,NA
NA,UGCG,NA
NA,HSF2,NA
NA,THEMIS,NA
NA,IL1A,NA
NA,CCDC68,NA
NA,PRKACG,NA
NA,CLK3,NA
NA,CDC23,NA
NA,PLPP7,NA
NA,SOWAHB,NA
NA,IRF2BP2,NA
NA,SLC39A3,NA
NA,ENDOV,NA
NA,GRK3,NA
NA,TRIM41,NA
NA,KCMF1,NA
NA,PVR,NA
NA,EPAS1,NA
NA,DDX1,NA
NA,TBC1D32,NA
NA,RGS7,NA
NA,C5orf51,NA
NA,SMARCB1,NA
NA,PPARA,NA
NA,RASGEF1C,NA
NA,RPS17,NA
NA,USHBP1,NA
NA,ARID4A,NA
NA,EIF5B,NA
NA,CEP192,NA
NA,MANEAL,NA
NA,IDE,NA
NA,CHAMP1,NA
NA,TTC26,NA
NA,FGL2,NA
NA,AHNAK2,NA
NA,KCNQ3,NA
NA,BMP2K,NA
NA,LAPTM4A,NA
NA,INTS3,NA
NA,APH1A,NA
NA,RFTN2,NA
NA,ZNF561,NA
NA,HOXC4,NA
NA,DLG3,NA
NA,ANKRD13D,NA
NA,MMGT1,NA
NA,TEX13D,NA
NA,AL358472.7,NA
NA,TNFRSF8,NA
NA,GABBR1,NA
NA,MRTFB,NA
NA,PROSER3,NA
NA,PTBP1,NA
NA,BDH1,NA
NA,CHCHD7,NA
NA,RXRA,NA
NA,THAP3,NA
NA,ZNF225,NA
NA,TRMT61A,NA
NA,ARHGEF40,NA
NA,LRRC18,NA
NA,ADD3,NA
NA,ERI3,NA
NA,PIGN,NA
NA,PLA2G6,NA
NA,RBM47,NA
NA,TRIM56,NA
NA,MCRS1,NA
NA,CERT1,NA
NA,LIF,NA
NA,PIGG,NA
NA,EGFL6,NA
NA,EIF4A1,NA
NA,PIK3CB,NA
NA,GLIPR1L2,NA
NA,OR1D2,NA
NA,SLAMF1,NA
NA,FGF2,NA
NA,DNAJC3,NA
NA,RCBTB1,NA
NA,TBL2,NA
NA,TM9SF3,NA
NA,EMC1,NA
NA,NDST3,NA
NA,HAND2,NA
NA,CFAP157,NA
NA,KIF13B,NA
NA,ASAH2B,NA
NA,AC105052.1,NA
NA,DRD3,NA
NA,ABHD14B,NA
NA,TMEM233,NA
NA,POSTN,NA
NA,TMEM217,NA
NA,RETREG3,NA
NA,OSBPL7,NA
NA,RNASE4,NA
NA,LYST,NA
NA,MAPK8,NA
NA,ERBB3,NA
NA,RASSF5,NA
NA,RSPRY1,NA
NA,JAK3,NA
NA,ADM,NA
NA,CEP170,NA
NA,NPM1,NA
NA,SLC22A18AS,NA
NA,PRAF2,NA
NA,AL035461.3,NA
NA,DLG2,NA
NA,ERVW-1,NA
NA,POLE4,NA
NA,HMG20A,NA
NA,SPTBN4,NA
NA,PAPSS2,NA
NA,BICD2,NA
NA,HCK,NA
NA,CAMK2B,NA
NA,SLC7A6,NA
NA,PPIG,NA
NA,DRAM1,NA
NA,ATAD1,NA
NA,SCN2B,NA
NA,C1orf52,NA
NA,HMGCS1,NA
NA,NAGS,NA
NA,SAE1,NA
NA,SLN,NA
NA,RTL10,NA
NA,MSANTD1,NA
NA,KCNMB2,NA
NA,DNAJC18,NA
NA,SEMA5A,NA
NA,KIF11,NA
NA,IQSEC3,NA
NA,IPMK,NA
NA,NLRP2B,NA
NA,HECA,NA
NA,LCMT2,NA
NA,RBMS2,NA
NA,ZNF442,NA
NA,MARVELD3,NA
NA,KANSL1L,NA
NA,DUSP5,NA
NA,OGFRL1,NA
NA,E2F3,NA
NA,CREBZF,NA
NA,C11orf86,NA
NA,NFYC,NA
NA,LCP1,NA
NA,COPS7A,NA
NA,ARHGAP27,NA
NA,AC078815.1,NA
NA,MAP1LC3A,NA
NA,HMSD,NA
NA,LRSAM1,NA
NA,SH2D2A,NA
NA,RGPD8,NA
NA,SLC35E4,NA
NA,KNOP1,NA
NA,HPS3,NA
NA,TMEM47,NA
NA,SNPH,NA
NA,TMEM35A,NA
NA,PFKM,NA
NA,POLI,NA
NA,NELL2,NA
NA,EIF2A,NA
NA,DOCK5,NA
NA,AC048338.2,NA
NA,IER5,NA
NA,ITPKB,NA
NA,BARHL2,NA
NA,PRSS37,NA
NA,GAREM2,NA
NA,RFX1,NA
NA,RPS27L,NA
NA,ARSI,NA
NA,ZMYND11,NA
NA,TEPSIN,NA
NA,ZNF626,NA
NA,EDA,NA
NA,KRT10,NA
NA,ZKSCAN1,NA
NA,TMEM184A,NA
NA,TIFAB,NA
NA,PPP6R3,NA
NA,POLR3E,NA
NA,CBX1,NA
NA,ZXDB,NA
NA,RNF19B,NA
NA,PAK4,NA
NA,LEP,NA
NA,CASTOR1,NA
NA,ZNF492,NA
NA,MR1,NA
NA,GPANK1,NA
NA,MTX3,NA
NA,RASSF8,NA
NA,ADGRG4,NA
NA,PYURF,NA
NA,GART,NA
NA,CHMP5,NA
NA,FYN,NA
NA,CMC2,NA
NA,CCL18,NA
NA,TBX3,NA
NA,HM13,NA
NA,SLC5A8,NA
NA,WTIP,NA
NA,DENND5B,NA
NA,MYO9A,NA
NA,FAM189B,NA
NA,DDX52,NA
NA,PFKL,NA
NA,SFTA3,NA
NA,TMEM199,NA
NA,ARHGEF28,NA
NA,C16orf89,NA
NA,SLC14A1,NA
NA,CCRL2,NA
NA,SEPTIN2,NA
NA,MUC6,NA
NA,PLEKHA2,NA
NA,CCL13,NA
NA,LEPROTL1,NA
NA,RAD21,NA
NA,PSME1,NA
NA,GGACT,NA
NA,ATF3,NA
NA,TRAM2,NA
NA,THAP12,NA
NA,CCNE2,NA
NA,SHISA2,NA
NA,NDUFA6,NA
NA,NDRG3,NA
NA,DOCK7,NA
NA,AQP4,NA
NA,HNRNPU,NA
NA,KIAA1191,NA
NA,XAGE1A,NA
NA,DIPK2A,NA
NA,PLXND1,NA
NA,CRHR1,NA
NA,RBSN,NA
NA,CFAP54,NA
NA,FRYL,NA
NA,SENP2,NA
NA,DENND4B,NA
NA,PVRIG,NA
NA,ZNF629,NA
NA,MARK3,NA
NA,ADAM28,NA
NA,CRP,NA
NA,AC010327.2,NA
NA,GPR39,NA
NA,SAR1B,NA
NA,DMRTC2,NA
NA,CHML,NA
NA,AC020909.1,NA
NA,SLC24A1,NA
NA,CDX1,NA
NA,NUP54,NA
NA,C8orf34,NA
NA,ZNF432,NA
NA,NPHP3,NA
NA,RUNX3,NA
NA,L3MBTL1,NA
NA,SLC2A13,NA
NA,DPP9,NA
NA,C10orf105,NA
NA,ARFRP1,NA
NA,AP2A2,NA
NA,ZDHHC19,NA
NA,RANBP6,NA
NA,CD22,NA
NA,RUNDC3B,NA
NA,OR52A5,NA
NA,DENND6A,NA
NA,CNTN1,NA
NA,RTKN2,NA
NA,RPL18A,NA
NA,SDSL,NA
NA,ENTPD1,NA
NA,ZNF716,NA
NA,RAMAC,NA
NA,VEZF1,NA
NA,RGPD5,NA
NA,DBH,NA
NA,PLS3,NA
NA,FOXRED2,NA
NA,CRLF2,NA
NA,SLC45A3,NA
NA,TMPRSS2,NA
NA,SNX21,NA
NA,FPR3,NA
NA,MYO5A,NA
NA,BCL9L,NA
NA,LRATD1,NA
NA,ZBTB24,NA
NA,RIPPLY3,NA
NA,TENT2,NA
NA,GBA,NA
NA,SIDT2,NA
NA,GIMAP8,NA
NA,CNR2,NA
NA,SMTNL2,NA
NA,HEG1,NA
NA,IPO13,NA
NA,GSTZ1,NA
NA,COL19A1,NA
NA,DOK6,NA
NA,DKK3,NA
NA,AC092718.3,NA
NA,YWHAZ,NA
NA,TRIQK,NA
NA,KCNK1,NA
NA,HAPLN3,NA
NA,TXN2,NA
NA,LZTS3,NA
NA,SNAPC2,NA
NA,MIDN,NA
NA,SELPLG,NA
NA,CA2,NA
NA,SF3A1,NA
NA,MMP15,NA
NA,NYAP2,NA
NA,FCGR3B,NA
NA,PIP4P1,NA
NA,TLR3,NA
NA,SYCP1,NA
NA,OTOF,NA
NA,DCLRE1C,NA
NA,ZNF511,NA
NA,ADCY5,NA
NA,CHAT,NA
NA,PCBP1,NA
NA,NUDT10,NA
NA,ST3GAL1,NA
NA,AZU1,NA
NA,ALDH3B2,NA
NA,MTMR10,NA
NA,HTR3B,NA
NA,PAM,NA
NA,ZNF705E,NA
NA,CCDC120,NA
NA,AKAP11,NA
NA,MSGN1,NA
NA,SPAG6,NA
NA,KEL,NA
NA,E2F5,NA
NA,SALL1,NA
NA,SCLT1,NA
NA,CLDN6,NA
NA,ZNF80,NA
NA,CBLL1,NA
NA,RAPH1,NA
NA,SLITRK4,NA
NA,C9orf57,NA
NA,TTBK2,NA
NA,TTLL9,NA
NA,NECTIN3,NA
NA,DERA,NA
NA,AL353579.1,NA
NA,VDAC1,NA
NA,ARID1B,NA
NA,ZC3H13,NA
NA,DDA1,NA
NA,TMCO6,NA
NA,UMPS,NA
NA,THRB,NA
NA,MRFAP1,NA
NA,PAPPA2,NA
NA,SLC1A4,NA
NA,OR2AG2,NA
NA,HS1BP3,NA
NA,UFL1,NA
NA,SLC36A2,NA
NA,H3-3A,NA
NA,RNF150,NA
NA,GIGYF2,NA
NA,ZBTB47,NA
NA,NCKAP5,NA
NA,GPSM3,NA
NA,NEURL1,NA
NA,TNK2,NA
NA,KCNJ16,NA
NA,TRNP1,NA
NA,EXOSC6,NA
NA,KIR2DL1,NA
NA,B3GAT3,NA
NA,TMEM150C,NA
NA,ADGRF2,NA
NA,LLGL2,NA
NA,PCNX4,NA
NA,CAB39L,NA
NA,LARP4B,NA
NA,TMEM41B,NA
NA,MAGEC1,NA
NA,HES6,NA
NA,IBA57,NA
NA,ATF7IP,NA
NA,ACSBG1,NA
NA,UCHL3,NA
NA,GDF7,NA
NA,HAO1,NA
NA,CAPZB,NA
NA,ZNF471,NA
NA,COBLL1,NA
NA,PCCA,NA
NA,F8A3,NA
NA,AHCY,NA
NA,AGPAT4,NA
NA,FUT1,NA
NA,DPYSL3,NA
NA,DAAM2,NA
NA,LALBA,NA
NA,MFAP4,NA
NA,BIRC3,NA
NA,PRRT4,NA
NA,RAB6A,NA
NA,KCNU1,NA
NA,LPCAT4,NA
NA,NKAPD1,NA
NA,SNAI2,NA
NA,MTFMT,NA
NA,TMEM168,NA
NA,RABL2A,NA
NA,PDE8B,NA
NA,PIK3R5,NA
NA,TBX19,NA
NA,C1orf158,NA
NA,ARMCX5-GPRASP2,NA
NA,RAP1GAP2,NA
NA,DARS1,NA
NA,HAS3,NA
NA,IFT81,NA
NA,SLC16A1,NA
NA,MLIP,NA
NA,RAB11A,NA
NA,TMEM236,NA
NA,GNPNAT1,NA
NA,TRAT1,NA
NA,LINC00672,NA
NA,TEX13B,NA
NA,MAPK1,NA
NA,VPS33A,NA
NA,PACSIN1,NA
NA,ESRRB,NA
NA,TPO,NA
NA,BAHCC1,NA
NA,ABRAXAS1,NA
NA,SLC34A2,NA
NA,LPAR1,NA
NA,ARNT2,NA
NA,BCL10,NA
NA,GET1,NA
NA,CLCN2,NA
NA,SETD5,NA
NA,STXBP5,NA
NA,MME,NA
NA,TPR,NA
NA,EML5,NA
NA,ACACA,NA
NA,EFNA1,NA
NA,LMBRD2,NA
NA,PANK2,NA
NA,KCNN2,NA
NA,CLDN2,NA
NA,FAM168B,NA
NA,ZNF235,NA
NA,BTK,NA
NA,CLDN1,NA
NA,MGAT5B,NA
NA,SLC44A2,NA
NA,WSB2,NA
NA,PPP2R5D,NA
NA,ARL6IP1,NA
NA,FAM110A,NA
NA,RNF157,NA
NA,ITIH5,NA
NA,SLC26A2,NA
NA,RPE,NA
NA,KLHL26,NA
NA,MAST4,NA
NA,MBP,NA
NA,HMBOX1,NA
NA,CUL4A,NA
NA,HACL1,NA
NA,PLEKHA7,NA
NA,FHL1,NA
NA,H2BC21,NA
NA,KIR3DL1,NA
NA,PHF20L1,NA
NA,MMP20,NA
NA,B3GNT7,NA
NA,ZNF7,NA
NA,MET,NA
NA,CRTC1,NA
NA,DAZL,NA
NA,PHF5A,NA
NA,RPS2,NA
NA,BBS7,NA
NA,MRPL50,NA
NA,GSTK1,NA
NA,HDHD2,NA
NA,TEAD3,NA
NA,CYLD,NA
NA,KCNT2,NA
NA,FAM76A,NA
NA,COA7,NA
NA,KCNAB3,NA
NA,SPRTN,NA
NA,CHRM1,NA
NA,FIP1L1,NA
NA,DNAAF4,NA
NA,ZNF154,NA
NA,TMEM108,NA
NA,AC104472.3,NA
NA,ZNF322,NA
NA,PRDM16,NA
NA,GRIA4,NA
NA,USP54,NA
NA,FCAR,NA
NA,GABRA1,NA
NA,TSKU,NA
NA,CORO7,NA
NA,PPHLN1,NA
NA,ZNF688,NA
NA,RGPD6,NA
NA,LARGE1,NA
NA,SI,NA
NA,CD33,NA
NA,CHDH,NA
NA,MEGF6,NA
NA,ZNF544,NA
NA,MARF1,NA
NA,NHLRC3,NA
NA,PTDSS1,NA
NA,SLC22A23,NA
NA,IFTAP,NA
NA,FZD2,NA
NA,SH3BGRL,NA
NA,CDC25C,NA
NA,ACSM2A,NA
NA,UEVLD,NA
NA,GLS,NA
NA,GLT1D1,NA
NA,GCM1,NA
NA,ZNF507,NA
NA,MOCOS,NA
NA,MYCBP2,NA
NA,AC124312.1,NA
NA,TLE1,NA
NA,RBM41,NA
NA,CCNH,NA
NA,RSPO3,NA
NA,MID1,NA
NA,ARC,NA
NA,PROSER2,NA
NA,HLA-DRA,NA
NA,U2SURP,NA
NA,HMBS,NA
NA,GTPBP8,NA
NA,CSPG4,NA
NA,SP5,NA
NA,SLAMF8,NA
NA,MALL,NA
NA,PARP8,NA
NA,SHTN1,NA
NA,PPP2R2D,NA
NA,ZNF681,NA
NA,GNB3,NA
NA,AC020765.6,NA
NA,THSD4,NA
NA,CDH15,NA
NA,PDE3A,NA
NA,PAQR5,NA
NA,XKR6,NA
NA,TMEM116,NA
NA,RNF39,NA
NA,MGLL,NA
NA,APOLD1,NA
NA,ROPN1B,NA
NA,SLC45A4,NA
NA,PPP6R1,NA
NA,EHD3,NA
NA,CCDC60,NA
NA,SIGMAR1,NA
NA,VPS26B,NA
NA,TTLL3,NA
NA,TNFRSF19,NA
NA,CAPN13,NA
NA,RFLNB,NA
NA,CHST1,NA
NA,KRT8,NA
NA,MEAF6,NA
NA,LUC7L,NA
NA,NKIRAS1,NA
NA,CCDC69,NA
NA,MYO6,NA
NA,ASCL1,NA
NA,EFNA4,NA
NA,WDR5,NA
NA,DUSP18,NA
NA,ANKDD1B,NA
NA,DZANK1,NA
NA,GC,NA
NA,ALDOB,NA
NA,DECR1,NA
NA,AC092042.3,NA
NA,PRUNE1,NA
NA,EXD3,NA
NA,TIMM50,NA
NA,PPIP5K1,NA
NA,SESN1,NA
NA,TAOK2,NA
NA,HSD17B11,NA
NA,SF3B3,NA
NA,ARHGAP40,NA
NA,ERCC6,NA
NA,OR52A1,NA
NA,FETUB,NA
NA,SLC38A3,NA
NA,USP26,NA
NA,VSX2,NA
NA,BRS3,NA
NA,USP7,NA
NA,GAPT,NA
NA,RAB40C,NA
NA,SUSD2,NA
NA,KLK1,NA
NA,UBE2M,NA
NA,HPS1,NA
NA,PNISR,NA
NA,AC012309.1,NA
NA,BRD1,NA
NA,EIF5A,NA
NA,OR10D3,NA
NA,TUBGCP4,NA
NA,NTSR2,NA
NA,TMTC1,NA
NA,GFOD1,NA
NA,EAF1,NA
NA,FAM151B,NA
NA,YWHAQ,NA
NA,DYRK4,NA
NA,ZMYND8,NA
NA,TMEM38B,NA
NA,PIK3R6,NA
NA,CEACAM3,NA
NA,PLXNB1,NA
NA,RIOK2,NA
NA,ARL2-SNX15,NA
NA,HNRNPF,NA
NA,STC2,NA
NA,TC2N,NA
NA,EIF4E3,NA
NA,PER1,NA
NA,ISM1,NA
NA,SSBP3,NA
NA,VWA2,NA
NA,VWA3B,NA
NA,SEC22A,NA
NA,KANSL2,NA
NA,VPS13C,NA
NA,OPA1,NA
NA,SULT1B1,NA
NA,ASB4,NA
NA,TIMM10B,NA
NA,ADCY9,NA
NA,CERS6,NA
NA,MAP7D2,NA
NA,REEP5,NA
NA,RNASEH1,NA
NA,ZNF254,NA
NA,KRTAP7-1,NA
NA,TNPO2,NA
NA,TEX26,NA
NA,LETM1,NA
NA,ZNF549,NA
NA,HDGFL1,NA
NA,KLHL32,NA
NA,RASD2,NA
NA,RTL6,NA
NA,ADGRG5,NA
NA,SEPHS1,NA
NA,NXPE3,NA
NA,RANBP3L,NA
NA,SLFN5,NA
NA,TOR1A,NA
NA,PRPS2,NA
NA,HDAC11,NA
NA,BAG1,NA
NA,RARA,NA
NA,RNF123,NA
NA,PNN,NA
NA,SCP2,NA
NA,ACER3,NA
NA,UROS,NA
NA,UPF1,NA
NA,HMGA2,NA
NA,BDNF,NA
NA,ARID5B,NA
NA,ZNF385A,NA
NA,MESP1,NA
NA,PUS10,NA
NA,ZNF385B,NA
NA,HRNR,NA
NA,PKHD1L1,NA
NA,OGFOD3,NA
NA,TNFSF15,NA
NA,GNG4,NA
NA,CDSN,NA
NA,CALD1,NA
NA,IFNAR2,NA
NA,ZNF705A,NA
NA,TSC2,NA
NA,AL157392.5,NA
NA,IL31RA,NA
NA,NAPG,NA
NA,TMEM30A,NA
NA,SIX5,NA
NA,C1QTNF3-AMACR,NA
NA,CEP70,NA
NA,PABPC4L,NA
NA,LENEP,NA
NA,CA8,NA
NA,KCNJ9,NA
NA,ZNF747,NA
NA,TFDP1,NA
NA,GKN2,NA
NA,CUL2,NA
NA,SGCA,NA
NA,WNT9B,NA
NA,TMEM255A,NA
NA,FCGRT,NA
NA,TEDDM1,NA
NA,ATP6V0A1,NA
NA,BBS4,NA
NA,SPC25,NA
NA,FXYD6,NA
NA,SLC25A17,NA
NA,MYOZ1,NA
NA,TPRX1,NA
NA,ARMCX5,NA
NA,MYO16,NA
NA,NIPSNAP3A,NA
NA,GRINA,NA
NA,ACYP2,NA
NA,PPTC7,NA
NA,CRYL1,NA
NA,OR52I1,NA
NA,ZFAND2B,NA
NA,ERLIN1,NA
NA,SRRM2,NA
NA,TMPRSS7,NA
NA,SNAP25,NA
NA,EOMES,NA
NA,DCTD,NA
NA,FOXO3B,NA
NA,TRAF3IP2,NA
NA,CCNY,NA
NA,NDUFS2,NA
NA,KIF3C,NA
NA,KIAA1217,NA
NA,ATOH1,NA
NA,NRGN,NA
NA,CYP7B1,NA
NA,SH3GL2,NA
NA,MPRIP,NA
NA,LTN1,NA
NA,ZBED4,NA
NA,COTL1,NA
NA,SYT2,NA
NA,KCNA7,NA
NA,ACTN2,NA
NA,MLXIPL,NA
NA,AL353588.1,NA
NA,WWP2,NA
NA,CLEC10A,NA
NA,COL5A3,NA
NA,CDH18,NA
NA,ZNF441,NA
NA,COX19,NA
NA,DNAJC5B,NA
NA,PRR18,NA
NA,NMNAT1,NA
NA,APCDD1,NA
NA,AL031777.2,NA
NA,RETSAT,NA
NA,TGIF2,NA
NA,NKAP,NA
NA,ADAMTS2,NA
NA,RAD18,NA
NA,MARCHF8,NA
NA,GRM5,NA
NA,ERG,NA
NA,HUWE1,NA
NA,C8orf74,NA
NA,MITF,NA
NA,SIMC1,NA
NA,LRP4,NA
NA,HSPA4L,NA
NA,LRRC9,NA
NA,ARRDC3,NA
